SITECODE,HABITAT_CODE,ID_IND,TYP_IND,LIM_IND,ZDROJ,rowname
CZ0110040,6190,ROZLOHA,min,2.25,VMB2,1
CZ0110040,6210,ROZLOHA,min,2.04,VMB2,2
CZ0110040,9170,ROZLOHA,min,29.85,VMB2,3
CZ0110040,9180,ROZLOHA,min,12.01,VMB2,4
CZ0110049,4030,ROZLOHA,min,1.46,VMB2,5
CZ0110050,6110,ROZLOHA,min,0.16,VMB2,6
CZ0110050,6190,ROZLOHA,min,17.37,VMB2,7
CZ0110050,6210,ROZLOHA,min,22.49,VMB2,8
CZ0110050,9180,ROZLOHA,min,14.41,VMB2,9
CZ0110142,6410,ROZLOHA,min,1.45,VMB2,10
CZ0110142,9170,ROZLOHA,min,29.3,VMB2,11
CZ0110142,9190,ROZLOHA,min,88.36,VMB2,12
CZ0110154,40A0,ROZLOHA,min,5.05,VMB2,13
CZ0110154,6190,ROZLOHA,min,8.44,VMB2,14
CZ0110154,6210,ROZLOHA,min,4.24,VMB2,15
CZ0110154,8220,ROZLOHA,min,3.23,VMB2,16
CZ0110154,8230,ROZLOHA,min,2.48,VMB2,17
CZ0114001,6190,ROZLOHA,min,2.1,VMB2,18
CZ0114001,6210,ROZLOHA,min,5.65,VMB2,19
CZ0114001,9170,ROZLOHA,min,49.64,VMB2,20
CZ0114001,9180,ROZLOHA,min,8,MINIMI,21
CZ0114001,91H0,ROZLOHA,min,11.03,VMB2,22
CZ0210003,7140,ROZLOHA,min,2.71,VMB2,23
CZ0210008,7230,ROZLOHA,min,0.71,SDF,24
CZ0210008,91F0,ROZLOHA,min,31.65,VMB2,25
CZ0210010,6210,ROZLOHA,min,9.82,SDF,26
CZ0210010,9170,ROZLOHA,min,57.53,SDF,27
CZ0210010,91I0,ROZLOHA,min,15,MINIMI,28
CZ0210011,5130,ROZLOHA,min,1.35,MINIMI,29
CZ0210011,6210,ROZLOHA,min,2.27,VMB2,30
CZ0210011,9170,ROZLOHA,min,11.98,VMB2,31
CZ0210022,6210,ROZLOHA,min,2.21,SDF,32
CZ0210022,9170,ROZLOHA,min,119.59,SDF,33
CZ0210022,9190,ROZLOHA,min,23.55,SDF,34
CZ0210023,6510,ROZLOHA,min,4.46,VMB2,35
CZ0210027,3130,ROZLOHA,min,0.34,SDF,36
CZ0210027,9110,ROZLOHA,min,175.33,VMB2,37
CZ0210027,9130,ROZLOHA,min,25.84,VMB2,38
CZ0210028,6190,ROZLOHA,min,0.65,SDF,39
CZ0210028,9130,ROZLOHA,min,100.39,SDF,40
CZ0210028,9180,ROZLOHA,min,30.07,VMB2,41
CZ0210029,6210,ROZLOHA,min,10.11,VMB2,42
CZ0210034,7210,ROZLOHA,min,2.36,VMB2,43
CZ0210043,9110,ROZLOHA,min,35.06,VMB2,44
CZ0210043,9180,ROZLOHA,min,34.17,VMB2,45
CZ0210044,6210,ROZLOHA,min,0.4,VMB2,46
CZ0210044,6210p,ROZLOHA,min,1.25,VMB2,47
CZ0210044,8230,ROZLOHA,min,0.09,SDF,48
CZ0210047,8220,ROZLOHA,min,4.98,VMB2,49
CZ0210047,9110,ROZLOHA,min,60.65,VMB2,50
CZ0210047,9180,ROZLOHA,min,6.97,VMB2,51
CZ0210053,4030,ROZLOHA,min,0.62,VMB2,52
CZ0210053,6190,ROZLOHA,min,4.68,SDF,53
CZ0210053,8150,ROZLOHA,min,0.39,VMB2,54
CZ0210053,8220,ROZLOHA,min,13.69,VMB2,55
CZ0210053,9170,ROZLOHA,min,53.16,VMB2,56
CZ0210053,9180,ROZLOHA,min,77.18,VMB2,57
CZ0210054,4030,ROZLOHA,min,93.1,VMB2,58
CZ0210054,7110,ROZLOHA,min,15.08,VMB2,59
CZ0210054,7140,ROZLOHA,min,21.48,VMB2,60
CZ0210054,8220,ROZLOHA,min,0.36,VMB2,61
CZ0210056,6410,ROZLOHA,min,3.84,SDF,62
CZ0210056,6430,ROZLOHA,min,2.04,SDF,63
CZ0210056,6510,ROZLOHA,min,2.52,VMB2,64
CZ0210058,6230,ROZLOHA,min,3,MINIMI,65
CZ0210058,6410,ROZLOHA,min,6.57,SDF,66
CZ0210058,6430,ROZLOHA,min,2,MINIMI,67
CZ0210058,6510,ROZLOHA,min,3.58,VMB2,68
CZ0210062,6230,ROZLOHA,min,3,MINIMI,69
CZ0210062,6410,ROZLOHA,min,4.38,VMB2,70
CZ0210062,6430,ROZLOHA,min,2,MINIMI,71
CZ0210062,6510,ROZLOHA,min,22.69,VMB2,72
CZ0210064,2330,ROZLOHA,min,0.59,VMB2,73
CZ0210066,6210,ROZLOHA,min,7.77,SDF,74
CZ0210100,7220,ROZLOHA,min,0.15,VMB2,75
CZ0210100,9150,ROZLOHA,min,48.04,VMB2,76
CZ0210100,9.10E+01,ROZLOHA,min,5.71,VMB2,77
CZ0210101,3130,ROZLOHA,min,1.08,SDF,78
CZ0210101,3150,ROZLOHA,min,2.57,SDF,79
CZ0210101,6410,ROZLOHA,min,42.07,SDF,80
CZ0210101,6510,ROZLOHA,min,38.9,VMB2,81
CZ0210101,7230,ROZLOHA,min,0.71,VMB2,82
CZ0210101,9170,ROZLOHA,min,2311.07,VMB2,83
CZ0210101,9190,ROZLOHA,min,312.83,VMB2,84
CZ0210101,9.10E+01,ROZLOHA,min,11.11,VMB2,85
CZ0210101,91H0,ROZLOHA,min,42.39,SDF,86
CZ0210101,91I0,ROZLOHA,min,13.69,VMB2,87
CZ0210105,7220,ROZLOHA,min,0.5,SDF,88
CZ0210105,9130,ROZLOHA,min,94.8,VMB2,89
CZ0210105,9150,ROZLOHA,min,9.1,VMB2,90
CZ0210105,9180,ROZLOHA,min,12.97,VMB2,91
CZ0210107,9150,ROZLOHA,min,6.8,VMB2,92
CZ0210107,9180,ROZLOHA,min,6.42,VMB2,93
CZ0210107,91I0,ROZLOHA,min,12.74,VMB2,94
CZ0210109,6210,ROZLOHA,min,22.75,VMB2,95
CZ0210109,6410,ROZLOHA,min,9.18,VMB2,96
CZ0210109,9170,ROZLOHA,min,88.41,VMB2,97
CZ0210111,6210,ROZLOHA,min,1.12,SDF,98
CZ0210111,91U0,ROZLOHA,min,15.83,VMB2,99
CZ0210113,6410,ROZLOHA,min,2.91,VMB2,100
CZ0210113,6510,ROZLOHA,min,11.26,VMB2,101
CZ0210113,7230,ROZLOHA,min,2.7,VMB2,102
CZ0210114,2330,ROZLOHA,min,4.68,VMB2,103
CZ0210114,4030,ROZLOHA,min,2.8,VMB2,104
CZ0210114,6210,ROZLOHA,min,17.3,VMB2,105
CZ0210114,8210,ROZLOHA,min,0.37,VMB2,106
CZ0210118,3140,ROZLOHA,min,NA,NA,107
CZ0210118,6430,ROZLOHA,min,2,MINIMI,108
CZ0210118,7230,ROZLOHA,min,0.79,VMB2,109
CZ0210150,7220,ROZLOHA,min,0.68,VMB2,110
CZ0210150,9170,ROZLOHA,min,50.32,VMB2,111
CZ0210152,2330,ROZLOHA,min,0.5,MINIMI,112
CZ0210152,3150,ROZLOHA,min,30.63,SDF,113
CZ0210152,6410,ROZLOHA,min,4.9,SDF,114
CZ0210152,6430,ROZLOHA,min,2.92,VMB2,115
CZ0210152,6440,ROZLOHA,min,26.62,SDF,116
CZ0210152,6510,ROZLOHA,min,48.26,SDF,117
CZ0210152,7210,ROZLOHA,min,0.73,SDF,118
CZ0210152,7230,ROZLOHA,min,0.23,SDF,119
CZ0210152,9.10E+01,ROZLOHA,min,8,MINIMI,120
CZ0210152,91F0,ROZLOHA,min,117.23,VMB2,121
CZ0210153,40A0,ROZLOHA,min,0.27,VMB2,122
CZ0210153,6190,ROZLOHA,min,2.56,VMB2,123
CZ0210153,8220,ROZLOHA,min,1.95,VMB2,124
CZ0210153,9170,ROZLOHA,min,13.24,VMB2,125
CZ0210153,9180,ROZLOHA,min,11.1,VMB2,126
CZ0210172,3140,ROZLOHA,min,NA,NA,127
CZ0210172,6210,ROZLOHA,min,2.89,SDF,128
CZ0210172,6410,ROZLOHA,min,5.4,SDF,129
CZ0210172,7210,ROZLOHA,min,0.5,MINIMI,130
CZ0210172,7230,ROZLOHA,min,8.16,SDF,131
CZ0210173,1340,ROZLOHA,min,0.72,VMB2,132
CZ0210175,9170,ROZLOHA,min,480.7,VMB2,133
CZ0210175,9190,ROZLOHA,min,200.89,SDF,134
CZ0210175,91I0,ROZLOHA,min,16.23,SDF,135
CZ0210186,3150,ROZLOHA,min,13.36,VMB2,136
CZ0210186,6430,ROZLOHA,min,1.6,VMB2,137
CZ0210186,6440,ROZLOHA,min,48.91,VMB2,138
CZ0210186,6510,ROZLOHA,min,41.16,VMB2,139
CZ0210186,9.10E+01,ROZLOHA,min,17.62,VMB2,140
CZ0210186,91F0,ROZLOHA,min,484.4,VMB2,141
CZ0210409,6190,ROZLOHA,min,0.5,MINIMI,142
CZ0210409,8160,ROZLOHA,min,0.2,MINIMI,143
CZ0210409,9170,ROZLOHA,min,10.79,SDF,144
CZ0210409,9180,ROZLOHA,min,8,MINIMI,145
CZ0210409,91H0,ROZLOHA,min,7.47,VMB2,146
CZ0210421,9170,ROZLOHA,min,104.04,VMB2,147
CZ0210421,91H0,ROZLOHA,min,5.89,VMB2,148
CZ0210704,40A0,ROZLOHA,min,0.21,VMB2,149
CZ0210704,6190,ROZLOHA,min,1.07,VMB2,150
CZ0210708,40A0,ROZLOHA,min,0.19,VMB2,151
CZ0210708,6190,ROZLOHA,min,1.52,VMB2,152
CZ0210708,8160,ROZLOHA,min,0.18,VMB2,153
CZ0210708,9130,ROZLOHA,min,27.79,VMB2,154
CZ0210708,9170,ROZLOHA,min,20.71,VMB2,155
CZ0210708,9180,ROZLOHA,min,29.86,VMB2,156
CZ0210713,6210,ROZLOHA,min,7.48,VMB2,157
CZ0210713,6510,ROZLOHA,min,4.19,VMB2,158
CZ0210714,3150,ROZLOHA,min,9.85,VMB2,159
CZ0210714,9.10E+01,ROZLOHA,min,8,MINIMI,160
CZ0210714,91F0,ROZLOHA,min,21.73,VMB2,161
CZ0210719,7220,ROZLOHA,min,0.38,VMB2,162
CZ0210720,3140,ROZLOHA,min,NA,NA,163
CZ0210720,7230,ROZLOHA,min,0.66,VMB2,164
CZ0210721,7220,ROZLOHA,min,0.34,VMB2,165
CZ0210726,91U0,ROZLOHA,min,3.13,VMB2,166
CZ0210729,4030,ROZLOHA,min,1.09,VMB2,167
CZ0210729,6110,ROZLOHA,min,0.47,VMB2,168
CZ0210729,6190,ROZLOHA,min,4.21,VMB2,169
CZ0210729,6210,ROZLOHA,min,1.29,VMB2,170
CZ0210729,8220,ROZLOHA,min,0.95,VMB2,171
CZ0210729,8230,ROZLOHA,min,0.95,VMB2,172
CZ0210730,2330,ROZLOHA,min,0.12,VMB2,173
CZ0210731,7140,ROZLOHA,min,2,MINIMI,174
CZ0210732,6230,ROZLOHA,min,1.66,VMB2,175
CZ0210732,7140,ROZLOHA,min,0.59,VMB2,176
CZ0210733,2330,ROZLOHA,min,0.5,MINIMI,177
CZ0210733,4030,ROZLOHA,min,0.89,VMB2,178
CZ0210734,5130,ROZLOHA,min,1.05,VMB2,179
CZ0212001,3130,ROZLOHA,min,1.18,SDF,180
CZ0212019,7220,ROZLOHA,min,2.76,VMB2,181
CZ0212019,7230,ROZLOHA,min,0.84,VMB2,182
CZ0212019,9150,ROZLOHA,min,14.18,SDF,183
CZ0212019,9190,ROZLOHA,min,17.23,VMB2,184
CZ0212019,9.10E+01,ROZLOHA,min,5.3,SDF,185
CZ0212020,7140,ROZLOHA,min,2,MINIMI,186
CZ0212020,7230,ROZLOHA,min,0.27,VMB2,187
CZ0212021,6410,ROZLOHA,min,4.96,VMB2,188
CZ0212023,2330,ROZLOHA,min,0.32,VMB2,189
CZ0213009,3260,ROZLOHA,min,9.33,SDF,190
CZ0213039,3150,ROZLOHA,min,3.32,SDF,191
CZ0213047,3140,ROZLOHA,min,1.25,SDF,192
CZ0213065,40A0,ROZLOHA,min,0.39,VMB2,193
CZ0213065,6190,ROZLOHA,min,0.67,VMB2,194
CZ0213065,6210,ROZLOHA,min,2,MINIMI,195
CZ0213802,40A0,ROZLOHA,min,0.61,SDF,196
CZ0213802,6190,ROZLOHA,min,1.14,SDF,197
CZ0213802,8220,ROZLOHA,min,0.45,VMB2,198
CZ0213802,9170,ROZLOHA,min,40.04,SDF,199
CZ0213802,9180,ROZLOHA,min,8.08,SDF,200
CZ0214002,40A0,ROZLOHA,min,0.06,MINIMI,201
CZ0214002,6210,ROZLOHA,min,3.37,SDF,202
CZ0214002,6210p,ROZLOHA,min,0.67,VMB2,203
CZ0214002,6510,ROZLOHA,min,6.43,SDF,204
CZ0214002,7220,ROZLOHA,min,0.27,VMB2,205
CZ0214002,8160,ROZLOHA,min,0.02,MINIMI,206
CZ0214002,8210,ROZLOHA,min,0.4,VMB2,207
CZ0214002,8230,ROZLOHA,min,2.8,VMB2,208
CZ0214002,8310,ROZLOHA,min,0.01,N/A,209
CZ0214002,9130,ROZLOHA,min,24.6,VMB2,210
CZ0214002,9150,ROZLOHA,min,8.91,MINIMI,211
CZ0214002,9170,ROZLOHA,min,214.8,VMB2,212
CZ0214002,9180,ROZLOHA,min,15.97,VMB2,213
CZ0214002,91H0,ROZLOHA,min,31.67,VMB2,214
CZ0214002,91I0,ROZLOHA,min,14.16,SDF,215
CZ0214003,5130,ROZLOHA,min,2.6,VMB2,216
CZ0214003,6110,ROZLOHA,min,0.08,VMB2,217
CZ0214003,6210,ROZLOHA,min,14.62,VMB2,218
CZ0214003,8310,ROZLOHA,min,0.01,N/A,219
CZ0214003,9170,ROZLOHA,min,48.14,VMB2,220
CZ0214004,2330,ROZLOHA,min,0.59,SDF,221
CZ0214004,6510,ROZLOHA,min,38.1,VMB2,222
CZ0214004,9170,ROZLOHA,min,79.54,SDF,223
CZ0214004,9190,ROZLOHA,min,7.83,SDF,224
CZ0214005,6410,ROZLOHA,min,9.61,VMB2,225
CZ0214005,6430,ROZLOHA,min,5.97,SDF,226
CZ0214005,6510,ROZLOHA,min,6.7,VMB2,227
CZ0214005,9170,ROZLOHA,min,41.38,VMB2,228
CZ0214005,9180,ROZLOHA,min,5.46,VMB2,229
CZ0214005,9.10E+01,ROZLOHA,min,12.83,VMB2,230
CZ0214006,2330,ROZLOHA,min,1.5,EXPERT,231
CZ0214006,4030,ROZLOHA,min,16.87,SDF,232
CZ0214006,6210,ROZLOHA,min,377.51,VMB2,233
CZ0214006,6510,ROZLOHA,min,3,MINIMI,234
CZ0214006,9170,ROZLOHA,min,66.58,SDF,235
CZ0214006,9190,ROZLOHA,min,27.89,VMB3,236
CZ0214007,3150,ROZLOHA,min,10.58,VMB2,237
CZ0214007,6440,ROZLOHA,min,6.37,SDF,238
CZ0214007,6510,ROZLOHA,min,32.45,VMB2,239
CZ0214007,7230,ROZLOHA,min,0.27,MINIMI,240
CZ0214007,9170,ROZLOHA,min,71.03,VMB2,241
CZ0214007,9.10E+01,ROZLOHA,min,7.87,VMB2,242
CZ0214007,91F0,ROZLOHA,min,110.89,VMB2,243
CZ0214008,3150,ROZLOHA,min,11.22,SDF,244
CZ0214008,8150,ROZLOHA,min,4.41,SDF,245
CZ0214008,8230,ROZLOHA,min,4.25,VMB2,246
CZ0214008,9110,ROZLOHA,min,168.12,VMB2,247
CZ0214008,9130,ROZLOHA,min,547.08,SDF,248
CZ0214008,9170,ROZLOHA,min,459.75,VMB2,249
CZ0214008,9180,ROZLOHA,min,271.12,VMB2,250
CZ0214008,9190,ROZLOHA,min,80.23,VMB2,251
CZ0214009,3150,ROZLOHA,min,24.6,VMB2,252
CZ0214009,6430,ROZLOHA,min,2,MINIMI,253
CZ0214009,6440,ROZLOHA,min,31.6,SDF,254
CZ0214009,6510,ROZLOHA,min,96.84,SDF,255
CZ0214009,91F0,ROZLOHA,min,801.22,VMB2,256
CZ0214011,40A0,ROZLOHA,min,2.04,SDF,257
CZ0214011,6190,ROZLOHA,min,1.7,VMB2,258
CZ0214011,6510,ROZLOHA,min,12.03,VMB2,259
CZ0214011,8150,ROZLOHA,min,6.71,VMB2,260
CZ0214011,8220,ROZLOHA,min,5.2,VMB2,261
CZ0214011,9110,ROZLOHA,min,86.62,VMB2,262
CZ0214011,9130,ROZLOHA,min,328.62,VMB2,263
CZ0214011,9170,ROZLOHA,min,206.11,VMB2,264
CZ0214011,9180,ROZLOHA,min,228.26,VMB2,265
CZ0214011,9.10E+01,ROZLOHA,min,16.66,VMB2,266
CZ0214012,8310,ROZLOHA,min,0.01,N/A,267
CZ0214013,3140,ROZLOHA,min,0.38,N/A,268
CZ0214013,3150,ROZLOHA,min,21.04,SDF,269
CZ0214013,6210,ROZLOHA,min,21.07,SDF,270
CZ0214013,6410,ROZLOHA,min,2.94,VMB2,271
CZ0214013,6430,ROZLOHA,min,68.23,VMB2,272
CZ0214013,6510,ROZLOHA,min,112.17,VMB2,273
CZ0214013,7210,ROZLOHA,min,0.62,VMB2,274
CZ0214013,7230,ROZLOHA,min,4.58,SDF,275
CZ0214013,8220,ROZLOHA,min,20.32,VMB2,276
CZ0214013,8230,ROZLOHA,min,2.37,SDF,277
CZ0214013,8310,ROZLOHA,min,0.01,N/A,278
CZ0214013,9110,ROZLOHA,min,908.97,VMB2,279
CZ0214013,9.10E+01,ROZLOHA,min,57.79,VMB2,280
CZ0214014,3130,ROZLOHA,min,1.97,VMB2,281
CZ0214014,3150,ROZLOHA,min,2.82,VMB2,282
CZ0214014,7140,ROZLOHA,min,0.1,EXPERT,283
CZ0214015,8150,ROZLOHA,min,0.1,VMB2,284
CZ0214015,8220,ROZLOHA,min,1.95,VMB2,285
CZ0214015,9130,ROZLOHA,min,29.5,VMB2,286
CZ0214015,9170,ROZLOHA,min,165.14,VMB2,287
CZ0214015,9180,ROZLOHA,min,56.36,VMB2,288
CZ0214015,9.10E+01,ROZLOHA,min,15.93,VMB2,289
CZ0214015,91I0,ROZLOHA,min,8.69,VMB2,290
CZ0214017,3260,ROZLOHA,min,3.59,VMB2,291
CZ0214017,3270,ROZLOHA,min,0.49,VMB2,292
CZ0214017,40A0,ROZLOHA,min,1.75,VMB2,293
CZ0214017,5130,ROZLOHA,min,6.25,VMB2,294
CZ0214017,6110,ROZLOHA,min,3.03,VMB2,295
CZ0214017,6190,ROZLOHA,min,29.81,VMB2,296
CZ0214017,6210,ROZLOHA,min,83.03,VMB2,297
CZ0214017,6210p,ROZLOHA,min,4.55,VMB2,298
CZ0214017,7220,ROZLOHA,min,0.25,VMB2,299
CZ0214017,8160,ROZLOHA,min,0.25,VMB2,300
CZ0214017,8210,ROZLOHA,min,9.13,VMB2,301
CZ0214017,8310,ROZLOHA,min,0,N/A,302
CZ0214017,9150,ROZLOHA,min,166.74,VMB2,303
CZ0214017,9170,ROZLOHA,min,1062.28,VMB2,304
CZ0214017,9180,ROZLOHA,min,142.88,VMB2,305
CZ0214017,91H0,ROZLOHA,min,286.51,VMB2,306
CZ0214017,91I0,ROZLOHA,min,71.16,SDF,307
CZ0214025,8310,ROZLOHA,min,0.01,N/A,308
CZ0214037,6110,ROZLOHA,min,0.28,SDF,309
CZ0214037,6190,ROZLOHA,min,3.51,SDF,310
CZ0214037,6210,ROZLOHA,min,2.69,VMB2,311
CZ0214037,8310,ROZLOHA,min,0.01,N/A,312
CZ0214041,6410,ROZLOHA,min,50.67,VMB2,313
CZ0214041,6430,ROZLOHA,min,5.87,SDF,314
CZ0214041,6510,ROZLOHA,min,16.96,VMB2,315
CZ0214041,9.10E+01,ROZLOHA,min,18.41,VMB2,316
CZ0214042,3150,ROZLOHA,min,1.82,SDF,317
CZ0214042,4030,ROZLOHA,min,5.04,VMB2,318
CZ0214042,6230,ROZLOHA,min,48.94,VMB2,319
CZ0214042,6410,ROZLOHA,min,82.28,VMB2,320
CZ0214042,6430,ROZLOHA,min,8.46,VMB2,321
CZ0214042,6510,ROZLOHA,min,34.96,VMB2,322
CZ0214042,7140,ROZLOHA,min,13.85,VMB2,323
CZ0214042,8220,ROZLOHA,min,1.22,VMB2,324
CZ0214042,9110,ROZLOHA,min,36.65,VMB2,325
CZ0214042,9130,ROZLOHA,min,30.01,VMB2,326
CZ0214042,91D0,ROZLOHA,min,12.56,VMB2,327
CZ0214042,9410,ROZLOHA,min,102.57,VMB2,328
CZ0214043,6410,ROZLOHA,min,2.44,VMB2,329
CZ0214043,7230,ROZLOHA,min,0.25,SDF,330
CZ0214044,6410,ROZLOHA,min,9.39,SDF,331
CZ0214044,6510,ROZLOHA,min,5.75,SDF,332
CZ0214044,9170,ROZLOHA,min,54.2,SDF,333
CZ0214044,9190,ROZLOHA,min,77.26,VMB2,334
CZ0214045,3150,ROZLOHA,min,2.63,SDF,335
CZ0214045,7140,ROZLOHA,min,0.8,VMB2,336
CZ0214045,9.10E+01,ROZLOHA,min,21.54,VMB2,337
CZ0214046,3130,ROZLOHA,min,1.13,SDF,338
CZ0214047,4030,ROZLOHA,min,13.32,SDF,339
CZ0214047,7140,ROZLOHA,min,7.44,SDF,340
CZ0214047,91D0,ROZLOHA,min,11.58,VMB2,341
CZ0214049,2330,ROZLOHA,min,0.17,VMB2,342
CZ0214050,3150,ROZLOHA,min,6.14,VMB2,343
CZ0214050,6210,ROZLOHA,min,37.97,VMB2,344
CZ0214050,6210p,ROZLOHA,min,2.99,VMB2,345
CZ0214050,6410,ROZLOHA,min,12.1,SDF,346
CZ0214050,6440,ROZLOHA,min,3.56,VMB2,347
CZ0214050,6510,ROZLOHA,min,25.67,VMB2,348
CZ0214050,7230,ROZLOHA,min,8.07,VMB2,349
CZ0214050,91H0,ROZLOHA,min,32.45,VMB2,350
CZ0214050,91I0,ROZLOHA,min,51.4,VMB2,351
CZ0310001,9110,ROZLOHA,min,189.19,VMB2,352
CZ0310001,9130,ROZLOHA,min,28.6,VMB2,353
CZ0310008,3150,ROZLOHA,min,1.13,VMB2,354
CZ0310009,3150,ROZLOHA,min,1.22,SDF,355
CZ0310010,6410,ROZLOHA,min,22.87,VMB2,356
CZ0310014,9110,ROZLOHA,min,34.14,VMB2,357
CZ0310014,9130,ROZLOHA,min,65.7,VMB2,358
CZ0310014,9180,ROZLOHA,min,5.42,SDF,359
CZ0310017,3150,ROZLOHA,min,10.48,VMB2,360
CZ0310017,6430,ROZLOHA,min,7,VMB2,361
CZ0310017,7120,ROZLOHA,min,6.89,VMB2,362
CZ0310017,7140,ROZLOHA,min,6.08,VMB2,363
CZ0310017,91D0,ROZLOHA,min,63.75,VMB2,364
CZ0310017,9.10E+01,ROZLOHA,min,13.6,VMB2,365
CZ0310017,9410,ROZLOHA,min,160.68,VMB2,366
CZ0310019,3130,ROZLOHA,min,3.51,SDF,367
CZ0310019,3150,ROZLOHA,min,16.34,SDF,368
CZ0310020,9110,ROZLOHA,min,263,EXPERT,369
CZ0310022,8220,ROZLOHA,min,0.84,VMB2,370
CZ0310032,3260,ROZLOHA,min,1.75,SDF,371
CZ0310032,8220,ROZLOHA,min,3.51,VMB2,372
CZ0310033,8220,ROZLOHA,min,3.34,VMB2,373
CZ0310033,9170,ROZLOHA,min,56.86,VMB2,374
CZ0310033,9180,ROZLOHA,min,26.61,VMB2,375
CZ0310035,3150,ROZLOHA,min,0.84,VMB2,376
CZ0310035,3260,ROZLOHA,min,26.26,VMB2,377
CZ0310057,6230,ROZLOHA,min,9.55,VMB2,378
CZ0310057,7110,ROZLOHA,min,8.1,VMB2,379
CZ0310057,7140,ROZLOHA,min,10.02,VMB2,380
CZ0310057,91D0,ROZLOHA,min,42.03,VMB2,381
CZ0310057,9410,ROZLOHA,min,41.24,VMB2,382
CZ0310063,6110,ROZLOHA,min,0.06,EXPERT,383
CZ0310067,91U0,ROZLOHA,min,16.1,SDF,384
CZ0310070,5130,ROZLOHA,min,3.9,EXPERT,385
CZ0310073,3130,ROZLOHA,min,0.79,EXPERT,386
CZ0310074,3130,ROZLOHA,min,3.16,SDF,387
CZ0310074,3150,ROZLOHA,min,26.54,SDF,388
CZ0310080,7140,ROZLOHA,min,1.42,VMB2,389
CZ0310080,7150,ROZLOHA,min,0.6,VMB2,390
CZ0310084,6110,ROZLOHA,min,0.19,EXPERT,391
CZ0310084,6210,ROZLOHA,min,2,MINIMI,392
CZ0310084,8210,ROZLOHA,min,0.5,EXPERT,393
CZ0310163,9110,ROZLOHA,min,119.24,VMB2,394
CZ0310163,9130,ROZLOHA,min,117.94,VMB2,395
CZ0310163,9410,ROZLOHA,min,34.34,VMB2,396
CZ0310605,91D0,ROZLOHA,min,316.81,VMB2,397
CZ0310610,7120,ROZLOHA,min,11.11,VMB2,398
CZ0310610,91D0,ROZLOHA,min,365.03,VMB2,399
CZ0310611,7140,ROZLOHA,min,2,MINIMI,400
CZ0310611,91D0,ROZLOHA,min,91.62,VMB2,401
CZ0310615,2330,ROZLOHA,min,1.27,VMB2,402
CZ0310618,3150,ROZLOHA,min,4.9,VMB2,403
CZ0310629,3140,ROZLOHA,min,0.11,N/A,404
CZ0310629,3160,ROZLOHA,min,0.35,VMB2,405
CZ0310630,3140,ROZLOHA,min,0.07,N/A,406
CZ0313098,3160,ROZLOHA,min,0.12,VMB2,407
CZ0313098,7140,ROZLOHA,min,2.27,SDF,408
CZ0313128,7150,ROZLOHA,min,0.83,VMB2,409
CZ0313138,3150,ROZLOHA,min,92.42,SDF,410
CZ0313138,6410,ROZLOHA,min,26.22,VMB2,411
CZ0313513,7110,ROZLOHA,min,2.19,SDF,412
CZ0313513,91D0,ROZLOHA,min,19.18,VMB2,413
CZ0314019,3140,ROZLOHA,min,1.58,SDF,414
CZ0314021,3160,ROZLOHA,min,0.24,SDF,415
CZ0314021,6410,ROZLOHA,min,80.26,EXPERT,416
CZ0314021,7140,ROZLOHA,min,26.02,VMB2,417
CZ0314021,91D0,ROZLOHA,min,95.8,EXPERT,418
CZ0314021,91T0,ROZLOHA,min,16.18,N/A,419
CZ0314022,3140,ROZLOHA,min,0.07,N/A,420
CZ0314022,3260,ROZLOHA,min,15.69,VMB2,421
CZ0314022,9110,ROZLOHA,min,176.36,VMB2,422
CZ0314022,9130,ROZLOHA,min,47.07,VMB2,423
CZ0314022,9.10E+01,ROZLOHA,min,13.73,SDF,424
CZ0314023,2330,ROZLOHA,min,1.12,SDF,425
CZ0314023,3150,ROZLOHA,min,50,SDF,426
CZ0314023,3160,ROZLOHA,min,0.61,SDF,427
CZ0314023,3260,ROZLOHA,min,38.22,SDF,428
CZ0314023,7140,ROZLOHA,min,12.66,SDF,429
CZ0314023,7150,ROZLOHA,min,0.16,SDF,430
CZ0314023,9190,ROZLOHA,min,190.59,SDF,431
CZ0314023,9.10E+01,ROZLOHA,min,17.94,SDF,432
CZ0314023,91F0,ROZLOHA,min,119.53,SDF,433
CZ0314024,3130,ROZLOHA,min,32.7,VMB2,434
CZ0314024,3150,ROZLOHA,min,39.18,VMB2,435
CZ0314024,3160,ROZLOHA,min,7.21,VMB2,436
CZ0314024,3260,ROZLOHA,min,86.81,VMB2,437
CZ0314024,4030,ROZLOHA,min,132.96,SDF,438
CZ0314024,5130,ROZLOHA,min,14.94,VMB2,439
CZ0314024,6230,ROZLOHA,min,1413.67,VMB2,440
CZ0314024,6410,ROZLOHA,min,482.98,SDF,441
CZ0314024,6430,ROZLOHA,min,1187.28,SDF,442
CZ0314024,6510,ROZLOHA,min,3698.74,VMB2,443
CZ0314024,6520,ROZLOHA,min,5230.87,VMB2,444
CZ0314024,7110,ROZLOHA,min,386.09,VMB2,445
CZ0314024,7120,ROZLOHA,min,166.92,VMB2,446
CZ0314024,7140,ROZLOHA,min,1422.82,VMB2,447
CZ0314024,8220,ROZLOHA,min,236.88,VMB2,448
CZ0314024,9110,ROZLOHA,min,27397.31,VMB2,449
CZ0314024,9130,ROZLOHA,min,3188.72,VMB2,450
CZ0314024,9180,ROZLOHA,min,346.81,VMB2,451
CZ0314024,91D0,ROZLOHA,min,3822.17,VMB2,452
CZ0314024,9.10E+01,ROZLOHA,min,1283.68,VMB2,453
CZ0314024,9410,ROZLOHA,min,21314.96,VMB2,454
CZ0314044,6110,ROZLOHA,min,0.74,VMB2,455
CZ0314044,6510,ROZLOHA,min,2,VMB2,456
CZ0314044,8210,ROZLOHA,min,0.09,VMB2,457
CZ0314044,8310,ROZLOHA,min,0.01,N/A,458
CZ0314044,91U0,ROZLOHA,min,5.8,VMB2,459
CZ0314109,3160,ROZLOHA,min,0.81,SDF,460
CZ0314109,7140,ROZLOHA,min,11.54,SDF,461
CZ0314109,7150,ROZLOHA,min,0.02,VMB2,462
CZ0314109,91D0,ROZLOHA,min,23.14,VMB2,463
CZ0314123,3150,ROZLOHA,min,117.52,VMB2,464
CZ0314123,6230,ROZLOHA,min,81.31,SDF,465
CZ0314123,6410,ROZLOHA,min,406.49,VMB2,466
CZ0314123,6430,ROZLOHA,min,237.88,VMB2,467
CZ0314123,6510,ROZLOHA,min,451.12,SDF,468
CZ0314123,7120,ROZLOHA,min,35.27,VMB2,469
CZ0314123,7140,ROZLOHA,min,239.18,VMB2,470
CZ0314123,8220,ROZLOHA,min,17.61,VMB2,471
CZ0314123,9110,ROZLOHA,min,1932.53,SDF,472
CZ0314123,9130,ROZLOHA,min,2582.92,VMB2,473
CZ0314123,9180,ROZLOHA,min,133.85,VMB2,474
CZ0314123,9.10E+01,ROZLOHA,min,222.37,VMB2,475
CZ0314124,3260,ROZLOHA,min,108.2,VMB2,476
CZ0314124,6190,ROZLOHA,min,1.68,VMB2,477
CZ0314124,6210,ROZLOHA,min,22.67,VMB2,478
CZ0314124,6210p,ROZLOHA,min,4.44,VMB2,479
CZ0314124,6410,ROZLOHA,min,72.88,SDF,480
CZ0314124,6510,ROZLOHA,min,425.09,VMB2,481
CZ0314124,8220,ROZLOHA,min,6.61,VMB2,482
CZ0314124,9110,ROZLOHA,min,1673.02,SDF,483
CZ0314124,9130,ROZLOHA,min,1447.29,VMB2,484
CZ0314124,9170,ROZLOHA,min,105.33,VMB2,485
CZ0314124,9180,ROZLOHA,min,128.93,VMB2,486
CZ0314124,91U0,ROZLOHA,min,22.41,VMB2,487
CZ0314634,8310,ROZLOHA,min,0.01,N/A,488
CZ0314635,3130,ROZLOHA,min,9.05,SDF,489
CZ0314636,6230,ROZLOHA,min,1.1,VMB2,490
CZ0314636,6510,ROZLOHA,min,15.67,SDF,491
CZ0314637,3140,ROZLOHA,min,1.26,N/A,492
CZ0314637,7140,ROZLOHA,min,1.61,VMB2,493
CZ0314638,3130,ROZLOHA,min,2.29,SDF,494
CZ0314639,3140,ROZLOHA,min,0.44,N/A,495
CZ0314639,3160,ROZLOHA,min,0.49,SDF,496
CZ0314640,3130,ROZLOHA,min,7.84,SDF,497
CZ0314641,6410,ROZLOHA,min,12.81,SDF,498
CZ0314641,6430,ROZLOHA,min,6.74,SDF,499
CZ0314641,6510,ROZLOHA,min,6.67,SDF,500
CZ0314641,7140,ROZLOHA,min,0.27,VMB2,501
CZ0314641,9.10E+01,ROZLOHA,min,31.7,VMB2,502
CZ0314642,6410,ROZLOHA,min,0.61,VMB2,503
CZ0314648,6410,ROZLOHA,min,1.2,VMB2,504
CZ0320005,6410,ROZLOHA,min,87.65,SDF,505
CZ0320013,6410,ROZLOHA,min,7.14,SDF,506
CZ0320013,6430,ROZLOHA,min,3.85,VMB2,507
CZ0320013,9.10E+01,ROZLOHA,min,16.18,VMB2,508
CZ0320022,9130,ROZLOHA,min,483.96,VMB2,509
CZ0320022,9170,ROZLOHA,min,20.75,VMB2,510
CZ0320022,9180,ROZLOHA,min,20.84,VMB2,511
CZ0320023,6110,ROZLOHA,min,0.7,SDF,512
CZ0320023,9150,ROZLOHA,min,91.35,VMB2,513
CZ0320023,91U0,ROZLOHA,min,8.57,VMB2,514
CZ0320029,9170,ROZLOHA,min,24.68,VMB2,515
CZ0320029,9180,ROZLOHA,min,38.53,VMB2,516
CZ0320030,9110,ROZLOHA,min,627.25,SDF,517
CZ0320030,9180,ROZLOHA,min,9.9,VMB2,518
CZ0320037,6230,ROZLOHA,min,9.55,VMB2,519
CZ0320037,7140,ROZLOHA,min,34.99,VMB2,520
CZ0320043,91D0,ROZLOHA,min,8,EXPERT,521
CZ0320053,8220,ROZLOHA,min,2.45,VMB2,522
CZ0320053,8230,ROZLOHA,min,0.14,VMB2,523
CZ0320053,9130,ROZLOHA,min,263.2,VMB2,524
CZ0320053,9170,ROZLOHA,min,208.2,VMB2,525
CZ0320053,9180,ROZLOHA,min,126.55,VMB2,526
CZ0320140,9130,ROZLOHA,min,130.3,SDF,527
CZ0320140,9180,ROZLOHA,min,15,EXPERT,528
CZ0320180,6410,ROZLOHA,min,2.49,VMB2,529
CZ0320180,7140,ROZLOHA,min,0.44,VMB2,530
CZ0320180,9110,ROZLOHA,min,1211.48,SDF,531
CZ0320180,9130,ROZLOHA,min,12.65,VMB2,532
CZ0320180,9180,ROZLOHA,min,13.09,VMB2,533
CZ0320180,9190,ROZLOHA,min,10.61,MINIMI,534
CZ0320180,91D0,ROZLOHA,min,33.54,MINIMI,535
CZ0320180,9410,ROZLOHA,min,11.81,VMB2,536
CZ0320437,6510,ROZLOHA,min,3,MINIMI,537
CZ0322058,6230,ROZLOHA,min,3,MINIMI,538
CZ0323142,3260,ROZLOHA,min,71.2,VMB2,539
CZ0323151,6430,ROZLOHA,min,4.48,VMB2,540
CZ0323159,3270,ROZLOHA,min,0.39,VMB2,541
CZ0323159,6510,ROZLOHA,min,7.61,VMB2,542
CZ0323159,9170,ROZLOHA,min,44.94,VMB2,543
CZ0323159,9180,ROZLOHA,min,8.41,VMB2,544
CZ0324025,8150,ROZLOHA,min,0.85,VMB2,545
CZ0324025,8220,ROZLOHA,min,6.21,VMB2,546
CZ0324025,9110,ROZLOHA,min,23.61,VMB2,547
CZ0324025,9170,ROZLOHA,min,85.92,VMB2,548
CZ0324025,9180,ROZLOHA,min,51,VMB2,549
CZ0324026,3260,ROZLOHA,min,2.5,VMB2,550
CZ0324026,6430,ROZLOHA,min,80.16,VMB2,551
CZ0324026,7140,ROZLOHA,min,5.45,VMB2,552
CZ0324026,9.10E+01,ROZLOHA,min,82.61,VMB2,553
CZ0324029,6210,ROZLOHA,min,2,MINIMI,554
CZ0324029,7140,ROZLOHA,min,2,MINIMI,555
CZ0324032,6230,ROZLOHA,min,3,MINIMI,556
CZ0324032,6410,ROZLOHA,min,3,MINIMI,557
CZ0410001,4030,ROZLOHA,min,9.97,SDF,558
CZ0410018,6210,ROZLOHA,min,6.5,EXPERT,559
CZ0410020,3150,ROZLOHA,min,4,EXPERT,560
CZ0410020,3260,ROZLOHA,min,56.61,VMB2,561
CZ0410020,3270,ROZLOHA,min,1.04,VMB2,562
CZ0410020,9.10E+01,ROZLOHA,min,69.37,VMB2,563
CZ0410021,3160,ROZLOHA,min,0.21,VMB2,564
CZ0410021,6510,ROZLOHA,min,16.48,SDF,565
CZ0410021,7140,ROZLOHA,min,6.63,SDF,566
CZ0410021,91D0,ROZLOHA,min,8,MINIMIAREAL,567
CZ0410021,9410,ROZLOHA,min,25,MINIMIAREAL,568
CZ0410023,3150,ROZLOHA,min,0.5,MINIMIAREAL,569
CZ0410023,4030,ROZLOHA,min,0.5,MINIMIAREAL,570
CZ0410023,6410,ROZLOHA,min,3,MINIMIAREAL,571
CZ0410023,6430,ROZLOHA,min,4.71,SDF,572
CZ0410023,7140,ROZLOHA,min,2,MINIMIAREAL,573
CZ0410038,7140,ROZLOHA,min,2,EXPERT,574
CZ0410038,7150,ROZLOHA,min,0.1,EXPERT,575
CZ0410040,4030,ROZLOHA,min,2.89,VMB2,576
CZ0410040,6520,ROZLOHA,min,8.46,VMB2,577
CZ0410040,7110,ROZLOHA,min,3.32,VMB2,578
CZ0410040,7120,ROZLOHA,min,30,VMB2,579
CZ0410040,7140,ROZLOHA,min,6.75,VMB2,580
CZ0410040,91D0,ROZLOHA,min,27.49,VMB2,581
CZ0410040,9410,ROZLOHA,min,6,EXPERT,582
CZ0410046,4030,ROZLOHA,min,3,SDF,583
CZ0410046,8220,ROZLOHA,min,0.82,VMB2,584
CZ0410047,3140,ROZLOHA,min,NA,N/A,585
CZ0410047,3150,ROZLOHA,min,0.5,EXPERT,586
CZ0410047,6430,ROZLOHA,min,2,MINIMIAREAL,587
CZ0410047,7140,ROZLOHA,min,0.5,EXPERT,588
CZ0410150,1340,ROZLOHA,min,8,EXPERT,589
CZ0410150,3140,ROZLOHA,min,NA,N/A,590
CZ0410150,3150,ROZLOHA,min,3.74,VMB2,591
CZ0410150,3160,ROZLOHA,min,0.1,EXPERT,592
CZ0410150,7140,ROZLOHA,min,19.5,VMB2,593
CZ0410150,7150,ROZLOHA,min,0.51,VMB2,594
CZ0410150,9190,ROZLOHA,min,33.97,SDF,595
CZ0410150,91D0,ROZLOHA,min,65.65,VMB2,596
CZ0410150,9.10E+01,ROZLOHA,min,23.19,VMB2,597
CZ0410151,6210,ROZLOHA,min,12.08,VMB2,598
CZ0410151,6210p,ROZLOHA,min,19.14,VMB2,599
CZ0410151,9170,ROZLOHA,min,30,MINIMIAREAL,600
CZ0410151,9180,ROZLOHA,min,23.03,VMB2,601
CZ0410155,6430,ROZLOHA,min,4.34,VMB2,602
CZ0410155,6520,ROZLOHA,min,137.78,VMB2,603
CZ0410155,7140,ROZLOHA,min,26.24,VMB2,604
CZ0410155,9410,ROZLOHA,min,40,EXPERT,605
CZ0410168,6230,ROZLOHA,min,2,EXPERT,606
CZ0410168,6520,ROZLOHA,min,40,EXPERT,607
CZ0410168,7140,ROZLOHA,min,5.44,VMB2,608
CZ0410168,91D0,ROZLOHA,min,7,EXPERT,609
CZ0410168,9410,ROZLOHA,min,47.08,VMB2,610
CZ0410176,4030,ROZLOHA,min,1.97,VMB2,611
CZ0410176,8220,ROZLOHA,min,0.49,VMB2,612
CZ0410401,7110,ROZLOHA,min,5.15,VMB2,613
CZ0410401,7120,ROZLOHA,min,53.2,SDF,614
CZ0410401,7140,ROZLOHA,min,6.06,VMB2,615
CZ0410401,91D0,ROZLOHA,min,39.84,SDF,616
CZ0410401,9410,ROZLOHA,min,9.07,VMB2,617
CZ0410404,3150,ROZLOHA,min,2.35,VMB2,618
CZ0410404,3160,ROZLOHA,min,0.72,SDF,619
CZ0410404,7140,ROZLOHA,min,2.33,SDF,620
CZ0410404,9410,ROZLOHA,min,23.4,VMB2,621
CZ0410413,3260,ROZLOHA,min,26.4,VMB2,622
CZ0410413,8220,ROZLOHA,min,23.46,VMB2,623
CZ0410413,9110,ROZLOHA,min,73.37,VMB2,624
CZ0410413,9130,ROZLOHA,min,40,MINIMIAREAL,625
CZ0410413,9170,ROZLOHA,min,30,MINIMIAREAL,626
CZ0410413,9180,ROZLOHA,min,14.2,VMB2,627
CZ0410413,9.10E+01,ROZLOHA,min,34.93,VMB2,628
CZ0410414,7110,ROZLOHA,min,11.56,VMB2,629
CZ0410414,7140,ROZLOHA,min,46.11,SDF,630
CZ0410414,91D0,ROZLOHA,min,417.3,VMB2,631
CZ0410414,9410,ROZLOHA,min,846.01,VMB2,632
CZ0410438,3140,ROZLOHA,min,0.08,N/A,633
CZ0410439,3140,ROZLOHA,min,NA,N/A,634
CZ0413177,3160,ROZLOHA,min,0.26,VMB2,635
CZ0413177,6430,ROZLOHA,min,5.86,VMB2,636
CZ0413184,3140,ROZLOHA,min,NA,NA,637
CZ0413190,3140,ROZLOHA,min,NA,N/A,638
CZ0414026,4030,ROZLOHA,min,3.41,VMB2,639
CZ0414026,6230,ROZLOHA,min,21.61,SDF,640
CZ0414026,6410,ROZLOHA,min,47.51,SDF,641
CZ0414026,6430,ROZLOHA,min,17.78,SDF,642
CZ0414026,7140,ROZLOHA,min,24.49,SDF,643
CZ0414026,8220,ROZLOHA,min,15.35,VMB2,644
CZ0414026,9410,ROZLOHA,min,44.46,VMB2,645
CZ0414027,3130,ROZLOHA,min,1.2,EXPERT,646
CZ0414027,3160,ROZLOHA,min,0.2,MINIMIAREAL,647
CZ0414027,4030,ROZLOHA,min,0.5,MINIMIAREAL,648
CZ0414027,6230,ROZLOHA,min,1.98,EXPERT,649
CZ0414027,6410,ROZLOHA,min,4.88,VMB2,650
CZ0414027,7140,ROZLOHA,min,2.48,VMB2,651
CZ0414027,9.10E+01,ROZLOHA,min,7.3,EXPERT,652
CZ0414110,4030,ROZLOHA,min,194.62,VMB2,653
CZ0414110,6230,ROZLOHA,min,306.5,VMB2,654
CZ0414110,6520,ROZLOHA,min,753.39,VMB2,655
CZ0414110,7110,ROZLOHA,min,104.76,VMB2,656
CZ0414110,7140,ROZLOHA,min,500,EXPERT,657
CZ0414110,8220,ROZLOHA,min,9.74,VMB2,658
CZ0414110,9140,ROZLOHA,min,4.98,VMB2,659
CZ0414110,91D0,ROZLOHA,min,1387.46,VMB2,660
CZ0414110,9410,ROZLOHA,min,6573.5,VMB2,661
CZ0414127,3150,ROZLOHA,min,29.39,VMB2,662
CZ0414127,40A0,ROZLOHA,min,0.4,SDF,663
CZ0414127,5130,ROZLOHA,min,9.61,SDF,664
CZ0414127,6210,ROZLOHA,min,2151.98,SDF,665
CZ0414127,6230,ROZLOHA,min,9.02,SDF,666
CZ0414127,6430,ROZLOHA,min,530.96,SDF,667
CZ0414127,6510,ROZLOHA,min,6988.37,VMB2,668
CZ0414127,8230,ROZLOHA,min,24.81,SDF,669
CZ0414127,8310,ROZLOHA,min,NA,N/A,670
CZ0414127,9130,ROZLOHA,min,5102.29,VMB2,671
CZ0414127,9180,ROZLOHA,min,453.72,VMB2,672
CZ0414127,9.10E+01,ROZLOHA,min,1453.62,VMB2,673
CZ0414127,91I0,ROZLOHA,min,349.5,VMB2,674
CZ0420004,6210,ROZLOHA,min,2.23,VMB2,675
CZ0420004,9170,ROZLOHA,min,7.55,SDF,676
CZ0420007,6210,ROZLOHA,min,10.02,VMB2,677
CZ0420007,9170,ROZLOHA,min,10.51,VMB2,678
CZ0420007,91H0,ROZLOHA,min,2.62,VMB2,679
CZ0420008,91U0,ROZLOHA,min,5.79,VMB2,680
CZ0420012,3260,ROZLOHA,min,48.76,VMB2,681
CZ0420012,3270,ROZLOHA,min,3.78,VMB2,682
CZ0420012,4030,ROZLOHA,min,10.71,SDF,683
CZ0420012,40A0,ROZLOHA,min,3.77,SDF,684
CZ0420012,5130,ROZLOHA,min,0.14,SDF,685
CZ0420012,6190,ROZLOHA,min,7.95,SDF,686
CZ0420012,6210,ROZLOHA,min,11.39,SDF,687
CZ0420012,8220,ROZLOHA,min,2.23,VMB2,688
CZ0420012,8230,ROZLOHA,min,0.55,VMB2,689
CZ0420012,9.10E+01,ROZLOHA,min,6.43,VMB2,690
CZ0420013,40A0,ROZLOHA,min,0.25,VMB2,691
CZ0420013,6190,ROZLOHA,min,0.18,SDF,692
CZ0420013,8160,ROZLOHA,min,0.14,SDF,693
CZ0420013,9170,ROZLOHA,min,7.28,VMB2,694
CZ0420013,9180,ROZLOHA,min,8.52,VMB2,695
CZ0420014,40A0,ROZLOHA,min,0.56,SDF,696
CZ0420014,6110,ROZLOHA,min,0.04,SDF,697
CZ0420014,6190,ROZLOHA,min,2.21,VMB2,698
CZ0420014,6210,ROZLOHA,min,6.17,VMB2,699
CZ0420014,8220,ROZLOHA,min,0.27,VMB2,700
CZ0420014,9180,ROZLOHA,min,33.4,VMB2,701
CZ0420015,7220,ROZLOHA,min,0.18,VMB2,702
CZ0420015,9170,ROZLOHA,min,21.19,VMB2,703
CZ0420015,91F0,ROZLOHA,min,23.18,VMB2,704
CZ0420021,8220,ROZLOHA,min,5.79,VMB2,705
CZ0420021,9110,ROZLOHA,min,21.17,VMB2,706
CZ0420021,9130,ROZLOHA,min,27.74,VMB2,707
CZ0420021,9180,ROZLOHA,min,12.29,VMB2,708
CZ0420026,40A0,ROZLOHA,min,1.7,VMB2,709
CZ0420026,6190,ROZLOHA,min,5.11,VMB2,710
CZ0420026,8150,ROZLOHA,min,5.11,VMB2,711
CZ0420026,8220,ROZLOHA,min,5.11,VMB2,712
CZ0420026,9180,ROZLOHA,min,12.9,VMB2,713
CZ0420035,4030,ROZLOHA,min,14.68,VMB2,714
CZ0420035,6230,ROZLOHA,min,64.78,VMB2,715
CZ0420035,6430,ROZLOHA,min,10.51,VMB2,716
CZ0420035,6520,ROZLOHA,min,220.56,SDF,717
CZ0420035,7120,ROZLOHA,min,17.04,VMB2,718
CZ0420035,7140,ROZLOHA,min,46.85,VMB2,719
CZ0420035,91D0,ROZLOHA,min,58.53,SDF,720
CZ0420035,9410,ROZLOHA,min,220.79,VMB2,721
CZ0420041,9170,ROZLOHA,min,51.28,MINIMI,722
CZ0420041,91H0,ROZLOHA,min,6.41,VMB2,723
CZ0420041,91I0,ROZLOHA,min,6.41,VMB2,724
CZ0420044,6210,ROZLOHA,min,5.23,VMB2,725
CZ0420053,7110,ROZLOHA,min,0.5,VMB2,726
CZ0420053,91D0,ROZLOHA,min,25.43,VMB2,727
CZ0420053,9410,ROZLOHA,min,23.07,MINIMI,728
CZ0420059,6210,ROZLOHA,min,1.9,SDF,729
CZ0420061,1340,ROZLOHA,min,0.39,SDF,730
CZ0420061,6210,ROZLOHA,min,6.27,VMB2,731
CZ0420063,6210,ROZLOHA,min,16.82,VMB2,732
CZ0420069,91I0,ROZLOHA,min,37.54,VMB2,733
CZ0420073,6210,ROZLOHA,min,13.08,VMB2,734
CZ0420073,9170,ROZLOHA,min,23.43,VMB2,735
CZ0420073,9180,ROZLOHA,min,4,EXPERT,736
CZ0420073,91H0,ROZLOHA,min,13.21,VMB2,737
CZ0420073,91I0,ROZLOHA,min,16.93,VMB2,738
CZ0420074,7110,ROZLOHA,min,5.62,VMB2,739
CZ0420074,7140,ROZLOHA,min,21.35,VMB2,740
CZ0420074,91D0,ROZLOHA,min,58.1,VMB2,741
CZ0420076,6210,ROZLOHA,min,13.33,VMB2,742
CZ0420082,8220,ROZLOHA,min,14.56,VMB2,743
CZ0420082,9110,ROZLOHA,min,289.27,VMB2,744
CZ0420082,9130,ROZLOHA,min,236.96,VMB2,745
CZ0420082,9180,ROZLOHA,min,38.86,VMB2,746
CZ0420083,6510,ROZLOHA,min,13.22,SDF,747
CZ0420083,9.10E+01,ROZLOHA,min,16.6,VMB2,748
CZ0420085,6430,ROZLOHA,min,1.9,VMB2,749
CZ0420144,7110,ROZLOHA,min,10.86,VMB2,750
CZ0420144,7120,ROZLOHA,min,79.65,VMB2,751
CZ0420144,7140,ROZLOHA,min,29.11,VMB2,752
CZ0420144,91D0,ROZLOHA,min,1109.77,VMB2,753
CZ0420144,9410,ROZLOHA,min,725.37,VMB2,754
CZ0420160,6210p,ROZLOHA,min,1.65,SDF,755
CZ0420160,6430,ROZLOHA,min,9.55,SDF,756
CZ0420160,9.10E+01,ROZLOHA,min,35.85,SDF,757
CZ0420165,6210,ROZLOHA,min,24.51,VMB2,758
CZ0420165,91I0,ROZLOHA,min,4,EXPERT,759
CZ0420166,6230,ROZLOHA,min,11.63,SDF,760
CZ0420166,6410,ROZLOHA,min,2.62,VMB2,761
CZ0420166,6430,ROZLOHA,min,4.3,VMB2,762
CZ0420166,7140,ROZLOHA,min,2.71,VMB2,763
CZ0420171,6430,ROZLOHA,min,1.63,SDF,764
CZ0420171,9.10E+01,ROZLOHA,min,23.26,VMB2,765
CZ0420406,40A0,ROZLOHA,min,0.2,MINIMI,766
CZ0420406,6110,ROZLOHA,min,0.1,VMB2,767
CZ0420406,6210,ROZLOHA,min,10.28,VMB2,768
CZ0420406,6210p,ROZLOHA,min,2,MINIMI,769
CZ0420416,40A0,ROZLOHA,min,0.3,VMB2,770
CZ0420416,6190,ROZLOHA,min,0.4,VMB2,771
CZ0420416,8220,ROZLOHA,min,0.84,VMB2,772
CZ0420416,8230,ROZLOHA,min,0.02,VMB2,773
CZ0420416,9130,ROZLOHA,min,4.4,VMB2,774
CZ0420416,9180,ROZLOHA,min,28.65,VMB2,775
CZ0420416,9.10E+01,ROZLOHA,min,15.23,VMB2,776
CZ0420449,9180,ROZLOHA,min,46.91,VMB2,777
CZ0420451,6210,ROZLOHA,min,2.25,VMB2,778
CZ0420451,6210p,ROZLOHA,min,2.27,VMB2,779
CZ0420451,6410,ROZLOHA,min,8.27,VMB2,780
CZ0420451,6510,ROZLOHA,min,29.13,VMB2,781
CZ0420451,8220,ROZLOHA,min,4.97,VMB2,782
CZ0420451,9170,ROZLOHA,min,125.37,VMB2,783
CZ0420451,9180,ROZLOHA,min,32.78,VMB2,784
CZ0420451,9.10E+01,ROZLOHA,min,45.77,VMB2,785
CZ0420454,8150,ROZLOHA,min,2.5,VMB2,786
CZ0420454,8220,ROZLOHA,min,2.2,VMB2,787
CZ0420454,9180,ROZLOHA,min,10.06,VMB2,788
CZ0420455,9180,ROZLOHA,min,24.51,VMB2,789
CZ0420455,91I0,ROZLOHA,min,25.04,VMB2,790
CZ0420456,8220,ROZLOHA,min,1.5,VMB2,791
CZ0420456,9170,ROZLOHA,min,34.86,VMB2,792
CZ0420456,91I0,ROZLOHA,min,26.49,MINIMI,793
CZ0420459,40A0,ROZLOHA,min,0.46,VMB2,794
CZ0420459,6210,ROZLOHA,min,7.9,VMB2,795
CZ0420459,6210p,ROZLOHA,min,4.43,MINIMI,796
CZ0420459,6510,ROZLOHA,min,8.69,VMB2,797
CZ0420459,8220,ROZLOHA,min,2.2,VMB2,798
CZ0420459,9170,ROZLOHA,min,238.17,VMB2,799
CZ0420459,9180,ROZLOHA,min,8.93,VMB2,800
CZ0420459,91H0,ROZLOHA,min,22.7,VMB2,801
CZ0420459,91I0,ROZLOHA,min,27.34,VMB2,802
CZ0420460,6210,ROZLOHA,min,6.27,VMB2,803
CZ0420462,8220,ROZLOHA,min,0.82,VMB2,804
CZ0420462,8230,ROZLOHA,min,0.54,SDF,805
CZ0420500,6230,ROZLOHA,min,7.68,VMB2,806
CZ0420500,6510,ROZLOHA,min,34.45,VMB2,807
CZ0420500,8220,ROZLOHA,min,33.56,VMB2,808
CZ0420500,9110,ROZLOHA,min,73.81,VMB2,809
CZ0420500,9180,ROZLOHA,min,11.85,VMB2,810
CZ0420501,6410,ROZLOHA,min,17.51,VMB2,811
CZ0420501,6520,ROZLOHA,min,36.88,VMB2,812
CZ0420501,7140,ROZLOHA,min,20.96,VMB2,813
CZ0420501,91D0,ROZLOHA,min,13.4,VMB2,814
CZ0420501,9.10E+01,ROZLOHA,min,20.6,VMB2,815
CZ0420507,3150,ROZLOHA,min,1.33,VMB2,816
CZ0420507,7140,ROZLOHA,min,0.89,VMB2,817
CZ0420507,8220,ROZLOHA,min,6.87,VMB2,818
CZ0420507,8310,ROZLOHA,min,0.01,N/A,819
CZ0420507,9110,ROZLOHA,min,205.35,VMB2,820
CZ0420507,9130,ROZLOHA,min,14.28,VMB2,821
CZ0420507,9.10E+01,ROZLOHA,min,5.83,VMB2,822
CZ0420520,8220,ROZLOHA,min,0.26,VMB2,823
CZ0420520,9110,ROZLOHA,min,300.04,VMB2,824
CZ0420520,9130,ROZLOHA,min,188.22,VMB2,825
CZ0420520,9180,ROZLOHA,min,3.69,SDF,826
CZ0420525,1340,ROZLOHA,min,0.55,VMB2,827
CZ0420525,6210,ROZLOHA,min,2.4,VMB2,828
CZ0420528,4030,ROZLOHA,min,23.34,SDF,829
CZ0420528,6230,ROZLOHA,min,8.4,VMB2,830
CZ0420528,6430,ROZLOHA,min,2,MINIMIAREAL,831
CZ0420528,6520,ROZLOHA,min,106.43,SDF,832
CZ0420528,7110,ROZLOHA,min,1.5,MINIMIAREAL,833
CZ0420528,7120,ROZLOHA,min,70.84,VMB2,834
CZ0420528,7140,ROZLOHA,min,17.92,VMB2,835
CZ0420528,91D0,ROZLOHA,min,115.8,VMB2,836
CZ0420528,9410,ROZLOHA,min,540.77,VMB2,837
CZ0422075,40A0,ROZLOHA,min,0.12,VMB2,838
CZ0422075,6210,ROZLOHA,min,2.56,VMB2,839
CZ0422075,6510,ROZLOHA,min,3.02,VMB2,840
CZ0422075,8220,ROZLOHA,min,0.65,VMB2,841
CZ0422077,2330,ROZLOHA,min,0.66,VMB2,842
CZ0422084,2330,ROZLOHA,min,2.88,VMB2,843
CZ0423216,3140,ROZLOHA,min,NA,NA,844
CZ0423225,6210,ROZLOHA,min,4.93,VMB2,845
CZ0423225,8220,ROZLOHA,min,1.73,VMB2,846
CZ0423507,3260,ROZLOHA,min,1.08,VMB2,847
CZ0423507,6430,ROZLOHA,min,8.5,VMB2,848
CZ0423510,3260,ROZLOHA,min,147.51,VMB2,849
CZ0423510,6430,ROZLOHA,min,1.13,VMB2,850
CZ0424030,8220,ROZLOHA,min,8.18,VMB2,851
CZ0424030,9110,ROZLOHA,min,565.58,VMB2,852
CZ0424030,9130,ROZLOHA,min,74.33,VMB2,853
CZ0424030,9180,ROZLOHA,min,33.72,VMB2,854
CZ0424030,9.10E+01,ROZLOHA,min,29.97,VMB2,855
CZ0424031,3260,ROZLOHA,min,18.89,SDF,856
CZ0424031,4030,ROZLOHA,min,103.67,SDF,857
CZ0424031,6230,ROZLOHA,min,89.99,SDF,858
CZ0424031,6510,ROZLOHA,min,144.37,SDF,859
CZ0424031,8160,ROZLOHA,min,3.11,SDF,860
CZ0424031,8220,ROZLOHA,min,582.22,SDF,861
CZ0424031,8310,ROZLOHA,min,0.01,SDF,862
CZ0424031,9110,ROZLOHA,min,1646.83,SDF,863
CZ0424031,9130,ROZLOHA,min,134.25,SDF,864
CZ0424031,9180,ROZLOHA,min,45.5,SDF,865
CZ0424031,9410,ROZLOHA,min,275.47,SDF,866
CZ0424033,40A0,ROZLOHA,min,0.06,VMB2,867
CZ0424033,6210,ROZLOHA,min,98.85,VMB2,868
CZ0424033,8150,ROZLOHA,min,0.35,VMB2,869
CZ0424034,6410,ROZLOHA,min,4.67,VMB2,870
CZ0424034,6430,ROZLOHA,min,7.1,VMB2,871
CZ0424034,6510,ROZLOHA,min,12.29,VMB2,872
CZ0424036,6210,ROZLOHA,min,6.23,SDF,873
CZ0424036,91H0,ROZLOHA,min,8.6,VMB2,874
CZ0424037,6210,ROZLOHA,min,2.21,VMB2,875
CZ0424037,8220,ROZLOHA,min,2.33,VMB2,876
CZ0424037,9110,ROZLOHA,min,40,MINIMI,877
CZ0424037,9170,ROZLOHA,min,142.63,VMB2,878
CZ0424037,9180,ROZLOHA,min,39.35,VMB2,879
CZ0424038,40A0,ROZLOHA,min,0.19,VMB2,880
CZ0424038,6190,ROZLOHA,min,0.68,VMB2,881
CZ0424038,6210,ROZLOHA,min,9.33,VMB2,882
CZ0424038,6510,ROZLOHA,min,44.02,VMB2,883
CZ0424038,8220,ROZLOHA,min,0.56,VMB2,884
CZ0424038,8230,ROZLOHA,min,0.1,VMB2,885
CZ0424039,6110,ROZLOHA,min,0.24,VMB2,886
CZ0424039,6210,ROZLOHA,min,93.89,VMB2,887
CZ0424039,6510,ROZLOHA,min,63.65,VMB2,888
CZ0424039,8160,ROZLOHA,min,0.67,VMB2,889
CZ0424111,3260,ROZLOHA,min,65.77,VMB2,890
CZ0424111,3270,ROZLOHA,min,3.47,VMB2,891
CZ0424111,4030,ROZLOHA,min,7.3,VMB2,892
CZ0424111,8220,ROZLOHA,min,49.02,VMB2,893
CZ0424111,8310,ROZLOHA,min,0.03,N/A,894
CZ0424111,9110,ROZLOHA,min,498.24,VMB2,895
CZ0424111,9180,ROZLOHA,min,10.49,VMB2,896
CZ0424111,9.10E+01,ROZLOHA,min,10.99,VMB2,897
CZ0424111,91T0,ROZLOHA,min,67.51,N/A,898
CZ0424125,3150,ROZLOHA,min,56.74,SDF,899
CZ0424125,3260,ROZLOHA,min,155,EXPERT,900
CZ0424125,40A0,ROZLOHA,min,4.01,SDF,901
CZ0424125,5130,ROZLOHA,min,9.93,VMB2,902
CZ0424125,6210,ROZLOHA,min,363.17,VMB2,903
CZ0424125,6230,ROZLOHA,min,69.05,SDF,904
CZ0424125,6430,ROZLOHA,min,70,EXPERT,905
CZ0424125,6510,ROZLOHA,min,2221.26,VMB2,906
CZ0424125,8160,ROZLOHA,min,3.01,SDF,907
CZ0424125,9130,ROZLOHA,min,1063.07,VMB2,908
CZ0424125,9180,ROZLOHA,min,141.21,VMB2,909
CZ0424125,9.10E+01,ROZLOHA,min,564.75,VMB2,910
CZ0424125,91I0,ROZLOHA,min,216.46,SDF,911
CZ0424127,4030,ROZLOHA,min,18.16,VMB2,912
CZ0424127,6230,ROZLOHA,min,38.92,VMB2,913
CZ0424127,6430,ROZLOHA,min,72.92,VMB2,914
CZ0424127,6520,ROZLOHA,min,291.64,VMB2,915
CZ0424127,8220,ROZLOHA,min,67.36,VMB2,916
CZ0424127,9110,ROZLOHA,min,5436.31,VMB2,917
CZ0424127,9130,ROZLOHA,min,2573.69,VMB2,918
CZ0424127,9180,ROZLOHA,min,100.09,VMB2,919
CZ0424127,91D0,ROZLOHA,min,56.58,VMB2,920
CZ0424127,9.10E+01,ROZLOHA,min,115.5,VMB2,921
CZ0424127,9410,ROZLOHA,min,283.89,VMB2,922
CZ0424129,6210,ROZLOHA,min,13.43,VMB2,923
CZ0424129,6210p,ROZLOHA,min,7.51,VMB2,924
CZ0424129,8230,ROZLOHA,min,0.6,MINIMI,925
CZ0424129,9.10E+01,ROZLOHA,min,8,MINIMI,926
CZ0424133,6210,ROZLOHA,min,2.78,VMB2,927
CZ0424134,6210,ROZLOHA,min,0.81,VMB2,928
CZ0424135,6210,ROZLOHA,min,2.97,VMB2,929
CZ0424135,6210p,ROZLOHA,min,3.33,VMB2,930
CZ0424136,6210,ROZLOHA,min,4.5,VMB2,931
CZ0424138,91F0,ROZLOHA,min,126.9,VMB2,932
CZ0424139,91F0,ROZLOHA,min,19.45,VMB2,933
CZ0424140,91F0,ROZLOHA,min,11.28,VMB2,934
CZ0424141,3150,ROZLOHA,min,20.7,SDF,935
CZ0424141,3260,ROZLOHA,min,57.89,SDF,936
CZ0424141,3270,ROZLOHA,min,24.11,SDF,937
CZ0424141,40A0,ROZLOHA,min,1.82,SDF,938
CZ0424141,6110,ROZLOHA,min,0.06,SDF,939
CZ0424141,8150,ROZLOHA,min,0.62,VMB2,940
CZ0424141,8160,ROZLOHA,min,0.15,VMB2,941
CZ0424141,9180,ROZLOHA,min,753.35,VMB2,942
CZ0424141,9.10E+01,ROZLOHA,min,74.48,SDF,943
CZ0510028,9110,ROZLOHA,min,37.08,VMB3,944
CZ0510028,9130,ROZLOHA,min,103.01,VMB3,945
CZ0510028,9180,ROZLOHA,min,27.24,VMB3,946
CZ0510164,9130,ROZLOHA,min,143.08,VMB2,947
CZ0510164,9170,ROZLOHA,min,47.79,SDF,948
CZ0510164,9180,ROZLOHA,min,7.62,VMB2,949
CZ0510164,9.10E+01,ROZLOHA,min,8.19,VMB2,950
CZ0510191,6210,ROZLOHA,min,9.27,VMB2,951
CZ0510191,6210p,ROZLOHA,min,1.71,VMB2,952
CZ0510191,8210,ROZLOHA,min,1.09,VMB2,953
CZ0510191,8220,ROZLOHA,min,7.48,VMB2,954
CZ0510191,8310,ROZLOHA,min,0.01,N/A,955
CZ0510191,9110,ROZLOHA,min,104.77,VMB2,956
CZ0510191,9130,ROZLOHA,min,112,VMB2,957
CZ0510191,9150,ROZLOHA,min,23.73,VMB2,958
CZ0510191,9180,ROZLOHA,min,7.26,VMB2,959
CZ0510400,8220,ROZLOHA,min,131.02,VMB2,960
CZ0510400,9110,ROZLOHA,min,2181.46,VMB2,961
CZ0510400,9130,ROZLOHA,min,91.61,VMB2,962
CZ0510400,9140,ROZLOHA,min,294.39,VMB2,963
CZ0510400,9180,ROZLOHA,min,66.02,VMB2,964
CZ0510402,6230,ROZLOHA,min,25.91,VMB2,965
CZ0510402,7110,ROZLOHA,min,7.78,VMB2,966
CZ0510402,7140,ROZLOHA,min,19.45,VMB2,967
CZ0510402,91D0,ROZLOHA,min,78.81,VMB2,968
CZ0510402,9410,ROZLOHA,min,77.23,VMB2,969
CZ0510403,7110,ROZLOHA,min,1.2,VMB2,970
CZ0510403,91D0,ROZLOHA,min,0.82,VMB2,971
CZ0510405,6230,ROZLOHA,min,3.71,VMB2,972
CZ0510405,6430,ROZLOHA,min,0.65,VMB2,973
CZ0510405,7140,ROZLOHA,min,12.99,VMB2,974
CZ0510405,9130,ROZLOHA,min,12.57,VMB2,975
CZ0510405,9140,ROZLOHA,min,11.37,VMB2,976
CZ0510405,9180,ROZLOHA,min,8,MINIMI,977
CZ0510405,91D0,ROZLOHA,min,7.25,VMB2,978
CZ0510405,9410,ROZLOHA,min,32.24,VMB2,979
CZ0510408,7110,ROZLOHA,min,0.5,VMB2,980
CZ0510408,9110,ROZLOHA,min,2.94,VMB2,981
CZ0510408,91D0,ROZLOHA,min,12.47,VMB2,982
CZ0510408,9410,ROZLOHA,min,8.4,VMB2,983
CZ0510412,4030,ROZLOHA,min,11.92,VMB2,984
CZ0510412,7110,ROZLOHA,min,6.63,VMB2,985
CZ0510412,7140,ROZLOHA,min,1.28,VMB2,986
CZ0510412,8220,ROZLOHA,min,3.52,VMB2,987
CZ0510412,91D0,ROZLOHA,min,47.35,VMB2,988
CZ0510412,9410,ROZLOHA,min,124.8,VMB2,989
CZ0510415,3260,ROZLOHA,min,1.17,VMB2,990
CZ0510415,6230,ROZLOHA,min,10.55,VMB2,991
CZ0510415,7110,ROZLOHA,min,7.17,VMB2,992
CZ0510415,7140,ROZLOHA,min,46.48,VMB2,993
CZ0510415,91D0,ROZLOHA,min,175.03,VMB2,994
CZ0510415,9410,ROZLOHA,min,58.17,VMB2,995
CZ0510441,6510,ROZLOHA,min,26.15,VMB2,996
CZ0510441,8220,ROZLOHA,min,5.01,VMB2,997
CZ0510441,9170,ROZLOHA,min,41.65,VMB2,998
CZ0510441,9180,ROZLOHA,min,134.76,VMB2,999
CZ0510441,9.10E+01,ROZLOHA,min,12.67,VMB2,1000
CZ0510441,91I0,ROZLOHA,min,27.08,VMB2,1001
CZ0510508,4030,ROZLOHA,min,0.63,VMB2,1002
CZ0510508,6510,ROZLOHA,min,19.12,VMB2,1003
CZ0510508,8150,ROZLOHA,min,0.36,VMB2,1004
CZ0510508,8220,ROZLOHA,min,2.83,VMB2,1005
CZ0510508,9110,ROZLOHA,min,141.94,VMB2,1006
CZ0510509,9130,ROZLOHA,min,25.66,VMB2,1007
CZ0510509,9180,ROZLOHA,min,8.32,VMB2,1008
CZ0513506,2330,ROZLOHA,min,2.5,VMB2,1009
CZ0513506,3140,ROZLOHA,min,4.7,N/A,1010
CZ0513506,3150,ROZLOHA,min,17.36,VMB2,1011
CZ0513506,3260,ROZLOHA,min,23.86,VMB2,1012
CZ0513506,6410,ROZLOHA,min,10.05,SDF,1013
CZ0513506,6430,ROZLOHA,min,87.89,SDF,1014
CZ0513506,7140,ROZLOHA,min,6.59,SDF,1015
CZ0513506,91D0,ROZLOHA,min,41.25,VMB2,1016
CZ0513506,9.10E+01,ROZLOHA,min,17.44,VMB2,1017
CZ0514041,4030,ROZLOHA,min,0.35,VMB2,1018
CZ0514041,8220,ROZLOHA,min,0.87,VMB2,1019
CZ0514041,8310,ROZLOHA,min,0,N/A,1020
CZ0514041,9110,ROZLOHA,min,110.86,VMB2,1021
CZ0514041,9130,ROZLOHA,min,17.32,VMB2,1022
CZ0514042,2330,ROZLOHA,min,29.56,SDF,1023
CZ0514042,3140,ROZLOHA,min,0.51,N/A,1024
CZ0514042,3150,ROZLOHA,min,103.46,VMB2,1025
CZ0514042,3160,ROZLOHA,min,0.56,SDF,1026
CZ0514042,4030,ROZLOHA,min,6.94,SDF,1027
CZ0514042,6410,ROZLOHA,min,62.28,VMB2,1028
CZ0514042,6430,ROZLOHA,min,4.16,VMB2,1029
CZ0514042,7140,ROZLOHA,min,43.34,SDF,1030
CZ0514042,7150,ROZLOHA,min,12.83,SDF,1031
CZ0514042,7230,ROZLOHA,min,3.3,VMB2,1032
CZ0514042,8310,ROZLOHA,min,0.01,N/A,1033
CZ0514042,9110,ROZLOHA,min,892.65,SDF,1034
CZ0514042,91D0,ROZLOHA,min,350.06,VMB2,1035
CZ0514042,91T0,ROZLOHA,min,81.22,N/A,1036
CZ0514042,9410,ROZLOHA,min,178.08,VMB2,1037
CZ0514113,3140,ROZLOHA,min,0,N/A,1038
CZ0514113,3150,ROZLOHA,min,12.63,SDF,1039
CZ0514113,8310,ROZLOHA,min,0.01,N/A,1040
CZ0514243,8220,ROZLOHA,min,3.39,SDF,1041
CZ0514243,8310,ROZLOHA,min,0.01,N/A,1042
CZ0514243,9110,ROZLOHA,min,33.47,VMB2,1043
CZ0514667,8310,ROZLOHA,min,0.01,N/A,1044
CZ0514668,6230,ROZLOHA,min,3.23,SDF,1045
CZ0514668,6520,ROZLOHA,min,0.9,VMB2,1046
CZ0514668,9110,ROZLOHA,min,17.92,VMB2,1047
CZ0514668,9180,ROZLOHA,min,25.04,VMB2,1048
CZ0514669,3150,ROZLOHA,min,15.39,VMB2,1049
CZ0514669,3160,ROZLOHA,min,0.2,MINIMI,1050
CZ0514669,6410,ROZLOHA,min,3,MINIMI,1051
CZ0514669,7140,ROZLOHA,min,3.45,SDF,1052
CZ0514669,7150,ROZLOHA,min,1.44,VMB2,1053
CZ0514669,91D0,ROZLOHA,min,13.78,VMB2,1054
CZ0514670,3150,ROZLOHA,min,45.6,VMB2,1055
CZ0514670,6410,ROZLOHA,min,17.78,VMB2,1056
CZ0514670,6510,ROZLOHA,min,191.07,VMB2,1057
CZ0514670,7140,ROZLOHA,min,0.89,SDF,1058
CZ0514670,8220,ROZLOHA,min,3.59,VMB2,1059
CZ0514670,9130,ROZLOHA,min,30.38,VMB2,1060
CZ0514670,9170,ROZLOHA,min,45.98,VMB2,1061
CZ0514670,9180,ROZLOHA,min,18.45,SDF,1062
CZ0514672,3220,ROZLOHA,min,NA,,1063
CZ0514672,3260,ROZLOHA,min,NA,,1064
CZ0514672,4030,ROZLOHA,min,NA,,1065
CZ0514672,6430,ROZLOHA,min,NA,,1066
CZ0514672,8220,ROZLOHA,min,NA,,1067
CZ0514672,9110,ROZLOHA,min,NA,,1068
CZ0514672,9130,ROZLOHA,min,NA,,1069
CZ0514672,9180,ROZLOHA,min,NA,,1070
CZ0520008,8210,ROZLOHA,min,0.76,VMB2,1071
CZ0520009,6410,ROZLOHA,min,0.64,VMB2,1072
CZ0520009,6510,ROZLOHA,min,1.28,VMB2,1073
CZ0520009,9170,ROZLOHA,min,90.65,VMB2,1074
CZ0520020,8220,ROZLOHA,min,2.82,VMB2,1075
CZ0520020,9110,ROZLOHA,min,19.48,VMB2,1076
CZ0520020,9130,ROZLOHA,min,37.71,VMB2,1077
CZ0520022,3150,ROZLOHA,min,3.65,SDF,1078
CZ0520022,6410,ROZLOHA,min,6.57,VMB2,1079
CZ0520022,6510,ROZLOHA,min,4.84,VMB2,1080
CZ0520022,7230,ROZLOHA,min,0.04,VMB2,1081
CZ0520022,9170,ROZLOHA,min,17.52,VMB2,1082
CZ0520028,7220,ROZLOHA,min,0.99,VMB2,1083
CZ0520028,8210,ROZLOHA,min,0.13,VMB2,1084
CZ0520028,9180,ROZLOHA,min,11.88,VMB2,1085
CZ0520030,9170,ROZLOHA,min,1131.85,VMB2,1086
CZ0520030,9.10E+01,ROZLOHA,min,16.68,VMB2,1087
CZ0520038,9170,ROZLOHA,min,575.69,VMB2,1088
CZ0520038,9190,ROZLOHA,min,17.71,VMB2,1089
CZ0520178,6510,ROZLOHA,min,69.91,SDF,1090
CZ0520178,9110,ROZLOHA,min,8.38,VMB2,1091
CZ0520178,9130,ROZLOHA,min,7.16,VMB2,1092
CZ0520178,9.10E+01,ROZLOHA,min,6.49,VMB2,1093
CZ0520184,9170,ROZLOHA,min,275.31,VMB2,1094
CZ0520184,9190,ROZLOHA,min,104.83,VMB2,1095
CZ0520507,6510,ROZLOHA,min,8.5,EXPERT,1096
CZ0520507,8210,ROZLOHA,min,0.93,VMB2,1097
CZ0520507,9130,ROZLOHA,min,34.72,VMB2,1098
CZ0520507,9180,ROZLOHA,min,20.23,VMB2,1099
CZ0520508,6510,ROZLOHA,min,10.17,SDF,1100
CZ0520508,8210,ROZLOHA,min,0.26,VMB2,1101
CZ0520508,9130,ROZLOHA,min,72.51,VMB2,1102
CZ0520511,6510,ROZLOHA,min,22.6,VMB2,1103
CZ0520511,9110,ROZLOHA,min,42.06,VMB2,1104
CZ0520511,9130,ROZLOHA,min,4.74,VMB2,1105
CZ0520511,9.10E+01,ROZLOHA,min,3.55,VMB2,1106
CZ0520518,4030,ROZLOHA,min,1.75,SDF,1107
CZ0520518,8220,ROZLOHA,min,73.34,SDF,1108
CZ0520518,8310,ROZLOHA,min,0.01,N/A,1109
CZ0520518,9110,ROZLOHA,min,103.25,SDF,1110
CZ0520518,9130,ROZLOHA,min,89.1,SDF,1111
CZ0520519,7140,ROZLOHA,min,0.84,VMB2,1112
CZ0520519,8220,ROZLOHA,min,151.09,VMB2,1113
CZ0520519,8310,ROZLOHA,min,0.01,N/A,1114
CZ0520519,9110,ROZLOHA,min,92.93,VMB2,1115
CZ0520519,91D0,ROZLOHA,min,21.2,VMB2,1116
CZ0520519,9410,ROZLOHA,min,73.65,VMB2,1117
CZ0520600,9110,ROZLOHA,min,131.66,VMB2,1118
CZ0520600,9130,ROZLOHA,min,37.75,VMB2,1119
CZ0520600,9410,ROZLOHA,min,64.7,VMB2,1120
CZ0520603,6230,ROZLOHA,min,28.96,SDF,1121
CZ0520603,6430,ROZLOHA,min,3.91,SDF,1122
CZ0520603,6510,ROZLOHA,min,24.49,VMB2,1123
CZ0520604,8220,ROZLOHA,min,6.45,VMB2,1124
CZ0520604,9110,ROZLOHA,min,123.57,VMB2,1125
CZ0520604,9130,ROZLOHA,min,64.68,VMB2,1126
CZ0520604,9180,ROZLOHA,min,36.63,VMB2,1127
CZ0523267,6520,ROZLOHA,min,51.53,VMB2,1128
CZ0523267,9.10E+01,ROZLOHA,min,42.8,VMB2,1129
CZ0523268,6410,ROZLOHA,min,4.8,VMB2,1130
CZ0523268,9170,ROZLOHA,min,18.12,VMB2,1131
CZ0523268,9.10E+01,ROZLOHA,min,30.99,VMB2,1132
CZ0523290,3150,ROZLOHA,min,1.12,SDF,1133
CZ0524044,4030,ROZLOHA,min,36.89,VMB2,1134
CZ0524044,4060,ROZLOHA,min,248.22,VMB2,1135
CZ0524044,4070,ROZLOHA,min,1194.03,VMB2,1136
CZ0524044,4080,ROZLOHA,min,29.79,VMB2,1137
CZ0524044,6150,ROZLOHA,min,837.06,SDF,1138
CZ0524044,6230,ROZLOHA,min,873.2,VMB2,1139
CZ0524044,6430,ROZLOHA,min,833.82,SDF,1140
CZ0524044,6510,ROZLOHA,min,2994.46,SDF,1141
CZ0524044,6520,ROZLOHA,min,1821.62,VMB2,1142
CZ0524044,7110,ROZLOHA,min,146.91,SDF,1143
CZ0524044,7140,ROZLOHA,min,100.54,VMB2,1144
CZ0524044,8110,ROZLOHA,min,164.44,VMB2,1145
CZ0524044,8220,ROZLOHA,min,102.95,VMB2,1146
CZ0524044,8310,ROZLOHA,min,0.01,N/A,1147
CZ0524044,9110,ROZLOHA,min,8509.53,VMB2,1148
CZ0524044,9130,ROZLOHA,min,1524.78,VMB2,1149
CZ0524044,9140,ROZLOHA,min,1099.27,VMB2,1150
CZ0524044,9180,ROZLOHA,min,187.58,VMB2,1151
CZ0524044,91D0,ROZLOHA,min,205.3,VMB2,1152
CZ0524044,9.10E+01,ROZLOHA,min,291.42,VMB2,1153
CZ0524044,9410,ROZLOHA,min,5950.51,VMB2,1154
CZ0524045,6410,ROZLOHA,min,13.58,SDF,1155
CZ0524045,9.10E+01,ROZLOHA,min,14.66,VMB2,1156
CZ0524045,91F0,ROZLOHA,min,9.47,VMB2,1157
CZ0524046,6430,ROZLOHA,min,13.47,SDF,1158
CZ0524046,6520,ROZLOHA,min,7.7,VMB2,1159
CZ0524046,9110,ROZLOHA,min,345.52,VMB2,1160
CZ0524046,9130,ROZLOHA,min,141.83,VMB2,1161
CZ0524046,9410,ROZLOHA,min,158.5,VMB2,1162
CZ0524047,3260,ROZLOHA,min,9.69,VMB2,1163
CZ0524047,8150,ROZLOHA,min,0.2,VMB2,1164
CZ0524047,8220,ROZLOHA,min,9.58,VMB2,1165
CZ0524047,9110,ROZLOHA,min,206.08,VMB2,1166
CZ0524047,9130,ROZLOHA,min,28.62,VMB2,1167
CZ0524047,9180,ROZLOHA,min,20.69,VMB2,1168
CZ0524048,7230,ROZLOHA,min,0.37,VMB2,1169
CZ0524049,2330,ROZLOHA,min,1.44,VMB2,1170
CZ0524049,3150,ROZLOHA,min,23.05,VMB2,1171
CZ0524049,3260,ROZLOHA,min,37.84,VMB2,1172
CZ0524049,6410,ROZLOHA,min,63.45,VMB2,1173
CZ0524049,6430,ROZLOHA,min,4.46,VMB2,1174
CZ0524049,6510,ROZLOHA,min,136.85,VMB2,1175
CZ0524049,9.10E+01,ROZLOHA,min,160.41,VMB2,1176
CZ0524049,91F0,ROZLOHA,min,23.82,VMB2,1177
CZ0524050,3150,ROZLOHA,min,2.7,VMB2,1178
CZ0524050,9170,ROZLOHA,min,92.45,VMB2,1179
CZ0530020,8210,ROZLOHA,min,1.33,VMB2,1180
CZ0530020,9130,ROZLOHA,min,470.9,VMB2,1181
CZ0530020,9180,ROZLOHA,min,46.49,VMB2,1182
CZ0530021,3150,ROZLOHA,min,6.64,VMB2,1183
CZ0530021,7140,ROZLOHA,min,2.08,SDF,1184
CZ0530021,9170,ROZLOHA,min,175.32,VMB2,1185
CZ0530021,9190,ROZLOHA,min,33.43,VMB2,1186
CZ0530027,6430,ROZLOHA,min,6.43,SDF,1187
CZ0530027,9130,ROZLOHA,min,179.85,VMB2,1188
CZ0530027,9.10E+01,ROZLOHA,min,12.85,VMB2,1189
CZ0530028,8210,ROZLOHA,min,0.91,VMB2,1190
CZ0530028,9130,ROZLOHA,min,68.58,VMB2,1191
CZ0530033,6210,ROZLOHA,min,7,EXPERT,1192
CZ0530033,6510,ROZLOHA,min,100,EXPERT,1193
CZ0530033,9110,ROZLOHA,min,81.87,VMB2,1194
CZ0530033,9130,ROZLOHA,min,267.42,VMB2,1195
CZ0530034,9110,ROZLOHA,min,87.14,VMB2,1196
CZ0530034,9130,ROZLOHA,min,114.77,VMB2,1197
CZ0530034,9.10E+01,ROZLOHA,min,11.91,VMB2,1198
CZ0530037,9180,ROZLOHA,min,7.08,VMB2,1199
CZ0530064,6410,ROZLOHA,min,9.02,VMB2,1200
CZ0530146,4060,ROZLOHA,min,22.47,VMB2,1201
CZ0530146,6150,ROZLOHA,min,8.21,VMB2,1202
CZ0530146,6430,ROZLOHA,min,64.83,VMB2,1203
CZ0530146,7110,ROZLOHA,min,1.8,VMB2,1204
CZ0530146,8110,ROZLOHA,min,15.11,VMB2,1205
CZ0530146,8220,ROZLOHA,min,3.04,VMB2,1206
CZ0530146,8310,ROZLOHA,min,0.02,N/A,1207
CZ0530146,9110,ROZLOHA,min,41.16,VMB2,1208
CZ0530146,91D0,ROZLOHA,min,5.99,VMB2,1209
CZ0530146,9410,ROZLOHA,min,863.28,VMB2,1210
CZ0530149,6510,ROZLOHA,min,29.82,SDF,1211
CZ0530149,9130,ROZLOHA,min,184,SDF,1212
CZ0530149,9180,ROZLOHA,min,13.38,VMB2,1213
CZ0530149,9.10E+01,ROZLOHA,min,8.47,VMB2,1214
CZ0530174,6410,ROZLOHA,min,0.5,EXPERT,1215
CZ0530174,9.10E+01,ROZLOHA,min,18.87,VMB2,1216
CZ0530500,6190,ROZLOHA,min,0.32,VMB2,1217
CZ0530500,8220,ROZLOHA,min,2.17,VMB2,1218
CZ0530500,9110,ROZLOHA,min,138.53,VMB2,1219
CZ0530500,9130,ROZLOHA,min,98.8,VMB2,1220
CZ0530500,9180,ROZLOHA,min,42.32,VMB2,1221
CZ0530501,8210,ROZLOHA,min,2.98,VMB2,1222
CZ0530501,9130,ROZLOHA,min,58.9,VMB2,1223
CZ0530501,9180,ROZLOHA,min,51.98,VMB2,1224
CZ0530502,2330,ROZLOHA,min,0.35,VMB2,1225
CZ0530503,8220,ROZLOHA,min,1.52,VMB2,1226
CZ0530503,9110,ROZLOHA,min,40.59,VMB2,1227
CZ0530503,9130,ROZLOHA,min,14.71,VMB2,1228
CZ0530504,6230,ROZLOHA,min,3.49,VMB2,1229
CZ0532132,6210,ROZLOHA,min,4,VMB2,1230
CZ0532132,6510,ROZLOHA,min,2.4,VMB2,1231
CZ0533296,3140,ROZLOHA,min,0.36,N/A,1232
CZ0533303,3260,ROZLOHA,min,10.21,VMB2,1233
CZ0534050,3150,ROZLOHA,min,11.86,SDF,1234
CZ0534051,6210,ROZLOHA,min,3.1,VMB2,1235
CZ0534051,6510,ROZLOHA,min,6.83,VMB2,1236
CZ0534051,9.10E+01,ROZLOHA,min,5.01,VMB2,1237
CZ0534052,3260,ROZLOHA,min,9.38,VMB2,1238
CZ0534053,6510,ROZLOHA,min,55.52,SDF,1239
CZ0534053,8220,ROZLOHA,min,5.53,SDF,1240
CZ0534053,9110,ROZLOHA,min,18.96,VMB2,1241
CZ0534053,9130,ROZLOHA,min,31.01,VMB2,1242
CZ0534053,9180,ROZLOHA,min,35.64,VMB2,1243
CZ0534054,3140,ROZLOHA,min,0.67,N/A,1244
CZ0534054,6410,ROZLOHA,min,7.82,VMB2,1245
CZ0534054,6430,ROZLOHA,min,3,VMB2,1246
CZ0534054,7140,ROZLOHA,min,8.66,VMB2,1247
CZ0534054,9.10E+01,ROZLOHA,min,19.37,VMB2,1248
CZ0534055,6410,ROZLOHA,min,8.19,VMB2,1249
CZ0534055,7140,ROZLOHA,min,1.22,VMB2,1250
CZ0610003,9130,ROZLOHA,min,184.52,VMB2,1251
CZ0610005,5130,ROZLOHA,min,1.61,VMB2,1252
CZ0610005,9150,ROZLOHA,min,7.37,VMB2,1253
CZ0610022,6410,ROZLOHA,min,9.6,VMB2,1254
CZ0610025,9130,ROZLOHA,min,47.15,VMB2,1255
CZ0610025,9170,ROZLOHA,min,50,EXPERT,1256
CZ0610029,3130,ROZLOHA,min,0.7,MINIMI,1257
CZ0610030,3150,ROZLOHA,min,4.16,VMB2,1258
CZ0610056,6210,ROZLOHA,min,0.39,VMB2,1259
CZ0610056,6210p,ROZLOHA,min,3.02,VMB2,1260
CZ0610056,6510,ROZLOHA,min,4.25,VMB2,1261
CZ0610145,9.10E+01,ROZLOHA,min,9.86,VMB2,1262
CZ0610159,9130,ROZLOHA,min,125.19,VMB2,1263
CZ0610159,9180,ROZLOHA,min,6.38,VMB2,1264
CZ0610170,3130,ROZLOHA,min,1,EXPERT,1265
CZ0610170,6230,ROZLOHA,min,14.51,VMB2,1266
CZ0610170,7140,ROZLOHA,min,31.3,VMB2,1267
CZ0610175,9110,ROZLOHA,min,44.12,VMB2,1268
CZ0610179,6510,ROZLOHA,min,24.25,VMB2,1269
CZ0610179,9170,ROZLOHA,min,144.65,VMB2,1270
CZ0610401,9110,ROZLOHA,min,17.01,VMB2,1271
CZ0610401,9130,ROZLOHA,min,18.16,VMB2,1272
CZ0610412,9110,ROZLOHA,min,37.7,VMB2,1273
CZ0610412,9130,ROZLOHA,min,74.56,VMB2,1274
CZ0610412,9.10E+01,ROZLOHA,min,105.71,VMB2,1275
CZ0610512,3150,ROZLOHA,min,11.35,VMB2,1276
CZ0610513,6230,ROZLOHA,min,2.91,VMB2,1277
CZ0610514,3140,ROZLOHA,min,0.05,N/A,1278
CZ0610514,6230,ROZLOHA,min,2.73,VMB2,1279
CZ0610515,6230,ROZLOHA,min,1.94,VMB2,1280
CZ0610516,6230,ROZLOHA,min,7.22,VMB2,1281
CZ0610517,6230,ROZLOHA,min,12.7,VMB2,1282
CZ0610518,6230,ROZLOHA,min,2.18,VMB2,1283
CZ0610519,3140,ROZLOHA,min,0,N/A,1284
CZ0610519,3160,ROZLOHA,min,1.24,SDF,1285
CZ0612135,3130,ROZLOHA,min,0.46,SDF,1286
CZ0612137,3130,ROZLOHA,min,1.57,SDF,1287
CZ0612140,3130,ROZLOHA,min,5.71,SDF,1288
CZ0612143,3130,ROZLOHA,min,1.5,EXPERT,1289
CZ0612145,3130,ROZLOHA,min,1.2,EXPERT,1290
CZ0612149,8220,ROZLOHA,min,0.64,VMB2,1291
CZ0613321,6230,ROZLOHA,min,11.09,SDF,1292
CZ0613334,3260,ROZLOHA,min,13.85,VMB2,1293
CZ0614053,3140,ROZLOHA,min,NA,NA,1294
CZ0614053,6410,ROZLOHA,min,3.75,VMB3,1295
CZ0614053,7140,ROZLOHA,min,33.1,VMB2,1296
CZ0614053,91D0,ROZLOHA,min,148.63,VMB2,1297
CZ0614053,9410,ROZLOHA,min,40.11,VMB3,1298
CZ0614054,4030,ROZLOHA,min,1.12,VMB2,1299
CZ0614054,5130,ROZLOHA,min,6.2,VMB2,1300
CZ0614054,6230,ROZLOHA,min,4.3,VMB2,1301
CZ0614054,7140,ROZLOHA,min,15.31,VMB2,1302
CZ0614056,6230,ROZLOHA,min,1.19,VMB2,1303
CZ0614056,7140,ROZLOHA,min,4.53,VMB2,1304
CZ0614057,3130,ROZLOHA,min,12.79,VMB2,1305
CZ0614058,3130,ROZLOHA,min,2.22,SDF,1306
CZ0614058,3150,ROZLOHA,min,2.22,VMB2,1307
CZ0614059,6230,ROZLOHA,min,1.23,VMB2,1308
CZ0614059,6410,ROZLOHA,min,2.31,VMB2,1309
CZ0614059,7140,ROZLOHA,min,8.93,VMB2,1310
CZ0614059,7230,ROZLOHA,min,0.31,VMB2,1311
CZ0614131,3260,ROZLOHA,min,40.4,SDF,1312
CZ0614131,6190,ROZLOHA,min,4.46,VMB2,1313
CZ0614131,6210,ROZLOHA,min,9.92,VMB2,1314
CZ0614131,8150,ROZLOHA,min,2.15,SDF,1315
CZ0614131,8220,ROZLOHA,min,29.03,VMB2,1316
CZ0614131,9170,ROZLOHA,min,526,VMB2,1317
CZ0614131,9180,ROZLOHA,min,90.14,VMB2,1318
CZ0614131,91I0,ROZLOHA,min,7.33,VMB2,1319
CZ0614132,3130,ROZLOHA,min,1.38,SDF,1320
CZ0614133,6210,ROZLOHA,min,10.57,VMB2,1321
CZ0614133,6510,ROZLOHA,min,4.88,VMB2,1322
CZ0614134,3260,ROZLOHA,min,39.13,SDF,1323
CZ0614134,6190,ROZLOHA,min,20.23,VMB2,1324
CZ0614134,6210,ROZLOHA,min,43.63,VMB2,1325
CZ0614134,6240,ROZLOHA,min,32.47,VMB2,1326
CZ0614134,8220,ROZLOHA,min,14.42,VMB2,1327
CZ0614134,9170,ROZLOHA,min,197.01,VMB2,1328
CZ0614134,9180,ROZLOHA,min,52.63,VMB2,1329
CZ0614134,91I0,ROZLOHA,min,15.32,VMB2,1330
CZ0614135,7140,ROZLOHA,min,1.28,VMB2,1331
CZ0614136,7140,ROZLOHA,min,2.5,VMB2,1332
CZ0614137,7140,ROZLOHA,min,2.33,VMB2,1333
CZ0620001,6240,ROZLOHA,min,1.17,VMB2,1334
CZ0620002,6210,ROZLOHA,min,11.26,VMB2,1335
CZ0620002,6210p,ROZLOHA,min,0.54,VMB2,1336
CZ0620002,6240,ROZLOHA,min,1.06,VMB2,1337
CZ0620003,6210,ROZLOHA,min,5.3,VMB2,1338
CZ0620004,4030,ROZLOHA,min,1.51,SDF,1339
CZ0620004,40A0,ROZLOHA,min,0.11,SDF,1340
CZ0620004,6210p,ROZLOHA,min,0.75,SDF,1341
CZ0620005,6210,ROZLOHA,min,10.31,VMB2,1342
CZ0620005,6210p,ROZLOHA,min,1,VMB2,1343
CZ0620005,91G0,ROZLOHA,min,13.52,VMB2,1344
CZ0620006,6210,ROZLOHA,min,2.93,VMB2,1345
CZ0620006,6240,ROZLOHA,min,1.5,EXPERT,1346
CZ0620007,6210,ROZLOHA,min,2.44,VMB2,1347
CZ0620008,6210p,ROZLOHA,min,2.65,SDF,1348
CZ0620009,3130,ROZLOHA,min,0.17,VMB2,1349
CZ0620010,3260,ROZLOHA,min,1.97,VMB2,1350
CZ0620011,6210,ROZLOHA,min,5.18,SDF,1351
CZ0620011,6210p,ROZLOHA,min,1.61,SDF,1352
CZ0620013,8160,ROZLOHA,min,0.37,VMB2,1353
CZ0620014,6210p,ROZLOHA,min,2.35,VMB2,1354
CZ0620014,6240,ROZLOHA,min,1.53,VMB2,1355
CZ0620016,6210,ROZLOHA,min,7.74,VMB2,1356
CZ0620016,6210p,ROZLOHA,min,0.86,MINIMI,1357
CZ0620017,6210p,ROZLOHA,min,1.58,SDF,1358
CZ0620018,6210,ROZLOHA,min,10.95,VMB2,1359
CZ0620018,6240,ROZLOHA,min,3.65,VMB2,1360
CZ0620020,6210,ROZLOHA,min,34.9,SDF,1361
CZ0620020,6210p,ROZLOHA,min,1.25,SDF,1362
CZ0620024,2330,ROZLOHA,min,1.38,VMB2,1363
CZ0620024,6260,ROZLOHA,min,52.3,VMB2,1364
CZ0620031,1340,ROZLOHA,min,1.75,VMB2,1365
CZ0620037,9170,ROZLOHA,min,52.47,VMB2,1366
CZ0620037,91I0,ROZLOHA,min,69.52,VMB2,1367
CZ0620048,6210,ROZLOHA,min,24.24,SDF,1368
CZ0620048,6240,ROZLOHA,min,2.82,VMB2,1369
CZ0620049,6240,ROZLOHA,min,1.2,VMB2,1370
CZ0620051,6110,ROZLOHA,min,0.12,VMB2,1371
CZ0620051,6240,ROZLOHA,min,1.64,VMB2,1372
CZ0620055,91G0,ROZLOHA,min,104.52,VMB2,1373
CZ0620056,6210,ROZLOHA,min,2.64,VMB2,1374
CZ0620073,2330,ROZLOHA,min,11.54,VMB2,1375
CZ0620076,1340,ROZLOHA,min,3.44,SDF,1376
CZ0620078,3140,ROZLOHA,min,0.32,N/A,1377
CZ0620078,6410,ROZLOHA,min,0.93,SDF,1378
CZ0620078,7230,ROZLOHA,min,1.4,SDF,1379
CZ0620084,3150,ROZLOHA,min,5.42,SDF,1380
CZ0620084,9.10E+01,ROZLOHA,min,22.6,VMB2,1381
CZ0620084,91F0,ROZLOHA,min,180.95,VMB2,1382
CZ0620101,91I0,ROZLOHA,min,68.31,VMB2,1383
CZ0620103,9170,ROZLOHA,min,176,VMB2,1384
CZ0620103,91G0,ROZLOHA,min,255.23,VMB2,1385
CZ0620103,91I0,ROZLOHA,min,20.93,VMB2,1386
CZ0620120,6210,ROZLOHA,min,2.02,VMB2,1387
CZ0620120,9170,ROZLOHA,min,30.63,VMB2,1388
CZ0620120,91I0,ROZLOHA,min,11.72,VMB2,1389
CZ0620132,6510,ROZLOHA,min,8.43,VMB2,1390
CZ0620132,8220,ROZLOHA,min,2.5,VMB2,1391
CZ0620132,9130,ROZLOHA,min,23.33,VMB2,1392
CZ0620132,9180,ROZLOHA,min,31.61,VMB2,1393
CZ0620139,6210,ROZLOHA,min,6.88,VMB2,1394
CZ0620147,6110,ROZLOHA,min,1.87,SDF,1395
CZ0620147,6240,ROZLOHA,min,15.62,VMB2,1396
CZ0620154,6210,ROZLOHA,min,49.92,VMB2,1397
CZ0620154,8230,ROZLOHA,min,20.81,VMB2,1398
CZ0620158,1340,ROZLOHA,min,3.92,SDF,1399
CZ0620158,91F0,ROZLOHA,min,55.78,SDF,1400
CZ0620162,40A0,ROZLOHA,min,0.25,VMB2,1401
CZ0620162,6240,ROZLOHA,min,16.01,VMB2,1402
CZ0620162,6250,ROZLOHA,min,13.99,VMB2,1403
CZ0620169,6210,ROZLOHA,min,10.78,VMB2,1404
CZ0620169,91G0,ROZLOHA,min,311.95,VMB2,1405
CZ0620169,91I0,ROZLOHA,min,99.5,VMB2,1406
CZ0620177,91G0,ROZLOHA,min,595.6,VMB2,1407
CZ0620177,91I0,ROZLOHA,min,85.73,VMB2,1408
CZ0620181,9.10E+01,ROZLOHA,min,8.1,MINIMI,1409
CZ0620181,91F0,ROZLOHA,min,41.6,VMB2,1410
CZ0620187,1340,ROZLOHA,min,0.73,VMB2,1411
CZ0620191,3260,ROZLOHA,min,5.63,VMB2,1412
CZ0620191,8220,ROZLOHA,min,6.32,VMB2,1413
CZ0620191,9130,ROZLOHA,min,39.32,VMB2,1414
CZ0620191,9170,ROZLOHA,min,95.78,VMB2,1415
CZ0620191,9180,ROZLOHA,min,83.28,VMB2,1416
CZ0620194,8220,ROZLOHA,min,4.79,SDF,1417
CZ0620194,9180,ROZLOHA,min,119.04,VMB2,1418
CZ0620204,9170,ROZLOHA,min,89.63,VMB2,1419
CZ0620245,6510,ROZLOHA,min,102.16,SDF,1420
CZ0620245,8220,ROZLOHA,min,4.76,VMB2,1421
CZ0620245,9110,ROZLOHA,min,211.52,VMB2,1422
CZ0620245,9130,ROZLOHA,min,187.73,VMB2,1423
CZ0620245,9180,ROZLOHA,min,24.6,VMB2,1424
CZ0620245,9.10E+01,ROZLOHA,min,25.63,VMB2,1425
CZ0620412,8150,ROZLOHA,min,0.9,VMB2,1426
CZ0620412,9180,ROZLOHA,min,6.95,VMB2,1427
CZ0620413,8150,ROZLOHA,min,0.23,VMB2,1428
CZ0620413,8220,ROZLOHA,min,0.89,VMB2,1429
CZ0620414,6230,ROZLOHA,min,8.77,VMB2,1430
CZ0620415,3140,ROZLOHA,min,0.06,N/A,1431
CZ0620416,3130,ROZLOHA,min,0.7,VMB2,1432
CZ0620417,6250,ROZLOHA,min,1.08,VMB2,1433
CZ0620418,3130,ROZLOHA,min,3.02,SDF,1434
CZ0620419,6210,ROZLOHA,min,10.84,VMB2,1435
CZ0620419,6240,ROZLOHA,min,0.39,VMB2,1436
CZ0620421,91G0,ROZLOHA,min,739.46,SDF,1437
CZ0622009,6210,ROZLOHA,min,5.81,VMB2,1438
CZ0622037,3130,ROZLOHA,min,1.98,VMB2,1439
CZ0622169,6210,ROZLOHA,min,0.64,VMB2,1440
CZ0622217,6210,ROZLOHA,min,10.22,VMB2,1441
CZ0622218,40A0,ROZLOHA,min,0.34,SDF,1442
CZ0622218,6210,ROZLOHA,min,31.79,VMB2,1443
CZ0622218,6250,ROZLOHA,min,2.89,VMB2,1444
CZ0622223,6240,ROZLOHA,min,3.66,VMB2,1445
CZ0623004,9.10E+01,ROZLOHA,min,12.8,VMB2,1446
CZ0623030,3130,ROZLOHA,min,0.8,SDF,1447
CZ0623035,6250,ROZLOHA,min,2.75,VMB2,1448
CZ0623041,3260,ROZLOHA,min,1.01,VMB2,1449
CZ0623046,9.10E+01,ROZLOHA,min,20.09,VMB2,1450
CZ0623324,3260,ROZLOHA,min,2.68,VMB2,1451
CZ0623798,9.10E+01,ROZLOHA,min,14.41,VMB2,1452
CZ0623799,91F0,ROZLOHA,min,116.89,VMB2,1453
CZ0624001,3260,ROZLOHA,min,3.1,VMB2,1454
CZ0624001,6430,ROZLOHA,min,1.85,VMB2,1455
CZ0624020,6110,ROZLOHA,min,0.12,VMB2,1456
CZ0624020,6190,ROZLOHA,min,0.5,MINIMI,1457
CZ0624020,6210,ROZLOHA,min,5.83,VMB2,1458
CZ0624020,6240,ROZLOHA,min,1.79,VMB2,1459
CZ0624020,8210,ROZLOHA,min,0.99,VMB2,1460
CZ0624020,8310,ROZLOHA,min,NA,NA,1461
CZ0624043,6190,ROZLOHA,min,6.92,VMB2,1462
CZ0624043,6210,ROZLOHA,min,11.05,SDF,1463
CZ0624043,6240,ROZLOHA,min,7,EXPERT,1464
CZ0624043,8160,ROZLOHA,min,0.01,VMB3,1465
CZ0624043,8210,ROZLOHA,min,0.08,VMB3,1466
CZ0624043,8310,ROZLOHA,min,NA,NA,1467
CZ0624060,6210,ROZLOHA,min,17.89,VMB2,1468
CZ0624060,6250,ROZLOHA,min,17.14,VMB2,1469
CZ0624060,91G0,ROZLOHA,min,40,EXPERT,1470
CZ0624060,91I0,ROZLOHA,min,34.39,VMB2,1471
CZ0624062,6210,ROZLOHA,min,14.21,VMB2,1472
CZ0624062,91G0,ROZLOHA,min,143.25,VMB2,1473
CZ0624062,91I0,ROZLOHA,min,10.15,VMB2,1474
CZ0624064,6410,ROZLOHA,min,4.68,VMB2,1475
CZ0624064,9170,ROZLOHA,min,550.6,VMB2,1476
CZ0624064,91G0,ROZLOHA,min,35.29,VMB2,1477
CZ0624064,91I0,ROZLOHA,min,66.11,VMB2,1478
CZ0624065,6240,ROZLOHA,min,4.38,VMB2,1479
CZ0624065,8310,ROZLOHA,min,0.04,N/A,1480
CZ0624065,9150,ROZLOHA,min,16.91,VMB2,1481
CZ0624065,9170,ROZLOHA,min,19.67,SDF,1482
CZ0624065,9180,ROZLOHA,min,3.14,VMB2,1483
CZ0624065,91H0,ROZLOHA,min,11.41,VMB2,1484
CZ0624066,6210,ROZLOHA,min,17.25,SDF,1485
CZ0624066,9170,ROZLOHA,min,28.47,VMB2,1486
CZ0624068,3150,ROZLOHA,min,4.03,SDF,1487
CZ0624068,3270,ROZLOHA,min,0.69,VMB2,1488
CZ0624068,6430,ROZLOHA,min,0.5,SDF,1489
CZ0624068,9.10E+01,ROZLOHA,min,23.27,VMB2,1490
CZ0624068,91F0,ROZLOHA,min,421.43,VMB2,1491
CZ0624069,6210,ROZLOHA,min,0.18,MINIMI,1492
CZ0624069,6210p,ROZLOHA,min,2.79,VMB2,1493
CZ0624069,9170,ROZLOHA,min,306.64,VMB2,1494
CZ0624069,91I0,ROZLOHA,min,10.9,VMB2,1495
CZ0624070,2330,ROZLOHA,min,38.35,SDF,1496
CZ0624070,6260,ROZLOHA,min,12.06,SDF,1497
CZ0624070,9.10E+01,ROZLOHA,min,184.72,VMB2,1498
CZ0624070,91G0,ROZLOHA,min,266.91,VMB2,1499
CZ0624070,91I0,ROZLOHA,min,819.88,VMB2,1500
CZ0624071,3150,ROZLOHA,min,2.9,SDF,1501
CZ0624071,6410,ROZLOHA,min,4.13,SDF,1502
CZ0624071,6440,ROZLOHA,min,25.02,VMB2,1503
CZ0624071,9.10E+01,ROZLOHA,min,6.07,VMB2,1504
CZ0624071,91F0,ROZLOHA,min,138.94,VMB2,1505
CZ0624072,3140,ROZLOHA,min,0,N/A,1506
CZ0624072,6210,ROZLOHA,min,838.95,VMB2,1507
CZ0624072,6210p,ROZLOHA,min,177.82,SDF,1508
CZ0624072,6410,ROZLOHA,min,3.39,SDF,1509
CZ0624072,6430,ROZLOHA,min,1.19,SDF,1510
CZ0624072,6510,ROZLOHA,min,103.72,VMB2,1511
CZ0624072,7220,ROZLOHA,min,0.56,SDF,1512
CZ0624072,9130,ROZLOHA,min,637.71,VMB2,1513
CZ0624072,9170,ROZLOHA,min,1276.97,VMB2,1514
CZ0624072,9.10E+01,ROZLOHA,min,62.99,VMB2,1515
CZ0624072,91G0,ROZLOHA,min,21.26,VMB2,1516
CZ0624072,91I0,ROZLOHA,min,142.29,SDF,1517
CZ0624094,9170,ROZLOHA,min,35.26,VMB2,1518
CZ0624095,3150,ROZLOHA,min,0.56,MINIMI,1519
CZ0624095,3260,ROZLOHA,min,5.69,SDF,1520
CZ0624095,3270,ROZLOHA,min,0.83,VMB2,1521
CZ0624095,40A0,ROZLOHA,min,0.88,VMB2,1522
CZ0624095,6190,ROZLOHA,min,11.94,VMB2,1523
CZ0624095,6510,ROZLOHA,min,22.81,VMB2,1524
CZ0624095,8150,ROZLOHA,min,0.94,VMB2,1525
CZ0624095,8210,ROZLOHA,min,0.85,VMB2,1526
CZ0624095,8220,ROZLOHA,min,20.65,VMB2,1527
CZ0624095,8230,ROZLOHA,min,1.21,SDF,1528
CZ0624095,9170,ROZLOHA,min,813.55,VMB2,1529
CZ0624095,9180,ROZLOHA,min,129.53,VMB2,1530
CZ0624095,91H0,ROZLOHA,min,11.77,MINIMI,1531
CZ0624095,91U0,ROZLOHA,min,0.35,VMB2,1532
CZ0624096,3260,ROZLOHA,min,55.55,VMB2,1533
CZ0624096,4030,ROZLOHA,min,29.21,SDF,1534
CZ0624096,40A0,ROZLOHA,min,4.09,VMB2,1535
CZ0624096,5130,ROZLOHA,min,6.62,SDF,1536
CZ0624096,6190,ROZLOHA,min,8.02,SDF,1537
CZ0624096,6210,ROZLOHA,min,73.48,VMB2,1538
CZ0624096,6510,ROZLOHA,min,121.36,SDF,1539
CZ0624096,8150,ROZLOHA,min,1.75,SDF,1540
CZ0624096,8220,ROZLOHA,min,37.2,SDF,1541
CZ0624096,8230,ROZLOHA,min,3.73,SDF,1542
CZ0624096,8310,ROZLOHA,min,0.25,N/A,1543
CZ0624096,9170,ROZLOHA,min,2384.64,VMB2,1544
CZ0624096,9180,ROZLOHA,min,135.66,SDF,1545
CZ0624096,91I0,ROZLOHA,min,50.82,VMB2,1546
CZ0624097,6210,ROZLOHA,min,4.51,VMB2,1547
CZ0624098,8310,ROZLOHA,min,NA,NA,1548
CZ0624099,3150,ROZLOHA,min,5.25,VMB2,1549
CZ0624099,6440,ROZLOHA,min,222.68,VMB2,1550
CZ0624099,6510,ROZLOHA,min,196.74,VMB2,1551
CZ0624099,9.10E+01,ROZLOHA,min,49.63,VMB2,1552
CZ0624099,91F0,ROZLOHA,min,1180.77,VMB2,1553
CZ0624100,6210,ROZLOHA,min,17.16,VMB2,1554
CZ0624100,6240,ROZLOHA,min,6.15,VMB2,1555
CZ0624100,91G0,ROZLOHA,min,945.75,VMB2,1556
CZ0624100,91H0,ROZLOHA,min,50.86,VMB2,1557
CZ0624100,91I0,ROZLOHA,min,752.05,VMB2,1558
CZ0624101,6240,ROZLOHA,min,6.76,VMB2,1559
CZ0624101,91G0,ROZLOHA,min,325.85,VMB2,1560
CZ0624101,91I0,ROZLOHA,min,213.93,VMB2,1561
CZ0624102,1340,ROZLOHA,min,7.54,VMB2,1562
CZ0624103,3150,ROZLOHA,min,1.55,VMB2,1563
CZ0624103,9.10E+01,ROZLOHA,min,13.94,VMB2,1564
CZ0624103,91F0,ROZLOHA,min,352.93,VMB2,1565
CZ0624104,6190,ROZLOHA,min,11.03,SDF,1566
CZ0624104,6210,ROZLOHA,min,24.88,VMB2,1567
CZ0624104,6240,ROZLOHA,min,52.12,VMB2,1568
CZ0624104,8160,ROZLOHA,min,0.07,VMB2,1569
CZ0624104,8210,ROZLOHA,min,0.41,SDF,1570
CZ0624104,9180,ROZLOHA,min,144.28,VMB2,1571
CZ0624104,91G0,ROZLOHA,min,66.59,VMB2,1572
CZ0624104,91H0,ROZLOHA,min,16.73,VMB2,1573
CZ0624106,9170,ROZLOHA,min,360.61,VMB2,1574
CZ0624106,91G0,ROZLOHA,min,134.32,VMB2,1575
CZ0624108,6250,ROZLOHA,min,2.04,VMB2,1576
CZ0624112,6250,ROZLOHA,min,2.8,VMB2,1577
CZ0624114,6210,ROZLOHA,min,4.69,VMB2,1578
CZ0624114,6210p,ROZLOHA,min,8.26,VMB2,1579
CZ0624114,6240,ROZLOHA,min,4.84,VMB2,1580
CZ0624114,91G0,ROZLOHA,min,398.53,VMB2,1581
CZ0624114,91I0,ROZLOHA,min,130.49,SDF,1582
CZ0624115,6210,ROZLOHA,min,10.19,SDF,1583
CZ0624115,6210p,ROZLOHA,min,9.64,SDF,1584
CZ0624115,6240,ROZLOHA,min,30.74,VMB2,1585
CZ0624116,6250,ROZLOHA,min,11.59,VMB2,1586
CZ0624118,6210,ROZLOHA,min,10.19,VMB2,1587
CZ0624119,3130,ROZLOHA,min,0.24,VMB2,1588
CZ0624119,3150,ROZLOHA,min,137.19,SDF,1589
CZ0624119,3260,ROZLOHA,min,0.26,VMB2,1590
CZ0624119,3270,ROZLOHA,min,4.49,SDF,1591
CZ0624119,6210,ROZLOHA,min,48.15,SDF,1592
CZ0624119,6410,ROZLOHA,min,10.24,SDF,1593
CZ0624119,6430,ROZLOHA,min,0.8,SDF,1594
CZ0624119,6440,ROZLOHA,min,580.09,SDF,1595
CZ0624119,9.10E+01,ROZLOHA,min,96.68,VMB2,1596
CZ0624119,91F0,ROZLOHA,min,4947.35,VMB2,1597
CZ0624119,91G0,ROZLOHA,min,113.37,VMB2,1598
CZ0624128,40A0,ROZLOHA,min,0.6,VMB2,1599
CZ0624128,6110,ROZLOHA,min,1.17,VMB2,1600
CZ0624128,6190,ROZLOHA,min,11.61,SDF,1601
CZ0624128,6240,ROZLOHA,min,10.56,VMB2,1602
CZ0624128,8220,ROZLOHA,min,2.11,SDF,1603
CZ0624129,6430,ROZLOHA,min,2.34,SDF,1604
CZ0624129,6510,ROZLOHA,min,5.54,SDF,1605
CZ0624129,9130,ROZLOHA,min,81.94,SDF,1606
CZ0624130,6110,ROZLOHA,min,1.19,SDF,1607
CZ0624130,6190,ROZLOHA,min,4.05,VMB2,1608
CZ0624130,6210,ROZLOHA,min,80.18,VMB2,1609
CZ0624130,6240,ROZLOHA,min,4.51,SDF,1610
CZ0624130,6510,ROZLOHA,min,191.98,VMB2,1611
CZ0624130,8160,ROZLOHA,min,1.3,VMB2,1612
CZ0624130,8210,ROZLOHA,min,27.95,VMB2,1613
CZ0624130,8310,ROZLOHA,min,0,N/A,1614
CZ0624130,9130,ROZLOHA,min,1921.14,VMB2,1615
CZ0624130,9150,ROZLOHA,min,70.54,VMB2,1616
CZ0624130,9170,ROZLOHA,min,1065.95,VMB2,1617
CZ0624130,9180,ROZLOHA,min,231.92,VMB2,1618
CZ0624130,9.10E+01,ROZLOHA,min,25.24,VMB2,1619
CZ0624130,91G0,ROZLOHA,min,176.3,VMB2,1620
CZ0624130,91H0,ROZLOHA,min,10.51,VMB2,1621
CZ0624132,8220,ROZLOHA,min,13.07,VMB2,1622
CZ0624132,9130,ROZLOHA,min,649.91,VMB2,1623
CZ0624132,9170,ROZLOHA,min,243.94,VMB2,1624
CZ0624132,9180,ROZLOHA,min,61.56,VMB2,1625
CZ0624234,6190,ROZLOHA,min,3.28,VMB2,1626
CZ0624234,6240,ROZLOHA,min,4.75,VMB2,1627
CZ0624235,6110,ROZLOHA,min,0.24,VMB2,1628
CZ0624235,6210,ROZLOHA,min,1.13,VMB2,1629
CZ0624236,6210,ROZLOHA,min,3.93,SDF,1630
CZ0624236,6240,ROZLOHA,min,1.06,SDF,1631
CZ0627016,6210,ROZLOHA,min,0.99,SDF,1632
CZ0627016,6210p,ROZLOHA,min,4.84,SDF,1633
CZ0710004,6510,ROZLOHA,min,12.05,VMB2,1634
CZ0710006,6510,ROZLOHA,min,3.91,VMB2,1635
CZ0710006,9170,ROZLOHA,min,243.94,VMB2,1636
CZ0710007,6510,ROZLOHA,min,8.73,SDF,1637
CZ0710007,9170,ROZLOHA,min,191.08,VMB2,1638
CZ0710007,9.10E+01,ROZLOHA,min,11.74,VMB2,1639
CZ0710034,9170,ROZLOHA,min,30,MINIMI,1640
CZ0710148,6510,ROZLOHA,min,5.48,VMB2,1641
CZ0710148,9170,ROZLOHA,min,153.05,VMB2,1642
CZ0710161,9170,ROZLOHA,min,195.42,VMB2,1643
CZ0710161,91F0,ROZLOHA,min,261.91,SDF,1644
CZ0710182,3150,ROZLOHA,min,0.94,VMB2,1645
CZ0710182,6410,ROZLOHA,min,32.63,VMB2,1646
CZ0710182,9170,ROZLOHA,min,106.77,VMB2,1647
CZ0710182,9.10E+01,ROZLOHA,min,7.04,VMB2,1648
CZ0710183,6510,ROZLOHA,min,26.3,VMB2,1649
CZ0710183,8220,ROZLOHA,min,4.25,VMB2,1650
CZ0710183,9110,ROZLOHA,min,540.88,VMB2,1651
CZ0710183,9130,ROZLOHA,min,177.57,VMB2,1652
CZ0710183,9180,ROZLOHA,min,36.21,VMB2,1653
CZ0710183,9.10E+01,ROZLOHA,min,9.47,VMB2,1654
CZ0710505,40A0,ROZLOHA,min,0.3,VMB2,1655
CZ0712225,6210,ROZLOHA,min,1.73,VMB2,1656
CZ0714073,3150,ROZLOHA,min,1.98,SDF,1657
CZ0714073,6410,ROZLOHA,min,25.21,SDF,1658
CZ0714073,6510,ROZLOHA,min,43.78,SDF,1659
CZ0714073,8310,ROZLOHA,min,0.01,N/A,1660
CZ0714073,9170,ROZLOHA,min,1930.48,VMB2,1661
CZ0714073,9.10E+01,ROZLOHA,min,101.49,VMB2,1662
CZ0714073,91F0,ROZLOHA,min,2217.23,VMB2,1663
CZ0714075,4060,ROZLOHA,min,21.86,VMB2,1664
CZ0714075,6150,ROZLOHA,min,10.26,VMB2,1665
CZ0714075,6430,ROZLOHA,min,26.26,VMB2,1666
CZ0714075,7110,ROZLOHA,min,3.84,VMB2,1667
CZ0714075,8220,ROZLOHA,min,25.59,VMB2,1668
CZ0714075,9110,ROZLOHA,min,326.23,VMB2,1669
CZ0714075,91D0,ROZLOHA,min,76.45,VMB2,1670
CZ0714075,9410,ROZLOHA,min,1416.01,VMB2,1671
CZ0714076,6210,ROZLOHA,min,9.77,VMB2,1672
CZ0714076,6510,ROZLOHA,min,6.67,SDF,1673
CZ0714076,8210,ROZLOHA,min,1.37,VMB2,1674
CZ0714077,4060,ROZLOHA,min,250.27,VMB2,1675
CZ0714077,4080,ROZLOHA,min,7.06,VMB2,1676
CZ0714077,6150,ROZLOHA,min,252.27,VMB2,1677
CZ0714077,6430,ROZLOHA,min,293.24,VMB2,1678
CZ0714077,7110,ROZLOHA,min,13.57,VMB2,1679
CZ0714077,7140,ROZLOHA,min,6.35,VMB2,1680
CZ0714077,8110,ROZLOHA,min,9.23,VMB2,1681
CZ0714077,8220,ROZLOHA,min,7.44,VMB2,1682
CZ0714077,9110,ROZLOHA,min,303.47,VMB2,1683
CZ0714077,91D0,ROZLOHA,min,99.75,VMB2,1684
CZ0714077,9410,ROZLOHA,min,3850.38,VMB2,1685
CZ0714078,9110,ROZLOHA,min,14.95,VMB2,1686
CZ0714078,9130,ROZLOHA,min,458.77,VMB2,1687
CZ0714078,9180,ROZLOHA,min,28.13,VMB2,1688
CZ0714080,6110,ROZLOHA,min,0.13,VMB2,1689
CZ0714080,8210,ROZLOHA,min,7.34,VMB2,1690
CZ0714080,8310,ROZLOHA,min,0,N/A,1691
CZ0714080,9130,ROZLOHA,min,80.65,VMB2,1692
CZ0714080,9150,ROZLOHA,min,57.36,VMB2,1693
CZ0714080,9180,ROZLOHA,min,5.71,VMB2,1694
CZ0714081,6230,ROZLOHA,min,1.28,EXPERT,1695
CZ0714081,6430,ROZLOHA,min,4.71,SDF,1696
CZ0714081,7110,ROZLOHA,min,12.83,VMB2,1697
CZ0714081,7140,ROZLOHA,min,8.09,VMB2,1698
CZ0714081,91D0,ROZLOHA,min,52.63,VMB2,1699
CZ0714081,9410,ROZLOHA,min,169.15,VMB2,1700
CZ0714082,9170,ROZLOHA,min,38.74,VMB2,1701
CZ0714082,91F0,ROZLOHA,min,181.44,VMB2,1702
CZ0714083,4030,ROZLOHA,min,1.27,SDF,1703
CZ0714083,6210p,ROZLOHA,min,3.02,SDF,1704
CZ0714084,8220,ROZLOHA,min,1.97,VMB2,1705
CZ0714084,9110,ROZLOHA,min,165.11,VMB2,1706
CZ0714084,9130,ROZLOHA,min,346.54,VMB2,1707
CZ0714085,3150,ROZLOHA,min,17.93,VMB2,1708
CZ0714085,6430,ROZLOHA,min,6.85,SDF,1709
CZ0714085,6510,ROZLOHA,min,25.41,SDF,1710
CZ0714085,9.10E+01,ROZLOHA,min,43.97,VMB2,1711
CZ0714085,91F0,ROZLOHA,min,1871.98,VMB2,1712
CZ0714086,6430,ROZLOHA,min,3.99,SDF,1713
CZ0714086,6510,ROZLOHA,min,66.72,VMB2,1714
CZ0714086,7110,ROZLOHA,min,0.95,VMB2,1715
CZ0714086,8210,ROZLOHA,min,14.34,VMB2,1716
CZ0714086,8220,ROZLOHA,min,134.44,VMB2,1717
CZ0714086,8310,ROZLOHA,min,0.01,N/A,1718
CZ0714086,9110,ROZLOHA,min,2423.6,VMB2,1719
CZ0714086,9130,ROZLOHA,min,1146.15,VMB2,1720
CZ0714086,9180,ROZLOHA,min,77.45,VMB2,1721
CZ0714086,9.10E+01,ROZLOHA,min,45.11,VMB2,1722
CZ0714086,9410,ROZLOHA,min,228.36,VMB2,1723
CZ0714133,3130,ROZLOHA,min,4.3,SDF,1724
CZ0714133,3150,ROZLOHA,min,7.31,SDF,1725
CZ0714133,40A0,ROZLOHA,min,0.11,SDF,1726
CZ0714133,6230,ROZLOHA,min,193.54,SDF,1727
CZ0714133,6410,ROZLOHA,min,73.94,SDF,1728
CZ0714133,6430,ROZLOHA,min,58.62,SDF,1729
CZ0714133,6510,ROZLOHA,min,221.59,SDF,1730
CZ0714133,7140,ROZLOHA,min,4.44,SDF,1731
CZ0714133,8150,ROZLOHA,min,1.32,SDF,1732
CZ0714133,8220,ROZLOHA,min,12.74,SDF,1733
CZ0714133,9110,ROZLOHA,min,206.11,SDF,1734
CZ0714133,9130,ROZLOHA,min,2093.4,SDF,1735
CZ0714133,9170,ROZLOHA,min,760.9,SDF,1736
CZ0714133,9180,ROZLOHA,min,273.97,SDF,1737
CZ0714133,9.10E+01,ROZLOHA,min,19.73,SDF,1738
CZ0714771,8310,ROZLOHA,min,NA,NA,1739
CZ0714772,8220,ROZLOHA,min,1.68,VMB2,1740
CZ0714772,9110,ROZLOHA,min,71.97,VMB2,1741
CZ0714772,9130,ROZLOHA,min,361.09,VMB2,1742
CZ0714772,9180,ROZLOHA,min,31.76,VMB2,1743
CZ0720013,6210,ROZLOHA,min,6.74,SDF,1744
CZ0720013,6510,ROZLOHA,min,15.07,VMB2,1745
CZ0720013,91I0,ROZLOHA,min,15.37,VMB2,1746
CZ0720016,6210,ROZLOHA,min,9.48,SDF,1747
CZ0720016,9170,ROZLOHA,min,124.41,VMB2,1748
CZ0720016,9.10E+01,ROZLOHA,min,4.33,SDF,1749
CZ0720016,91I0,ROZLOHA,min,17.14,VMB2,1750
CZ0720033,6210,ROZLOHA,min,12.81,VMB2,1751
CZ0720033,6210p,ROZLOHA,min,2.17,VMB2,1752
CZ0720033,6430,ROZLOHA,min,4.26,VMB2,1753
CZ0720033,6510,ROZLOHA,min,88.75,VMB2,1754
CZ0720033,7140,ROZLOHA,min,0.24,VMB2,1755
CZ0720033,7220,ROZLOHA,min,0.08,SDF,1756
CZ0720033,8220,ROZLOHA,min,0.15,VMB2,1757
CZ0720033,9130,ROZLOHA,min,662.2,VMB2,1758
CZ0720033,9170,ROZLOHA,min,69.67,VMB2,1759
CZ0720058,6510,ROZLOHA,min,21.63,SDF,1760
CZ0720153,9130,ROZLOHA,min,50.85,SDF,1761
CZ0720153,9170,ROZLOHA,min,519.09,VMB2,1762
CZ0720185,6230,ROZLOHA,min,2.57,SDF,1763
CZ0720185,6510,ROZLOHA,min,20.69,SDF,1764
CZ0720185,7220,ROZLOHA,min,0.09,SDF,1765
CZ0720185,9110,ROZLOHA,min,13.54,VMB2,1766
CZ0720185,9170,ROZLOHA,min,9.59,VMB2,1767
CZ0720185,9.10E+01,ROZLOHA,min,0.3,VMB2,1768
CZ0720190,7220,ROZLOHA,min,0.2,VMB2,1769
CZ0720190,9130,ROZLOHA,min,179.97,SDF,1770
CZ0720192,7220,ROZLOHA,min,0.22,VMB2,1771
CZ0720192,9130,ROZLOHA,min,275.19,SDF,1772
CZ0720192,9170,ROZLOHA,min,284.76,VMB2,1773
CZ0720192,9.10E+01,ROZLOHA,min,5.45,VMB2,1774
CZ0720420,6210,ROZLOHA,min,19.62,SDF,1775
CZ0720420,6510,ROZLOHA,min,28.95,VMB2,1776
CZ0720420,9170,ROZLOHA,min,273.62,VMB2,1777
CZ0720420,9.10E+01,ROZLOHA,min,12.59,VMB2,1778
CZ0720420,91I0,ROZLOHA,min,36.58,VMB2,1779
CZ0720422,6510,ROZLOHA,min,199.33,SDF,1780
CZ0720422,9170,ROZLOHA,min,431.97,VMB2,1781
CZ0720422,9180,ROZLOHA,min,10.19,VMB2,1782
CZ0720422,9.10E+01,ROZLOHA,min,14.53,VMB2,1783
CZ0720428,6210,ROZLOHA,min,8.61,SDF,1784
CZ0720428,6210p,ROZLOHA,min,0.28,SDF,1785
CZ0720428,6510,ROZLOHA,min,242.39,SDF,1786
CZ0720428,7220,ROZLOHA,min,0.06,VMB2,1787
CZ0720428,9130,ROZLOHA,min,615.57,VMB2,1788
CZ0720428,9170,ROZLOHA,min,245.48,VMB2,1789
CZ0720435,5130,ROZLOHA,min,10.11,SDF,1790
CZ0720435,6210,ROZLOHA,min,7.69,SDF,1791
CZ0720435,6210p,ROZLOHA,min,3.12,VMB2,1792
CZ0720435,6510,ROZLOHA,min,33.96,SDF,1793
CZ0720435,7220,ROZLOHA,min,0.32,VMB2,1794
CZ0720435,9130,ROZLOHA,min,425.42,VMB2,1795
CZ0720435,9170,ROZLOHA,min,35.28,VMB2,1796
CZ0720437,6210,ROZLOHA,min,2.18,VMB2,1797
CZ0720437,6430,ROZLOHA,min,7.43,SDF,1798
CZ0720437,6510,ROZLOHA,min,147.25,VMB2,1799
CZ0720437,7220,ROZLOHA,min,0.17,SDF,1800
CZ0720437,9130,ROZLOHA,min,98.85,VMB2,1801
CZ0720437,9170,ROZLOHA,min,88.37,VMB2,1802
CZ0720437,9180,ROZLOHA,min,16.2,VMB2,1803
CZ0720437,9.10E+01,ROZLOHA,min,8.3,VMB2,1804
CZ0720441,6210,ROZLOHA,min,11.5,VMB2,1805
CZ0720441,6210p,ROZLOHA,min,4.13,VMB2,1806
CZ0720441,6510,ROZLOHA,min,6.53,VMB2,1807
CZ0720441,7220,ROZLOHA,min,0.23,VMB2,1808
CZ0720441,9130,ROZLOHA,min,30.65,VMB2,1809
CZ0720441,9170,ROZLOHA,min,22.63,VMB2,1810
CZ0720454,5130,ROZLOHA,min,8,EXPERT,1811
CZ0724087,9170,ROZLOHA,min,468.65,VMB2,1812
CZ0724087,91I0,ROZLOHA,min,102.93,SDF,1813
CZ0724089,3220,ROZLOHA,min,0.1,MINIMI,1814
CZ0724089,3240,ROZLOHA,min,17.44,VMB2,1815
CZ0724089,5130,ROZLOHA,min,193.42,VMB2,1816
CZ0724089,6210,ROZLOHA,min,60.89,VMB2,1817
CZ0724089,6230,ROZLOHA,min,749.03,VMB2,1818
CZ0724089,6430,ROZLOHA,min,146.56,SDF,1819
CZ0724089,6510,ROZLOHA,min,9317.32,SDF,1820
CZ0724089,7220,ROZLOHA,min,1,VMB2,1821
CZ0724089,7230,ROZLOHA,min,2.46,VMB2,1822
CZ0724089,8220,ROZLOHA,min,12.48,VMB2,1823
CZ0724089,8310,ROZLOHA,min,NA,NA,1824
CZ0724089,9110,ROZLOHA,min,12915.92,VMB2,1825
CZ0724089,9130,ROZLOHA,min,9230.7,VMB2,1826
CZ0724089,9140,ROZLOHA,min,78.01,VMB2,1827
CZ0724089,9170,ROZLOHA,min,1150.89,VMB2,1828
CZ0724089,9180,ROZLOHA,min,582.47,VMB2,1829
CZ0724089,9.10E+01,ROZLOHA,min,867.37,VMB2,1830
CZ0724089,9410,ROZLOHA,min,990.62,VMB2,1831
CZ0724090,3140,ROZLOHA,min,0.01,N/A,1832
CZ0724090,6210,ROZLOHA,min,879.19,VMB2,1833
CZ0724090,6210p,ROZLOHA,min,667.65,SDF,1834
CZ0724090,6230,ROZLOHA,min,13.42,SDF,1835
CZ0724090,6410,ROZLOHA,min,45.87,SDF,1836
CZ0724090,6430,ROZLOHA,min,18.63,SDF,1837
CZ0724090,6510,ROZLOHA,min,1789.82,VMB2,1838
CZ0724090,7220,ROZLOHA,min,1.97,VMB2,1839
CZ0724090,7230,ROZLOHA,min,0.47,VMB2,1840
CZ0724090,9110,ROZLOHA,min,101.87,VMB2,1841
CZ0724090,9130,ROZLOHA,min,4913.1,VMB2,1842
CZ0724090,9170,ROZLOHA,min,2357.19,VMB2,1843
CZ0724090,9180,ROZLOHA,min,124.74,VMB2,1844
CZ0724090,9.10E+01,ROZLOHA,min,93.02,VMB2,1845
CZ0724090,91G0,ROZLOHA,min,51.62,VMB2,1846
CZ0724090,91I0,ROZLOHA,min,79.13,VMB2,1847
CZ0724091,6210,ROZLOHA,min,40.56,SDF,1848
CZ0724091,6210p,ROZLOHA,min,0.84,MINIMI,1849
CZ0724091,6410,ROZLOHA,min,2.9,VMB2,1850
CZ0724091,6430,ROZLOHA,min,4.7,SDF,1851
CZ0724091,6510,ROZLOHA,min,414.21,SDF,1852
CZ0724091,7220,ROZLOHA,min,0.23,SDF,1853
CZ0724091,8220,ROZLOHA,min,7.25,VMB2,1854
CZ0724091,8310,ROZLOHA,min,0.01,N/A,1855
CZ0724091,9130,ROZLOHA,min,6394.35,VMB2,1856
CZ0724091,9170,ROZLOHA,min,3609.27,VMB2,1857
CZ0724091,9180,ROZLOHA,min,4.18,VMB2,1858
CZ0724091,9.10E+01,ROZLOHA,min,123.77,VMB2,1859
CZ0724107,91F0,ROZLOHA,min,1018.68,VMB2,1860
CZ0724120,3150,ROZLOHA,min,4.88,VMB2,1861
CZ0724120,6510,ROZLOHA,min,24.05,VMB2,1862
CZ0724120,9.10E+01,ROZLOHA,min,46.31,VMB2,1863
CZ0724120,91F0,ROZLOHA,min,278.16,VMB2,1864
CZ0724121,5130,ROZLOHA,min,0.33,VMB2,1865
CZ0724121,6210,ROZLOHA,min,15.28,SDF,1866
CZ0724121,6510,ROZLOHA,min,235.96,VMB2,1867
CZ0724121,7220,ROZLOHA,min,0.16,VMB2,1868
CZ0724121,9130,ROZLOHA,min,144.25,VMB2,1869
CZ0724121,9170,ROZLOHA,min,126.24,VMB2,1870
CZ0724429,8310,ROZLOHA,min,0.01,SDF,1871
CZ0724429,9110,ROZLOHA,min,529.27,SDF,1872
CZ0724429,9130,ROZLOHA,min,756.01,SDF,1873
CZ0724429,9180,ROZLOHA,min,248.76,SDF,1874
CZ0724430,6210,ROZLOHA,min,23.79,VMB2,1875
CZ0724430,6210p,ROZLOHA,min,2.7,VMB2,1876
CZ0724430,6510,ROZLOHA,min,346.19,SDF,1877
CZ0724430,7220,ROZLOHA,min,1.38,VMB2,1878
CZ0724430,9130,ROZLOHA,min,1660.49,VMB2,1879
CZ0724430,9170,ROZLOHA,min,185.1,VMB2,1880
CZ0724430,9180,ROZLOHA,min,18.54,VMB2,1881
CZ0724430,9.10E+01,ROZLOHA,min,21.51,VMB2,1882
CZ0810001,6510,ROZLOHA,min,7.4,SDF,1883
CZ0810001,7220,ROZLOHA,min,0.19,VMB2,1884
CZ0810001,9180,ROZLOHA,min,151.93,VMB2,1885
CZ0810004,3230,ROZLOHA,min,2.09,SDF,1886
CZ0810004,9170,ROZLOHA,min,91.45,VMB2,1887
CZ0810004,9.10E+01,ROZLOHA,min,144.37,VMB2,1888
CZ0810014,7140,ROZLOHA,min,1.68,VMB2,1889
CZ0810014,9.10E+01,ROZLOHA,min,24.08,VMB2,1890
CZ0810018,9110,ROZLOHA,min,175.95,SDF,1891
CZ0810018,9130,ROZLOHA,min,1461.97,VMB2,1892
CZ0810018,9180,ROZLOHA,min,84.67,VMB2,1893
CZ0810021,7220,ROZLOHA,min,0.03,MINIMI,1894
CZ0810021,9180,ROZLOHA,min,33.82,VMB2,1895
CZ0810031,9130,ROZLOHA,min,64.3,VMB2,1896
CZ0810032,9130,ROZLOHA,min,48.32,VMB2,1897
CZ0810035,6510,ROZLOHA,min,100.46,SDF,1898
CZ0810035,9130,ROZLOHA,min,20.28,SDF,1899
CZ0810035,9170,ROZLOHA,min,90.74,SDF,1900
CZ0810036,6110,ROZLOHA,min,1.2,VMB2,1901
CZ0810036,6190,ROZLOHA,min,0.24,VMB2,1902
CZ0810036,6210,ROZLOHA,min,4.69,VMB2,1903
CZ0810036,6210p,ROZLOHA,min,2.78,VMB2,1904
CZ0810036,6510,ROZLOHA,min,17.85,VMB2,1905
CZ0810036,7220,ROZLOHA,min,0.03,MINIMI,1906
CZ0810036,8210,ROZLOHA,min,1.51,VMB2,1907
CZ0810036,9180,ROZLOHA,min,41.25,VMB2,1908
CZ0810423,9170,ROZLOHA,min,51.88,VMB2,1909
CZ0810423,9190,ROZLOHA,min,16.47,VMB2,1910
CZ0810424,3140,ROZLOHA,min,NA,NA,1911
CZ0810424,3150,ROZLOHA,min,10.68,VMB2,1912
CZ0810425,3140,ROZLOHA,min,NA,NA,1913
CZ0813439,3260,ROZLOHA,min,3.03,VMB2,1914
CZ0813456,3260,ROZLOHA,min,2.87,VMB2,1915
CZ0813456,6430,ROZLOHA,min,7.31,VMB2,1916
CZ0813456,9.10E+01,ROZLOHA,min,29.1,VMB2,1917
CZ0813462,3220,ROZLOHA,min,1.47,VMB2,1918
CZ0813462,3240,ROZLOHA,min,2.19,VMB2,1919
CZ0813474,9130,ROZLOHA,min,97.01,VMB2,1920
CZ0813516,3220,ROZLOHA,min,3.79,SDF,1921
CZ0813516,3240,ROZLOHA,min,12.19,SDF,1922
CZ0813516,9.10E+01,ROZLOHA,min,22.93,SDF,1923
CZ0814092,3130,ROZLOHA,min,8.41,SDF,1924
CZ0814092,3140,ROZLOHA,min,0.78,N/A,1925
CZ0814092,3150,ROZLOHA,min,197.63,SDF,1926
CZ0814092,6510,ROZLOHA,min,205.37,VMB2,1927
CZ0814092,9170,ROZLOHA,min,115.83,VMB2,1928
CZ0814092,9.10E+01,ROZLOHA,min,389.21,VMB2,1929
CZ0814092,91F0,ROZLOHA,min,390.09,VMB2,1930
CZ0814093,9.10E+01,ROZLOHA,min,36.72,VMB2,1931
CZ0114001,6190,KVALITA,max,1.7,VMB2,1932
CZ0114001,6210,KVALITA,max,2.4,VMB2,1933
CZ0114001,9170,KVALITA,max,1.7,VMB2,1934
CZ0114001,9180,KVALITA,max,1.6,VMB2,1935
CZ0114001,91H0,KVALITA,max,1.4,VMB2,1936
CZ0210010,6210,KVALITA,max,2,MINIMI,1937
CZ0210010,9170,KVALITA,max,2,MINIMI,1938
CZ0210010,91I0,KVALITA,max,2,MINIMI,1939
CZ0210023,6510,KVALITA,max,2,MINIMI,1940
CZ0210058,6230,KVALITA,max,2,MINIMI,1941
CZ0210058,6410,KVALITA,max,2.2,VMB2,1942
CZ0210058,6430,KVALITA,max,2.2,VMB2,1943
CZ0210058,6510,KVALITA,max,2.1,VMB2,1944
CZ0210062,6230,KVALITA,max,2,MINIMI,1945
CZ0210062,6410,KVALITA,max,1.4,VMB2,1946
CZ0210062,6430,KVALITA,max,2.4,VMB2,1947
CZ0210062,6510,KVALITA,max,1.6,VMB2,1948
CZ0210118,3140,KVALITA,max,1,VMB2,1949
CZ0210118,6430,KVALITA,max,2,MINIMI,1950
CZ0210118,7230,KVALITA,max,1,VMB2,1951
CZ0210150,7220,KVALITA,max,2,MINIMI,1952
CZ0210150,9170,KVALITA,max,1.8,VMB2,1953
CZ0210152,2330,KVALITA,max,2,MINIMI,1954
CZ0210152,3150,KVALITA,max,2.1,VMB2,1955
CZ0210152,6410,KVALITA,max,1.1,VMB2,1956
CZ0210152,6430,KVALITA,max,1.3,VMB2,1957
CZ0210152,6440,KVALITA,max,1.9,VMB2,1958
CZ0210152,6510,KVALITA,max,2.3,VMB2,1959
CZ0210152,7210,KVALITA,max,2,MINIMI,1960
CZ0210152,7230,KVALITA,max,2,MINIMI,1961
CZ0210152,9.10E+01,KVALITA,max,2,MINIMI,1962
CZ0210152,91F0,KVALITA,max,1.9,VMB2,1963
CZ0210172,3140,KVALITA,max,1.2,VMB2,1964
CZ0210172,6210,KVALITA,max,2,MINIMI,1965
CZ0210172,6410,KVALITA,max,2.1,VMB2,1966
CZ0210172,7210,KVALITA,max,1,VMB2,1967
CZ0210172,7230,KVALITA,max,1.8,VMB2,1968
CZ0210409,6190,KVALITA,max,1.7,VMB2,1969
CZ0210409,8160,KVALITA,max,2,MINIMI,1970
CZ0210409,9170,KVALITA,max,1.9,VMB2,1971
CZ0210409,9180,KVALITA,max,2.3,VMB2,1972
CZ0210409,91H0,KVALITA,max,1,VMB2,1973
CZ0210421,9170,KVALITA,max,2.1,VMB2,1974
CZ0210421,91H0,KVALITA,max,1.8,VMB2,1975
CZ0210714,3150,KVALITA,max,2,MINIMI,1976
CZ0210714,9.10E+01,KVALITA,max,2.4,VMB2,1977
CZ0210714,91F0,KVALITA,max,1.8,VMB2,1978
CZ0210720,3140,KVALITA,max,2,MINIMI,1979
CZ0210720,7230,KVALITA,max,2,MINIMI,1980
CZ0210726,91U0,KVALITA,max,2.2,VMB2,1981
CZ0210731,7140,KVALITA,max,1.1,VMB2,1982
CZ0210733,2330,KVALITA,max,2,MINIMI,1983
CZ0210733,4030,KVALITA,max,1,VMB2,1984
CZ0212020,7140,KVALITA,max,2,MINIMI,1985
CZ0212020,7230,KVALITA,max,2,MINIMI,1986
CZ0212021,6410,KVALITA,max,2,MINIMI,1987
CZ0213065,40A0,KVALITA,max,1,VMB2,1988
CZ0213065,6190,KVALITA,max,1,VMB2,1989
CZ0213065,6210,KVALITA,max,1,VMB2,1990
CZ0214006,2330,KVALITA,max,2.3,VMB3,1991
CZ0214006,4030,KVALITA,max,2,MINIMI,1992
CZ0214006,6210,KVALITA,max,2,MINIMI,1993
CZ0214006,6510,KVALITA,max,2,MINIMI,1994
CZ0214006,9170,KVALITA,max,2.1,VMB2,1995
CZ0214006,9190,KVALITA,max,1.5,VMB3,1996
CZ0214009,3150,KVALITA,max,2.2,VMB2,1997
CZ0214009,6430,KVALITA,max,2,MINIMI,1998
CZ0214009,6440,KVALITA,max,2,MINIMI,1999
CZ0214009,6510,KVALITA,max,2,MINIMI,2000
CZ0214009,91F0,KVALITA,max,1.9,VMB2,2001
CZ0214014,3130,KVALITA,max,1,VMB2,2002
CZ0214014,3150,KVALITA,max,1,VMB2,2003
CZ0214014,7140,KVALITA,max,1,VMB2,2004
CZ0214046,3130,KVALITA,max,2,MINIMI,2005
CZ0214047,4030,KVALITA,max,2,MINIMI,2006
CZ0214047,7140,KVALITA,max,1.7,VMB2,2007
CZ0214047,91D0,KVALITA,max,2.1,VMB2,2008
CZ0310010,6410,KVALITA,max,2.2,VMB2,2009
CZ0310032,3260,KVALITA,max,2,MINIMI,2363
CZ0310070,5130,KVALITA,max,2,MINIMI,2010
CZ0310084,6110,KVALITA,max,2,MINIMI,2011
CZ0310084,6210,KVALITA,max,2,EXPERT,2012
CZ0310084,8210,KVALITA,max,1.8,VMB2,2013
CZ0310605,91D0,KVALITA,max,1.6,VMB2,2014
CZ0310611,7140,KVALITA,max,2,MINIMI,2015
CZ0310611,91D0,KVALITA,max,1.5,VMB2,2016
CZ0310615,2330,KVALITA,max,2,MINIMI,2017
CZ0310618,3150,KVALITA,max,1,VMB2,2018
CZ0314638,3130,KVALITA,max,2,MINIMI,2019
CZ0314640,3130,KVALITA,max,2,MINIMI,2020
CZ0320023,6110,KVALITA,max,2.1,VMB2,2021
CZ0320023,9150,KVALITA,max,2,MINIMI,2022
CZ0320023,91U0,KVALITA,max,2.2,VMB2,2023
CZ0320037,6230,KVALITA,max,1.9,VMB2,2024
CZ0320037,7140,KVALITA,max,1.8,EXPERT,2025
CZ0320043,91D0,KVALITA,max,1,VMB2,2026
CZ0320140,9130,KVALITA,max,2,MINIMI,2027
CZ0320140,9180,KVALITA,max,2.5,EXPERT,2028
CZ0320437,6510,KVALITA,max,1.5,VMB2,2029
CZ0322058,6230,KVALITA,max,1,VMB2,2030
CZ0323151,6430,KVALITA,max,2.3,VMB2,2031
CZ0324029,6210,KVALITA,max,1.3,VMB2,2032
CZ0324029,7140,KVALITA,max,1,VMB2,2033
CZ0324032,6230,KVALITA,max,1,VMB2,2034
CZ0324032,6410,KVALITA,max,1.6,VMB2,2035
CZ0410001,4030,KVALITA,max,1.6,VMB2,2036
CZ0410018,6210,KVALITA,max,1.7,VMB2,2037
CZ0410020,3150,KVALITA,max,1.8,VMB2,2038
CZ0410020,3260,KVALITA,max,1.8,VMB2,2039
CZ0410020,3270,KVALITA,max,2,MINIMI,2040
CZ0410020,9.10E+01,KVALITA,max,2,MINIMI,2041
CZ0410021,3160,KVALITA,max,1.6,VMB2,2042
CZ0410021,6510,KVALITA,max,2,MINIMI,2043
CZ0410021,7140,KVALITA,max,1.7,VMB2,2044
CZ0410021,91D0,KVALITA,max,1.9,VMB2,2045
CZ0410021,9410,KVALITA,max,2,MINIMI,2046
CZ0410023,3150,KVALITA,max,2,MINIMI,2047
CZ0410023,4030,KVALITA,max,2,MINIMI,2048
CZ0410023,6410,KVALITA,max,2,MINIMI,2049
CZ0410023,6430,KVALITA,max,2,MINIMI,2050
CZ0410023,7140,KVALITA,max,2,MINIMI,2051
CZ0410038,7140,KVALITA,max,1.2,VMB2,2052
CZ0410038,7150,KVALITA,max,1,VMB2,2053
CZ0410040,4030,KVALITA,max,1.7,VMB2,2054
CZ0410040,6520,KVALITA,max,2,MINIMI,2055
CZ0410040,7110,KVALITA,max,2,MINIMI,2056
CZ0410040,7120,KVALITA,max,2,MINIMI,2057
CZ0410040,7140,KVALITA,max,1.7,VMB2,2058
CZ0410040,91D0,KVALITA,max,2,MINIMI,2059
CZ0410040,9410,KVALITA,max,2,MINIMI,2060
CZ0410046,4030,KVALITA,max,2,MINIMI,2061
CZ0410046,8220,KVALITA,max,2,MINIMI,2062
CZ0410047,3140,KVALITA,max,2,MINIMI,2063
CZ0410047,3150,KVALITA,max,2,MINIMI,2064
CZ0410047,6430,KVALITA,max,2,MINIMI,2065
CZ0410047,7140,KVALITA,max,2,MINIMI,2066
CZ0410150,1340,KVALITA,max,1,EXPERT,2067
CZ0410150,3140,KVALITA,max,1.5,EXPERT,2068
CZ0410150,3150,KVALITA,max,2,MINIMI,2069
CZ0410150,3160,KVALITA,max,2,MINIMI,2070
CZ0410150,7140,KVALITA,max,2,MINIMI,2071
CZ0410150,7150,KVALITA,max,1.6,VMB2,2072
CZ0410150,91D0,KVALITA,max,1.9,VMB2,2073
CZ0410150,9.10E+01,KVALITA,max,2,MINIMI,2074
CZ0410151,6210,KVALITA,max,2,MINIMI,2075
CZ0410151,6210p,KVALITA,max,1.5,VMB2,2076
CZ0410151,9170,KVALITA,max,1.4,VMB2,2077
CZ0410151,9180,KVALITA,max,1.2,VMB2,2078
CZ0410155,6430,KVALITA,max,1.7,VMB2,2079
CZ0410155,6520,KVALITA,max,1.9,VMB2,2080
CZ0410155,7140,KVALITA,max,1.4,VMB2,2081
CZ0410155,9410,KVALITA,max,2,MINIMI,2082
CZ0410168,6230,KVALITA,max,2,MINIMI,2083
CZ0410168,6520,KVALITA,max,1.5,EXPERT,2084
CZ0410168,7140,KVALITA,max,1.8,VMB2,2085
CZ0410168,91D0,KVALITA,max,1.9,VMB2,2086
CZ0410168,9410,KVALITA,max,2,MINIMI,2087
CZ0410176,4030,KVALITA,max,1,VMB2,2088
CZ0410176,8220,KVALITA,max,1,VMB2,2089
CZ0410413,3260,KVALITA,max,1.6,VMB2,2090
CZ0410413,8220,KVALITA,max,1.3,VMB2,2091
CZ0410413,9110,KVALITA,max,2,MINIMI,2092
CZ0410413,9130,KVALITA,max,2,MINIMI,2093
CZ0410413,9170,KVALITA,max,2,MINIMI,2094
CZ0410413,9180,KVALITA,max,1.5,VMB2,2095
CZ0410413,9.10E+01,KVALITA,max,2,MINIMI,2096
CZ0410439,3140,KVALITA,max,2,MINIMI,2097
CZ0413177,3160,KVALITA,max,1.9,VMB2,2098
CZ0413177,6430,KVALITA,max,2,MINIMI,2099
CZ0413184,3140,KVALITA,max,2,MINIMI,2100
CZ0413190,3140,KVALITA,max,2,MINIMI,2101
CZ0414027,3130,KVALITA,max,2,MINIMI,2102
CZ0414027,3160,KVALITA,max,2,MINIMI,2103
CZ0414027,4030,KVALITA,max,2,MINIMI,2104
CZ0414027,6230,KVALITA,max,2,MINIMI,2105
CZ0414027,6410,KVALITA,max,2,MINIMI,2106
CZ0414027,7140,KVALITA,max,2,MINIMI,2107
CZ0414027,9.10E+01,KVALITA,max,2,MINIMI,2108
CZ0414110,4030,KVALITA,max,1.5,EXPERT,2109
CZ0414110,6230,KVALITA,max,1.5,EXPERT,2110
CZ0414110,6520,KVALITA,max,1.5,EXPERT,2111
CZ0414110,7110,KVALITA,max,1.7,MINIMI,2112
CZ0414110,7140,KVALITA,max,1.7,VMB2,2113
CZ0414110,8220,KVALITA,max,1.5,EXPERT,2114
CZ0414110,9140,KVALITA,max,1.2,VMB2,2115
CZ0414110,91D0,KVALITA,max,1.5,EXPERT,2116
CZ0414110,9410,KVALITA,max,2,MINIMI,2117
CZ0414127,3150,KVALITA,max,1.8,VMB2,2118
CZ0414127,6210,KVALITA,max,2,MINIMI,2119
CZ0414127,6510,KVALITA,max,2,MINIMI,2120
CZ0414127,8230,KVALITA,max,2,MINIMI,2121
CZ0414127,8310,KVALITA,max,2,MINIMI,2122
CZ0414127,9130,KVALITA,max,2,MINIMI,2123
CZ0414127,9180,KVALITA,max,2,MINIMI,2124
CZ0414127,9.10E+01,KVALITA,max,2,MINIMI,2125
CZ0414127,91I0,KVALITA,max,2,MINIMI,2126
CZ0420406,40A0,KVALITA,max,1,VMB2,2127
CZ0420406,6110,KVALITA,max,1.3,VMB2,2128
CZ0420406,6210,KVALITA,max,1.8,VMB2,2129
CZ0420406,6210p,KVALITA,max,2,MINIMI,2130
CZ0420449,9180,KVALITA,max,2.1,VMB2,2131
CZ0420528,4030,KVALITA,max,2,MINIMI,2132
CZ0420528,6230,KVALITA,max,2,MINIMI,2133
CZ0420528,6430,KVALITA,max,2,MINIMI,2134
CZ0420528,6520,KVALITA,max,2,MINIMI,2135
CZ0420528,7110,KVALITA,max,1,VMB2,2136
CZ0420528,7120,KVALITA,max,2,MINIMI,2137
CZ0420528,7140,KVALITA,max,1.3,VMB2,2138
CZ0420528,91D0,KVALITA,max,1.9,VMB2,2139
CZ0420528,9410,KVALITA,max,2,MINIMI,2140
CZ0422077,2330,KVALITA,max,1.9,VMB2,2141
CZ0422084,2330,KVALITA,max,1.5,VMB2,2142
CZ0423216,3140,KVALITA,max,1,VMB2,2143
CZ0424034,6410,KVALITA,max,2.1,VMB2,2144
CZ0424034,6430,KVALITA,max,1.6,VMB2,2145
CZ0424034,6510,KVALITA,max,2,MINIMI,2146
CZ0424037,6210,KVALITA,max,2.4,VMB2,2147
CZ0424037,8220,KVALITA,max,2,MINIMI,2148
CZ0424037,9110,KVALITA,max,2.1,VMB2,2149
CZ0424037,9170,KVALITA,max,2,MINIMI,2150
CZ0424037,9180,KVALITA,max,1.9,VMB2,2151
CZ0424125,3260,KVALITA,max,1.6,VMB2,2152
CZ0424125,5130,KVALITA,max,2,MINIMI,2153
CZ0424125,6210,KVALITA,max,2,MINIMI,2154
CZ0424125,6430,KVALITA,max,2,MINIMI,2155
CZ0424125,6510,KVALITA,max,2,MINIMI,2156
CZ0424125,9130,KVALITA,max,1.6,VMB2,2157
CZ0424125,9180,KVALITA,max,2,MINIMI,2158
CZ0424125,9.10E+01,KVALITA,max,2,MINIMI,2159
CZ0424129,6210,KVALITA,max,2.2,VMB2,2160
CZ0424129,6210p,KVALITA,max,1.6,VMB2,2161
CZ0424129,8230,KVALITA,max,2,MINIMI,2162
CZ0424129,9.10E+01,KVALITA,max,1.1,VMB2,2163
CZ0510402,6230,KVALITA,max,1.9,VMB2,2164
CZ0510402,7110,KVALITA,max,1.3,VMB2,2165
CZ0510402,7140,KVALITA,max,1.5,VMB2,2166
CZ0510402,91D0,KVALITA,max,2,MINIMI,2167
CZ0510402,9410,KVALITA,max,2.3,VMB2,2168
CZ0510403,7110,KVALITA,max,1.9,VMB2,2169
CZ0510403,91D0,KVALITA,max,2,MINIMI,2170
CZ0510405,6230,KVALITA,max,1.3,VMB2,2171
CZ0510405,6430,KVALITA,max,1.7,VMB2,2172
CZ0510405,7140,KVALITA,max,1.7,VMB2,2173
CZ0510405,9130,KVALITA,max,2.1,VMB2,2174
CZ0510405,9140,KVALITA,max,2,MINIMI,2175
CZ0510405,9180,KVALITA,max,2,MINIMI,2176
CZ0510405,91D0,KVALITA,max,2,MINIMI,2177
CZ0510405,9410,KVALITA,max,2,MINIMI,2178
CZ0510509,9130,KVALITA,max,1.1,VMB2,2179
CZ0510509,9180,KVALITA,max,1.3,VMB2,2180
CZ0514669,3150,KVALITA,max,2,MINIMI,2181
CZ0514669,3160,KVALITA,max,2,MINIMI,2182
CZ0514669,6410,KVALITA,max,2,MINIMI,2183
CZ0514669,7140,KVALITA,max,2,MINIMI,2184
CZ0514669,7150,KVALITA,max,1,VMB2,2185
CZ0514669,91D0,KVALITA,max,2.4,VMB2,2186
CZ0514672,3220,KVALITA,max,NA,VMB2,2187
CZ0514672,3260,KVALITA,max,NA,VMB2,2188
CZ0514672,4030,KVALITA,max,NA,VMB2,2189
CZ0514672,6430,KVALITA,max,NA,VMB2,2190
CZ0514672,8220,KVALITA,max,NA,VMB2,2191
CZ0514672,9110,KVALITA,max,NA,VMB2,2192
CZ0514672,9130,KVALITA,max,NA,VMB2,2193
CZ0514672,9180,KVALITA,max,NA,VMB2,2194
CZ0520507,6510,KVALITA,max,1.9,VMB2,2195
CZ0520507,8210,KVALITA,max,1.1,VMB2,2196
CZ0520507,9130,KVALITA,max,2.2,VMB2,2197
CZ0520507,9180,KVALITA,max,1.6,VMB2,2198
CZ0523267,6520,KVALITA,max,1.7,VMB2,2199
CZ0523267,9.10E+01,KVALITA,max,1.7,VMB2,2200
CZ0523268,6410,KVALITA,max,1.8,VMB2,2201
CZ0523268,9170,KVALITA,max,2,MINIMI,2202
CZ0523268,9.10E+01,KVALITA,max,1.5,VMB2,2203
CZ0524049,2330,KVALITA,max,2,MINIMI,2204
CZ0524049,3150,KVALITA,max,1.8,VMB2,2205
CZ0524049,3260,KVALITA,max,2,MINIMI,2206
CZ0524049,6410,KVALITA,max,2,MINIMI,2207
CZ0524049,6430,KVALITA,max,2,MINIMI,2208
CZ0524049,6510,KVALITA,max,2,MINIMI,2209
CZ0524049,9.10E+01,KVALITA,max,2,MINIMI,2210
CZ0524049,91F0,KVALITA,max,2,MINIMI,2211
CZ0530020,8210,KVALITA,max,1.7,VMB2,2212
CZ0530020,9130,KVALITA,max,2,MINIMI,2213
CZ0530020,9180,KVALITA,max,1.9,VMB2,2214
CZ0530021,3150,KVALITA,max,2,MINIMI,2215
CZ0530021,7140,KVALITA,max,2,MINIMI,2216
CZ0530021,9170,KVALITA,max,2,MINIMI,2217
CZ0530021,9190,KVALITA,max,2,MINIMI,2218
CZ0530027,6430,KVALITA,max,2,MINIMI,2219
CZ0530027,9130,KVALITA,max,2,MINIMI,2220
CZ0530027,9.10E+01,KVALITA,max,2,MINIMI,2221
CZ0530028,8210,KVALITA,max,1.9,VMB2,2222
CZ0530028,9130,KVALITA,max,2,MINIMI,2223
CZ0530033,6210,KVALITA,max,2,MINIMI,2224
CZ0530033,6510,KVALITA,max,1.9,VMB2,2225
CZ0530033,9110,KVALITA,max,2,MINIMI,2226
CZ0530033,9130,KVALITA,max,2,MINIMI,2227
CZ0530034,9110,KVALITA,max,2,MINIMI,2228
CZ0530034,9130,KVALITA,max,2,MINIMI,2229
CZ0530034,9.10E+01,KVALITA,max,1.6,VMB2,2230
CZ0530037,9180,KVALITA,max,1.1,VMB2,2231
CZ0530064,6410,KVALITA,max,1.6,VMB2,2232
CZ0530149,6510,KVALITA,max,1.9,VMB2,2233
CZ0530149,9130,KVALITA,max,2,MINIMI,2234
CZ0530149,9180,KVALITA,max,2,MINIMI,2235
CZ0530149,9.10E+01,KVALITA,max,2,MINIMI,2236
CZ0530174,6410,KVALITA,max,2,MINIMI,2237
CZ0530174,9.10E+01,KVALITA,max,2,MINIMI,2238
CZ0530501,8210,KVALITA,max,1.4,VMB2,2239
CZ0530501,9130,KVALITA,max,2,MINIMI,2240
CZ0530501,9180,KVALITA,max,1.7,VMB2,2241
CZ0530502,2330,KVALITA,max,2,MINIMI,2242
CZ0530503,8220,KVALITA,max,1.9,VMB2,2243
CZ0530503,9110,KVALITA,max,2,MINIMI,2244
CZ0530503,9130,KVALITA,max,2,MINIMI,2245
CZ0530504,6230,KVALITA,max,1.2,VMB2,2246
CZ0532132,6210,KVALITA,max,1.9,VMB2,2247
CZ0532132,6510,KVALITA,max,2,MINIMI,2248
CZ0533303,3260,KVALITA,max,1.4,VMB2,2249
CZ0534050,3150,KVALITA,max,2,MINIMI,2250
CZ0534051,6210,KVALITA,max,2,MINIMI,2251
CZ0534051,6510,KVALITA,max,2,MINIMI,2252
CZ0534051,9.10E+01,KVALITA,max,2,MINIMI,2253
CZ0534052,3260,KVALITA,max,1.8,VMB2,2254
CZ0610170,3130,KVALITA,max,1,VMB2,2255
CZ0610170,6230,KVALITA,max,1.9,VMB2,2256
CZ0610170,7140,KVALITA,max,2.1,VMB2,2257
CZ0610401,9110,KVALITA,max,1.3,VMB2,2258
CZ0610401,9130,KVALITA,max,1.1,VMB2,2259
CZ0614053,3140,KVALITA,max,1,VMB2,2260
CZ0614053,6410,KVALITA,max,1.5,VMB2,2261
CZ0614053,7140,KVALITA,max,2.3,VMB2,2262
CZ0614053,91D0,KVALITA,max,1.8,VMB2,2263
CZ0614053,9410,KVALITA,max,2.5,EXPERT,2264
CZ0614133,6210,KVALITA,max,1.4,VMB2,2265
CZ0614133,6510,KVALITA,max,2,MINIMI,2266
CZ0614137,7140,KVALITA,max,1,VMB2,2267
CZ0620006,6210,KVALITA,max,2,MINIMI,2268
CZ0620006,6240,KVALITA,max,1,VMB2,2269
CZ0620018,6210,KVALITA,max,1.5,VMB2,2270
CZ0620018,6240,KVALITA,max,1.7,VMB2,2271
CZ0620024,2330,KVALITA,max,2,MINIMI,2272
CZ0620024,6260,KVALITA,max,1.8,VMB2,2273
CZ0620169,6210,KVALITA,max,1.9,VMB2,2274
CZ0620169,91G0,KVALITA,max,1.4,VMB2,2275
CZ0620169,91I0,KVALITA,max,1.1,VMB2,2276
CZ0620187,1340,KVALITA,max,1.6,VMB2,2277
CZ0622223,6240,KVALITA,max,2.4,VMB2,2278
CZ0623035,6250,KVALITA,max,1.6,VMB2,2279
CZ0624020,6110,KVALITA,max,2,MINIMI,2280
CZ0624020,6190,KVALITA,max,1,VMB2,2281
CZ0624020,6210,KVALITA,max,1.8,VMB2,2282
CZ0624020,6240,KVALITA,max,2,MINIMI,2283
CZ0624020,8210,KVALITA,max,1,VMB2,2284
CZ0624020,8310,KVALITA,max,1,VMB2,2285
CZ0624043,6190,KVALITA,max,1.1,VMB2,2286
CZ0624043,6210,KVALITA,max,2,MINIMI,2287
CZ0624043,6240,KVALITA,max,1.3,VMB2,2288
CZ0624043,8160,KVALITA,max,2,MINIMI,2289
CZ0624043,8210,KVALITA,max,1,VMB2,2290
CZ0624043,8310,KVALITA,max,2,MINIMI,2291
CZ0624060,6210,KVALITA,max,2,MINIMI,2292
CZ0624060,6250,KVALITA,max,1.9,VMB2,2293
CZ0624060,91G0,KVALITA,max,2,MINIMI,2294
CZ0624060,91I0,KVALITA,max,2,MINIMI,2295
CZ0624098,8310,KVALITA,max,1,VMB2,2296
CZ0624100,6210,KVALITA,max,1.7,VMB2,2297
CZ0624100,6240,KVALITA,max,1.7,VMB2,2298
CZ0624100,91G0,KVALITA,max,2,MINIMI,2299
CZ0624100,91H0,KVALITA,max,2,MINIMI,2300
CZ0624100,91I0,KVALITA,max,2,MINIMI,2301
CZ0624102,1340,KVALITA,max,1,VMB2,2302
CZ0710004,6510,KVALITA,max,1.1,VMB2,2303
CZ0710006,6510,KVALITA,max,1.7,VMB2,2304
CZ0710006,9170,KVALITA,max,1.6,VMB2,2305
CZ0710034,9170,KVALITA,max,1,VMB2,2306
CZ0714081,6230,KVALITA,max,1.4,VMB2,2307
CZ0714081,6430,KVALITA,max,1.4,VMB2,2308
CZ0714081,7110,KVALITA,max,1.1,VMB2,2309
CZ0714081,7140,KVALITA,max,1.3,VMB2,2310
CZ0714081,91D0,KVALITA,max,1.2,VMB2,2311
CZ0714081,9410,KVALITA,max,1.6,VMB2,2312
CZ0714083,4030,KVALITA,max,1,VMB2,2313
CZ0714083,6210p,KVALITA,max,1.5,VMB2,2314
CZ0714771,8310,KVALITA,max,1,VMB2,2315
CZ0720013,6210,KVALITA,max,1.8,VMB2,2316
CZ0720013,6510,KVALITA,max,2,EXPERT,2317
CZ0720013,91I0,KVALITA,max,2,MINIMI,2318
CZ0720441,6210,KVALITA,max,2,EXPERT,2319
CZ0720441,6210p,KVALITA,max,1.3,VMB2,2320
CZ0720441,6510,KVALITA,max,2,MINIMI,2321
CZ0720441,7220,KVALITA,max,1.2,VMB2,2322
CZ0720441,9130,KVALITA,max,2.5,EXPERT,2323
CZ0720441,9170,KVALITA,max,1.5,EXPERT,2324
CZ0720454,5130,KVALITA,max,1.9,VMB2,2325
CZ0724089,3220,KVALITA,max,1,VMB2,2326
CZ0724089,3240,KVALITA,max,2.4,VMB2,2327
CZ0724089,5130,KVALITA,max,2.3,VMB2,2328
CZ0724089,6210,KVALITA,max,2,MINIMI,2329
CZ0724089,6230,KVALITA,max,2.2,VMB2,2330
CZ0724089,6430,KVALITA,max,2.2,VMB2,2331
CZ0724089,6510,KVALITA,max,2.4,VMB2,2332
CZ0724089,7220,KVALITA,max,1.8,VMB2,2333
CZ0724089,7230,KVALITA,max,1.3,VMB2,2334
CZ0724089,8220,KVALITA,max,1.6,VMB2,2335
CZ0724089,8310,KVALITA,max,1.7,VMB2,2336
CZ0724089,9110,KVALITA,max,2.1,VMB2,2337
CZ0724089,9130,KVALITA,max,2.2,VMB2,2338
CZ0724089,9140,KVALITA,max,1.5,VMB2,2339
CZ0724089,9170,KVALITA,max,2.4,VMB2,2340
CZ0724089,9180,KVALITA,max,1.7,VMB2,2341
CZ0724089,9.10E+01,KVALITA,max,2,MINIMI,2342
CZ0724089,9410,KVALITA,max,2.2,VMB2,2343
CZ0810001,6510,KVALITA,max,1.7,VMB2,2344
CZ0810001,7220,KVALITA,max,2,MINIMI,2345
CZ0810001,9180,KVALITA,max,1.7,VMB2,2346
CZ0810021,7220,KVALITA,max,2.3,VMB2,2347
CZ0810021,9180,KVALITA,max,1.8,VMB2,2348
CZ0810031,9130,KVALITA,max,1.3,VMB2,2349
CZ0810032,9130,KVALITA,max,1.6,VMB2,2350
CZ0810036,6110,KVALITA,max,1.8,VMB2,2351
CZ0810036,6190,KVALITA,max,2,MINIMI,2352
CZ0810036,6210,KVALITA,max,2.1,VMB2,2353
CZ0810036,6210p,KVALITA,max,1.9,VMB2,2354
CZ0810036,6510,KVALITA,max,1.7,VMB2,2355
CZ0810036,7220,KVALITA,max,2,MINIMI,2356
CZ0810036,8210,KVALITA,max,1.5,VMB2,2357
CZ0810036,9180,KVALITA,max,1.4,VMB2,2358
CZ0810424,3140,KVALITA,max,2,MINIMI,2359
CZ0810424,3150,KVALITA,max,2.1,VMB2,2360
CZ0810425,3140,KVALITA,max,2,MINIMI,2361
CZ0813439,3260,KVALITA,max,2,MINIMI,2362
