typ_predmetu_hodnoceni;kod_chu;nazev_chu;druh;feature_code;hodnocene_obdobi_od;hodnocene_obdobi_do;oop;parametr_nazev;parametr_hodnota;parametr_limit;parametr_jednotka;stav;trend;datum_hodnoceni;pracoviste;ind_nadr;metodika
Druh;CZ0714082;Bečva - Žebračka;Bombina bombina;1188;2022-05-13;2024-09-15;AOPK ČR - RP Olomoucko, Krajský úřad Olomouckého kraje;27;66.67;50;% lokalit v dobrém stavu;dobrý;neznámý;2025-07-28;RP Olomoucko;NA;19269
Druh;CZ0714082;Bečva - Žebračka;Bombina bombina;1188;2022-05-13;2024-09-15;AOPK ČR - RP Olomoucko, Krajský úřad Olomouckého kraje;21;22;NA;volající samci;nehodnocen;neznámý;2025-07-28;RP Olomoucko;NA;19269
Druh;CZ0714082;Bečva - Žebračka;Bombina bombina;1188;2022-05-13;2024-09-15;AOPK ČR - RP Olomoucko, Krajský úřad Olomouckého kraje;22;100;NA;volající samci;nehodnocen;neznámý;2025-07-28;RP Olomoucko;NA;19269
Druh;CZ0714082;Bečva - Žebračka;Bombina bombina;1188;2022-05-13;2024-09-15;AOPK ČR - RP Olomoucko, Krajský úřad Olomouckého kraje;80;66.67;50;% lokalit v dobrém stavu;dobrý;neznámý;2025-07-28;RP Olomoucko;NA;19269
Druh;CZ0714082;Bečva - Žebračka;Bombina bombina;1188;2022-05-13;2024-09-15;AOPK ČR - RP Olomoucko, Krajský úřad Olomouckého kraje;30;NA;50;% lokalit v dobrém stavu;neznámý;neznámý;2025-07-28;RP Olomoucko;NA;19269
Druh;CZ0714082;Bečva - Žebračka;Bombina bombina;1188;2022-05-13;2024-09-15;AOPK ČR - RP Olomoucko, Krajský úřad Olomouckého kraje;31;100;50;% lokalit v dobrém stavu;dobrý;neznámý;2025-07-28;RP Olomoucko;NA;19269
Druh;CZ0714082;Bečva - Žebračka;Bombina bombina;1188;2022-05-13;2024-09-15;AOPK ČR - RP Olomoucko, Krajský úřad Olomouckého kraje;32;100;50;% lokalit v dobrém stavu;dobrý;neznámý;2025-07-28;RP Olomoucko;NA;19269
Druh;CZ0714082;Bečva - Žebračka;Bombina bombina;1188;2022-05-13;2024-09-15;AOPK ČR - RP Olomoucko, Krajský úřad Olomouckého kraje;33;100;50;% lokalit v dobrém stavu;dobrý;neznámý;2025-07-28;RP Olomoucko;NA;19269
Druh;CZ0714082;Bečva - Žebračka;Bombina bombina;1188;2022-05-13;2024-09-15;AOPK ČR - RP Olomoucko, Krajský úřad Olomouckého kraje;34;100;50;% lokalit v dobrém stavu;dobrý;neznámý;2025-07-28;RP Olomoucko;NA;19269
Druh;CZ0714082;Bečva - Žebračka;Bombina bombina;1188;2022-05-13;2024-09-15;AOPK ČR - RP Olomoucko, Krajský úřad Olomouckého kraje;36;33.33;50;% lokalit v dobrém stavu;špatný;neznámý;2025-07-28;RP Olomoucko;NA;19269
Druh;CZ0714082;Bečva - Žebračka;Bombina bombina;1188;2022-05-13;2024-09-15;AOPK ČR - RP Olomoucko, Krajský úřad Olomouckého kraje;37;33.33;50;% lokalit v dobrém stavu;špatný;neznámý;2025-07-28;RP Olomoucko;NA;19269
Druh;CZ0714082;Bečva - Žebračka;Bombina bombina;1188;2022-05-13;2024-09-15;AOPK ČR - RP Olomoucko, Krajský úřad Olomouckého kraje;38;100;50;% lokalit v dobrém stavu;dobrý;neznámý;2025-07-28;RP Olomoucko;NA;19269
Druh;CZ0714082;Bečva - Žebračka;Bombina bombina;1188;2022-05-13;2024-09-15;AOPK ČR - RP Olomoucko, Krajský úřad Olomouckého kraje;130;33.33;NA;% lokalit v dobrém stavu;nehodnocen;neznámý;2025-07-28;RP Olomoucko;NA;19269
Druh;CZ0714082;Bečva - Žebračka;Bombina bombina;1188;2022-05-13;2024-09-15;AOPK ČR - RP Olomoucko, Krajský úřad Olomouckého kraje;131;3;NA;počet dílčích lokalit;nehodnocen;neznámý;2025-07-28;RP Olomoucko;NA;19269
Druh;CZ0714082;Bečva - Žebračka;Bombina bombina;1188;2022-05-13;2024-09-15;AOPK ČR - RP Olomoucko, Krajský úřad Olomouckého kraje;10;NA;NA;hodnocení dílčích parametrů;zhoršený;zlepšující se;2025-07-28;RP Olomoucko;NA;19269
Druh;CZ0724089;Beskydy;Bombina variegata;1193;2022-04-14;2024-09-11;AOPK ČR - RP Moravskoslezské;27;71.43;30;% lokalit v dobrém stavu;dobrý;neznámý;2025-07-28;RP Moravskoslezské;NA;19269
Druh;CZ0724089;Beskydy;Bombina variegata;1193;2022-04-14;2024-09-11;AOPK ČR - RP Moravskoslezské;21;25;NA;adulti;nehodnocen;neznámý;2025-07-28;RP Moravskoslezské;NA;19269
Druh;CZ0724089;Beskydy;Bombina variegata;1193;2022-04-14;2024-09-11;AOPK ČR - RP Moravskoslezské;22;190;NA;adulti;nehodnocen;neznámý;2025-07-28;RP Moravskoslezské;NA;19269
Druh;CZ0724089;Beskydy;Bombina variegata;1193;2022-04-14;2024-09-11;AOPK ČR - RP Moravskoslezské;80;42.86;30;% lokalit v dobrém stavu;dobrý;neznámý;2025-07-28;RP Moravskoslezské;NA;19269
Druh;CZ0724089;Beskydy;Bombina variegata;1193;2022-04-14;2024-09-11;AOPK ČR - RP Moravskoslezské;30;57.14;30;% lokalit v dobrém stavu;dobrý;neznámý;2025-07-28;RP Moravskoslezské;NA;19269
Druh;CZ0724089;Beskydy;Bombina variegata;1193;2022-04-14;2024-09-11;AOPK ČR - RP Moravskoslezské;31;100;30;% lokalit v dobrém stavu;dobrý;neznámý;2025-07-28;RP Moravskoslezské;NA;19269
Druh;CZ0724089;Beskydy;Bombina variegata;1193;2022-04-14;2024-09-11;AOPK ČR - RP Moravskoslezské;32;95.24;30;% lokalit v dobrém stavu;dobrý;neznámý;2025-07-28;RP Moravskoslezské;NA;19269
Druh;CZ0724089;Beskydy;Bombina variegata;1193;2022-04-14;2024-09-11;AOPK ČR - RP Moravskoslezské;34;95.24;30;% lokalit v dobrém stavu;dobrý;neznámý;2025-07-28;RP Moravskoslezské;NA;19269
Druh;CZ0724089;Beskydy;Bombina variegata;1193;2022-04-14;2024-09-11;AOPK ČR - RP Moravskoslezské;35;71.43;30;% lokalit v dobrém stavu;dobrý;neznámý;2025-07-28;RP Moravskoslezské;NA;19269
Druh;CZ0724089;Beskydy;Bombina variegata;1193;2022-04-14;2024-09-11;AOPK ČR - RP Moravskoslezské;37;90.48;30;% lokalit v dobrém stavu;dobrý;neznámý;2025-07-28;RP Moravskoslezské;NA;19269
Druh;CZ0724089;Beskydy;Bombina variegata;1193;2022-04-14;2024-09-11;AOPK ČR - RP Moravskoslezské;38;100;30;% lokalit v dobrém stavu;dobrý;neznámý;2025-07-28;RP Moravskoslezské;NA;19269
Druh;CZ0724089;Beskydy;Bombina variegata;1193;2022-04-14;2024-09-11;AOPK ČR - RP Moravskoslezské;130;66.67;NA;% lokalit v dobrém stavu;nehodnocen;neznámý;2025-07-28;RP Moravskoslezské;NA;19269
Druh;CZ0724089;Beskydy;Bombina variegata;1193;2022-04-14;2024-09-11;AOPK ČR - RP Moravskoslezské;131;21;NA;počet dílčích lokalit;nehodnocen;neznámý;2025-07-28;RP Moravskoslezské;NA;19269
Druh;CZ0724089;Beskydy;Bombina variegata;1193;2022-04-14;2024-09-11;AOPK ČR - RP Moravskoslezské;10;NA;NA;hodnocení dílčích parametrů;dobrý;setrvalý;2025-07-28;RP Moravskoslezské;NA;19269
Druh;CZ0623772;Božický mokřad;Bombina bombina;1188;2022-06-10;2023-07-06;Krajský úřad Jihomoravského kraje;27;100;100;% lokalit v dobrém stavu;dobrý;neznámý;2025-07-28;RP Jižní Morava;NA;19269
Druh;CZ0623772;Božický mokřad;Bombina bombina;1188;2022-06-10;2023-07-06;Krajský úřad Jihomoravského kraje;21;1;NA;volající samci;nehodnocen;neznámý;2025-07-28;RP Jižní Morava;NA;19269
Druh;CZ0623772;Božický mokřad;Bombina bombina;1188;2022-06-10;2023-07-06;Krajský úřad Jihomoravského kraje;22;10;NA;volající samci;nehodnocen;neznámý;2025-07-28;RP Jižní Morava;NA;19269
Druh;CZ0623772;Božický mokřad;Bombina bombina;1188;2022-06-10;2023-07-06;Krajský úřad Jihomoravského kraje;80;0;100;% lokalit v dobrém stavu;špatný;neznámý;2025-07-28;RP Jižní Morava;NA;19269
Druh;CZ0623772;Božický mokřad;Bombina bombina;1188;2022-06-10;2023-07-06;Krajský úřad Jihomoravského kraje;30;NA;100;% lokalit v dobrém stavu;neznámý;neznámý;2025-07-28;RP Jižní Morava;NA;19269
Druh;CZ0623772;Božický mokřad;Bombina bombina;1188;2022-06-10;2023-07-06;Krajský úřad Jihomoravského kraje;31;100;100;% lokalit v dobrém stavu;dobrý;neznámý;2025-07-28;RP Jižní Morava;NA;19269
Druh;CZ0623772;Božický mokřad;Bombina bombina;1188;2022-06-10;2023-07-06;Krajský úřad Jihomoravského kraje;32;100;100;% lokalit v dobrém stavu;dobrý;neznámý;2025-07-28;RP Jižní Morava;NA;19269
Druh;CZ0623772;Božický mokřad;Bombina bombina;1188;2022-06-10;2023-07-06;Krajský úřad Jihomoravského kraje;33;100;100;% lokalit v dobrém stavu;dobrý;neznámý;2025-07-28;RP Jižní Morava;NA;19269
Druh;CZ0623772;Božický mokřad;Bombina bombina;1188;2022-06-10;2023-07-06;Krajský úřad Jihomoravského kraje;34;100;100;% lokalit v dobrém stavu;dobrý;neznámý;2025-07-28;RP Jižní Morava;NA;19269
Druh;CZ0623772;Božický mokřad;Bombina bombina;1188;2022-06-10;2023-07-06;Krajský úřad Jihomoravského kraje;36;100;100;% lokalit v dobrém stavu;dobrý;neznámý;2025-07-28;RP Jižní Morava;NA;19269
Druh;CZ0623772;Božický mokřad;Bombina bombina;1188;2022-06-10;2023-07-06;Krajský úřad Jihomoravského kraje;37;100;100;% lokalit v dobrém stavu;dobrý;neznámý;2025-07-28;RP Jižní Morava;NA;19269
Druh;CZ0623772;Božický mokřad;Bombina bombina;1188;2022-06-10;2023-07-06;Krajský úřad Jihomoravského kraje;38;100;100;% lokalit v dobrém stavu;dobrý;neznámý;2025-07-28;RP Jižní Morava;NA;19269
Druh;CZ0623772;Božický mokřad;Bombina bombina;1188;2022-06-10;2023-07-06;Krajský úřad Jihomoravského kraje;130;0;NA;% lokalit v dobrém stavu;nehodnocen;neznámý;2025-07-28;RP Jižní Morava;NA;19269
Druh;CZ0623772;Božický mokřad;Bombina bombina;1188;2022-06-10;2023-07-06;Krajský úřad Jihomoravského kraje;131;1;NA;počet dílčích lokalit;nehodnocen;neznámý;2025-07-28;RP Jižní Morava;NA;19269
Druh;CZ0623772;Božický mokřad;Bombina bombina;1188;2022-06-10;2023-07-06;Krajský úřad Jihomoravského kraje;10;NA;NA;hodnocení dílčích parametrů;špatný;zhoršující se;2025-07-28;RP Jižní Morava;NA;19269
Druh;CZ0813438;Cihelna Kunín;Triturus cristatus;1166;2022-04-08;2024-07-25;AOPK ČR - RP Moravskoslezské;27;57.14;50;% lokalit v dobrém stavu;dobrý;neznámý;2025-07-28;RP Moravskoslezské;NA;19269
Druh;CZ0813438;Cihelna Kunín;Triturus cristatus;1166;2022-04-08;2024-07-25;AOPK ČR - RP Moravskoslezské;21;0;NA;adulti;nehodnocen;neznámý;2025-07-28;RP Moravskoslezské;NA;19269
Druh;CZ0813438;Cihelna Kunín;Triturus cristatus;1166;2022-04-08;2024-07-25;AOPK ČR - RP Moravskoslezské;22;0;NA;adulti;nehodnocen;neznámý;2025-07-28;RP Moravskoslezské;NA;19269
Druh;CZ0813438;Cihelna Kunín;Triturus cristatus;1166;2022-04-08;2024-07-25;AOPK ČR - RP Moravskoslezské;80;NA;50;% lokalit v dobrém stavu;neznámý;neznámý;2025-07-28;RP Moravskoslezské;NA;19269
Druh;CZ0813438;Cihelna Kunín;Triturus cristatus;1166;2022-04-08;2024-07-25;AOPK ČR - RP Moravskoslezské;30;42.86;50;% lokalit v dobrém stavu;špatný;neznámý;2025-07-28;RP Moravskoslezské;NA;19269
Druh;CZ0813438;Cihelna Kunín;Triturus cristatus;1166;2022-04-08;2024-07-25;AOPK ČR - RP Moravskoslezské;31;100;50;% lokalit v dobrém stavu;dobrý;neznámý;2025-07-28;RP Moravskoslezské;NA;19269
Druh;CZ0813438;Cihelna Kunín;Triturus cristatus;1166;2022-04-08;2024-07-25;AOPK ČR - RP Moravskoslezské;32;100;50;% lokalit v dobrém stavu;dobrý;neznámý;2025-07-28;RP Moravskoslezské;NA;19269
Druh;CZ0813438;Cihelna Kunín;Triturus cristatus;1166;2022-04-08;2024-07-25;AOPK ČR - RP Moravskoslezské;33;100;50;% lokalit v dobrém stavu;dobrý;neznámý;2025-07-28;RP Moravskoslezské;NA;19269
Druh;CZ0813438;Cihelna Kunín;Triturus cristatus;1166;2022-04-08;2024-07-25;AOPK ČR - RP Moravskoslezské;34;71.43;50;% lokalit v dobrém stavu;dobrý;neznámý;2025-07-28;RP Moravskoslezské;NA;19269
Druh;CZ0813438;Cihelna Kunín;Triturus cristatus;1166;2022-04-08;2024-07-25;AOPK ČR - RP Moravskoslezské;35;71.43;50;% lokalit v dobrém stavu;dobrý;neznámý;2025-07-28;RP Moravskoslezské;NA;19269
Druh;CZ0813438;Cihelna Kunín;Triturus cristatus;1166;2022-04-08;2024-07-25;AOPK ČR - RP Moravskoslezské;36;100;50;% lokalit v dobrém stavu;dobrý;neznámý;2025-07-28;RP Moravskoslezské;NA;19269
Druh;CZ0813438;Cihelna Kunín;Triturus cristatus;1166;2022-04-08;2024-07-25;AOPK ČR - RP Moravskoslezské;38;100;50;% lokalit v dobrém stavu;dobrý;neznámý;2025-07-28;RP Moravskoslezské;NA;19269
Druh;CZ0813438;Cihelna Kunín;Triturus cristatus;1166;2022-04-08;2024-07-25;AOPK ČR - RP Moravskoslezské;130;57.14;NA;% lokalit v dobrém stavu;nehodnocen;neznámý;2025-07-28;RP Moravskoslezské;NA;19269
Druh;CZ0813438;Cihelna Kunín;Triturus cristatus;1166;2022-04-08;2024-07-25;AOPK ČR - RP Moravskoslezské;10;NA;NA;hodnocení dílčích parametrů;špatný;setrvalý;2025-07-28;RP Moravskoslezské;NA;19269
Druh;CZ0813438;Cihelna Kunín;Triturus cristatus;1166;2022-04-08;2024-07-25;AOPK ČR - RP Moravskoslezské;131;7;NA;počet dílčích lokalit;nehodnocen;neznámý;2025-07-28;RP Moravskoslezské;NA;19269
Druh;CZ0623345;Citonice - rybník Skalka;Triturus carnifex;1167;2022-05-18;2024-07-18;Krajský úřad Jihomoravského kraje;27;100;50;% lokalit v dobrém stavu;dobrý;neznámý;2025-07-28;RP Jižní Morava;NA;19269
Druh;CZ0623345;Citonice - rybník Skalka;Triturus carnifex;1167;2022-05-18;2024-07-18;Krajský úřad Jihomoravského kraje;21;23;NA;adulti;nehodnocen;neznámý;2025-07-28;RP Jižní Morava;NA;19269
Druh;CZ0623345;Citonice - rybník Skalka;Triturus carnifex;1167;2022-05-18;2024-07-18;Krajský úřad Jihomoravského kraje;22;110;NA;adulti;nehodnocen;neznámý;2025-07-28;RP Jižní Morava;NA;19269
Druh;CZ0623345;Citonice - rybník Skalka;Triturus carnifex;1167;2022-05-18;2024-07-18;Krajský úřad Jihomoravského kraje;80;100;50;% lokalit v dobrém stavu;dobrý;neznámý;2025-07-28;RP Jižní Morava;NA;19269
Druh;CZ0623345;Citonice - rybník Skalka;Triturus carnifex;1167;2022-05-18;2024-07-18;Krajský úřad Jihomoravského kraje;30;66.67;50;% lokalit v dobrém stavu;dobrý;neznámý;2025-07-28;RP Jižní Morava;NA;19269
Druh;CZ0623345;Citonice - rybník Skalka;Triturus carnifex;1167;2022-05-18;2024-07-18;Krajský úřad Jihomoravského kraje;31;100;50;% lokalit v dobrém stavu;dobrý;neznámý;2025-07-28;RP Jižní Morava;NA;19269
Druh;CZ0623345;Citonice - rybník Skalka;Triturus carnifex;1167;2022-05-18;2024-07-18;Krajský úřad Jihomoravského kraje;32;100;50;% lokalit v dobrém stavu;dobrý;neznámý;2025-07-28;RP Jižní Morava;NA;19269
Druh;CZ0623345;Citonice - rybník Skalka;Triturus carnifex;1167;2022-05-18;2024-07-18;Krajský úřad Jihomoravského kraje;33;100;50;% lokalit v dobrém stavu;dobrý;neznámý;2025-07-28;RP Jižní Morava;NA;19269
Druh;CZ0623345;Citonice - rybník Skalka;Triturus carnifex;1167;2022-05-18;2024-07-18;Krajský úřad Jihomoravského kraje;34;66.67;50;% lokalit v dobrém stavu;dobrý;neznámý;2025-07-28;RP Jižní Morava;NA;19269
Druh;CZ0623345;Citonice - rybník Skalka;Triturus carnifex;1167;2022-05-18;2024-07-18;Krajský úřad Jihomoravského kraje;35;66.67;50;% lokalit v dobrém stavu;dobrý;neznámý;2025-07-28;RP Jižní Morava;NA;19269
Druh;CZ0623345;Citonice - rybník Skalka;Triturus carnifex;1167;2022-05-18;2024-07-18;Krajský úřad Jihomoravského kraje;36;66.67;50;% lokalit v dobrém stavu;dobrý;neznámý;2025-07-28;RP Jižní Morava;NA;19269
Druh;CZ0623345;Citonice - rybník Skalka;Triturus carnifex;1167;2022-05-18;2024-07-18;Krajský úřad Jihomoravského kraje;38;100;50;% lokalit v dobrém stavu;dobrý;neznámý;2025-07-28;RP Jižní Morava;NA;19269
Druh;CZ0623345;Citonice - rybník Skalka;Triturus carnifex;1167;2022-05-18;2024-07-18;Krajský úřad Jihomoravského kraje;130;83.33;NA;% lokalit v dobrém stavu;nehodnocen;neznámý;2025-07-28;RP Jižní Morava;NA;19269
Druh;CZ0623345;Citonice - rybník Skalka;Triturus carnifex;1167;2022-05-18;2024-07-18;Krajský úřad Jihomoravského kraje;10;NA;NA;hodnocení dílčích parametrů;dobrý;zlepšující se;2025-07-28;RP Jižní Morava;NA;19269
Druh;CZ0623345;Citonice - rybník Skalka;Triturus carnifex;1167;2022-05-18;2024-07-18;Krajský úřad Jihomoravského kraje;131;3;NA;počet dílčích lokalit;nehodnocen;neznámý;2025-07-28;RP Jižní Morava;NA;19269
Druh;CZ0623359;Čekál;Bombina bombina;1188;2022-05-04;2024-07-05;Krajský úřad Jihomoravského kraje;27;100;50;% lokalit v dobrém stavu;dobrý;neznámý;2025-07-28;RP Jižní Morava;NA;19269
Druh;CZ0623359;Čekál;Bombina bombina;1188;2022-05-04;2024-07-05;Krajský úřad Jihomoravského kraje;21;12;NA;volající samci;nehodnocen;neznámý;2025-07-28;RP Jižní Morava;NA;19269
Druh;CZ0623359;Čekál;Bombina bombina;1188;2022-05-04;2024-07-05;Krajský úřad Jihomoravského kraje;22;60;NA;volající samci;nehodnocen;neznámý;2025-07-28;RP Jižní Morava;NA;19269
Druh;CZ0623359;Čekál;Bombina bombina;1188;2022-05-04;2024-07-05;Krajský úřad Jihomoravského kraje;80;100;50;% lokalit v dobrém stavu;dobrý;neznámý;2025-07-28;RP Jižní Morava;NA;19269
Druh;CZ0623359;Čekál;Bombina bombina;1188;2022-05-04;2024-07-05;Krajský úřad Jihomoravského kraje;30;NA;50;% lokalit v dobrém stavu;neznámý;neznámý;2025-07-28;RP Jižní Morava;NA;19269
Druh;CZ0623359;Čekál;Bombina bombina;1188;2022-05-04;2024-07-05;Krajský úřad Jihomoravského kraje;31;100;50;% lokalit v dobrém stavu;dobrý;neznámý;2025-07-28;RP Jižní Morava;NA;19269
Druh;CZ0623359;Čekál;Bombina bombina;1188;2022-05-04;2024-07-05;Krajský úřad Jihomoravského kraje;32;100;50;% lokalit v dobrém stavu;dobrý;neznámý;2025-07-28;RP Jižní Morava;NA;19269
Druh;CZ0623359;Čekál;Bombina bombina;1188;2022-05-04;2024-07-05;Krajský úřad Jihomoravského kraje;33;100;50;% lokalit v dobrém stavu;dobrý;neznámý;2025-07-28;RP Jižní Morava;NA;19269
Druh;CZ0623359;Čekál;Bombina bombina;1188;2022-05-04;2024-07-05;Krajský úřad Jihomoravského kraje;34;100;50;% lokalit v dobrém stavu;dobrý;neznámý;2025-07-28;RP Jižní Morava;NA;19269
Druh;CZ0623359;Čekál;Bombina bombina;1188;2022-05-04;2024-07-05;Krajský úřad Jihomoravského kraje;36;100;50;% lokalit v dobrém stavu;dobrý;neznámý;2025-07-28;RP Jižní Morava;NA;19269
Druh;CZ0623359;Čekál;Bombina bombina;1188;2022-05-04;2024-07-05;Krajský úřad Jihomoravského kraje;37;100;50;% lokalit v dobrém stavu;dobrý;neznámý;2025-07-28;RP Jižní Morava;NA;19269
Druh;CZ0623359;Čekál;Bombina bombina;1188;2022-05-04;2024-07-05;Krajský úřad Jihomoravského kraje;38;50;50;% lokalit v dobrém stavu;dobrý;neznámý;2025-07-28;RP Jižní Morava;NA;19269
Druh;CZ0623359;Čekál;Bombina bombina;1188;2022-05-04;2024-07-05;Krajský úřad Jihomoravského kraje;130;100;NA;% lokalit v dobrém stavu;nehodnocen;neznámý;2025-07-28;RP Jižní Morava;NA;19269
Druh;CZ0623359;Čekál;Bombina bombina;1188;2022-05-04;2024-07-05;Krajský úřad Jihomoravského kraje;131;2;NA;počet dílčích lokalit;nehodnocen;neznámý;2025-07-28;RP Jižní Morava;NA;19269
Druh;CZ0623359;Čekál;Bombina bombina;1188;2022-05-04;2024-07-05;Krajský úřad Jihomoravského kraje;10;NA;NA;hodnocení dílčích parametrů;dobrý;neznámý;2025-07-28;RP Jižní Morava;NA;19269
Druh;CZ0813439;Děhylovský potok - Štěpán;Bombina bombina;1188;2022-05-02;2024-10-18;Krajský úřad Moravskoslezského kraje;27;16.67;50;% lokalit v dobrém stavu;špatný;neznámý;2025-07-28;RP Moravskoslezské;NA;19269
Druh;CZ0813439;Děhylovský potok - Štěpán;Bombina bombina;1188;2022-05-02;2024-10-18;Krajský úřad Moravskoslezského kraje;21;11;NA;volající samci;nehodnocen;neznámý;2025-07-28;RP Moravskoslezské;NA;19269
Druh;CZ0813439;Děhylovský potok - Štěpán;Bombina bombina;1188;2022-05-02;2024-10-18;Krajský úřad Moravskoslezského kraje;22;50;NA;volající samci;nehodnocen;neznámý;2025-07-28;RP Moravskoslezské;NA;19269
Druh;CZ0813439;Děhylovský potok - Štěpán;Bombina bombina;1188;2022-05-02;2024-10-18;Krajský úřad Moravskoslezského kraje;80;33.33;50;% lokalit v dobrém stavu;špatný;neznámý;2025-07-28;RP Moravskoslezské;NA;19269
Druh;CZ0813439;Děhylovský potok - Štěpán;Bombina bombina;1188;2022-05-02;2024-10-18;Krajský úřad Moravskoslezského kraje;30;NA;50;% lokalit v dobrém stavu;neznámý;neznámý;2025-07-28;RP Moravskoslezské;NA;19269
Druh;CZ0813439;Děhylovský potok - Štěpán;Bombina bombina;1188;2022-05-02;2024-10-18;Krajský úřad Moravskoslezského kraje;31;100;50;% lokalit v dobrém stavu;dobrý;neznámý;2025-07-28;RP Moravskoslezské;NA;19269
Druh;CZ0813439;Děhylovský potok - Štěpán;Bombina bombina;1188;2022-05-02;2024-10-18;Krajský úřad Moravskoslezského kraje;32;100;50;% lokalit v dobrém stavu;dobrý;neznámý;2025-07-28;RP Moravskoslezské;NA;19269
Druh;CZ0813439;Děhylovský potok - Štěpán;Bombina bombina;1188;2022-05-02;2024-10-18;Krajský úřad Moravskoslezského kraje;33;100;50;% lokalit v dobrém stavu;dobrý;neznámý;2025-07-28;RP Moravskoslezské;NA;19269
Druh;CZ0813439;Děhylovský potok - Štěpán;Bombina bombina;1188;2022-05-02;2024-10-18;Krajský úřad Moravskoslezského kraje;34;83.33;50;% lokalit v dobrém stavu;dobrý;neznámý;2025-07-28;RP Moravskoslezské;NA;19269
Druh;CZ0813439;Děhylovský potok - Štěpán;Bombina bombina;1188;2022-05-02;2024-10-18;Krajský úřad Moravskoslezského kraje;36;100;50;% lokalit v dobrém stavu;dobrý;neznámý;2025-07-28;RP Moravskoslezské;NA;19269
Druh;CZ0813439;Děhylovský potok - Štěpán;Bombina bombina;1188;2022-05-02;2024-10-18;Krajský úřad Moravskoslezského kraje;37;100;50;% lokalit v dobrém stavu;dobrý;neznámý;2025-07-28;RP Moravskoslezské;NA;19269
Druh;CZ0813439;Děhylovský potok - Štěpán;Bombina bombina;1188;2022-05-02;2024-10-18;Krajský úřad Moravskoslezského kraje;38;100;50;% lokalit v dobrém stavu;dobrý;neznámý;2025-07-28;RP Moravskoslezské;NA;19269
Druh;CZ0813439;Děhylovský potok - Štěpán;Bombina bombina;1188;2022-05-02;2024-10-18;Krajský úřad Moravskoslezského kraje;130;16.67;NA;% lokalit v dobrém stavu;nehodnocen;neznámý;2025-07-28;RP Moravskoslezské;NA;19269
Druh;CZ0813439;Děhylovský potok - Štěpán;Bombina bombina;1188;2022-05-02;2024-10-18;Krajský úřad Moravskoslezského kraje;131;6;NA;počet dílčích lokalit;nehodnocen;neznámý;2025-07-28;RP Moravskoslezské;NA;19269
Druh;CZ0813439;Děhylovský potok - Štěpán;Bombina bombina;1188;2022-05-02;2024-10-18;Krajský úřad Moravskoslezského kraje;10;NA;NA;hodnocení dílčích parametrů;špatný;setrvalý;2025-07-28;RP Moravskoslezské;NA;19269
Druh;CZ0713008;Deylův ostrůvek;Triturus cristatus;1166;2022-05-13;2024-07-15;Krajský úřad Olomouckého kraje;27;100;100;% lokalit v dobrém stavu;dobrý;neznámý;2025-07-28;RP Olomoucko;NA;19269
Druh;CZ0713008;Deylův ostrůvek;Triturus cristatus;1166;2022-05-13;2024-07-15;Krajský úřad Olomouckého kraje;21;11;NA;adulti;nehodnocen;neznámý;2025-07-28;RP Olomoucko;NA;19269
Druh;CZ0713008;Deylův ostrůvek;Triturus cristatus;1166;2022-05-13;2024-07-15;Krajský úřad Olomouckého kraje;22;50;NA;adulti;nehodnocen;neznámý;2025-07-28;RP Olomoucko;NA;19269
Druh;CZ0713008;Deylův ostrůvek;Triturus cristatus;1166;2022-05-13;2024-07-15;Krajský úřad Olomouckého kraje;80;0;100;% lokalit v dobrém stavu;špatný;neznámý;2025-07-28;RP Olomoucko;NA;19269
Druh;CZ0713008;Deylův ostrůvek;Triturus cristatus;1166;2022-05-13;2024-07-15;Krajský úřad Olomouckého kraje;30;100;100;% lokalit v dobrém stavu;dobrý;neznámý;2025-07-28;RP Olomoucko;NA;19269
Druh;CZ0713008;Deylův ostrůvek;Triturus cristatus;1166;2022-05-13;2024-07-15;Krajský úřad Olomouckého kraje;31;100;100;% lokalit v dobrém stavu;dobrý;neznámý;2025-07-28;RP Olomoucko;NA;19269
Druh;CZ0713008;Deylův ostrůvek;Triturus cristatus;1166;2022-05-13;2024-07-15;Krajský úřad Olomouckého kraje;32;100;100;% lokalit v dobrém stavu;dobrý;neznámý;2025-07-28;RP Olomoucko;NA;19269
Druh;CZ0713008;Deylův ostrůvek;Triturus cristatus;1166;2022-05-13;2024-07-15;Krajský úřad Olomouckého kraje;33;100;100;% lokalit v dobrém stavu;dobrý;neznámý;2025-07-28;RP Olomoucko;NA;19269
Druh;CZ0713008;Deylův ostrůvek;Triturus cristatus;1166;2022-05-13;2024-07-15;Krajský úřad Olomouckého kraje;34;100;100;% lokalit v dobrém stavu;dobrý;neznámý;2025-07-28;RP Olomoucko;NA;19269
Druh;CZ0713008;Deylův ostrůvek;Triturus cristatus;1166;2022-05-13;2024-07-15;Krajský úřad Olomouckého kraje;35;100;100;% lokalit v dobrém stavu;dobrý;neznámý;2025-07-28;RP Olomoucko;NA;19269
Druh;CZ0713008;Deylův ostrůvek;Triturus cristatus;1166;2022-05-13;2024-07-15;Krajský úřad Olomouckého kraje;36;0;100;% lokalit v dobrém stavu;špatný;neznámý;2025-07-28;RP Olomoucko;NA;19269
Druh;CZ0713008;Deylův ostrůvek;Triturus cristatus;1166;2022-05-13;2024-07-15;Krajský úřad Olomouckého kraje;38;100;100;% lokalit v dobrém stavu;dobrý;neznámý;2025-07-28;RP Olomoucko;NA;19269
Druh;CZ0713008;Deylův ostrůvek;Triturus cristatus;1166;2022-05-13;2024-07-15;Krajský úřad Olomouckého kraje;130;0;NA;% lokalit v dobrém stavu;nehodnocen;neznámý;2025-07-28;RP Olomoucko;NA;19269
Druh;CZ0713008;Deylův ostrůvek;Triturus cristatus;1166;2022-05-13;2024-07-15;Krajský úřad Olomouckého kraje;10;NA;NA;hodnocení dílčích parametrů;špatný;setrvalý;2025-07-28;RP Olomoucko;NA;19269
Druh;CZ0713008;Deylův ostrůvek;Triturus cristatus;1166;2022-05-13;2024-07-15;Krajský úřad Olomouckého kraje;131;1;NA;počet dílčích lokalit;nehodnocen;neznámý;2025-07-28;RP Olomoucko;NA;19269
Druh;CZ0713008;Deylův ostrůvek;Bombina bombina;1188;2022-05-13;2024-09-15;Krajský úřad Olomouckého kraje;27;100;100;% lokalit v dobrém stavu;dobrý;neznámý;2025-07-28;RP Olomoucko;NA;19269
Druh;CZ0713008;Deylův ostrůvek;Bombina bombina;1188;2022-05-13;2024-09-15;Krajský úřad Olomouckého kraje;21;11;NA;volající samci;nehodnocen;neznámý;2025-07-28;RP Olomoucko;NA;19269
Druh;CZ0713008;Deylův ostrůvek;Bombina bombina;1188;2022-05-13;2024-09-15;Krajský úřad Olomouckého kraje;22;50;NA;volající samci;nehodnocen;neznámý;2025-07-28;RP Olomoucko;NA;19269
Druh;CZ0713008;Deylův ostrůvek;Bombina bombina;1188;2022-05-13;2024-09-15;Krajský úřad Olomouckého kraje;80;100;100;% lokalit v dobrém stavu;dobrý;neznámý;2025-07-28;RP Olomoucko;NA;19269
Druh;CZ0713008;Deylův ostrůvek;Bombina bombina;1188;2022-05-13;2024-09-15;Krajský úřad Olomouckého kraje;30;NA;100;% lokalit v dobrém stavu;neznámý;neznámý;2025-07-28;RP Olomoucko;NA;19269
Druh;CZ0713008;Deylův ostrůvek;Bombina bombina;1188;2022-05-13;2024-09-15;Krajský úřad Olomouckého kraje;31;100;100;% lokalit v dobrém stavu;dobrý;neznámý;2025-07-28;RP Olomoucko;NA;19269
Druh;CZ0713008;Deylův ostrůvek;Bombina bombina;1188;2022-05-13;2024-09-15;Krajský úřad Olomouckého kraje;32;100;100;% lokalit v dobrém stavu;dobrý;neznámý;2025-07-28;RP Olomoucko;NA;19269
Druh;CZ0713008;Deylův ostrůvek;Bombina bombina;1188;2022-05-13;2024-09-15;Krajský úřad Olomouckého kraje;33;100;100;% lokalit v dobrém stavu;dobrý;neznámý;2025-07-28;RP Olomoucko;NA;19269
Druh;CZ0713008;Deylův ostrůvek;Bombina bombina;1188;2022-05-13;2024-09-15;Krajský úřad Olomouckého kraje;34;100;100;% lokalit v dobrém stavu;dobrý;neznámý;2025-07-28;RP Olomoucko;NA;19269
Druh;CZ0713008;Deylův ostrůvek;Bombina bombina;1188;2022-05-13;2024-09-15;Krajský úřad Olomouckého kraje;36;100;100;% lokalit v dobrém stavu;dobrý;neznámý;2025-07-28;RP Olomoucko;NA;19269
Druh;CZ0713008;Deylův ostrůvek;Bombina bombina;1188;2022-05-13;2024-09-15;Krajský úřad Olomouckého kraje;37;100;100;% lokalit v dobrém stavu;dobrý;neznámý;2025-07-28;RP Olomoucko;NA;19269
Druh;CZ0713008;Deylův ostrůvek;Bombina bombina;1188;2022-05-13;2024-09-15;Krajský úřad Olomouckého kraje;38;100;100;% lokalit v dobrém stavu;dobrý;neznámý;2025-07-28;RP Olomoucko;NA;19269
Druh;CZ0713008;Deylův ostrůvek;Bombina bombina;1188;2022-05-13;2024-09-15;Krajský úřad Olomouckého kraje;130;100;NA;% lokalit v dobrém stavu;nehodnocen;neznámý;2025-07-28;RP Olomoucko;NA;19269
Druh;CZ0713008;Deylův ostrůvek;Bombina bombina;1188;2022-05-13;2024-09-15;Krajský úřad Olomouckého kraje;131;1;NA;počet dílčích lokalit;nehodnocen;neznámý;2025-07-28;RP Olomoucko;NA;19269
Druh;CZ0713008;Deylův ostrůvek;Bombina bombina;1188;2022-05-13;2024-09-15;Krajský úřad Olomouckého kraje;10;NA;NA;hodnocení dílčích parametrů;dobrý;zlepšující se;2025-07-28;RP Olomoucko;NA;19269
Druh;CZ0713394;Dolní a Prostřední Svrčov;Bombina bombina;1188;2022-04-10;2024-07-10;Krajský úřad Olomouckého kraje;27;0;50;% lokalit v dobrém stavu;špatný;neznámý;2025-07-28;RP Olomoucko;NA;19269
Druh;CZ0713394;Dolní a Prostřední Svrčov;Bombina bombina;1188;2022-04-10;2024-07-10;Krajský úřad Olomouckého kraje;21;0;NA;volající samci;nehodnocen;neznámý;2025-07-28;RP Olomoucko;NA;19269
Druh;CZ0713394;Dolní a Prostřední Svrčov;Bombina bombina;1188;2022-04-10;2024-07-10;Krajský úřad Olomouckého kraje;22;0;NA;volající samci;nehodnocen;neznámý;2025-07-28;RP Olomoucko;NA;19269
Druh;CZ0713394;Dolní a Prostřední Svrčov;Bombina bombina;1188;2022-04-10;2024-07-10;Krajský úřad Olomouckého kraje;80;0;50;% lokalit v dobrém stavu;špatný;neznámý;2025-07-28;RP Olomoucko;NA;19269
Druh;CZ0713394;Dolní a Prostřední Svrčov;Bombina bombina;1188;2022-04-10;2024-07-10;Krajský úřad Olomouckého kraje;30;NA;50;% lokalit v dobrém stavu;neznámý;neznámý;2025-07-28;RP Olomoucko;NA;19269
Druh;CZ0713394;Dolní a Prostřední Svrčov;Bombina bombina;1188;2022-04-10;2024-07-10;Krajský úřad Olomouckého kraje;31;100;50;% lokalit v dobrém stavu;dobrý;neznámý;2025-07-28;RP Olomoucko;NA;19269
Druh;CZ0713394;Dolní a Prostřední Svrčov;Bombina bombina;1188;2022-04-10;2024-07-10;Krajský úřad Olomouckého kraje;32;60;50;% lokalit v dobrém stavu;dobrý;neznámý;2025-07-28;RP Olomoucko;NA;19269
Druh;CZ0713394;Dolní a Prostřední Svrčov;Bombina bombina;1188;2022-04-10;2024-07-10;Krajský úřad Olomouckého kraje;33;100;50;% lokalit v dobrém stavu;dobrý;neznámý;2025-07-28;RP Olomoucko;NA;19269
Druh;CZ0713394;Dolní a Prostřední Svrčov;Bombina bombina;1188;2022-04-10;2024-07-10;Krajský úřad Olomouckého kraje;34;100;50;% lokalit v dobrém stavu;dobrý;neznámý;2025-07-28;RP Olomoucko;NA;19269
Druh;CZ0713394;Dolní a Prostřední Svrčov;Bombina bombina;1188;2022-04-10;2024-07-10;Krajský úřad Olomouckého kraje;36;80;50;% lokalit v dobrém stavu;dobrý;neznámý;2025-07-28;RP Olomoucko;NA;19269
Druh;CZ0713394;Dolní a Prostřední Svrčov;Bombina bombina;1188;2022-04-10;2024-07-10;Krajský úřad Olomouckého kraje;37;100;50;% lokalit v dobrém stavu;dobrý;neznámý;2025-07-28;RP Olomoucko;NA;19269
Druh;CZ0713394;Dolní a Prostřední Svrčov;Bombina bombina;1188;2022-04-10;2024-07-10;Krajský úřad Olomouckého kraje;38;100;50;% lokalit v dobrém stavu;dobrý;neznámý;2025-07-28;RP Olomoucko;NA;19269
Druh;CZ0713394;Dolní a Prostřední Svrčov;Bombina bombina;1188;2022-04-10;2024-07-10;Krajský úřad Olomouckého kraje;130;0;NA;% lokalit v dobrém stavu;nehodnocen;neznámý;2025-07-28;RP Olomoucko;NA;19269
Druh;CZ0713394;Dolní a Prostřední Svrčov;Bombina bombina;1188;2022-04-10;2024-07-10;Krajský úřad Olomouckého kraje;131;5;NA;počet dílčích lokalit;nehodnocen;neznámý;2025-07-28;RP Olomoucko;NA;19269
Druh;CZ0713394;Dolní a Prostřední Svrčov;Bombina bombina;1188;2022-04-10;2024-07-10;Krajský úřad Olomouckého kraje;10;NA;NA;hodnocení dílčích parametrů;špatný;setrvalý;2025-07-28;RP Olomoucko;NA;19269
Druh;CZ0813442;Dolní Marklovice;Bombina bombina;1188;2022-06-01;2024-10-17;Krajský úřad Moravskoslezského kraje;27;38.46;30;% lokalit v dobrém stavu;dobrý;neznámý;2025-07-28;RP Moravskoslezské;NA;19269
Druh;CZ0813442;Dolní Marklovice;Bombina bombina;1188;2022-06-01;2024-10-17;Krajský úřad Moravskoslezského kraje;21;5;NA;volající samci;nehodnocen;neznámý;2025-07-28;RP Moravskoslezské;NA;19269
Druh;CZ0813442;Dolní Marklovice;Bombina bombina;1188;2022-06-01;2024-10-17;Krajský úřad Moravskoslezského kraje;22;50;NA;volající samci;nehodnocen;neznámý;2025-07-28;RP Moravskoslezské;NA;19269
Druh;CZ0813442;Dolní Marklovice;Bombina bombina;1188;2022-06-01;2024-10-17;Krajský úřad Moravskoslezského kraje;80;25;30;% lokalit v dobrém stavu;špatný;neznámý;2025-07-28;RP Moravskoslezské;NA;19269
Druh;CZ0813442;Dolní Marklovice;Bombina bombina;1188;2022-06-01;2024-10-17;Krajský úřad Moravskoslezského kraje;30;NA;30;% lokalit v dobrém stavu;neznámý;neznámý;2025-07-28;RP Moravskoslezské;NA;19269
Druh;CZ0813442;Dolní Marklovice;Bombina bombina;1188;2022-06-01;2024-10-17;Krajský úřad Moravskoslezského kraje;31;100;30;% lokalit v dobrém stavu;dobrý;neznámý;2025-07-28;RP Moravskoslezské;NA;19269
Druh;CZ0813442;Dolní Marklovice;Bombina bombina;1188;2022-06-01;2024-10-17;Krajský úřad Moravskoslezského kraje;32;53.85;30;% lokalit v dobrém stavu;dobrý;neznámý;2025-07-28;RP Moravskoslezské;NA;19269
Druh;CZ0813442;Dolní Marklovice;Bombina bombina;1188;2022-06-01;2024-10-17;Krajský úřad Moravskoslezského kraje;33;92.31;30;% lokalit v dobrém stavu;dobrý;neznámý;2025-07-28;RP Moravskoslezské;NA;19269
Druh;CZ0813442;Dolní Marklovice;Bombina bombina;1188;2022-06-01;2024-10-17;Krajský úřad Moravskoslezského kraje;34;100;30;% lokalit v dobrém stavu;dobrý;neznámý;2025-07-28;RP Moravskoslezské;NA;19269
Druh;CZ0813442;Dolní Marklovice;Bombina bombina;1188;2022-06-01;2024-10-17;Krajský úřad Moravskoslezského kraje;36;100;30;% lokalit v dobrém stavu;dobrý;neznámý;2025-07-28;RP Moravskoslezské;NA;19269
Druh;CZ0813442;Dolní Marklovice;Bombina bombina;1188;2022-06-01;2024-10-17;Krajský úřad Moravskoslezského kraje;37;100;30;% lokalit v dobrém stavu;dobrý;neznámý;2025-07-28;RP Moravskoslezské;NA;19269
Druh;CZ0813442;Dolní Marklovice;Bombina bombina;1188;2022-06-01;2024-10-17;Krajský úřad Moravskoslezského kraje;38;100;30;% lokalit v dobrém stavu;dobrý;neznámý;2025-07-28;RP Moravskoslezské;NA;19269
Druh;CZ0813442;Dolní Marklovice;Bombina bombina;1188;2022-06-01;2024-10-17;Krajský úřad Moravskoslezského kraje;130;15.38;NA;% lokalit v dobrém stavu;nehodnocen;neznámý;2025-07-28;RP Moravskoslezské;NA;19269
Druh;CZ0813442;Dolní Marklovice;Bombina bombina;1188;2022-06-01;2024-10-17;Krajský úřad Moravskoslezského kraje;131;13;NA;počet dílčích lokalit;nehodnocen;neznámý;2025-07-28;RP Moravskoslezské;NA;19269
Druh;CZ0813442;Dolní Marklovice;Bombina bombina;1188;2022-06-01;2024-10-17;Krajský úřad Moravskoslezského kraje;10;NA;NA;hodnocení dílčích parametrů;špatný;neznámý;2025-07-28;RP Moravskoslezské;NA;19269
Druh;CZ0623799;Drnholecký luh;Bombina bombina;1188;2022-06-01;2024-06-20;Krajský úřad Jihomoravského kraje;27;27.27;30;% lokalit v dobrém stavu;špatný;neznámý;2025-07-28;RP Jižní Morava;NA;19269
Druh;CZ0623799;Drnholecký luh;Bombina bombina;1188;2022-06-01;2024-06-20;Krajský úřad Jihomoravského kraje;21;63;NA;volající samci;nehodnocen;neznámý;2025-07-28;RP Jižní Morava;NA;19269
Druh;CZ0623799;Drnholecký luh;Bombina bombina;1188;2022-06-01;2024-06-20;Krajský úřad Jihomoravského kraje;22;160;NA;volající samci;nehodnocen;neznámý;2025-07-28;RP Jižní Morava;NA;19269
Druh;CZ0623799;Drnholecký luh;Bombina bombina;1188;2022-06-01;2024-06-20;Krajský úřad Jihomoravského kraje;80;40;30;% lokalit v dobrém stavu;dobrý;neznámý;2025-07-28;RP Jižní Morava;NA;19269
Druh;CZ0623799;Drnholecký luh;Bombina bombina;1188;2022-06-01;2024-06-20;Krajský úřad Jihomoravského kraje;30;NA;30;% lokalit v dobrém stavu;neznámý;neznámý;2025-07-28;RP Jižní Morava;NA;19269
Druh;CZ0623799;Drnholecký luh;Bombina bombina;1188;2022-06-01;2024-06-20;Krajský úřad Jihomoravského kraje;31;100;30;% lokalit v dobrém stavu;dobrý;neznámý;2025-07-28;RP Jižní Morava;NA;19269
Druh;CZ0623799;Drnholecký luh;Bombina bombina;1188;2022-06-01;2024-06-20;Krajský úřad Jihomoravského kraje;32;100;30;% lokalit v dobrém stavu;dobrý;neznámý;2025-07-28;RP Jižní Morava;NA;19269
Druh;CZ0623799;Drnholecký luh;Bombina bombina;1188;2022-06-01;2024-06-20;Krajský úřad Jihomoravského kraje;33;100;30;% lokalit v dobrém stavu;dobrý;neznámý;2025-07-28;RP Jižní Morava;NA;19269
Druh;CZ0623799;Drnholecký luh;Bombina bombina;1188;2022-06-01;2024-06-20;Krajský úřad Jihomoravského kraje;34;100;30;% lokalit v dobrém stavu;dobrý;neznámý;2025-07-28;RP Jižní Morava;NA;19269
Druh;CZ0623799;Drnholecký luh;Bombina bombina;1188;2022-06-01;2024-06-20;Krajský úřad Jihomoravského kraje;36;72.73;30;% lokalit v dobrém stavu;dobrý;neznámý;2025-07-28;RP Jižní Morava;NA;19269
Druh;CZ0623799;Drnholecký luh;Bombina bombina;1188;2022-06-01;2024-06-20;Krajský úřad Jihomoravského kraje;37;72.73;30;% lokalit v dobrém stavu;dobrý;neznámý;2025-07-28;RP Jižní Morava;NA;19269
Druh;CZ0623799;Drnholecký luh;Bombina bombina;1188;2022-06-01;2024-06-20;Krajský úřad Jihomoravského kraje;38;100;30;% lokalit v dobrém stavu;dobrý;neznámý;2025-07-28;RP Jižní Morava;NA;19269
Druh;CZ0623799;Drnholecký luh;Bombina bombina;1188;2022-06-01;2024-06-20;Krajský úřad Jihomoravského kraje;130;13.64;NA;% lokalit v dobrém stavu;nehodnocen;neznámý;2025-07-28;RP Jižní Morava;NA;19269
Druh;CZ0623799;Drnholecký luh;Bombina bombina;1188;2022-06-01;2024-06-20;Krajský úřad Jihomoravského kraje;131;11;NA;počet dílčích lokalit;nehodnocen;neznámý;2025-07-28;RP Jižní Morava;NA;19269
Druh;CZ0623799;Drnholecký luh;Bombina bombina;1188;2022-06-01;2024-06-20;Krajský úřad Jihomoravského kraje;10;NA;NA;hodnocení dílčích parametrů;špatný;zhoršující se;2025-07-28;RP Jižní Morava;NA;19269
Druh;CZ0813444;Heřmanický rybník;Triturus cristatus;1166;2022-04-28;2024-09-09;Krajský úřad Moravskoslezského kraje;27;21.43;30;% lokalit v dobrém stavu;špatný;neznámý;2025-07-28;RP Moravskoslezské;NA;19269
Druh;CZ0813444;Heřmanický rybník;Triturus cristatus;1166;2022-04-28;2024-09-09;Krajský úřad Moravskoslezského kraje;21;73;NA;adulti;nehodnocen;neznámý;2025-07-28;RP Moravskoslezské;NA;19269
Druh;CZ0813444;Heřmanický rybník;Triturus cristatus;1166;2022-04-28;2024-09-09;Krajský úřad Moravskoslezského kraje;22;100;NA;adulti;nehodnocen;neznámý;2025-07-28;RP Moravskoslezské;NA;19269
Druh;CZ0813444;Heřmanický rybník;Triturus cristatus;1166;2022-04-28;2024-09-09;Krajský úřad Moravskoslezského kraje;80;66.67;30;% lokalit v dobrém stavu;dobrý;neznámý;2025-07-28;RP Moravskoslezské;NA;19269
Druh;CZ0813444;Heřmanický rybník;Triturus cristatus;1166;2022-04-28;2024-09-09;Krajský úřad Moravskoslezského kraje;30;28.57;30;% lokalit v dobrém stavu;špatný;neznámý;2025-07-28;RP Moravskoslezské;NA;19269
Druh;CZ0813444;Heřmanický rybník;Triturus cristatus;1166;2022-04-28;2024-09-09;Krajský úřad Moravskoslezského kraje;31;100;30;% lokalit v dobrém stavu;dobrý;neznámý;2025-07-28;RP Moravskoslezské;NA;19269
Druh;CZ0813444;Heřmanický rybník;Triturus cristatus;1166;2022-04-28;2024-09-09;Krajský úřad Moravskoslezského kraje;32;50;30;% lokalit v dobrém stavu;dobrý;neznámý;2025-07-28;RP Moravskoslezské;NA;19269
Druh;CZ0813444;Heřmanický rybník;Triturus cristatus;1166;2022-04-28;2024-09-09;Krajský úřad Moravskoslezského kraje;33;100;30;% lokalit v dobrém stavu;dobrý;neznámý;2025-07-28;RP Moravskoslezské;NA;19269
Druh;CZ0813444;Heřmanický rybník;Triturus cristatus;1166;2022-04-28;2024-09-09;Krajský úřad Moravskoslezského kraje;34;100;30;% lokalit v dobrém stavu;dobrý;neznámý;2025-07-28;RP Moravskoslezské;NA;19269
Druh;CZ0813444;Heřmanický rybník;Triturus cristatus;1166;2022-04-28;2024-09-09;Krajský úřad Moravskoslezského kraje;35;21.43;30;% lokalit v dobrém stavu;špatný;neznámý;2025-07-28;RP Moravskoslezské;NA;19269
Druh;CZ0813444;Heřmanický rybník;Triturus cristatus;1166;2022-04-28;2024-09-09;Krajský úřad Moravskoslezského kraje;36;57.14;30;% lokalit v dobrém stavu;dobrý;neznámý;2025-07-28;RP Moravskoslezské;NA;19269
Druh;CZ0813444;Heřmanický rybník;Triturus cristatus;1166;2022-04-28;2024-09-09;Krajský úřad Moravskoslezského kraje;38;100;30;% lokalit v dobrém stavu;dobrý;neznámý;2025-07-28;RP Moravskoslezské;NA;19269
Druh;CZ0813444;Heřmanický rybník;Triturus cristatus;1166;2022-04-28;2024-09-09;Krajský úřad Moravskoslezského kraje;130;10.71;NA;% lokalit v dobrém stavu;nehodnocen;neznámý;2025-07-28;RP Moravskoslezské;NA;19269
Druh;CZ0813444;Heřmanický rybník;Triturus cristatus;1166;2022-04-28;2024-09-09;Krajský úřad Moravskoslezského kraje;10;NA;NA;hodnocení dílčích parametrů;špatný;setrvalý;2025-07-28;RP Moravskoslezské;NA;19269
Druh;CZ0813444;Heřmanický rybník;Triturus cristatus;1166;2022-04-28;2024-09-09;Krajský úřad Moravskoslezského kraje;131;14;NA;počet dílčích lokalit;nehodnocen;neznámý;2025-07-28;RP Moravskoslezské;NA;19269
Druh;CZ0623010;Hevlínské jezero;Bombina bombina;1188;2023-04-22;2024-08-14;Krajský úřad Jihomoravského kraje;27;100;100;% lokalit v dobrém stavu;dobrý;neznámý;2025-07-28;RP Jižní Morava;NA;19269
Druh;CZ0623010;Hevlínské jezero;Bombina bombina;1188;2023-04-22;2024-08-14;Krajský úřad Jihomoravského kraje;21;11;NA;volající samci;nehodnocen;neznámý;2025-07-28;RP Jižní Morava;NA;19269
Druh;CZ0623010;Hevlínské jezero;Bombina bombina;1188;2023-04-22;2024-08-14;Krajský úřad Jihomoravského kraje;22;50;NA;volající samci;nehodnocen;neznámý;2025-07-28;RP Jižní Morava;NA;19269
Druh;CZ0623010;Hevlínské jezero;Bombina bombina;1188;2023-04-22;2024-08-14;Krajský úřad Jihomoravského kraje;80;0;100;% lokalit v dobrém stavu;špatný;neznámý;2025-07-28;RP Jižní Morava;NA;19269
Druh;CZ0623010;Hevlínské jezero;Bombina bombina;1188;2023-04-22;2024-08-14;Krajský úřad Jihomoravského kraje;30;NA;100;% lokalit v dobrém stavu;neznámý;neznámý;2025-07-28;RP Jižní Morava;NA;19269
Druh;CZ0623010;Hevlínské jezero;Bombina bombina;1188;2023-04-22;2024-08-14;Krajský úřad Jihomoravského kraje;31;100;100;% lokalit v dobrém stavu;dobrý;neznámý;2025-07-28;RP Jižní Morava;NA;19269
Druh;CZ0623010;Hevlínské jezero;Bombina bombina;1188;2023-04-22;2024-08-14;Krajský úřad Jihomoravského kraje;32;100;100;% lokalit v dobrém stavu;dobrý;neznámý;2025-07-28;RP Jižní Morava;NA;19269
Druh;CZ0623010;Hevlínské jezero;Bombina bombina;1188;2023-04-22;2024-08-14;Krajský úřad Jihomoravského kraje;33;100;100;% lokalit v dobrém stavu;dobrý;neznámý;2025-07-28;RP Jižní Morava;NA;19269
Druh;CZ0623010;Hevlínské jezero;Bombina bombina;1188;2023-04-22;2024-08-14;Krajský úřad Jihomoravského kraje;34;100;100;% lokalit v dobrém stavu;dobrý;neznámý;2025-07-28;RP Jižní Morava;NA;19269
Druh;CZ0623010;Hevlínské jezero;Bombina bombina;1188;2023-04-22;2024-08-14;Krajský úřad Jihomoravského kraje;36;100;100;% lokalit v dobrém stavu;dobrý;neznámý;2025-07-28;RP Jižní Morava;NA;19269
Druh;CZ0623010;Hevlínské jezero;Bombina bombina;1188;2023-04-22;2024-08-14;Krajský úřad Jihomoravského kraje;37;100;100;% lokalit v dobrém stavu;dobrý;neznámý;2025-07-28;RP Jižní Morava;NA;19269
Druh;CZ0623010;Hevlínské jezero;Bombina bombina;1188;2023-04-22;2024-08-14;Krajský úřad Jihomoravského kraje;38;100;100;% lokalit v dobrém stavu;dobrý;neznámý;2025-07-28;RP Jižní Morava;NA;19269
Druh;CZ0623010;Hevlínské jezero;Bombina bombina;1188;2023-04-22;2024-08-14;Krajský úřad Jihomoravského kraje;130;0;NA;% lokalit v dobrém stavu;nehodnocen;neznámý;2025-07-28;RP Jižní Morava;NA;19269
Druh;CZ0623010;Hevlínské jezero;Bombina bombina;1188;2023-04-22;2024-08-14;Krajský úřad Jihomoravského kraje;131;1;NA;počet dílčích lokalit;nehodnocen;neznámý;2025-07-28;RP Jižní Morava;NA;19269
Druh;CZ0623010;Hevlínské jezero;Bombina bombina;1188;2023-04-22;2024-08-14;Krajský úřad Jihomoravského kraje;10;NA;NA;hodnocení dílčích parametrů;špatný;zhoršující se;2025-07-28;RP Jižní Morava;NA;19269
Druh;CZ0624070;Hodonínská Dúbrava;Bombina bombina;1188;2022-06-17;2024-06-06;AOPK ČR - RP Jižní Morava, Krajský úřad Jihomoravského kraje;27;47.37;30;% lokalit v dobrém stavu;dobrý;neznámý;2025-07-28;RP Jižní Morava;NA;19269
Druh;CZ0624070;Hodonínská Dúbrava;Bombina bombina;1188;2022-06-17;2024-06-06;AOPK ČR - RP Jižní Morava, Krajský úřad Jihomoravského kraje;21;548;NA;volající samci;nehodnocen;neznámý;2025-07-28;RP Jižní Morava;NA;19269
Druh;CZ0624070;Hodonínská Dúbrava;Bombina bombina;1188;2022-06-17;2024-06-06;AOPK ČR - RP Jižní Morava, Krajský úřad Jihomoravského kraje;22;2820;NA;volající samci;nehodnocen;neznámý;2025-07-28;RP Jižní Morava;NA;19269
Druh;CZ0624070;Hodonínská Dúbrava;Bombina bombina;1188;2022-06-17;2024-06-06;AOPK ČR - RP Jižní Morava, Krajský úřad Jihomoravského kraje;80;80;30;% lokalit v dobrém stavu;dobrý;neznámý;2025-07-28;RP Jižní Morava;NA;19269
Druh;CZ0624070;Hodonínská Dúbrava;Bombina bombina;1188;2022-06-17;2024-06-06;AOPK ČR - RP Jižní Morava, Krajský úřad Jihomoravského kraje;30;NA;30;% lokalit v dobrém stavu;neznámý;neznámý;2025-07-28;RP Jižní Morava;NA;19269
Druh;CZ0624070;Hodonínská Dúbrava;Bombina bombina;1188;2022-06-17;2024-06-06;AOPK ČR - RP Jižní Morava, Krajský úřad Jihomoravského kraje;31;100;30;% lokalit v dobrém stavu;dobrý;neznámý;2025-07-28;RP Jižní Morava;NA;19269
Druh;CZ0624070;Hodonínská Dúbrava;Bombina bombina;1188;2022-06-17;2024-06-06;AOPK ČR - RP Jižní Morava, Krajský úřad Jihomoravského kraje;32;100;30;% lokalit v dobrém stavu;dobrý;neznámý;2025-07-28;RP Jižní Morava;NA;19269
Druh;CZ0624070;Hodonínská Dúbrava;Bombina bombina;1188;2022-06-17;2024-06-06;AOPK ČR - RP Jižní Morava, Krajský úřad Jihomoravského kraje;33;100;30;% lokalit v dobrém stavu;dobrý;neznámý;2025-07-28;RP Jižní Morava;NA;19269
Druh;CZ0624070;Hodonínská Dúbrava;Bombina bombina;1188;2022-06-17;2024-06-06;AOPK ČR - RP Jižní Morava, Krajský úřad Jihomoravského kraje;34;92.11;30;% lokalit v dobrém stavu;dobrý;neznámý;2025-07-28;RP Jižní Morava;NA;19269
Druh;CZ0624070;Hodonínská Dúbrava;Bombina bombina;1188;2022-06-17;2024-06-06;AOPK ČR - RP Jižní Morava, Krajský úřad Jihomoravského kraje;36;97.37;30;% lokalit v dobrém stavu;dobrý;neznámý;2025-07-28;RP Jižní Morava;NA;19269
Druh;CZ0624070;Hodonínská Dúbrava;Bombina bombina;1188;2022-06-17;2024-06-06;AOPK ČR - RP Jižní Morava, Krajský úřad Jihomoravského kraje;37;100;30;% lokalit v dobrém stavu;dobrý;neznámý;2025-07-28;RP Jižní Morava;NA;19269
Druh;CZ0624070;Hodonínská Dúbrava;Bombina bombina;1188;2022-06-17;2024-06-06;AOPK ČR - RP Jižní Morava, Krajský úřad Jihomoravského kraje;38;100;30;% lokalit v dobrém stavu;dobrý;neznámý;2025-07-28;RP Jižní Morava;NA;19269
Druh;CZ0624070;Hodonínská Dúbrava;Bombina bombina;1188;2022-06-17;2024-06-06;AOPK ČR - RP Jižní Morava, Krajský úřad Jihomoravského kraje;130;39.47;NA;% lokalit v dobrém stavu;nehodnocen;neznámý;2025-07-28;RP Jižní Morava;NA;19269
Druh;CZ0624070;Hodonínská Dúbrava;Bombina bombina;1188;2022-06-17;2024-06-06;AOPK ČR - RP Jižní Morava, Krajský úřad Jihomoravského kraje;131;38;NA;počet dílčích lokalit;nehodnocen;neznámý;2025-07-28;RP Jižní Morava;NA;19269
Druh;CZ0624070;Hodonínská Dúbrava;Bombina bombina;1188;2022-06-17;2024-06-06;AOPK ČR - RP Jižní Morava, Krajský úřad Jihomoravského kraje;10;NA;NA;hodnocení dílčích parametrů;dobrý;zlepšující se;2025-07-28;RP Jižní Morava;NA;19269
Druh;CZ0623358;Horní Mouřínovský rybník;Bombina bombina;1188;2022-05-22;2022-06-18;Krajský úřad Jihomoravského kraje;27;100;100;% lokalit v dobrém stavu;dobrý;neznámý;2025-07-28;RP Jižní Morava;NA;19269
Druh;CZ0623358;Horní Mouřínovský rybník;Bombina bombina;1188;2022-05-22;2022-06-18;Krajský úřad Jihomoravského kraje;21;1;NA;volající samci;nehodnocen;neznámý;2025-07-28;RP Jižní Morava;NA;19269
Druh;CZ0623358;Horní Mouřínovský rybník;Bombina bombina;1188;2022-05-22;2022-06-18;Krajský úřad Jihomoravského kraje;22;10;NA;volající samci;nehodnocen;neznámý;2025-07-28;RP Jižní Morava;NA;19269
Druh;CZ0623358;Horní Mouřínovský rybník;Bombina bombina;1188;2022-05-22;2022-06-18;Krajský úřad Jihomoravského kraje;80;NA;100;% lokalit v dobrém stavu;neznámý;neznámý;2025-07-28;RP Jižní Morava;NA;19269
Druh;CZ0623358;Horní Mouřínovský rybník;Bombina bombina;1188;2022-05-22;2022-06-18;Krajský úřad Jihomoravského kraje;30;NA;100;% lokalit v dobrém stavu;neznámý;neznámý;2025-07-28;RP Jižní Morava;NA;19269
Druh;CZ0623358;Horní Mouřínovský rybník;Bombina bombina;1188;2022-05-22;2022-06-18;Krajský úřad Jihomoravského kraje;31;100;100;% lokalit v dobrém stavu;dobrý;neznámý;2025-07-28;RP Jižní Morava;NA;19269
Druh;CZ0623358;Horní Mouřínovský rybník;Bombina bombina;1188;2022-05-22;2022-06-18;Krajský úřad Jihomoravského kraje;32;100;100;% lokalit v dobrém stavu;dobrý;neznámý;2025-07-28;RP Jižní Morava;NA;19269
Druh;CZ0623358;Horní Mouřínovský rybník;Bombina bombina;1188;2022-05-22;2022-06-18;Krajský úřad Jihomoravského kraje;33;100;100;% lokalit v dobrém stavu;dobrý;neznámý;2025-07-28;RP Jižní Morava;NA;19269
Druh;CZ0623358;Horní Mouřínovský rybník;Bombina bombina;1188;2022-05-22;2022-06-18;Krajský úřad Jihomoravského kraje;34;100;100;% lokalit v dobrém stavu;dobrý;neznámý;2025-07-28;RP Jižní Morava;NA;19269
Druh;CZ0623358;Horní Mouřínovský rybník;Bombina bombina;1188;2022-05-22;2022-06-18;Krajský úřad Jihomoravského kraje;36;100;100;% lokalit v dobrém stavu;dobrý;neznámý;2025-07-28;RP Jižní Morava;NA;19269
Druh;CZ0623358;Horní Mouřínovský rybník;Bombina bombina;1188;2022-05-22;2022-06-18;Krajský úřad Jihomoravského kraje;37;100;100;% lokalit v dobrém stavu;dobrý;neznámý;2025-07-28;RP Jižní Morava;NA;19269
Druh;CZ0623358;Horní Mouřínovský rybník;Bombina bombina;1188;2022-05-22;2022-06-18;Krajský úřad Jihomoravského kraje;38;100;100;% lokalit v dobrém stavu;dobrý;neznámý;2025-07-28;RP Jižní Morava;NA;19269
Druh;CZ0623358;Horní Mouřínovský rybník;Bombina bombina;1188;2022-05-22;2022-06-18;Krajský úřad Jihomoravského kraje;130;100;NA;% lokalit v dobrém stavu;nehodnocen;neznámý;2025-07-28;RP Jižní Morava;NA;19269
Druh;CZ0623358;Horní Mouřínovský rybník;Bombina bombina;1188;2022-05-22;2022-06-18;Krajský úřad Jihomoravského kraje;131;1;NA;počet dílčích lokalit;nehodnocen;neznámý;2025-07-28;RP Jižní Morava;NA;19269
Druh;CZ0623358;Horní Mouřínovský rybník;Bombina bombina;1188;2022-05-22;2022-06-18;Krajský úřad Jihomoravského kraje;10;NA;NA;hodnocení dílčích parametrů;dobrý;neznámý;2025-07-28;RP Jižní Morava;NA;19269
Druh;CZ0814093;Hraniční meandry Odry;Bombina variegata;1193;2022-05-17;2024-08-14;Krajský úřad Moravskoslezského kraje;27;0;50;% lokalit v dobrém stavu;špatný;neznámý;2025-07-28;RP Moravskoslezské;NA;19269
Druh;CZ0814093;Hraniční meandry Odry;Bombina variegata;1193;2022-05-17;2024-08-14;Krajský úřad Moravskoslezského kraje;21;0;NA;adulti;nehodnocen;neznámý;2025-07-28;RP Moravskoslezské;NA;19269
Druh;CZ0814093;Hraniční meandry Odry;Bombina variegata;1193;2022-05-17;2024-08-14;Krajský úřad Moravskoslezského kraje;22;0;NA;adulti;nehodnocen;neznámý;2025-07-28;RP Moravskoslezské;NA;19269
Druh;CZ0814093;Hraniční meandry Odry;Bombina variegata;1193;2022-05-17;2024-08-14;Krajský úřad Moravskoslezského kraje;80;NA;50;% lokalit v dobrém stavu;neznámý;neznámý;2025-07-28;RP Moravskoslezské;NA;19269
Druh;CZ0814093;Hraniční meandry Odry;Bombina variegata;1193;2022-05-17;2024-08-14;Krajský úřad Moravskoslezského kraje;30;0;50;% lokalit v dobrém stavu;špatný;neznámý;2025-07-28;RP Moravskoslezské;NA;19269
Druh;CZ0814093;Hraniční meandry Odry;Bombina variegata;1193;2022-05-17;2024-08-14;Krajský úřad Moravskoslezského kraje;31;100;50;% lokalit v dobrém stavu;dobrý;neznámý;2025-07-28;RP Moravskoslezské;NA;19269
Druh;CZ0814093;Hraniční meandry Odry;Bombina variegata;1193;2022-05-17;2024-08-14;Krajský úřad Moravskoslezského kraje;32;50;50;% lokalit v dobrém stavu;dobrý;neznámý;2025-07-28;RP Moravskoslezské;NA;19269
Druh;CZ0814093;Hraniční meandry Odry;Bombina variegata;1193;2022-05-17;2024-08-14;Krajský úřad Moravskoslezského kraje;34;100;50;% lokalit v dobrém stavu;dobrý;neznámý;2025-07-28;RP Moravskoslezské;NA;19269
Druh;CZ0814093;Hraniční meandry Odry;Bombina variegata;1193;2022-05-17;2024-08-14;Krajský úřad Moravskoslezského kraje;35;100;50;% lokalit v dobrém stavu;dobrý;neznámý;2025-07-28;RP Moravskoslezské;NA;19269
Druh;CZ0814093;Hraniční meandry Odry;Bombina variegata;1193;2022-05-17;2024-08-14;Krajský úřad Moravskoslezského kraje;37;100;50;% lokalit v dobrém stavu;dobrý;neznámý;2025-07-28;RP Moravskoslezské;NA;19269
Druh;CZ0814093;Hraniční meandry Odry;Bombina variegata;1193;2022-05-17;2024-08-14;Krajský úřad Moravskoslezského kraje;38;100;50;% lokalit v dobrém stavu;dobrý;neznámý;2025-07-28;RP Moravskoslezské;NA;19269
Druh;CZ0814093;Hraniční meandry Odry;Bombina variegata;1193;2022-05-17;2024-08-14;Krajský úřad Moravskoslezského kraje;130;0;NA;% lokalit v dobrém stavu;nehodnocen;neznámý;2025-07-28;RP Moravskoslezské;NA;19269
Druh;CZ0814093;Hraniční meandry Odry;Bombina variegata;1193;2022-05-17;2024-08-14;Krajský úřad Moravskoslezského kraje;131;4;NA;počet dílčích lokalit;nehodnocen;neznámý;2025-07-28;RP Moravskoslezské;NA;19269
Druh;CZ0814093;Hraniční meandry Odry;Bombina variegata;1193;2022-05-17;2024-08-14;Krajský úřad Moravskoslezského kraje;10;NA;NA;hodnocení dílčích parametrů;špatný;neznámý;2025-07-28;RP Moravskoslezské;NA;19269
Druh;CZ0723406;Chvalčov;Triturus cristatus;1166;2022-04-21;2024-09-01;Krajský úřad Zlínského kraje;27;100;100;% lokalit v dobrém stavu;dobrý;neznámý;2025-07-28;RP SCHKO Bílé Karpaty;NA;19269
Druh;CZ0723406;Chvalčov;Triturus cristatus;1166;2022-04-21;2024-09-01;Krajský úřad Zlínského kraje;21;1;NA;adulti;nehodnocen;neznámý;2025-07-28;RP SCHKO Bílé Karpaty;NA;19269
Druh;CZ0723406;Chvalčov;Triturus cristatus;1166;2022-04-21;2024-09-01;Krajský úřad Zlínského kraje;22;10;NA;adulti;nehodnocen;neznámý;2025-07-28;RP SCHKO Bílé Karpaty;NA;19269
Druh;CZ0723406;Chvalčov;Triturus cristatus;1166;2022-04-21;2024-09-01;Krajský úřad Zlínského kraje;80;100;100;% lokalit v dobrém stavu;dobrý;neznámý;2025-07-28;RP SCHKO Bílé Karpaty;NA;19269
Druh;CZ0723406;Chvalčov;Triturus cristatus;1166;2022-04-21;2024-09-01;Krajský úřad Zlínského kraje;30;100;100;% lokalit v dobrém stavu;dobrý;neznámý;2025-07-28;RP SCHKO Bílé Karpaty;NA;19269
Druh;CZ0723406;Chvalčov;Triturus cristatus;1166;2022-04-21;2024-09-01;Krajský úřad Zlínského kraje;31;100;100;% lokalit v dobrém stavu;dobrý;neznámý;2025-07-28;RP SCHKO Bílé Karpaty;NA;19269
Druh;CZ0723406;Chvalčov;Triturus cristatus;1166;2022-04-21;2024-09-01;Krajský úřad Zlínského kraje;32;100;100;% lokalit v dobrém stavu;dobrý;neznámý;2025-07-28;RP SCHKO Bílé Karpaty;NA;19269
Druh;CZ0723406;Chvalčov;Triturus cristatus;1166;2022-04-21;2024-09-01;Krajský úřad Zlínského kraje;33;100;100;% lokalit v dobrém stavu;dobrý;neznámý;2025-07-28;RP SCHKO Bílé Karpaty;NA;19269
Druh;CZ0723406;Chvalčov;Triturus cristatus;1166;2022-04-21;2024-09-01;Krajský úřad Zlínského kraje;34;100;100;% lokalit v dobrém stavu;dobrý;neznámý;2025-07-28;RP SCHKO Bílé Karpaty;NA;19269
Druh;CZ0723406;Chvalčov;Triturus cristatus;1166;2022-04-21;2024-09-01;Krajský úřad Zlínského kraje;35;0;100;% lokalit v dobrém stavu;špatný;neznámý;2025-07-28;RP SCHKO Bílé Karpaty;NA;19269
Druh;CZ0723406;Chvalčov;Triturus cristatus;1166;2022-04-21;2024-09-01;Krajský úřad Zlínského kraje;36;100;100;% lokalit v dobrém stavu;dobrý;neznámý;2025-07-28;RP SCHKO Bílé Karpaty;NA;19269
Druh;CZ0723406;Chvalčov;Triturus cristatus;1166;2022-04-21;2024-09-01;Krajský úřad Zlínského kraje;38;100;100;% lokalit v dobrém stavu;dobrý;neznámý;2025-07-28;RP SCHKO Bílé Karpaty;NA;19269
Druh;CZ0723406;Chvalčov;Triturus cristatus;1166;2022-04-21;2024-09-01;Krajský úřad Zlínského kraje;130;100;NA;% lokalit v dobrém stavu;nehodnocen;neznámý;2025-07-28;RP SCHKO Bílé Karpaty;NA;19269
Druh;CZ0723406;Chvalčov;Triturus cristatus;1166;2022-04-21;2024-09-01;Krajský úřad Zlínského kraje;10;NA;NA;hodnocení dílčích parametrů;dobrý;setrvalý;2025-07-28;RP SCHKO Bílé Karpaty;NA;19269
Druh;CZ0723406;Chvalčov;Triturus cristatus;1166;2022-04-21;2024-09-01;Krajský úřad Zlínského kraje;131;1;NA;počet dílčích lokalit;nehodnocen;neznámý;2025-07-28;RP SCHKO Bílé Karpaty;NA;19269
Druh;CZ0623348;Jankovec;Bombina bombina;1188;2023-05-02;2024-08-17;Krajský úřad Jihomoravského kraje;27;100;50;% lokalit v dobrém stavu;dobrý;neznámý;2025-07-28;RP Jižní Morava;NA;19269
Druh;CZ0623348;Jankovec;Bombina bombina;1188;2023-05-02;2024-08-17;Krajský úřad Jihomoravského kraje;21;102;NA;volající samci;nehodnocen;neznámý;2025-07-28;RP Jižní Morava;NA;19269
Druh;CZ0623348;Jankovec;Bombina bombina;1188;2023-05-02;2024-08-17;Krajský úřad Jihomoravského kraje;22;1010;NA;volající samci;nehodnocen;neznámý;2025-07-28;RP Jižní Morava;NA;19269
Druh;CZ0623348;Jankovec;Bombina bombina;1188;2023-05-02;2024-08-17;Krajský úřad Jihomoravského kraje;80;100;50;% lokalit v dobrém stavu;dobrý;neznámý;2025-07-28;RP Jižní Morava;NA;19269
Druh;CZ0623348;Jankovec;Bombina bombina;1188;2023-05-02;2024-08-17;Krajský úřad Jihomoravského kraje;30;NA;50;% lokalit v dobrém stavu;neznámý;neznámý;2025-07-28;RP Jižní Morava;NA;19269
Druh;CZ0623348;Jankovec;Bombina bombina;1188;2023-05-02;2024-08-17;Krajský úřad Jihomoravského kraje;31;100;50;% lokalit v dobrém stavu;dobrý;neznámý;2025-07-28;RP Jižní Morava;NA;19269
Druh;CZ0623348;Jankovec;Bombina bombina;1188;2023-05-02;2024-08-17;Krajský úřad Jihomoravského kraje;32;0;50;% lokalit v dobrém stavu;špatný;neznámý;2025-07-28;RP Jižní Morava;NA;19269
Druh;CZ0623348;Jankovec;Bombina bombina;1188;2023-05-02;2024-08-17;Krajský úřad Jihomoravského kraje;33;100;50;% lokalit v dobrém stavu;dobrý;neznámý;2025-07-28;RP Jižní Morava;NA;19269
Druh;CZ0623348;Jankovec;Bombina bombina;1188;2023-05-02;2024-08-17;Krajský úřad Jihomoravského kraje;34;100;50;% lokalit v dobrém stavu;dobrý;neznámý;2025-07-28;RP Jižní Morava;NA;19269
Druh;CZ0623348;Jankovec;Bombina bombina;1188;2023-05-02;2024-08-17;Krajský úřad Jihomoravského kraje;36;100;50;% lokalit v dobrém stavu;dobrý;neznámý;2025-07-28;RP Jižní Morava;NA;19269
Druh;CZ0623348;Jankovec;Bombina bombina;1188;2023-05-02;2024-08-17;Krajský úřad Jihomoravského kraje;37;100;50;% lokalit v dobrém stavu;dobrý;neznámý;2025-07-28;RP Jižní Morava;NA;19269
Druh;CZ0623348;Jankovec;Bombina bombina;1188;2023-05-02;2024-08-17;Krajský úřad Jihomoravského kraje;38;100;50;% lokalit v dobrém stavu;dobrý;neznámý;2025-07-28;RP Jižní Morava;NA;19269
Druh;CZ0623348;Jankovec;Bombina bombina;1188;2023-05-02;2024-08-17;Krajský úřad Jihomoravského kraje;130;100;NA;% lokalit v dobrém stavu;nehodnocen;neznámý;2025-07-28;RP Jižní Morava;NA;19269
Druh;CZ0623348;Jankovec;Bombina bombina;1188;2023-05-02;2024-08-17;Krajský úřad Jihomoravského kraje;131;3;NA;počet dílčích lokalit;nehodnocen;neznámý;2025-07-28;RP Jižní Morava;NA;19269
Druh;CZ0623348;Jankovec;Bombina bombina;1188;2023-05-02;2024-08-17;Krajský úřad Jihomoravského kraje;10;NA;NA;hodnocení dílčích parametrů;dobrý;neznámý;2025-07-28;RP Jižní Morava;NA;19269
Druh;CZ0623368;Kaolinka;Triturus carnifex;1167;2022-04-26;2024-06-26;Krajský úřad Jihomoravského kraje;27;0;100;% lokalit v dobrém stavu;špatný;neznámý;2025-07-28;RP Jižní Morava;NA;19269
Druh;CZ0623368;Kaolinka;Triturus carnifex;1167;2022-04-26;2024-06-26;Krajský úřad Jihomoravského kraje;21;0;NA;adulti;nehodnocen;neznámý;2025-07-28;RP Jižní Morava;NA;19269
Druh;CZ0623368;Kaolinka;Triturus carnifex;1167;2022-04-26;2024-06-26;Krajský úřad Jihomoravského kraje;22;0;NA;adulti;nehodnocen;neznámý;2025-07-28;RP Jižní Morava;NA;19269
Druh;CZ0623368;Kaolinka;Triturus carnifex;1167;2022-04-26;2024-06-26;Krajský úřad Jihomoravského kraje;80;NA;100;% lokalit v dobrém stavu;neznámý;neznámý;2025-07-28;RP Jižní Morava;NA;19269
Druh;CZ0623368;Kaolinka;Triturus carnifex;1167;2022-04-26;2024-06-26;Krajský úřad Jihomoravského kraje;30;0;100;% lokalit v dobrém stavu;špatný;neznámý;2025-07-28;RP Jižní Morava;NA;19269
Druh;CZ0623368;Kaolinka;Triturus carnifex;1167;2022-04-26;2024-06-26;Krajský úřad Jihomoravského kraje;31;100;100;% lokalit v dobrém stavu;dobrý;neznámý;2025-07-28;RP Jižní Morava;NA;19269
Druh;CZ0623368;Kaolinka;Triturus carnifex;1167;2022-04-26;2024-06-26;Krajský úřad Jihomoravského kraje;32;100;100;% lokalit v dobrém stavu;dobrý;neznámý;2025-07-28;RP Jižní Morava;NA;19269
Druh;CZ0623368;Kaolinka;Triturus carnifex;1167;2022-04-26;2024-06-26;Krajský úřad Jihomoravského kraje;33;100;100;% lokalit v dobrém stavu;dobrý;neznámý;2025-07-28;RP Jižní Morava;NA;19269
Druh;CZ0623368;Kaolinka;Triturus carnifex;1167;2022-04-26;2024-06-26;Krajský úřad Jihomoravského kraje;34;0;100;% lokalit v dobrém stavu;špatný;neznámý;2025-07-28;RP Jižní Morava;NA;19269
Druh;CZ0623368;Kaolinka;Triturus carnifex;1167;2022-04-26;2024-06-26;Krajský úřad Jihomoravského kraje;35;0;100;% lokalit v dobrém stavu;špatný;neznámý;2025-07-28;RP Jižní Morava;NA;19269
Druh;CZ0623368;Kaolinka;Triturus carnifex;1167;2022-04-26;2024-06-26;Krajský úřad Jihomoravského kraje;36;100;100;% lokalit v dobrém stavu;dobrý;neznámý;2025-07-28;RP Jižní Morava;NA;19269
Druh;CZ0623368;Kaolinka;Triturus carnifex;1167;2022-04-26;2024-06-26;Krajský úřad Jihomoravského kraje;38;100;100;% lokalit v dobrém stavu;dobrý;neznámý;2025-07-28;RP Jižní Morava;NA;19269
Druh;CZ0623368;Kaolinka;Triturus carnifex;1167;2022-04-26;2024-06-26;Krajský úřad Jihomoravského kraje;130;0;NA;% lokalit v dobrém stavu;nehodnocen;neznámý;2025-07-28;RP Jižní Morava;NA;19269
Druh;CZ0623368;Kaolinka;Triturus carnifex;1167;2022-04-26;2024-06-26;Krajský úřad Jihomoravského kraje;10;NA;NA;hodnocení dílčích parametrů;špatný;neznámý;2025-07-28;RP Jižní Morava;NA;19269
Druh;CZ0623368;Kaolinka;Triturus carnifex;1167;2022-04-26;2024-06-26;Krajský úřad Jihomoravského kraje;131;1;NA;počet dílčích lokalit;nehodnocen;neznámý;2025-07-28;RP Jižní Morava;NA;19269
Druh;CZ0623800;Knížecí les;Bombina bombina;1188;2022-03-27;2024-04-03;Krajský úřad Jihomoravského kraje;27;100;100;% lokalit v dobrém stavu;dobrý;neznámý;2025-07-28;RP Jižní Morava;NA;19269
Druh;CZ0623800;Knížecí les;Bombina bombina;1188;2022-03-27;2024-04-03;Krajský úřad Jihomoravského kraje;21;51;NA;volající samci;nehodnocen;neznámý;2025-07-28;RP Jižní Morava;NA;19269
Druh;CZ0623800;Knížecí les;Bombina bombina;1188;2022-03-27;2024-04-03;Krajský úřad Jihomoravského kraje;22;100;NA;volající samci;nehodnocen;neznámý;2025-07-28;RP Jižní Morava;NA;19269
Druh;CZ0623800;Knížecí les;Bombina bombina;1188;2022-03-27;2024-04-03;Krajský úřad Jihomoravského kraje;80;100;100;% lokalit v dobrém stavu;dobrý;neznámý;2025-07-28;RP Jižní Morava;NA;19269
Druh;CZ0623800;Knížecí les;Bombina bombina;1188;2022-03-27;2024-04-03;Krajský úřad Jihomoravského kraje;30;NA;100;% lokalit v dobrém stavu;neznámý;neznámý;2025-07-28;RP Jižní Morava;NA;19269
Druh;CZ0623800;Knížecí les;Bombina bombina;1188;2022-03-27;2024-04-03;Krajský úřad Jihomoravského kraje;31;100;100;% lokalit v dobrém stavu;dobrý;neznámý;2025-07-28;RP Jižní Morava;NA;19269
Druh;CZ0623800;Knížecí les;Bombina bombina;1188;2022-03-27;2024-04-03;Krajský úřad Jihomoravského kraje;32;100;100;% lokalit v dobrém stavu;dobrý;neznámý;2025-07-28;RP Jižní Morava;NA;19269
Druh;CZ0623800;Knížecí les;Bombina bombina;1188;2022-03-27;2024-04-03;Krajský úřad Jihomoravského kraje;33;100;100;% lokalit v dobrém stavu;dobrý;neznámý;2025-07-28;RP Jižní Morava;NA;19269
Druh;CZ0623800;Knížecí les;Bombina bombina;1188;2022-03-27;2024-04-03;Krajský úřad Jihomoravského kraje;34;100;100;% lokalit v dobrém stavu;dobrý;neznámý;2025-07-28;RP Jižní Morava;NA;19269
Druh;CZ0623800;Knížecí les;Bombina bombina;1188;2022-03-27;2024-04-03;Krajský úřad Jihomoravského kraje;36;100;100;% lokalit v dobrém stavu;dobrý;neznámý;2025-07-28;RP Jižní Morava;NA;19269
Druh;CZ0623800;Knížecí les;Bombina bombina;1188;2022-03-27;2024-04-03;Krajský úřad Jihomoravského kraje;37;100;100;% lokalit v dobrém stavu;dobrý;neznámý;2025-07-28;RP Jižní Morava;NA;19269
Druh;CZ0623800;Knížecí les;Bombina bombina;1188;2022-03-27;2024-04-03;Krajský úřad Jihomoravského kraje;38;100;100;% lokalit v dobrém stavu;dobrý;neznámý;2025-07-28;RP Jižní Morava;NA;19269
Druh;CZ0623800;Knížecí les;Bombina bombina;1188;2022-03-27;2024-04-03;Krajský úřad Jihomoravského kraje;130;100;NA;% lokalit v dobrém stavu;nehodnocen;neznámý;2025-07-28;RP Jižní Morava;NA;19269
Druh;CZ0623800;Knížecí les;Bombina bombina;1188;2022-03-27;2024-04-03;Krajský úřad Jihomoravského kraje;131;1;NA;počet dílčích lokalit;nehodnocen;neznámý;2025-07-28;RP Jižní Morava;NA;19269
Druh;CZ0623800;Knížecí les;Bombina bombina;1188;2022-03-27;2024-04-03;Krajský úřad Jihomoravského kraje;10;NA;NA;hodnocení dílčích parametrů;dobrý;zlepšující se;2025-07-28;RP Jižní Morava;NA;19269
Druh;CZ0624064;Krumlovský les;Triturus cristatus;1166;2022-04-23;2024-06-29;Krajský úřad Jihomoravského kraje;27;70.59;30;% lokalit v dobrém stavu;dobrý;neznámý;2025-07-28;RP Jižní Morava;NA;19269
Druh;CZ0624064;Krumlovský les;Triturus cristatus;1166;2022-04-23;2024-06-29;Krajský úřad Jihomoravského kraje;21;72;NA;adulti;nehodnocen;neznámý;2025-07-28;RP Jižní Morava;NA;19269
Druh;CZ0624064;Krumlovský les;Triturus cristatus;1166;2022-04-23;2024-06-29;Krajský úřad Jihomoravského kraje;22;360;NA;adulti;nehodnocen;neznámý;2025-07-28;RP Jižní Morava;NA;19269
Druh;CZ0624064;Krumlovský les;Triturus cristatus;1166;2022-04-23;2024-06-29;Krajský úřad Jihomoravského kraje;80;90;30;% lokalit v dobrém stavu;dobrý;neznámý;2025-07-28;RP Jižní Morava;NA;19269
Druh;CZ0624064;Krumlovský les;Triturus cristatus;1166;2022-04-23;2024-06-29;Krajský úřad Jihomoravského kraje;30;17.65;30;% lokalit v dobrém stavu;špatný;neznámý;2025-07-28;RP Jižní Morava;NA;19269
Druh;CZ0624064;Krumlovský les;Triturus cristatus;1166;2022-04-23;2024-06-29;Krajský úřad Jihomoravského kraje;31;100;30;% lokalit v dobrém stavu;dobrý;neznámý;2025-07-28;RP Jižní Morava;NA;19269
Druh;CZ0624064;Krumlovský les;Triturus cristatus;1166;2022-04-23;2024-06-29;Krajský úřad Jihomoravského kraje;32;100;30;% lokalit v dobrém stavu;dobrý;neznámý;2025-07-28;RP Jižní Morava;NA;19269
Druh;CZ0624064;Krumlovský les;Triturus cristatus;1166;2022-04-23;2024-06-29;Krajský úřad Jihomoravského kraje;33;100;30;% lokalit v dobrém stavu;dobrý;neznámý;2025-07-28;RP Jižní Morava;NA;19269
Druh;CZ0624064;Krumlovský les;Triturus cristatus;1166;2022-04-23;2024-06-29;Krajský úřad Jihomoravského kraje;34;94.12;30;% lokalit v dobrém stavu;dobrý;neznámý;2025-07-28;RP Jižní Morava;NA;19269
Druh;CZ0624064;Krumlovský les;Triturus cristatus;1166;2022-04-23;2024-06-29;Krajský úřad Jihomoravského kraje;35;64.71;30;% lokalit v dobrém stavu;dobrý;neznámý;2025-07-28;RP Jižní Morava;NA;19269
Druh;CZ0624064;Krumlovský les;Triturus cristatus;1166;2022-04-23;2024-06-29;Krajský úřad Jihomoravského kraje;36;70.59;30;% lokalit v dobrém stavu;dobrý;neznámý;2025-07-28;RP Jižní Morava;NA;19269
Druh;CZ0624064;Krumlovský les;Triturus cristatus;1166;2022-04-23;2024-06-29;Krajský úřad Jihomoravského kraje;38;100;30;% lokalit v dobrém stavu;dobrý;neznámý;2025-07-28;RP Jižní Morava;NA;19269
Druh;CZ0624064;Krumlovský les;Triturus cristatus;1166;2022-04-23;2024-06-29;Krajský úřad Jihomoravského kraje;130;55.88;NA;% lokalit v dobrém stavu;nehodnocen;neznámý;2025-07-28;RP Jižní Morava;NA;19269
Druh;CZ0624064;Krumlovský les;Triturus cristatus;1166;2022-04-23;2024-06-29;Krajský úřad Jihomoravského kraje;10;NA;NA;hodnocení dílčích parametrů;špatný;setrvalý;2025-07-28;RP Jižní Morava;NA;19269
Druh;CZ0624064;Krumlovský les;Triturus cristatus;1166;2022-04-23;2024-06-29;Krajský úřad Jihomoravského kraje;131;17;NA;počet dílčích lokalit;nehodnocen;neznámý;2025-07-28;RP Jižní Morava;NA;19269
Druh;CZ0723409;Kurovice - lom;Triturus cristatus;1166;2022-04-30;2024-07-29;Krajský úřad Zlínského kraje;27;57.14;50;% lokalit v dobrém stavu;dobrý;neznámý;2025-07-28;RP SCHKO Bílé Karpaty;NA;19269
Druh;CZ0723409;Kurovice - lom;Triturus cristatus;1166;2022-04-30;2024-07-29;Krajský úřad Zlínského kraje;21;4;NA;adulti;nehodnocen;neznámý;2025-07-28;RP SCHKO Bílé Karpaty;NA;19269
Druh;CZ0723409;Kurovice - lom;Triturus cristatus;1166;2022-04-30;2024-07-29;Krajský úřad Zlínského kraje;22;40;NA;adulti;nehodnocen;neznámý;2025-07-28;RP SCHKO Bílé Karpaty;NA;19269
Druh;CZ0723409;Kurovice - lom;Triturus cristatus;1166;2022-04-30;2024-07-29;Krajský úřad Zlínského kraje;80;100;50;% lokalit v dobrém stavu;dobrý;neznámý;2025-07-28;RP SCHKO Bílé Karpaty;NA;19269
Druh;CZ0723409;Kurovice - lom;Triturus cristatus;1166;2022-04-30;2024-07-29;Krajský úřad Zlínského kraje;30;0;50;% lokalit v dobrém stavu;špatný;neznámý;2025-07-28;RP SCHKO Bílé Karpaty;NA;19269
Druh;CZ0723409;Kurovice - lom;Triturus cristatus;1166;2022-04-30;2024-07-29;Krajský úřad Zlínského kraje;31;100;50;% lokalit v dobrém stavu;dobrý;neznámý;2025-07-28;RP SCHKO Bílé Karpaty;NA;19269
Druh;CZ0723409;Kurovice - lom;Triturus cristatus;1166;2022-04-30;2024-07-29;Krajský úřad Zlínského kraje;32;100;50;% lokalit v dobrém stavu;dobrý;neznámý;2025-07-28;RP SCHKO Bílé Karpaty;NA;19269
Druh;CZ0723409;Kurovice - lom;Triturus cristatus;1166;2022-04-30;2024-07-29;Krajský úřad Zlínského kraje;33;100;50;% lokalit v dobrém stavu;dobrý;neznámý;2025-07-28;RP SCHKO Bílé Karpaty;NA;19269
Druh;CZ0723409;Kurovice - lom;Triturus cristatus;1166;2022-04-30;2024-07-29;Krajský úřad Zlínského kraje;34;100;50;% lokalit v dobrém stavu;dobrý;neznámý;2025-07-28;RP SCHKO Bílé Karpaty;NA;19269
Druh;CZ0723409;Kurovice - lom;Triturus cristatus;1166;2022-04-30;2024-07-29;Krajský úřad Zlínského kraje;35;42.86;50;% lokalit v dobrém stavu;špatný;neznámý;2025-07-28;RP SCHKO Bílé Karpaty;NA;19269
Druh;CZ0723409;Kurovice - lom;Triturus cristatus;1166;2022-04-30;2024-07-29;Krajský úřad Zlínského kraje;36;85.71;50;% lokalit v dobrém stavu;dobrý;neznámý;2025-07-28;RP SCHKO Bílé Karpaty;NA;19269
Druh;CZ0723409;Kurovice - lom;Triturus cristatus;1166;2022-04-30;2024-07-29;Krajský úřad Zlínského kraje;38;100;50;% lokalit v dobrém stavu;dobrý;neznámý;2025-07-28;RP SCHKO Bílé Karpaty;NA;19269
Druh;CZ0723409;Kurovice - lom;Triturus cristatus;1166;2022-04-30;2024-07-29;Krajský úřad Zlínského kraje;130;57.14;NA;% lokalit v dobrém stavu;nehodnocen;neznámý;2025-07-28;RP SCHKO Bílé Karpaty;NA;19269
Druh;CZ0723409;Kurovice - lom;Triturus cristatus;1166;2022-04-30;2024-07-29;Krajský úřad Zlínského kraje;10;NA;NA;hodnocení dílčích parametrů;špatný;setrvalý;2025-07-28;RP SCHKO Bílé Karpaty;NA;19269
Druh;CZ0723409;Kurovice - lom;Triturus cristatus;1166;2022-04-30;2024-07-29;Krajský úřad Zlínského kraje;131;7;NA;počet dílčích lokalit;nehodnocen;neznámý;2025-07-28;RP SCHKO Bílé Karpaty;NA;19269
Druh;CZ0714073;Litovelské Pomoraví;Triturus cristatus;1166;2022-04-20;2024-07-23;AOPK ČR - RP Olomoucko, Krajský úřad Olomouckého kraje;27;66.67;50;% lokalit v dobrém stavu;dobrý;neznámý;2025-07-28;RP Olomoucko;NA;19269
Druh;CZ0714073;Litovelské Pomoraví;Triturus cristatus;1166;2022-04-20;2024-07-23;AOPK ČR - RP Olomoucko, Krajský úřad Olomouckého kraje;21;25;NA;adulti;nehodnocen;neznámý;2025-07-28;RP Olomoucko;NA;19269
Druh;CZ0714073;Litovelské Pomoraví;Triturus cristatus;1166;2022-04-20;2024-07-23;AOPK ČR - RP Olomoucko, Krajský úřad Olomouckého kraje;22;130;NA;adulti;nehodnocen;neznámý;2025-07-28;RP Olomoucko;NA;19269
Druh;CZ0714073;Litovelské Pomoraví;Triturus cristatus;1166;2022-04-20;2024-07-23;AOPK ČR - RP Olomoucko, Krajský úřad Olomouckého kraje;80;0;50;% lokalit v dobrém stavu;špatný;neznámý;2025-07-28;RP Olomoucko;NA;19269
Druh;CZ0714073;Litovelské Pomoraví;Triturus cristatus;1166;2022-04-20;2024-07-23;AOPK ČR - RP Olomoucko, Krajský úřad Olomouckého kraje;30;55.56;50;% lokalit v dobrém stavu;dobrý;neznámý;2025-07-28;RP Olomoucko;NA;19269
Druh;CZ0714073;Litovelské Pomoraví;Triturus cristatus;1166;2022-04-20;2024-07-23;AOPK ČR - RP Olomoucko, Krajský úřad Olomouckého kraje;31;100;50;% lokalit v dobrém stavu;dobrý;neznámý;2025-07-28;RP Olomoucko;NA;19269
Druh;CZ0714073;Litovelské Pomoraví;Triturus cristatus;1166;2022-04-20;2024-07-23;AOPK ČR - RP Olomoucko, Krajský úřad Olomouckého kraje;32;100;50;% lokalit v dobrém stavu;dobrý;neznámý;2025-07-28;RP Olomoucko;NA;19269
Druh;CZ0714073;Litovelské Pomoraví;Triturus cristatus;1166;2022-04-20;2024-07-23;AOPK ČR - RP Olomoucko, Krajský úřad Olomouckého kraje;33;100;50;% lokalit v dobrém stavu;dobrý;neznámý;2025-07-28;RP Olomoucko;NA;19269
Druh;CZ0714073;Litovelské Pomoraví;Triturus cristatus;1166;2022-04-20;2024-07-23;AOPK ČR - RP Olomoucko, Krajský úřad Olomouckého kraje;34;55.56;50;% lokalit v dobrém stavu;dobrý;neznámý;2025-07-28;RP Olomoucko;NA;19269
Druh;CZ0714073;Litovelské Pomoraví;Triturus cristatus;1166;2022-04-20;2024-07-23;AOPK ČR - RP Olomoucko, Krajský úřad Olomouckého kraje;35;88.89;50;% lokalit v dobrém stavu;dobrý;neznámý;2025-07-28;RP Olomoucko;NA;19269
Druh;CZ0714073;Litovelské Pomoraví;Triturus cristatus;1166;2022-04-20;2024-07-23;AOPK ČR - RP Olomoucko, Krajský úřad Olomouckého kraje;36;77.78;50;% lokalit v dobrém stavu;dobrý;neznámý;2025-07-28;RP Olomoucko;NA;19269
Druh;CZ0714073;Litovelské Pomoraví;Triturus cristatus;1166;2022-04-20;2024-07-23;AOPK ČR - RP Olomoucko, Krajský úřad Olomouckého kraje;38;100;50;% lokalit v dobrém stavu;dobrý;neznámý;2025-07-28;RP Olomoucko;NA;19269
Druh;CZ0714073;Litovelské Pomoraví;Triturus cristatus;1166;2022-04-20;2024-07-23;AOPK ČR - RP Olomoucko, Krajský úřad Olomouckého kraje;130;16.67;NA;% lokalit v dobrém stavu;nehodnocen;neznámý;2025-07-28;RP Olomoucko;NA;19269
Druh;CZ0714073;Litovelské Pomoraví;Triturus cristatus;1166;2022-04-20;2024-07-23;AOPK ČR - RP Olomoucko, Krajský úřad Olomouckého kraje;10;NA;NA;hodnocení dílčích parametrů;špatný;setrvalý;2025-07-28;RP Olomoucko;NA;19269
Druh;CZ0714073;Litovelské Pomoraví;Triturus cristatus;1166;2022-04-20;2024-07-23;AOPK ČR - RP Olomoucko, Krajský úřad Olomouckého kraje;131;9;NA;počet dílčích lokalit;nehodnocen;neznámý;2025-07-28;RP Olomoucko;NA;19269
Druh;CZ0714073;Litovelské Pomoraví;Bombina bombina;1188;2022-04-27;2024-07-23;AOPK ČR - RP Olomoucko, Krajský úřad Olomouckého kraje;27;88.89;50;% lokalit v dobrém stavu;dobrý;neznámý;2025-07-28;RP Olomoucko;NA;19269
Druh;CZ0714073;Litovelské Pomoraví;Bombina bombina;1188;2022-04-27;2024-07-23;AOPK ČR - RP Olomoucko, Krajský úřad Olomouckého kraje;21;78;NA;volající samci;nehodnocen;neznámý;2025-07-28;RP Olomoucko;NA;19269
Druh;CZ0714073;Litovelské Pomoraví;Bombina bombina;1188;2022-04-27;2024-07-23;AOPK ČR - RP Olomoucko, Krajský úřad Olomouckého kraje;22;150;NA;volající samci;nehodnocen;neznámý;2025-07-28;RP Olomoucko;NA;19269
Druh;CZ0714073;Litovelské Pomoraví;Bombina bombina;1188;2022-04-27;2024-07-23;AOPK ČR - RP Olomoucko, Krajský úřad Olomouckého kraje;80;0;50;% lokalit v dobrém stavu;špatný;neznámý;2025-07-28;RP Olomoucko;NA;19269
Druh;CZ0714073;Litovelské Pomoraví;Bombina bombina;1188;2022-04-27;2024-07-23;AOPK ČR - RP Olomoucko, Krajský úřad Olomouckého kraje;30;NA;50;% lokalit v dobrém stavu;neznámý;neznámý;2025-07-28;RP Olomoucko;NA;19269
Druh;CZ0714073;Litovelské Pomoraví;Bombina bombina;1188;2022-04-27;2024-07-23;AOPK ČR - RP Olomoucko, Krajský úřad Olomouckého kraje;31;100;50;% lokalit v dobrém stavu;dobrý;neznámý;2025-07-28;RP Olomoucko;NA;19269
Druh;CZ0714073;Litovelské Pomoraví;Bombina bombina;1188;2022-04-27;2024-07-23;AOPK ČR - RP Olomoucko, Krajský úřad Olomouckého kraje;32;100;50;% lokalit v dobrém stavu;dobrý;neznámý;2025-07-28;RP Olomoucko;NA;19269
Druh;CZ0714073;Litovelské Pomoraví;Bombina bombina;1188;2022-04-27;2024-07-23;AOPK ČR - RP Olomoucko, Krajský úřad Olomouckého kraje;33;100;50;% lokalit v dobrém stavu;dobrý;neznámý;2025-07-28;RP Olomoucko;NA;19269
Druh;CZ0714073;Litovelské Pomoraví;Bombina bombina;1188;2022-04-27;2024-07-23;AOPK ČR - RP Olomoucko, Krajský úřad Olomouckého kraje;34;77.78;50;% lokalit v dobrém stavu;dobrý;neznámý;2025-07-28;RP Olomoucko;NA;19269
Druh;CZ0714073;Litovelské Pomoraví;Bombina bombina;1188;2022-04-27;2024-07-23;AOPK ČR - RP Olomoucko, Krajský úřad Olomouckého kraje;36;88.89;50;% lokalit v dobrém stavu;dobrý;neznámý;2025-07-28;RP Olomoucko;NA;19269
Druh;CZ0714073;Litovelské Pomoraví;Bombina bombina;1188;2022-04-27;2024-07-23;AOPK ČR - RP Olomoucko, Krajský úřad Olomouckého kraje;37;100;50;% lokalit v dobrém stavu;dobrý;neznámý;2025-07-28;RP Olomoucko;NA;19269
Druh;CZ0714073;Litovelské Pomoraví;Bombina bombina;1188;2022-04-27;2024-07-23;AOPK ČR - RP Olomoucko, Krajský úřad Olomouckého kraje;38;100;50;% lokalit v dobrém stavu;dobrý;neznámý;2025-07-28;RP Olomoucko;NA;19269
Druh;CZ0714073;Litovelské Pomoraví;Bombina bombina;1188;2022-04-27;2024-07-23;AOPK ČR - RP Olomoucko, Krajský úřad Olomouckého kraje;130;11.11;NA;% lokalit v dobrém stavu;nehodnocen;neznámý;2025-07-28;RP Olomoucko;NA;19269
Druh;CZ0714073;Litovelské Pomoraví;Bombina bombina;1188;2022-04-27;2024-07-23;AOPK ČR - RP Olomoucko, Krajský úřad Olomouckého kraje;131;9;NA;počet dílčích lokalit;nehodnocen;neznámý;2025-07-28;RP Olomoucko;NA;19269
Druh;CZ0714073;Litovelské Pomoraví;Bombina bombina;1188;2022-04-27;2024-07-23;AOPK ČR - RP Olomoucko, Krajský úřad Olomouckého kraje;10;NA;NA;hodnocení dílčích parametrů;špatný;zhoršující se;2025-07-28;RP Olomoucko;NA;19269
Druh;CZ0623372;Lom u Žerůtek;Triturus carnifex;1167;2022-04-15;2024-06-25;Krajský úřad Jihomoravského kraje;27;100;50;% lokalit v dobrém stavu;dobrý;neznámý;2025-07-28;RP Jižní Morava;NA;19269
Druh;CZ0623372;Lom u Žerůtek;Triturus carnifex;1167;2022-04-15;2024-06-25;Krajský úřad Jihomoravského kraje;21;2;NA;adulti;nehodnocen;neznámý;2025-07-28;RP Jižní Morava;NA;19269
Druh;CZ0623372;Lom u Žerůtek;Triturus carnifex;1167;2022-04-15;2024-06-25;Krajský úřad Jihomoravského kraje;22;20;NA;adulti;nehodnocen;neznámý;2025-07-28;RP Jižní Morava;NA;19269
Druh;CZ0623372;Lom u Žerůtek;Triturus carnifex;1167;2022-04-15;2024-06-25;Krajský úřad Jihomoravského kraje;80;100;50;% lokalit v dobrém stavu;dobrý;neznámý;2025-07-28;RP Jižní Morava;NA;19269
Druh;CZ0623372;Lom u Žerůtek;Triturus carnifex;1167;2022-04-15;2024-06-25;Krajský úřad Jihomoravského kraje;30;50;50;% lokalit v dobrém stavu;dobrý;neznámý;2025-07-28;RP Jižní Morava;NA;19269
Druh;CZ0623372;Lom u Žerůtek;Triturus carnifex;1167;2022-04-15;2024-06-25;Krajský úřad Jihomoravského kraje;31;100;50;% lokalit v dobrém stavu;dobrý;neznámý;2025-07-28;RP Jižní Morava;NA;19269
Druh;CZ0623372;Lom u Žerůtek;Triturus carnifex;1167;2022-04-15;2024-06-25;Krajský úřad Jihomoravského kraje;32;100;50;% lokalit v dobrém stavu;dobrý;neznámý;2025-07-28;RP Jižní Morava;NA;19269
Druh;CZ0623372;Lom u Žerůtek;Triturus carnifex;1167;2022-04-15;2024-06-25;Krajský úřad Jihomoravského kraje;33;100;50;% lokalit v dobrém stavu;dobrý;neznámý;2025-07-28;RP Jižní Morava;NA;19269
Druh;CZ0623372;Lom u Žerůtek;Triturus carnifex;1167;2022-04-15;2024-06-25;Krajský úřad Jihomoravského kraje;34;100;50;% lokalit v dobrém stavu;dobrý;neznámý;2025-07-28;RP Jižní Morava;NA;19269
Druh;CZ0623372;Lom u Žerůtek;Triturus carnifex;1167;2022-04-15;2024-06-25;Krajský úřad Jihomoravského kraje;35;50;50;% lokalit v dobrém stavu;dobrý;neznámý;2025-07-28;RP Jižní Morava;NA;19269
Druh;CZ0623372;Lom u Žerůtek;Triturus carnifex;1167;2022-04-15;2024-06-25;Krajský úřad Jihomoravského kraje;36;100;50;% lokalit v dobrém stavu;dobrý;neznámý;2025-07-28;RP Jižní Morava;NA;19269
Druh;CZ0623372;Lom u Žerůtek;Triturus carnifex;1167;2022-04-15;2024-06-25;Krajský úřad Jihomoravského kraje;38;100;50;% lokalit v dobrém stavu;dobrý;neznámý;2025-07-28;RP Jižní Morava;NA;19269
Druh;CZ0623372;Lom u Žerůtek;Triturus carnifex;1167;2022-04-15;2024-06-25;Krajský úřad Jihomoravského kraje;130;100;NA;% lokalit v dobrém stavu;nehodnocen;neznámý;2025-07-28;RP Jižní Morava;NA;19269
Druh;CZ0623372;Lom u Žerůtek;Triturus carnifex;1167;2022-04-15;2024-06-25;Krajský úřad Jihomoravského kraje;10;NA;NA;hodnocení dílčích parametrů;dobrý;setrvalý;2025-07-28;RP Jižní Morava;NA;19269
Druh;CZ0623372;Lom u Žerůtek;Triturus carnifex;1167;2022-04-15;2024-06-25;Krajský úřad Jihomoravského kraje;131;2;NA;počet dílčích lokalit;nehodnocen;neznámý;2025-07-28;RP Jižní Morava;NA;19269
Druh;CZ0624129;Luční údolí;Triturus cristatus;1166;2022-04-27;2024-06-10;Krajský úřad Jihomoravského kraje;27;50;50;% lokalit v dobrém stavu;dobrý;neznámý;2025-07-28;RP Jižní Morava;NA;19269
Druh;CZ0624129;Luční údolí;Triturus cristatus;1166;2022-04-27;2024-06-10;Krajský úřad Jihomoravského kraje;21;11;NA;adulti;nehodnocen;neznámý;2025-07-28;RP Jižní Morava;NA;19269
Druh;CZ0624129;Luční údolí;Triturus cristatus;1166;2022-04-27;2024-06-10;Krajský úřad Jihomoravského kraje;22;50;NA;adulti;nehodnocen;neznámý;2025-07-28;RP Jižní Morava;NA;19269
Druh;CZ0624129;Luční údolí;Triturus cristatus;1166;2022-04-27;2024-06-10;Krajský úřad Jihomoravského kraje;80;100;50;% lokalit v dobrém stavu;dobrý;neznámý;2025-07-28;RP Jižní Morava;NA;19269
Druh;CZ0624129;Luční údolí;Triturus cristatus;1166;2022-04-27;2024-06-10;Krajský úřad Jihomoravského kraje;30;50;50;% lokalit v dobrém stavu;dobrý;neznámý;2025-07-28;RP Jižní Morava;NA;19269
Druh;CZ0624129;Luční údolí;Triturus cristatus;1166;2022-04-27;2024-06-10;Krajský úřad Jihomoravského kraje;31;100;50;% lokalit v dobrém stavu;dobrý;neznámý;2025-07-28;RP Jižní Morava;NA;19269
Druh;CZ0624129;Luční údolí;Triturus cristatus;1166;2022-04-27;2024-06-10;Krajský úřad Jihomoravského kraje;32;100;50;% lokalit v dobrém stavu;dobrý;neznámý;2025-07-28;RP Jižní Morava;NA;19269
Druh;CZ0624129;Luční údolí;Triturus cristatus;1166;2022-04-27;2024-06-10;Krajský úřad Jihomoravského kraje;33;100;50;% lokalit v dobrém stavu;dobrý;neznámý;2025-07-28;RP Jižní Morava;NA;19269
Druh;CZ0624129;Luční údolí;Triturus cristatus;1166;2022-04-27;2024-06-10;Krajský úřad Jihomoravského kraje;34;100;50;% lokalit v dobrém stavu;dobrý;neznámý;2025-07-28;RP Jižní Morava;NA;19269
Druh;CZ0624129;Luční údolí;Triturus cristatus;1166;2022-04-27;2024-06-10;Krajský úřad Jihomoravského kraje;35;50;50;% lokalit v dobrém stavu;dobrý;neznámý;2025-07-28;RP Jižní Morava;NA;19269
Druh;CZ0624129;Luční údolí;Triturus cristatus;1166;2022-04-27;2024-06-10;Krajský úřad Jihomoravského kraje;36;100;50;% lokalit v dobrém stavu;dobrý;neznámý;2025-07-28;RP Jižní Morava;NA;19269
Druh;CZ0624129;Luční údolí;Triturus cristatus;1166;2022-04-27;2024-06-10;Krajský úřad Jihomoravského kraje;38;100;50;% lokalit v dobrém stavu;dobrý;neznámý;2025-07-28;RP Jižní Morava;NA;19269
Druh;CZ0624129;Luční údolí;Triturus cristatus;1166;2022-04-27;2024-06-10;Krajský úřad Jihomoravského kraje;130;50;NA;% lokalit v dobrém stavu;nehodnocen;neznámý;2025-07-28;RP Jižní Morava;NA;19269
Druh;CZ0624129;Luční údolí;Triturus cristatus;1166;2022-04-27;2024-06-10;Krajský úřad Jihomoravského kraje;10;NA;NA;hodnocení dílčích parametrů;dobrý;zlepšující se;2025-07-28;RP Jižní Morava;NA;19269
Druh;CZ0624129;Luční údolí;Triturus cristatus;1166;2022-04-27;2024-06-10;Krajský úřad Jihomoravského kraje;131;2;NA;počet dílčích lokalit;nehodnocen;neznámý;2025-07-28;RP Jižní Morava;NA;19269
Druh;CZ0623357;Mašovický lom;Triturus carnifex;1167;2022-04-13;2024-07-18;Krajský úřad Jihomoravského kraje;27;100;100;% lokalit v dobrém stavu;dobrý;neznámý;2025-07-28;RP Jižní Morava;NA;19269
Druh;CZ0623357;Mašovický lom;Triturus carnifex;1167;2022-04-13;2024-07-18;Krajský úřad Jihomoravského kraje;21;1;NA;adulti;nehodnocen;neznámý;2025-07-28;RP Jižní Morava;NA;19269
Druh;CZ0623357;Mašovický lom;Triturus carnifex;1167;2022-04-13;2024-07-18;Krajský úřad Jihomoravského kraje;22;10;NA;adulti;nehodnocen;neznámý;2025-07-28;RP Jižní Morava;NA;19269
Druh;CZ0623357;Mašovický lom;Triturus carnifex;1167;2022-04-13;2024-07-18;Krajský úřad Jihomoravského kraje;80;100;100;% lokalit v dobrém stavu;dobrý;neznámý;2025-07-28;RP Jižní Morava;NA;19269
Druh;CZ0623357;Mašovický lom;Triturus carnifex;1167;2022-04-13;2024-07-18;Krajský úřad Jihomoravského kraje;30;100;100;% lokalit v dobrém stavu;dobrý;neznámý;2025-07-28;RP Jižní Morava;NA;19269
Druh;CZ0623357;Mašovický lom;Triturus carnifex;1167;2022-04-13;2024-07-18;Krajský úřad Jihomoravského kraje;31;100;100;% lokalit v dobrém stavu;dobrý;neznámý;2025-07-28;RP Jižní Morava;NA;19269
Druh;CZ0623357;Mašovický lom;Triturus carnifex;1167;2022-04-13;2024-07-18;Krajský úřad Jihomoravského kraje;32;100;100;% lokalit v dobrém stavu;dobrý;neznámý;2025-07-28;RP Jižní Morava;NA;19269
Druh;CZ0623357;Mašovický lom;Triturus carnifex;1167;2022-04-13;2024-07-18;Krajský úřad Jihomoravského kraje;33;100;100;% lokalit v dobrém stavu;dobrý;neznámý;2025-07-28;RP Jižní Morava;NA;19269
Druh;CZ0623357;Mašovický lom;Triturus carnifex;1167;2022-04-13;2024-07-18;Krajský úřad Jihomoravského kraje;34;100;100;% lokalit v dobrém stavu;dobrý;neznámý;2025-07-28;RP Jižní Morava;NA;19269
Druh;CZ0623357;Mašovický lom;Triturus carnifex;1167;2022-04-13;2024-07-18;Krajský úřad Jihomoravského kraje;35;0;100;% lokalit v dobrém stavu;špatný;neznámý;2025-07-28;RP Jižní Morava;NA;19269
Druh;CZ0623357;Mašovický lom;Triturus carnifex;1167;2022-04-13;2024-07-18;Krajský úřad Jihomoravského kraje;36;0;100;% lokalit v dobrém stavu;špatný;neznámý;2025-07-28;RP Jižní Morava;NA;19269
Druh;CZ0623357;Mašovický lom;Triturus carnifex;1167;2022-04-13;2024-07-18;Krajský úřad Jihomoravského kraje;38;100;100;% lokalit v dobrém stavu;dobrý;neznámý;2025-07-28;RP Jižní Morava;NA;19269
Druh;CZ0623357;Mašovický lom;Triturus carnifex;1167;2022-04-13;2024-07-18;Krajský úřad Jihomoravského kraje;130;50;NA;% lokalit v dobrém stavu;nehodnocen;neznámý;2025-07-28;RP Jižní Morava;NA;19269
Druh;CZ0623357;Mašovický lom;Triturus carnifex;1167;2022-04-13;2024-07-18;Krajský úřad Jihomoravského kraje;10;NA;NA;hodnocení dílčích parametrů;zhoršený;zhoršující se;2025-07-28;RP Jižní Morava;NA;19269
Druh;CZ0623357;Mašovický lom;Triturus carnifex;1167;2022-04-13;2024-07-18;Krajský úřad Jihomoravského kraje;131;1;NA;počet dílčích lokalit;nehodnocen;neznámý;2025-07-28;RP Jižní Morava;NA;19269
Druh;CZ0723410;Mokřad Pumpák;Triturus cristatus;1166;2024-04-23;2024-05-02;Krajský úřad Zlínského kraje;27;0;100;% lokalit v dobrém stavu;špatný;neznámý;2025-07-28;RP SCHKO Bílé Karpaty;NA;19269
Druh;CZ0723410;Mokřad Pumpák;Triturus cristatus;1166;2024-04-23;2024-05-02;Krajský úřad Zlínského kraje;21;0;NA;adulti;nehodnocen;neznámý;2025-07-28;RP SCHKO Bílé Karpaty;NA;19269
Druh;CZ0723410;Mokřad Pumpák;Triturus cristatus;1166;2024-04-23;2024-05-02;Krajský úřad Zlínského kraje;22;0;NA;adulti;nehodnocen;neznámý;2025-07-28;RP SCHKO Bílé Karpaty;NA;19269
Druh;CZ0723410;Mokřad Pumpák;Triturus cristatus;1166;2024-04-23;2024-05-02;Krajský úřad Zlínského kraje;80;NA;100;% lokalit v dobrém stavu;neznámý;neznámý;2025-07-28;RP SCHKO Bílé Karpaty;NA;19269
Druh;CZ0723410;Mokřad Pumpák;Triturus cristatus;1166;2024-04-23;2024-05-02;Krajský úřad Zlínského kraje;30;0;100;% lokalit v dobrém stavu;špatný;neznámý;2025-07-28;RP SCHKO Bílé Karpaty;NA;19269
Druh;CZ0723410;Mokřad Pumpák;Triturus cristatus;1166;2024-04-23;2024-05-02;Krajský úřad Zlínského kraje;31;100;100;% lokalit v dobrém stavu;dobrý;neznámý;2025-07-28;RP SCHKO Bílé Karpaty;NA;19269
Druh;CZ0723410;Mokřad Pumpák;Triturus cristatus;1166;2024-04-23;2024-05-02;Krajský úřad Zlínského kraje;32;100;100;% lokalit v dobrém stavu;dobrý;neznámý;2025-07-28;RP SCHKO Bílé Karpaty;NA;19269
Druh;CZ0723410;Mokřad Pumpák;Triturus cristatus;1166;2024-04-23;2024-05-02;Krajský úřad Zlínského kraje;33;100;100;% lokalit v dobrém stavu;dobrý;neznámý;2025-07-28;RP SCHKO Bílé Karpaty;NA;19269
Druh;CZ0723410;Mokřad Pumpák;Triturus cristatus;1166;2024-04-23;2024-05-02;Krajský úřad Zlínského kraje;34;100;100;% lokalit v dobrém stavu;dobrý;neznámý;2025-07-28;RP SCHKO Bílé Karpaty;NA;19269
Druh;CZ0723410;Mokřad Pumpák;Triturus cristatus;1166;2024-04-23;2024-05-02;Krajský úřad Zlínského kraje;35;0;100;% lokalit v dobrém stavu;špatný;neznámý;2025-07-28;RP SCHKO Bílé Karpaty;NA;19269
Druh;CZ0723410;Mokřad Pumpák;Triturus cristatus;1166;2024-04-23;2024-05-02;Krajský úřad Zlínského kraje;36;100;100;% lokalit v dobrém stavu;dobrý;neznámý;2025-07-28;RP SCHKO Bílé Karpaty;NA;19269
Druh;CZ0723410;Mokřad Pumpák;Triturus cristatus;1166;2024-04-23;2024-05-02;Krajský úřad Zlínského kraje;38;100;100;% lokalit v dobrém stavu;dobrý;neznámý;2025-07-28;RP SCHKO Bílé Karpaty;NA;19269
Druh;CZ0723410;Mokřad Pumpák;Triturus cristatus;1166;2024-04-23;2024-05-02;Krajský úřad Zlínského kraje;130;0;NA;% lokalit v dobrém stavu;nehodnocen;neznámý;2025-07-28;RP SCHKO Bílé Karpaty;NA;19269
Druh;CZ0723410;Mokřad Pumpák;Triturus cristatus;1166;2024-04-23;2024-05-02;Krajský úřad Zlínského kraje;10;NA;NA;hodnocení dílčích parametrů;špatný;neznámý;2025-07-28;RP SCHKO Bílé Karpaty;NA;19269
Druh;CZ0723410;Mokřad Pumpák;Triturus cristatus;1166;2024-04-23;2024-05-02;Krajský úřad Zlínského kraje;131;1;NA;počet dílčích lokalit;nehodnocen;neznámý;2025-07-28;RP SCHKO Bílé Karpaty;NA;19269
Druh;CZ0813455;Mokřad u Rondelu;Triturus cristatus;1166;2022-04-23;2024-10-19;Krajský úřad Moravskoslezského kraje;27;100;100;% lokalit v dobrém stavu;dobrý;neznámý;2025-07-28;RP Moravskoslezské;NA;19269
Druh;CZ0813455;Mokřad u Rondelu;Triturus cristatus;1166;2022-04-23;2024-10-19;Krajský úřad Moravskoslezského kraje;21;1;NA;adulti;nehodnocen;neznámý;2025-07-28;RP Moravskoslezské;NA;19269
Druh;CZ0813455;Mokřad u Rondelu;Triturus cristatus;1166;2022-04-23;2024-10-19;Krajský úřad Moravskoslezského kraje;22;10;NA;adulti;nehodnocen;neznámý;2025-07-28;RP Moravskoslezské;NA;19269
Druh;CZ0813455;Mokřad u Rondelu;Triturus cristatus;1166;2022-04-23;2024-10-19;Krajský úřad Moravskoslezského kraje;80;0;100;% lokalit v dobrém stavu;špatný;neznámý;2025-07-28;RP Moravskoslezské;NA;19269
Druh;CZ0813455;Mokřad u Rondelu;Triturus cristatus;1166;2022-04-23;2024-10-19;Krajský úřad Moravskoslezského kraje;30;100;100;% lokalit v dobrém stavu;dobrý;neznámý;2025-07-28;RP Moravskoslezské;NA;19269
Druh;CZ0813455;Mokřad u Rondelu;Triturus cristatus;1166;2022-04-23;2024-10-19;Krajský úřad Moravskoslezského kraje;31;100;100;% lokalit v dobrém stavu;dobrý;neznámý;2025-07-28;RP Moravskoslezské;NA;19269
Druh;CZ0813455;Mokřad u Rondelu;Triturus cristatus;1166;2022-04-23;2024-10-19;Krajský úřad Moravskoslezského kraje;32;100;100;% lokalit v dobrém stavu;dobrý;neznámý;2025-07-28;RP Moravskoslezské;NA;19269
Druh;CZ0813455;Mokřad u Rondelu;Triturus cristatus;1166;2022-04-23;2024-10-19;Krajský úřad Moravskoslezského kraje;33;100;100;% lokalit v dobrém stavu;dobrý;neznámý;2025-07-28;RP Moravskoslezské;NA;19269
Druh;CZ0813455;Mokřad u Rondelu;Triturus cristatus;1166;2022-04-23;2024-10-19;Krajský úřad Moravskoslezského kraje;34;100;100;% lokalit v dobrém stavu;dobrý;neznámý;2025-07-28;RP Moravskoslezské;NA;19269
Druh;CZ0813455;Mokřad u Rondelu;Triturus cristatus;1166;2022-04-23;2024-10-19;Krajský úřad Moravskoslezského kraje;35;100;100;% lokalit v dobrém stavu;dobrý;neznámý;2025-07-28;RP Moravskoslezské;NA;19269
Druh;CZ0813455;Mokřad u Rondelu;Triturus cristatus;1166;2022-04-23;2024-10-19;Krajský úřad Moravskoslezského kraje;36;100;100;% lokalit v dobrém stavu;dobrý;neznámý;2025-07-28;RP Moravskoslezské;NA;19269
Druh;CZ0813455;Mokřad u Rondelu;Triturus cristatus;1166;2022-04-23;2024-10-19;Krajský úřad Moravskoslezského kraje;38;100;100;% lokalit v dobrém stavu;dobrý;neznámý;2025-07-28;RP Moravskoslezské;NA;19269
Druh;CZ0813455;Mokřad u Rondelu;Triturus cristatus;1166;2022-04-23;2024-10-19;Krajský úřad Moravskoslezského kraje;130;0;NA;% lokalit v dobrém stavu;nehodnocen;neznámý;2025-07-28;RP Moravskoslezské;NA;19269
Druh;CZ0813455;Mokřad u Rondelu;Triturus cristatus;1166;2022-04-23;2024-10-19;Krajský úřad Moravskoslezského kraje;10;NA;NA;hodnocení dílčích parametrů;špatný;setrvalý;2025-07-28;RP Moravskoslezské;NA;19269
Druh;CZ0813455;Mokřad u Rondelu;Triturus cristatus;1166;2022-04-23;2024-10-19;Krajský úřad Moravskoslezského kraje;131;1;NA;počet dílčích lokalit;nehodnocen;neznámý;2025-07-28;RP Moravskoslezské;NA;19269
Druh;CZ0723412;Mokřad u Slováckých strojíren;Bombina variegata;1193;2022-06-02;2024-06-17;Krajský úřad Zlínského kraje;27;50;50;% lokalit v dobrém stavu;dobrý;neznámý;2025-07-28;RP SCHKO Bílé Karpaty;NA;19269
Druh;CZ0723412;Mokřad u Slováckých strojíren;Bombina variegata;1193;2022-06-02;2024-06-17;Krajský úřad Zlínského kraje;21;0;NA;adulti;nehodnocen;neznámý;2025-07-28;RP SCHKO Bílé Karpaty;NA;19269
Druh;CZ0723412;Mokřad u Slováckých strojíren;Bombina variegata;1193;2022-06-02;2024-06-17;Krajský úřad Zlínského kraje;22;0;NA;adulti;nehodnocen;neznámý;2025-07-28;RP SCHKO Bílé Karpaty;NA;19269
Druh;CZ0723412;Mokřad u Slováckých strojíren;Bombina variegata;1193;2022-06-02;2024-06-17;Krajský úřad Zlínského kraje;80;NA;50;% lokalit v dobrém stavu;neznámý;neznámý;2025-07-28;RP SCHKO Bílé Karpaty;NA;19269
Druh;CZ0723412;Mokřad u Slováckých strojíren;Bombina variegata;1193;2022-06-02;2024-06-17;Krajský úřad Zlínského kraje;30;50;50;% lokalit v dobrém stavu;dobrý;neznámý;2025-07-28;RP SCHKO Bílé Karpaty;NA;19269
Druh;CZ0723412;Mokřad u Slováckých strojíren;Bombina variegata;1193;2022-06-02;2024-06-17;Krajský úřad Zlínského kraje;31;100;50;% lokalit v dobrém stavu;dobrý;neznámý;2025-07-28;RP SCHKO Bílé Karpaty;NA;19269
Druh;CZ0723412;Mokřad u Slováckých strojíren;Bombina variegata;1193;2022-06-02;2024-06-17;Krajský úřad Zlínského kraje;32;100;50;% lokalit v dobrém stavu;dobrý;neznámý;2025-07-28;RP SCHKO Bílé Karpaty;NA;19269
Druh;CZ0723412;Mokřad u Slováckých strojíren;Bombina variegata;1193;2022-06-02;2024-06-17;Krajský úřad Zlínského kraje;34;100;50;% lokalit v dobrém stavu;dobrý;neznámý;2025-07-28;RP SCHKO Bílé Karpaty;NA;19269
Druh;CZ0723412;Mokřad u Slováckých strojíren;Bombina variegata;1193;2022-06-02;2024-06-17;Krajský úřad Zlínského kraje;35;100;50;% lokalit v dobrém stavu;dobrý;neznámý;2025-07-28;RP SCHKO Bílé Karpaty;NA;19269
Druh;CZ0723412;Mokřad u Slováckých strojíren;Bombina variegata;1193;2022-06-02;2024-06-17;Krajský úřad Zlínského kraje;37;100;50;% lokalit v dobrém stavu;dobrý;neznámý;2025-07-28;RP SCHKO Bílé Karpaty;NA;19269
Druh;CZ0723412;Mokřad u Slováckých strojíren;Bombina variegata;1193;2022-06-02;2024-06-17;Krajský úřad Zlínského kraje;38;100;50;% lokalit v dobrém stavu;dobrý;neznámý;2025-07-28;RP SCHKO Bílé Karpaty;NA;19269
Druh;CZ0723412;Mokřad u Slováckých strojíren;Bombina variegata;1193;2022-06-02;2024-06-17;Krajský úřad Zlínského kraje;130;50;NA;% lokalit v dobrém stavu;nehodnocen;neznámý;2025-07-28;RP SCHKO Bílé Karpaty;NA;19269
Druh;CZ0723412;Mokřad u Slováckých strojíren;Bombina variegata;1193;2022-06-02;2024-06-17;Krajský úřad Zlínského kraje;131;2;NA;počet dílčích lokalit;nehodnocen;neznámý;2025-07-28;RP SCHKO Bílé Karpaty;NA;19269
Druh;CZ0723412;Mokřad u Slováckých strojíren;Bombina variegata;1193;2022-06-02;2024-06-17;Krajský úřad Zlínského kraje;10;NA;NA;hodnocení dílčích parametrů;dobrý;neznámý;2025-07-28;RP SCHKO Bílé Karpaty;NA;19269
Druh;CZ0714085;Morava - Chropyňský luh;Triturus cristatus;1166;2022-05-08;2024-08-10;AOPK ČR - RP Olomoucko, AOPK ČR - RP SCHKO Bílé Karpaty, Krajský úřad Olomouckého kraje, Krajský úřad Zlínského kraje;27;37.5;50;% lokalit v dobrém stavu;špatný;neznámý;2025-07-28;RP Olomoucko;NA;19269
Druh;CZ0714085;Morava - Chropyňský luh;Triturus cristatus;1166;2022-05-08;2024-08-10;AOPK ČR - RP Olomoucko, AOPK ČR - RP SCHKO Bílé Karpaty, Krajský úřad Olomouckého kraje, Krajský úřad Zlínského kraje;21;3;NA;adulti;nehodnocen;neznámý;2025-07-28;RP Olomoucko;NA;19269
Druh;CZ0714085;Morava - Chropyňský luh;Triturus cristatus;1166;2022-05-08;2024-08-10;AOPK ČR - RP Olomoucko, AOPK ČR - RP SCHKO Bílé Karpaty, Krajský úřad Olomouckého kraje, Krajský úřad Zlínského kraje;22;30;NA;adulti;nehodnocen;neznámý;2025-07-28;RP Olomoucko;NA;19269
Druh;CZ0714085;Morava - Chropyňský luh;Triturus cristatus;1166;2022-05-08;2024-08-10;AOPK ČR - RP Olomoucko, AOPK ČR - RP SCHKO Bílé Karpaty, Krajský úřad Olomouckého kraje, Krajský úřad Zlínského kraje;80;66.67;50;% lokalit v dobrém stavu;dobrý;neznámý;2025-07-28;RP Olomoucko;NA;19269
Druh;CZ0714085;Morava - Chropyňský luh;Triturus cristatus;1166;2022-05-08;2024-08-10;AOPK ČR - RP Olomoucko, AOPK ČR - RP SCHKO Bílé Karpaty, Krajský úřad Olomouckého kraje, Krajský úřad Zlínského kraje;30;0;50;% lokalit v dobrém stavu;špatný;neznámý;2025-07-28;RP Olomoucko;NA;19269
Druh;CZ0714085;Morava - Chropyňský luh;Triturus cristatus;1166;2022-05-08;2024-08-10;AOPK ČR - RP Olomoucko, AOPK ČR - RP SCHKO Bílé Karpaty, Krajský úřad Olomouckého kraje, Krajský úřad Zlínského kraje;31;100;50;% lokalit v dobrém stavu;dobrý;neznámý;2025-07-28;RP Olomoucko;NA;19269
Druh;CZ0714085;Morava - Chropyňský luh;Triturus cristatus;1166;2022-05-08;2024-08-10;AOPK ČR - RP Olomoucko, AOPK ČR - RP SCHKO Bílé Karpaty, Krajský úřad Olomouckého kraje, Krajský úřad Zlínského kraje;32;62.5;50;% lokalit v dobrém stavu;dobrý;neznámý;2025-07-28;RP Olomoucko;NA;19269
Druh;CZ0714085;Morava - Chropyňský luh;Triturus cristatus;1166;2022-05-08;2024-08-10;AOPK ČR - RP Olomoucko, AOPK ČR - RP SCHKO Bílé Karpaty, Krajský úřad Olomouckého kraje, Krajský úřad Zlínského kraje;33;87.5;50;% lokalit v dobrém stavu;dobrý;neznámý;2025-07-28;RP Olomoucko;NA;19269
Druh;CZ0714085;Morava - Chropyňský luh;Triturus cristatus;1166;2022-05-08;2024-08-10;AOPK ČR - RP Olomoucko, AOPK ČR - RP SCHKO Bílé Karpaty, Krajský úřad Olomouckého kraje, Krajský úřad Zlínského kraje;34;100;50;% lokalit v dobrém stavu;dobrý;neznámý;2025-07-28;RP Olomoucko;NA;19269
Druh;CZ0714085;Morava - Chropyňský luh;Triturus cristatus;1166;2022-05-08;2024-08-10;AOPK ČR - RP Olomoucko, AOPK ČR - RP SCHKO Bílé Karpaty, Krajský úřad Olomouckého kraje, Krajský úřad Zlínského kraje;35;62.5;50;% lokalit v dobrém stavu;dobrý;neznámý;2025-07-28;RP Olomoucko;NA;19269
Druh;CZ0714085;Morava - Chropyňský luh;Triturus cristatus;1166;2022-05-08;2024-08-10;AOPK ČR - RP Olomoucko, AOPK ČR - RP SCHKO Bílé Karpaty, Krajský úřad Olomouckého kraje, Krajský úřad Zlínského kraje;36;75;50;% lokalit v dobrém stavu;dobrý;neznámý;2025-07-28;RP Olomoucko;NA;19269
Druh;CZ0714085;Morava - Chropyňský luh;Triturus cristatus;1166;2022-05-08;2024-08-10;AOPK ČR - RP Olomoucko, AOPK ČR - RP SCHKO Bílé Karpaty, Krajský úřad Olomouckého kraje, Krajský úřad Zlínského kraje;38;87.5;50;% lokalit v dobrém stavu;dobrý;neznámý;2025-07-28;RP Olomoucko;NA;19269
Druh;CZ0714085;Morava - Chropyňský luh;Triturus cristatus;1166;2022-05-08;2024-08-10;AOPK ČR - RP Olomoucko, AOPK ČR - RP SCHKO Bílé Karpaty, Krajský úřad Olomouckého kraje, Krajský úřad Zlínského kraje;130;25;NA;% lokalit v dobrém stavu;nehodnocen;neznámý;2025-07-28;RP Olomoucko;NA;19269
Druh;CZ0714085;Morava - Chropyňský luh;Triturus cristatus;1166;2022-05-08;2024-08-10;AOPK ČR - RP Olomoucko, AOPK ČR - RP SCHKO Bílé Karpaty, Krajský úřad Olomouckého kraje, Krajský úřad Zlínského kraje;10;NA;NA;hodnocení dílčích parametrů;špatný;setrvalý;2025-07-28;RP Olomoucko;NA;19269
Druh;CZ0714085;Morava - Chropyňský luh;Triturus cristatus;1166;2022-05-08;2024-08-10;AOPK ČR - RP Olomoucko, AOPK ČR - RP SCHKO Bílé Karpaty, Krajský úřad Olomouckého kraje, Krajský úřad Zlínského kraje;131;8;NA;počet dílčích lokalit;nehodnocen;neznámý;2025-07-28;RP Olomoucko;NA;19269
Druh;CZ0624099;Niva Dyje;Bombina bombina;1188;2022-04-30;2024-06-24;AOPK ČR - RP Jižní Morava, Krajský úřad Jihomoravského kraje;27;71.43;30;% lokalit v dobrém stavu;dobrý;neznámý;2025-07-28;RP Jižní Morava;NA;19269
Druh;CZ0624099;Niva Dyje;Bombina bombina;1188;2022-04-30;2024-06-24;AOPK ČR - RP Jižní Morava, Krajský úřad Jihomoravského kraje;21;10;NA;volající samci;nehodnocen;neznámý;2025-07-28;RP Jižní Morava;NA;19269
Druh;CZ0624099;Niva Dyje;Bombina bombina;1188;2022-04-30;2024-06-24;AOPK ČR - RP Jižní Morava, Krajský úřad Jihomoravského kraje;22;100;NA;volající samci;nehodnocen;neznámý;2025-07-28;RP Jižní Morava;NA;19269
Druh;CZ0624099;Niva Dyje;Bombina bombina;1188;2022-04-30;2024-06-24;AOPK ČR - RP Jižní Morava, Krajský úřad Jihomoravského kraje;80;90;30;% lokalit v dobrém stavu;dobrý;neznámý;2025-07-28;RP Jižní Morava;NA;19269
Druh;CZ0624099;Niva Dyje;Bombina bombina;1188;2022-04-30;2024-06-24;AOPK ČR - RP Jižní Morava, Krajský úřad Jihomoravského kraje;30;NA;30;% lokalit v dobrém stavu;neznámý;neznámý;2025-07-28;RP Jižní Morava;NA;19269
Druh;CZ0624099;Niva Dyje;Bombina bombina;1188;2022-04-30;2024-06-24;AOPK ČR - RP Jižní Morava, Krajský úřad Jihomoravského kraje;31;100;30;% lokalit v dobrém stavu;dobrý;neznámý;2025-07-28;RP Jižní Morava;NA;19269
Druh;CZ0624099;Niva Dyje;Bombina bombina;1188;2022-04-30;2024-06-24;AOPK ČR - RP Jižní Morava, Krajský úřad Jihomoravského kraje;32;100;30;% lokalit v dobrém stavu;dobrý;neznámý;2025-07-28;RP Jižní Morava;NA;19269
Druh;CZ0624099;Niva Dyje;Bombina bombina;1188;2022-04-30;2024-06-24;AOPK ČR - RP Jižní Morava, Krajský úřad Jihomoravského kraje;33;21.43;30;% lokalit v dobrém stavu;špatný;neznámý;2025-07-28;RP Jižní Morava;NA;19269
Druh;CZ0624099;Niva Dyje;Bombina bombina;1188;2022-04-30;2024-06-24;AOPK ČR - RP Jižní Morava, Krajský úřad Jihomoravského kraje;34;100;30;% lokalit v dobrém stavu;dobrý;neznámý;2025-07-28;RP Jižní Morava;NA;19269
Druh;CZ0624099;Niva Dyje;Bombina bombina;1188;2022-04-30;2024-06-24;AOPK ČR - RP Jižní Morava, Krajský úřad Jihomoravského kraje;36;100;30;% lokalit v dobrém stavu;dobrý;neznámý;2025-07-28;RP Jižní Morava;NA;19269
Druh;CZ0624099;Niva Dyje;Bombina bombina;1188;2022-04-30;2024-06-24;AOPK ČR - RP Jižní Morava, Krajský úřad Jihomoravského kraje;37;85.71;30;% lokalit v dobrém stavu;dobrý;neznámý;2025-07-28;RP Jižní Morava;NA;19269
Druh;CZ0624099;Niva Dyje;Bombina bombina;1188;2022-04-30;2024-06-24;AOPK ČR - RP Jižní Morava, Krajský úřad Jihomoravského kraje;38;100;30;% lokalit v dobrém stavu;dobrý;neznámý;2025-07-28;RP Jižní Morava;NA;19269
Druh;CZ0624099;Niva Dyje;Bombina bombina;1188;2022-04-30;2024-06-24;AOPK ČR - RP Jižní Morava, Krajský úřad Jihomoravského kraje;130;71.43;NA;% lokalit v dobrém stavu;nehodnocen;neznámý;2025-07-28;RP Jižní Morava;NA;19269
Druh;CZ0624099;Niva Dyje;Bombina bombina;1188;2022-04-30;2024-06-24;AOPK ČR - RP Jižní Morava, Krajský úřad Jihomoravského kraje;131;14;NA;počet dílčích lokalit;nehodnocen;neznámý;2025-07-28;RP Jižní Morava;NA;19269
Druh;CZ0624099;Niva Dyje;Bombina bombina;1188;2022-04-30;2024-06-24;AOPK ČR - RP Jižní Morava, Krajský úřad Jihomoravského kraje;10;NA;NA;hodnocení dílčích parametrů;dobrý;zlepšující se;2025-07-28;RP Jižní Morava;NA;19269
Druh;CZ0813457;Niva Olše - Věřňovice;Bombina variegata;1193;2022-05-09;2024-10-17;Krajský úřad Moravskoslezského kraje;27;66.67;50;% lokalit v dobrém stavu;dobrý;neznámý;2025-07-28;RP Moravskoslezské;NA;19269
Druh;CZ0813457;Niva Olše - Věřňovice;Bombina variegata;1193;2022-05-09;2024-10-17;Krajský úřad Moravskoslezského kraje;21;14;NA;adulti;nehodnocen;neznámý;2025-07-28;RP Moravskoslezské;NA;19269
Druh;CZ0813457;Niva Olše - Věřňovice;Bombina variegata;1193;2022-05-09;2024-10-17;Krajský úřad Moravskoslezského kraje;22;80;NA;adulti;nehodnocen;neznámý;2025-07-28;RP Moravskoslezské;NA;19269
Druh;CZ0813457;Niva Olše - Věřňovice;Bombina variegata;1193;2022-05-09;2024-10-17;Krajský úřad Moravskoslezského kraje;80;100;50;% lokalit v dobrém stavu;dobrý;neznámý;2025-07-28;RP Moravskoslezské;NA;19269
Druh;CZ0813457;Niva Olše - Věřňovice;Bombina variegata;1193;2022-05-09;2024-10-17;Krajský úřad Moravskoslezského kraje;30;66.67;50;% lokalit v dobrém stavu;dobrý;neznámý;2025-07-28;RP Moravskoslezské;NA;19269
Druh;CZ0813457;Niva Olše - Věřňovice;Bombina variegata;1193;2022-05-09;2024-10-17;Krajský úřad Moravskoslezského kraje;31;100;50;% lokalit v dobrém stavu;dobrý;neznámý;2025-07-28;RP Moravskoslezské;NA;19269
Druh;CZ0813457;Niva Olše - Věřňovice;Bombina variegata;1193;2022-05-09;2024-10-17;Krajský úřad Moravskoslezského kraje;32;83.33;50;% lokalit v dobrém stavu;dobrý;neznámý;2025-07-28;RP Moravskoslezské;NA;19269
Druh;CZ0813457;Niva Olše - Věřňovice;Bombina variegata;1193;2022-05-09;2024-10-17;Krajský úřad Moravskoslezského kraje;34;100;50;% lokalit v dobrém stavu;dobrý;neznámý;2025-07-28;RP Moravskoslezské;NA;19269
Druh;CZ0813457;Niva Olše - Věřňovice;Bombina variegata;1193;2022-05-09;2024-10-17;Krajský úřad Moravskoslezského kraje;35;100;50;% lokalit v dobrém stavu;dobrý;neznámý;2025-07-28;RP Moravskoslezské;NA;19269
Druh;CZ0813457;Niva Olše - Věřňovice;Bombina variegata;1193;2022-05-09;2024-10-17;Krajský úřad Moravskoslezského kraje;37;100;50;% lokalit v dobrém stavu;dobrý;neznámý;2025-07-28;RP Moravskoslezské;NA;19269
Druh;CZ0813457;Niva Olše - Věřňovice;Bombina variegata;1193;2022-05-09;2024-10-17;Krajský úřad Moravskoslezského kraje;38;100;50;% lokalit v dobrém stavu;dobrý;neznámý;2025-07-28;RP Moravskoslezské;NA;19269
Druh;CZ0813457;Niva Olše - Věřňovice;Bombina variegata;1193;2022-05-09;2024-10-17;Krajský úřad Moravskoslezského kraje;130;66.67;NA;% lokalit v dobrém stavu;nehodnocen;neznámý;2025-07-28;RP Moravskoslezské;NA;19269
Druh;CZ0813457;Niva Olše - Věřňovice;Bombina variegata;1193;2022-05-09;2024-10-17;Krajský úřad Moravskoslezského kraje;131;6;NA;počet dílčích lokalit;nehodnocen;neznámý;2025-07-28;RP Moravskoslezské;NA;19269
Druh;CZ0813457;Niva Olše - Věřňovice;Bombina variegata;1193;2022-05-09;2024-10-17;Krajský úřad Moravskoslezského kraje;10;NA;NA;hodnocení dílčích parametrů;dobrý;zlepšující se;2025-07-28;RP Moravskoslezské;NA;19269
Druh;CZ0713383;Ohrozim - Horka;Triturus cristatus;1166;2022-04-14;2024-05-23;Krajský úřad Olomouckého kraje;27;0;100;% lokalit v dobrém stavu;špatný;neznámý;2025-07-28;RP Olomoucko;NA;19269
Druh;CZ0713383;Ohrozim - Horka;Triturus cristatus;1166;2022-04-14;2024-05-23;Krajský úřad Olomouckého kraje;21;0;NA;adulti;nehodnocen;neznámý;2025-07-28;RP Olomoucko;NA;19269
Druh;CZ0713383;Ohrozim - Horka;Triturus cristatus;1166;2022-04-14;2024-05-23;Krajský úřad Olomouckého kraje;22;0;NA;adulti;nehodnocen;neznámý;2025-07-28;RP Olomoucko;NA;19269
Druh;CZ0713383;Ohrozim - Horka;Triturus cristatus;1166;2022-04-14;2024-05-23;Krajský úřad Olomouckého kraje;80;0;100;% lokalit v dobrém stavu;špatný;neznámý;2025-07-28;RP Olomoucko;NA;19269
Druh;CZ0713383;Ohrozim - Horka;Triturus cristatus;1166;2022-04-14;2024-05-23;Krajský úřad Olomouckého kraje;30;100;100;% lokalit v dobrém stavu;dobrý;neznámý;2025-07-28;RP Olomoucko;NA;19269
Druh;CZ0713383;Ohrozim - Horka;Triturus cristatus;1166;2022-04-14;2024-05-23;Krajský úřad Olomouckého kraje;31;100;100;% lokalit v dobrém stavu;dobrý;neznámý;2025-07-28;RP Olomoucko;NA;19269
Druh;CZ0713383;Ohrozim - Horka;Triturus cristatus;1166;2022-04-14;2024-05-23;Krajský úřad Olomouckého kraje;32;0;100;% lokalit v dobrém stavu;špatný;neznámý;2025-07-28;RP Olomoucko;NA;19269
Druh;CZ0713383;Ohrozim - Horka;Triturus cristatus;1166;2022-04-14;2024-05-23;Krajský úřad Olomouckého kraje;33;100;100;% lokalit v dobrém stavu;dobrý;neznámý;2025-07-28;RP Olomoucko;NA;19269
Druh;CZ0713383;Ohrozim - Horka;Triturus cristatus;1166;2022-04-14;2024-05-23;Krajský úřad Olomouckého kraje;34;100;100;% lokalit v dobrém stavu;dobrý;neznámý;2025-07-28;RP Olomoucko;NA;19269
Druh;CZ0713383;Ohrozim - Horka;Triturus cristatus;1166;2022-04-14;2024-05-23;Krajský úřad Olomouckého kraje;35;100;100;% lokalit v dobrém stavu;dobrý;neznámý;2025-07-28;RP Olomoucko;NA;19269
Druh;CZ0713383;Ohrozim - Horka;Triturus cristatus;1166;2022-04-14;2024-05-23;Krajský úřad Olomouckého kraje;36;0;100;% lokalit v dobrém stavu;špatný;neznámý;2025-07-28;RP Olomoucko;NA;19269
Druh;CZ0713383;Ohrozim - Horka;Triturus cristatus;1166;2022-04-14;2024-05-23;Krajský úřad Olomouckého kraje;38;100;100;% lokalit v dobrém stavu;dobrý;neznámý;2025-07-28;RP Olomoucko;NA;19269
Druh;CZ0713383;Ohrozim - Horka;Triturus cristatus;1166;2022-04-14;2024-05-23;Krajský úřad Olomouckého kraje;130;0;NA;% lokalit v dobrém stavu;nehodnocen;neznámý;2025-07-28;RP Olomoucko;NA;19269
Druh;CZ0713383;Ohrozim - Horka;Triturus cristatus;1166;2022-04-14;2024-05-23;Krajský úřad Olomouckého kraje;10;NA;NA;hodnocení dílčích parametrů;špatný;setrvalý;2025-07-28;RP Olomoucko;NA;19269
Druh;CZ0713383;Ohrozim - Horka;Triturus cristatus;1166;2022-04-14;2024-05-23;Krajský úřad Olomouckého kraje;131;1;NA;počet dílčích lokalit;nehodnocen;neznámý;2025-07-28;RP Olomoucko;NA;19269
Druh;CZ0813460;Osoblažský výběžek;Bombina bombina;1188;2022-04-18;2024-07-10;Krajský úřad Moravskoslezského kraje;27;50;50;% lokalit v dobrém stavu;dobrý;neznámý;2025-07-28;RP Moravskoslezské;NA;19269
Druh;CZ0813460;Osoblažský výběžek;Bombina bombina;1188;2022-04-18;2024-07-10;Krajský úřad Moravskoslezského kraje;21;1;NA;volající samci;nehodnocen;neznámý;2025-07-28;RP Moravskoslezské;NA;19269
Druh;CZ0813460;Osoblažský výběžek;Bombina bombina;1188;2022-04-18;2024-07-10;Krajský úřad Moravskoslezského kraje;22;10;NA;volající samci;nehodnocen;neznámý;2025-07-28;RP Moravskoslezské;NA;19269
Druh;CZ0813460;Osoblažský výběžek;Bombina bombina;1188;2022-04-18;2024-07-10;Krajský úřad Moravskoslezského kraje;80;100;50;% lokalit v dobrém stavu;dobrý;neznámý;2025-07-28;RP Moravskoslezské;NA;19269
Druh;CZ0813460;Osoblažský výběžek;Bombina bombina;1188;2022-04-18;2024-07-10;Krajský úřad Moravskoslezského kraje;30;NA;50;% lokalit v dobrém stavu;neznámý;neznámý;2025-07-28;RP Moravskoslezské;NA;19269
Druh;CZ0813460;Osoblažský výběžek;Bombina bombina;1188;2022-04-18;2024-07-10;Krajský úřad Moravskoslezského kraje;31;100;50;% lokalit v dobrém stavu;dobrý;neznámý;2025-07-28;RP Moravskoslezské;NA;19269
Druh;CZ0813460;Osoblažský výběžek;Bombina bombina;1188;2022-04-18;2024-07-10;Krajský úřad Moravskoslezského kraje;32;100;50;% lokalit v dobrém stavu;dobrý;neznámý;2025-07-28;RP Moravskoslezské;NA;19269
Druh;CZ0813460;Osoblažský výběžek;Bombina bombina;1188;2022-04-18;2024-07-10;Krajský úřad Moravskoslezského kraje;33;100;50;% lokalit v dobrém stavu;dobrý;neznámý;2025-07-28;RP Moravskoslezské;NA;19269
Druh;CZ0813460;Osoblažský výběžek;Bombina bombina;1188;2022-04-18;2024-07-10;Krajský úřad Moravskoslezského kraje;34;100;50;% lokalit v dobrém stavu;dobrý;neznámý;2025-07-28;RP Moravskoslezské;NA;19269
Druh;CZ0813460;Osoblažský výběžek;Bombina bombina;1188;2022-04-18;2024-07-10;Krajský úřad Moravskoslezského kraje;36;83.33;50;% lokalit v dobrém stavu;dobrý;neznámý;2025-07-28;RP Moravskoslezské;NA;19269
Druh;CZ0813460;Osoblažský výběžek;Bombina bombina;1188;2022-04-18;2024-07-10;Krajský úřad Moravskoslezského kraje;37;100;50;% lokalit v dobrém stavu;dobrý;neznámý;2025-07-28;RP Moravskoslezské;NA;19269
Druh;CZ0813460;Osoblažský výběžek;Bombina bombina;1188;2022-04-18;2024-07-10;Krajský úřad Moravskoslezského kraje;38;100;50;% lokalit v dobrém stavu;dobrý;neznámý;2025-07-28;RP Moravskoslezské;NA;19269
Druh;CZ0813460;Osoblažský výběžek;Bombina bombina;1188;2022-04-18;2024-07-10;Krajský úřad Moravskoslezského kraje;130;50;NA;% lokalit v dobrém stavu;nehodnocen;neznámý;2025-07-28;RP Moravskoslezské;NA;19269
Druh;CZ0813460;Osoblažský výběžek;Bombina bombina;1188;2022-04-18;2024-07-10;Krajský úřad Moravskoslezského kraje;131;6;NA;počet dílčích lokalit;nehodnocen;neznámý;2025-07-28;RP Moravskoslezské;NA;19269
Druh;CZ0813460;Osoblažský výběžek;Bombina bombina;1188;2022-04-18;2024-07-10;Krajský úřad Moravskoslezského kraje;10;NA;NA;hodnocení dílčích parametrů;dobrý;neznámý;2025-07-28;RP Moravskoslezské;NA;19269
Druh;CZ0723413;Ovčírka;Bombina bombina;1188;2022-04-14;2024-06-17;Krajský úřad Zlínského kraje;27;100;100;% lokalit v dobrém stavu;dobrý;neznámý;2025-07-28;RP SCHKO Bílé Karpaty;NA;19269
Druh;CZ0723413;Ovčírka;Bombina bombina;1188;2022-04-14;2024-06-17;Krajský úřad Zlínského kraje;21;0;NA;volající samci;nehodnocen;neznámý;2025-07-28;RP SCHKO Bílé Karpaty;NA;19269
Druh;CZ0723413;Ovčírka;Bombina bombina;1188;2022-04-14;2024-06-17;Krajský úřad Zlínského kraje;22;0;NA;volající samci;nehodnocen;neznámý;2025-07-28;RP SCHKO Bílé Karpaty;NA;19269
Druh;CZ0723413;Ovčírka;Bombina bombina;1188;2022-04-14;2024-06-17;Krajský úřad Zlínského kraje;80;100;100;% lokalit v dobrém stavu;dobrý;neznámý;2025-07-28;RP SCHKO Bílé Karpaty;NA;19269
Druh;CZ0723413;Ovčírka;Bombina bombina;1188;2022-04-14;2024-06-17;Krajský úřad Zlínského kraje;30;NA;100;% lokalit v dobrém stavu;neznámý;neznámý;2025-07-28;RP SCHKO Bílé Karpaty;NA;19269
Druh;CZ0723413;Ovčírka;Bombina bombina;1188;2022-04-14;2024-06-17;Krajský úřad Zlínského kraje;31;100;100;% lokalit v dobrém stavu;dobrý;neznámý;2025-07-28;RP SCHKO Bílé Karpaty;NA;19269
Druh;CZ0723413;Ovčírka;Bombina bombina;1188;2022-04-14;2024-06-17;Krajský úřad Zlínského kraje;32;0;100;% lokalit v dobrém stavu;špatný;neznámý;2025-07-28;RP SCHKO Bílé Karpaty;NA;19269
Druh;CZ0723413;Ovčírka;Bombina bombina;1188;2022-04-14;2024-06-17;Krajský úřad Zlínského kraje;33;100;100;% lokalit v dobrém stavu;dobrý;neznámý;2025-07-28;RP SCHKO Bílé Karpaty;NA;19269
Druh;CZ0723413;Ovčírka;Bombina bombina;1188;2022-04-14;2024-06-17;Krajský úřad Zlínského kraje;34;100;100;% lokalit v dobrém stavu;dobrý;neznámý;2025-07-28;RP SCHKO Bílé Karpaty;NA;19269
Druh;CZ0723413;Ovčírka;Bombina bombina;1188;2022-04-14;2024-06-17;Krajský úřad Zlínského kraje;36;100;100;% lokalit v dobrém stavu;dobrý;neznámý;2025-07-28;RP SCHKO Bílé Karpaty;NA;19269
Druh;CZ0723413;Ovčírka;Bombina bombina;1188;2022-04-14;2024-06-17;Krajský úřad Zlínského kraje;37;100;100;% lokalit v dobrém stavu;dobrý;neznámý;2025-07-28;RP SCHKO Bílé Karpaty;NA;19269
Druh;CZ0723413;Ovčírka;Bombina bombina;1188;2022-04-14;2024-06-17;Krajský úřad Zlínského kraje;38;100;100;% lokalit v dobrém stavu;dobrý;neznámý;2025-07-28;RP SCHKO Bílé Karpaty;NA;19269
Druh;CZ0723413;Ovčírka;Bombina bombina;1188;2022-04-14;2024-06-17;Krajský úřad Zlínského kraje;130;100;NA;% lokalit v dobrém stavu;nehodnocen;neznámý;2025-07-28;RP SCHKO Bílé Karpaty;NA;19269
Druh;CZ0723413;Ovčírka;Bombina bombina;1188;2022-04-14;2024-06-17;Krajský úřad Zlínského kraje;131;1;NA;počet dílčích lokalit;nehodnocen;neznámý;2025-07-28;RP SCHKO Bílé Karpaty;NA;19269
Druh;CZ0723413;Ovčírka;Bombina bombina;1188;2022-04-14;2024-06-17;Krajský úřad Zlínského kraje;10;NA;NA;hodnocení dílčích parametrů;dobrý;neznámý;2025-07-28;RP SCHKO Bílé Karpaty;NA;19269
Druh;CZ0713385;Písečná - mokřad;Bombina variegata;1193;2023-05-05;2024-06-07;Krajský úřad Olomouckého kraje;27;0;100;% lokalit v dobrém stavu;špatný;neznámý;2025-07-28;RP Olomoucko;NA;19269
Druh;CZ0713385;Písečná - mokřad;Bombina variegata;1193;2023-05-05;2024-06-07;Krajský úřad Olomouckého kraje;21;0;NA;adulti;nehodnocen;neznámý;2025-07-28;RP Olomoucko;NA;19269
Druh;CZ0713385;Písečná - mokřad;Bombina variegata;1193;2023-05-05;2024-06-07;Krajský úřad Olomouckého kraje;22;0;NA;adulti;nehodnocen;neznámý;2025-07-28;RP Olomoucko;NA;19269
Druh;CZ0713385;Písečná - mokřad;Bombina variegata;1193;2023-05-05;2024-06-07;Krajský úřad Olomouckého kraje;80;NA;100;% lokalit v dobrém stavu;neznámý;neznámý;2025-07-28;RP Olomoucko;NA;19269
Druh;CZ0713385;Písečná - mokřad;Bombina variegata;1193;2023-05-05;2024-06-07;Krajský úřad Olomouckého kraje;30;0;100;% lokalit v dobrém stavu;špatný;neznámý;2025-07-28;RP Olomoucko;NA;19269
Druh;CZ0713385;Písečná - mokřad;Bombina variegata;1193;2023-05-05;2024-06-07;Krajský úřad Olomouckého kraje;31;100;100;% lokalit v dobrém stavu;dobrý;neznámý;2025-07-28;RP Olomoucko;NA;19269
Druh;CZ0713385;Písečná - mokřad;Bombina variegata;1193;2023-05-05;2024-06-07;Krajský úřad Olomouckého kraje;32;100;100;% lokalit v dobrém stavu;dobrý;neznámý;2025-07-28;RP Olomoucko;NA;19269
Druh;CZ0713385;Písečná - mokřad;Bombina variegata;1193;2023-05-05;2024-06-07;Krajský úřad Olomouckého kraje;34;100;100;% lokalit v dobrém stavu;dobrý;neznámý;2025-07-28;RP Olomoucko;NA;19269
Druh;CZ0713385;Písečná - mokřad;Bombina variegata;1193;2023-05-05;2024-06-07;Krajský úřad Olomouckého kraje;35;0;100;% lokalit v dobrém stavu;špatný;neznámý;2025-07-28;RP Olomoucko;NA;19269
Druh;CZ0713385;Písečná - mokřad;Bombina variegata;1193;2023-05-05;2024-06-07;Krajský úřad Olomouckého kraje;37;100;100;% lokalit v dobrém stavu;dobrý;neznámý;2025-07-28;RP Olomoucko;NA;19269
Druh;CZ0713385;Písečná - mokřad;Bombina variegata;1193;2023-05-05;2024-06-07;Krajský úřad Olomouckého kraje;38;100;100;% lokalit v dobrém stavu;dobrý;neznámý;2025-07-28;RP Olomoucko;NA;19269
Druh;CZ0713385;Písečná - mokřad;Bombina variegata;1193;2023-05-05;2024-06-07;Krajský úřad Olomouckého kraje;130;0;NA;% lokalit v dobrém stavu;nehodnocen;neznámý;2025-07-28;RP Olomoucko;NA;19269
Druh;CZ0713385;Písečná - mokřad;Bombina variegata;1193;2023-05-05;2024-06-07;Krajský úřad Olomouckého kraje;131;1;NA;počet dílčích lokalit;nehodnocen;neznámý;2025-07-28;RP Olomoucko;NA;19269
Druh;CZ0713385;Písečná - mokřad;Bombina variegata;1193;2023-05-05;2024-06-07;Krajský úřad Olomouckého kraje;10;NA;NA;hodnocení dílčích parametrů;špatný;setrvalý;2025-07-28;RP Olomoucko;NA;19269
Druh;CZ0814092;Poodří;Triturus cristatus;1166;2022-04-21;2024-10-20;AOPK ČR - RP Moravskoslezské, Krajský úřad Moravskoslezského kraje;27;22.22;30;% lokalit v dobrém stavu;špatný;neznámý;2025-07-28;RP Moravskoslezské;NA;19269
Druh;CZ0814092;Poodří;Triturus cristatus;1166;2022-04-21;2024-10-20;AOPK ČR - RP Moravskoslezské, Krajský úřad Moravskoslezského kraje;21;23;NA;adulti;nehodnocen;neznámý;2025-07-28;RP Moravskoslezské;NA;19269
Druh;CZ0814092;Poodří;Triturus cristatus;1166;2022-04-21;2024-10-20;AOPK ČR - RP Moravskoslezské, Krajský úřad Moravskoslezského kraje;22;110;NA;adulti;nehodnocen;neznámý;2025-07-28;RP Moravskoslezské;NA;19269
Druh;CZ0814092;Poodří;Triturus cristatus;1166;2022-04-21;2024-10-20;AOPK ČR - RP Moravskoslezské, Krajský úřad Moravskoslezského kraje;80;0;30;% lokalit v dobrém stavu;špatný;neznámý;2025-07-28;RP Moravskoslezské;NA;19269
Druh;CZ0814092;Poodří;Triturus cristatus;1166;2022-04-21;2024-10-20;AOPK ČR - RP Moravskoslezské, Krajský úřad Moravskoslezského kraje;30;16.67;30;% lokalit v dobrém stavu;špatný;neznámý;2025-07-28;RP Moravskoslezské;NA;19269
Druh;CZ0814092;Poodří;Triturus cristatus;1166;2022-04-21;2024-10-20;AOPK ČR - RP Moravskoslezské, Krajský úřad Moravskoslezského kraje;31;100;30;% lokalit v dobrém stavu;dobrý;neznámý;2025-07-28;RP Moravskoslezské;NA;19269
Druh;CZ0814092;Poodří;Triturus cristatus;1166;2022-04-21;2024-10-20;AOPK ČR - RP Moravskoslezské, Krajský úřad Moravskoslezského kraje;32;94.44;30;% lokalit v dobrém stavu;dobrý;neznámý;2025-07-28;RP Moravskoslezské;NA;19269
Druh;CZ0814092;Poodří;Triturus cristatus;1166;2022-04-21;2024-10-20;AOPK ČR - RP Moravskoslezské, Krajský úřad Moravskoslezského kraje;33;100;30;% lokalit v dobrém stavu;dobrý;neznámý;2025-07-28;RP Moravskoslezské;NA;19269
Druh;CZ0814092;Poodří;Triturus cristatus;1166;2022-04-21;2024-10-20;AOPK ČR - RP Moravskoslezské, Krajský úřad Moravskoslezského kraje;34;100;30;% lokalit v dobrém stavu;dobrý;neznámý;2025-07-28;RP Moravskoslezské;NA;19269
Druh;CZ0814092;Poodří;Triturus cristatus;1166;2022-04-21;2024-10-20;AOPK ČR - RP Moravskoslezské, Krajský úřad Moravskoslezského kraje;35;55.56;30;% lokalit v dobrém stavu;dobrý;neznámý;2025-07-28;RP Moravskoslezské;NA;19269
Druh;CZ0814092;Poodří;Triturus cristatus;1166;2022-04-21;2024-10-20;AOPK ČR - RP Moravskoslezské, Krajský úřad Moravskoslezského kraje;36;77.78;30;% lokalit v dobrém stavu;dobrý;neznámý;2025-07-28;RP Moravskoslezské;NA;19269
Druh;CZ0814092;Poodří;Triturus cristatus;1166;2022-04-21;2024-10-20;AOPK ČR - RP Moravskoslezské, Krajský úřad Moravskoslezského kraje;38;100;30;% lokalit v dobrém stavu;dobrý;neznámý;2025-07-28;RP Moravskoslezské;NA;19269
Druh;CZ0814092;Poodří;Triturus cristatus;1166;2022-04-21;2024-10-20;AOPK ČR - RP Moravskoslezské, Krajský úřad Moravskoslezského kraje;130;11.11;NA;% lokalit v dobrém stavu;nehodnocen;neznámý;2025-07-28;RP Moravskoslezské;NA;19269
Druh;CZ0814092;Poodří;Triturus cristatus;1166;2022-04-21;2024-10-20;AOPK ČR - RP Moravskoslezské, Krajský úřad Moravskoslezského kraje;10;NA;NA;hodnocení dílčích parametrů;špatný;setrvalý;2025-07-28;RP Moravskoslezské;NA;19269
Druh;CZ0814092;Poodří;Triturus cristatus;1166;2022-04-21;2024-10-20;AOPK ČR - RP Moravskoslezské, Krajský úřad Moravskoslezského kraje;131;18;NA;počet dílčích lokalit;nehodnocen;neznámý;2025-07-28;RP Moravskoslezské;NA;19269
Druh;CZ0814092;Poodří;Bombina bombina;1188;2022-05-09;2024-10-20;AOPK ČR - RP Moravskoslezské, Krajský úřad Moravskoslezského kraje;27;85.71;30;% lokalit v dobrém stavu;dobrý;neznámý;2025-07-28;RP Moravskoslezské;NA;19269
Druh;CZ0814092;Poodří;Bombina bombina;1188;2022-05-09;2024-10-20;AOPK ČR - RP Moravskoslezské, Krajský úřad Moravskoslezského kraje;21;345;NA;volající samci;nehodnocen;neznámý;2025-07-28;RP Moravskoslezské;NA;19269
Druh;CZ0814092;Poodří;Bombina bombina;1188;2022-05-09;2024-10-20;AOPK ČR - RP Moravskoslezské, Krajský úřad Moravskoslezského kraje;22;1620;NA;volající samci;nehodnocen;neznámý;2025-07-28;RP Moravskoslezské;NA;19269
Druh;CZ0814092;Poodří;Bombina bombina;1188;2022-05-09;2024-10-20;AOPK ČR - RP Moravskoslezské, Krajský úřad Moravskoslezského kraje;80;64.29;30;% lokalit v dobrém stavu;dobrý;neznámý;2025-07-28;RP Moravskoslezské;NA;19269
Druh;CZ0814092;Poodří;Bombina bombina;1188;2022-05-09;2024-10-20;AOPK ČR - RP Moravskoslezské, Krajský úřad Moravskoslezského kraje;30;NA;30;% lokalit v dobrém stavu;neznámý;neznámý;2025-07-28;RP Moravskoslezské;NA;19269
Druh;CZ0814092;Poodří;Bombina bombina;1188;2022-05-09;2024-10-20;AOPK ČR - RP Moravskoslezské, Krajský úřad Moravskoslezského kraje;31;100;30;% lokalit v dobrém stavu;dobrý;neznámý;2025-07-28;RP Moravskoslezské;NA;19269
Druh;CZ0814092;Poodří;Bombina bombina;1188;2022-05-09;2024-10-20;AOPK ČR - RP Moravskoslezské, Krajský úřad Moravskoslezského kraje;32;95.24;30;% lokalit v dobrém stavu;dobrý;neznámý;2025-07-28;RP Moravskoslezské;NA;19269
Druh;CZ0814092;Poodří;Bombina bombina;1188;2022-05-09;2024-10-20;AOPK ČR - RP Moravskoslezské, Krajský úřad Moravskoslezského kraje;33;100;30;% lokalit v dobrém stavu;dobrý;neznámý;2025-07-28;RP Moravskoslezské;NA;19269
Druh;CZ0814092;Poodří;Bombina bombina;1188;2022-05-09;2024-10-20;AOPK ČR - RP Moravskoslezské, Krajský úřad Moravskoslezského kraje;34;100;30;% lokalit v dobrém stavu;dobrý;neznámý;2025-07-28;RP Moravskoslezské;NA;19269
Druh;CZ0814092;Poodří;Bombina bombina;1188;2022-05-09;2024-10-20;AOPK ČR - RP Moravskoslezské, Krajský úřad Moravskoslezského kraje;36;85.71;30;% lokalit v dobrém stavu;dobrý;neznámý;2025-07-28;RP Moravskoslezské;NA;19269
Druh;CZ0814092;Poodří;Bombina bombina;1188;2022-05-09;2024-10-20;AOPK ČR - RP Moravskoslezské, Krajský úřad Moravskoslezského kraje;37;95.24;30;% lokalit v dobrém stavu;dobrý;neznámý;2025-07-28;RP Moravskoslezské;NA;19269
Druh;CZ0814092;Poodří;Bombina bombina;1188;2022-05-09;2024-10-20;AOPK ČR - RP Moravskoslezské, Krajský úřad Moravskoslezského kraje;38;100;30;% lokalit v dobrém stavu;dobrý;neznámý;2025-07-28;RP Moravskoslezské;NA;19269
Druh;CZ0814092;Poodří;Bombina bombina;1188;2022-05-09;2024-10-20;AOPK ČR - RP Moravskoslezské, Krajský úřad Moravskoslezského kraje;130;61.9;NA;% lokalit v dobrém stavu;nehodnocen;neznámý;2025-07-28;RP Moravskoslezské;NA;19269
Druh;CZ0814092;Poodří;Bombina bombina;1188;2022-05-09;2024-10-20;AOPK ČR - RP Moravskoslezské, Krajský úřad Moravskoslezského kraje;131;21;NA;počet dílčích lokalit;nehodnocen;neznámý;2025-07-28;RP Moravskoslezské;NA;19269
Druh;CZ0814092;Poodří;Bombina bombina;1188;2022-05-09;2024-10-20;AOPK ČR - RP Moravskoslezské, Krajský úřad Moravskoslezského kraje;10;NA;NA;hodnocení dílčích parametrů;dobrý;zlepšující se;2025-07-28;RP Moravskoslezské;NA;19269
Druh;CZ0723416;Popovické rybníky;Bombina variegata;1193;2022-06-02;2024-05-02;Krajský úřad Zlínského kraje;27;100;50;% lokalit v dobrém stavu;dobrý;neznámý;2025-07-28;RP SCHKO Bílé Karpaty;NA;19269
Druh;CZ0723416;Popovické rybníky;Bombina variegata;1193;2022-06-02;2024-05-02;Krajský úřad Zlínského kraje;21;12;NA;adulti;nehodnocen;neznámý;2025-07-28;RP SCHKO Bílé Karpaty;NA;19269
Druh;CZ0723416;Popovické rybníky;Bombina variegata;1193;2022-06-02;2024-05-02;Krajský úřad Zlínského kraje;22;60;NA;adulti;nehodnocen;neznámý;2025-07-28;RP SCHKO Bílé Karpaty;NA;19269
Druh;CZ0723416;Popovické rybníky;Bombina variegata;1193;2022-06-02;2024-05-02;Krajský úřad Zlínského kraje;80;50;50;% lokalit v dobrém stavu;dobrý;neznámý;2025-07-28;RP SCHKO Bílé Karpaty;NA;19269
Druh;CZ0723416;Popovické rybníky;Bombina variegata;1193;2022-06-02;2024-05-02;Krajský úřad Zlínského kraje;30;0;50;% lokalit v dobrém stavu;špatný;neznámý;2025-07-28;RP SCHKO Bílé Karpaty;NA;19269
Druh;CZ0723416;Popovické rybníky;Bombina variegata;1193;2022-06-02;2024-05-02;Krajský úřad Zlínského kraje;31;100;50;% lokalit v dobrém stavu;dobrý;neznámý;2025-07-28;RP SCHKO Bílé Karpaty;NA;19269
Druh;CZ0723416;Popovické rybníky;Bombina variegata;1193;2022-06-02;2024-05-02;Krajský úřad Zlínského kraje;32;100;50;% lokalit v dobrém stavu;dobrý;neznámý;2025-07-28;RP SCHKO Bílé Karpaty;NA;19269
Druh;CZ0723416;Popovické rybníky;Bombina variegata;1193;2022-06-02;2024-05-02;Krajský úřad Zlínského kraje;34;100;50;% lokalit v dobrém stavu;dobrý;neznámý;2025-07-28;RP SCHKO Bílé Karpaty;NA;19269
Druh;CZ0723416;Popovické rybníky;Bombina variegata;1193;2022-06-02;2024-05-02;Krajský úřad Zlínského kraje;35;50;50;% lokalit v dobrém stavu;dobrý;neznámý;2025-07-28;RP SCHKO Bílé Karpaty;NA;19269
Druh;CZ0723416;Popovické rybníky;Bombina variegata;1193;2022-06-02;2024-05-02;Krajský úřad Zlínského kraje;37;100;50;% lokalit v dobrém stavu;dobrý;neznámý;2025-07-28;RP SCHKO Bílé Karpaty;NA;19269
Druh;CZ0723416;Popovické rybníky;Bombina variegata;1193;2022-06-02;2024-05-02;Krajský úřad Zlínského kraje;38;100;50;% lokalit v dobrém stavu;dobrý;neznámý;2025-07-28;RP SCHKO Bílé Karpaty;NA;19269
Druh;CZ0723416;Popovické rybníky;Bombina variegata;1193;2022-06-02;2024-05-02;Krajský úřad Zlínského kraje;130;50;NA;% lokalit v dobrém stavu;nehodnocen;neznámý;2025-07-28;RP SCHKO Bílé Karpaty;NA;19269
Druh;CZ0723416;Popovické rybníky;Bombina variegata;1193;2022-06-02;2024-05-02;Krajský úřad Zlínského kraje;131;2;NA;počet dílčích lokalit;nehodnocen;neznámý;2025-07-28;RP SCHKO Bílé Karpaty;NA;19269
Druh;CZ0723416;Popovické rybníky;Bombina variegata;1193;2022-06-02;2024-05-02;Krajský úřad Zlínského kraje;10;NA;NA;hodnocení dílčích parametrů;špatný;neznámý;2025-07-28;RP SCHKO Bílé Karpaty;NA;19269
Druh;CZ0623801;Přísnotický les;Bombina bombina;1188;2023-05-14;2023-05-14;Krajský úřad Jihomoravského kraje;27;100;50;% lokalit v dobrém stavu;dobrý;neznámý;2025-07-28;RP Jižní Morava;NA;19269
Druh;CZ0623801;Přísnotický les;Bombina bombina;1188;2023-05-14;2023-05-14;Krajský úřad Jihomoravského kraje;21;2;NA;volající samci;nehodnocen;neznámý;2025-07-28;RP Jižní Morava;NA;19269
Druh;CZ0623801;Přísnotický les;Bombina bombina;1188;2023-05-14;2023-05-14;Krajský úřad Jihomoravského kraje;22;20;NA;volající samci;nehodnocen;neznámý;2025-07-28;RP Jižní Morava;NA;19269
Druh;CZ0623801;Přísnotický les;Bombina bombina;1188;2023-05-14;2023-05-14;Krajský úřad Jihomoravského kraje;80;NA;50;% lokalit v dobrém stavu;neznámý;neznámý;2025-07-28;RP Jižní Morava;NA;19269
Druh;CZ0623801;Přísnotický les;Bombina bombina;1188;2023-05-14;2023-05-14;Krajský úřad Jihomoravského kraje;30;NA;50;% lokalit v dobrém stavu;neznámý;neznámý;2025-07-28;RP Jižní Morava;NA;19269
Druh;CZ0623801;Přísnotický les;Bombina bombina;1188;2023-05-14;2023-05-14;Krajský úřad Jihomoravského kraje;31;100;50;% lokalit v dobrém stavu;dobrý;neznámý;2025-07-28;RP Jižní Morava;NA;19269
Druh;CZ0623801;Přísnotický les;Bombina bombina;1188;2023-05-14;2023-05-14;Krajský úřad Jihomoravského kraje;32;100;50;% lokalit v dobrém stavu;dobrý;neznámý;2025-07-28;RP Jižní Morava;NA;19269
Druh;CZ0623801;Přísnotický les;Bombina bombina;1188;2023-05-14;2023-05-14;Krajský úřad Jihomoravského kraje;33;100;50;% lokalit v dobrém stavu;dobrý;neznámý;2025-07-28;RP Jižní Morava;NA;19269
Druh;CZ0623801;Přísnotický les;Bombina bombina;1188;2023-05-14;2023-05-14;Krajský úřad Jihomoravského kraje;34;100;50;% lokalit v dobrém stavu;dobrý;neznámý;2025-07-28;RP Jižní Morava;NA;19269
Druh;CZ0623801;Přísnotický les;Bombina bombina;1188;2023-05-14;2023-05-14;Krajský úřad Jihomoravského kraje;36;100;50;% lokalit v dobrém stavu;dobrý;neznámý;2025-07-28;RP Jižní Morava;NA;19269
Druh;CZ0623801;Přísnotický les;Bombina bombina;1188;2023-05-14;2023-05-14;Krajský úřad Jihomoravského kraje;37;100;50;% lokalit v dobrém stavu;dobrý;neznámý;2025-07-28;RP Jižní Morava;NA;19269
Druh;CZ0623801;Přísnotický les;Bombina bombina;1188;2023-05-14;2023-05-14;Krajský úřad Jihomoravského kraje;38;100;50;% lokalit v dobrém stavu;dobrý;neznámý;2025-07-28;RP Jižní Morava;NA;19269
Druh;CZ0623801;Přísnotický les;Bombina bombina;1188;2023-05-14;2023-05-14;Krajský úřad Jihomoravského kraje;130;100;NA;% lokalit v dobrém stavu;nehodnocen;neznámý;2025-07-28;RP Jižní Morava;NA;19269
Druh;CZ0623801;Přísnotický les;Bombina bombina;1188;2023-05-14;2023-05-14;Krajský úřad Jihomoravského kraje;131;2;NA;počet dílčích lokalit;nehodnocen;neznámý;2025-07-28;RP Jižní Morava;NA;19269
Druh;CZ0623801;Přísnotický les;Bombina bombina;1188;2023-05-14;2023-05-14;Krajský úřad Jihomoravského kraje;10;NA;NA;hodnocení dílčích parametrů;dobrý;neznámý;2025-07-28;RP Jižní Morava;NA;19269
Druh;CZ0623365;Rakšické louky;Triturus cristatus;1166;2022-05-03;2024-07-15;Krajský úřad Jihomoravského kraje;27;0;50;% lokalit v dobrém stavu;špatný;neznámý;2025-07-28;RP Jižní Morava;NA;19269
Druh;CZ0623365;Rakšické louky;Triturus cristatus;1166;2022-05-03;2024-07-15;Krajský úřad Jihomoravského kraje;21;0;NA;adulti;nehodnocen;neznámý;2025-07-28;RP Jižní Morava;NA;19269
Druh;CZ0623365;Rakšické louky;Triturus cristatus;1166;2022-05-03;2024-07-15;Krajský úřad Jihomoravského kraje;22;0;NA;adulti;nehodnocen;neznámý;2025-07-28;RP Jižní Morava;NA;19269
Druh;CZ0623365;Rakšické louky;Triturus cristatus;1166;2022-05-03;2024-07-15;Krajský úřad Jihomoravského kraje;80;NA;50;% lokalit v dobrém stavu;neznámý;neznámý;2025-07-28;RP Jižní Morava;NA;19269
Druh;CZ0623365;Rakšické louky;Triturus cristatus;1166;2022-05-03;2024-07-15;Krajský úřad Jihomoravského kraje;30;0;50;% lokalit v dobrém stavu;špatný;neznámý;2025-07-28;RP Jižní Morava;NA;19269
Druh;CZ0623365;Rakšické louky;Triturus cristatus;1166;2022-05-03;2024-07-15;Krajský úřad Jihomoravského kraje;31;100;50;% lokalit v dobrém stavu;dobrý;neznámý;2025-07-28;RP Jižní Morava;NA;19269
Druh;CZ0623365;Rakšické louky;Triturus cristatus;1166;2022-05-03;2024-07-15;Krajský úřad Jihomoravského kraje;32;100;50;% lokalit v dobrém stavu;dobrý;neznámý;2025-07-28;RP Jižní Morava;NA;19269
Druh;CZ0623365;Rakšické louky;Triturus cristatus;1166;2022-05-03;2024-07-15;Krajský úřad Jihomoravského kraje;33;100;50;% lokalit v dobrém stavu;dobrý;neznámý;2025-07-28;RP Jižní Morava;NA;19269
Druh;CZ0623365;Rakšické louky;Triturus cristatus;1166;2022-05-03;2024-07-15;Krajský úřad Jihomoravského kraje;34;100;50;% lokalit v dobrém stavu;dobrý;neznámý;2025-07-28;RP Jižní Morava;NA;19269
Druh;CZ0623365;Rakšické louky;Triturus cristatus;1166;2022-05-03;2024-07-15;Krajský úřad Jihomoravského kraje;35;42.86;50;% lokalit v dobrém stavu;špatný;neznámý;2025-07-28;RP Jižní Morava;NA;19269
Druh;CZ0623365;Rakšické louky;Triturus cristatus;1166;2022-05-03;2024-07-15;Krajský úřad Jihomoravského kraje;36;28.57;50;% lokalit v dobrém stavu;špatný;neznámý;2025-07-28;RP Jižní Morava;NA;19269
Druh;CZ0623365;Rakšické louky;Triturus cristatus;1166;2022-05-03;2024-07-15;Krajský úřad Jihomoravského kraje;38;100;50;% lokalit v dobrém stavu;dobrý;neznámý;2025-07-28;RP Jižní Morava;NA;19269
Druh;CZ0623365;Rakšické louky;Triturus cristatus;1166;2022-05-03;2024-07-15;Krajský úřad Jihomoravského kraje;130;0;NA;% lokalit v dobrém stavu;nehodnocen;neznámý;2025-07-28;RP Jižní Morava;NA;19269
Druh;CZ0623365;Rakšické louky;Triturus cristatus;1166;2022-05-03;2024-07-15;Krajský úřad Jihomoravského kraje;10;NA;NA;hodnocení dílčích parametrů;špatný;setrvalý;2025-07-28;RP Jižní Morava;NA;19269
Druh;CZ0623365;Rakšické louky;Triturus cristatus;1166;2022-05-03;2024-07-15;Krajský úřad Jihomoravského kraje;131;7;NA;počet dílčích lokalit;nehodnocen;neznámý;2025-07-28;RP Jižní Morava;NA;19269
Druh;CZ0623365;Rakšické louky;Bombina bombina;1188;2022-04-23;2024-07-15;Krajský úřad Jihomoravského kraje;27;42.86;50;% lokalit v dobrém stavu;špatný;neznámý;2025-07-28;RP Jižní Morava;NA;19269
Druh;CZ0623365;Rakšické louky;Bombina bombina;1188;2022-04-23;2024-07-15;Krajský úřad Jihomoravského kraje;21;1103;NA;volající samci;nehodnocen;neznámý;2025-07-28;RP Jižní Morava;NA;19269
Druh;CZ0623365;Rakšické louky;Bombina bombina;1188;2022-04-23;2024-07-15;Krajský úřad Jihomoravského kraje;22;10010;NA;volající samci;nehodnocen;neznámý;2025-07-28;RP Jižní Morava;NA;19269
Druh;CZ0623365;Rakšické louky;Bombina bombina;1188;2022-04-23;2024-07-15;Krajský úřad Jihomoravského kraje;80;50;50;% lokalit v dobrém stavu;dobrý;neznámý;2025-07-28;RP Jižní Morava;NA;19269
Druh;CZ0623365;Rakšické louky;Bombina bombina;1188;2022-04-23;2024-07-15;Krajský úřad Jihomoravského kraje;30;NA;50;% lokalit v dobrém stavu;neznámý;neznámý;2025-07-28;RP Jižní Morava;NA;19269
Druh;CZ0623365;Rakšické louky;Bombina bombina;1188;2022-04-23;2024-07-15;Krajský úřad Jihomoravského kraje;31;100;50;% lokalit v dobrém stavu;dobrý;neznámý;2025-07-28;RP Jižní Morava;NA;19269
Druh;CZ0623365;Rakšické louky;Bombina bombina;1188;2022-04-23;2024-07-15;Krajský úřad Jihomoravského kraje;32;100;50;% lokalit v dobrém stavu;dobrý;neznámý;2025-07-28;RP Jižní Morava;NA;19269
Druh;CZ0623365;Rakšické louky;Bombina bombina;1188;2022-04-23;2024-07-15;Krajský úřad Jihomoravského kraje;33;100;50;% lokalit v dobrém stavu;dobrý;neznámý;2025-07-28;RP Jižní Morava;NA;19269
Druh;CZ0623365;Rakšické louky;Bombina bombina;1188;2022-04-23;2024-07-15;Krajský úřad Jihomoravského kraje;34;100;50;% lokalit v dobrém stavu;dobrý;neznámý;2025-07-28;RP Jižní Morava;NA;19269
Druh;CZ0623365;Rakšické louky;Bombina bombina;1188;2022-04-23;2024-07-15;Krajský úřad Jihomoravského kraje;36;28.57;50;% lokalit v dobrém stavu;špatný;neznámý;2025-07-28;RP Jižní Morava;NA;19269
Druh;CZ0623365;Rakšické louky;Bombina bombina;1188;2022-04-23;2024-07-15;Krajský úřad Jihomoravského kraje;37;85.71;50;% lokalit v dobrém stavu;dobrý;neznámý;2025-07-28;RP Jižní Morava;NA;19269
Druh;CZ0623365;Rakšické louky;Bombina bombina;1188;2022-04-23;2024-07-15;Krajský úřad Jihomoravského kraje;38;100;50;% lokalit v dobrém stavu;dobrý;neznámý;2025-07-28;RP Jižní Morava;NA;19269
Druh;CZ0623365;Rakšické louky;Bombina bombina;1188;2022-04-23;2024-07-15;Krajský úřad Jihomoravského kraje;130;42.86;NA;% lokalit v dobrém stavu;nehodnocen;neznámý;2025-07-28;RP Jižní Morava;NA;19269
Druh;CZ0623365;Rakšické louky;Bombina bombina;1188;2022-04-23;2024-07-15;Krajský úřad Jihomoravského kraje;131;7;NA;počet dílčích lokalit;nehodnocen;neznámý;2025-07-28;RP Jižní Morava;NA;19269
Druh;CZ0623365;Rakšické louky;Bombina bombina;1188;2022-04-23;2024-07-15;Krajský úřad Jihomoravského kraje;10;NA;NA;hodnocení dílčích parametrů;špatný;setrvalý;2025-07-28;RP Jižní Morava;NA;19269
Druh;CZ0723423;Skalky;Bombina bombina;1188;2022-04-27;2024-08-22;Krajský úřad Zlínského kraje;27;44.44;50;% lokalit v dobrém stavu;špatný;neznámý;2025-07-28;RP SCHKO Bílé Karpaty;NA;19269
Druh;CZ0723423;Skalky;Bombina bombina;1188;2022-04-27;2024-08-22;Krajský úřad Zlínského kraje;21;24;NA;volající samci;nehodnocen;neznámý;2025-07-28;RP SCHKO Bílé Karpaty;NA;19269
Druh;CZ0723423;Skalky;Bombina bombina;1188;2022-04-27;2024-08-22;Krajský úřad Zlínského kraje;22;120;NA;volající samci;nehodnocen;neznámý;2025-07-28;RP SCHKO Bílé Karpaty;NA;19269
Druh;CZ0723423;Skalky;Bombina bombina;1188;2022-04-27;2024-08-22;Krajský úřad Zlínského kraje;80;16.67;50;% lokalit v dobrém stavu;špatný;neznámý;2025-07-28;RP SCHKO Bílé Karpaty;NA;19269
Druh;CZ0723423;Skalky;Bombina bombina;1188;2022-04-27;2024-08-22;Krajský úřad Zlínského kraje;30;NA;50;% lokalit v dobrém stavu;neznámý;neznámý;2025-07-28;RP SCHKO Bílé Karpaty;NA;19269
Druh;CZ0723423;Skalky;Bombina bombina;1188;2022-04-27;2024-08-22;Krajský úřad Zlínského kraje;31;100;50;% lokalit v dobrém stavu;dobrý;neznámý;2025-07-28;RP SCHKO Bílé Karpaty;NA;19269
Druh;CZ0723423;Skalky;Bombina bombina;1188;2022-04-27;2024-08-22;Krajský úřad Zlínského kraje;32;77.78;50;% lokalit v dobrém stavu;dobrý;neznámý;2025-07-28;RP SCHKO Bílé Karpaty;NA;19269
Druh;CZ0723423;Skalky;Bombina bombina;1188;2022-04-27;2024-08-22;Krajský úřad Zlínského kraje;33;100;50;% lokalit v dobrém stavu;dobrý;neznámý;2025-07-28;RP SCHKO Bílé Karpaty;NA;19269
Druh;CZ0723423;Skalky;Bombina bombina;1188;2022-04-27;2024-08-22;Krajský úřad Zlínského kraje;34;100;50;% lokalit v dobrém stavu;dobrý;neznámý;2025-07-28;RP SCHKO Bílé Karpaty;NA;19269
Druh;CZ0723423;Skalky;Bombina bombina;1188;2022-04-27;2024-08-22;Krajský úřad Zlínského kraje;36;22.22;50;% lokalit v dobrém stavu;špatný;neznámý;2025-07-28;RP SCHKO Bílé Karpaty;NA;19269
Druh;CZ0723423;Skalky;Bombina bombina;1188;2022-04-27;2024-08-22;Krajský úřad Zlínského kraje;37;88.89;50;% lokalit v dobrém stavu;dobrý;neznámý;2025-07-28;RP SCHKO Bílé Karpaty;NA;19269
Druh;CZ0723423;Skalky;Bombina bombina;1188;2022-04-27;2024-08-22;Krajský úřad Zlínského kraje;38;100;50;% lokalit v dobrém stavu;dobrý;neznámý;2025-07-28;RP SCHKO Bílé Karpaty;NA;19269
Druh;CZ0723423;Skalky;Bombina bombina;1188;2022-04-27;2024-08-22;Krajský úřad Zlínského kraje;130;5.56;NA;% lokalit v dobrém stavu;nehodnocen;neznámý;2025-07-28;RP SCHKO Bílé Karpaty;NA;19269
Druh;CZ0723423;Skalky;Bombina bombina;1188;2022-04-27;2024-08-22;Krajský úřad Zlínského kraje;131;9;NA;počet dílčích lokalit;nehodnocen;neznámý;2025-07-28;RP SCHKO Bílé Karpaty;NA;19269
Druh;CZ0723423;Skalky;Bombina bombina;1188;2022-04-27;2024-08-22;Krajský úřad Zlínského kraje;10;NA;NA;hodnocení dílčích parametrů;špatný;zhoršující se;2025-07-28;RP SCHKO Bílé Karpaty;NA;19269
Druh;CZ0624119;Soutok - Podluží;Triturus dobrogicus;1993;2022-04-26;2024-08-16;AOPK ČR - RP Jižní Morava, Krajský úřad Jihomoravského kraje;27;50;30;% lokalit v dobrém stavu;dobrý;neznámý;2025-07-28;RP Jižní Morava;NA;19269
Druh;CZ0624119;Soutok - Podluží;Triturus dobrogicus;1993;2022-04-26;2024-08-16;AOPK ČR - RP Jižní Morava, Krajský úřad Jihomoravského kraje;21;19;NA;adulti;nehodnocen;neznámý;2025-07-28;RP Jižní Morava;NA;19269
Druh;CZ0624119;Soutok - Podluží;Triturus dobrogicus;1993;2022-04-26;2024-08-16;AOPK ČR - RP Jižní Morava, Krajský úřad Jihomoravského kraje;22;130;NA;adulti;nehodnocen;neznámý;2025-07-28;RP Jižní Morava;NA;19269
Druh;CZ0624119;Soutok - Podluží;Triturus dobrogicus;1993;2022-04-26;2024-08-16;AOPK ČR - RP Jižní Morava, Krajský úřad Jihomoravského kraje;80;38.46;30;% lokalit v dobrém stavu;dobrý;neznámý;2025-07-28;RP Jižní Morava;NA;19269
Druh;CZ0624119;Soutok - Podluží;Triturus dobrogicus;1993;2022-04-26;2024-08-16;AOPK ČR - RP Jižní Morava, Krajský úřad Jihomoravského kraje;30;25;30;% lokalit v dobrém stavu;špatný;neznámý;2025-07-28;RP Jižní Morava;NA;19269
Druh;CZ0624119;Soutok - Podluží;Triturus dobrogicus;1993;2022-04-26;2024-08-16;AOPK ČR - RP Jižní Morava, Krajský úřad Jihomoravského kraje;31;100;30;% lokalit v dobrém stavu;dobrý;neznámý;2025-07-28;RP Jižní Morava;NA;19269
Druh;CZ0624119;Soutok - Podluží;Triturus dobrogicus;1993;2022-04-26;2024-08-16;AOPK ČR - RP Jižní Morava, Krajský úřad Jihomoravského kraje;32;100;30;% lokalit v dobrém stavu;dobrý;neznámý;2025-07-28;RP Jižní Morava;NA;19269
Druh;CZ0624119;Soutok - Podluží;Triturus dobrogicus;1993;2022-04-26;2024-08-16;AOPK ČR - RP Jižní Morava, Krajský úřad Jihomoravského kraje;33;65;30;% lokalit v dobrém stavu;dobrý;neznámý;2025-07-28;RP Jižní Morava;NA;19269
Druh;CZ0624119;Soutok - Podluží;Triturus dobrogicus;1993;2022-04-26;2024-08-16;AOPK ČR - RP Jižní Morava, Krajský úřad Jihomoravského kraje;34;100;30;% lokalit v dobrém stavu;dobrý;neznámý;2025-07-28;RP Jižní Morava;NA;19269
Druh;CZ0624119;Soutok - Podluží;Triturus dobrogicus;1993;2022-04-26;2024-08-16;AOPK ČR - RP Jižní Morava, Krajský úřad Jihomoravského kraje;35;80;30;% lokalit v dobrém stavu;dobrý;neznámý;2025-07-28;RP Jižní Morava;NA;19269
Druh;CZ0624119;Soutok - Podluží;Triturus dobrogicus;1993;2022-04-26;2024-08-16;AOPK ČR - RP Jižní Morava, Krajský úřad Jihomoravského kraje;36;100;30;% lokalit v dobrém stavu;dobrý;neznámý;2025-07-28;RP Jižní Morava;NA;19269
Druh;CZ0624119;Soutok - Podluží;Triturus dobrogicus;1993;2022-04-26;2024-08-16;AOPK ČR - RP Jižní Morava, Krajský úřad Jihomoravského kraje;38;100;30;% lokalit v dobrém stavu;dobrý;neznámý;2025-07-28;RP Jižní Morava;NA;19269
Druh;CZ0624119;Soutok - Podluží;Triturus dobrogicus;1993;2022-04-26;2024-08-16;AOPK ČR - RP Jižní Morava, Krajský úřad Jihomoravského kraje;130;27.5;NA;% lokalit v dobrém stavu;nehodnocen;neznámý;2025-07-28;RP Jižní Morava;NA;19269
Druh;CZ0624119;Soutok - Podluží;Triturus dobrogicus;1993;2022-04-26;2024-08-16;AOPK ČR - RP Jižní Morava, Krajský úřad Jihomoravského kraje;10;NA;NA;hodnocení dílčích parametrů;špatný;setrvalý;2025-07-28;RP Jižní Morava;NA;19269
Druh;CZ0624119;Soutok - Podluží;Triturus dobrogicus;1993;2022-04-26;2024-08-16;AOPK ČR - RP Jižní Morava, Krajský úřad Jihomoravského kraje;131;20;NA;počet dílčích lokalit;nehodnocen;neznámý;2025-07-28;RP Jižní Morava;NA;19269
Druh;CZ0624119;Soutok - Podluží;Bombina bombina;1188;2022-04-26;2024-08-16;AOPK ČR - RP Jižní Morava, Krajský úřad Jihomoravského kraje;27;47.62;30;% lokalit v dobrém stavu;dobrý;neznámý;2025-07-28;RP Jižní Morava;NA;19269
Druh;CZ0624119;Soutok - Podluží;Bombina bombina;1188;2022-04-26;2024-08-16;AOPK ČR - RP Jižní Morava, Krajský úřad Jihomoravského kraje;21;30;NA;volající samci;nehodnocen;neznámý;2025-07-28;RP Jižní Morava;NA;19269
Druh;CZ0624119;Soutok - Podluží;Bombina bombina;1188;2022-04-26;2024-08-16;AOPK ČR - RP Jižní Morava, Krajský úřad Jihomoravského kraje;22;180;NA;volající samci;nehodnocen;neznámý;2025-07-28;RP Jižní Morava;NA;19269
Druh;CZ0624119;Soutok - Podluží;Bombina bombina;1188;2022-04-26;2024-08-16;AOPK ČR - RP Jižní Morava, Krajský úřad Jihomoravského kraje;80;38.46;30;% lokalit v dobrém stavu;dobrý;neznámý;2025-07-28;RP Jižní Morava;NA;19269
Druh;CZ0624119;Soutok - Podluží;Bombina bombina;1188;2022-04-26;2024-08-16;AOPK ČR - RP Jižní Morava, Krajský úřad Jihomoravského kraje;30;NA;30;% lokalit v dobrém stavu;neznámý;neznámý;2025-07-28;RP Jižní Morava;NA;19269
Druh;CZ0624119;Soutok - Podluží;Bombina bombina;1188;2022-04-26;2024-08-16;AOPK ČR - RP Jižní Morava, Krajský úřad Jihomoravského kraje;31;100;30;% lokalit v dobrém stavu;dobrý;neznámý;2025-07-28;RP Jižní Morava;NA;19269
Druh;CZ0624119;Soutok - Podluží;Bombina bombina;1188;2022-04-26;2024-08-16;AOPK ČR - RP Jižní Morava, Krajský úřad Jihomoravského kraje;32;100;30;% lokalit v dobrém stavu;dobrý;neznámý;2025-07-28;RP Jižní Morava;NA;19269
Druh;CZ0624119;Soutok - Podluží;Bombina bombina;1188;2022-04-26;2024-08-16;AOPK ČR - RP Jižní Morava, Krajský úřad Jihomoravského kraje;33;80.95;30;% lokalit v dobrém stavu;dobrý;neznámý;2025-07-28;RP Jižní Morava;NA;19269
Druh;CZ0624119;Soutok - Podluží;Bombina bombina;1188;2022-04-26;2024-08-16;AOPK ČR - RP Jižní Morava, Krajský úřad Jihomoravského kraje;34;100;30;% lokalit v dobrém stavu;dobrý;neznámý;2025-07-28;RP Jižní Morava;NA;19269
Druh;CZ0624119;Soutok - Podluží;Bombina bombina;1188;2022-04-26;2024-08-16;AOPK ČR - RP Jižní Morava, Krajský úřad Jihomoravského kraje;36;100;30;% lokalit v dobrém stavu;dobrý;neznámý;2025-07-28;RP Jižní Morava;NA;19269
Druh;CZ0624119;Soutok - Podluží;Bombina bombina;1188;2022-04-26;2024-08-16;AOPK ČR - RP Jižní Morava, Krajský úřad Jihomoravského kraje;37;100;30;% lokalit v dobrém stavu;dobrý;neznámý;2025-07-28;RP Jižní Morava;NA;19269
Druh;CZ0624119;Soutok - Podluží;Bombina bombina;1188;2022-04-26;2024-08-16;AOPK ČR - RP Jižní Morava, Krajský úřad Jihomoravského kraje;38;100;30;% lokalit v dobrém stavu;dobrý;neznámý;2025-07-28;RP Jižní Morava;NA;19269
Druh;CZ0624119;Soutok - Podluží;Bombina bombina;1188;2022-04-26;2024-08-16;AOPK ČR - RP Jižní Morava, Krajský úřad Jihomoravského kraje;130;33.33;NA;% lokalit v dobrém stavu;nehodnocen;neznámý;2025-07-28;RP Jižní Morava;NA;19269
Druh;CZ0624119;Soutok - Podluží;Bombina bombina;1188;2022-04-26;2024-08-16;AOPK ČR - RP Jižní Morava, Krajský úřad Jihomoravského kraje;131;21;NA;počet dílčích lokalit;nehodnocen;neznámý;2025-07-28;RP Jižní Morava;NA;19269
Druh;CZ0624119;Soutok - Podluží;Bombina bombina;1188;2022-04-26;2024-08-16;AOPK ČR - RP Jižní Morava, Krajský úřad Jihomoravského kraje;10;NA;NA;hodnocení dílčích parametrů;dobrý;zlepšující se;2025-07-28;RP Jižní Morava;NA;19269
Druh;CZ0713827;Stará Červená Voda - lesní komplex;Bombina variegata;1193;2022-05-04;2024-06-17;Krajský úřad Olomouckého kraje;27;53.33;30;% lokalit v dobrém stavu;dobrý;neznámý;2025-07-28;RP Olomoucko;NA;19269
Druh;CZ0713827;Stará Červená Voda - lesní komplex;Bombina variegata;1193;2022-05-04;2024-06-17;Krajský úřad Olomouckého kraje;21;28;NA;adulti;nehodnocen;neznámý;2025-07-28;RP Olomoucko;NA;19269
Druh;CZ0713827;Stará Červená Voda - lesní komplex;Bombina variegata;1193;2022-05-04;2024-06-17;Krajský úřad Olomouckého kraje;22;160;NA;adulti;nehodnocen;neznámý;2025-07-28;RP Olomoucko;NA;19269
Druh;CZ0713827;Stará Červená Voda - lesní komplex;Bombina variegata;1193;2022-05-04;2024-06-17;Krajský úřad Olomouckého kraje;80;50;30;% lokalit v dobrém stavu;dobrý;neznámý;2025-07-28;RP Olomoucko;NA;19269
Druh;CZ0713827;Stará Červená Voda - lesní komplex;Bombina variegata;1193;2022-05-04;2024-06-17;Krajský úřad Olomouckého kraje;30;20;30;% lokalit v dobrém stavu;špatný;neznámý;2025-07-28;RP Olomoucko;NA;19269
Druh;CZ0713827;Stará Červená Voda - lesní komplex;Bombina variegata;1193;2022-05-04;2024-06-17;Krajský úřad Olomouckého kraje;31;100;30;% lokalit v dobrém stavu;dobrý;neznámý;2025-07-28;RP Olomoucko;NA;19269
Druh;CZ0713827;Stará Červená Voda - lesní komplex;Bombina variegata;1193;2022-05-04;2024-06-17;Krajský úřad Olomouckého kraje;32;100;30;% lokalit v dobrém stavu;dobrý;neznámý;2025-07-28;RP Olomoucko;NA;19269
Druh;CZ0713827;Stará Červená Voda - lesní komplex;Bombina variegata;1193;2022-05-04;2024-06-17;Krajský úřad Olomouckého kraje;34;93.33;30;% lokalit v dobrém stavu;dobrý;neznámý;2025-07-28;RP Olomoucko;NA;19269
Druh;CZ0713827;Stará Červená Voda - lesní komplex;Bombina variegata;1193;2022-05-04;2024-06-17;Krajský úřad Olomouckého kraje;35;60;30;% lokalit v dobrém stavu;dobrý;neznámý;2025-07-28;RP Olomoucko;NA;19269
Druh;CZ0713827;Stará Červená Voda - lesní komplex;Bombina variegata;1193;2022-05-04;2024-06-17;Krajský úřad Olomouckého kraje;37;100;30;% lokalit v dobrém stavu;dobrý;neznámý;2025-07-28;RP Olomoucko;NA;19269
Druh;CZ0713827;Stará Červená Voda - lesní komplex;Bombina variegata;1193;2022-05-04;2024-06-17;Krajský úřad Olomouckého kraje;38;100;30;% lokalit v dobrém stavu;dobrý;neznámý;2025-07-28;RP Olomoucko;NA;19269
Druh;CZ0713827;Stará Červená Voda - lesní komplex;Bombina variegata;1193;2022-05-04;2024-06-17;Krajský úřad Olomouckého kraje;130;46.67;NA;% lokalit v dobrém stavu;nehodnocen;neznámý;2025-07-28;RP Olomoucko;NA;19269
Druh;CZ0713827;Stará Červená Voda - lesní komplex;Bombina variegata;1193;2022-05-04;2024-06-17;Krajský úřad Olomouckého kraje;131;15;NA;počet dílčích lokalit;nehodnocen;neznámý;2025-07-28;RP Olomoucko;NA;19269
Druh;CZ0713827;Stará Červená Voda - lesní komplex;Bombina variegata;1193;2022-05-04;2024-06-17;Krajský úřad Olomouckého kraje;10;NA;NA;hodnocení dílčích parametrů;špatný;setrvalý;2025-07-28;RP Olomoucko;NA;19269
Druh;CZ0813469;Staré hliniště;Triturus cristatus;1166;2022-04-28;2024-07-04;Krajský úřad Moravskoslezského kraje;27;100;100;% lokalit v dobrém stavu;dobrý;neznámý;2025-07-28;RP Moravskoslezské;NA;19269
Druh;CZ0813469;Staré hliniště;Triturus cristatus;1166;2022-04-28;2024-07-04;Krajský úřad Moravskoslezského kraje;21;1;NA;adulti;nehodnocen;neznámý;2025-07-28;RP Moravskoslezské;NA;19269
Druh;CZ0813469;Staré hliniště;Triturus cristatus;1166;2022-04-28;2024-07-04;Krajský úřad Moravskoslezského kraje;22;10;NA;adulti;nehodnocen;neznámý;2025-07-28;RP Moravskoslezské;NA;19269
Druh;CZ0813469;Staré hliniště;Triturus cristatus;1166;2022-04-28;2024-07-04;Krajský úřad Moravskoslezského kraje;80;100;100;% lokalit v dobrém stavu;dobrý;neznámý;2025-07-28;RP Moravskoslezské;NA;19269
Druh;CZ0813469;Staré hliniště;Triturus cristatus;1166;2022-04-28;2024-07-04;Krajský úřad Moravskoslezského kraje;30;100;100;% lokalit v dobrém stavu;dobrý;neznámý;2025-07-28;RP Moravskoslezské;NA;19269
Druh;CZ0813469;Staré hliniště;Triturus cristatus;1166;2022-04-28;2024-07-04;Krajský úřad Moravskoslezského kraje;31;100;100;% lokalit v dobrém stavu;dobrý;neznámý;2025-07-28;RP Moravskoslezské;NA;19269
Druh;CZ0813469;Staré hliniště;Triturus cristatus;1166;2022-04-28;2024-07-04;Krajský úřad Moravskoslezského kraje;32;100;100;% lokalit v dobrém stavu;dobrý;neznámý;2025-07-28;RP Moravskoslezské;NA;19269
Druh;CZ0813469;Staré hliniště;Triturus cristatus;1166;2022-04-28;2024-07-04;Krajský úřad Moravskoslezského kraje;33;100;100;% lokalit v dobrém stavu;dobrý;neznámý;2025-07-28;RP Moravskoslezské;NA;19269
Druh;CZ0813469;Staré hliniště;Triturus cristatus;1166;2022-04-28;2024-07-04;Krajský úřad Moravskoslezského kraje;34;100;100;% lokalit v dobrém stavu;dobrý;neznámý;2025-07-28;RP Moravskoslezské;NA;19269
Druh;CZ0813469;Staré hliniště;Triturus cristatus;1166;2022-04-28;2024-07-04;Krajský úřad Moravskoslezského kraje;35;0;100;% lokalit v dobrém stavu;špatný;neznámý;2025-07-28;RP Moravskoslezské;NA;19269
Druh;CZ0813469;Staré hliniště;Triturus cristatus;1166;2022-04-28;2024-07-04;Krajský úřad Moravskoslezského kraje;36;100;100;% lokalit v dobrém stavu;dobrý;neznámý;2025-07-28;RP Moravskoslezské;NA;19269
Druh;CZ0813469;Staré hliniště;Triturus cristatus;1166;2022-04-28;2024-07-04;Krajský úřad Moravskoslezského kraje;38;100;100;% lokalit v dobrém stavu;dobrý;neznámý;2025-07-28;RP Moravskoslezské;NA;19269
Druh;CZ0813469;Staré hliniště;Triturus cristatus;1166;2022-04-28;2024-07-04;Krajský úřad Moravskoslezského kraje;130;100;NA;% lokalit v dobrém stavu;nehodnocen;neznámý;2025-07-28;RP Moravskoslezské;NA;19269
Druh;CZ0813469;Staré hliniště;Triturus cristatus;1166;2022-04-28;2024-07-04;Krajský úřad Moravskoslezského kraje;10;NA;NA;hodnocení dílčích parametrů;dobrý;zlepšující se;2025-07-28;RP Moravskoslezské;NA;19269
Druh;CZ0813469;Staré hliniště;Triturus cristatus;1166;2022-04-28;2024-07-04;Krajský úřad Moravskoslezského kraje;131;1;NA;počet dílčích lokalit;nehodnocen;neznámý;2025-07-28;RP Moravskoslezské;NA;19269
Druh;CZ0723424;Stonáč;Bombina bombina;1188;2022-04-27;2024-08-23;Krajský úřad Zlínského kraje;27;100;50;% lokalit v dobrém stavu;dobrý;neznámý;2025-07-28;RP SCHKO Bílé Karpaty;NA;19269
Druh;CZ0723424;Stonáč;Bombina bombina;1188;2022-04-27;2024-08-23;Krajský úřad Zlínského kraje;21;73;NA;volající samci;nehodnocen;neznámý;2025-07-28;RP SCHKO Bílé Karpaty;NA;19269
Druh;CZ0723424;Stonáč;Bombina bombina;1188;2022-04-27;2024-08-23;Krajský úřad Zlínského kraje;22;100;NA;volající samci;nehodnocen;neznámý;2025-07-28;RP SCHKO Bílé Karpaty;NA;19269
Druh;CZ0723424;Stonáč;Bombina bombina;1188;2022-04-27;2024-08-23;Krajský úřad Zlínského kraje;80;100;50;% lokalit v dobrém stavu;dobrý;neznámý;2025-07-28;RP SCHKO Bílé Karpaty;NA;19269
Druh;CZ0723424;Stonáč;Bombina bombina;1188;2022-04-27;2024-08-23;Krajský úřad Zlínského kraje;30;NA;50;% lokalit v dobrém stavu;neznámý;neznámý;2025-07-28;RP SCHKO Bílé Karpaty;NA;19269
Druh;CZ0723424;Stonáč;Bombina bombina;1188;2022-04-27;2024-08-23;Krajský úřad Zlínského kraje;31;100;50;% lokalit v dobrém stavu;dobrý;neznámý;2025-07-28;RP SCHKO Bílé Karpaty;NA;19269
Druh;CZ0723424;Stonáč;Bombina bombina;1188;2022-04-27;2024-08-23;Krajský úřad Zlínského kraje;32;100;50;% lokalit v dobrém stavu;dobrý;neznámý;2025-07-28;RP SCHKO Bílé Karpaty;NA;19269
Druh;CZ0723424;Stonáč;Bombina bombina;1188;2022-04-27;2024-08-23;Krajský úřad Zlínského kraje;33;100;50;% lokalit v dobrém stavu;dobrý;neznámý;2025-07-28;RP SCHKO Bílé Karpaty;NA;19269
Druh;CZ0723424;Stonáč;Bombina bombina;1188;2022-04-27;2024-08-23;Krajský úřad Zlínského kraje;34;100;50;% lokalit v dobrém stavu;dobrý;neznámý;2025-07-28;RP SCHKO Bílé Karpaty;NA;19269
Druh;CZ0723424;Stonáč;Bombina bombina;1188;2022-04-27;2024-08-23;Krajský úřad Zlínského kraje;36;66.67;50;% lokalit v dobrém stavu;dobrý;neznámý;2025-07-28;RP SCHKO Bílé Karpaty;NA;19269
Druh;CZ0723424;Stonáč;Bombina bombina;1188;2022-04-27;2024-08-23;Krajský úřad Zlínského kraje;37;100;50;% lokalit v dobrém stavu;dobrý;neznámý;2025-07-28;RP SCHKO Bílé Karpaty;NA;19269
Druh;CZ0723424;Stonáč;Bombina bombina;1188;2022-04-27;2024-08-23;Krajský úřad Zlínského kraje;38;100;50;% lokalit v dobrém stavu;dobrý;neznámý;2025-07-28;RP SCHKO Bílé Karpaty;NA;19269
Druh;CZ0723424;Stonáč;Bombina bombina;1188;2022-04-27;2024-08-23;Krajský úřad Zlínského kraje;130;100;NA;% lokalit v dobrém stavu;nehodnocen;neznámý;2025-07-28;RP SCHKO Bílé Karpaty;NA;19269
Druh;CZ0723424;Stonáč;Bombina bombina;1188;2022-04-27;2024-08-23;Krajský úřad Zlínského kraje;131;3;NA;počet dílčích lokalit;nehodnocen;neznámý;2025-07-28;RP SCHKO Bílé Karpaty;NA;19269
Druh;CZ0723424;Stonáč;Bombina bombina;1188;2022-04-27;2024-08-23;Krajský úřad Zlínského kraje;10;NA;NA;hodnocení dílčích parametrů;dobrý;setrvalý;2025-07-28;RP SCHKO Bílé Karpaty;NA;19269
Druh;CZ0623366;Střelická bažinka;Triturus cristatus;1166;2022-04-16;2024-07-01;Krajský úřad Jihomoravského kraje;27;66.67;50;% lokalit v dobrém stavu;dobrý;neznámý;2025-07-28;RP Jižní Morava;NA;19269
Druh;CZ0623366;Střelická bažinka;Triturus cristatus;1166;2022-04-16;2024-07-01;Krajský úřad Jihomoravského kraje;21;22;NA;adulti;nehodnocen;neznámý;2025-07-28;RP Jižní Morava;NA;19269
Druh;CZ0623366;Střelická bažinka;Triturus cristatus;1166;2022-04-16;2024-07-01;Krajský úřad Jihomoravského kraje;22;100;NA;adulti;nehodnocen;neznámý;2025-07-28;RP Jižní Morava;NA;19269
Druh;CZ0623366;Střelická bažinka;Triturus cristatus;1166;2022-04-16;2024-07-01;Krajský úřad Jihomoravského kraje;80;100;50;% lokalit v dobrém stavu;dobrý;neznámý;2025-07-28;RP Jižní Morava;NA;19269
Druh;CZ0623366;Střelická bažinka;Triturus cristatus;1166;2022-04-16;2024-07-01;Krajský úřad Jihomoravského kraje;30;66.67;50;% lokalit v dobrém stavu;dobrý;neznámý;2025-07-28;RP Jižní Morava;NA;19269
Druh;CZ0623366;Střelická bažinka;Triturus cristatus;1166;2022-04-16;2024-07-01;Krajský úřad Jihomoravského kraje;31;100;50;% lokalit v dobrém stavu;dobrý;neznámý;2025-07-28;RP Jižní Morava;NA;19269
Druh;CZ0623366;Střelická bažinka;Triturus cristatus;1166;2022-04-16;2024-07-01;Krajský úřad Jihomoravského kraje;32;100;50;% lokalit v dobrém stavu;dobrý;neznámý;2025-07-28;RP Jižní Morava;NA;19269
Druh;CZ0623366;Střelická bažinka;Triturus cristatus;1166;2022-04-16;2024-07-01;Krajský úřad Jihomoravského kraje;33;100;50;% lokalit v dobrém stavu;dobrý;neznámý;2025-07-28;RP Jižní Morava;NA;19269
Druh;CZ0623366;Střelická bažinka;Triturus cristatus;1166;2022-04-16;2024-07-01;Krajský úřad Jihomoravského kraje;34;100;50;% lokalit v dobrém stavu;dobrý;neznámý;2025-07-28;RP Jižní Morava;NA;19269
Druh;CZ0623366;Střelická bažinka;Triturus cristatus;1166;2022-04-16;2024-07-01;Krajský úřad Jihomoravského kraje;35;66.67;50;% lokalit v dobrém stavu;dobrý;neznámý;2025-07-28;RP Jižní Morava;NA;19269
Druh;CZ0623366;Střelická bažinka;Triturus cristatus;1166;2022-04-16;2024-07-01;Krajský úřad Jihomoravského kraje;36;33.33;50;% lokalit v dobrém stavu;špatný;neznámý;2025-07-28;RP Jižní Morava;NA;19269
Druh;CZ0623366;Střelická bažinka;Triturus cristatus;1166;2022-04-16;2024-07-01;Krajský úřad Jihomoravského kraje;38;33.33;50;% lokalit v dobrém stavu;špatný;neznámý;2025-07-28;RP Jižní Morava;NA;19269
Druh;CZ0623366;Střelická bažinka;Triturus cristatus;1166;2022-04-16;2024-07-01;Krajský úřad Jihomoravského kraje;130;33.33;NA;% lokalit v dobrém stavu;nehodnocen;neznámý;2025-07-28;RP Jižní Morava;NA;19269
Druh;CZ0623366;Střelická bažinka;Triturus cristatus;1166;2022-04-16;2024-07-01;Krajský úřad Jihomoravského kraje;10;NA;NA;hodnocení dílčích parametrů;zhoršený;zlepšující se;2025-07-28;RP Jižní Morava;NA;19269
Druh;CZ0623366;Střelická bažinka;Triturus cristatus;1166;2022-04-16;2024-07-01;Krajský úřad Jihomoravského kraje;131;3;NA;počet dílčích lokalit;nehodnocen;neznámý;2025-07-28;RP Jižní Morava;NA;19269
Druh;CZ0723426;Střížovice;Bombina bombina;1188;2022-04-30;2024-06-22;Krajský úřad Zlínského kraje;27;100;100;% lokalit v dobrém stavu;dobrý;neznámý;2025-07-28;RP SCHKO Bílé Karpaty;NA;19269
Druh;CZ0723426;Střížovice;Bombina bombina;1188;2022-04-30;2024-06-22;Krajský úřad Zlínského kraje;21;101;NA;volající samci;nehodnocen;neznámý;2025-07-28;RP SCHKO Bílé Karpaty;NA;19269
Druh;CZ0723426;Střížovice;Bombina bombina;1188;2022-04-30;2024-06-22;Krajský úřad Zlínského kraje;22;1000;NA;volající samci;nehodnocen;neznámý;2025-07-28;RP SCHKO Bílé Karpaty;NA;19269
Druh;CZ0723426;Střížovice;Bombina bombina;1188;2022-04-30;2024-06-22;Krajský úřad Zlínského kraje;80;100;100;% lokalit v dobrém stavu;dobrý;neznámý;2025-07-28;RP SCHKO Bílé Karpaty;NA;19269
Druh;CZ0723426;Střížovice;Bombina bombina;1188;2022-04-30;2024-06-22;Krajský úřad Zlínského kraje;30;NA;100;% lokalit v dobrém stavu;neznámý;neznámý;2025-07-28;RP SCHKO Bílé Karpaty;NA;19269
Druh;CZ0723426;Střížovice;Bombina bombina;1188;2022-04-30;2024-06-22;Krajský úřad Zlínského kraje;31;100;100;% lokalit v dobrém stavu;dobrý;neznámý;2025-07-28;RP SCHKO Bílé Karpaty;NA;19269
Druh;CZ0723426;Střížovice;Bombina bombina;1188;2022-04-30;2024-06-22;Krajský úřad Zlínského kraje;32;100;100;% lokalit v dobrém stavu;dobrý;neznámý;2025-07-28;RP SCHKO Bílé Karpaty;NA;19269
Druh;CZ0723426;Střížovice;Bombina bombina;1188;2022-04-30;2024-06-22;Krajský úřad Zlínského kraje;33;100;100;% lokalit v dobrém stavu;dobrý;neznámý;2025-07-28;RP SCHKO Bílé Karpaty;NA;19269
Druh;CZ0723426;Střížovice;Bombina bombina;1188;2022-04-30;2024-06-22;Krajský úřad Zlínského kraje;34;100;100;% lokalit v dobrém stavu;dobrý;neznámý;2025-07-28;RP SCHKO Bílé Karpaty;NA;19269
Druh;CZ0723426;Střížovice;Bombina bombina;1188;2022-04-30;2024-06-22;Krajský úřad Zlínského kraje;36;0;100;% lokalit v dobrém stavu;špatný;neznámý;2025-07-28;RP SCHKO Bílé Karpaty;NA;19269
Druh;CZ0723426;Střížovice;Bombina bombina;1188;2022-04-30;2024-06-22;Krajský úřad Zlínského kraje;37;100;100;% lokalit v dobrém stavu;dobrý;neznámý;2025-07-28;RP SCHKO Bílé Karpaty;NA;19269
Druh;CZ0723426;Střížovice;Bombina bombina;1188;2022-04-30;2024-06-22;Krajský úřad Zlínského kraje;38;100;100;% lokalit v dobrém stavu;dobrý;neznámý;2025-07-28;RP SCHKO Bílé Karpaty;NA;19269
Druh;CZ0723426;Střížovice;Bombina bombina;1188;2022-04-30;2024-06-22;Krajský úřad Zlínského kraje;130;100;NA;% lokalit v dobrém stavu;nehodnocen;neznámý;2025-07-28;RP SCHKO Bílé Karpaty;NA;19269
Druh;CZ0723426;Střížovice;Bombina bombina;1188;2022-04-30;2024-06-22;Krajský úřad Zlínského kraje;131;1;NA;počet dílčích lokalit;nehodnocen;neznámý;2025-07-28;RP SCHKO Bílé Karpaty;NA;19269
Druh;CZ0723426;Střížovice;Bombina bombina;1188;2022-04-30;2024-06-22;Krajský úřad Zlínského kraje;10;NA;NA;hodnocení dílčích parametrů;dobrý;setrvalý;2025-07-28;RP SCHKO Bílé Karpaty;NA;19269
Druh;CZ0813472;Suchá Rudná - zlatý lom;Triturus cristatus;1166;2022-05-11;2024-05-23;AOPK ČR - RP Olomoucko;27;100;50;% lokalit v dobrém stavu;dobrý;neznámý;2025-07-28;RP Olomoucko;NA;19269
Druh;CZ0813472;Suchá Rudná - zlatý lom;Triturus cristatus;1166;2022-05-11;2024-05-23;AOPK ČR - RP Olomoucko;21;12;NA;adulti;nehodnocen;neznámý;2025-07-28;RP Olomoucko;NA;19269
Druh;CZ0813472;Suchá Rudná - zlatý lom;Triturus cristatus;1166;2022-05-11;2024-05-23;AOPK ČR - RP Olomoucko;22;60;NA;adulti;nehodnocen;neznámý;2025-07-28;RP Olomoucko;NA;19269
Druh;CZ0813472;Suchá Rudná - zlatý lom;Triturus cristatus;1166;2022-05-11;2024-05-23;AOPK ČR - RP Olomoucko;80;100;50;% lokalit v dobrém stavu;dobrý;neznámý;2025-07-28;RP Olomoucko;NA;19269
Druh;CZ0813472;Suchá Rudná - zlatý lom;Triturus cristatus;1166;2022-05-11;2024-05-23;AOPK ČR - RP Olomoucko;30;0;50;% lokalit v dobrém stavu;špatný;neznámý;2025-07-28;RP Olomoucko;NA;19269
Druh;CZ0813472;Suchá Rudná - zlatý lom;Triturus cristatus;1166;2022-05-11;2024-05-23;AOPK ČR - RP Olomoucko;31;100;50;% lokalit v dobrém stavu;dobrý;neznámý;2025-07-28;RP Olomoucko;NA;19269
Druh;CZ0813472;Suchá Rudná - zlatý lom;Triturus cristatus;1166;2022-05-11;2024-05-23;AOPK ČR - RP Olomoucko;32;100;50;% lokalit v dobrém stavu;dobrý;neznámý;2025-07-28;RP Olomoucko;NA;19269
Druh;CZ0813472;Suchá Rudná - zlatý lom;Triturus cristatus;1166;2022-05-11;2024-05-23;AOPK ČR - RP Olomoucko;33;100;50;% lokalit v dobrém stavu;dobrý;neznámý;2025-07-28;RP Olomoucko;NA;19269
Druh;CZ0813472;Suchá Rudná - zlatý lom;Triturus cristatus;1166;2022-05-11;2024-05-23;AOPK ČR - RP Olomoucko;34;100;50;% lokalit v dobrém stavu;dobrý;neznámý;2025-07-28;RP Olomoucko;NA;19269
Druh;CZ0813472;Suchá Rudná - zlatý lom;Triturus cristatus;1166;2022-05-11;2024-05-23;AOPK ČR - RP Olomoucko;35;50;50;% lokalit v dobrém stavu;dobrý;neznámý;2025-07-28;RP Olomoucko;NA;19269
Druh;CZ0813472;Suchá Rudná - zlatý lom;Triturus cristatus;1166;2022-05-11;2024-05-23;AOPK ČR - RP Olomoucko;36;50;50;% lokalit v dobrém stavu;dobrý;neznámý;2025-07-28;RP Olomoucko;NA;19269
Druh;CZ0813472;Suchá Rudná - zlatý lom;Triturus cristatus;1166;2022-05-11;2024-05-23;AOPK ČR - RP Olomoucko;38;100;50;% lokalit v dobrém stavu;dobrý;neznámý;2025-07-28;RP Olomoucko;NA;19269
Druh;CZ0813472;Suchá Rudná - zlatý lom;Triturus cristatus;1166;2022-05-11;2024-05-23;AOPK ČR - RP Olomoucko;130;75;NA;% lokalit v dobrém stavu;nehodnocen;neznámý;2025-07-28;RP Olomoucko;NA;19269
Druh;CZ0813472;Suchá Rudná - zlatý lom;Triturus cristatus;1166;2022-05-11;2024-05-23;AOPK ČR - RP Olomoucko;10;NA;NA;hodnocení dílčích parametrů;špatný;neznámý;2025-07-28;RP Olomoucko;NA;19269
Druh;CZ0813472;Suchá Rudná - zlatý lom;Triturus cristatus;1166;2022-05-11;2024-05-23;AOPK ČR - RP Olomoucko;131;2;NA;počet dílčích lokalit;nehodnocen;neznámý;2025-07-28;RP Olomoucko;NA;19269
Druh;CZ0623027;Šumické rybníky;Bombina bombina;1188;2022-05-17;2024-07-20;Krajský úřad Jihomoravského kraje;27;0;50;% lokalit v dobrém stavu;špatný;neznámý;2025-07-28;RP Jižní Morava;NA;19269
Druh;CZ0623027;Šumické rybníky;Bombina bombina;1188;2022-05-17;2024-07-20;Krajský úřad Jihomoravského kraje;21;0;NA;volající samci;nehodnocen;neznámý;2025-07-28;RP Jižní Morava;NA;19269
Druh;CZ0623027;Šumické rybníky;Bombina bombina;1188;2022-05-17;2024-07-20;Krajský úřad Jihomoravského kraje;22;0;NA;volající samci;nehodnocen;neznámý;2025-07-28;RP Jižní Morava;NA;19269
Druh;CZ0623027;Šumické rybníky;Bombina bombina;1188;2022-05-17;2024-07-20;Krajský úřad Jihomoravského kraje;80;NA;50;% lokalit v dobrém stavu;neznámý;neznámý;2025-07-28;RP Jižní Morava;NA;19269
Druh;CZ0623027;Šumické rybníky;Bombina bombina;1188;2022-05-17;2024-07-20;Krajský úřad Jihomoravského kraje;30;NA;50;% lokalit v dobrém stavu;neznámý;neznámý;2025-07-28;RP Jižní Morava;NA;19269
Druh;CZ0623027;Šumické rybníky;Bombina bombina;1188;2022-05-17;2024-07-20;Krajský úřad Jihomoravského kraje;31;100;50;% lokalit v dobrém stavu;dobrý;neznámý;2025-07-28;RP Jižní Morava;NA;19269
Druh;CZ0623027;Šumické rybníky;Bombina bombina;1188;2022-05-17;2024-07-20;Krajský úřad Jihomoravského kraje;32;25;50;% lokalit v dobrém stavu;špatný;neznámý;2025-07-28;RP Jižní Morava;NA;19269
Druh;CZ0623027;Šumické rybníky;Bombina bombina;1188;2022-05-17;2024-07-20;Krajský úřad Jihomoravského kraje;33;100;50;% lokalit v dobrém stavu;dobrý;neznámý;2025-07-28;RP Jižní Morava;NA;19269
Druh;CZ0623027;Šumické rybníky;Bombina bombina;1188;2022-05-17;2024-07-20;Krajský úřad Jihomoravského kraje;34;100;50;% lokalit v dobrém stavu;dobrý;neznámý;2025-07-28;RP Jižní Morava;NA;19269
Druh;CZ0623027;Šumické rybníky;Bombina bombina;1188;2022-05-17;2024-07-20;Krajský úřad Jihomoravského kraje;36;100;50;% lokalit v dobrém stavu;dobrý;neznámý;2025-07-28;RP Jižní Morava;NA;19269
Druh;CZ0623027;Šumické rybníky;Bombina bombina;1188;2022-05-17;2024-07-20;Krajský úřad Jihomoravského kraje;37;100;50;% lokalit v dobrém stavu;dobrý;neznámý;2025-07-28;RP Jižní Morava;NA;19269
Druh;CZ0623027;Šumické rybníky;Bombina bombina;1188;2022-05-17;2024-07-20;Krajský úřad Jihomoravského kraje;38;100;50;% lokalit v dobrém stavu;dobrý;neznámý;2025-07-28;RP Jižní Morava;NA;19269
Druh;CZ0623027;Šumické rybníky;Bombina bombina;1188;2022-05-17;2024-07-20;Krajský úřad Jihomoravského kraje;130;0;NA;% lokalit v dobrém stavu;nehodnocen;neznámý;2025-07-28;RP Jižní Morava;NA;19269
Druh;CZ0623027;Šumické rybníky;Bombina bombina;1188;2022-05-17;2024-07-20;Krajský úřad Jihomoravského kraje;131;4;NA;počet dílčích lokalit;nehodnocen;neznámý;2025-07-28;RP Jižní Morava;NA;19269
Druh;CZ0623027;Šumické rybníky;Bombina bombina;1188;2022-05-17;2024-07-20;Krajský úřad Jihomoravského kraje;10;NA;NA;hodnocení dílčích parametrů;špatný;neznámý;2025-07-28;RP Jižní Morava;NA;19269
Druh;CZ0623011;Tasovický lom;Triturus carnifex;1167;2022-05-18;2024-08-01;Krajský úřad Jihomoravského kraje;27;0;100;% lokalit v dobrém stavu;špatný;neznámý;2025-07-28;RP Jižní Morava;NA;19269
Druh;CZ0623011;Tasovický lom;Triturus carnifex;1167;2022-05-18;2024-08-01;Krajský úřad Jihomoravského kraje;21;0;NA;adulti;nehodnocen;neznámý;2025-07-28;RP Jižní Morava;NA;19269
Druh;CZ0623011;Tasovický lom;Triturus carnifex;1167;2022-05-18;2024-08-01;Krajský úřad Jihomoravského kraje;22;0;NA;adulti;nehodnocen;neznámý;2025-07-28;RP Jižní Morava;NA;19269
Druh;CZ0623011;Tasovický lom;Triturus carnifex;1167;2022-05-18;2024-08-01;Krajský úřad Jihomoravského kraje;80;NA;100;% lokalit v dobrém stavu;neznámý;neznámý;2025-07-28;RP Jižní Morava;NA;19269
Druh;CZ0623011;Tasovický lom;Triturus carnifex;1167;2022-05-18;2024-08-01;Krajský úřad Jihomoravského kraje;30;0;100;% lokalit v dobrém stavu;špatný;neznámý;2025-07-28;RP Jižní Morava;NA;19269
Druh;CZ0623011;Tasovický lom;Triturus carnifex;1167;2022-05-18;2024-08-01;Krajský úřad Jihomoravského kraje;31;100;100;% lokalit v dobrém stavu;dobrý;neznámý;2025-07-28;RP Jižní Morava;NA;19269
Druh;CZ0623011;Tasovický lom;Triturus carnifex;1167;2022-05-18;2024-08-01;Krajský úřad Jihomoravského kraje;32;100;100;% lokalit v dobrém stavu;dobrý;neznámý;2025-07-28;RP Jižní Morava;NA;19269
Druh;CZ0623011;Tasovický lom;Triturus carnifex;1167;2022-05-18;2024-08-01;Krajský úřad Jihomoravského kraje;33;100;100;% lokalit v dobrém stavu;dobrý;neznámý;2025-07-28;RP Jižní Morava;NA;19269
Druh;CZ0623011;Tasovický lom;Triturus carnifex;1167;2022-05-18;2024-08-01;Krajský úřad Jihomoravského kraje;34;100;100;% lokalit v dobrém stavu;dobrý;neznámý;2025-07-28;RP Jižní Morava;NA;19269
Druh;CZ0623011;Tasovický lom;Triturus carnifex;1167;2022-05-18;2024-08-01;Krajský úřad Jihomoravského kraje;35;0;100;% lokalit v dobrém stavu;špatný;neznámý;2025-07-28;RP Jižní Morava;NA;19269
Druh;CZ0623011;Tasovický lom;Triturus carnifex;1167;2022-05-18;2024-08-01;Krajský úřad Jihomoravského kraje;36;100;100;% lokalit v dobrém stavu;dobrý;neznámý;2025-07-28;RP Jižní Morava;NA;19269
Druh;CZ0623011;Tasovický lom;Triturus carnifex;1167;2022-05-18;2024-08-01;Krajský úřad Jihomoravského kraje;38;100;100;% lokalit v dobrém stavu;dobrý;neznámý;2025-07-28;RP Jižní Morava;NA;19269
Druh;CZ0623011;Tasovický lom;Triturus carnifex;1167;2022-05-18;2024-08-01;Krajský úřad Jihomoravského kraje;130;0;NA;% lokalit v dobrém stavu;nehodnocen;neznámý;2025-07-28;RP Jižní Morava;NA;19269
Druh;CZ0623011;Tasovický lom;Triturus carnifex;1167;2022-05-18;2024-08-01;Krajský úřad Jihomoravského kraje;10;NA;NA;hodnocení dílčích parametrů;špatný;neznámý;2025-07-28;RP Jižní Morava;NA;19269
Druh;CZ0623011;Tasovický lom;Triturus carnifex;1167;2022-05-18;2024-08-01;Krajský úřad Jihomoravského kraje;131;1;NA;počet dílčích lokalit;nehodnocen;neznámý;2025-07-28;RP Jižní Morava;NA;19269
Druh;CZ0623046;Trávní dvůr;Bombina bombina;1188;2022-06-01;2024-08-18;Krajský úřad Jihomoravského kraje;27;88.89;50;% lokalit v dobrém stavu;dobrý;neznámý;2025-07-28;RP Jižní Morava;NA;19269
Druh;CZ0623046;Trávní dvůr;Bombina bombina;1188;2022-06-01;2024-08-18;Krajský úřad Jihomoravského kraje;21;287;NA;volající samci;nehodnocen;neznámý;2025-07-28;RP Jižní Morava;NA;19269
Druh;CZ0623046;Trávní dvůr;Bombina bombina;1188;2022-06-01;2024-08-18;Krajský úřad Jihomoravského kraje;22;2260;NA;volající samci;nehodnocen;neznámý;2025-07-28;RP Jižní Morava;NA;19269
Druh;CZ0623046;Trávní dvůr;Bombina bombina;1188;2022-06-01;2024-08-18;Krajský úřad Jihomoravského kraje;80;88.89;50;% lokalit v dobrém stavu;dobrý;neznámý;2025-07-28;RP Jižní Morava;NA;19269
Druh;CZ0623046;Trávní dvůr;Bombina bombina;1188;2022-06-01;2024-08-18;Krajský úřad Jihomoravského kraje;30;NA;50;% lokalit v dobrém stavu;neznámý;neznámý;2025-07-28;RP Jižní Morava;NA;19269
Druh;CZ0623046;Trávní dvůr;Bombina bombina;1188;2022-06-01;2024-08-18;Krajský úřad Jihomoravského kraje;31;100;50;% lokalit v dobrém stavu;dobrý;neznámý;2025-07-28;RP Jižní Morava;NA;19269
Druh;CZ0623046;Trávní dvůr;Bombina bombina;1188;2022-06-01;2024-08-18;Krajský úřad Jihomoravského kraje;32;100;50;% lokalit v dobrém stavu;dobrý;neznámý;2025-07-28;RP Jižní Morava;NA;19269
Druh;CZ0623046;Trávní dvůr;Bombina bombina;1188;2022-06-01;2024-08-18;Krajský úřad Jihomoravského kraje;33;100;50;% lokalit v dobrém stavu;dobrý;neznámý;2025-07-28;RP Jižní Morava;NA;19269
Druh;CZ0623046;Trávní dvůr;Bombina bombina;1188;2022-06-01;2024-08-18;Krajský úřad Jihomoravského kraje;34;77.78;50;% lokalit v dobrém stavu;dobrý;neznámý;2025-07-28;RP Jižní Morava;NA;19269
Druh;CZ0623046;Trávní dvůr;Bombina bombina;1188;2022-06-01;2024-08-18;Krajský úřad Jihomoravského kraje;36;44.44;50;% lokalit v dobrém stavu;špatný;neznámý;2025-07-28;RP Jižní Morava;NA;19269
Druh;CZ0623046;Trávní dvůr;Bombina bombina;1188;2022-06-01;2024-08-18;Krajský úřad Jihomoravského kraje;37;100;50;% lokalit v dobrém stavu;dobrý;neznámý;2025-07-28;RP Jižní Morava;NA;19269
Druh;CZ0623046;Trávní dvůr;Bombina bombina;1188;2022-06-01;2024-08-18;Krajský úřad Jihomoravského kraje;38;100;50;% lokalit v dobrém stavu;dobrý;neznámý;2025-07-28;RP Jižní Morava;NA;19269
Druh;CZ0623046;Trávní dvůr;Bombina bombina;1188;2022-06-01;2024-08-18;Krajský úřad Jihomoravského kraje;130;88.89;NA;% lokalit v dobrém stavu;nehodnocen;neznámý;2025-07-28;RP Jižní Morava;NA;19269
Druh;CZ0623046;Trávní dvůr;Bombina bombina;1188;2022-06-01;2024-08-18;Krajský úřad Jihomoravského kraje;131;9;NA;počet dílčích lokalit;nehodnocen;neznámý;2025-07-28;RP Jižní Morava;NA;19269
Druh;CZ0623046;Trávní dvůr;Bombina bombina;1188;2022-06-01;2024-08-18;Krajský úřad Jihomoravského kraje;10;NA;NA;hodnocení dílčích parametrů;dobrý;neznámý;2025-07-28;RP Jižní Morava;NA;19269
Druh;CZ0623367;U Huberta;Triturus cristatus;1166;2023-05-03;2024-08-22;Krajský úřad Jihomoravského kraje;27;100;100;% lokalit v dobrém stavu;dobrý;neznámý;2025-07-28;RP Jižní Morava;NA;19269
Druh;CZ0623367;U Huberta;Triturus cristatus;1166;2023-05-03;2024-08-22;Krajský úřad Jihomoravského kraje;21;1;NA;adulti;nehodnocen;neznámý;2025-07-28;RP Jižní Morava;NA;19269
Druh;CZ0623367;U Huberta;Triturus cristatus;1166;2023-05-03;2024-08-22;Krajský úřad Jihomoravského kraje;22;10;NA;adulti;nehodnocen;neznámý;2025-07-28;RP Jižní Morava;NA;19269
Druh;CZ0623367;U Huberta;Triturus cristatus;1166;2023-05-03;2024-08-22;Krajský úřad Jihomoravského kraje;80;100;100;% lokalit v dobrém stavu;dobrý;neznámý;2025-07-28;RP Jižní Morava;NA;19269
Druh;CZ0623367;U Huberta;Triturus cristatus;1166;2023-05-03;2024-08-22;Krajský úřad Jihomoravského kraje;30;100;100;% lokalit v dobrém stavu;dobrý;neznámý;2025-07-28;RP Jižní Morava;NA;19269
Druh;CZ0623367;U Huberta;Triturus cristatus;1166;2023-05-03;2024-08-22;Krajský úřad Jihomoravského kraje;31;100;100;% lokalit v dobrém stavu;dobrý;neznámý;2025-07-28;RP Jižní Morava;NA;19269
Druh;CZ0623367;U Huberta;Triturus cristatus;1166;2023-05-03;2024-08-22;Krajský úřad Jihomoravského kraje;32;0;100;% lokalit v dobrém stavu;špatný;neznámý;2025-07-28;RP Jižní Morava;NA;19269
Druh;CZ0623367;U Huberta;Triturus cristatus;1166;2023-05-03;2024-08-22;Krajský úřad Jihomoravského kraje;33;100;100;% lokalit v dobrém stavu;dobrý;neznámý;2025-07-28;RP Jižní Morava;NA;19269
Druh;CZ0623367;U Huberta;Triturus cristatus;1166;2023-05-03;2024-08-22;Krajský úřad Jihomoravského kraje;34;100;100;% lokalit v dobrém stavu;dobrý;neznámý;2025-07-28;RP Jižní Morava;NA;19269
Druh;CZ0623367;U Huberta;Triturus cristatus;1166;2023-05-03;2024-08-22;Krajský úřad Jihomoravského kraje;35;0;100;% lokalit v dobrém stavu;špatný;neznámý;2025-07-28;RP Jižní Morava;NA;19269
Druh;CZ0623367;U Huberta;Triturus cristatus;1166;2023-05-03;2024-08-22;Krajský úřad Jihomoravského kraje;36;0;100;% lokalit v dobrém stavu;špatný;neznámý;2025-07-28;RP Jižní Morava;NA;19269
Druh;CZ0623367;U Huberta;Triturus cristatus;1166;2023-05-03;2024-08-22;Krajský úřad Jihomoravského kraje;38;100;100;% lokalit v dobrém stavu;dobrý;neznámý;2025-07-28;RP Jižní Morava;NA;19269
Druh;CZ0623367;U Huberta;Triturus cristatus;1166;2023-05-03;2024-08-22;Krajský úřad Jihomoravského kraje;130;50;NA;% lokalit v dobrém stavu;nehodnocen;neznámý;2025-07-28;RP Jižní Morava;NA;19269
Druh;CZ0623367;U Huberta;Triturus cristatus;1166;2023-05-03;2024-08-22;Krajský úřad Jihomoravského kraje;10;NA;NA;hodnocení dílčích parametrů;zhoršený;neznámý;2025-07-28;RP Jižní Morava;NA;19269
Druh;CZ0623367;U Huberta;Triturus cristatus;1166;2023-05-03;2024-08-22;Krajský úřad Jihomoravského kraje;131;1;NA;počet dílčích lokalit;nehodnocen;neznámý;2025-07-28;RP Jižní Morava;NA;19269
Druh;CZ0723430;Údolí Bánovského potoka;Bombina variegata;1193;2023-05-19;2024-06-16;Krajský úřad Zlínského kraje;27;100;50;% lokalit v dobrém stavu;dobrý;neznámý;2025-07-28;RP SCHKO Bílé Karpaty;NA;19269
Druh;CZ0723430;Údolí Bánovského potoka;Bombina variegata;1193;2023-05-19;2024-06-16;Krajský úřad Zlínského kraje;21;2;NA;adulti;nehodnocen;neznámý;2025-07-28;RP SCHKO Bílé Karpaty;NA;19269
Druh;CZ0723430;Údolí Bánovského potoka;Bombina variegata;1193;2023-05-19;2024-06-16;Krajský úřad Zlínského kraje;22;20;NA;adulti;nehodnocen;neznámý;2025-07-28;RP SCHKO Bílé Karpaty;NA;19269
Druh;CZ0723430;Údolí Bánovského potoka;Bombina variegata;1193;2023-05-19;2024-06-16;Krajský úřad Zlínského kraje;80;100;50;% lokalit v dobrém stavu;dobrý;neznámý;2025-07-28;RP SCHKO Bílé Karpaty;NA;19269
Druh;CZ0723430;Údolí Bánovského potoka;Bombina variegata;1193;2023-05-19;2024-06-16;Krajský úřad Zlínského kraje;30;0;50;% lokalit v dobrém stavu;špatný;neznámý;2025-07-28;RP SCHKO Bílé Karpaty;NA;19269
Druh;CZ0723430;Údolí Bánovského potoka;Bombina variegata;1193;2023-05-19;2024-06-16;Krajský úřad Zlínského kraje;31;100;50;% lokalit v dobrém stavu;dobrý;neznámý;2025-07-28;RP SCHKO Bílé Karpaty;NA;19269
Druh;CZ0723430;Údolí Bánovského potoka;Bombina variegata;1193;2023-05-19;2024-06-16;Krajský úřad Zlínského kraje;32;100;50;% lokalit v dobrém stavu;dobrý;neznámý;2025-07-28;RP SCHKO Bílé Karpaty;NA;19269
Druh;CZ0723430;Údolí Bánovského potoka;Bombina variegata;1193;2023-05-19;2024-06-16;Krajský úřad Zlínského kraje;34;100;50;% lokalit v dobrém stavu;dobrý;neznámý;2025-07-28;RP SCHKO Bílé Karpaty;NA;19269
Druh;CZ0723430;Údolí Bánovského potoka;Bombina variegata;1193;2023-05-19;2024-06-16;Krajský úřad Zlínského kraje;35;50;50;% lokalit v dobrém stavu;dobrý;neznámý;2025-07-28;RP SCHKO Bílé Karpaty;NA;19269
Druh;CZ0723430;Údolí Bánovského potoka;Bombina variegata;1193;2023-05-19;2024-06-16;Krajský úřad Zlínského kraje;37;100;50;% lokalit v dobrém stavu;dobrý;neznámý;2025-07-28;RP SCHKO Bílé Karpaty;NA;19269
Druh;CZ0723430;Údolí Bánovského potoka;Bombina variegata;1193;2023-05-19;2024-06-16;Krajský úřad Zlínského kraje;38;100;50;% lokalit v dobrém stavu;dobrý;neznámý;2025-07-28;RP SCHKO Bílé Karpaty;NA;19269
Druh;CZ0723430;Údolí Bánovského potoka;Bombina variegata;1193;2023-05-19;2024-06-16;Krajský úřad Zlínského kraje;130;100;NA;% lokalit v dobrém stavu;nehodnocen;neznámý;2025-07-28;RP SCHKO Bílé Karpaty;NA;19269
Druh;CZ0723430;Údolí Bánovského potoka;Bombina variegata;1193;2023-05-19;2024-06-16;Krajský úřad Zlínského kraje;131;2;NA;počet dílčích lokalit;nehodnocen;neznámý;2025-07-28;RP SCHKO Bílé Karpaty;NA;19269
Druh;CZ0723430;Údolí Bánovského potoka;Bombina variegata;1193;2023-05-19;2024-06-16;Krajský úřad Zlínského kraje;10;NA;NA;hodnocení dílčích parametrů;špatný;neznámý;2025-07-28;RP SCHKO Bílé Karpaty;NA;19269
Druh;CZ0623793;Úvalský rybník;Bombina bombina;1188;2022-04-23;2024-06-23;Krajský úřad Jihomoravského kraje;27;75;50;% lokalit v dobrém stavu;dobrý;neznámý;2025-07-28;RP Jižní Morava;NA;19269
Druh;CZ0623793;Úvalský rybník;Bombina bombina;1188;2022-04-23;2024-06-23;Krajský úřad Jihomoravského kraje;21;13;NA;volající samci;nehodnocen;neznámý;2025-07-28;RP Jižní Morava;NA;19269
Druh;CZ0623793;Úvalský rybník;Bombina bombina;1188;2022-04-23;2024-06-23;Krajský úřad Jihomoravského kraje;22;70;NA;volající samci;nehodnocen;neznámý;2025-07-28;RP Jižní Morava;NA;19269
Druh;CZ0623793;Úvalský rybník;Bombina bombina;1188;2022-04-23;2024-06-23;Krajský úřad Jihomoravského kraje;80;66.67;50;% lokalit v dobrém stavu;dobrý;neznámý;2025-07-28;RP Jižní Morava;NA;19269
Druh;CZ0623793;Úvalský rybník;Bombina bombina;1188;2022-04-23;2024-06-23;Krajský úřad Jihomoravského kraje;30;NA;50;% lokalit v dobrém stavu;neznámý;neznámý;2025-07-28;RP Jižní Morava;NA;19269
Druh;CZ0623793;Úvalský rybník;Bombina bombina;1188;2022-04-23;2024-06-23;Krajský úřad Jihomoravského kraje;31;100;50;% lokalit v dobrém stavu;dobrý;neznámý;2025-07-28;RP Jižní Morava;NA;19269
Druh;CZ0623793;Úvalský rybník;Bombina bombina;1188;2022-04-23;2024-06-23;Krajský úřad Jihomoravského kraje;32;100;50;% lokalit v dobrém stavu;dobrý;neznámý;2025-07-28;RP Jižní Morava;NA;19269
Druh;CZ0623793;Úvalský rybník;Bombina bombina;1188;2022-04-23;2024-06-23;Krajský úřad Jihomoravského kraje;33;100;50;% lokalit v dobrém stavu;dobrý;neznámý;2025-07-28;RP Jižní Morava;NA;19269
Druh;CZ0623793;Úvalský rybník;Bombina bombina;1188;2022-04-23;2024-06-23;Krajský úřad Jihomoravského kraje;34;100;50;% lokalit v dobrém stavu;dobrý;neznámý;2025-07-28;RP Jižní Morava;NA;19269
Druh;CZ0623793;Úvalský rybník;Bombina bombina;1188;2022-04-23;2024-06-23;Krajský úřad Jihomoravského kraje;36;100;50;% lokalit v dobrém stavu;dobrý;neznámý;2025-07-28;RP Jižní Morava;NA;19269
Druh;CZ0623793;Úvalský rybník;Bombina bombina;1188;2022-04-23;2024-06-23;Krajský úřad Jihomoravského kraje;37;100;50;% lokalit v dobrém stavu;dobrý;neznámý;2025-07-28;RP Jižní Morava;NA;19269
Druh;CZ0623793;Úvalský rybník;Bombina bombina;1188;2022-04-23;2024-06-23;Krajský úřad Jihomoravského kraje;38;100;50;% lokalit v dobrém stavu;dobrý;neznámý;2025-07-28;RP Jižní Morava;NA;19269
Druh;CZ0623793;Úvalský rybník;Bombina bombina;1188;2022-04-23;2024-06-23;Krajský úřad Jihomoravského kraje;130;50;NA;% lokalit v dobrém stavu;nehodnocen;neznámý;2025-07-28;RP Jižní Morava;NA;19269
Druh;CZ0623793;Úvalský rybník;Bombina bombina;1188;2022-04-23;2024-06-23;Krajský úřad Jihomoravského kraje;131;4;NA;počet dílčích lokalit;nehodnocen;neznámý;2025-07-28;RP Jižní Morava;NA;19269
Druh;CZ0623793;Úvalský rybník;Bombina bombina;1188;2022-04-23;2024-06-23;Krajský úřad Jihomoravského kraje;10;NA;NA;hodnocení dílčích parametrů;dobrý;setrvalý;2025-07-28;RP Jižní Morava;NA;19269
Druh;CZ0813475;Václavovice - pískovna;Triturus cristatus;1166;2022-05-15;2024-08-25;Krajský úřad Moravskoslezského kraje;27;100;100;% lokalit v dobrém stavu;dobrý;neznámý;2025-07-28;RP Moravskoslezské;NA;19269
Druh;CZ0813475;Václavovice - pískovna;Triturus cristatus;1166;2022-05-15;2024-08-25;Krajský úřad Moravskoslezského kraje;21;11;NA;adulti;nehodnocen;neznámý;2025-07-28;RP Moravskoslezské;NA;19269
Druh;CZ0813475;Václavovice - pískovna;Triturus cristatus;1166;2022-05-15;2024-08-25;Krajský úřad Moravskoslezského kraje;22;50;NA;adulti;nehodnocen;neznámý;2025-07-28;RP Moravskoslezské;NA;19269
Druh;CZ0813475;Václavovice - pískovna;Triturus cristatus;1166;2022-05-15;2024-08-25;Krajský úřad Moravskoslezského kraje;80;100;100;% lokalit v dobrém stavu;dobrý;neznámý;2025-07-28;RP Moravskoslezské;NA;19269
Druh;CZ0813475;Václavovice - pískovna;Triturus cristatus;1166;2022-05-15;2024-08-25;Krajský úřad Moravskoslezského kraje;30;100;100;% lokalit v dobrém stavu;dobrý;neznámý;2025-07-28;RP Moravskoslezské;NA;19269
Druh;CZ0813475;Václavovice - pískovna;Triturus cristatus;1166;2022-05-15;2024-08-25;Krajský úřad Moravskoslezského kraje;31;100;100;% lokalit v dobrém stavu;dobrý;neznámý;2025-07-28;RP Moravskoslezské;NA;19269
Druh;CZ0813475;Václavovice - pískovna;Triturus cristatus;1166;2022-05-15;2024-08-25;Krajský úřad Moravskoslezského kraje;32;100;100;% lokalit v dobrém stavu;dobrý;neznámý;2025-07-28;RP Moravskoslezské;NA;19269
Druh;CZ0813475;Václavovice - pískovna;Triturus cristatus;1166;2022-05-15;2024-08-25;Krajský úřad Moravskoslezského kraje;33;100;100;% lokalit v dobrém stavu;dobrý;neznámý;2025-07-28;RP Moravskoslezské;NA;19269
Druh;CZ0813475;Václavovice - pískovna;Triturus cristatus;1166;2022-05-15;2024-08-25;Krajský úřad Moravskoslezského kraje;34;100;100;% lokalit v dobrém stavu;dobrý;neznámý;2025-07-28;RP Moravskoslezské;NA;19269
Druh;CZ0813475;Václavovice - pískovna;Triturus cristatus;1166;2022-05-15;2024-08-25;Krajský úřad Moravskoslezského kraje;35;100;100;% lokalit v dobrém stavu;dobrý;neznámý;2025-07-28;RP Moravskoslezské;NA;19269
Druh;CZ0813475;Václavovice - pískovna;Triturus cristatus;1166;2022-05-15;2024-08-25;Krajský úřad Moravskoslezského kraje;36;0;100;% lokalit v dobrém stavu;špatný;neznámý;2025-07-28;RP Moravskoslezské;NA;19269
Druh;CZ0813475;Václavovice - pískovna;Triturus cristatus;1166;2022-05-15;2024-08-25;Krajský úřad Moravskoslezského kraje;38;100;100;% lokalit v dobrém stavu;dobrý;neznámý;2025-07-28;RP Moravskoslezské;NA;19269
Druh;CZ0813475;Václavovice - pískovna;Triturus cristatus;1166;2022-05-15;2024-08-25;Krajský úřad Moravskoslezského kraje;130;100;NA;% lokalit v dobrém stavu;nehodnocen;neznámý;2025-07-28;RP Moravskoslezské;NA;19269
Druh;CZ0813475;Václavovice - pískovna;Triturus cristatus;1166;2022-05-15;2024-08-25;Krajský úřad Moravskoslezského kraje;10;NA;NA;hodnocení dílčích parametrů;dobrý;zlepšující se;2025-07-28;RP Moravskoslezské;NA;19269
Druh;CZ0813475;Václavovice - pískovna;Triturus cristatus;1166;2022-05-15;2024-08-25;Krajský úřad Moravskoslezského kraje;131;1;NA;počet dílčích lokalit;nehodnocen;neznámý;2025-07-28;RP Moravskoslezské;NA;19269
Druh;CZ0623349;Velický hliník;Bombina variegata;1193;2022-04-24;2024-07-20;Krajský úřad Jihomoravského kraje;27;0;100;% lokalit v dobrém stavu;špatný;neznámý;2025-07-28;RP SCHKO Bílé Karpaty;NA;19269
Druh;CZ0623349;Velický hliník;Bombina variegata;1193;2022-04-24;2024-07-20;Krajský úřad Jihomoravského kraje;21;0;NA;adulti;nehodnocen;neznámý;2025-07-28;RP SCHKO Bílé Karpaty;NA;19269
Druh;CZ0623349;Velický hliník;Bombina variegata;1193;2022-04-24;2024-07-20;Krajský úřad Jihomoravského kraje;22;0;NA;adulti;nehodnocen;neznámý;2025-07-28;RP SCHKO Bílé Karpaty;NA;19269
Druh;CZ0623349;Velický hliník;Bombina variegata;1193;2022-04-24;2024-07-20;Krajský úřad Jihomoravského kraje;80;NA;100;% lokalit v dobrém stavu;neznámý;neznámý;2025-07-28;RP SCHKO Bílé Karpaty;NA;19269
Druh;CZ0623349;Velický hliník;Bombina variegata;1193;2022-04-24;2024-07-20;Krajský úřad Jihomoravského kraje;30;0;100;% lokalit v dobrém stavu;špatný;neznámý;2025-07-28;RP SCHKO Bílé Karpaty;NA;19269
Druh;CZ0623349;Velický hliník;Bombina variegata;1193;2022-04-24;2024-07-20;Krajský úřad Jihomoravského kraje;31;100;100;% lokalit v dobrém stavu;dobrý;neznámý;2025-07-28;RP SCHKO Bílé Karpaty;NA;19269
Druh;CZ0623349;Velický hliník;Bombina variegata;1193;2022-04-24;2024-07-20;Krajský úřad Jihomoravského kraje;32;100;100;% lokalit v dobrém stavu;dobrý;neznámý;2025-07-28;RP SCHKO Bílé Karpaty;NA;19269
Druh;CZ0623349;Velický hliník;Bombina variegata;1193;2022-04-24;2024-07-20;Krajský úřad Jihomoravského kraje;34;100;100;% lokalit v dobrém stavu;dobrý;neznámý;2025-07-28;RP SCHKO Bílé Karpaty;NA;19269
Druh;CZ0623349;Velický hliník;Bombina variegata;1193;2022-04-24;2024-07-20;Krajský úřad Jihomoravského kraje;35;0;100;% lokalit v dobrém stavu;špatný;neznámý;2025-07-28;RP SCHKO Bílé Karpaty;NA;19269
Druh;CZ0623349;Velický hliník;Bombina variegata;1193;2022-04-24;2024-07-20;Krajský úřad Jihomoravského kraje;37;100;100;% lokalit v dobrém stavu;dobrý;neznámý;2025-07-28;RP SCHKO Bílé Karpaty;NA;19269
Druh;CZ0623349;Velický hliník;Bombina variegata;1193;2022-04-24;2024-07-20;Krajský úřad Jihomoravského kraje;38;100;100;% lokalit v dobrém stavu;dobrý;neznámý;2025-07-28;RP SCHKO Bílé Karpaty;NA;19269
Druh;CZ0623349;Velický hliník;Bombina variegata;1193;2022-04-24;2024-07-20;Krajský úřad Jihomoravského kraje;130;0;NA;% lokalit v dobrém stavu;nehodnocen;neznámý;2025-07-28;RP SCHKO Bílé Karpaty;NA;19269
Druh;CZ0623349;Velický hliník;Bombina variegata;1193;2022-04-24;2024-07-20;Krajský úřad Jihomoravského kraje;131;1;NA;počet dílčích lokalit;nehodnocen;neznámý;2025-07-28;RP SCHKO Bílé Karpaty;NA;19269
Druh;CZ0623349;Velický hliník;Bombina variegata;1193;2022-04-24;2024-07-20;Krajský úřad Jihomoravského kraje;10;NA;NA;hodnocení dílčích parametrů;špatný;neznámý;2025-07-28;RP SCHKO Bílé Karpaty;NA;19269
Druh;CZ0623030;Vrbovecký rybník;Bombina bombina;1188;2022-05-04;2024-06-26;Krajský úřad Jihomoravského kraje;27;100;100;% lokalit v dobrém stavu;dobrý;neznámý;2025-07-28;RP Jižní Morava;NA;19269
Druh;CZ0623030;Vrbovecký rybník;Bombina bombina;1188;2022-05-04;2024-06-26;Krajský úřad Jihomoravského kraje;21;101;NA;volající samci;nehodnocen;neznámý;2025-07-28;RP Jižní Morava;NA;19269
Druh;CZ0623030;Vrbovecký rybník;Bombina bombina;1188;2022-05-04;2024-06-26;Krajský úřad Jihomoravského kraje;22;1000;NA;volající samci;nehodnocen;neznámý;2025-07-28;RP Jižní Morava;NA;19269
Druh;CZ0623030;Vrbovecký rybník;Bombina bombina;1188;2022-05-04;2024-06-26;Krajský úřad Jihomoravského kraje;80;100;100;% lokalit v dobrém stavu;dobrý;neznámý;2025-07-28;RP Jižní Morava;NA;19269
Druh;CZ0623030;Vrbovecký rybník;Bombina bombina;1188;2022-05-04;2024-06-26;Krajský úřad Jihomoravského kraje;30;NA;100;% lokalit v dobrém stavu;neznámý;neznámý;2025-07-28;RP Jižní Morava;NA;19269
Druh;CZ0623030;Vrbovecký rybník;Bombina bombina;1188;2022-05-04;2024-06-26;Krajský úřad Jihomoravského kraje;31;100;100;% lokalit v dobrém stavu;dobrý;neznámý;2025-07-28;RP Jižní Morava;NA;19269
Druh;CZ0623030;Vrbovecký rybník;Bombina bombina;1188;2022-05-04;2024-06-26;Krajský úřad Jihomoravského kraje;32;100;100;% lokalit v dobrém stavu;dobrý;neznámý;2025-07-28;RP Jižní Morava;NA;19269
Druh;CZ0623030;Vrbovecký rybník;Bombina bombina;1188;2022-05-04;2024-06-26;Krajský úřad Jihomoravského kraje;33;100;100;% lokalit v dobrém stavu;dobrý;neznámý;2025-07-28;RP Jižní Morava;NA;19269
Druh;CZ0623030;Vrbovecký rybník;Bombina bombina;1188;2022-05-04;2024-06-26;Krajský úřad Jihomoravského kraje;34;100;100;% lokalit v dobrém stavu;dobrý;neznámý;2025-07-28;RP Jižní Morava;NA;19269
Druh;CZ0623030;Vrbovecký rybník;Bombina bombina;1188;2022-05-04;2024-06-26;Krajský úřad Jihomoravského kraje;36;100;100;% lokalit v dobrém stavu;dobrý;neznámý;2025-07-28;RP Jižní Morava;NA;19269
Druh;CZ0623030;Vrbovecký rybník;Bombina bombina;1188;2022-05-04;2024-06-26;Krajský úřad Jihomoravského kraje;37;100;100;% lokalit v dobrém stavu;dobrý;neznámý;2025-07-28;RP Jižní Morava;NA;19269
Druh;CZ0623030;Vrbovecký rybník;Bombina bombina;1188;2022-05-04;2024-06-26;Krajský úřad Jihomoravského kraje;38;100;100;% lokalit v dobrém stavu;dobrý;neznámý;2025-07-28;RP Jižní Morava;NA;19269
Druh;CZ0623030;Vrbovecký rybník;Bombina bombina;1188;2022-05-04;2024-06-26;Krajský úřad Jihomoravského kraje;130;100;NA;% lokalit v dobrém stavu;nehodnocen;neznámý;2025-07-28;RP Jižní Morava;NA;19269
Druh;CZ0623030;Vrbovecký rybník;Bombina bombina;1188;2022-05-04;2024-06-26;Krajský úřad Jihomoravského kraje;131;1;NA;počet dílčích lokalit;nehodnocen;neznámý;2025-07-28;RP Jižní Morava;NA;19269
Druh;CZ0623030;Vrbovecký rybník;Bombina bombina;1188;2022-05-04;2024-06-26;Krajský úřad Jihomoravského kraje;10;NA;NA;hodnocení dílčích parametrů;dobrý;setrvalý;2025-07-28;RP Jižní Morava;NA;19269
Druh;CZ0623031;Vypálenky;Triturus dobrogicus;1993;2022-04-15;2024-07-17;Krajský úřad Jihomoravského kraje;27;33.33;30;% lokalit v dobrém stavu;dobrý;neznámý;2025-07-28;RP SCHKO Bílé Karpaty;NA;19269
Druh;CZ0623031;Vypálenky;Triturus dobrogicus;1993;2022-04-15;2024-07-17;Krajský úřad Jihomoravského kraje;21;2;NA;adulti;nehodnocen;neznámý;2025-07-28;RP SCHKO Bílé Karpaty;NA;19269
Druh;CZ0623031;Vypálenky;Triturus dobrogicus;1993;2022-04-15;2024-07-17;Krajský úřad Jihomoravského kraje;22;20;NA;adulti;nehodnocen;neznámý;2025-07-28;RP SCHKO Bílé Karpaty;NA;19269
Druh;CZ0623031;Vypálenky;Triturus dobrogicus;1993;2022-04-15;2024-07-17;Krajský úřad Jihomoravského kraje;80;NA;30;% lokalit v dobrém stavu;neznámý;neznámý;2025-07-28;RP SCHKO Bílé Karpaty;NA;19269
Druh;CZ0623031;Vypálenky;Triturus dobrogicus;1993;2022-04-15;2024-07-17;Krajský úřad Jihomoravského kraje;30;0;30;% lokalit v dobrém stavu;špatný;neznámý;2025-07-28;RP SCHKO Bílé Karpaty;NA;19269
Druh;CZ0623031;Vypálenky;Triturus dobrogicus;1993;2022-04-15;2024-07-17;Krajský úřad Jihomoravského kraje;31;100;30;% lokalit v dobrém stavu;dobrý;neznámý;2025-07-28;RP SCHKO Bílé Karpaty;NA;19269
Druh;CZ0623031;Vypálenky;Triturus dobrogicus;1993;2022-04-15;2024-07-17;Krajský úřad Jihomoravského kraje;32;96.67;30;% lokalit v dobrém stavu;dobrý;neznámý;2025-07-28;RP SCHKO Bílé Karpaty;NA;19269
Druh;CZ0623031;Vypálenky;Triturus dobrogicus;1993;2022-04-15;2024-07-17;Krajský úřad Jihomoravského kraje;33;100;30;% lokalit v dobrém stavu;dobrý;neznámý;2025-07-28;RP SCHKO Bílé Karpaty;NA;19269
Druh;CZ0623031;Vypálenky;Triturus dobrogicus;1993;2022-04-15;2024-07-17;Krajský úřad Jihomoravského kraje;34;63.33;30;% lokalit v dobrém stavu;dobrý;neznámý;2025-07-28;RP SCHKO Bílé Karpaty;NA;19269
Druh;CZ0623031;Vypálenky;Triturus dobrogicus;1993;2022-04-15;2024-07-17;Krajský úřad Jihomoravského kraje;35;86.67;30;% lokalit v dobrém stavu;dobrý;neznámý;2025-07-28;RP SCHKO Bílé Karpaty;NA;19269
Druh;CZ0623031;Vypálenky;Triturus dobrogicus;1993;2022-04-15;2024-07-17;Krajský úřad Jihomoravského kraje;36;76.67;30;% lokalit v dobrém stavu;dobrý;neznámý;2025-07-28;RP SCHKO Bílé Karpaty;NA;19269
Druh;CZ0623031;Vypálenky;Triturus dobrogicus;1993;2022-04-15;2024-07-17;Krajský úřad Jihomoravského kraje;38;100;30;% lokalit v dobrém stavu;dobrý;neznámý;2025-07-28;RP SCHKO Bílé Karpaty;NA;19269
Druh;CZ0623031;Vypálenky;Triturus dobrogicus;1993;2022-04-15;2024-07-17;Krajský úřad Jihomoravského kraje;130;30;NA;% lokalit v dobrém stavu;nehodnocen;neznámý;2025-07-28;RP SCHKO Bílé Karpaty;NA;19269
Druh;CZ0623031;Vypálenky;Triturus dobrogicus;1993;2022-04-15;2024-07-17;Krajský úřad Jihomoravského kraje;10;NA;NA;hodnocení dílčích parametrů;špatný;neznámý;2025-07-28;RP SCHKO Bílé Karpaty;NA;19269
Druh;CZ0623031;Vypálenky;Triturus dobrogicus;1993;2022-04-15;2024-07-17;Krajský úřad Jihomoravského kraje;131;30;NA;počet dílčích lokalit;nehodnocen;neznámý;2025-07-28;RP SCHKO Bílé Karpaty;NA;19269
Druh;CZ0623031;Vypálenky;Bombina bombina;1188;2022-05-22;2024-04-06;Krajský úřad Jihomoravského kraje;27;82.61;30;% lokalit v dobrém stavu;dobrý;neznámý;2025-07-28;RP SCHKO Bílé Karpaty;NA;19269
Druh;CZ0623031;Vypálenky;Bombina bombina;1188;2022-05-22;2024-04-06;Krajský úřad Jihomoravského kraje;21;347;NA;volající samci;nehodnocen;neznámý;2025-07-28;RP SCHKO Bílé Karpaty;NA;19269
Druh;CZ0623031;Vypálenky;Bombina bombina;1188;2022-05-22;2024-04-06;Krajský úřad Jihomoravského kraje;22;940;NA;volající samci;nehodnocen;neznámý;2025-07-28;RP SCHKO Bílé Karpaty;NA;19269
Druh;CZ0623031;Vypálenky;Bombina bombina;1188;2022-05-22;2024-04-06;Krajský úřad Jihomoravského kraje;80;NA;30;% lokalit v dobrém stavu;neznámý;neznámý;2025-07-28;RP SCHKO Bílé Karpaty;NA;19269
Druh;CZ0623031;Vypálenky;Bombina bombina;1188;2022-05-22;2024-04-06;Krajský úřad Jihomoravského kraje;30;NA;30;% lokalit v dobrém stavu;neznámý;neznámý;2025-07-28;RP SCHKO Bílé Karpaty;NA;19269
Druh;CZ0623031;Vypálenky;Bombina bombina;1188;2022-05-22;2024-04-06;Krajský úřad Jihomoravského kraje;31;100;30;% lokalit v dobrém stavu;dobrý;neznámý;2025-07-28;RP SCHKO Bílé Karpaty;NA;19269
Druh;CZ0623031;Vypálenky;Bombina bombina;1188;2022-05-22;2024-04-06;Krajský úřad Jihomoravského kraje;32;91.3;30;% lokalit v dobrém stavu;dobrý;neznámý;2025-07-28;RP SCHKO Bílé Karpaty;NA;19269
Druh;CZ0623031;Vypálenky;Bombina bombina;1188;2022-05-22;2024-04-06;Krajský úřad Jihomoravského kraje;33;100;30;% lokalit v dobrém stavu;dobrý;neznámý;2025-07-28;RP SCHKO Bílé Karpaty;NA;19269
Druh;CZ0623031;Vypálenky;Bombina bombina;1188;2022-05-22;2024-04-06;Krajský úřad Jihomoravského kraje;34;82.61;30;% lokalit v dobrém stavu;dobrý;neznámý;2025-07-28;RP SCHKO Bílé Karpaty;NA;19269
Druh;CZ0623031;Vypálenky;Bombina bombina;1188;2022-05-22;2024-04-06;Krajský úřad Jihomoravského kraje;36;69.57;30;% lokalit v dobrém stavu;dobrý;neznámý;2025-07-28;RP SCHKO Bílé Karpaty;NA;19269
Druh;CZ0623031;Vypálenky;Bombina bombina;1188;2022-05-22;2024-04-06;Krajský úřad Jihomoravského kraje;37;100;30;% lokalit v dobrém stavu;dobrý;neznámý;2025-07-28;RP SCHKO Bílé Karpaty;NA;19269
Druh;CZ0623031;Vypálenky;Bombina bombina;1188;2022-05-22;2024-04-06;Krajský úřad Jihomoravského kraje;38;100;30;% lokalit v dobrém stavu;dobrý;neznámý;2025-07-28;RP SCHKO Bílé Karpaty;NA;19269
Druh;CZ0623031;Vypálenky;Bombina bombina;1188;2022-05-22;2024-04-06;Krajský úřad Jihomoravského kraje;130;80.43;NA;% lokalit v dobrém stavu;nehodnocen;neznámý;2025-07-28;RP SCHKO Bílé Karpaty;NA;19269
Druh;CZ0623031;Vypálenky;Bombina bombina;1188;2022-05-22;2024-04-06;Krajský úřad Jihomoravského kraje;131;23;NA;počet dílčích lokalit;nehodnocen;neznámý;2025-07-28;RP SCHKO Bílé Karpaty;NA;19269
Druh;CZ0623031;Vypálenky;Bombina bombina;1188;2022-05-22;2024-04-06;Krajský úřad Jihomoravského kraje;10;NA;NA;hodnocení dílčích parametrů;dobrý;neznámý;2025-07-28;RP SCHKO Bílé Karpaty;NA;19269
Druh;CZ0713398;Zlaté Hory - Zlaté jezero;Bombina variegata;1193;2022-04-30;2024-07-31;Krajský úřad Olomouckého kraje;27;40;50;% lokalit v dobrém stavu;špatný;neznámý;2025-07-28;RP Olomoucko;NA;19269
Druh;CZ0713398;Zlaté Hory - Zlaté jezero;Bombina variegata;1193;2022-04-30;2024-07-31;Krajský úřad Olomouckého kraje;21;12;NA;adulti;nehodnocen;neznámý;2025-07-28;RP Olomoucko;NA;19269
Druh;CZ0713398;Zlaté Hory - Zlaté jezero;Bombina variegata;1193;2022-04-30;2024-07-31;Krajský úřad Olomouckého kraje;22;60;NA;adulti;nehodnocen;neznámý;2025-07-28;RP Olomoucko;NA;19269
Druh;CZ0713398;Zlaté Hory - Zlaté jezero;Bombina variegata;1193;2022-04-30;2024-07-31;Krajský úřad Olomouckého kraje;80;0;50;% lokalit v dobrém stavu;špatný;neznámý;2025-07-28;RP Olomoucko;NA;19269
Druh;CZ0713398;Zlaté Hory - Zlaté jezero;Bombina variegata;1193;2022-04-30;2024-07-31;Krajský úřad Olomouckého kraje;30;20;50;% lokalit v dobrém stavu;špatný;neznámý;2025-07-28;RP Olomoucko;NA;19269
Druh;CZ0713398;Zlaté Hory - Zlaté jezero;Bombina variegata;1193;2022-04-30;2024-07-31;Krajský úřad Olomouckého kraje;31;100;50;% lokalit v dobrém stavu;dobrý;neznámý;2025-07-28;RP Olomoucko;NA;19269
Druh;CZ0713398;Zlaté Hory - Zlaté jezero;Bombina variegata;1193;2022-04-30;2024-07-31;Krajský úřad Olomouckého kraje;32;60;50;% lokalit v dobrém stavu;dobrý;neznámý;2025-07-28;RP Olomoucko;NA;19269
Druh;CZ0713398;Zlaté Hory - Zlaté jezero;Bombina variegata;1193;2022-04-30;2024-07-31;Krajský úřad Olomouckého kraje;34;100;50;% lokalit v dobrém stavu;dobrý;neznámý;2025-07-28;RP Olomoucko;NA;19269
Druh;CZ0713398;Zlaté Hory - Zlaté jezero;Bombina variegata;1193;2022-04-30;2024-07-31;Krajský úřad Olomouckého kraje;35;20;50;% lokalit v dobrém stavu;špatný;neznámý;2025-07-28;RP Olomoucko;NA;19269
Druh;CZ0713398;Zlaté Hory - Zlaté jezero;Bombina variegata;1193;2022-04-30;2024-07-31;Krajský úřad Olomouckého kraje;37;100;50;% lokalit v dobrém stavu;dobrý;neznámý;2025-07-28;RP Olomoucko;NA;19269
Druh;CZ0713398;Zlaté Hory - Zlaté jezero;Bombina variegata;1193;2022-04-30;2024-07-31;Krajský úřad Olomouckého kraje;38;100;50;% lokalit v dobrém stavu;dobrý;neznámý;2025-07-28;RP Olomoucko;NA;19269
Druh;CZ0713398;Zlaté Hory - Zlaté jezero;Bombina variegata;1193;2022-04-30;2024-07-31;Krajský úřad Olomouckého kraje;130;20;NA;% lokalit v dobrém stavu;nehodnocen;neznámý;2025-07-28;RP Olomoucko;NA;19269
Druh;CZ0713398;Zlaté Hory - Zlaté jezero;Bombina variegata;1193;2022-04-30;2024-07-31;Krajský úřad Olomouckého kraje;131;5;NA;počet dílčích lokalit;nehodnocen;neznámý;2025-07-28;RP Olomoucko;NA;19269
Druh;CZ0713398;Zlaté Hory - Zlaté jezero;Bombina variegata;1193;2022-04-30;2024-07-31;Krajský úřad Olomouckého kraje;10;NA;NA;hodnocení dílčích parametrů;špatný;zhoršující se;2025-07-28;RP Olomoucko;NA;19269
