.target_id;SITECODE;HABITAT_CODE;REGION_ID;PAIR;DATUM_OLD;DATUM_NEW;PAIR_PRIORITY
4;CZ0520519;9110;CZ0474;VMB1_VMB2;2003-07-22;2018-11-24;2
4;CZ0520519;9110;CZ3190;VMB1_VMB2;2005-10-03;2018-08-30;2
5;CZ0520519;9410;CZ0474;VMB1_VMB2;2005-10-03;2018-11-24;2
6;CZ0520519;91D0;CZ0474;VMB1_VMB2;2003-07-23;2018-11-24;2
10;CZ0214005;9170;CZ0181;VMB2_VMB0;2007-11-30;2024-05-14;1
10;CZ0214005;9170;CZ2545;VMB1_VMB2;2002-05-14;2019-07-10;2
11;CZ0214005;9180;CZ0181;VMB2_VMB0;2007-10-28;2024-04-05;1
12;CZ0214005;91E0;CZ0181;VMB2_VMB0;2007-11-30;2024-05-14;1
12;CZ0214005;91E0;CZ2545;VMB1_VMB2;2002-05-14;2019-07-10;2
15;CZ0534051;91E0;CZ0762;VMB2_VMB0;2008-07-17;2022-07-15;1
16;CZ0610175;9110;CZ0664;VMB1_VMB2;2002-06-03;2011-09-06;2
19;CZ0720013;91I0;CZ1077;VMB1_VMB2;2001-06-18;2012-06-06;2
19;CZ0720013;91I0;CZ1092;VMB1_VMB2;2001-06-18;2013-06-27;2
22;CZ0520028;9180;CZ0875;VMB1_VMB2;2001-08-11;2015-08-18;2
29;CZ0410404;9410;CZ3000;VMB1_VMB2;2002-09-20;2014-04-17;2
30;CZ0714082;9170;CZ0629;VMB2_VMB0;2008-08-05;2022-05-17;1
30;CZ0714082;9170;CZ0641;VMB1_VMB2;2001-07-08;2008-06-07;2
31;CZ0714082;91F0;CZ0629;VMB2_VMB0;2008-08-06;2022-05-17;1
31;CZ0714082;91F0;CZ0641;VMB2_VMB0;2008-06-06;2023-05-27;1
31;CZ0714082;91F0;CZ1667;VMB1_VMB2;2001-07-23;2012-09-01;2
31;CZ0714082;91F0;CZ1687;VMB1_VMB2;2004-08-12;2010-09-10;2
44;CZ0724089;9110;CZ0103;VMB1_VMB2;2003-11-19;2018-09-26;2
44;CZ0724089;9110;CZ0104;VMB1_VMB2;2004-07-25;2015-05-13;2
44;CZ0724089;9110;CZ0268;VMB1_VMB2;2003-10-28;2011-07-16;2
44;CZ0724089;9110;CZ0269;VMB2_VMB0;2007-08-28;2022-09-10;1
44;CZ0724089;9110;CZ0270;VMB2_VMB0;2007-10-18;2024-10-03;1
44;CZ0724089;9110;CZ0271;VMB1_VMB2;2003-09-21;2011-08-06;2
44;CZ0724089;9110;CZ0272;VMB1_VMB2;2005-10-20;2012-06-24;2
44;CZ0724089;9110;CZ0273;VMB1_VMB2;2005-10-20;2017-08-31;2
44;CZ0724089;9110;CZ0274;VMB2_VMB0;2010-07-01;2024-07-06;1
44;CZ0724089;9110;CZ0275;VMB1_VMB2;2001-10-23;2019-08-21;2
44;CZ0724089;9110;CZ0276;VMB2_VMB0;2010-09-30;2024-09-02;1
44;CZ0724089;9110;CZ0620;VMB1_VMB2;2003-10-17;2013-10-25;2
44;CZ0724089;9110;CZ0621;VMB2_VMB0;2008-08-26;2022-09-07;1
44;CZ0724089;9110;CZ0634;VMB2_VMB0;2017-05-17;2023-10-15;1
44;CZ0724089;9110;CZ1284;VMB1_VMB2;2003-10-26;2015-09-18;2
44;CZ0724089;9110;CZ1288;VMB1_VMB2;2003-07-28;2015-09-23;2
44;CZ0724089;9110;CZ1338;VMB1_VMB2;2003-06-15;2015-10-01;2
44;CZ0724089;9110;CZ1345;VMB1_VMB2;2002-05-16;2018-08-27;2
44;CZ0724089;9110;CZ1374;VMB1_VMB2;2001-10-29;2019-08-29;2
44;CZ0724089;9110;CZ1386;VMB1_VMB2;2001-10-04;2011-09-15;2
44;CZ0724089;9110;CZ1392;VMB1_VMB2;2002-07-28;2010-10-02;2
44;CZ0724089;9110;CZ1404;VMB1_VMB2;2001-06-28;2012-07-20;2
44;CZ0724089;9110;CZ1414;VMB1_VMB2;2004-07-25;2013-08-22;2
44;CZ0724089;9110;CZ1431;VMB1_VMB2;2001-10-22;2018-08-29;2
44;CZ0724089;9110;CZ1445;VMB1_VMB2;2003-06-20;2012-08-30;2
44;CZ0724089;9110;CZ1470;VMB1_VMB2;2003-10-06;2017-10-08;2
44;CZ0724089;9110;CZ1475;VMB1_VMB2;2002-10-01;2015-07-30;2
44;CZ0724089;9110;CZ1477;VMB1_VMB2;2003-07-05;2013-07-18;2
44;CZ0724089;9110;CZ1478;VMB1_VMB2;2003-10-02;2014-11-12;2
44;CZ0724089;9110;CZ1481;VMB1_VMB2;2003-09-20;2010-10-02;2
44;CZ0724089;9110;CZ1490;VMB1_VMB2;2003-06-20;2012-08-19;2
44;CZ0724089;9110;CZ1498;VMB1_VMB2;2002-08-27;2016-08-31;2
44;CZ0724089;9110;CZ1504;VMB2_VMB0;2017-09-18;2023-08-12;1
44;CZ0724089;9110;CZ1515;VMB1_VMB2;2002-10-25;2013-06-23;2
44;CZ0724089;9110;CZ1517;VMB1_VMB2;2003-07-05;2018-09-02;2
44;CZ0724089;9110;CZ1540;VMB1_VMB2;2003-09-21;2010-07-15;2
44;CZ0724089;9110;CZ1552;VMB1_VMB2;2002-09-19;2017-09-11;2
44;CZ0724089;9110;CZ1553;VMB1_VMB2;2003-11-06;2018-09-07;2
44;CZ0724089;9110;CZ1559;VMB1_VMB2;2002-10-23;2010-10-28;2
44;CZ0724089;9110;CZ1577;VMB1_VMB2;2003-08-27;2013-08-07;2
44;CZ0724089;9110;CZ1610;VMB1_VMB2;2003-08-28;2019-10-25;2
44;CZ0724089;9110;CZ1612;VMB1_VMB2;2003-09-20;2016-09-29;2
44;CZ0724089;9110;CZ1614;VMB1_VMB2;2003-09-14;2012-09-12;2
44;CZ0724089;9110;CZ1616;VMB1_VMB2;2003-09-19;2014-08-01;2
44;CZ0724089;9110;CZ1619;VMB1_VMB2;2004-09-14;2016-10-04;2
44;CZ0724089;9110;CZ1621;VMB1_VMB2;2003-10-31;2009-09-19;2
44;CZ0724089;9110;CZ1625;VMB1_VMB2;2003-10-31;2018-07-30;2
44;CZ0724089;9110;CZ1633;VMB1_VMB2;2004-09-14;2012-08-22;2
44;CZ0724089;9110;CZ1640;VMB1_VMB2;2003-11-06;2017-08-25;2
44;CZ0724089;9110;CZ1654;VMB1_VMB2;2003-07-26;2012-09-03;2
44;CZ0724089;9110;CZ1656;VMB1_VMB2;2005-07-20;2017-08-05;2
44;CZ0724089;9110;CZ1662;VMB1_VMB2;2003-11-18;2017-08-21;2
44;CZ0724089;9110;CZ1663;VMB1_VMB2;2003-11-18;2020-08-27;2
44;CZ0724089;9110;CZ1671;VMB1_VMB2;2004-09-27;2012-09-09;2
44;CZ0724089;9110;CZ1692;VMB1_VMB2;2003-11-19;2018-09-19;2
44;CZ0724089;9110;CZ1706;VMB1_VMB2;2004-09-14;2018-09-15;2
44;CZ0724089;9110;CZ1713;VMB1_VMB2;2003-08-06;2018-09-02;2
44;CZ0724089;9110;CZ1714;VMB1_VMB2;2003-11-19;2017-09-07;2
44;CZ0724089;9110;CZ1715;VMB1_VMB2;2003-11-19;2012-09-19;2
45;CZ0724089;9130;CZ0103;VMB1_VMB2;2001-08-28;2018-09-13;2
45;CZ0724089;9130;CZ0104;VMB1_VMB2;2002-10-03;2015-05-13;2
45;CZ0724089;9130;CZ0268;VMB1_VMB2;2005-09-25;2007-08-02;2
45;CZ0724089;9130;CZ0269;VMB2_VMB0;2007-08-26;2022-09-09;1
45;CZ0724089;9130;CZ0270;VMB2_VMB0;2007-09-05;2024-10-01;1
45;CZ0724089;9130;CZ0271;VMB1_VMB2;2003-09-21;2011-08-06;2
45;CZ0724089;9130;CZ0272;VMB1_VMB2;2002-07-10;2012-06-24;2
45;CZ0724089;9130;CZ0273;VMB1_VMB2;2002-10-01;2017-08-31;2
45;CZ0724089;9130;CZ0274;VMB2_VMB0;2010-07-05;2024-07-06;1
45;CZ0724089;9130;CZ0275;VMB1_VMB2;2005-08-25;2019-09-12;2
45;CZ0724089;9130;CZ0276;VMB2_VMB0;2010-10-15;2024-09-04;1
45;CZ0724089;9130;CZ0620;VMB1_VMB2;2002-10-03;2013-10-09;2
45;CZ0724089;9130;CZ0621;VMB2_VMB0;2008-08-26;2022-08-12;1
45;CZ0724089;9130;CZ0634;VMB2_VMB0;2008-09-09;2023-10-15;1
45;CZ0724089;9130;CZ1283;VMB1_VMB2;2003-08-26;2015-09-14;2
45;CZ0724089;9130;CZ1284;VMB1_VMB2;2003-10-26;2015-09-18;2
45;CZ0724089;9130;CZ1288;VMB1_VMB2;2003-07-28;2015-09-25;2
45;CZ0724089;9130;CZ1338;VMB1_VMB2;2003-08-26;2015-10-03;2
45;CZ0724089;9130;CZ1345;VMB1_VMB2;2003-08-26;2018-09-04;2
45;CZ0724089;9130;CZ1351;VMB1_VMB2;2003-08-04;2017-09-05;2
45;CZ0724089;9130;CZ1355;VMB1_VMB2;2003-08-12;2017-09-14;2
45;CZ0724089;9130;CZ1362;VMB1_VMB2;2003-05-31;2018-09-05;2
45;CZ0724089;9130;CZ1374;VMB1_VMB2;2002-09-19;2019-09-04;2
45;CZ0724089;9130;CZ1383;VMB1_VMB2;2003-06-05;2011-07-24;2
45;CZ0724089;9130;CZ1386;VMB1_VMB2;2005-10-18;2011-09-16;2
45;CZ0724089;9130;CZ1392;VMB1_VMB2;2002-07-31;2010-10-02;2
45;CZ0724089;9130;CZ1404;VMB1_VMB2;2002-07-31;2012-08-15;2
45;CZ0724089;9130;CZ1414;VMB1_VMB2;2002-10-03;2013-08-22;2
45;CZ0724089;9130;CZ1431;VMB1_VMB2;2003-06-12;2018-08-29;2
45;CZ0724089;9130;CZ1439;VMB1_VMB2;2003-04-26;2016-08-06;2
45;CZ0724089;9130;CZ1445;VMB1_VMB2;2003-06-20;2012-08-10;2
45;CZ0724089;9130;CZ1470;VMB1_VMB2;2003-10-06;2017-10-08;2
45;CZ0724089;9130;CZ1475;VMB1_VMB2;2002-07-22;2015-09-18;2
45;CZ0724089;9130;CZ1477;VMB1_VMB2;2003-07-05;2013-07-18;2
45;CZ0724089;9130;CZ1478;VMB1_VMB2;2003-07-24;2014-11-06;2
45;CZ0724089;9130;CZ1481;VMB1_VMB2;2003-09-20;2014-07-22;2
45;CZ0724089;9130;CZ1490;VMB1_VMB2;2003-06-20;2012-08-19;2
45;CZ0724089;9130;CZ1498;VMB1_VMB2;2001-07-28;2016-09-07;2
45;CZ0724089;9130;CZ1504;VMB2_VMB0;2010-07-13;2023-08-12;1
45;CZ0724089;9130;CZ1515;VMB1_VMB2;2003-07-05;2013-07-04;2
45;CZ0724089;9130;CZ1517;VMB1_VMB2;2003-07-05;2018-07-13;2
45;CZ0724089;9130;CZ1531;VMB1_VMB2;2001-07-20;2009-06-20;2
45;CZ0724089;9130;CZ1540;VMB1_VMB2;2003-09-21;2010-07-12;2
45;CZ0724089;9130;CZ1552;VMB1_VMB2;2002-09-17;2017-09-11;2
45;CZ0724089;9130;CZ1559;VMB1_VMB2;2002-10-23;2010-10-28;2
45;CZ0724089;9130;CZ1564;VMB1_VMB2;2003-06-19;2017-07-01;2
45;CZ0724089;9130;CZ1577;VMB1_VMB2;2003-08-27;2013-08-07;2
45;CZ0724089;9130;CZ1610;VMB1_VMB2;2002-10-09;2019-10-25;2
45;CZ0724089;9130;CZ1612;VMB1_VMB2;2003-08-01;2016-09-27;2
45;CZ0724089;9130;CZ1614;VMB1_VMB2;2003-10-21;2012-09-12;2
45;CZ0724089;9130;CZ1616;VMB1_VMB2;2003-10-21;2014-08-01;2
45;CZ0724089;9130;CZ1619;VMB1_VMB2;2003-08-01;2016-10-04;2
45;CZ0724089;9130;CZ1621;VMB1_VMB2;2003-10-29;2009-09-19;2
45;CZ0724089;9130;CZ1625;VMB1_VMB2;2003-10-30;2018-07-02;2
45;CZ0724089;9130;CZ1633;VMB1_VMB2;2005-07-14;2012-08-22;2
45;CZ0724089;9130;CZ1640;VMB1_VMB2;2003-05-01;2017-08-25;2
45;CZ0724089;9130;CZ1654;VMB1_VMB2;2003-10-20;2012-09-17;2
45;CZ0724089;9130;CZ1656;VMB1_VMB2;2003-06-22;2017-08-05;2
45;CZ0724089;9130;CZ1662;VMB1_VMB2;2003-11-18;2017-08-21;2
45;CZ0724089;9130;CZ1663;VMB1_VMB2;2003-11-17;2020-08-27;2
45;CZ0724089;9130;CZ1671;VMB1_VMB2;2004-09-27;2012-09-09;2
45;CZ0724089;9130;CZ1692;VMB1_VMB2;2003-11-19;2018-09-19;2
45;CZ0724089;9130;CZ1706;VMB1_VMB2;2003-11-10;2018-09-15;2
45;CZ0724089;9130;CZ1715;VMB1_VMB2;2003-11-19;2012-09-19;2
45;CZ0724089;9130;CZ1806;VMB1_VMB2;2001-08-29;2012-09-09;2
46;CZ0724089;9140;CZ0273;VMB1_VMB2;2002-05-22;2017-08-31;2
46;CZ0724089;9140;CZ0620;VMB1_VMB2;2002-10-04;2013-10-09;2
46;CZ0724089;9140;CZ0621;VMB2_VMB0;2008-06-17;2022-04-20;1
46;CZ0724089;9140;CZ0634;VMB1_VMB2;2002-12-02;2008-09-10;2
46;CZ0724089;9140;CZ1351;VMB1_VMB2;2002-07-02;2017-06-03;2
46;CZ0724089;9140;CZ1386;VMB1_VMB2;2001-09-25;2011-09-16;2
46;CZ0724089;9140;CZ1392;VMB1_VMB2;2002-07-27;2010-09-23;2
46;CZ0724089;9140;CZ1404;VMB1_VMB2;2002-07-20;2012-08-30;2
46;CZ0724089;9140;CZ1553;VMB1_VMB2;2003-06-19;2018-09-07;2
46;CZ0724089;9140;CZ1577;VMB1_VMB2;2003-08-27;2013-07-11;2
46;CZ0724089;9140;CZ1610;VMB1_VMB2;2002-10-09;2019-10-14;2
46;CZ0724089;9140;CZ1619;VMB1_VMB2;2003-02-23;2016-10-02;2
46;CZ0724089;9140;CZ1621;VMB1_VMB2;2001-09-30;2009-09-19;2
46;CZ0724089;9140;CZ1625;VMB1_VMB2;2003-08-27;2018-07-05;2
46;CZ0724089;9140;CZ1662;VMB1_VMB2;2003-11-16;2017-08-16;2
46;CZ0724089;9140;CZ1671;VMB1_VMB2;2001-06-30;2012-09-09;2
47;CZ0724089;9170;CZ0103;VMB1_VMB2;2003-10-28;2018-09-21;2
47;CZ0724089;9170;CZ0268;VMB1_VMB2;2005-09-25;2007-08-05;2
47;CZ0724089;9170;CZ0269;VMB2_VMB0;2007-08-12;2022-09-10;1
47;CZ0724089;9170;CZ0271;VMB1_VMB2;2002-08-06;2011-08-06;2
47;CZ0724089;9170;CZ0272;VMB1_VMB2;2005-10-20;2012-06-23;2
47;CZ0724089;9170;CZ0275;VMB1_VMB2;2002-11-21;2019-09-12;2
47;CZ0724089;9170;CZ0276;VMB2_VMB0;2010-06-10;2024-08-10;1
47;CZ0724089;9170;CZ0669;VMB1_VMB2;2003-10-28;2008-07-30;2
47;CZ0724089;9170;CZ1283;VMB1_VMB2;2003-06-30;2015-09-13;2
47;CZ0724089;9170;CZ1284;VMB1_VMB2;2003-07-01;2015-09-18;2
47;CZ0724089;9170;CZ1288;VMB1_VMB2;2003-08-10;2015-09-25;2
47;CZ0724089;9170;CZ1338;VMB1_VMB2;2003-08-10;2015-10-02;2
47;CZ0724089;9170;CZ1345;VMB1_VMB2;2003-06-08;2018-08-27;2
47;CZ0724089;9170;CZ1351;VMB1_VMB2;2003-06-06;2017-09-05;2
47;CZ0724089;9170;CZ1355;VMB1_VMB2;2003-08-12;2018-09-12;2
47;CZ0724089;9170;CZ1362;VMB1_VMB2;2003-06-14;2018-09-03;2
47;CZ0724089;9170;CZ1374;VMB1_VMB2;2002-08-15;2019-08-27;2
47;CZ0724089;9170;CZ1383;VMB1_VMB2;2003-06-07;2011-07-24;2
47;CZ0724089;9170;CZ1431;VMB1_VMB2;2003-06-15;2017-08-31;2
47;CZ0724089;9170;CZ1439;VMB1_VMB2;2002-10-05;2016-07-04;2
47;CZ0724089;9170;CZ1481;VMB1_VMB2;2003-08-06;2010-09-29;2
47;CZ0724089;9170;CZ1504;VMB2_VMB0;2010-07-14;2023-08-12;1
47;CZ0724089;9170;CZ1540;VMB1_VMB2;2003-06-16;2010-07-15;2
47;CZ0724089;9170;CZ1559;VMB1_VMB2;2005-07-19;2010-10-28;2
47;CZ0724089;9170;CZ1564;VMB1_VMB2;2003-06-19;2017-07-01;2
47;CZ0724089;9170;CZ1614;VMB1_VMB2;2004-08-08;2012-09-12;2
47;CZ0724089;9170;CZ1616;VMB1_VMB2;2005-10-20;2014-08-16;2
47;CZ0724089;9170;CZ1654;VMB1_VMB2;2005-10-20;2012-07-28;2
47;CZ0724089;9170;CZ1656;VMB1_VMB2;2003-06-22;2017-08-08;2
47;CZ0724089;9170;CZ1663;VMB1_VMB2;2003-11-18;2020-06-27;2
47;CZ0724089;9170;CZ1671;VMB1_VMB2;2003-08-17;2012-09-07;2
47;CZ0724089;9170;CZ1706;VMB1_VMB2;2003-11-19;2018-09-15;2
47;CZ0724089;9170;CZ1714;VMB1_VMB2;2003-11-19;2017-08-25;2
47;CZ0724089;9170;CZ1715;VMB1_VMB2;2003-11-19;2012-09-18;2
47;CZ0724089;9170;CZ1806;VMB1_VMB2;2005-09-24;2012-09-09;2
48;CZ0724089;9180;CZ0103;VMB1_VMB2;2003-11-19;2018-09-20;2
48;CZ0724089;9180;CZ0268;VMB1_VMB2;2002-05-08;2011-07-09;2
48;CZ0724089;9180;CZ0269;VMB2_VMB0;2007-08-30;2022-09-10;1
48;CZ0724089;9180;CZ0270;VMB2_VMB0;2007-09-03;2024-10-03;1
48;CZ0724089;9180;CZ0271;VMB1_VMB2;2002-05-31;2011-08-06;2
48;CZ0724089;9180;CZ0272;VMB1_VMB2;2002-06-10;2012-06-23;2
48;CZ0724089;9180;CZ0273;VMB1_VMB2;2002-10-01;2017-08-31;2
48;CZ0724089;9180;CZ0274;VMB2_VMB0;2010-07-02;2024-07-04;1
48;CZ0724089;9180;CZ0275;VMB1_VMB2;2001-10-30;2019-09-12;2
48;CZ0724089;9180;CZ0276;VMB2_VMB0;2010-09-29;2024-09-04;1
48;CZ0724089;9180;CZ0620;VMB1_VMB2;2002-10-04;2013-09-12;2
48;CZ0724089;9180;CZ0621;VMB2_VMB0;2008-07-09;2022-07-21;1
48;CZ0724089;9180;CZ0634;VMB2_VMB0;2018-06-18;2023-10-15;1
48;CZ0724089;9180;CZ1284;VMB1_VMB2;2002-08-09;2015-09-15;2
48;CZ0724089;9180;CZ1288;VMB1_VMB2;2003-07-28;2015-09-24;2
48;CZ0724089;9180;CZ1338;VMB1_VMB2;2002-08-16;2015-10-02;2
48;CZ0724089;9180;CZ1345;VMB1_VMB2;2003-08-26;2018-09-04;2
48;CZ0724089;9180;CZ1351;VMB1_VMB2;2002-08-16;2017-07-20;2
48;CZ0724089;9180;CZ1362;VMB1_VMB2;2002-09-19;2018-09-05;2
48;CZ0724089;9180;CZ1374;VMB1_VMB2;2002-09-19;2019-09-04;2
48;CZ0724089;9180;CZ1386;VMB1_VMB2;2001-09-26;2011-09-15;2
48;CZ0724089;9180;CZ1392;VMB1_VMB2;2002-07-30;2010-09-23;2
48;CZ0724089;9180;CZ1404;VMB1_VMB2;2002-07-23;2012-08-30;2
48;CZ0724089;9180;CZ1431;VMB1_VMB2;2001-10-22;2017-08-30;2
48;CZ0724089;9180;CZ1445;VMB1_VMB2;2003-06-20;2012-06-14;2
48;CZ0724089;9180;CZ1477;VMB1_VMB2;2003-02-25;2013-07-18;2
48;CZ0724089;9180;CZ1478;VMB1_VMB2;2003-07-31;2014-06-12;2
48;CZ0724089;9180;CZ1481;VMB1_VMB2;2002-07-10;2010-09-23;2
48;CZ0724089;9180;CZ1490;VMB1_VMB2;2001-10-16;2012-07-24;2
48;CZ0724089;9180;CZ1504;VMB2_VMB0;2010-06-13;2023-07-20;1
48;CZ0724089;9180;CZ1517;VMB1_VMB2;2002-10-30;2016-09-16;2
48;CZ0724089;9180;CZ1552;VMB1_VMB2;2002-09-19;2017-08-28;2
48;CZ0724089;9180;CZ1559;VMB1_VMB2;2002-10-23;2010-10-28;2
48;CZ0724089;9180;CZ1577;VMB1_VMB2;2003-08-27;2013-08-07;2
48;CZ0724089;9180;CZ1610;VMB1_VMB2;2003-08-27;2019-10-25;2
48;CZ0724089;9180;CZ1612;VMB1_VMB2;2003-08-01;2016-09-26;2
48;CZ0724089;9180;CZ1614;VMB1_VMB2;2003-07-26;2012-09-12;2
48;CZ0724089;9180;CZ1616;VMB1_VMB2;2001-05-17;2014-08-01;2
48;CZ0724089;9180;CZ1619;VMB1_VMB2;2004-09-14;2016-10-04;2
48;CZ0724089;9180;CZ1621;VMB1_VMB2;2003-08-15;2009-09-19;2
48;CZ0724089;9180;CZ1625;VMB1_VMB2;2003-08-30;2018-07-08;2
48;CZ0724089;9180;CZ1633;VMB1_VMB2;2003-10-28;2012-08-22;2
48;CZ0724089;9180;CZ1640;VMB1_VMB2;2002-11-28;2017-08-23;2
48;CZ0724089;9180;CZ1654;VMB1_VMB2;2003-07-26;2012-09-03;2
48;CZ0724089;9180;CZ1656;VMB1_VMB2;2003-06-22;2017-08-08;2
48;CZ0724089;9180;CZ1662;VMB1_VMB2;2003-11-18;2017-08-21;2
48;CZ0724089;9180;CZ1663;VMB1_VMB2;2003-11-18;2020-08-27;2
48;CZ0724089;9180;CZ1671;VMB1_VMB2;2004-09-27;2012-09-09;2
48;CZ0724089;9180;CZ1692;VMB1_VMB2;2003-11-19;2018-09-19;2
48;CZ0724089;9180;CZ1706;VMB1_VMB2;2003-11-19;2018-09-15;2
48;CZ0724089;9180;CZ1713;VMB1_VMB2;2003-08-06;2018-09-01;2
48;CZ0724089;9180;CZ1714;VMB1_VMB2;2003-11-19;2017-09-07;2
48;CZ0724089;9180;CZ1715;VMB1_VMB2;2003-11-19;2012-09-19;2
49;CZ0724089;9410;CZ0273;VMB1_VMB2;2002-05-22;2017-08-31;2
49;CZ0724089;9410;CZ0620;VMB1_VMB2;2003-10-17;2013-10-15;2
49;CZ0724089;9410;CZ0621;VMB2_VMB0;2008-08-19;2022-09-07;1
49;CZ0724089;9410;CZ0634;VMB2_VMB0;2008-09-05;2023-09-26;1
49;CZ0724089;9410;CZ1475;VMB1_VMB2;2002-06-12;2015-07-30;2
49;CZ0724089;9410;CZ1477;VMB1_VMB2;2003-07-05;2013-07-18;2
49;CZ0724089;9410;CZ1498;VMB1_VMB2;2002-08-27;2017-05-17;2
49;CZ0724089;9410;CZ1515;VMB1_VMB2;2003-07-05;2013-06-23;2
49;CZ0724089;9410;CZ1553;VMB1_VMB2;2003-10-12;2018-09-07;2
49;CZ0724089;9410;CZ1559;VMB1_VMB2;2002-05-22;2010-10-03;2
49;CZ0724089;9410;CZ1577;VMB1_VMB2;2003-08-27;2013-08-07;2
49;CZ0724089;9410;CZ1610;VMB1_VMB2;2002-10-04;2019-10-08;2
49;CZ0724089;9410;CZ1612;VMB1_VMB2;2003-08-01;2016-09-26;2
49;CZ0724089;9410;CZ1619;VMB1_VMB2;2004-01-14;2016-10-04;2
49;CZ0724089;9410;CZ1621;VMB1_VMB2;2003-10-17;2009-09-19;2
49;CZ0724089;9410;CZ1625;VMB1_VMB2;2003-10-17;2018-06-12;2
49;CZ0724089;9410;CZ1633;VMB1_VMB2;2003-10-28;2012-08-19;2
49;CZ0724089;9410;CZ1640;VMB1_VMB2;2003-11-06;2017-08-22;2
49;CZ0724089;9410;CZ1662;VMB1_VMB2;2003-11-18;2017-08-16;2
49;CZ0724089;9410;CZ1663;VMB1_VMB2;2003-11-17;2020-08-26;2
50;CZ0724089;91E0;CZ0103;VMB1_VMB2;2003-10-28;2018-09-21;2
50;CZ0724089;91E0;CZ0104;VMB1_VMB2;2001-09-14;2014-09-09;2
50;CZ0724089;91E0;CZ0268;VMB1_VMB2;2005-09-25;2007-10-07;2
50;CZ0724089;91E0;CZ0269;VMB2_VMB0;2007-08-31;2022-09-10;1
50;CZ0724089;91E0;CZ0270;VMB2_VMB0;2007-09-06;2024-10-01;1
50;CZ0724089;91E0;CZ0271;VMB1_VMB2;2002-05-08;2011-08-06;2
50;CZ0724089;91E0;CZ0272;VMB1_VMB2;2002-07-10;2012-06-16;2
50;CZ0724089;91E0;CZ0273;VMB1_VMB2;2005-10-20;2017-08-18;2
50;CZ0724089;91E0;CZ0274;VMB2_VMB0;2010-07-05;2024-07-06;1
50;CZ0724089;91E0;CZ0275;VMB1_VMB2;2001-10-23;2019-08-21;2
50;CZ0724089;91E0;CZ0276;VMB2_VMB0;2010-09-30;2024-09-04;1
50;CZ0724089;91E0;CZ0620;VMB1_VMB2;2002-09-12;2013-10-09;2
50;CZ0724089;91E0;CZ0621;VMB2_VMB0;2008-08-26;2022-09-07;1
50;CZ0724089;91E0;CZ0634;VMB2_VMB0;2008-09-06;2023-10-14;1
50;CZ0724089;91E0;CZ0635;VMB1_VMB2;2002-08-27;2015-06-01;2
50;CZ0724089;91E0;CZ1283;VMB1_VMB2;2002-12-31;2015-09-14;2
50;CZ0724089;91E0;CZ1284;VMB1_VMB2;2003-07-23;2015-09-15;2
50;CZ0724089;91E0;CZ1288;VMB1_VMB2;2003-06-17;2015-09-22;2
50;CZ0724089;91E0;CZ1338;VMB1_VMB2;2002-08-16;2015-10-01;2
50;CZ0724089;91E0;CZ1345;VMB1_VMB2;2002-09-19;2018-09-03;2
50;CZ0724089;91E0;CZ1351;VMB1_VMB2;2002-08-30;2017-09-05;2
50;CZ0724089;91E0;CZ1355;VMB1_VMB2;2002-08-23;2017-09-11;2
50;CZ0724089;91E0;CZ1362;VMB1_VMB2;2002-09-18;2018-09-03;2
50;CZ0724089;91E0;CZ1374;VMB1_VMB2;2002-12-31;2019-09-04;2
50;CZ0724089;91E0;CZ1383;VMB1_VMB2;2002-10-05;2011-06-22;2
50;CZ0724089;91E0;CZ1386;VMB1_VMB2;2001-09-26;2011-09-16;2
50;CZ0724089;91E0;CZ1392;VMB1_VMB2;2002-07-28;2010-10-02;2
50;CZ0724089;91E0;CZ1404;VMB1_VMB2;2002-07-23;2012-10-04;2
50;CZ0724089;91E0;CZ1414;VMB1_VMB2;2001-09-14;2013-08-22;2
50;CZ0724089;91E0;CZ1431;VMB1_VMB2;2001-08-20;2017-08-31;2
50;CZ0724089;91E0;CZ1439;VMB1_VMB2;2002-10-05;2016-07-05;2
50;CZ0724089;91E0;CZ1445;VMB1_VMB2;2002-08-27;2012-08-06;2
50;CZ0724089;91E0;CZ1470;VMB1_VMB2;2002-09-10;2017-06-25;2
50;CZ0724089;91E0;CZ1475;VMB1_VMB2;2002-06-12;2015-09-18;2
50;CZ0724089;91E0;CZ1477;VMB1_VMB2;2003-07-05;2013-07-18;2
50;CZ0724089;91E0;CZ1478;VMB1_VMB2;2003-07-24;2014-10-29;2
50;CZ0724089;91E0;CZ1481;VMB1_VMB2;2002-08-01;2010-09-30;2
50;CZ0724089;91E0;CZ1490;VMB1_VMB2;2001-07-29;2012-08-19;2
50;CZ0724089;91E0;CZ1498;VMB1_VMB2;2002-08-27;2017-05-17;2
50;CZ0724089;91E0;CZ1504;VMB2_VMB0;2010-07-13;2023-08-12;1
50;CZ0724089;91E0;CZ1515;VMB1_VMB2;2003-07-05;2013-06-23;2
50;CZ0724089;91E0;CZ1517;VMB1_VMB2;2003-10-12;2018-09-02;2
50;CZ0724089;91E0;CZ1531;VMB1_VMB2;2002-07-12;2009-06-25;2
50;CZ0724089;91E0;CZ1540;VMB1_VMB2;2003-05-08;2010-07-12;2
50;CZ0724089;91E0;CZ1552;VMB1_VMB2;2002-09-20;2017-09-06;2
50;CZ0724089;91E0;CZ1553;VMB1_VMB2;2003-10-12;2018-09-07;2
50;CZ0724089;91E0;CZ1559;VMB1_VMB2;2002-09-17;2010-10-28;2
50;CZ0724089;91E0;CZ1564;VMB1_VMB2;2003-06-16;2017-07-01;2
50;CZ0724089;91E0;CZ1577;VMB1_VMB2;2003-08-27;2013-08-07;2
50;CZ0724089;91E0;CZ1610;VMB1_VMB2;2002-08-27;2019-10-14;2
50;CZ0724089;91E0;CZ1619;VMB1_VMB2;2003-10-28;2016-10-04;2
50;CZ0724089;91E0;CZ1621;VMB1_VMB2;2003-10-29;2009-09-18;2
50;CZ0724089;91E0;CZ1625;VMB1_VMB2;2003-10-17;2018-07-08;2
50;CZ0724089;91E0;CZ1633;VMB1_VMB2;2003-10-28;2012-08-20;2
50;CZ0724089;91E0;CZ1640;VMB1_VMB2;2002-11-13;2017-08-25;2
50;CZ0724089;91E0;CZ1654;VMB1_VMB2;2003-07-26;2012-09-03;2
50;CZ0724089;91E0;CZ1656;VMB1_VMB2;2003-06-20;2017-08-01;2
50;CZ0724089;91E0;CZ1662;VMB1_VMB2;2003-11-15;2017-08-21;2
50;CZ0724089;91E0;CZ1663;VMB1_VMB2;2003-11-15;2020-08-25;2
50;CZ0724089;91E0;CZ1692;VMB1_VMB2;2002-10-21;2018-09-19;2
50;CZ0724089;91E0;CZ1706;VMB1_VMB2;2002-07-06;2018-09-15;2
50;CZ0724089;91E0;CZ1715;VMB1_VMB2;2002-10-21;2012-09-19;2
50;CZ0724089;91E0;CZ1806;VMB1_VMB2;2005-09-24;2012-09-09;2
50;CZ0724089;91E0;CZ1857;VMB1_VMB2;2001-08-29;2017-07-07;2
52;CZ0424036;91H0;CZ0907;VMB1_VMB2;2001-09-25;2009-01-27;2
55;CZ0424030;9110;CZ3344;VMB1_VMB2;2003-05-10;2014-10-20;2
55;CZ0424030;9110;CZ3365;VMB1_VMB2;2002-05-18;2014-05-07;2
55;CZ0424030;9110;CZ3379;VMB1_VMB2;2003-01-19;2015-07-18;2
56;CZ0424030;9130;CZ3344;VMB1_VMB2;2002-11-14;2014-10-20;2
57;CZ0424030;9180;CZ3344;VMB1_VMB2;2003-02-22;2014-10-20;2
57;CZ0424030;9180;CZ3365;VMB1_VMB2;2003-01-19;2014-05-07;2
57;CZ0424030;9180;CZ3379;VMB1_VMB2;2003-01-19;2015-07-17;2
58;CZ0424030;91E0;CZ3344;VMB1_VMB2;2005-09-22;2014-10-20;2
58;CZ0424030;91E0;CZ3365;VMB1_VMB2;2005-09-22;2014-05-07;2
58;CZ0424030;91E0;CZ3379;VMB1_VMB2;2005-10-01;2015-07-17;2
67;CZ0724090;9110;CZ0109;VMB2_VMB0;2007-07-03;2023-06-14;1
67;CZ0724090;9110;CZ1022;VMB1_VMB2;2002-08-06;2010-07-05;2
67;CZ0724090;9110;CZ1023;VMB1_VMB2;2002-09-03;2017-09-26;2
67;CZ0724090;9110;CZ1030;VMB1_VMB2;2003-04-18;2018-08-03;2
67;CZ0724090;9110;CZ1048;VMB1_VMB2;2001-07-28;2015-09-16;2
67;CZ0724090;9110;CZ1052;VMB1_VMB2;2002-06-18;2016-06-18;2
67;CZ0724090;9110;CZ1055;VMB1_VMB2;2002-08-18;2017-06-01;2
67;CZ0724090;9110;CZ1068;VMB1_VMB2;2002-06-18;2015-09-05;2
68;CZ0724090;9130;CZ0003;VMB2_VMB0;2006-09-27;2021-07-06;1
68;CZ0724090;9130;CZ0109;VMB2_VMB0;2007-10-05;2023-06-18;1
68;CZ0724090;9130;CZ0539;VMB1_VMB2;2002-08-20;2008-07-12;2
68;CZ0724090;9130;CZ1022;VMB1_VMB2;2003-08-21;2010-07-05;2
68;CZ0724090;9130;CZ1023;VMB1_VMB2;2003-04-18;2017-09-30;2
68;CZ0724090;9130;CZ1030;VMB1_VMB2;2003-04-18;2018-09-24;2
68;CZ0724090;9130;CZ1048;VMB1_VMB2;2001-07-28;2015-10-05;2
68;CZ0724090;9130;CZ1052;VMB1_VMB2;2002-06-18;2016-06-18;2
68;CZ0724090;9130;CZ1054;VMB1_VMB2;2002-08-18;2012-06-22;2
68;CZ0724090;9130;CZ1055;VMB1_VMB2;2002-08-18;2017-07-13;2
68;CZ0724090;9130;CZ1059;VMB1_VMB2;2004-11-25;2018-08-10;2
68;CZ0724090;9130;CZ1068;VMB1_VMB2;2002-08-14;2015-09-06;2
68;CZ0724090;9130;CZ1069;VMB1_VMB2;2002-06-10;2012-05-22;2
69;CZ0724090;9170;CZ0003;VMB2_VMB0;2006-09-27;2021-07-06;1
69;CZ0724090;9170;CZ0109;VMB2_VMB0;2007-10-03;2023-06-15;1
69;CZ0724090;9170;CZ0539;VMB1_VMB2;2002-08-23;2008-07-15;2
69;CZ0724090;9170;CZ1022;VMB1_VMB2;2003-08-21;2010-07-05;2
69;CZ0724090;9170;CZ1023;VMB1_VMB2;2002-08-20;2017-09-22;2
69;CZ0724090;9170;CZ1030;VMB1_VMB2;2002-09-03;2018-09-24;2
69;CZ0724090;9170;CZ1048;VMB1_VMB2;2004-05-30;2015-10-21;2
69;CZ0724090;9170;CZ1052;VMB1_VMB2;2005-08-15;2016-06-18;2
69;CZ0724090;9170;CZ1054;VMB1_VMB2;2002-08-16;2012-06-22;2
69;CZ0724090;9170;CZ1055;VMB1_VMB2;2002-08-18;2017-09-08;2
69;CZ0724090;9170;CZ1059;VMB1_VMB2;2004-11-25;2018-08-10;2
69;CZ0724090;9170;CZ1068;VMB1_VMB2;2002-08-14;2015-09-05;2
69;CZ0724090;9170;CZ1069;VMB1_VMB2;2002-06-10;2012-05-23;2
70;CZ0724090;9180;CZ0539;VMB1_VMB2;2002-08-20;2008-07-12;2
70;CZ0724090;9180;CZ1022;VMB1_VMB2;2002-04-10;2010-06-18;2
70;CZ0724090;9180;CZ1023;VMB1_VMB2;2002-09-03;2017-09-26;2
70;CZ0724090;9180;CZ1030;VMB1_VMB2;2003-04-18;2018-08-04;2
70;CZ0724090;9180;CZ1048;VMB1_VMB2;2001-07-28;2015-10-21;2
70;CZ0724090;9180;CZ1052;VMB1_VMB2;2001-07-20;2016-06-09;2
70;CZ0724090;9180;CZ1055;VMB1_VMB2;2001-07-05;2017-06-08;2
70;CZ0724090;9180;CZ1069;VMB1_VMB2;2002-06-10;2012-05-21;2
72;CZ0724090;91E0;CZ0003;VMB2_VMB0;2006-09-27;2021-07-06;1
72;CZ0724090;91E0;CZ0109;VMB2_VMB0;2007-10-06;2023-06-18;1
72;CZ0724090;91E0;CZ0539;VMB1_VMB2;2005-08-15;2008-07-11;2
72;CZ0724090;91E0;CZ1022;VMB1_VMB2;2003-08-21;2010-06-10;2
72;CZ0724090;91E0;CZ1023;VMB1_VMB2;2002-08-20;2017-09-30;2
72;CZ0724090;91E0;CZ1030;VMB1_VMB2;2003-04-18;2018-09-24;2
72;CZ0724090;91E0;CZ1048;VMB1_VMB2;2001-07-20;2015-10-02;2
72;CZ0724090;91E0;CZ1052;VMB1_VMB2;2002-06-18;2016-06-17;2
72;CZ0724090;91E0;CZ1054;VMB1_VMB2;2002-08-16;2012-06-22;2
72;CZ0724090;91E0;CZ1055;VMB1_VMB2;2002-08-18;2017-09-08;2
72;CZ0724090;91E0;CZ1059;VMB1_VMB2;2001-09-18;2018-08-10;2
72;CZ0724090;91E0;CZ1068;VMB1_VMB2;2005-08-15;2015-09-05;2
72;CZ0724090;91E0;CZ1069;VMB1_VMB2;2002-06-10;2012-05-23;2
73;CZ0724090;91G0;CZ0109;VMB1_VMB2;2002-07-25;2007-06-27;2
73;CZ0724090;91G0;CZ1022;VMB1_VMB2;2001-06-22;2010-07-05;2
73;CZ0724090;91G0;CZ1055;VMB1_VMB2;2001-07-05;2017-07-14;2
74;CZ0724090;91I0;CZ1022;VMB1_VMB2;2003-08-21;2010-07-05;2
74;CZ0724090;91I0;CZ1048;VMB1_VMB2;2001-07-28;2015-10-09;2
74;CZ0724090;91I0;CZ1055;VMB1_VMB2;2002-08-17;2017-09-08;2
74;CZ0724090;91I0;CZ1059;VMB1_VMB2;2001-09-18;2018-08-06;2
78;CZ0720441;9130;CZ0491;VMB1_VMB2;2001-07-06;2014-07-27;2
79;CZ0720441;9170;CZ0491;VMB1_VMB2;2001-09-15;2014-07-30;2
84;CZ0424129;91E0;CZ0125;VMB1_VMB2;2001-07-08;2013-07-30;2
88;CZ0210100;9150;CZ0467;VMB1_VMB2;2002-08-26;2016-12-09;2
89;CZ0210100;91E0;CZ0467;VMB1_VMB2;2004-09-05;2016-12-09;2
93;CZ0510441;9170;CZ3382;VMB1_VMB2;2003-08-15;2014-06-06;2
94;CZ0510441;9180;CZ3382;VMB1_VMB2;2003-05-25;2014-06-06;2
95;CZ0510441;91E0;CZ3382;VMB1_VMB2;2002-07-09;2014-06-06;2
96;CZ0510441;91I0;CZ3382;VMB1_VMB2;2001-09-15;2014-06-01;2
105;CZ0314124;9110;CZ0399;VMB2_VMB0;2007-10-11;2020-09-24;1
105;CZ0314124;9110;CZ0400;VMB1_VMB2;2005-05-11;2007-11-08;2
105;CZ0314124;9110;CZ0401;VMB2_VMB0;2007-09-20;2021-08-12;1
105;CZ0314124;9110;CZ0488;VMB1_VMB2;2001-07-15;2015-08-15;2
105;CZ0314124;9110;CZ0489;VMB1_VMB2;2003-01-15;2012-10-16;2
105;CZ0314124;9110;CZ0492;VMB1_VMB2;2002-08-29;2010-09-29;2
105;CZ0314124;9110;CZ0493;VMB1_VMB2;2002-09-01;2015-09-06;2
105;CZ0314124;9110;CZ0494;VMB1_VMB2;2003-05-18;2012-10-18;2
105;CZ0314124;9110;CZ0495;VMB1_VMB2;2003-06-15;2015-10-01;2
105;CZ0314124;9110;CZ0497;VMB1_VMB2;2002-07-09;2012-03-29;2
105;CZ0314124;9110;CZ0498;VMB1_VMB2;2003-06-21;2013-07-10;2
105;CZ0314124;9110;CZ0501;VMB2_VMB0;2008-10-16;2022-10-12;1
105;CZ0314124;9110;CZ0502;VMB1_VMB2;2003-11-26;2016-01-06;2
106;CZ0314124;9130;CZ0399;VMB2_VMB0;2007-08-30;2020-09-24;1
106;CZ0314124;9130;CZ0400;VMB1_VMB2;2005-05-11;2007-11-08;2
106;CZ0314124;9130;CZ0487;VMB1_VMB2;2001-07-15;2011-05-08;2
106;CZ0314124;9130;CZ0488;VMB1_VMB2;2001-07-16;2015-08-16;2
106;CZ0314124;9130;CZ0492;VMB1_VMB2;2002-08-29;2010-09-29;2
106;CZ0314124;9130;CZ0493;VMB1_VMB2;2001-05-26;2015-07-24;2
106;CZ0314124;9130;CZ0494;VMB1_VMB2;2005-05-11;2012-10-18;2
106;CZ0314124;9130;CZ0497;VMB1_VMB2;2002-07-09;2012-03-29;2
106;CZ0314124;9130;CZ0501;VMB2_VMB0;2008-10-16;2022-10-12;1
106;CZ0314124;9130;CZ0502;VMB1_VMB2;2005-05-11;2016-01-06;2
107;CZ0314124;9170;CZ0399;VMB2_VMB0;2007-08-31;2020-09-02;1
107;CZ0314124;9170;CZ0488;VMB1_VMB2;2001-07-16;2015-09-16;2
107;CZ0314124;9170;CZ0489;VMB1_VMB2;2002-07-31;2011-08-24;2
107;CZ0314124;9170;CZ0492;VMB1_VMB2;2002-07-31;2010-09-10;2
107;CZ0314124;9170;CZ0493;VMB1_VMB2;2002-09-01;2015-09-06;2
107;CZ0314124;9170;CZ0498;VMB1_VMB2;2002-06-10;2013-07-10;2
107;CZ0314124;9170;CZ0502;VMB1_VMB2;2002-06-12;2013-08-29;2
107;CZ0314124;9170;CZ0503;VMB1_VMB2;2002-06-01;2016-08-03;2
108;CZ0314124;9180;CZ0399;VMB1_VMB2;2003-01-15;2007-08-31;2
108;CZ0314124;9180;CZ0400;VMB1_VMB2;2002-06-14;2007-07-31;2
108;CZ0314124;9180;CZ0401;VMB1_VMB2;2002-09-08;2007-05-27;2
108;CZ0314124;9180;CZ0487;VMB1_VMB2;2001-07-16;2011-05-08;2
108;CZ0314124;9180;CZ0488;VMB1_VMB2;2001-07-16;2015-09-17;2
108;CZ0314124;9180;CZ0489;VMB1_VMB2;2002-07-31;2011-06-29;2
108;CZ0314124;9180;CZ0492;VMB1_VMB2;2002-05-18;2010-09-10;2
108;CZ0314124;9180;CZ0493;VMB1_VMB2;2002-09-01;2015-09-06;2
108;CZ0314124;9180;CZ0494;VMB1_VMB2;2004-11-15;2012-10-18;2
108;CZ0314124;9180;CZ0495;VMB1_VMB2;2003-06-01;2015-08-16;2
108;CZ0314124;9180;CZ0501;VMB2_VMB0;2008-10-15;2022-10-12;1
108;CZ0314124;9180;CZ0502;VMB1_VMB2;2003-11-26;2013-09-25;2
110;CZ0314124;91U0;CZ0399;VMB2_VMB0;2007-08-31;2020-07-02;1
112;CZ0110142;9170;CZ0838;VMB2_VMB0;2008-09-21;2021-11-10;1
113;CZ0110142;9190;CZ0838;VMB2_VMB0;2008-09-21;2021-11-10;1
122;CZ0530033;9110;CZ2105;VMB1_VMB2;2005-09-11;2017-06-30;2
122;CZ0530033;9110;CZ2109;VMB1_VMB2;2003-08-16;2017-06-07;2
123;CZ0530033;9130;CZ2105;VMB1_VMB2;2005-09-10;2017-06-24;2
123;CZ0530033;9130;CZ2109;VMB1_VMB2;2005-09-10;2017-06-07;2
128;CZ0420451;9170;CZ3448;VMB1_VMB2;2003-09-23;2014-05-09;2
129;CZ0420451;9180;CZ3448;VMB1_VMB2;2003-09-23;2014-05-09;2
131;CZ0420451;91E0;CZ3448;VMB1_VMB2;2003-09-23;2014-05-09;2
140;CZ0314123;9110;CZ0402;VMB2_VMB0;2009-08-30;2020-08-23;1
140;CZ0314123;9110;CZ0404;VMB1_VMB2;2004-08-27;2007-08-19;2
140;CZ0314123;9110;CZ0490;VMB1_VMB2;2004-06-30;2009-10-03;2
140;CZ0314123;9110;CZ0497;VMB1_VMB2;2003-08-23;2012-03-29;2
140;CZ0314123;9110;CZ0549;VMB1_VMB2;2003-07-04;2014-07-29;2
140;CZ0314123;9110;CZ0552;VMB1_VMB2;2004-09-07;2010-08-19;2
140;CZ0314123;9110;CZ0557;VMB2_VMB0;2009-09-12;2022-09-24;1
140;CZ0314123;9110;CZ0558;VMB1_VMB2;2004-08-15;2008-10-12;2
140;CZ0314123;9110;CZ1131;VMB1_VMB2;2004-09-01;2009-09-10;2
140;CZ0314123;9110;CZ1162;VMB1_VMB2;2004-09-07;2014-06-23;2
140;CZ0314123;9110;CZ1167;VMB1_VMB2;2004-06-30;2010-08-22;2
140;CZ0314123;9110;CZ1177;VMB1_VMB2;2004-09-07;2012-08-22;2
140;CZ0314123;9110;CZ1210;VMB1_VMB2;2005-10-09;2013-09-06;2
140;CZ0314123;9110;CZ1240;VMB1_VMB2;2005-10-08;2012-08-12;2
140;CZ0314123;9110;CZ1246;VMB1_VMB2;2004-06-21;2012-08-14;2
141;CZ0314123;9130;CZ0402;VMB2_VMB0;2008-07-05;2020-08-31;1
141;CZ0314123;9130;CZ0404;VMB1_VMB2;2004-08-26;2007-09-02;2
141;CZ0314123;9130;CZ0490;VMB1_VMB2;2003-06-21;2009-09-26;2
141;CZ0314123;9130;CZ0497;VMB1_VMB2;2003-08-23;2012-03-24;2
141;CZ0314123;9130;CZ0552;VMB1_VMB2;2005-10-01;2010-08-22;2
141;CZ0314123;9130;CZ0557;VMB2_VMB0;2009-09-12;2022-09-28;1
141;CZ0314123;9130;CZ0558;VMB1_VMB2;2005-10-08;2008-10-12;2
141;CZ0314123;9130;CZ1131;VMB1_VMB2;2004-09-01;2009-09-10;2
141;CZ0314123;9130;CZ1167;VMB1_VMB2;2004-06-30;2010-08-03;2
141;CZ0314123;9130;CZ1177;VMB1_VMB2;2005-10-01;2012-08-22;2
141;CZ0314123;9130;CZ1210;VMB1_VMB2;2005-10-08;2013-09-07;2
141;CZ0314123;9130;CZ1240;VMB1_VMB2;2004-06-22;2012-08-12;2
141;CZ0314123;9130;CZ1246;VMB1_VMB2;2005-10-08;2012-08-19;2
142;CZ0314123;9180;CZ0402;VMB2_VMB0;2008-05-08;2020-07-31;1
142;CZ0314123;9180;CZ0404;VMB1_VMB2;2004-08-02;2007-08-19;2
142;CZ0314123;9180;CZ0490;VMB1_VMB2;2003-06-21;2009-08-30;2
142;CZ0314123;9180;CZ0497;VMB1_VMB2;2003-08-09;2011-05-21;2
142;CZ0314123;9180;CZ0552;VMB1_VMB2;2005-10-01;2010-08-22;2
142;CZ0314123;9180;CZ0557;VMB2_VMB0;2009-08-16;2022-07-21;1
142;CZ0314123;9180;CZ0558;VMB1_VMB2;2004-08-19;2008-10-12;2
142;CZ0314123;9180;CZ1162;VMB1_VMB2;2004-08-03;2014-05-22;2
142;CZ0314123;9180;CZ1177;VMB1_VMB2;2004-09-07;2012-07-08;2
142;CZ0314123;9180;CZ1210;VMB1_VMB2;2004-08-02;2013-09-06;2
142;CZ0314123;9180;CZ1240;VMB1_VMB2;2003-08-16;2012-08-12;2
143;CZ0314123;91E0;CZ0402;VMB2_VMB0;2009-08-12;2020-08-31;1
143;CZ0314123;91E0;CZ0404;VMB1_VMB2;2004-08-26;2007-09-09;2
143;CZ0314123;91E0;CZ0490;VMB1_VMB2;2003-05-17;2009-07-25;2
143;CZ0314123;91E0;CZ0497;VMB1_VMB2;2003-08-23;2011-10-15;2
143;CZ0314123;91E0;CZ0552;VMB1_VMB2;2002-08-02;2010-08-22;2
143;CZ0314123;91E0;CZ0557;VMB2_VMB0;2009-09-12;2022-09-24;1
143;CZ0314123;91E0;CZ0558;VMB1_VMB2;2004-08-27;2008-07-28;2
143;CZ0314123;91E0;CZ1131;VMB1_VMB2;2002-08-01;2009-09-10;2
143;CZ0314123;91E0;CZ1167;VMB1_VMB2;2002-08-15;2010-08-19;2
143;CZ0314123;91E0;CZ1177;VMB1_VMB2;2004-08-15;2012-08-22;2
143;CZ0314123;91E0;CZ1210;VMB1_VMB2;2005-08-18;2013-09-05;2
143;CZ0314123;91E0;CZ1240;VMB1_VMB2;2003-08-22;2012-08-12;2
143;CZ0314123;91E0;CZ1246;VMB1_VMB2;2004-08-08;2012-08-14;2
151;CZ0314021;91D0;CZ0023;VMB1_VMB2;2002-09-15;2014-10-10;2
151;CZ0314021;91D0;CZ0625;VMB1_VMB2;2002-10-12;2014-09-10;2
156;CZ0420026;9180;CZ0124;VMB2_VMB0;2009-01-17;2023-05-13;1
158;CZ0624094;9170;CZ1369;VMB2_VMB0;2010-04-18;2024-08-14;1
160;CZ0623798;91E0;CZ0533;VMB1_VMB2;2002-08-20;2009-09-13;2
160;CZ0623798;91E0;CZ1065;VMB1_VMB2;2002-08-20;2018-04-30;2
162;CZ0530501;9130;CZ2490;VMB1_VMB2;2002-08-18;2015-05-30;2
162;CZ0530501;9130;CZ2514;VMB1_VMB2;2002-08-19;2015-05-29;2
162;CZ0530501;9130;CZ2563;VMB1_VMB2;2002-08-21;2015-05-15;2
163;CZ0530501;9180;CZ0981;VMB2_VMB0;2008-05-19;2023-05-10;1
163;CZ0530501;9180;CZ2514;VMB1_VMB2;2002-08-23;2015-05-29;2
163;CZ0530501;9180;CZ2563;VMB1_VMB2;2002-08-21;2015-05-08;2
167;CZ0214047;91D0;CZ2496;VMB1_VMB2;2004-10-06;2014-07-26;2
171;CZ0520518;9110;CZ0383;VMB1_VMB2;2003-08-29;2008-10-20;2
171;CZ0520518;9110;CZ0890;VMB1_VMB2;2004-07-25;2013-10-30;2
172;CZ0520518;9130;CZ0383;VMB1_VMB2;2002-10-01;2008-10-20;2
172;CZ0520518;9130;CZ0890;VMB1_VMB2;2004-07-25;2013-10-30;2
174;CZ0520178;9110;CZ0878;VMB1_VMB2;2003-05-24;2010-06-17;2
175;CZ0520178;9130;CZ0878;VMB1_VMB2;2003-05-24;2010-06-17;2
176;CZ0520178;91E0;CZ0878;VMB1_VMB2;2003-05-24;2010-06-17;2
178;CZ0623004;91E0;CZ0540;VMB1_VMB2;2005-09-05;2009-09-26;2
182;CZ0510405;9130;CZ3421;VMB2_VMB0;2009-09-26;2023-07-30;1
183;CZ0510405;9140;CZ3421;VMB2_VMB0;2009-09-26;2023-07-30;1
184;CZ0510405;9180;CZ3421;VMB1_VMB2;2002-09-19;2009-10-13;2
185;CZ0510405;9410;CZ3421;VMB2_VMB0;2009-10-13;2023-08-02;1
185;CZ0510405;9410;CZ3450;VMB2_VMB0;2009-10-13;2023-07-17;1
186;CZ0510405;91D0;CZ3421;VMB2_VMB0;2009-10-06;2023-08-02;1
186;CZ0510405;91D0;CZ3450;VMB2_VMB0;2009-09-09;2023-06-11;1
192;CZ0620194;9180;CZ1780;VMB1_VMB2;2003-05-07;2014-09-27;2
194;CZ0320023;9150;CZ0512;VMB2_VMB0;2017-06-22;2022-06-08;1
195;CZ0320023;91U0;CZ0512;VMB2_VMB0;2017-06-14;2022-06-08;1
198;CZ0320180;9110;CZ0041;VMB2_VMB0;2009-09-22;2022-08-10;1
198;CZ0320180;9110;CZ0715;VMB2_VMB0;2009-09-22;2024-10-03;1
199;CZ0320180;9130;CZ0041;VMB2_VMB0;2006-09-07;2022-04-19;1
199;CZ0320180;9130;CZ0715;VMB2_VMB0;2009-09-22;2024-09-17;1
200;CZ0320180;9180;CZ0041;VMB2_VMB0;2006-09-11;2022-07-13;1
200;CZ0320180;9180;CZ0715;VMB2_VMB0;2009-07-28;2024-09-25;1
201;CZ0320180;9190;CZ0041;VMB2_VMB0;2006-09-12;2020-09-02;1
202;CZ0320180;9410;CZ0041;VMB2_VMB0;2006-09-06;2022-08-09;1
202;CZ0320180;9410;CZ0715;VMB2_VMB0;2009-09-16;2024-09-25;1
203;CZ0320180;91D0;CZ0041;VMB1_VMB2;2003-10-01;2006-08-16;2
203;CZ0320180;91D0;CZ0715;VMB1_VMB2;2003-10-16;2009-09-16;2
205;CZ0624062;91G0;CZ1309;VMB1_VMB2;2002-11-11;2012-05-14;2
206;CZ0624062;91I0;CZ1309;VMB1_VMB2;2002-09-29;2012-05-14;2
210;CZ0214004;9170;CZ0854;VMB2_VMB0;2008-09-09;2022-11-08;1
211;CZ0214004;9190;CZ0854;VMB2_VMB0;2008-09-07;2022-07-19;1
218;CZ0624072;9130;CZ1018;VMB2_VMB0;2013-07-01;2021-05-28;1
218;CZ0624072;9130;CZ1035;VMB1_VMB2;2002-11-19;2010-07-09;2
218;CZ0624072;9130;CZ1041;VMB1_VMB2;2003-01-06;2013-06-14;2
219;CZ0624072;9170;CZ1018;VMB1_VMB2;2004-08-15;2013-07-01;2
219;CZ0624072;9170;CZ1024;VMB1_VMB2;2003-09-01;2013-05-15;2
219;CZ0624072;9170;CZ1034;VMB1_VMB2;2003-06-23;2010-10-03;2
219;CZ0624072;9170;CZ1035;VMB1_VMB2;2002-11-19;2010-07-11;2
219;CZ0624072;9170;CZ1041;VMB1_VMB2;2004-05-19;2013-06-27;2
221;CZ0624072;91E0;CZ1018;VMB2_VMB0;2013-07-01;2021-05-28;1
221;CZ0624072;91E0;CZ1024;VMB1_VMB2;2004-05-19;2013-05-15;2
221;CZ0624072;91E0;CZ1034;VMB1_VMB2;2003-01-06;2010-10-02;2
221;CZ0624072;91E0;CZ1035;VMB1_VMB2;2002-11-19;2010-07-08;2
221;CZ0624072;91E0;CZ1041;VMB1_VMB2;2004-05-19;2013-06-27;2
222;CZ0624072;91G0;CZ1018;VMB2_VMB0;2013-07-01;2021-05-28;1
222;CZ0624072;91G0;CZ1034;VMB1_VMB2;2002-08-01;2010-10-02;2
223;CZ0624072;91I0;CZ1018;VMB2_VMB0;2013-07-01;2021-05-26;1
223;CZ0624072;91I0;CZ1034;VMB1_VMB2;2002-11-28;2010-08-02;2
223;CZ0624072;91I0;CZ1035;VMB1_VMB2;2002-11-19;2010-07-11;2
223;CZ0624072;91I0;CZ1041;VMB1_VMB2;2003-01-06;2013-06-14;2
229;CZ0310610;91D0;CZ0397;VMB1_VMB2;2003-07-20;2011-09-05;2
232;CZ0810001;9180;CZ0511;VMB1_VMB2;2002-05-12;2008-06-30;2
240;CZ0424031;9110;CZ0526;VMB2_VMB0;2002-11-11;2025-07-30;1
240;CZ0424031;9110;CZ0950;VMB1_VMB2;2003-09-24;2016-06-21;2
240;CZ0424031;9110;CZ0952;VMB1_VMB2;2002-09-25;2008-10-17;2
240;CZ0424031;9110;CZ0954;VMB1_VMB2;2003-09-15;2015-08-28;2
240;CZ0424031;9110;CZ3467;VMB1_VMB2;2003-09-24;2016-07-23;2
240;CZ0424031;9110;CZ3468;VMB1_VMB2;2003-09-24;2018-01-15;2
240;CZ0424031;9110;CZ3471;VMB1_VMB2;2003-09-24;2015-09-02;2
240;CZ0424031;9110;CZ3472;VMB1_VMB2;2002-05-14;2017-09-19;2
240;CZ0424031;9110;CZ3473;VMB1_VMB2;2003-09-15;2015-07-30;2
240;CZ0424031;9110;CZ3478;VMB1_VMB2;2003-05-10;2018-06-23;2
240;CZ0424031;9110;CZ3481;VMB1_VMB2;2003-09-15;2015-08-27;2
240;CZ0424031;9110;CZ3489;VMB1_VMB2;2002-11-11;2015-10-27;2
241;CZ0424031;9130;CZ0526;VMB2_VMB0;2002-12-31;2025-04-27;1
241;CZ0424031;9130;CZ0950;VMB1_VMB2;2002-07-31;2016-06-19;2
241;CZ0424031;9130;CZ0954;VMB1_VMB2;2003-09-15;2015-08-28;2
241;CZ0424031;9130;CZ3467;VMB1_VMB2;2002-09-05;2014-09-16;2
241;CZ0424031;9130;CZ3468;VMB1_VMB2;2002-12-31;2015-09-29;2
241;CZ0424031;9130;CZ3471;VMB1_VMB2;2003-09-25;2015-09-02;2
241;CZ0424031;9130;CZ3473;VMB1_VMB2;2002-12-31;2015-07-30;2
241;CZ0424031;9130;CZ3481;VMB1_VMB2;2002-12-31;2015-08-17;2
241;CZ0424031;9130;CZ3489;VMB1_VMB2;2002-08-02;2015-07-29;2
242;CZ0424031;9180;CZ0526;VMB2_VMB0;2002-08-18;2025-07-30;1
242;CZ0424031;9180;CZ0950;VMB1_VMB2;2002-07-31;2015-08-24;2
242;CZ0424031;9180;CZ0954;VMB1_VMB2;2003-09-15;2015-08-28;2
242;CZ0424031;9180;CZ3468;VMB1_VMB2;2003-09-24;2015-10-01;2
242;CZ0424031;9180;CZ3471;VMB1_VMB2;2002-09-25;2015-08-31;2
242;CZ0424031;9180;CZ3473;VMB1_VMB2;2002-09-25;2015-07-28;2
242;CZ0424031;9180;CZ3478;VMB1_VMB2;2002-06-19;2018-06-23;2
243;CZ0424031;9410;CZ0526;VMB2_VMB0;2002-11-11;2025-07-30;1
243;CZ0424031;9410;CZ0954;VMB1_VMB2;2003-09-15;2015-08-28;2
243;CZ0424031;9410;CZ3468;VMB1_VMB2;2002-09-25;2015-10-02;2
243;CZ0424031;9410;CZ3471;VMB1_VMB2;2003-09-24;2015-09-02;2
243;CZ0424031;9410;CZ3473;VMB1_VMB2;2003-09-15;2015-07-30;2
243;CZ0424031;9410;CZ3478;VMB1_VMB2;2002-11-20;2018-06-23;2
243;CZ0424031;9410;CZ3481;VMB1_VMB2;2003-09-15;2015-08-27;2
244;CZ0520038;9170;CZ0379;VMB2_VMB0;2007-10-07;2021-06-16;1
244;CZ0520038;9170;CZ0380;VMB2_VMB0;2007-08-08;2021-06-11;1
244;CZ0520038;9170;CZ0387;VMB1_VMB2;2003-09-29;2008-03-28;2
244;CZ0520038;9170;CZ3018;VMB1_VMB2;2003-09-11;2016-07-16;2
245;CZ0520038;9190;CZ0379;VMB1_VMB2;2003-09-11;2007-10-07;2
245;CZ0520038;9190;CZ3018;VMB1_VMB2;2003-09-11;2016-07-16;2
250;CZ0210150;9170;CZ2983;VMB1_VMB2;2004-08-01;2009-08-26;2
252;CZ0620421;91G0;CZ1184;VMB1_VMB2;2002-04-26;2016-08-09;2
252;CZ0620421;91G0;CZ1204;VMB2_VMB0;2016-08-08;2024-07-18;1
256;CZ0614053;9410;CZ0708;VMB2_VMB0;2008-08-07;2022-10-28;1
257;CZ0614053;91D0;CZ0708;VMB2_VMB0;2008-08-26;2022-10-28;1
259;CZ0420069;91I0;CZ0082;VMB2_VMB0;2006-08-29;2021-05-07;1
265;CZ0624104;9180;CZ0001;VMB1_VMB2;2001-07-15;2013-04-26;2
265;CZ0624104;9180;CZ0483;VMB2_VMB0;2009-09-16;2022-08-14;1
266;CZ0624104;91G0;CZ0001;VMB1_VMB2;2001-07-15;2013-09-05;2
266;CZ0624104;91G0;CZ0483;VMB2_VMB0;2009-09-16;2022-08-14;1
267;CZ0624104;91H0;CZ0483;VMB2_VMB0;2009-09-16;2022-08-14;1
269;CZ0424139;91F0;CZ3243;VMB1_VMB2;2003-05-02;2016-09-30;2
281;CZ0424125;9130;CZ0082;VMB2_VMB0;2006-09-03;2021-07-17;1
281;CZ0424125;9130;CZ0903;VMB2_VMB0;2009-01-20;2022-10-25;1
281;CZ0424125;9130;CZ3054;VMB2_VMB0;2010-07-04;2023-07-11;1
281;CZ0424125;9130;CZ3106;VMB1_VMB2;2003-07-22;2015-07-05;2
281;CZ0424125;9130;CZ3107;VMB1_VMB2;2003-08-10;2012-05-18;2
281;CZ0424125;9130;CZ3119;VMB1_VMB2;2002-05-29;2011-10-08;2
281;CZ0424125;9130;CZ3135;VMB2_VMB0;2010-10-16;2024-06-28;1
281;CZ0424125;9130;CZ3146;VMB2_VMB0;2009-05-06;2022-06-30;1
281;CZ0424125;9130;CZ3147;VMB1_VMB2;2001-07-21;2016-05-09;2
281;CZ0424125;9130;CZ3176;VMB1_VMB2;2001-07-27;2012-08-02;2
281;CZ0424125;9130;CZ3207;VMB2_VMB0;2009-08-22;2022-06-08;1
281;CZ0424125;9130;CZ3210;VMB1_VMB2;2003-10-10;2017-08-14;2
281;CZ0424125;9130;CZ3228;VMB1_VMB2;2001-09-25;2018-09-19;2
281;CZ0424125;9130;CZ3234;VMB1_VMB2;2002-07-08;2018-09-16;2
281;CZ0424125;9130;CZ3239;VMB1_VMB2;2005-11-07;2017-07-08;2
281;CZ0424125;9130;CZ3252;VMB1_VMB2;2005-11-07;2011-10-17;2
281;CZ0424125;9130;CZ3260;VMB1_VMB2;2003-10-12;2015-07-20;2
281;CZ0424125;9130;CZ3289;VMB1_VMB2;2005-11-07;2011-10-07;2
282;CZ0424125;9180;CZ0087;VMB1_VMB2;2002-05-25;2016-07-10;2
282;CZ0424125;9180;CZ0903;VMB2_VMB0;2009-01-20;2022-10-24;1
282;CZ0424125;9180;CZ3054;VMB1_VMB2;2001-11-06;2010-05-09;2
282;CZ0424125;9180;CZ3107;VMB1_VMB2;2003-08-10;2012-06-21;2
282;CZ0424125;9180;CZ3119;VMB1_VMB2;2001-05-31;2011-10-08;2
282;CZ0424125;9180;CZ3135;VMB2_VMB0;2010-09-17;2024-07-02;1
282;CZ0424125;9180;CZ3146;VMB1_VMB2;2002-06-11;2009-04-26;2
282;CZ0424125;9180;CZ3147;VMB1_VMB2;2002-08-04;2016-07-04;2
282;CZ0424125;9180;CZ3176;VMB1_VMB2;2002-07-20;2012-09-18;2
282;CZ0424125;9180;CZ3183;VMB1_VMB2;2001-08-20;2010-07-04;2
282;CZ0424125;9180;CZ3207;VMB2_VMB0;2009-09-12;2022-06-28;1
282;CZ0424125;9180;CZ3210;VMB1_VMB2;2003-08-05;2017-08-14;2
282;CZ0424125;9180;CZ3228;VMB1_VMB2;2001-09-25;2018-09-22;2
282;CZ0424125;9180;CZ3234;VMB1_VMB2;2001-07-12;2018-09-16;2
282;CZ0424125;9180;CZ3239;VMB1_VMB2;2005-11-07;2017-07-08;2
282;CZ0424125;9180;CZ3247;VMB1_VMB2;2001-10-03;2016-07-28;2
282;CZ0424125;9180;CZ3252;VMB1_VMB2;2003-10-12;2011-10-17;2
282;CZ0424125;9180;CZ3260;VMB1_VMB2;2002-09-06;2015-07-20;2
282;CZ0424125;9180;CZ3300;VMB1_VMB2;2001-10-03;2010-09-21;2
284;CZ0424125;91E0;CZ0082;VMB2_VMB0;2006-09-01;2021-07-17;1
284;CZ0424125;91E0;CZ0087;VMB1_VMB2;2002-07-05;2016-07-29;2
284;CZ0424125;91E0;CZ0903;VMB2_VMB0;2017-08-08;2022-10-25;1
284;CZ0424125;91E0;CZ0907;VMB1_VMB2;2001-09-27;2009-01-27;2
284;CZ0424125;91E0;CZ3049;VMB1_VMB2;2001-07-04;2010-09-19;2
284;CZ0424125;91E0;CZ3054;VMB2_VMB0;2010-06-27;2023-07-11;1
284;CZ0424125;91E0;CZ3076;VMB2_VMB0;2010-07-18;2023-05-24;1
284;CZ0424125;91E0;CZ3106;VMB1_VMB2;2003-07-15;2015-09-05;2
284;CZ0424125;91E0;CZ3107;VMB1_VMB2;2003-08-10;2012-06-21;2
284;CZ0424125;91E0;CZ3119;VMB1_VMB2;2001-05-31;2011-10-08;2
284;CZ0424125;91E0;CZ3135;VMB2_VMB0;2016-05-09;2024-06-18;1
284;CZ0424125;91E0;CZ3141;VMB1_VMB2;2002-10-01;2015-06-20;2
284;CZ0424125;91E0;CZ3146;VMB2_VMB0;2015-06-20;2022-06-30;1
284;CZ0424125;91E0;CZ3147;VMB1_VMB2;2002-08-04;2016-07-04;2
284;CZ0424125;91E0;CZ3148;VMB1_VMB2;2001-10-28;2014-08-14;2
284;CZ0424125;91E0;CZ3155;VMB1_VMB2;2001-08-20;2016-09-16;2
284;CZ0424125;91E0;CZ3171;VMB1_VMB2;2002-07-02;2016-07-13;2
284;CZ0424125;91E0;CZ3174;VMB1_VMB2;2002-02-07;2016-07-22;2
284;CZ0424125;91E0;CZ3176;VMB1_VMB2;2001-07-15;2012-08-01;2
284;CZ0424125;91E0;CZ3183;VMB1_VMB2;2001-08-20;2010-06-13;2
284;CZ0424125;91E0;CZ3189;VMB1_VMB2;2002-07-02;2013-09-15;2
284;CZ0424125;91E0;CZ3207;VMB2_VMB0;2009-09-28;2022-06-08;1
284;CZ0424125;91E0;CZ3210;VMB1_VMB2;2002-09-15;2017-08-14;2
284;CZ0424125;91E0;CZ3228;VMB1_VMB2;2001-08-08;2018-09-22;2
284;CZ0424125;91E0;CZ3234;VMB1_VMB2;2002-07-08;2018-09-16;2
284;CZ0424125;91E0;CZ3239;VMB1_VMB2;2005-11-07;2017-08-06;2
284;CZ0424125;91E0;CZ3247;VMB1_VMB2;2002-07-08;2016-08-11;2
284;CZ0424125;91E0;CZ3252;VMB1_VMB2;2005-11-07;2011-10-16;2
284;CZ0424125;91E0;CZ3260;VMB1_VMB2;2002-09-09;2015-07-22;2
284;CZ0424125;91E0;CZ3267;VMB1_VMB2;2002-05-15;2014-09-21;2
284;CZ0424125;91E0;CZ3289;VMB1_VMB2;2002-11-10;2011-10-09;2
285;CZ0424125;91I0;CZ0082;VMB2_VMB0;2006-09-02;2021-07-17;1
285;CZ0424125;91I0;CZ0087;VMB1_VMB2;2002-02-02;2016-07-31;2
285;CZ0424125;91I0;CZ0903;VMB2_VMB0;2009-01-15;2022-10-25;1
285;CZ0424125;91I0;CZ3054;VMB2_VMB0;2010-05-21;2023-07-05;1
285;CZ0424125;91I0;CZ3106;VMB1_VMB2;2003-07-22;2015-09-05;2
285;CZ0424125;91I0;CZ3135;VMB1_VMB2;2002-08-04;2010-08-22;2
285;CZ0424125;91I0;CZ3146;VMB2_VMB0;2009-05-08;2022-06-30;1
285;CZ0424125;91I0;CZ3174;VMB1_VMB2;2002-02-15;2016-08-12;2
285;CZ0424125;91I0;CZ3176;VMB1_VMB2;2002-08-04;2012-08-08;2
285;CZ0424125;91I0;CZ3183;VMB1_VMB2;2001-07-27;2010-05-22;2
285;CZ0424125;91I0;CZ3207;VMB2_VMB0;2009-08-22;2022-06-28;1
285;CZ0424125;91I0;CZ3228;VMB1_VMB2;2002-06-25;2018-09-19;2
287;CZ0623799;91F0;CZ1046;VMB1_VMB2;2002-07-15;2012-04-23;2
289;CZ0710006;9170;CZ0627;VMB2_VMB0;2008-10-15;2022-08-23;1
291;CZ0523268;9170;CZ0875;VMB1_VMB2;2002-08-08;2015-08-21;2
291;CZ0523268;9170;CZ3016;VMB2_VMB0;2009-07-30;2021-08-23;1
292;CZ0523268;91E0;CZ3016;VMB2_VMB0;2009-07-30;2021-08-23;1
304;CZ0210101;9170;CZ0079;VMB1_VMB2;2004-10-07;2014-05-30;2
304;CZ0210101;9170;CZ2902;VMB1_VMB2;2004-07-24;2015-09-21;2
304;CZ0210101;9170;CZ2936;VMB2_VMB0;2009-10-22;2023-05-19;1
304;CZ0210101;9170;CZ2965;VMB1_VMB2;2004-10-07;2016-06-09;2
304;CZ0210101;9170;CZ2984;VMB1_VMB2;2003-09-29;2016-07-17;2
304;CZ0210101;9170;CZ3021;VMB1_VMB2;2004-07-30;2017-06-01;2
304;CZ0210101;9170;CZ3030;VMB1_VMB2;2004-09-10;2014-06-02;2
304;CZ0210101;9170;CZ3058;VMB1_VMB2;2004-07-27;2014-06-05;2
305;CZ0210101;9190;CZ0079;VMB1_VMB2;2004-10-07;2014-05-30;2
305;CZ0210101;9190;CZ2902;VMB1_VMB2;2004-07-24;2015-09-21;2
305;CZ0210101;9190;CZ2936;VMB2_VMB0;2009-07-24;2023-05-12;1
305;CZ0210101;9190;CZ2965;VMB1_VMB2;2003-09-20;2016-06-09;2
305;CZ0210101;9190;CZ3030;VMB1_VMB2;2004-09-08;2014-06-02;2
305;CZ0210101;9190;CZ3058;VMB1_VMB2;2004-07-22;2014-06-03;2
306;CZ0210101;91E0;CZ0079;VMB1_VMB2;2002-10-28;2014-05-30;2
306;CZ0210101;91E0;CZ2902;VMB1_VMB2;2004-06-13;2015-09-20;2
306;CZ0210101;91E0;CZ2936;VMB2_VMB0;2009-07-22;2023-05-26;1
306;CZ0210101;91E0;CZ2965;VMB1_VMB2;2004-10-07;2016-06-07;2
306;CZ0210101;91E0;CZ3030;VMB1_VMB2;2004-09-09;2014-06-02;2
307;CZ0210101;91H0;CZ2902;VMB1_VMB2;2004-06-19;2015-09-19;2
307;CZ0210101;91H0;CZ2936;VMB1_VMB2;2002-08-26;2009-07-22;2
307;CZ0210101;91H0;CZ2965;VMB1_VMB2;2002-08-24;2016-06-09;2
308;CZ0210101;91I0;CZ2902;VMB1_VMB2;2004-07-24;2015-09-21;2
308;CZ0210101;91I0;CZ2936;VMB2_VMB0;2009-07-22;2023-05-11;1
310;CZ0310001;9110;CZ0583;VMB1_VMB2;2001-09-30;2016-08-19;2
311;CZ0310001;9130;CZ0583;VMB1_VMB2;2002-12-31;2016-08-19;2
317;CZ0420074;91D0;CZ3437;VMB1_VMB2;2001-10-15;2013-08-30;2
318;CZ0610025;9130;CZ1195;VMB1_VMB2;2002-11-19;2009-08-29;2
318;CZ0610025;9130;CZ1199;VMB1_VMB2;2002-11-19;2012-10-08;2
319;CZ0610025;9170;CZ1195;VMB1_VMB2;2001-10-18;2009-07-30;2
319;CZ0610025;9170;CZ1199;VMB1_VMB2;2002-11-19;2012-10-08;2
321;CZ0714084;9110;CZ0797;VMB2_VMB0;2008-09-27;2023-11-04;1
321;CZ0714084;9110;CZ2574;VMB1_VMB2;2003-06-30;2017-08-30;2
322;CZ0714084;9130;CZ0797;VMB2_VMB0;2008-10-05;2023-11-04;1
322;CZ0714084;9130;CZ2508;VMB1_VMB2;2002-10-01;2018-08-21;2
322;CZ0714084;9130;CZ2574;VMB1_VMB2;2003-06-30;2017-08-30;2
326;CZ0524050;9170;CZ0076;VMB1_VMB2;2005-10-15;2015-08-06;2
327;CZ0320030;9110;CZ0221;VMB2_VMB0;2008-10-09;2023-09-14;1
327;CZ0320030;9110;CZ0222;VMB2_VMB0;2008-10-09;2022-08-08;1
327;CZ0320030;9110;CZ2271;VMB1_VMB2;2003-06-18;2010-08-10;2
328;CZ0320030;9180;CZ0221;VMB2_VMB0;2008-09-19;2023-04-19;1
328;CZ0320030;9180;CZ0222;VMB2_VMB0;2008-05-23;2022-08-08;1
332;CZ0530037;9180;CZ0981;VMB2_VMB0;2008-05-06;2023-05-10;1
336;CZ0810423;9170;CZ2367;VMB1_VMB2;2001-07-03;2010-06-10;2
337;CZ0810423;9190;CZ2367;VMB1_VMB2;2001-07-03;2010-06-10;2
341;CZ0624070;91E0;CZ0439;VMB1_VMB2;2005-08-02;2010-05-11;2
341;CZ0624070;91E0;CZ0442;VMB2_VMB0;2007-08-15;2022-09-12;1
341;CZ0624070;91E0;CZ0450;VMB2_VMB0;2008-09-29;2024-10-16;1
341;CZ0624070;91E0;CZ0454;VMB2_VMB0;2007-09-19;2022-08-16;1
342;CZ0624070;91G0;CZ0439;VMB1_VMB2;2002-09-04;2010-05-11;2
342;CZ0624070;91G0;CZ0442;VMB2_VMB0;2007-08-13;2022-10-14;1
342;CZ0624070;91G0;CZ0450;VMB2_VMB0;2008-09-28;2024-10-15;1
342;CZ0624070;91G0;CZ0454;VMB2_VMB0;2007-09-20;2022-08-19;1
343;CZ0624070;91I0;CZ0439;VMB1_VMB2;2002-09-04;2010-05-11;2
343;CZ0624070;91I0;CZ0442;VMB2_VMB0;2007-08-22;2022-10-26;1
343;CZ0624070;91I0;CZ0450;VMB2_VMB0;2008-09-28;2024-10-16;1
346;CZ0620005;91G0;CZ0485;VMB2_VMB0;2009-09-10;2023-05-22;1
348;CZ0420007;9170;CZ0478;VMB1_VMB2;2007-05-09;2011-09-30;2
349;CZ0420007;91H0;CZ0478;VMB1_VMB2;2007-05-09;2011-09-30;2
360;CZ0420014;9180;CZ0897;VMB2_VMB0;2008-05-16;2021-06-24;1
366;CZ0314022;9110;CZ0389;VMB1_VMB2;2003-09-07;2016-09-12;2
366;CZ0314022;9110;CZ0391;VMB2_VMB0;2009-09-13;2025-08-30;1
366;CZ0314022;9110;CZ0528;VMB2_VMB0;2009-07-22;2024-06-28;1
366;CZ0314022;9110;CZ0537;VMB1_VMB2;2004-05-25;2014-09-21;2
367;CZ0314022;9130;CZ0389;VMB1_VMB2;2002-09-17;2016-09-12;2
367;CZ0314022;9130;CZ0391;VMB2_VMB0;2009-08-27;2025-05-25;1
368;CZ0314022;91E0;CZ0389;VMB1_VMB2;2001-07-22;2016-09-11;2
368;CZ0314022;91E0;CZ0391;VMB2_VMB0;2016-09-11;2025-08-30;1
368;CZ0314022;91E0;CZ0528;VMB2_VMB0;2009-07-31;2024-07-13;1
368;CZ0314022;91E0;CZ0537;VMB1_VMB2;2003-10-08;2014-09-21;2
377;CZ0513506;91D0;CZ3354;VMB1_VMB2;2002-05-01;2014-08-01;2
377;CZ0513506;91D0;CZ3378;VMB1_VMB2;2002-09-06;2008-08-21;2
378;CZ0513506;91E0;CZ0094;VMB1_VMB2;2002-07-20;2017-04-21;2
378;CZ0513506;91E0;CZ0345;VMB2_VMB0;2007-09-30;2022-07-02;1
378;CZ0513506;91E0;CZ3354;VMB1_VMB2;2004-07-17;2014-08-01;2
378;CZ0513506;91E0;CZ3372;VMB1_VMB2;2002-07-27;2012-11-26;2
378;CZ0513506;91E0;CZ3378;VMB1_VMB2;2002-07-25;2008-09-01;2
378;CZ0513506;91E0;CZ3404;VMB1_VMB2;2002-05-01;2016-08-26;2
378;CZ0513506;91E0;CZ3415;VMB2_VMB0;2009-08-18;2024-05-20;1
380;CZ0724429;9110;CZ0111;VMB1_VMB2;2004-07-31;2007-09-21;2
380;CZ0724429;9110;CZ1448;VMB2_VMB0;2009-10-16;2024-06-30;1
380;CZ0724429;9110;CZ1483;VMB1_VMB2;2002-10-20;2010-09-16;2
380;CZ0724429;9110;CZ1513;VMB1_VMB2;2002-10-30;2002-11-18;2
381;CZ0724429;9130;CZ0111;VMB1_VMB2;2004-07-31;2007-09-21;2
381;CZ0724429;9130;CZ1448;VMB2_VMB0;2010-09-16;2024-07-02;1
381;CZ0724429;9130;CZ1483;VMB1_VMB2;2002-10-20;2010-09-18;2
382;CZ0724429;9180;CZ0111;VMB1_VMB2;2004-07-31;2007-09-21;2
382;CZ0724429;9180;CZ1448;VMB2_VMB0;2009-10-16;2024-07-02;1
384;CZ0210010;9170;CZ0801;VMB2_VMB0;2008-08-06;2022-09-19;1
384;CZ0210010;9170;CZ0808;VMB1_VMB2;2003-05-24;2017-04-20;2
385;CZ0210010;91I0;CZ0801;VMB2_VMB0;2008-08-06;2022-09-19;1
392;CZ0210043;9110;CZ0181;VMB2_VMB0;2008-10-04;2024-05-14;1
392;CZ0210043;9110;CZ0783;VMB1_VMB2;2004-09-10;2008-10-04;2
392;CZ0210043;9110;CZ2556;VMB1_VMB2;2004-09-10;2017-06-27;2
393;CZ0210043;9180;CZ0181;VMB2_VMB0;2007-11-17;2024-05-14;1
393;CZ0210043;9180;CZ0783;VMB1_VMB2;2003-07-21;2008-10-04;2
393;CZ0210043;9180;CZ2519;VMB1_VMB2;2003-07-21;2010-07-29;2
395;CZ0520020;9110;CZ0908;VMB1_VMB2;2002-05-24;2014-05-22;2
395;CZ0520020;9110;CZ0913;VMB1_VMB2;2002-05-23;2014-06-05;2
396;CZ0520020;9130;CZ0908;VMB1_VMB2;2002-12-31;2014-05-22;2
396;CZ0520020;9130;CZ0913;VMB1_VMB2;2002-05-24;2014-06-05;2
405;CZ0414127;9130;CZ0871;VMB2_VMB0;2009-05-20;2022-06-18;1
405;CZ0414127;9130;CZ3032;VMB1_VMB2;2001-08-12;2017-05-20;2
405;CZ0414127;9130;CZ3049;VMB1_VMB2;2002-11-01;2010-08-20;2
405;CZ0414127;9130;CZ3054;VMB2_VMB0;2010-07-18;2023-07-17;1
405;CZ0414127;9130;CZ3066;VMB2_VMB0;2015-09-22;2022-07-02;1
405;CZ0414127;9130;CZ3098;VMB1_VMB2;2003-07-24;2015-09-28;2
405;CZ0414127;9130;CZ3104;VMB1_VMB2;2003-07-22;2015-09-30;2
405;CZ0414127;9130;CZ3106;VMB1_VMB2;2003-07-22;2015-09-05;2
405;CZ0414127;9130;CZ3107;VMB1_VMB2;2003-08-10;2012-05-18;2
405;CZ0414127;9130;CZ3125;VMB1_VMB2;2002-08-30;2017-06-27;2
405;CZ0414127;9130;CZ3135;VMB2_VMB0;2015-09-24;2024-06-18;1
405;CZ0414127;9130;CZ3141;VMB1_VMB2;2002-08-05;2015-05-03;2
405;CZ0414127;9130;CZ3163;VMB1_VMB2;2002-07-18;2012-05-12;2
405;CZ0414127;9130;CZ3174;VMB1_VMB2;2002-02-07;2016-10-04;2
405;CZ0414127;9130;CZ3176;VMB1_VMB2;2003-08-01;2012-09-22;2
405;CZ0414127;9130;CZ3207;VMB2_VMB0;2016-06-24;2022-06-23;1
405;CZ0414127;9130;CZ3210;VMB1_VMB2;2003-10-18;2017-08-14;2
405;CZ0414127;9130;CZ3228;VMB1_VMB2;2002-07-08;2018-09-18;2
405;CZ0414127;9130;CZ3234;VMB1_VMB2;2003-10-05;2018-09-08;2
405;CZ0414127;9130;CZ3239;VMB1_VMB2;2003-10-10;2017-07-08;2
406;CZ0414127;9180;CZ0871;VMB2_VMB0;2008-05-31;2022-05-20;1
406;CZ0414127;9180;CZ0903;VMB2_VMB0;2008-12-31;2022-09-20;1
406;CZ0414127;9180;CZ3032;VMB1_VMB2;2001-08-12;2017-05-20;2
406;CZ0414127;9180;CZ3054;VMB2_VMB0;2010-05-21;2023-06-22;1
406;CZ0414127;9180;CZ3066;VMB2_VMB0;2009-06-06;2022-06-15;1
406;CZ0414127;9180;CZ3098;VMB1_VMB2;2003-08-07;2015-09-28;2
406;CZ0414127;9180;CZ3104;VMB2_VMB0;2009-05-19;2015-09-15;1
406;CZ0414127;9180;CZ3106;VMB1_VMB2;2002-09-05;2015-05-31;2
406;CZ0414127;9180;CZ3107;VMB1_VMB2;2003-08-10;2012-06-21;2
406;CZ0414127;9180;CZ3125;VMB1_VMB2;2002-09-01;2017-07-27;2
406;CZ0414127;9180;CZ3135;VMB2_VMB0;2010-10-12;2024-07-02;1
406;CZ0414127;9180;CZ3141;VMB1_VMB2;2002-10-01;2015-06-20;2
406;CZ0414127;9180;CZ3163;VMB1_VMB2;2002-08-02;2012-05-29;2
406;CZ0414127;9180;CZ3174;VMB1_VMB2;2001-12-29;2016-07-08;2
406;CZ0414127;9180;CZ3176;VMB1_VMB2;2002-08-05;2012-09-22;2
406;CZ0414127;9180;CZ3207;VMB2_VMB0;2009-10-28;2022-06-28;1
406;CZ0414127;9180;CZ3210;VMB1_VMB2;2003-10-18;2017-07-09;2
406;CZ0414127;9180;CZ3228;VMB1_VMB2;2001-09-25;2018-09-17;2
406;CZ0414127;9180;CZ3239;VMB1_VMB2;2003-10-10;2017-07-08;2
408;CZ0414127;91E0;CZ0871;VMB2_VMB0;2008-06-01;2022-07-17;1
408;CZ0414127;91E0;CZ3032;VMB1_VMB2;2001-08-18;2017-05-20;2
408;CZ0414127;91E0;CZ3054;VMB2_VMB0;2010-07-18;2023-07-14;1
408;CZ0414127;91E0;CZ3066;VMB2_VMB0;2009-06-07;2022-07-02;1
408;CZ0414127;91E0;CZ3098;VMB1_VMB2;2003-08-05;2015-09-28;2
408;CZ0414127;91E0;CZ3104;VMB1_VMB2;2003-07-19;2015-09-30;2
408;CZ0414127;91E0;CZ3106;VMB1_VMB2;2003-07-15;2015-09-05;2
408;CZ0414127;91E0;CZ3107;VMB1_VMB2;2003-08-10;2012-05-18;2
408;CZ0414127;91E0;CZ3125;VMB1_VMB2;2002-09-01;2017-07-27;2
408;CZ0414127;91E0;CZ3135;VMB2_VMB0;2010-10-30;2024-06-18;1
408;CZ0414127;91E0;CZ3141;VMB1_VMB2;2002-09-02;2015-06-20;2
408;CZ0414127;91E0;CZ3163;VMB1_VMB2;2002-08-02;2012-05-29;2
408;CZ0414127;91E0;CZ3174;VMB1_VMB2;2002-02-16;2016-10-04;2
408;CZ0414127;91E0;CZ3176;VMB1_VMB2;2003-08-01;2012-09-22;2
408;CZ0414127;91E0;CZ3207;VMB2_VMB0;2009-09-28;2022-06-28;1
408;CZ0414127;91E0;CZ3210;VMB1_VMB2;2003-09-28;2017-08-14;2
408;CZ0414127;91E0;CZ3228;VMB1_VMB2;2001-08-08;2018-09-19;2
408;CZ0414127;91E0;CZ3234;VMB1_VMB2;2002-07-08;2018-09-14;2
408;CZ0414127;91E0;CZ3239;VMB1_VMB2;2005-11-07;2017-08-06;2
409;CZ0414127;91I0;CZ0871;VMB1_VMB2;2002-10-02;2008-11-06;2
409;CZ0414127;91I0;CZ3054;VMB2_VMB0;2010-07-04;2023-07-12;1
409;CZ0414127;91I0;CZ3106;VMB1_VMB2;2003-07-22;2015-07-06;2
409;CZ0414127;91I0;CZ3135;VMB2_VMB0;2010-09-09;2024-06-10;1
409;CZ0414127;91I0;CZ3141;VMB1_VMB2;2002-09-01;2015-05-08;2
409;CZ0414127;91I0;CZ3163;VMB1_VMB2;2002-08-02;2012-04-23;2
409;CZ0414127;91I0;CZ3174;VMB1_VMB2;2002-02-15;2016-10-04;2
409;CZ0414127;91I0;CZ3176;VMB1_VMB2;2002-08-04;2012-09-19;2
409;CZ0414127;91I0;CZ3207;VMB2_VMB0;2009-09-12;2022-06-28;1
409;CZ0414127;91I0;CZ3210;VMB1_VMB2;2002-07-30;2017-05-08;2
409;CZ0414127;91I0;CZ3228;VMB1_VMB2;2002-06-25;2018-09-19;2
410;CZ0814093;91E0;CZ2243;VMB1_VMB2;2002-06-15;2012-06-06;2
411;CZ0610145;91E0;CZ0760;VMB1_VMB2;2002-05-08;2015-06-09;2
413;CZ0530020;9130;CZ0247;VMB1_VMB2;2005-09-09;2016-09-18;2
413;CZ0530020;9130;CZ1003;VMB1_VMB2;2003-08-18;2011-04-29;2
413;CZ0530020;9130;CZ2013;VMB2_VMB0;2009-09-25;2023-05-21;1
413;CZ0530020;9130;CZ2101;VMB1_VMB2;2003-08-18;2018-04-04;2
413;CZ0530020;9130;CZ2172;VMB1_VMB2;2003-08-02;2015-04-30;2
414;CZ0530020;9180;CZ0247;VMB1_VMB2;2003-08-15;2016-09-18;2
414;CZ0530020;9180;CZ1003;VMB1_VMB2;2003-08-14;2011-04-29;2
419;CZ0534054;91E0;CZ2303;VMB1_VMB2;2002-05-15;2012-07-12;2
419;CZ0534054;91E0;CZ2307;VMB1_VMB2;2002-05-15;2011-06-10;2
421;CZ0320140;9130;CZ0733;VMB1_VMB2;2001-06-25;2015-07-23;2
421;CZ0320140;9130;CZ2213;VMB1_VMB2;2001-06-23;2010-08-02;2
422;CZ0320140;9180;CZ0733;VMB1_VMB2;2001-06-25;2015-07-23;2
425;CZ0210109;9170;CZ3087;VMB1_VMB2;2004-09-01;2012-06-07;2
426;CZ0320029;9170;CZ0821;VMB2_VMB0;2008-08-26;2021-05-21;1
426;CZ0320029;9170;CZ0826;VMB2_VMB0;2008-08-27;2021-07-16;1
426;CZ0320029;9170;CZ2722;VMB1_VMB2;2004-05-23;2018-08-14;2
427;CZ0320029;9180;CZ0821;VMB2_VMB0;2008-07-23;2021-05-21;1
427;CZ0320029;9180;CZ0826;VMB2_VMB0;2008-09-01;2021-07-15;1
427;CZ0320029;9180;CZ2722;VMB1_VMB2;2004-05-23;2018-08-14;2
430;CZ0710182;9170;CZ1650;VMB1_VMB2;2002-08-18;2017-07-23;2
431;CZ0710182;91E0;CZ1650;VMB1_VMB2;2002-08-16;2017-07-03;2
441;CZ0724091;9130;CZ0112;VMB2_VMB0;2015-06-12;2025-09-07;1
441;CZ0724091;9130;CZ0113;VMB1_VMB2;2003-07-09;2014-05-02;2
441;CZ0724091;9130;CZ0527;VMB2_VMB0;2008-08-16;2022-07-20;1
441;CZ0724091;9130;CZ0565;VMB2_VMB0;2008-09-07;2024-10-01;1
441;CZ0724091;9130;CZ0569;VMB2_VMB0;2015-03-10;2023-09-04;1
441;CZ0724091;9130;CZ0577;VMB2_VMB0;2015-10-22;2023-10-01;1
441;CZ0724091;9130;CZ0586;VMB2_VMB0;2008-07-06;2021-08-26;1
441;CZ0724091;9130;CZ1191;VMB1_VMB2;2005-09-30;2019-06-11;2
441;CZ0724091;9130;CZ1198;VMB1_VMB2;2003-05-03;2015-10-14;2
441;CZ0724091;9130;CZ1200;VMB1_VMB2;2005-10-03;2010-08-10;2
441;CZ0724091;9130;CZ1225;VMB1_VMB2;2001-06-28;2010-08-10;2
441;CZ0724091;9130;CZ1234;VMB1_VMB2;2003-05-16;2015-10-18;2
441;CZ0724091;9130;CZ1253;VMB1_VMB2;2005-09-28;2015-10-25;2
441;CZ0724091;9130;CZ1272;VMB1_VMB2;2003-06-28;2015-08-27;2
441;CZ0724091;9130;CZ1327;VMB1_VMB2;2002-05-05;2014-04-09;2
442;CZ0724091;9170;CZ0112;VMB2_VMB0;2015-08-06;2025-09-07;1
442;CZ0724091;9170;CZ0113;VMB1_VMB2;2003-07-09;2014-05-02;2
442;CZ0724091;9170;CZ0527;VMB2_VMB0;2008-08-15;2022-07-27;1
442;CZ0724091;9170;CZ0565;VMB2_VMB0;2008-09-22;2024-10-01;1
442;CZ0724091;9170;CZ0569;VMB2_VMB0;2015-10-20;2023-09-04;1
442;CZ0724091;9170;CZ0577;VMB2_VMB0;2015-06-25;2023-10-01;1
442;CZ0724091;9170;CZ0586;VMB2_VMB0;2008-07-06;2021-09-09;1
442;CZ0724091;9170;CZ1191;VMB1_VMB2;2003-07-26;2019-06-11;2
442;CZ0724091;9170;CZ1198;VMB1_VMB2;2005-09-30;2015-10-14;2
442;CZ0724091;9170;CZ1200;VMB1_VMB2;2002-06-26;2010-08-10;2
442;CZ0724091;9170;CZ1225;VMB1_VMB2;2001-10-02;2010-08-10;2
442;CZ0724091;9170;CZ1234;VMB1_VMB2;2003-04-12;2015-10-18;2
442;CZ0724091;9170;CZ1253;VMB1_VMB2;2002-08-06;2015-10-25;2
442;CZ0724091;9170;CZ1272;VMB1_VMB2;2003-06-28;2015-08-27;2
442;CZ0724091;9170;CZ1327;VMB1_VMB2;2002-05-10;2014-04-08;2
443;CZ0724091;9180;CZ0569;VMB1_VMB2;2005-10-02;2008-07-24;2
443;CZ0724091;9180;CZ0577;VMB1_VMB2;2003-06-11;2008-08-28;2
443;CZ0724091;9180;CZ1253;VMB1_VMB2;2002-08-05;2015-10-21;2
443;CZ0724091;9180;CZ1272;VMB1_VMB2;2003-05-28;2015-05-28;2
445;CZ0724091;91E0;CZ0112;VMB2_VMB0;2015-08-26;2025-09-07;1
445;CZ0724091;91E0;CZ0113;VMB1_VMB2;2003-07-09;2014-04-30;2
445;CZ0724091;91E0;CZ0527;VMB2_VMB0;2007-09-16;2022-07-27;1
445;CZ0724091;91E0;CZ0565;VMB2_VMB0;2008-09-07;2024-08-22;1
445;CZ0724091;91E0;CZ0569;VMB2_VMB0;2008-09-07;2023-09-04;1
445;CZ0724091;91E0;CZ0577;VMB2_VMB0;2008-09-20;2023-10-01;1
445;CZ0724091;91E0;CZ0586;VMB2_VMB0;2008-07-06;2021-09-09;1
445;CZ0724091;91E0;CZ1175;VMB1_VMB2;2001-07-09;2009-08-17;2
445;CZ0724091;91E0;CZ1191;VMB1_VMB2;2002-06-26;2019-06-09;2
445;CZ0724091;91E0;CZ1198;VMB1_VMB2;2005-09-30;2015-10-12;2
445;CZ0724091;91E0;CZ1200;VMB1_VMB2;2005-10-03;2010-08-10;2
445;CZ0724091;91E0;CZ1234;VMB1_VMB2;2005-09-29;2015-10-17;2
445;CZ0724091;91E0;CZ1253;VMB1_VMB2;2005-09-28;2015-10-25;2
445;CZ0724091;91E0;CZ1272;VMB1_VMB2;2003-05-15;2015-08-26;2
445;CZ0724091;91E0;CZ1327;VMB1_VMB2;2002-04-29;2014-04-08;2
448;CZ0110040;9170;CZ2752;VMB1_VMB2;2001-07-06;2011-07-06;2
449;CZ0110040;9180;CZ2752;VMB1_VMB2;2001-07-06;2011-07-06;2
455;CZ0624066;9170;CZ1077;VMB1_VMB2;2001-06-18;2012-06-06;2
460;CZ0610179;9170;CZ0572;VMB2_VMB0;2009-09-15;2025-08-20;1
460;CZ0610179;9170;CZ0578;VMB1_VMB2;2001-07-21;2012-08-16;2
460;CZ0610179;9170;CZ1266;VMB1_VMB2;2001-06-29;2012-08-09;2
472;CZ0514042;9110;CZ0348;VMB1_VMB2;2002-07-14;2012-08-30;2
472;CZ0514042;9110;CZ0480;VMB1_VMB2;2005-05-04;2014-09-08;2
472;CZ0514042;9110;CZ3345;VMB2_VMB0;2012-11-24;2019-10-14;1
472;CZ0514042;9110;CZ3370;VMB1_VMB2;2002-08-12;2017-09-11;2
473;CZ0514042;9410;CZ0480;VMB1_VMB2;2002-07-06;2014-09-04;2
473;CZ0514042;9410;CZ3345;VMB2_VMB0;2012-11-26;2019-10-14;1
473;CZ0514042;9410;CZ3370;VMB1_VMB2;2001-07-07;2017-09-11;2
474;CZ0514042;91D0;CZ0348;VMB1_VMB2;2003-07-04;2012-08-30;2
474;CZ0514042;91D0;CZ0349;VMB1_VMB2;2005-08-30;2015-07-15;2
474;CZ0514042;91D0;CZ0480;VMB1_VMB2;2002-09-30;2016-08-03;2
474;CZ0514042;91D0;CZ3345;VMB1_VMB2;2002-09-15;2012-11-26;2
474;CZ0514042;91D0;CZ3354;VMB1_VMB2;2002-07-27;2014-08-01;2
474;CZ0514042;91D0;CZ3370;VMB1_VMB2;2002-06-30;2017-09-10;2
475;CZ0514042;91T0;CZ0348;VMB1_VMB2;2002-07-11;2011-09-14;2
475;CZ0514042;91T0;CZ0349;VMB1_VMB2;2001-08-08;2015-06-04;2
475;CZ0514042;91T0;CZ0480;VMB1_VMB2;2005-05-04;2014-09-08;2
475;CZ0514042;91T0;CZ3345;VMB1_VMB2;2002-12-31;2012-11-26;2
475;CZ0514042;91T0;CZ3370;VMB1_VMB2;2002-08-12;2017-08-31;2
481;CZ0510509;9130;CZ0946;VMB1_VMB2;2001-08-25;2013-07-29;2
482;CZ0510509;9180;CZ0946;VMB1_VMB2;2001-08-23;2013-07-29;2
487;CZ0510412;9410;CZ0340;VMB1_VMB2;2002-09-15;2007-09-28;2
487;CZ0510412;9410;CZ3429;VMB1_VMB2;2002-08-19;2010-09-18;2
488;CZ0510412;91D0;CZ0340;VMB1_VMB2;2002-09-15;2007-09-28;2
488;CZ0510412;91D0;CZ3429;VMB1_VMB2;2002-08-19;2010-09-18;2
490;CZ0510400;9110;CZ0339;VMB2_VMB0;2014-08-22;2022-10-11;1
490;CZ0510400;9110;CZ0949;VMB2_VMB0;2008-10-24;2022-09-29;1
490;CZ0510400;9110;CZ3441;VMB1_VMB2;2003-08-29;2018-06-20;2
490;CZ0510400;9110;CZ3458;VMB1_VMB2;2005-10-25;2018-08-22;2
490;CZ0510400;9110;CZ3463;VMB1_VMB2;2003-09-10;2012-10-17;2
490;CZ0510400;9110;CZ3465;VMB1_VMB2;2005-10-11;2018-06-27;2
490;CZ0510400;9110;CZ3466;VMB1_VMB2;2001-07-27;2012-10-24;2
491;CZ0510400;9130;CZ0339;VMB2_VMB0;2008-10-20;2022-10-11;1
491;CZ0510400;9130;CZ0949;VMB2_VMB0;2008-10-11;2022-09-22;1
491;CZ0510400;9130;CZ3458;VMB1_VMB2;2005-10-11;2014-07-30;2
492;CZ0510400;9140;CZ0339;VMB2_VMB0;2008-10-09;2022-10-11;1
492;CZ0510400;9140;CZ0949;VMB1_VMB2;2003-07-10;2008-10-11;2
493;CZ0510400;9180;CZ0339;VMB2_VMB0;2008-07-23;2022-09-30;1
493;CZ0510400;9180;CZ3458;VMB1_VMB2;2005-10-11;2014-08-29;2
499;CZ0210105;9130;CZ0870;VMB1_VMB2;2004-07-22;2011-09-15;2
500;CZ0210105;9150;CZ0870;VMB1_VMB2;2005-02-08;2011-09-15;2
501;CZ0210105;9180;CZ0870;VMB1_VMB2;2004-07-22;2011-09-13;2
513;CZ0410413;9110;CZ0893;VMB2_VMB0;2009-08-30;2023-08-10;1
513;CZ0410413;9110;CZ3082;VMB2_VMB0;2009-09-28;2023-10-06;1
514;CZ0410413;9130;CZ0893;VMB2_VMB0;2009-02-26;2023-07-27;1
514;CZ0410413;9130;CZ3082;VMB1_VMB2;2003-11-03;2009-09-25;2
515;CZ0410413;9170;CZ0893;VMB2_VMB0;2009-08-30;2023-08-09;1
515;CZ0410413;9170;CZ3082;VMB2_VMB0;2009-08-30;2023-10-04;1
516;CZ0410413;9180;CZ0893;VMB2_VMB0;2009-08-30;2023-08-10;1
516;CZ0410413;9180;CZ3082;VMB2_VMB0;2009-09-04;2023-10-05;1
517;CZ0410413;91E0;CZ0893;VMB2_VMB0;2009-09-04;2023-08-10;1
517;CZ0410413;91E0;CZ3082;VMB2_VMB0;2009-09-04;2023-10-06;1
517;CZ0410413;91E0;CZ3121;VMB2_VMB0;2009-02-05;2016-05-03;1
520;CZ0324025;9110;CZ0065;VMB2_VMB0;2009-08-26;2025-08-08;1
520;CZ0324025;9110;CZ2751;VMB1_VMB2;2003-06-01;2015-09-19;2
521;CZ0324025;9170;CZ0065;VMB2_VMB0;2009-08-26;2025-08-08;1
521;CZ0324025;9170;CZ2751;VMB1_VMB2;2003-06-02;2015-09-19;2
522;CZ0324025;9180;CZ0065;VMB2_VMB0;2009-08-29;2025-08-08;1
522;CZ0324025;9180;CZ2751;VMB1_VMB2;2003-06-01;2015-09-19;2
528;CZ0620177;91G0;CZ0449;VMB2_VMB0;2007-09-17;2021-09-17;1
528;CZ0620177;91G0;CZ0450;VMB1_VMB2;2002-09-01;2008-08-23;2
528;CZ0620177;91G0;CZ1040;VMB1_VMB2;2002-08-21;2018-04-20;2
529;CZ0620177;91I0;CZ0449;VMB2_VMB0;2007-09-17;2021-09-17;1
529;CZ0620177;91I0;CZ0450;VMB1_VMB2;2002-09-01;2008-08-23;2
534;CZ0214007;9170;CZ0192;VMB2_VMB0;2007-08-14;2021-07-18;1
535;CZ0214007;91E0;CZ0192;VMB2_VMB0;2007-08-14;2021-07-16;1
536;CZ0214007;91F0;CZ0192;VMB2_VMB0;2007-08-14;2021-07-18;1
544;CZ0214002;9130;CZ0523;VMB1_VMB2;2005-07-04;2019-05-24;2
545;CZ0214002;9150;CZ0523;VMB1_VMB2;2002-06-18;2019-10-04;2
546;CZ0214002;9170;CZ0523;VMB1_VMB2;2003-07-11;2020-06-04;2
547;CZ0214002;9180;CZ0523;VMB1_VMB2;2003-07-02;2020-04-08;2
550;CZ0214002;91H0;CZ0523;VMB1_VMB2;2003-07-02;2020-05-01;2
551;CZ0214002;91I0;CZ0523;VMB1_VMB2;2003-07-02;2020-04-06;2
562;CZ0214017;9150;CZ0060;VMB1_VMB2;2002-06-11;2014-05-11;2
562;CZ0214017;9150;CZ0814;VMB1_VMB2;2005-10-25;2017-05-05;2
562;CZ0214017;9150;CZ2710;VMB1_VMB2;2005-10-25;2012-04-29;2
563;CZ0214017;9170;CZ0060;VMB1_VMB2;2005-10-20;2015-09-11;2
563;CZ0214017;9170;CZ0814;VMB1_VMB2;2005-11-01;2017-06-21;2
563;CZ0214017;9170;CZ2710;VMB1_VMB2;2005-10-20;2012-04-29;2
564;CZ0214017;9180;CZ0060;VMB1_VMB2;2005-10-20;2015-09-11;2
564;CZ0214017;9180;CZ0814;VMB1_VMB2;2005-10-19;2017-06-19;2
564;CZ0214017;9180;CZ2710;VMB1_VMB2;2005-10-18;2012-04-29;2
567;CZ0214017;91H0;CZ0060;VMB1_VMB2;2005-10-23;2015-09-25;2
567;CZ0214017;91H0;CZ0814;VMB1_VMB2;2005-10-23;2017-06-21;2
567;CZ0214017;91H0;CZ2710;VMB1_VMB2;2005-10-20;2012-04-29;2
568;CZ0214017;91I0;CZ0060;VMB1_VMB2;2001-09-16;2014-04-24;2
568;CZ0214017;91I0;CZ0814;VMB1_VMB2;2005-10-25;2017-06-21;2
575;CZ0714075;9110;CZ2613;VMB1_VMB2;2002-12-31;2012-10-04;2
575;CZ0714075;9110;CZ2632;VMB1_VMB2;2002-11-08;2013-08-06;2
575;CZ0714075;9110;CZ2667;VMB1_VMB2;2002-05-16;2013-07-25;2
575;CZ0714075;9110;CZ2671;VMB1_VMB2;2001-08-27;2012-07-25;2
575;CZ0714075;9110;CZ2714;VMB1_VMB2;2001-09-15;2010-07-17;2
576;CZ0714075;9410;CZ2632;VMB1_VMB2;2002-07-01;2013-08-06;2
576;CZ0714075;9410;CZ2667;VMB1_VMB2;2002-05-18;2013-07-25;2
576;CZ0714075;9410;CZ2671;VMB1_VMB2;2002-05-18;2012-07-25;2
576;CZ0714075;9410;CZ2714;VMB1_VMB2;2002-05-16;2010-08-28;2
577;CZ0714075;91D0;CZ2632;VMB1_VMB2;2002-05-18;2013-08-02;2
577;CZ0714075;91D0;CZ2667;VMB1_VMB2;2002-05-18;2013-07-24;2
577;CZ0714075;91D0;CZ2671;VMB1_VMB2;2002-05-18;2012-07-23;2
580;CZ0214044;9170;CZ0843;VMB1_VMB2;2005-03-11;2014-06-25;2
581;CZ0214044;9190;CZ0843;VMB1_VMB2;2005-03-11;2014-06-25;2
584;CZ0410414;9410;CZ0363;VMB2_VMB0;2010-09-02;2023-07-04;1
584;CZ0410414;9410;CZ0857;VMB2_VMB0;2009-08-10;2022-09-30;1
584;CZ0410414;9410;CZ0864;VMB1_VMB2;2003-06-20;2009-03-12;2
584;CZ0410414;9410;CZ3008;VMB1_VMB2;2003-06-20;2010-09-11;2
585;CZ0410414;91D0;CZ0363;VMB2_VMB0;2009-08-10;2023-06-28;1
585;CZ0410414;91D0;CZ0857;VMB2_VMB0;2009-04-27;2022-07-27;1
585;CZ0410414;91D0;CZ0864;VMB1_VMB2;2000-09-15;2009-03-12;2
585;CZ0410414;91D0;CZ3008;VMB1_VMB2;2003-06-20;2010-09-11;2
591;CZ0510508;9110;CZ3452;VMB2_VMB0;2009-08-04;2024-03-15;1
600;CZ0420528;9410;CZ0090;VMB1_VMB2;2005-08-23;2013-09-07;2
600;CZ0420528;9410;CZ3289;VMB1_VMB2;2002-05-17;2011-10-06;2
600;CZ0420528;9410;CZ3301;VMB1_VMB2;2005-09-24;2013-08-05;2
600;CZ0420528;9410;CZ3319;VMB1_VMB2;2002-05-17;2013-08-07;2
601;CZ0420528;91D0;CZ0090;VMB1_VMB2;2002-11-10;2013-09-07;2
601;CZ0420528;91D0;CZ3289;VMB1_VMB2;2002-05-17;2011-10-06;2
601;CZ0420528;91D0;CZ3301;VMB1_VMB2;2005-09-24;2013-08-05;2
601;CZ0420528;91D0;CZ3319;VMB1_VMB2;2005-09-11;2013-08-07;2
605;CZ0724120;91E0;CZ0559;VMB2_VMB0;2008-09-04;2020-04-28;1
606;CZ0724120;91F0;CZ0559;VMB2_VMB0;2008-09-02;2020-04-23;1
611;CZ0320053;9130;CZ0183;VMB1_VMB2;2003-09-17;2007-10-20;2
611;CZ0320053;9130;CZ2685;VMB1_VMB2;2002-08-27;2012-08-02;2
611;CZ0320053;9130;CZ2706;VMB1_VMB2;2002-07-31;2013-06-25;2
611;CZ0320053;9130;CZ2729;VMB1_VMB2;2003-09-17;2012-09-10;2
612;CZ0320053;9170;CZ0183;VMB1_VMB2;2003-09-17;2008-08-01;2
612;CZ0320053;9170;CZ0186;VMB2_VMB0;2007-08-26;2024-07-08;1
612;CZ0320053;9170;CZ2685;VMB1_VMB2;2002-08-28;2012-08-02;2
612;CZ0320053;9170;CZ2706;VMB1_VMB2;2002-07-30;2013-06-25;2
612;CZ0320053;9170;CZ2729;VMB1_VMB2;2003-09-17;2012-09-04;2
613;CZ0320053;9180;CZ0183;VMB1_VMB2;2003-09-17;2007-10-20;2
613;CZ0320053;9180;CZ2685;VMB1_VMB2;2002-08-28;2012-08-02;2
613;CZ0320053;9180;CZ2706;VMB1_VMB2;2002-07-31;2013-06-25;2
613;CZ0320053;9180;CZ2729;VMB1_VMB2;2003-09-17;2012-09-04;2
628;CZ0214013;9110;CZ0472;VMB1_VMB2;2005-08-11;2015-08-13;2
628;CZ0214013;9110;CZ0902;VMB1_VMB2;2005-08-10;2012-08-04;2
628;CZ0214013;9110;CZ0911;VMB1_VMB2;2005-08-27;2008-11-10;2
628;CZ0214013;9110;CZ0917;VMB1_VMB2;2002-10-16;2008-09-02;2
628;CZ0214013;9110;CZ3164;VMB1_VMB2;2002-06-11;2015-08-24;2
628;CZ0214013;9110;CZ3209;VMB1_VMB2;2005-08-16;2019-08-22;2
628;CZ0214013;9110;CZ3218;VMB1_VMB2;2002-10-22;2020-10-04;2
628;CZ0214013;9110;CZ3225;VMB1_VMB2;2005-08-16;2019-10-29;2
628;CZ0214013;9110;CZ3230;VMB1_VMB2;2005-08-10;2016-07-19;2
628;CZ0214013;9110;CZ3233;VMB1_VMB2;2005-08-16;2016-08-25;2
628;CZ0214013;9110;CZ3241;VMB1_VMB2;2002-10-26;2010-10-11;2
628;CZ0214013;9110;CZ3278;VMB1_VMB2;2005-08-10;2016-08-16;2
628;CZ0214013;9110;CZ3280;VMB1_VMB2;2002-09-12;2018-10-16;2
629;CZ0214013;91E0;CZ0472;VMB1_VMB2;2005-08-28;2015-08-13;2
629;CZ0214013;91E0;CZ0885;VMB1_VMB2;2003-11-04;2012-09-12;2
629;CZ0214013;91E0;CZ0911;VMB1_VMB2;2005-08-28;2008-11-01;2
629;CZ0214013;91E0;CZ0917;VMB1_VMB2;2001-08-11;2008-08-23;2
629;CZ0214013;91E0;CZ3103;VMB1_VMB2;2001-06-08;2015-07-10;2
629;CZ0214013;91E0;CZ3164;VMB1_VMB2;2005-08-28;2015-08-24;2
629;CZ0214013;91E0;CZ3230;VMB1_VMB2;2001-09-08;2016-07-07;2
629;CZ0214013;91E0;CZ3233;VMB1_VMB2;2002-09-06;2016-08-20;2
629;CZ0214013;91E0;CZ3278;VMB1_VMB2;2002-09-20;2016-08-14;2
631;CZ0420021;9110;CZ0128;VMB1_VMB2;2002-05-21;2014-04-07;2
631;CZ0420021;9110;CZ0131;VMB1_VMB2;2002-05-21;2014-08-21;2
632;CZ0420021;9130;CZ0128;VMB1_VMB2;2002-05-21;2014-04-07;2
632;CZ0420021;9130;CZ0131;VMB1_VMB2;2002-05-21;2014-08-21;2
633;CZ0420021;9180;CZ0128;VMB1_VMB2;2002-05-21;2014-04-07;2
633;CZ0420021;9180;CZ0131;VMB1_VMB2;2002-05-21;2014-08-21;2
641;CZ0420459;9170;CZ3322;VMB1_VMB2;2005-08-27;2015-09-17;2
642;CZ0420459;9180;CZ3322;VMB1_VMB2;2002-11-11;2015-05-02;2
645;CZ0420459;91H0;CZ3322;VMB1_VMB2;2002-08-09;2015-05-02;2
646;CZ0420459;91I0;CZ3322;VMB1_VMB2;2005-08-02;2015-05-02;2
652;CZ0720016;9170;CZ0116;VMB1_VMB2;2002-06-08;2013-08-28;2
653;CZ0720016;91E0;CZ0116;VMB1_VMB2;2002-06-02;2013-08-08;2
654;CZ0720016;91I0;CZ0116;VMB1_VMB2;2002-06-02;2013-08-05;2
658;CZ0210022;9170;CZ2780;VMB2_VMB0;2013-07-08;2025-07-14;1
659;CZ0210022;9190;CZ2780;VMB2_VMB0;2013-05-24;2025-07-14;1
662;CZ0520507;9130;CZ3085;VMB1_VMB2;2001-07-26;2013-08-28;2
662;CZ0520507;9130;CZ3142;VMB1_VMB2;2002-09-11;2018-09-23;2
663;CZ0520507;9180;CZ3085;VMB1_VMB2;2002-05-08;2013-08-28;2
663;CZ0520507;9180;CZ3142;VMB1_VMB2;2002-09-11;2018-09-23;2
664;CZ0510164;9130;CZ0900;VMB2_VMB0;2008-08-20;2022-08-02;1
664;CZ0510164;9130;CZ3161;VMB1_VMB2;2004-08-24;2017-09-12;2
664;CZ0510164;9130;CZ3195;VMB1_VMB2;2004-08-24;2017-08-25;2
665;CZ0510164;9170;CZ0900;VMB2_VMB0;2008-08-20;2022-08-02;1
665;CZ0510164;9170;CZ3161;VMB1_VMB2;2004-08-24;2017-09-12;2
665;CZ0510164;9170;CZ3195;VMB1_VMB2;2004-08-24;2017-08-25;2
666;CZ0510164;9180;CZ0900;VMB2_VMB0;2008-08-20;2022-07-28;1
666;CZ0510164;9180;CZ3195;VMB1_VMB2;2004-08-24;2017-08-25;2
667;CZ0510164;91E0;CZ0900;VMB2_VMB0;2008-08-20;2022-08-02;1
667;CZ0510164;91E0;CZ3161;VMB1_VMB2;2003-08-01;2017-04-15;2
676;CZ0530146;9110;CZ0815;VMB2_VMB0;2008-09-09;2022-08-28;1
676;CZ0530146;9110;CZ0819;VMB2_VMB0;2008-08-23;2023-09-03;1
676;CZ0530146;9110;CZ2732;VMB1_VMB2;2005-08-28;2010-07-02;2
677;CZ0530146;9410;CZ0815;VMB2_VMB0;2010-07-05;2022-08-29;1
677;CZ0530146;9410;CZ0819;VMB2_VMB0;2008-08-21;2023-09-03;1
677;CZ0530146;9410;CZ2732;VMB1_VMB2;2005-08-28;2010-07-10;2
678;CZ0530146;91D0;CZ2732;VMB1_VMB2;2005-08-28;2010-07-09;2
679;CZ0710161;9170;CZ0647;VMB2_VMB0;2008-04-29;2021-05-20;1
680;CZ0710161;91F0;CZ0647;VMB2_VMB0;2008-09-22;2021-05-20;1
684;CZ0410401;9410;CZ3063;VMB1_VMB2;2002-03-20;2010-07-10;2
684;CZ0410401;9410;CZ3073;VMB1_VMB2;2002-03-20;2010-08-22;2
685;CZ0410401;91D0;CZ0078;VMB1_VMB2;2001-05-22;2008-03-21;2
685;CZ0410401;91D0;CZ3063;VMB1_VMB2;2002-03-20;2010-07-10;2
685;CZ0410401;91D0;CZ3073;VMB1_VMB2;2002-03-20;2010-09-23;2
688;CZ0534053;9110;CZ0236;VMB2_VMB0;2008-07-28;2019-07-25;1
688;CZ0534053;9110;CZ0959;VMB2_VMB0;2008-11-04;2021-08-19;1
689;CZ0534053;9130;CZ0236;VMB1_VMB2;2003-06-20;2008-07-28;2
689;CZ0534053;9130;CZ0959;VMB2_VMB0;2008-11-04;2021-08-23;1
690;CZ0534053;9180;CZ0236;VMB2_VMB0;2008-07-28;2019-07-25;1
690;CZ0534053;9180;CZ0959;VMB2_VMB0;2008-11-04;2021-08-23;1
705;CZ0524044;9110;CZ0384;VMB1_VMB2;2005-08-08;2012-10-03;2
705;CZ0524044;9110;CZ0385;VMB2_VMB0;2009-08-18;2023-09-03;1
705;CZ0524044;9110;CZ0386;VMB1_VMB2;2001-10-11;2019-08-07;2
705;CZ0524044;9110;CZ0481;VMB1_VMB2;2002-07-15;2012-10-03;2
705;CZ0524044;9110;CZ0916;VMB1_VMB2;2002-07-15;2015-09-12;2
705;CZ0524044;9110;CZ0934;VMB2_VMB0;2013-07-23;2023-09-20;1
705;CZ0524044;9110;CZ0938;VMB1_VMB2;2005-09-24;2010-09-25;2
705;CZ0524044;9110;CZ0940;VMB1_VMB2;2005-09-18;2010-09-19;2
705;CZ0524044;9110;CZ3281;VMB1_VMB2;2002-07-15;2014-10-31;2
705;CZ0524044;9110;CZ3295;VMB1_VMB2;2004-06-16;2019-08-22;2
705;CZ0524044;9110;CZ3304;VMB1_VMB2;2002-07-15;2019-06-04;2
705;CZ0524044;9110;CZ3306;VMB1_VMB2;2002-07-15;2008-10-26;2
705;CZ0524044;9110;CZ3309;VMB2_VMB0;2002-07-17;2023-05-07;1
705;CZ0524044;9110;CZ3317;VMB1_VMB2;2002-07-15;2019-08-21;2
705;CZ0524044;9110;CZ3324;VMB2_VMB0;2012-06-23;2023-05-09;1
705;CZ0524044;9110;CZ3325;VMB1_VMB2;2002-07-15;2010-07-27;2
705;CZ0524044;9110;CZ3332;VMB2_VMB0;2010-09-03;2025-07-09;1
705;CZ0524044;9110;CZ3339;VMB1_VMB2;2002-06-05;2012-09-16;2
705;CZ0524044;9110;CZ3342;VMB2_VMB0;2009-09-21;2025-07-05;1
705;CZ0524044;9110;CZ3343;VMB1_VMB2;2002-07-15;2010-10-06;2
705;CZ0524044;9110;CZ3352;VMB1_VMB2;2003-07-20;2017-07-27;2
705;CZ0524044;9110;CZ3355;VMB1_VMB2;2002-12-31;2015-07-30;2
705;CZ0524044;9110;CZ3362;VMB1_VMB2;2005-09-30;2012-08-23;2
705;CZ0524044;9110;CZ3363;VMB2_VMB0;2009-10-28;2022-07-19;1
705;CZ0524044;9110;CZ3364;VMB1_VMB2;2003-07-20;2013-08-21;2
705;CZ0524044;9110;CZ3376;VMB1_VMB2;2005-07-22;2009-10-07;2
705;CZ0524044;9110;CZ3390;VMB1_VMB2;2005-10-07;2010-09-05;2
705;CZ0524044;9110;CZ3391;VMB1_VMB2;2005-07-22;2016-08-31;2
705;CZ0524044;9110;CZ3400;VMB2_VMB0;2010-09-05;2022-07-13;1
705;CZ0524044;9110;CZ3421;VMB2_VMB0;2008-09-03;2023-07-30;1
706;CZ0524044;9130;CZ0384;VMB1_VMB2;2002-07-15;2012-08-09;2
706;CZ0524044;9130;CZ0385;VMB2_VMB0;2009-08-18;2023-09-03;1
706;CZ0524044;9130;CZ0481;VMB1_VMB2;2002-07-15;2012-10-03;2
706;CZ0524044;9130;CZ0916;VMB1_VMB2;2004-04-20;2015-09-12;2
706;CZ0524044;9130;CZ0934;VMB2_VMB0;2009-08-26;2023-09-11;1
706;CZ0524044;9130;CZ0938;VMB1_VMB2;2002-07-15;2010-09-25;2
706;CZ0524044;9130;CZ3281;VMB1_VMB2;2002-07-15;2014-10-31;2
706;CZ0524044;9130;CZ3295;VMB1_VMB2;2002-08-18;2018-09-06;2
706;CZ0524044;9130;CZ3304;VMB1_VMB2;2002-07-15;2019-04-10;2
706;CZ0524044;9130;CZ3306;VMB2_VMB0;2008-10-16;2023-08-31;1
706;CZ0524044;9130;CZ3309;VMB2_VMB0;2002-12-31;2023-05-07;1
706;CZ0524044;9130;CZ3317;VMB1_VMB2;2002-07-15;2019-08-09;2
706;CZ0524044;9130;CZ3324;VMB2_VMB0;2002-12-31;2023-05-10;1
706;CZ0524044;9130;CZ3325;VMB1_VMB2;2002-07-15;2010-07-10;2
706;CZ0524044;9130;CZ3332;VMB2_VMB0;2010-09-02;2025-07-10;1
706;CZ0524044;9130;CZ3339;VMB1_VMB2;2004-06-21;2012-09-16;2
706;CZ0524044;9130;CZ3342;VMB1_VMB2;2002-12-31;2009-08-27;2
706;CZ0524044;9130;CZ3343;VMB1_VMB2;2003-07-15;2010-10-06;2
706;CZ0524044;9130;CZ3352;VMB1_VMB2;2003-07-20;2017-07-27;2
706;CZ0524044;9130;CZ3355;VMB1_VMB2;2002-12-31;2015-07-30;2
706;CZ0524044;9130;CZ3362;VMB1_VMB2;2002-07-15;2012-08-23;2
706;CZ0524044;9130;CZ3364;VMB1_VMB2;2003-07-20;2013-08-21;2
706;CZ0524044;9130;CZ3390;VMB1_VMB2;2002-07-15;2010-09-05;2
706;CZ0524044;9130;CZ3391;VMB1_VMB2;2001-09-27;2016-08-31;2
706;CZ0524044;9130;CZ3400;VMB1_VMB2;2002-07-15;2008-09-13;2
707;CZ0524044;9140;CZ0384;VMB1_VMB2;2005-08-08;2012-10-01;2
707;CZ0524044;9140;CZ0385;VMB2_VMB0;2009-08-21;2023-06-14;1
707;CZ0524044;9140;CZ0386;VMB1_VMB2;2001-10-04;2020-04-06;2
707;CZ0524044;9140;CZ0481;VMB1_VMB2;2002-07-15;2012-10-03;2
707;CZ0524044;9140;CZ0916;VMB1_VMB2;2002-07-15;2015-08-13;2
707;CZ0524044;9140;CZ0934;VMB1_VMB2;2002-07-15;2009-08-27;2
707;CZ0524044;9140;CZ0938;VMB1_VMB2;2001-10-18;2010-10-02;2
707;CZ0524044;9140;CZ0940;VMB1_VMB2;2001-10-17;2010-09-19;2
707;CZ0524044;9140;CZ3281;VMB1_VMB2;2002-07-15;2014-10-31;2
707;CZ0524044;9140;CZ3295;VMB1_VMB2;2002-07-15;2019-08-22;2
707;CZ0524044;9140;CZ3306;VMB1_VMB2;2002-06-04;2008-10-19;2
707;CZ0524044;9140;CZ3309;VMB2_VMB0;2002-06-28;2022-08-29;1
707;CZ0524044;9140;CZ3317;VMB1_VMB2;2002-07-15;2019-08-17;2
707;CZ0524044;9140;CZ3324;VMB2_VMB0;2002-06-06;2023-05-10;1
707;CZ0524044;9140;CZ3325;VMB1_VMB2;2002-07-15;2010-07-27;2
707;CZ0524044;9140;CZ3339;VMB1_VMB2;2004-06-22;2012-09-16;2
707;CZ0524044;9140;CZ3342;VMB1_VMB2;2002-12-31;2009-08-30;2
707;CZ0524044;9140;CZ3343;VMB1_VMB2;2002-07-15;2010-10-06;2
707;CZ0524044;9140;CZ3355;VMB1_VMB2;2002-05-31;2015-07-30;2
707;CZ0524044;9140;CZ3362;VMB1_VMB2;2002-07-15;2012-08-23;2
707;CZ0524044;9140;CZ3363;VMB2_VMB0;2009-09-10;2022-07-19;1
707;CZ0524044;9140;CZ3364;VMB1_VMB2;2002-07-18;2013-08-16;2
707;CZ0524044;9140;CZ3376;VMB1_VMB2;2002-05-27;2009-10-07;2
707;CZ0524044;9140;CZ3390;VMB1_VMB2;2005-10-07;2010-09-05;2
707;CZ0524044;9140;CZ3391;VMB1_VMB2;2001-10-25;2016-08-31;2
707;CZ0524044;9140;CZ3400;VMB2_VMB0;2008-08-29;2022-06-26;1
708;CZ0524044;9180;CZ0335;VMB2_VMB0;2007-09-24;2021-08-12;1
708;CZ0524044;9180;CZ0384;VMB1_VMB2;2002-07-15;2012-07-22;2
708;CZ0524044;9180;CZ0385;VMB2_VMB0;2009-07-26;2023-06-14;1
708;CZ0524044;9180;CZ0481;VMB1_VMB2;2002-07-15;2012-08-12;2
708;CZ0524044;9180;CZ0916;VMB1_VMB2;2002-07-15;2015-09-03;2
708;CZ0524044;9180;CZ0934;VMB2_VMB0;2009-08-20;2023-09-18;1
708;CZ0524044;9180;CZ3281;VMB1_VMB2;2002-07-15;2014-10-20;2
708;CZ0524044;9180;CZ3295;VMB1_VMB2;2002-07-15;2018-07-31;2
708;CZ0524044;9180;CZ3304;VMB1_VMB2;2002-07-15;2019-04-10;2
708;CZ0524044;9180;CZ3306;VMB1_VMB2;2002-07-15;2008-10-11;2
708;CZ0524044;9180;CZ3309;VMB2_VMB0;2002-07-15;2018-07-04;1
708;CZ0524044;9180;CZ3317;VMB1_VMB2;2002-07-15;2019-08-02;2
708;CZ0524044;9180;CZ3324;VMB2_VMB0;2002-06-14;2023-05-10;1
708;CZ0524044;9180;CZ3325;VMB1_VMB2;2002-07-15;2010-07-04;2
708;CZ0524044;9180;CZ3332;VMB2_VMB0;2009-08-06;2025-07-09;1
708;CZ0524044;9180;CZ3339;VMB2_VMB0;2002-06-04;2012-09-16;1
708;CZ0524044;9180;CZ3342;VMB2_VMB0;2009-08-25;2025-07-05;1
708;CZ0524044;9180;CZ3343;VMB1_VMB2;2004-05-27;2010-10-06;2
708;CZ0524044;9180;CZ3352;VMB1_VMB2;2003-07-20;2017-07-27;2
708;CZ0524044;9180;CZ3355;VMB1_VMB2;2002-05-30;2015-07-11;2
708;CZ0524044;9180;CZ3362;VMB2_VMB0;2012-08-21;2012-08-23;1
708;CZ0524044;9180;CZ3363;VMB2_VMB0;2009-10-28;2022-06-14;1
708;CZ0524044;9180;CZ3364;VMB1_VMB2;2003-07-20;2013-08-20;2
708;CZ0524044;9180;CZ3390;VMB2_VMB0;2008-08-22;2010-08-11;1
708;CZ0524044;9180;CZ3400;VMB2_VMB0;2008-08-29;2022-07-05;1
709;CZ0524044;9410;CZ0384;VMB1_VMB2;2005-08-04;2012-10-03;2
709;CZ0524044;9410;CZ0385;VMB2_VMB0;2019-08-03;2023-10-17;1
709;CZ0524044;9410;CZ0386;VMB1_VMB2;2002-06-06;2019-08-07;2
709;CZ0524044;9410;CZ0481;VMB1_VMB2;2002-07-15;2012-10-03;2
709;CZ0524044;9410;CZ0916;VMB1_VMB2;2002-07-15;2015-09-03;2
709;CZ0524044;9410;CZ0934;VMB2_VMB0;2010-09-02;2023-09-20;1
709;CZ0524044;9410;CZ0938;VMB1_VMB2;2005-09-28;2010-10-02;2
709;CZ0524044;9410;CZ0940;VMB1_VMB2;2005-10-19;2010-09-19;2
709;CZ0524044;9410;CZ3295;VMB1_VMB2;2002-07-15;2018-09-04;2
709;CZ0524044;9410;CZ3309;VMB2_VMB0;2002-08-29;2022-06-12;1
709;CZ0524044;9410;CZ3325;VMB1_VMB2;2002-07-15;2010-07-27;2
709;CZ0524044;9410;CZ3339;VMB1_VMB2;2004-06-23;2012-08-18;2
709;CZ0524044;9410;CZ3342;VMB2_VMB0;2009-08-30;2025-07-05;1
709;CZ0524044;9410;CZ3362;VMB1_VMB2;2002-07-15;2012-08-23;2
709;CZ0524044;9410;CZ3363;VMB2_VMB0;2009-10-05;2022-07-17;1
709;CZ0524044;9410;CZ3364;VMB1_VMB2;2002-07-15;2013-08-21;2
709;CZ0524044;9410;CZ3376;VMB1_VMB2;2005-07-22;2009-10-07;2
709;CZ0524044;9410;CZ3390;VMB1_VMB2;2005-10-08;2010-09-02;2
709;CZ0524044;9410;CZ3391;VMB1_VMB2;2006-02-20;2016-08-31;2
709;CZ0524044;9410;CZ3400;VMB2_VMB0;2008-08-25;2022-07-13;1
709;CZ0524044;9410;CZ3421;VMB2_VMB0;2009-10-13;2023-08-02;1
710;CZ0524044;91D0;CZ0384;VMB1_VMB2;2005-08-04;2012-09-04;2
710;CZ0524044;91D0;CZ0385;VMB2_VMB0;2009-08-24;2023-10-17;1
710;CZ0524044;91D0;CZ0386;VMB1_VMB2;2002-06-06;2019-08-04;2
710;CZ0524044;91D0;CZ0916;VMB1_VMB2;2002-07-15;2015-08-30;2
710;CZ0524044;91D0;CZ0938;VMB1_VMB2;2001-08-31;2010-09-02;2
710;CZ0524044;91D0;CZ3281;VMB1_VMB2;2002-07-15;2014-06-18;2
710;CZ0524044;91D0;CZ3295;VMB1_VMB2;2002-07-15;2017-06-07;2
710;CZ0524044;91D0;CZ3309;VMB2_VMB0;2001-10-07;2018-07-03;1
710;CZ0524044;91D0;CZ3325;VMB1_VMB2;2001-10-20;2010-07-27;2
710;CZ0524044;91D0;CZ3339;VMB1_VMB2;2002-05-25;2012-08-18;2
710;CZ0524044;91D0;CZ3362;VMB1_VMB2;2002-07-11;2012-08-22;2
710;CZ0524044;91D0;CZ3363;VMB1_VMB2;2002-07-15;2009-10-05;2
710;CZ0524044;91D0;CZ3376;VMB1_VMB2;2002-05-13;2009-10-05;2
710;CZ0524044;91D0;CZ3391;VMB1_VMB2;2001-10-14;2016-08-30;2
711;CZ0524044;91E0;CZ0335;VMB2_VMB0;2007-09-12;2021-08-12;1
711;CZ0524044;91E0;CZ0384;VMB1_VMB2;2005-08-08;2012-09-29;2
711;CZ0524044;91E0;CZ0385;VMB2_VMB0;2009-08-21;2023-10-13;1
711;CZ0524044;91E0;CZ0481;VMB1_VMB2;2003-07-10;2012-09-30;2
711;CZ0524044;91E0;CZ0916;VMB1_VMB2;2002-07-15;2015-09-12;2
711;CZ0524044;91E0;CZ0934;VMB2_VMB0;2009-08-27;2023-09-20;1
711;CZ0524044;91E0;CZ0938;VMB1_VMB2;2004-06-12;2010-10-02;2
711;CZ0524044;91E0;CZ0940;VMB1_VMB2;2005-10-17;2010-09-19;2
711;CZ0524044;91E0;CZ3281;VMB1_VMB2;2002-07-15;2014-10-23;2
711;CZ0524044;91E0;CZ3294;VMB1_VMB2;2003-09-18;2017-05-25;2
711;CZ0524044;91E0;CZ3295;VMB1_VMB2;2004-06-25;2018-07-31;2
711;CZ0524044;91E0;CZ3306;VMB2_VMB0;2009-07-27;2023-08-31;1
711;CZ0524044;91E0;CZ3309;VMB2_VMB0;2004-06-19;2022-08-29;1
711;CZ0524044;91E0;CZ3317;VMB1_VMB2;2003-08-22;2019-08-09;2
711;CZ0524044;91E0;CZ3324;VMB2_VMB0;2004-06-25;2023-05-10;1
711;CZ0524044;91E0;CZ3325;VMB1_VMB2;2002-07-01;2010-07-08;2
711;CZ0524044;91E0;CZ3332;VMB2_VMB0;2010-09-02;2025-08-07;1
711;CZ0524044;91E0;CZ3339;VMB1_VMB2;2004-06-24;2012-09-16;2
711;CZ0524044;91E0;CZ3342;VMB2_VMB0;2009-08-30;2025-07-05;1
711;CZ0524044;91E0;CZ3343;VMB1_VMB2;2004-06-13;2010-10-06;2
711;CZ0524044;91E0;CZ3352;VMB1_VMB2;2003-09-18;2017-07-27;2
711;CZ0524044;91E0;CZ3355;VMB1_VMB2;2004-06-23;2015-07-29;2
711;CZ0524044;91E0;CZ3362;VMB1_VMB2;2005-09-22;2012-08-23;2
711;CZ0524044;91E0;CZ3363;VMB2_VMB0;2009-08-18;2022-06-17;1
711;CZ0524044;91E0;CZ3364;VMB1_VMB2;2005-09-30;2013-08-20;2
711;CZ0524044;91E0;CZ3376;VMB1_VMB2;2004-06-23;2009-10-07;2
711;CZ0524044;91E0;CZ3390;VMB1_VMB2;2005-10-07;2010-09-02;2
711;CZ0524044;91E0;CZ3391;VMB1_VMB2;2005-07-22;2016-08-31;2
711;CZ0524044;91E0;CZ3400;VMB2_VMB0;2008-09-13;2022-07-05;1
712;CZ0210107;9150;CZ0167;VMB1_VMB2;2001-06-15;2016-05-19;2
713;CZ0210107;9180;CZ0167;VMB1_VMB2;2001-06-15;2016-05-19;2
714;CZ0210107;91I0;CZ0167;VMB1_VMB2;2003-10-20;2016-05-19;2
721;CZ0624064;9170;CZ0435;VMB2_VMB0;2010-07-04;2022-09-22;1
721;CZ0624064;9170;CZ0445;VMB1_VMB2;2002-10-21;2013-03-28;2
721;CZ0624064;9170;CZ0452;VMB2_VMB0;2010-07-24;2023-10-10;1
721;CZ0624064;9170;CZ1188;VMB1_VMB2;2002-08-21;2010-05-20;2
722;CZ0624064;91G0;CZ0435;VMB2_VMB0;2009-07-12;2022-05-31;1
722;CZ0624064;91G0;CZ0445;VMB1_VMB2;2002-10-21;2009-05-27;2
722;CZ0624064;91G0;CZ0452;VMB2_VMB0;2010-07-19;2023-09-23;1
723;CZ0624064;91I0;CZ0435;VMB2_VMB0;2009-07-12;2022-09-22;1
723;CZ0624064;91I0;CZ0452;VMB2_VMB0;2010-07-03;2023-09-18;1
730;CZ0414110;9140;CZ3310;VMB1_VMB2;2005-10-06;2010-09-06;2
730;CZ0414110;9140;CZ3330;VMB1_VMB2;2005-10-06;2014-09-15;2
731;CZ0414110;9410;CZ0361;VMB2_VMB0;2014-09-23;2022-10-26;1
731;CZ0414110;9410;CZ0366;VMB2_VMB0;2011-07-10;2022-07-29;1
731;CZ0414110;9410;CZ0367;VMB1_VMB2;2003-10-10;2010-11-02;2
731;CZ0414110;9410;CZ0919;VMB1_VMB2;2003-09-24;2008-12-01;2
731;CZ0414110;9410;CZ3283;VMB1_VMB2;2002-09-05;2016-09-25;2
731;CZ0414110;9410;CZ3285;VMB1_VMB2;2005-10-10;2011-08-20;2
731;CZ0414110;9410;CZ3301;VMB1_VMB2;2005-10-04;2013-08-05;2
731;CZ0414110;9410;CZ3310;VMB1_VMB2;2005-10-06;2010-09-07;2
731;CZ0414110;9410;CZ3314;VMB1_VMB2;2002-06-25;2015-07-08;2
731;CZ0414110;9410;CZ3330;VMB1_VMB2;2005-10-09;2014-09-30;2
731;CZ0414110;9410;CZ3331;VMB1_VMB2;2003-10-01;2014-09-23;2
731;CZ0414110;9410;CZ3348;VMB1_VMB2;2005-10-06;2014-10-20;2
731;CZ0414110;9410;CZ3349;VMB1_VMB2;2003-08-20;2015-09-09;2
732;CZ0414110;91D0;CZ0361;VMB2_VMB0;2009-07-20;2022-10-19;1
732;CZ0414110;91D0;CZ0366;VMB2_VMB0;2008-08-24;2022-07-29;1
732;CZ0414110;91D0;CZ0367;VMB1_VMB2;2003-10-10;2010-10-14;2
732;CZ0414110;91D0;CZ0919;VMB1_VMB2;2002-08-24;2008-12-01;2
732;CZ0414110;91D0;CZ3285;VMB1_VMB2;2005-10-10;2011-08-20;2
732;CZ0414110;91D0;CZ3310;VMB1_VMB2;2005-10-06;2010-09-07;2
732;CZ0414110;91D0;CZ3314;VMB1_VMB2;2002-05-10;2015-07-08;2
732;CZ0414110;91D0;CZ3330;VMB1_VMB2;2005-10-09;2014-09-30;2
732;CZ0414110;91D0;CZ3331;VMB1_VMB2;2002-11-01;2014-09-23;2
732;CZ0414110;91D0;CZ3348;VMB1_VMB2;2003-08-20;2014-10-20;2
732;CZ0414110;91D0;CZ3349;VMB1_VMB2;2005-10-05;2015-09-09;2
739;CZ0210409;9170;CZ2721;VMB1_VMB2;2003-06-24;2011-07-10;2
740;CZ0210409;9180;CZ2721;VMB1_VMB2;2003-06-24;2011-07-25;2
741;CZ0210409;91H0;CZ2721;VMB1_VMB2;2003-06-24;2011-07-25;2
743;CZ0624101;91G0;CZ0002;VMB1_VMB2;2004-09-29;2014-06-04;2
744;CZ0624101;91I0;CZ0002;VMB1_VMB2;2002-07-18;2014-06-04;2
747;CZ0624065;9150;CZ0632;VMB1_VMB2;2001-06-10;2017-10-19;2
748;CZ0624065;9170;CZ0632;VMB1_VMB2;2001-06-10;2017-10-19;2
749;CZ0624065;9180;CZ0632;VMB1_VMB2;2001-06-10;2017-10-19;2
750;CZ0624065;91H0;CZ0632;VMB1_VMB2;2001-06-10;2017-10-19;2
757;CZ0424111;9110;CZ0954;VMB1_VMB2;2003-05-08;2015-08-18;2
757;CZ0424111;9110;CZ3472;VMB1_VMB2;2003-05-01;2017-09-30;2
757;CZ0424111;9110;CZ3473;VMB1_VMB2;2003-05-01;2015-06-21;2
757;CZ0424111;9110;CZ3475;VMB1_VMB2;2002-12-31;2015-11-01;2
758;CZ0424111;9180;CZ3472;VMB1_VMB2;2001-10-11;2017-09-30;2
758;CZ0424111;9180;CZ3475;VMB1_VMB2;2002-05-30;2012-06-21;2
759;CZ0424111;91E0;CZ3472;VMB1_VMB2;2001-10-11;2017-09-30;2
759;CZ0424111;91E0;CZ3475;VMB1_VMB2;2002-05-31;2016-05-12;2
760;CZ0424111;91T0;CZ0954;VMB1_VMB2;2002-05-13;2015-08-18;2
760;CZ0424111;91T0;CZ3472;VMB1_VMB2;2002-12-31;2017-09-30;2
760;CZ0424111;91T0;CZ3473;VMB1_VMB2;2002-05-14;2015-06-21;2
760;CZ0424111;91T0;CZ3475;VMB1_VMB2;2002-12-31;2012-06-21;2
764;CZ0214008;9110;CZ0848;VMB1_VMB2;2003-07-18;2013-08-08;2
764;CZ0214008;9110;CZ2863;VMB1_VMB2;2002-06-25;2014-05-02;2
764;CZ0214008;9110;CZ2896;VMB1_VMB2;2003-05-31;2015-12-14;2
765;CZ0214008;9130;CZ0848;VMB1_VMB2;2003-09-06;2014-08-08;2
765;CZ0214008;9130;CZ2863;VMB1_VMB2;2003-09-13;2014-07-31;2
765;CZ0214008;9130;CZ2884;VMB1_VMB2;2002-07-07;2009-08-07;2
765;CZ0214008;9130;CZ2896;VMB1_VMB2;2003-05-31;2015-12-14;2
766;CZ0214008;9170;CZ0848;VMB1_VMB2;2003-08-24;2014-08-02;2
766;CZ0214008;9170;CZ2863;VMB1_VMB2;2003-09-13;2014-07-31;2
766;CZ0214008;9170;CZ2884;VMB1_VMB2;2002-07-07;2009-07-11;2
766;CZ0214008;9170;CZ2896;VMB1_VMB2;2003-08-24;2015-07-16;2
766;CZ0214008;9170;CZ2929;VMB1_VMB2;2003-06-21;2011-09-29;2
767;CZ0214008;9180;CZ0848;VMB1_VMB2;2003-09-07;2014-08-01;2
767;CZ0214008;9180;CZ2863;VMB1_VMB2;2003-09-14;2014-07-31;2
767;CZ0214008;9180;CZ2896;VMB1_VMB2;2002-12-31;2015-07-20;2
767;CZ0214008;9180;CZ2929;VMB1_VMB2;2003-06-21;2011-09-29;2
768;CZ0214008;9190;CZ0848;VMB1_VMB2;2003-07-18;2013-08-03;2
768;CZ0214008;9190;CZ2863;VMB1_VMB2;2002-07-07;2014-05-02;2
768;CZ0214008;9190;CZ2896;VMB1_VMB2;2003-05-26;2015-12-14;2
769;CZ0710034;9170;CZ2872;VMB1_VMB2;2005-08-10;2012-08-09;2
771;CZ0530174;91E0;CZ0774;VMB2_VMB0;2009-07-17;2023-05-30;1
772;CZ0620204;9170;CZ0456;VMB1_VMB2;2002-12-31;2015-06-19;2
775;CZ0710007;9170;CZ0627;VMB2_VMB0;2008-10-20;2022-08-18;1
776;CZ0710007;91E0;CZ0627;VMB2_VMB0;2008-10-20;2022-08-18;1
777;CZ0420455;9180;CZ3328;VMB2_VMB0;2010-10-26;2024-06-16;1
778;CZ0420455;91I0;CZ3328;VMB2_VMB0;2010-08-11;2024-06-16;1
788;CZ0714133;9110;CZ1791;VMB2_VMB0;2009-04-22;2024-08-14;1
788;CZ0714133;9110;CZ1797;VMB1_VMB2;2004-06-28;2020-06-16;2
788;CZ0714133;9110;CZ1820;VMB1_VMB2;2003-09-28;2012-08-07;2
788;CZ0714133;9110;CZ1822;VMB1_VMB2;2004-06-23;2012-09-09;2
788;CZ0714133;9110;CZ1859;VMB1_VMB2;2004-08-07;2013-06-18;2
788;CZ0714133;9110;CZ1873;VMB1_VMB2;2004-07-29;2015-10-10;2
788;CZ0714133;9110;CZ1877;VMB1_VMB2;2004-08-11;2013-06-18;2
789;CZ0714133;9130;CZ1791;VMB2_VMB0;2009-05-01;2025-05-22;1
789;CZ0714133;9130;CZ1797;VMB1_VMB2;2004-06-23;2020-06-16;2
789;CZ0714133;9130;CZ1820;VMB1_VMB2;2003-10-03;2012-08-07;2
789;CZ0714133;9130;CZ1822;VMB1_VMB2;2004-06-22;2012-09-09;2
789;CZ0714133;9130;CZ1831;VMB1_VMB2;2003-09-28;2012-07-29;2
789;CZ0714133;9130;CZ1873;VMB1_VMB2;2004-09-02;2015-10-10;2
789;CZ0714133;9130;CZ1877;VMB1_VMB2;2004-08-26;2013-07-02;2
789;CZ0714133;9130;CZ1908;VMB1_VMB2;2004-07-29;2013-09-06;2
789;CZ0714133;9130;CZ1952;VMB1_VMB2;2004-08-28;2013-07-31;2
789;CZ0714133;9130;CZ2000;VMB1_VMB2;2004-05-02;2017-09-09;2
789;CZ0714133;9130;CZ2009;VMB2_VMB0;2004-08-15;2025-10-22;1
789;CZ0714133;9130;CZ2010;VMB1_VMB2;2004-09-11;2020-08-16;2
789;CZ0714133;9130;CZ2021;VMB1_VMB2;2004-07-31;2013-07-09;2
790;CZ0714133;9170;CZ1791;VMB2_VMB0;2009-05-03;2025-06-23;1
790;CZ0714133;9170;CZ1797;VMB1_VMB2;2003-09-12;2020-06-16;2
790;CZ0714133;9170;CZ1820;VMB1_VMB2;2003-09-15;2012-08-07;2
790;CZ0714133;9170;CZ1822;VMB1_VMB2;2002-10-08;2012-09-06;2
790;CZ0714133;9170;CZ1831;VMB1_VMB2;2004-06-20;2012-07-29;2
790;CZ0714133;9170;CZ1873;VMB1_VMB2;2004-10-21;2015-10-03;2
790;CZ0714133;9170;CZ2009;VMB2_VMB0;2004-08-20;2025-10-22;1
790;CZ0714133;9170;CZ2010;VMB1_VMB2;2004-08-26;2020-08-26;2
791;CZ0714133;9180;CZ1791;VMB2_VMB0;2009-05-03;2025-06-23;1
791;CZ0714133;9180;CZ1797;VMB1_VMB2;2003-09-14;2020-06-14;2
791;CZ0714133;9180;CZ1820;VMB1_VMB2;2004-09-02;2012-08-07;2
791;CZ0714133;9180;CZ1822;VMB1_VMB2;2002-10-08;2012-09-09;2
791;CZ0714133;9180;CZ1831;VMB1_VMB2;2004-09-02;2012-07-22;2
791;CZ0714133;9180;CZ1873;VMB1_VMB2;2004-08-25;2015-10-10;2
791;CZ0714133;9180;CZ1877;VMB1_VMB2;2004-09-02;2013-07-02;2
791;CZ0714133;9180;CZ1908;VMB1_VMB2;2004-08-16;2013-09-06;2
791;CZ0714133;9180;CZ1952;VMB1_VMB2;2004-08-19;2013-07-22;2
791;CZ0714133;9180;CZ2000;VMB1_VMB2;2003-09-11;2017-09-09;2
791;CZ0714133;9180;CZ2009;VMB2_VMB0;2004-08-20;2025-10-22;1
791;CZ0714133;9180;CZ2010;VMB1_VMB2;2004-08-02;2020-07-14;2
791;CZ0714133;9180;CZ2021;VMB1_VMB2;2004-08-01;2013-07-13;2
793;CZ0714133;91E0;CZ1791;VMB2_VMB0;2009-05-03;2025-06-23;1
793;CZ0714133;91E0;CZ1797;VMB1_VMB2;2004-06-11;2020-06-16;2
793;CZ0714133;91E0;CZ1822;VMB1_VMB2;2004-06-11;2012-09-09;2
793;CZ0714133;91E0;CZ1873;VMB1_VMB2;2003-09-02;2015-06-16;2
793;CZ0714133;91E0;CZ2009;VMB2_VMB0;2004-08-09;2025-10-21;1
793;CZ0714133;91E0;CZ2010;VMB1_VMB2;2004-08-27;2020-08-26;2
798;CZ0214009;91F0;CZ0832;VMB1_VMB2;2005-12-20;2017-04-25;2
798;CZ0214009;91F0;CZ0844;VMB1_VMB2;2005-09-08;2015-10-03;2
799;CZ0310014;9110;CZ1380;VMB1_VMB2;2003-10-15;2015-10-03;2
800;CZ0310014;9130;CZ1380;VMB1_VMB2;2003-10-15;2015-08-23;2
801;CZ0310014;9180;CZ1380;VMB1_VMB2;2003-10-15;2015-07-11;2
803;CZ0810021;9180;CZ0510;VMB1_VMB2;2001-08-11;2008-09-28;2
807;CZ0420500;9110;CZ0138;VMB1_VMB2;2003-05-15;2012-08-10;2
807;CZ0420500;9110;CZ3459;VMB1_VMB2;2001-08-30;2012-06-03;2
808;CZ0420500;9180;CZ0138;VMB1_VMB2;2003-05-15;2012-08-11;2
811;CZ0530500;9110;CZ0768;VMB2_VMB0;2008-08-07;2020-09-29;1
811;CZ0530500;9110;CZ2495;VMB1_VMB2;2002-06-21;2016-08-26;2
812;CZ0530500;9130;CZ0768;VMB2_VMB0;2008-08-07;2020-07-29;1
812;CZ0530500;9130;CZ2495;VMB1_VMB2;2005-08-03;2016-08-26;2
813;CZ0530500;9180;CZ0768;VMB2_VMB0;2008-08-07;2020-09-29;1
813;CZ0530500;9180;CZ2495;VMB1_VMB2;2004-05-01;2016-08-12;2
816;CZ0420454;9180;CZ3328;VMB2_VMB0;2010-09-03;2024-06-16;1
818;CZ0530503;9110;CZ0986;VMB2_VMB0;2010-06-23;2023-09-28;1
818;CZ0530503;9110;CZ2659;VMB1_VMB2;2005-08-12;2010-07-02;2
819;CZ0530503;9130;CZ0986;VMB2_VMB0;2008-08-27;2023-09-10;1
819;CZ0530503;9130;CZ2659;VMB1_VMB2;2002-08-06;2010-07-04;2
824;CZ0714073;9170;CZ0035;VMB1_VMB2;2001-06-05;2017-05-03;2
824;CZ0714073;9170;CZ0290;VMB1_VMB2;2002-06-26;2007-11-23;2
824;CZ0714073;9170;CZ0518;VMB1_VMB2;2002-06-20;2010-09-23;2
824;CZ0714073;9170;CZ0712;VMB1_VMB2;2002-11-08;2013-11-28;2
824;CZ0714073;9170;CZ0743;VMB1_VMB2;2001-06-18;2008-10-09;2
824;CZ0714073;9170;CZ2124;VMB1_VMB2;2002-11-22;2014-06-04;2
825;CZ0714073;91E0;CZ0035;VMB1_VMB2;2005-09-13;2017-05-18;2
825;CZ0714073;91E0;CZ0290;VMB1_VMB2;2002-06-10;2007-11-04;2
825;CZ0714073;91E0;CZ0518;VMB1_VMB2;2002-06-15;2010-09-23;2
825;CZ0714073;91E0;CZ0712;VMB1_VMB2;2002-11-08;2013-11-27;2
825;CZ0714073;91E0;CZ0743;VMB2_VMB0;2008-10-09;2022-10-26;1
825;CZ0714073;91E0;CZ1892;VMB2_VMB0;2009-07-13;2022-09-30;1
825;CZ0714073;91E0;CZ1975;VMB1_VMB2;2001-07-20;2012-07-20;2
825;CZ0714073;91E0;CZ2111;VMB1_VMB2;2002-11-08;2014-04-23;2
825;CZ0714073;91E0;CZ2124;VMB1_VMB2;2002-11-22;2014-05-21;2
826;CZ0714073;91F0;CZ0035;VMB1_VMB2;2003-12-22;2017-05-18;2
826;CZ0714073;91F0;CZ0290;VMB1_VMB2;2002-06-10;2007-11-23;2
826;CZ0714073;91F0;CZ0518;VMB1_VMB2;2003-12-22;2010-09-23;2
826;CZ0714073;91F0;CZ0712;VMB1_VMB2;2003-12-22;2013-11-28;2
826;CZ0714073;91F0;CZ0743;VMB2_VMB0;2008-10-09;2022-09-15;1
826;CZ0714073;91F0;CZ1892;VMB2_VMB0;2009-07-14;2023-05-27;1
826;CZ0714073;91F0;CZ1975;VMB1_VMB2;2002-10-24;2012-07-20;2
826;CZ0714073;91F0;CZ2068;VMB1_VMB2;2002-10-14;2012-07-10;2
826;CZ0714073;91F0;CZ2111;VMB1_VMB2;2002-10-24;2013-06-13;2
826;CZ0714073;91F0;CZ2124;VMB1_VMB2;2002-11-08;2014-05-04;2
834;CZ0414027;91E0;CZ0468;VMB1_VMB2;2003-06-16;2018-05-28;2
834;CZ0414027;91E0;CZ3049;VMB1_VMB2;2003-06-16;2010-06-21;2
846;CZ0210011;9170;CZ0808;VMB2_VMB0;2017-04-23;2025-06-03;1
847;CZ0424140;91F0;CZ0143;VMB2_VMB0;2007-07-06;2022-04-15;1
850;CZ0424037;9110;CZ0924;VMB2_VMB0;2014-07-03;2024-07-02;1
851;CZ0424037;9170;CZ0924;VMB2_VMB0;2015-06-18;2024-07-02;1
852;CZ0424037;9180;CZ0924;VMB2_VMB0;2014-07-29;2024-07-02;1
855;CZ0624129;9130;CZ0465;VMB1_VMB2;2004-08-05;2012-07-24;2
855;CZ0624129;9130;CZ1484;VMB1_VMB2;2004-09-09;2009-05-22;2
857;CZ0420520;9110;CZ0951;VMB1_VMB2;2001-08-15;2009-09-02;2
858;CZ0420520;9130;CZ0951;VMB1_VMB2;2002-12-31;2008-09-20;2
859;CZ0420520;9180;CZ0951;VMB1_VMB2;2001-08-15;2008-09-11;2
862;CZ0210714;91E0;CZ2656;VMB1_VMB2;2001-05-02;2014-08-02;2
863;CZ0210714;91F0;CZ2656;VMB1_VMB2;2001-05-02;2014-05-26;2
876;CZ0620101;91I0;CZ1172;VMB1_VMB2;2005-09-06;2012-07-11;2
881;CZ0420416;9130;CZ0931;VMB1_VMB2;2002-05-01;2015-08-19;2
882;CZ0420416;9180;CZ0931;VMB1_VMB2;2002-05-01;2015-08-19;2
884;CZ0420416;91E0;CZ0931;VMB1_VMB2;2002-05-01;2015-08-19;2
889;CZ0520022;9170;CZ0873;VMB1_VMB2;2002-05-23;2016-08-06;2
894;CZ0214006;9170;CZ0188;VMB2_VMB0;2010-07-08;2022-10-21;1
894;CZ0214006;9170;CZ0995;VMB2_VMB0;2009-07-19;2022-06-18;1
894;CZ0214006;9170;CZ2953;VMB2_VMB0;2009-07-22;2022-05-26;1
895;CZ0214006;9190;CZ0188;VMB2_VMB0;2010-07-08;2022-10-20;1
895;CZ0214006;9190;CZ0995;VMB2_VMB0;2009-07-19;2022-06-18;1
895;CZ0214006;9190;CZ2953;VMB2_VMB0;2010-07-08;2022-10-22;1
898;CZ0624100;91G0;CZ0001;VMB1_VMB2;2002-06-20;2013-09-05;2
898;CZ0624100;91G0;CZ1031;VMB1_VMB2;2002-08-11;2011-08-20;2
898;CZ0624100;91G0;CZ1037;VMB1_VMB2;2002-08-04;2011-09-24;2
899;CZ0624100;91H0;CZ0001;VMB1_VMB2;2002-06-20;2013-09-05;2
899;CZ0624100;91H0;CZ1031;VMB1_VMB2;2002-10-12;2011-08-02;2
900;CZ0624100;91I0;CZ0001;VMB1_VMB2;2002-06-20;2013-09-05;2
900;CZ0624100;91I0;CZ1031;VMB1_VMB2;2005-06-10;2011-08-20;2
911;CZ0714085;91E0;CZ0618;VMB2_VMB0;2008-05-25;2023-04-22;1
911;CZ0714085;91E0;CZ0647;VMB2_VMB0;2008-09-23;2021-10-15;1
911;CZ0714085;91E0;CZ1460;VMB1_VMB2;2001-09-09;2014-05-13;2
911;CZ0714085;91E0;CZ1561;VMB2_VMB0;2010-06-26;2023-06-03;1
911;CZ0714085;91E0;CZ1605;VMB2_VMB0;2010-09-21;2023-05-31;1
911;CZ0714085;91E0;CZ1648;VMB1_VMB2;2001-07-07;2009-05-18;2
911;CZ0714085;91E0;CZ1764;VMB1_VMB2;2004-05-15;2012-09-17;2
912;CZ0714085;91F0;CZ0613;VMB2_VMB0;2014-04-19;2022-08-03;1
912;CZ0714085;91F0;CZ0618;VMB2_VMB0;2014-04-07;2023-04-24;1
912;CZ0714085;91F0;CZ0647;VMB2_VMB0;2008-09-23;2021-10-15;1
912;CZ0714085;91F0;CZ1460;VMB1_VMB2;2001-09-15;2014-05-13;2
912;CZ0714085;91F0;CZ1561;VMB2_VMB0;2010-06-26;2023-06-03;1
912;CZ0714085;91F0;CZ1567;VMB1_VMB2;2002-08-20;2012-06-16;2
912;CZ0714085;91F0;CZ1605;VMB2_VMB0;2010-09-21;2023-06-05;1
912;CZ0714085;91F0;CZ1648;VMB2_VMB0;2009-05-18;2022-05-03;1
915;CZ0813456;91E0;CZ0759;VMB2_VMB0;2016-07-24;2022-09-13;1
915;CZ0813456;91E0;CZ0761;VMB1_VMB2;2002-10-23;2008-10-28;2
915;CZ0813456;91E0;CZ2286;VMB1_VMB2;2003-09-27;2016-07-24;2
915;CZ0813456;91E0;CZ2399;VMB1_VMB2;2002-10-23;2017-05-19;2
915;CZ0813456;91E0;CZ2436;VMB1_VMB2;2002-06-04;2009-10-27;2
916;CZ0530034;9110;CZ0050;VMB1_VMB2;2004-06-25;2013-09-19;2
917;CZ0530034;9130;CZ0050;VMB1_VMB2;2005-09-03;2013-09-19;2
918;CZ0530034;91E0;CZ0050;VMB1_VMB2;2004-06-10;2013-09-19;2
927;CZ0624130;9130;CZ0105;VMB1_VMB2;2004-08-10;2014-07-01;2
927;CZ0624130;9130;CZ0463;VMB1_VMB2;2002-07-15;2008-03-03;2
927;CZ0624130;9130;CZ0465;VMB1_VMB2;2003-08-05;2012-07-24;2
927;CZ0624130;9130;CZ0593;VMB2_VMB0;2010-09-07;2024-10-04;1
927;CZ0624130;9130;CZ0964;VMB1_VMB2;2003-05-13;2010-06-14;2
927;CZ0624130;9130;CZ1397;VMB1_VMB2;2001-05-06;2018-09-19;2
927;CZ0624130;9130;CZ1432;VMB1_VMB2;2001-08-01;2013-06-14;2
927;CZ0624130;9130;CZ1456;VMB1_VMB2;2003-10-15;2013-10-02;2
927;CZ0624130;9130;CZ1484;VMB1_VMB2;2003-08-05;2009-04-26;2
927;CZ0624130;9130;CZ1493;VMB1_VMB2;2001-09-07;2012-09-04;2
927;CZ0624130;9130;CZ1569;VMB1_VMB2;2005-08-19;2013-08-08;2
927;CZ0624130;9130;CZ1613;VMB1_VMB2;2005-08-19;2010-09-14;2
927;CZ0624130;9130;CZ1672;VMB1_VMB2;2002-07-15;2012-10-03;2
928;CZ0624130;9150;CZ0105;VMB1_VMB2;2002-07-15;2011-11-04;2
928;CZ0624130;9150;CZ0463;VMB1_VMB2;2002-07-15;2008-01-03;2
928;CZ0624130;9150;CZ0465;VMB1_VMB2;2001-08-01;2012-07-24;2
928;CZ0624130;9150;CZ1456;VMB1_VMB2;2001-08-01;2013-10-02;2
928;CZ0624130;9150;CZ1493;VMB1_VMB2;2001-08-01;2012-08-19;2
928;CZ0624130;9150;CZ1569;VMB1_VMB2;2002-07-15;2013-08-02;2
928;CZ0624130;9150;CZ1613;VMB1_VMB2;2002-07-15;2010-07-25;2
928;CZ0624130;9150;CZ1672;VMB1_VMB2;2002-07-15;2012-09-26;2
929;CZ0624130;9170;CZ0105;VMB1_VMB2;2004-08-10;2011-11-04;2
929;CZ0624130;9170;CZ0463;VMB1_VMB2;2002-07-15;2008-01-10;2
929;CZ0624130;9170;CZ0465;VMB1_VMB2;2003-08-05;2012-07-24;2
929;CZ0624130;9170;CZ0587;VMB1_VMB2;2002-07-15;2014-06-22;2
929;CZ0624130;9170;CZ0593;VMB2_VMB0;2010-09-07;2024-10-04;1
929;CZ0624130;9170;CZ0964;VMB1_VMB2;2003-05-13;2010-06-14;2
929;CZ0624130;9170;CZ1432;VMB1_VMB2;2002-07-15;2014-05-27;2
929;CZ0624130;9170;CZ1456;VMB1_VMB2;2003-08-05;2013-10-02;2
929;CZ0624130;9170;CZ1484;VMB1_VMB2;2003-08-05;2009-04-26;2
929;CZ0624130;9170;CZ1493;VMB1_VMB2;2001-09-07;2012-09-04;2
929;CZ0624130;9170;CZ1569;VMB1_VMB2;2002-07-15;2013-08-08;2
929;CZ0624130;9170;CZ1613;VMB1_VMB2;2003-08-05;2010-09-14;2
929;CZ0624130;9170;CZ1665;VMB1_VMB2;2002-07-15;2012-10-20;2
929;CZ0624130;9170;CZ1672;VMB1_VMB2;2002-07-15;2012-10-03;2
930;CZ0624130;9180;CZ0105;VMB1_VMB2;2005-07-06;2011-11-04;2
930;CZ0624130;9180;CZ0463;VMB1_VMB2;2005-07-06;2008-01-10;2
930;CZ0624130;9180;CZ0465;VMB1_VMB2;2002-07-15;2012-07-24;2
930;CZ0624130;9180;CZ0593;VMB2_VMB0;2010-09-06;2024-09-24;1
930;CZ0624130;9180;CZ0964;VMB1_VMB2;2001-07-01;2010-06-10;2
930;CZ0624130;9180;CZ1432;VMB1_VMB2;2001-08-01;2013-05-09;2
930;CZ0624130;9180;CZ1456;VMB1_VMB2;2003-10-15;2013-10-02;2
930;CZ0624130;9180;CZ1484;VMB1_VMB2;2002-07-15;2009-04-01;2
930;CZ0624130;9180;CZ1493;VMB1_VMB2;2001-09-07;2012-09-02;2
930;CZ0624130;9180;CZ1569;VMB1_VMB2;2002-07-15;2013-08-08;2
930;CZ0624130;9180;CZ1613;VMB1_VMB2;2002-07-15;2010-07-25;2
930;CZ0624130;9180;CZ1665;VMB1_VMB2;2002-07-15;2012-10-20;2
930;CZ0624130;9180;CZ1672;VMB1_VMB2;2002-07-15;2012-10-03;2
931;CZ0624130;91E0;CZ0105;VMB1_VMB2;2005-07-06;2011-07-14;2
931;CZ0624130;91E0;CZ0463;VMB1_VMB2;2002-07-15;2008-01-10;2
931;CZ0624130;91E0;CZ0465;VMB1_VMB2;2002-07-15;2012-07-24;2
931;CZ0624130;91E0;CZ0593;VMB2_VMB0;2010-09-07;2024-09-04;1
931;CZ0624130;91E0;CZ0964;VMB1_VMB2;2005-06-22;2010-06-10;2
931;CZ0624130;91E0;CZ1432;VMB1_VMB2;2001-07-25;2013-06-07;2
931;CZ0624130;91E0;CZ1456;VMB1_VMB2;2001-08-05;2013-08-27;2
931;CZ0624130;91E0;CZ1493;VMB1_VMB2;2001-08-05;2012-09-02;2
931;CZ0624130;91E0;CZ1569;VMB1_VMB2;2002-07-15;2013-08-06;2
931;CZ0624130;91E0;CZ1613;VMB1_VMB2;2002-07-15;2010-07-25;2
932;CZ0624130;91G0;CZ0587;VMB1_VMB2;2001-06-01;2014-06-22;2
932;CZ0624130;91G0;CZ0593;VMB2_VMB0;2010-09-06;2025-05-18;1
932;CZ0624130;91G0;CZ0964;VMB1_VMB2;2003-05-03;2010-06-14;2
933;CZ0624130;91H0;CZ0105;VMB1_VMB2;2005-07-06;2011-11-04;2
933;CZ0624130;91H0;CZ0463;VMB1_VMB2;2002-07-15;2007-11-22;2
933;CZ0624130;91H0;CZ0593;VMB2_VMB0;2010-09-01;2024-09-24;1
933;CZ0624130;91H0;CZ0964;VMB1_VMB2;2001-07-01;2010-06-06;2
933;CZ0624130;91H0;CZ1456;VMB1_VMB2;2001-07-20;2013-08-01;2
933;CZ0624130;91H0;CZ1493;VMB1_VMB2;2001-08-01;2012-08-19;2
934;CZ0210421;9170;CZ2630;VMB1_VMB2;2003-12-07;2021-07-28;2
935;CZ0210421;91H0;CZ2630;VMB1_VMB2;2003-09-05;2021-07-28;2
937;CZ0624103;91E0;CZ0004;VMB1_VMB2;2004-04-28;2014-07-10;2
937;CZ0624103;91E0;CZ0444;VMB2_VMB0;2007-06-21;2021-06-28;1
937;CZ0624103;91E0;CZ1080;VMB2_VMB0;2009-10-21;2024-08-31;1
938;CZ0624103;91F0;CZ0004;VMB1_VMB2;2004-05-01;2014-08-07;2
938;CZ0624103;91F0;CZ1080;VMB2_VMB0;2009-10-20;2024-08-31;1
940;CZ0420015;9170;CZ0470;VMB1_VMB2;2002-05-01;2014-09-16;2
941;CZ0420015;91F0;CZ0470;VMB1_VMB2;2002-05-01;2014-04-13;2
947;CZ0420008;91U0;CZ0091;VMB2_VMB0;2006-08-17;2022-05-21;1
956;CZ0720428;9130;CZ0109;VMB2_VMB0;2010-08-15;2023-05-23;1
956;CZ0720428;9130;CZ0122;VMB2_VMB0;2010-08-28;2024-04-07;1
956;CZ0720428;9130;CZ0123;VMB1_VMB2;2002-05-16;2013-08-02;2
956;CZ0720428;9130;CZ1124;VMB1_VMB2;2002-08-14;2013-08-15;2
957;CZ0720428;9170;CZ0109;VMB2_VMB0;2013-07-29;2022-10-24;1
957;CZ0720428;9170;CZ0122;VMB2_VMB0;2010-09-13;2024-04-09;1
957;CZ0720428;9170;CZ0123;VMB1_VMB2;2005-04-01;2013-08-02;2
965;CZ0420035;9410;CZ0132;VMB2_VMB0;2009-01-30;2025-06-26;1
966;CZ0420035;91D0;CZ0132;VMB2_VMB0;2009-01-29;2025-06-26;1
980;CZ0724121;9130;CZ0614;VMB1_VMB2;2003-05-09;2008-09-15;2
981;CZ0724121;9170;CZ0614;VMB1_VMB2;2003-05-09;2008-06-21;2
987;CZ0410021;9410;CZ3073;VMB1_VMB2;2002-09-10;2010-09-23;2
988;CZ0410021;91D0;CZ3073;VMB1_VMB2;2002-09-10;2010-09-21;2
989;CZ0724107;91F0;CZ1150;VMB1_VMB2;2004-08-15;2009-08-17;2
990;CZ0520030;9170;CZ0072;VMB2_VMB0;2007-08-07;2021-06-16;1
990;CZ0520030;9170;CZ0375;VMB2_VMB0;2007-08-18;2021-08-10;1
990;CZ0520030;9170;CZ0855;VMB2_VMB0;2010-08-31;2021-08-10;1
990;CZ0520030;9170;CZ2830;VMB1_VMB2;2001-08-20;2012-06-07;2
990;CZ0520030;9170;CZ2871;VMB1_VMB2;2001-07-30;2010-09-22;2
991;CZ0520030;91E0;CZ0072;VMB2_VMB0;2006-09-23;2021-06-16;1
1001;CZ0624099;91E0;CZ1019;VMB1_VMB2;2002-05-19;2014-09-07;2
1001;CZ0624099;91E0;CZ1037;VMB2_VMB0;2011-09-19;2025-09-02;1
1002;CZ0624099;91F0;CZ0436;VMB1_VMB2;2002-05-19;2014-09-14;2
1002;CZ0624099;91F0;CZ1019;VMB1_VMB2;2005-09-14;2014-09-07;2
1002;CZ0624099;91F0;CZ1037;VMB2_VMB0;2014-07-21;2025-09-03;1
1006;CZ0214041;91E0;CZ2265;VMB1_VMB2;2004-09-16;2011-10-17;2
1006;CZ0214041;91E0;CZ2345;VMB1_VMB2;2004-05-20;2014-05-05;2
1008;CZ0810004;9170;CZ0661;VMB1_VMB2;2001-11-08;2014-08-29;2
1008;CZ0810004;9170;CZ0663;VMB1_VMB2;2001-11-08;2008-07-26;2
1008;CZ0810004;9170;CZ0669;VMB1_VMB2;2005-09-23;2008-08-20;2
1009;CZ0810004;91E0;CZ0661;VMB1_VMB2;2001-11-09;2014-04-24;2
1009;CZ0810004;91E0;CZ0669;VMB1_VMB2;2005-09-23;2008-08-03;2
1013;CZ0324026;91E0;CZ0220;VMB1_VMB2;2005-03-17;2012-06-01;2
1013;CZ0324026;91E0;CZ0222;VMB2_VMB0;2008-10-19;2022-08-08;1
1013;CZ0324026;91E0;CZ0223;VMB1_VMB2;2005-03-17;2010-04-28;2
1019;CZ0420144;9410;CZ3365;VMB1_VMB2;2001-05-21;2014-09-15;2
1019;CZ0420144;9410;CZ3371;VMB1_VMB2;2001-07-05;2015-09-05;2
1019;CZ0420144;9410;CZ3379;VMB1_VMB2;2002-05-12;2015-07-21;2
1019;CZ0420144;9410;CZ3401;VMB1_VMB2;2002-05-12;2015-09-02;2
1020;CZ0420144;91D0;CZ3365;VMB1_VMB2;2001-05-18;2014-09-15;2
1020;CZ0420144;91D0;CZ3371;VMB1_VMB2;2005-09-19;2015-09-05;2
1020;CZ0420144;91D0;CZ3379;VMB1_VMB2;2002-05-12;2015-07-21;2
1020;CZ0420144;91D0;CZ3401;VMB1_VMB2;2002-05-10;2015-09-02;2
1029;CZ0624071;91E0;CZ1033;VMB2_VMB0;2018-05-08;2025-06-25;1
1030;CZ0624071;91F0;CZ1033;VMB2_VMB0;2018-05-08;2025-06-25;1
1034;CZ0620169;91G0;CZ0441;VMB2_VMB0;2007-11-21;2021-09-30;1
1035;CZ0620169;91I0;CZ0441;VMB2_VMB0;2007-07-26;2021-06-12;1
1038;CZ0813516;91E0;CZ1810;VMB1_VMB2;2004-09-01;2021-02-04;2
1042;CZ0420501;91D0;CZ0130;VMB1_VMB2;2001-09-10;2012-08-17;2
1043;CZ0420501;91E0;CZ0130;VMB1_VMB2;2001-09-10;2012-08-17;2
1045;CZ0720190;9130;CZ0596;VMB1_VMB2;2001-08-01;2014-08-05;2
1058;CZ0524049;91E0;CZ0063;VMB2_VMB0;2006-09-14;2022-09-23;1
1058;CZ0524049;91E0;CZ0368;VMB2_VMB0;2007-07-28;2022-07-02;1
1058;CZ0524049;91E0;CZ0388;VMB2_VMB0;2007-09-15;2022-09-13;1
1058;CZ0524049;91E0;CZ0793;VMB2_VMB0;2008-09-17;2023-05-13;1
1058;CZ0524049;91E0;CZ0804;VMB2_VMB0;2008-09-17;2024-06-12;1
1058;CZ0524049;91E0;CZ0827;VMB2_VMB0;2008-07-24;2022-07-26;1
1058;CZ0524049;91E0;CZ0834;VMB1_VMB2;2005-08-08;2012-09-10;2
1058;CZ0524049;91E0;CZ0837;VMB1_VMB2;2005-10-10;2016-05-12;2
1058;CZ0524049;91E0;CZ0840;VMB1_VMB2;2005-06-09;2014-06-02;2
1058;CZ0524049;91E0;CZ2640;VMB1_VMB2;2005-07-08;2015-09-22;2
1058;CZ0524049;91E0;CZ2834;VMB1_VMB2;2002-08-15;2013-09-14;2
1059;CZ0524049;91F0;CZ0793;VMB1_VMB2;2005-06-12;2008-09-17;2
1059;CZ0524049;91F0;CZ0804;VMB1_VMB2;2002-12-31;2008-06-21;2
1059;CZ0524049;91F0;CZ0827;VMB2_VMB0;2008-08-03;2022-07-28;1
1059;CZ0524049;91F0;CZ0834;VMB1_VMB2;2005-08-04;2012-09-15;2
1059;CZ0524049;91F0;CZ0837;VMB1_VMB2;2005-10-10;2016-05-12;2
1059;CZ0524049;91F0;CZ0840;VMB1_VMB2;2002-08-23;2014-09-18;2
1059;CZ0524049;91F0;CZ2640;VMB1_VMB2;2005-06-20;2015-08-05;2
1059;CZ0524049;91F0;CZ2744;VMB1_VMB2;2003-05-09;2012-05-09;2
1062;CZ0524046;9110;CZ0861;VMB2_VMB0;2008-08-28;2024-06-21;1
1062;CZ0524046;9110;CZ2924;VMB2_VMB0;2009-07-23;2022-08-31;1
1063;CZ0524046;9130;CZ0861;VMB2_VMB0;2008-08-28;2024-06-21;1
1063;CZ0524046;9130;CZ2924;VMB2_VMB0;2009-07-23;2022-08-31;1
1064;CZ0524046;9410;CZ0861;VMB2_VMB0;2008-08-28;2022-08-11;1
1064;CZ0524046;9410;CZ2924;VMB2_VMB0;2009-07-17;2022-08-31;1
1069;CZ0420456;9170;CZ3328;VMB2_VMB0;2010-09-01;2024-06-20;1
1070;CZ0420456;91I0;CZ3328;VMB1_VMB2;2001-05-30;2010-09-01;2
1079;CZ0214042;9110;CZ2348;VMB1_VMB2;2004-10-10;2012-06-11;2
1079;CZ0214042;9110;CZ2411;VMB1_VMB2;2004-07-16;2014-06-04;2
1080;CZ0214042;9130;CZ2315;VMB1_VMB2;2004-10-10;2014-05-10;2
1080;CZ0214042;9130;CZ2348;VMB1_VMB2;2004-10-10;2012-06-11;2
1081;CZ0214042;9410;CZ2315;VMB1_VMB2;2004-10-10;2014-05-10;2
1081;CZ0214042;9410;CZ2411;VMB1_VMB2;2004-07-15;2014-05-01;2
1082;CZ0214042;91D0;CZ2315;VMB1_VMB2;2004-10-10;2014-05-10;2
1085;CZ0810031;9130;CZ0251;VMB2_VMB0;2007-07-30;2025-08-20;1
1095;CZ0210111;91U0;CZ3203;VMB2_VMB0;2012-10-08;2025-06-29;1
1095;CZ0210111;91U0;CZ3240;VMB2_VMB0;2012-07-30;2025-07-04;1
1097;CZ0320043;91D0;CZ0225;VMB1_VMB2;2003-09-02;2007-10-01;2
1101;CZ0524047;9110;CZ2996;VMB1_VMB2;2005-10-01;2016-05-22;2
1102;CZ0524047;9130;CZ2996;VMB1_VMB2;2005-09-30;2016-05-22;2
1103;CZ0524047;9180;CZ2996;VMB1_VMB2;2005-10-02;2016-05-22;2
1107;CZ0520009;9170;CZ2968;VMB1_VMB2;2003-08-27;2016-06-29;2
1107;CZ0520009;9170;CZ2984;VMB1_VMB2;2001-06-06;2016-07-19;2
1113;CZ0410040;9410;CZ3283;VMB1_VMB2;2005-09-01;2016-07-30;2
1113;CZ0410040;9410;CZ3330;VMB1_VMB2;2002-07-10;2014-05-10;2
1114;CZ0410040;91D0;CZ3283;VMB1_VMB2;2002-07-12;2016-07-30;2
1114;CZ0410040;91D0;CZ3330;VMB1_VMB2;2001-10-05;2014-05-10;2
1122;CZ0424138;91F0;CZ0906;VMB2_VMB0;2008-07-11;2022-05-05;1
1127;CZ0310017;9410;CZ1096;VMB1_VMB2;2003-09-09;2014-06-19;2
1128;CZ0310017;91D0;CZ1096;VMB1_VMB2;2003-09-09;2014-06-19;2
1129;CZ0310017;91E0;CZ1096;VMB1_VMB2;2003-08-17;2014-05-20;2
1134;CZ0323159;9170;CZ0058;VMB2_VMB0;2006-07-26;2024-10-08;1
1135;CZ0323159;9180;CZ0058;VMB2_VMB0;2006-07-25;2024-10-08;1
1142;CZ0720435;9130;CZ0491;VMB1_VMB2;2004-07-07;2014-07-30;2
1142;CZ0720435;9130;CZ1206;VMB1_VMB2;2004-06-11;2014-06-14;2
1143;CZ0720435;9170;CZ0491;VMB1_VMB2;2004-07-06;2014-07-30;2
1150;CZ0420160;91E0;CZ0923;VMB2_VMB0;2009-02-17;2025-05-10;1
1165;CZ0624096;9170;CZ0535;VMB1_VMB2;2002-04-28;2018-04-30;2
1165;CZ0624096;9170;CZ1074;VMB2_VMB0;2016-06-29;2023-10-14;1
1165;CZ0624096;9170;CZ1091;VMB1_VMB2;2005-06-15;2016-07-07;2
1165;CZ0624096;9170;CZ1108;VMB1_VMB2;2005-06-17;2016-08-11;2
1165;CZ0624096;9170;CZ1111;VMB1_VMB2;2003-03-18;2010-08-28;2
1165;CZ0624096;9170;CZ1161;VMB1_VMB2;2002-06-11;2009-04-28;2
1166;CZ0624096;9180;CZ0535;VMB1_VMB2;2005-06-13;2018-04-30;2
1166;CZ0624096;9180;CZ1074;VMB2_VMB0;2010-05-12;2023-10-15;1
1166;CZ0624096;9180;CZ1091;VMB1_VMB2;2005-06-16;2016-07-07;2
1166;CZ0624096;9180;CZ1108;VMB1_VMB2;2003-03-18;2016-08-11;2
1168;CZ0624096;91I0;CZ0535;VMB1_VMB2;2005-06-12;2018-05-30;2
1168;CZ0624096;91I0;CZ1074;VMB2_VMB0;2016-06-30;2023-10-13;1
1168;CZ0624096;91I0;CZ1091;VMB1_VMB2;2005-06-16;2016-07-06;2
1172;CZ0310057;9410;CZ0389;VMB1_VMB2;2003-10-12;2016-10-14;2
1172;CZ0310057;9410;CZ0390;VMB1_VMB2;2003-10-07;2016-09-06;2
1173;CZ0310057;91D0;CZ0389;VMB1_VMB2;2003-10-12;2016-10-14;2
1173;CZ0310057;91D0;CZ0390;VMB1_VMB2;2002-08-26;2016-09-06;2
1182;CZ0210152;91E0;CZ0080;VMB2_VMB0;2006-08-27;2024-05-20;1
1182;CZ0210152;91E0;CZ2977;VMB1_VMB2;2003-08-03;2017-05-28;2
1183;CZ0210152;91F0;CZ0080;VMB2_VMB0;2006-08-27;2024-05-20;1
1183;CZ0210152;91F0;CZ2977;VMB1_VMB2;2002-08-14;2017-05-28;2
1191;CZ0814092;9170;CZ0036;VMB2_VMB0;2006-09-12;2024-06-21;1
1191;CZ0814092;9170;CZ0678;VMB2_VMB0;2008-09-19;2022-06-30;1
1191;CZ0814092;9170;CZ1830;VMB1_VMB2;2002-10-04;2012-05-10;2
1191;CZ0814092;9170;CZ1882;VMB1_VMB2;2004-07-16;2012-05-19;2
1191;CZ0814092;9170;CZ1904;VMB1_VMB2;2002-11-13;2009-07-31;2
1191;CZ0814092;9170;CZ1970;VMB1_VMB2;2004-06-10;2011-08-30;2
1191;CZ0814092;9170;CZ2011;VMB2_VMB0;2010-05-30;2023-10-14;1
1192;CZ0814092;91E0;CZ0036;VMB2_VMB0;2010-08-07;2024-06-21;1
1192;CZ0814092;91E0;CZ0678;VMB2_VMB0;2008-09-23;2022-10-15;1
1192;CZ0814092;91E0;CZ1830;VMB1_VMB2;2002-10-04;2012-05-10;2
1192;CZ0814092;91E0;CZ1882;VMB1_VMB2;2004-07-16;2012-05-20;2
1192;CZ0814092;91E0;CZ1904;VMB1_VMB2;2005-08-12;2009-08-23;2
1192;CZ0814092;91E0;CZ1916;VMB1_VMB2;2002-09-10;2012-05-21;2
1192;CZ0814092;91E0;CZ1953;VMB1_VMB2;2002-04-20;2012-06-30;2
1192;CZ0814092;91E0;CZ1963;VMB1_VMB2;2002-07-10;2012-08-19;2
1192;CZ0814092;91E0;CZ1970;VMB1_VMB2;2002-11-11;2013-08-23;2
1192;CZ0814092;91E0;CZ2056;VMB1_VMB2;2004-05-20;2010-08-18;2
1193;CZ0814092;91F0;CZ0036;VMB2_VMB0;2006-09-27;2024-06-21;1
1193;CZ0814092;91F0;CZ0678;VMB2_VMB0;2008-08-22;2022-06-30;1
1193;CZ0814092;91F0;CZ1830;VMB1_VMB2;2005-07-25;2012-05-09;2
1193;CZ0814092;91F0;CZ1882;VMB1_VMB2;2004-07-16;2012-05-20;2
1193;CZ0814092;91F0;CZ1904;VMB1_VMB2;2005-08-12;2009-08-19;2
1193;CZ0814092;91F0;CZ1963;VMB1_VMB2;2002-05-23;2012-07-03;2
1193;CZ0814092;91F0;CZ1970;VMB1_VMB2;2005-08-18;2013-08-11;2
1193;CZ0814092;91F0;CZ2056;VMB1_VMB2;2004-05-20;2010-09-08;2
1200;CZ0424141;9180;CZ0129;VMB1_VMB2;2005-09-27;2017-09-29;2
1200;CZ0424141;9180;CZ0140;VMB1_VMB2;2005-08-29;2018-06-15;2
1200;CZ0424141;9180;CZ0141;VMB1_VMB2;2005-09-30;2017-09-30;2
1200;CZ0424141;9180;CZ0945;VMB1_VMB2;2003-09-01;2018-07-01;2
1200;CZ0424141;9180;CZ3395;VMB2_VMB0;2009-08-19;2024-06-26;1
1200;CZ0424141;9180;CZ3396;VMB1_VMB2;2002-06-27;2009-07-06;2
1200;CZ0424141;9180;CZ3399;VMB1_VMB2;2005-08-20;2010-08-02;2
1200;CZ0424141;9180;CZ3417;VMB1_VMB2;2005-09-30;2018-06-17;2
1200;CZ0424141;9180;CZ3420;VMB1_VMB2;2005-08-19;2012-09-25;2
1200;CZ0424141;9180;CZ3427;VMB1_VMB2;2005-08-25;2016-09-09;2
1200;CZ0424141;9180;CZ3472;VMB1_VMB2;2002-05-17;2017-09-19;2
1200;CZ0424141;9180;CZ3475;VMB1_VMB2;2002-06-13;2015-11-01;2
1202;CZ0424141;91E0;CZ0129;VMB1_VMB2;2002-08-08;2017-09-29;2
1202;CZ0424141;91E0;CZ0140;VMB1_VMB2;2002-11-11;2018-06-14;2
1202;CZ0424141;91E0;CZ0141;VMB1_VMB2;2005-08-24;2017-09-29;2
1202;CZ0424141;91E0;CZ0922;VMB2_VMB0;2008-08-10;2021-09-28;1
1202;CZ0424141;91E0;CZ3395;VMB2_VMB0;2009-08-10;2024-07-04;1
1202;CZ0424141;91E0;CZ3396;VMB1_VMB2;2002-07-29;2009-09-07;2
1202;CZ0424141;91E0;CZ3399;VMB1_VMB2;2005-08-29;2010-08-29;2
1202;CZ0424141;91E0;CZ3417;VMB1_VMB2;2005-08-24;2018-06-17;2
1202;CZ0424141;91E0;CZ3427;VMB1_VMB2;2005-08-25;2012-09-18;2
1202;CZ0424141;91E0;CZ3472;VMB1_VMB2;2001-10-10;2017-09-19;2
1202;CZ0424141;91E0;CZ3475;VMB1_VMB2;2005-08-16;2016-05-27;2
1204;CZ0210028;9130;CZ0153;VMB2_VMB0;2007-08-07;2021-04-29;1
1204;CZ0210028;9130;CZ0779;VMB2_VMB0;2009-06-17;2023-08-17;1
1204;CZ0210028;9130;CZ0787;VMB1_VMB2;2003-10-06;2012-06-30;2
1205;CZ0210028;9180;CZ0779;VMB2_VMB0;2009-07-01;2023-08-17;1
1205;CZ0210028;9180;CZ0787;VMB1_VMB2;2004-10-06;2012-06-30;2
1211;CZ0514669;91D0;CZ0348;VMB1_VMB2;2005-08-01;2012-09-14;2
1214;CZ0624060;91G0;CZ0485;VMB2_VMB0;2009-08-24;2024-05-30;1
1215;CZ0624060;91I0;CZ0485;VMB2_VMB0;2009-08-24;2024-05-23;1
1224;CZ0714077;9110;CZ0296;VMB1_VMB2;2001-10-20;2013-09-07;2
1224;CZ0714077;9110;CZ0297;VMB1_VMB2;2002-07-17;2012-07-18;2
1224;CZ0714077;9110;CZ0298;VMB2_VMB0;2008-01-30;2022-09-06;1
1224;CZ0714077;9110;CZ0775;VMB2_VMB0;2008-09-10;2023-07-14;1
1224;CZ0714077;9110;CZ0781;VMB1_VMB2;2001-09-03;2008-07-10;2
1224;CZ0714077;9110;CZ0782;VMB1_VMB2;2002-10-25;2008-08-19;2
1224;CZ0714077;9110;CZ0790;VMB1_VMB2;2001-08-17;2008-09-04;2
1224;CZ0714077;9110;CZ2471;VMB1_VMB2;2001-10-01;2009-06-18;2
1225;CZ0714077;9410;CZ0296;VMB1_VMB2;2002-12-31;2013-09-07;2
1225;CZ0714077;9410;CZ0297;VMB1_VMB2;2002-07-16;2012-07-18;2
1225;CZ0714077;9410;CZ0298;VMB2_VMB0;2013-09-07;2022-09-06;1
1225;CZ0714077;9410;CZ0775;VMB2_VMB0;2008-09-03;2023-07-18;1
1225;CZ0714077;9410;CZ0781;VMB1_VMB2;2002-12-31;2008-07-10;2
1225;CZ0714077;9410;CZ0782;VMB1_VMB2;2002-12-31;2008-08-19;2
1225;CZ0714077;9410;CZ0790;VMB1_VMB2;2001-10-11;2008-10-10;2
1225;CZ0714077;9410;CZ2438;VMB1_VMB2;2001-07-01;2009-07-04;2
1225;CZ0714077;9410;CZ2471;VMB1_VMB2;2002-12-31;2009-06-19;2
1226;CZ0714077;91D0;CZ0296;VMB1_VMB2;2001-10-15;2013-09-07;2
1226;CZ0714077;91D0;CZ0297;VMB1_VMB2;2001-10-15;2012-07-18;2
1226;CZ0714077;91D0;CZ0298;VMB2_VMB0;2008-02-17;2022-09-06;1
1226;CZ0714077;91D0;CZ0775;VMB2_VMB0;2008-09-03;2023-07-14;1
1226;CZ0714077;91D0;CZ0781;VMB1_VMB2;2001-09-03;2008-07-01;2
1226;CZ0714077;91D0;CZ0782;VMB1_VMB2;2001-10-03;2008-08-01;2
1226;CZ0714077;91D0;CZ0790;VMB1_VMB2;2001-08-16;2008-09-02;2
1226;CZ0714077;91D0;CZ2438;VMB1_VMB2;2001-07-01;2009-07-04;2
1229;CZ0320013;91E0;CZ2213;VMB1_VMB2;2004-05-17;2010-08-11;2
1232;CZ0214045;91E0;CZ2942;VMB1_VMB2;2001-09-08;2014-07-20;2
1232;CZ0214045;91E0;CZ2967;VMB1_VMB2;2001-10-14;2014-08-07;2
1236;CZ0110050;9180;CZ2788;VMB1_VMB2;2001-07-05;2009-09-28;2
1241;CZ0510191;9110;CZ0477;VMB1_VMB2;2003-10-08;2018-07-09;2
1241;CZ0510191;9110;CZ0925;VMB1_VMB2;2004-07-10;2018-08-04;2
1242;CZ0510191;9130;CZ0477;VMB1_VMB2;2003-10-08;2018-07-09;2
1242;CZ0510191;9130;CZ0925;VMB1_VMB2;2004-07-10;2018-08-04;2
1242;CZ0510191;9130;CZ3288;VMB1_VMB2;2003-10-08;2015-05-11;2
1243;CZ0510191;9150;CZ0477;VMB1_VMB2;2002-08-22;2018-07-09;2
1243;CZ0510191;9150;CZ0925;VMB1_VMB2;2002-06-22;2018-07-09;2
1244;CZ0510191;9180;CZ0477;VMB1_VMB2;2004-07-20;2018-07-09;2
1244;CZ0510191;9180;CZ0925;VMB1_VMB2;2004-07-20;2018-07-09;2
1251;CZ0624114;91G0;CZ0441;VMB1_VMB2;2002-07-16;2007-07-26;2
1251;CZ0624114;91G0;CZ0546;VMB1_VMB2;2001-08-13;2010-09-18;2
1251;CZ0624114;91G0;CZ1120;VMB1_VMB2;2004-06-12;2012-05-18;2
1252;CZ0624114;91I0;CZ1120;VMB1_VMB2;2004-06-12;2012-05-18;2
1254;CZ0710148;9170;CZ1530;VMB1_VMB2;2003-06-15;2012-06-02;2
1257;CZ0530027;9130;CZ2305;VMB1_VMB2;2005-09-13;2014-10-04;2
1257;CZ0530027;9130;CZ2328;VMB1_VMB2;2002-06-15;2018-04-21;2
1258;CZ0530027;91E0;CZ2305;VMB1_VMB2;2003-06-20;2014-10-05;2
1260;CZ0810014;91E0;CZ2406;VMB1_VMB2;2002-06-04;2016-09-19;2
1261;CZ0810032;9130;CZ0053;VMB2_VMB0;2006-08-14;2022-05-19;1
1264;CZ0510403;91D0;CZ3450;VMB2_VMB0;2009-09-25;2023-10-03;1
1265;CZ0714078;9110;CZ0764;VMB2_VMB0;2008-08-21;2023-07-19;1
1266;CZ0714078;9130;CZ0764;VMB2_VMB0;2008-08-25;2023-07-28;1
1266;CZ0714078;9130;CZ2332;VMB1_VMB2;2001-10-10;2014-09-16;2
1266;CZ0714078;9130;CZ2438;VMB1_VMB2;2001-09-27;2009-07-06;2
1267;CZ0714078;9180;CZ0764;VMB2_VMB0;2008-08-25;2023-07-28;1
1272;CZ0114001;9170;CZ2742;VMB1_VMB2;2003-10-28;2017-04-23;2
1273;CZ0114001;9180;CZ2742;VMB1_VMB2;2000-11-28;2017-04-23;2
1274;CZ0114001;91H0;CZ2742;VMB1_VMB2;2000-11-28;2017-04-23;2
1281;CZ0620245;9110;CZ0464;VMB2_VMB0;2007-07-17;2024-07-24;1
1281;CZ0620245;9110;CZ1000;VMB2_VMB0;2008-09-26;2023-10-25;1
1281;CZ0620245;9110;CZ1484;VMB1_VMB2;2005-09-06;2009-04-30;2
1282;CZ0620245;9130;CZ0464;VMB2_VMB0;2009-06-15;2024-07-24;1
1282;CZ0620245;9130;CZ1000;VMB2_VMB0;2008-09-26;2023-10-25;1
1282;CZ0620245;9130;CZ1484;VMB1_VMB2;2005-09-06;2009-04-30;2
1283;CZ0620245;9180;CZ0464;VMB2_VMB0;2007-07-27;2024-05-11;1
1283;CZ0620245;9180;CZ1000;VMB2_VMB0;2008-09-26;2023-10-25;1
1283;CZ0620245;9180;CZ1484;VMB1_VMB2;2005-09-06;2009-04-30;2
1284;CZ0620245;91E0;CZ0464;VMB2_VMB0;2007-08-09;2024-07-24;1
1284;CZ0620245;91E0;CZ1000;VMB2_VMB0;2007-08-09;2023-10-25;1
1284;CZ0620245;91E0;CZ1484;VMB1_VMB2;2005-06-13;2009-04-30;2
1285;CZ0510028;9110;CZ0345;VMB2_VMB0;2007-09-09;2022-05-26;1
1286;CZ0510028;9130;CZ0345;VMB2_VMB0;2007-09-09;2022-05-15;1
1287;CZ0510028;9180;CZ0345;VMB2_VMB0;2007-08-24;2022-05-10;1
1291;CZ0410020;91E0;CZ0874;VMB1_VMB2;2002-06-20;2016-07-07;2
1291;CZ0410020;91E0;CZ3055;VMB1_VMB2;2003-09-15;2013-08-11;2
1291;CZ0410020;91E0;CZ3064;VMB1_VMB2;2003-06-30;2014-08-13;2
1291;CZ0410020;91E0;CZ3090;VMB1_VMB2;2002-06-20;2014-06-17;2
1297;CZ0610412;9110;CZ0718;VMB2_VMB0;2009-10-07;2023-08-17;1
1298;CZ0610412;9130;CZ0713;VMB1_VMB2;2001-08-18;2009-09-23;2
1298;CZ0610412;9130;CZ0718;VMB2_VMB0;2009-10-07;2023-08-17;1
1298;CZ0610412;9130;CZ2052;VMB1_VMB2;2001-08-18;2020-06-23;2
1299;CZ0610412;91E0;CZ0713;VMB1_VMB2;2001-08-18;2009-09-23;2
1299;CZ0610412;91E0;CZ0718;VMB2_VMB0;2009-10-07;2023-08-17;1
1303;CZ0510402;9410;CZ3421;VMB2_VMB0;2009-10-13;2023-08-02;1
1303;CZ0510402;9410;CZ3434;VMB1_VMB2;2002-09-15;2017-08-14;2
1303;CZ0510402;9410;CZ3450;VMB2_VMB0;2009-10-29;2023-10-05;1
1304;CZ0510402;91D0;CZ3421;VMB1_VMB2;2002-09-14;2009-10-13;2
1304;CZ0510402;91D0;CZ3434;VMB1_VMB2;2002-06-08;2017-08-30;2
1304;CZ0510402;91D0;CZ3450;VMB2_VMB0;2009-10-21;2023-10-01;1
1309;CZ0510415;9410;CZ3450;VMB2_VMB0;2009-10-29;2023-10-01;1
1310;CZ0510415;91D0;CZ3450;VMB2_VMB0;2009-10-29;2023-10-01;1
1312;CZ0313513;91D0;CZ1017;VMB1_VMB2;2005-06-20;2011-09-09;2
1312;CZ0313513;91D0;CZ1028;VMB1_VMB2;2001-08-23;2013-08-30;2
1314;CZ0420053;9410;CZ0100;VMB1_VMB2;2002-11-30;2012-08-18;2
1315;CZ0420053;91D0;CZ0100;VMB1_VMB2;2002-11-30;2012-08-18;2
1315;CZ0420053;91D0;CZ3456;VMB1_VMB2;2002-10-30;2012-08-25;2
1328;CZ0714081;9410;CZ2704;VMB2_VMB0;2009-09-22;2024-09-05;1
1328;CZ0714081;9410;CZ2767;VMB1_VMB2;2002-08-17;2011-10-06;2
1329;CZ0714081;91D0;CZ2704;VMB2_VMB0;2009-09-22;2024-08-13;1
1329;CZ0714081;91D0;CZ2712;VMB1_VMB2;2002-08-17;2009-06-15;2
1335;CZ0514670;9130;CZ0482;VMB1_VMB2;2003-10-07;2014-08-28;2
1336;CZ0514670;9170;CZ0093;VMB1_VMB2;2004-06-20;2013-10-02;2
1336;CZ0514670;9170;CZ0482;VMB1_VMB2;2003-10-09;2014-08-19;2
1337;CZ0514670;9180;CZ0093;VMB1_VMB2;2004-06-19;2014-08-15;2
1337;CZ0514670;9180;CZ0482;VMB1_VMB2;2003-08-23;2014-08-28;2
1339;CZ0620412;9180;CZ0461;VMB2_VMB0;2009-09-11;2023-10-18;1
1343;CZ0314109;91D0;CZ0965;VMB2_VMB0;2009-09-07;2025-06-20;1
1346;CZ0720420;9170;CZ1149;VMB1_VMB2;2005-06-21;2012-09-20;2
1347;CZ0720420;91E0;CZ1149;VMB1_VMB2;2005-06-21;2012-09-20;2
1348;CZ0720420;91I0;CZ1149;VMB1_VMB2;2005-06-21;2012-09-20;2
1352;CZ0410155;9410;CZ0361;VMB2_VMB0;2008-10-24;2022-10-21;1
1352;CZ0410155;9410;CZ0919;VMB1_VMB2;2003-09-24;2008-12-02;2
1354;CZ0620158;91F0;CZ1212;VMB2_VMB0;2009-07-24;2022-09-25;1
1358;CZ0720185;9110;CZ1448;VMB2_VMB0;2009-10-14;2023-05-27;1
1358;CZ0720185;9110;CZ1483;VMB1_VMB2;2001-08-01;2010-09-30;2
1359;CZ0720185;9170;CZ1448;VMB2_VMB0;2009-10-14;2023-05-28;1
1360;CZ0720185;91E0;CZ1448;VMB2_VMB0;2009-10-14;2023-05-31;1
1372;CZ0710183;9110;CZ0852;VMB1_VMB2;2003-11-28;2008-08-29;2
1372;CZ0710183;9110;CZ2950;VMB1_VMB2;2001-08-13;2017-06-20;2
1373;CZ0710183;9130;CZ0852;VMB1_VMB2;2001-08-14;2008-08-19;2
1373;CZ0710183;9130;CZ2950;VMB1_VMB2;2001-08-05;2017-06-20;2
1374;CZ0710183;9180;CZ0852;VMB1_VMB2;2001-08-11;2008-08-29;2
1374;CZ0710183;9180;CZ2950;VMB1_VMB2;2001-08-13;2017-06-20;2
1375;CZ0710183;91E0;CZ0852;VMB1_VMB2;2001-08-11;2008-08-19;2
1375;CZ0710183;91E0;CZ2950;VMB1_VMB2;2001-08-14;2017-06-19;2
1382;CZ0714086;9110;CZ0293;VMB1_VMB2;2005-08-09;2009-03-28;2
1382;CZ0714086;9110;CZ0294;VMB2_VMB0;2008-10-21;2024-10-14;1
1382;CZ0714086;9110;CZ0295;VMB2_VMB0;2011-09-04;2023-07-09;1
1382;CZ0714086;9110;CZ0828;VMB1_VMB2;2002-06-28;2010-10-01;2
1382;CZ0714086;9110;CZ0829;VMB1_VMB2;2003-09-07;2008-09-05;2
1382;CZ0714086;9110;CZ0841;VMB1_VMB2;2003-10-24;2009-10-29;2
1382;CZ0714086;9110;CZ2825;VMB1_VMB2;2003-10-19;2010-10-11;2
1382;CZ0714086;9110;CZ2883;VMB1_VMB2;2004-08-20;2011-09-04;2
1383;CZ0714086;9130;CZ0293;VMB1_VMB2;2005-09-28;2009-03-28;2
1383;CZ0714086;9130;CZ0294;VMB2_VMB0;2008-10-21;2024-10-14;1
1383;CZ0714086;9130;CZ0295;VMB2_VMB0;2011-09-03;2023-07-09;1
1383;CZ0714086;9130;CZ0828;VMB1_VMB2;2005-08-04;2010-10-01;2
1383;CZ0714086;9130;CZ0829;VMB1_VMB2;2003-10-10;2008-09-05;2
1383;CZ0714086;9130;CZ0841;VMB1_VMB2;2003-10-29;2009-10-29;2
1383;CZ0714086;9130;CZ2825;VMB1_VMB2;2003-10-19;2010-10-11;2
1383;CZ0714086;9130;CZ2883;VMB1_VMB2;2005-09-28;2011-09-04;2
1384;CZ0714086;9180;CZ0293;VMB1_VMB2;2004-08-20;2009-03-28;2
1384;CZ0714086;9180;CZ0294;VMB2_VMB0;2008-06-21;2024-09-28;1
1384;CZ0714086;9180;CZ0295;VMB1_VMB2;2004-08-20;2007-08-31;2
1384;CZ0714086;9180;CZ0828;VMB1_VMB2;2002-05-06;2010-09-30;2
1384;CZ0714086;9180;CZ0829;VMB1_VMB2;2003-09-07;2008-09-05;2
1384;CZ0714086;9180;CZ0841;VMB1_VMB2;2003-10-24;2009-10-29;2
1384;CZ0714086;9180;CZ2825;VMB1_VMB2;2003-10-19;2010-10-11;2
1385;CZ0714086;9410;CZ0828;VMB1_VMB2;2005-08-04;2010-10-01;2
1385;CZ0714086;9410;CZ0829;VMB1_VMB2;2002-06-28;2008-08-30;2
1385;CZ0714086;9410;CZ0841;VMB1_VMB2;2002-06-28;2009-10-29;2
1386;CZ0714086;91E0;CZ0293;VMB1_VMB2;2004-08-20;2008-10-22;2
1386;CZ0714086;91E0;CZ0294;VMB2_VMB0;2008-10-19;2024-10-14;1
1386;CZ0714086;91E0;CZ0295;VMB2_VMB0;2007-08-31;2023-07-09;1
1386;CZ0714086;91E0;CZ0828;VMB1_VMB2;2001-09-05;2010-10-01;2
1386;CZ0714086;91E0;CZ0829;VMB1_VMB2;2001-09-08;2008-09-01;2
1386;CZ0714086;91E0;CZ2883;VMB1_VMB2;2003-07-10;2011-09-04;2
1388;CZ0530149;9130;CZ0744;VMB1_VMB2;2005-09-09;2015-10-23;2
1389;CZ0530149;9180;CZ0744;VMB1_VMB2;2002-06-10;2012-09-26;2
1390;CZ0530149;91E0;CZ0744;VMB1_VMB2;2002-06-10;2015-10-23;2
1396;CZ0420449;9180;CZ3359;VMB1_VMB2;2001-09-15;2017-09-05;2
1403;CZ0720033;9130;CZ0600;VMB1_VMB2;2005-06-01;2011-08-11;2
1403;CZ0720033;9130;CZ0601;VMB2_VMB0;2008-08-13;2021-10-20;1
1403;CZ0720033;9130;CZ1391;VMB1_VMB2;2002-07-01;2016-06-15;2
1404;CZ0720033;9170;CZ0600;VMB1_VMB2;2002-08-21;2011-08-11;2
1404;CZ0720033;9170;CZ0601;VMB2_VMB0;2008-08-06;2021-09-14;1
1407;CZ0620037;9170;CZ1357;VMB2_VMB0;2008-06-18;2023-04-07;1
1408;CZ0620037;91I0;CZ1357;VMB2_VMB0;2008-06-19;2022-07-06;1
1412;CZ0420041;9170;CZ0479;VMB1_VMB2;2007-05-09;2014-08-12;2
1413;CZ0420041;91H0;CZ0479;VMB2_VMB0;2008-07-03;2022-09-21;1
1414;CZ0420041;91I0;CZ0479;VMB2_VMB0;2014-08-12;2022-09-21;1
1425;CZ0510408;9110;CZ0340;VMB1_VMB2;2002-09-15;2007-09-22;2
1426;CZ0510408;9410;CZ0340;VMB1_VMB2;2002-09-15;2007-09-22;2
1426;CZ0510408;9410;CZ0949;VMB2_VMB0;2008-10-11;2022-09-29;1
1427;CZ0510408;91D0;CZ0340;VMB1_VMB2;2002-09-15;2007-09-22;2
1427;CZ0510408;91D0;CZ0949;VMB1_VMB2;2002-09-15;2008-10-11;2
1430;CZ0212019;9150;CZ3091;VMB1_VMB2;2002-08-26;2011-09-14;2
1431;CZ0212019;9190;CZ3091;VMB1_VMB2;2002-08-25;2011-09-14;2
1432;CZ0212019;91E0;CZ3091;VMB1_VMB2;2002-08-26;2011-09-14;2
1435;CZ0620191;9130;CZ0632;VMB1_VMB2;2003-07-14;2017-08-03;2
1435;CZ0620191;9130;CZ1721;VMB1_VMB2;2003-07-10;2013-09-27;2
1436;CZ0620191;9170;CZ0632;VMB1_VMB2;2003-07-15;2017-10-19;2
1436;CZ0620191;9170;CZ1721;VMB1_VMB2;2003-07-11;2014-10-01;2
1437;CZ0620191;9180;CZ0632;VMB1_VMB2;2003-07-11;2017-10-19;2
1437;CZ0620191;9180;CZ1721;VMB1_VMB2;2003-07-10;2013-09-27;2
1444;CZ0410150;9190;CZ3130;VMB1_VMB2;2001-07-23;2014-09-05;2
1445;CZ0410150;91D0;CZ3130;VMB1_VMB2;2001-09-14;2014-09-05;2
1446;CZ0410150;91E0;CZ3130;VMB1_VMB2;2001-09-14;2014-09-05;2
1455;CZ0624119;91E0;CZ1008;VMB1_VMB2;2002-09-25;2012-08-28;2
1455;CZ0624119;91E0;CZ1009;VMB1_VMB2;2002-09-25;2012-08-18;2
1455;CZ0624119;91E0;CZ1010;VMB2_VMB0;2012-09-07;2025-06-17;1
1455;CZ0624119;91E0;CZ1011;VMB1_VMB2;2004-08-02;2014-08-31;2
1455;CZ0624119;91E0;CZ1012;VMB2_VMB0;2010-09-10;2025-07-23;1
1455;CZ0624119;91E0;CZ1020;VMB2_VMB0;2010-08-18;2024-10-30;1
1456;CZ0624119;91F0;CZ1008;VMB1_VMB2;2003-05-30;2012-08-28;2
1456;CZ0624119;91F0;CZ1009;VMB1_VMB2;2003-05-30;2012-08-18;2
1456;CZ0624119;91F0;CZ1010;VMB2_VMB0;2014-08-24;2025-06-17;1
1456;CZ0624119;91F0;CZ1011;VMB1_VMB2;2004-08-02;2014-08-31;2
1456;CZ0624119;91F0;CZ1012;VMB2_VMB0;2010-09-10;2025-07-23;1
1456;CZ0624119;91F0;CZ1020;VMB2_VMB0;2010-09-10;2025-05-01;1
1457;CZ0624119;91G0;CZ1008;VMB1_VMB2;2003-05-30;2012-08-28;2
1457;CZ0624119;91G0;CZ1009;VMB1_VMB2;2002-09-25;2012-08-18;2
1457;CZ0624119;91G0;CZ1010;VMB2_VMB0;2012-09-06;2025-06-17;1
1457;CZ0624119;91G0;CZ1011;VMB1_VMB2;2002-09-25;2014-08-28;2
1457;CZ0624119;91G0;CZ1012;VMB2_VMB0;2010-08-26;2025-07-10;1
1457;CZ0624119;91G0;CZ1020;VMB2_VMB0;2010-08-18;2024-10-30;1
1459;CZ0810018;9110;CZ0049;VMB2_VMB0;2006-09-01;2022-09-28;1
1459;CZ0810018;9110;CZ2289;VMB1_VMB2;2002-10-24;2014-07-23;2
1459;CZ0810018;9110;CZ2311;VMB1_VMB2;2002-10-08;2014-09-17;2
1460;CZ0810018;9130;CZ0049;VMB2_VMB0;2006-08-25;2022-09-29;1
1460;CZ0810018;9130;CZ2289;VMB1_VMB2;2002-10-24;2014-07-23;2
1461;CZ0810018;9180;CZ0049;VMB2_VMB0;2006-09-01;2022-09-29;1
1461;CZ0810018;9180;CZ2289;VMB1_VMB2;2002-10-24;2014-07-23;2
1463;CZ0420083;91E0;CZ3478;VMB1_VMB2;2002-11-20;2018-06-23;2
1466;CZ0520508;9130;CZ3142;VMB1_VMB2;2003-08-29;2018-09-23;2
1466;CZ0520508;9130;CZ3190;VMB1_VMB2;2005-10-03;2018-08-23;2
1466;CZ0520508;9130;CZ3246;VMB1_VMB2;2005-10-03;2019-04-05;2
1475;CZ0624069;9170;CZ1290;VMB1_VMB2;2005-09-27;2014-05-21;2
1477;CZ0624069;91I0;CZ1290;VMB1_VMB2;2001-07-11;2014-05-21;2
1494;CZ0624068;91E0;CZ1058;VMB1_VMB2;2003-06-05;2009-07-16;2
1495;CZ0624068;91F0;CZ1058;VMB1_VMB2;2005-07-05;2009-07-16;2
1501;CZ0210053;9170;CZ0178;VMB1_VMB2;2004-09-15;2014-08-05;2
1501;CZ0210053;9170;CZ0520;VMB1_VMB2;2005-01-07;2014-09-06;2
1502;CZ0210053;9180;CZ0178;VMB1_VMB2;2004-09-15;2014-08-05;2
1502;CZ0210053;9180;CZ0520;VMB1_VMB2;2005-01-07;2014-09-06;2
1507;CZ0210708;9130;CZ2863;VMB1_VMB2;2003-05-29;2014-05-09;2
1508;CZ0210708;9170;CZ2863;VMB1_VMB2;2003-05-28;2014-05-13;2
1509;CZ0210708;9180;CZ2863;VMB1_VMB2;2003-05-29;2014-04-17;2
1512;CZ0420082;9110;CZ3455;VMB2_VMB0;2009-10-09;2023-09-29;1
1512;CZ0420082;9110;CZ3467;VMB1_VMB2;2002-09-05;2016-10-28;2
1513;CZ0420082;9130;CZ3455;VMB2_VMB0;2009-11-19;2023-09-28;1
1513;CZ0420082;9130;CZ3467;VMB1_VMB2;2002-09-05;2016-10-28;2
1514;CZ0420082;9180;CZ3455;VMB2_VMB0;2009-10-09;2023-07-17;1
1514;CZ0420082;9180;CZ3467;VMB1_VMB2;2002-09-05;2016-10-28;2
1520;CZ0514041;9110;CZ0102;VMB2_VMB0;2009-11-12;2024-09-28;1
1521;CZ0514041;9130;CZ0102;VMB2_VMB0;2006-11-30;2024-07-14;1
1529;CZ0310611;91D0;CZ1211;VMB1_VMB2;2002-06-18;2017-09-14;2
1537;CZ0714080;9130;CZ0699;VMB2_VMB0;2008-06-09;2022-06-27;1
1538;CZ0714080;9150;CZ0699;VMB2_VMB0;2008-06-09;2022-06-27;1
1539;CZ0714080;9180;CZ0699;VMB2_VMB0;2008-06-07;2022-06-27;1
1554;CZ0810036;9180;CZ0511;VMB1_VMB2;2001-06-10;2008-06-29;2
1571;CZ0314024;9110;CZ0009;VMB1_VMB2;2004-09-10;2015-09-30;2
1571;CZ0314024;9110;CZ0019;VMB1_VMB2;2004-08-03;2015-08-21;2
1571;CZ0314024;9110;CZ0392;VMB2_VMB0;2009-09-10;2021-09-30;1
1571;CZ0314024;9110;CZ0393;VMB1_VMB2;2004-12-08;2013-09-23;2
1571;CZ0314024;9110;CZ0394;VMB2_VMB0;2009-09-22;2020-10-02;1
1571;CZ0314024;9110;CZ0395;VMB2_VMB0;2010-09-16;2024-10-31;1
1571;CZ0314024;9110;CZ0403;VMB1_VMB2;2004-08-21;2015-08-31;2
1571;CZ0314024;9110;CZ0404;VMB1_VMB2;2004-08-26;2011-05-06;2
1571;CZ0314024;9110;CZ0406;VMB1_VMB2;2005-01-03;2010-09-07;2
1571;CZ0314024;9110;CZ0408;VMB1_VMB2;2005-01-03;2011-11-15;2
1571;CZ0314024;9110;CZ0414;VMB1_VMB2;2003-09-19;2012-07-21;2
1571;CZ0314024;9110;CZ0415;VMB1_VMB2;2002-08-09;2017-12-01;2
1571;CZ0314024;9110;CZ0416;VMB1_VMB2;2004-07-15;2012-09-23;2
1571;CZ0314024;9110;CZ0497;VMB1_VMB2;2003-08-23;2012-03-29;2
1571;CZ0314024;9110;CZ0549;VMB1_VMB2;2003-07-04;2014-12-06;2
1571;CZ0314024;9110;CZ0552;VMB1_VMB2;2002-08-02;2010-08-19;2
1571;CZ0314024;9110;CZ0563;VMB1_VMB2;2002-08-22;2012-08-08;2
1571;CZ0314024;9110;CZ0566;VMB1_VMB2;2002-08-22;2008-09-10;2
1571;CZ0314024;9110;CZ0573;VMB2_VMB0;2008-07-16;2023-07-31;1
1571;CZ0314024;9110;CZ0595;VMB1_VMB2;2005-01-03;2009-10-31;2
1571;CZ0314024;9110;CZ0637;VMB1_VMB2;2005-07-20;2008-11-08;2
1571;CZ0314024;9110;CZ0665;VMB1_VMB2;2004-08-23;2008-05-29;2
1571;CZ0314024;9110;CZ0967;VMB1_VMB2;2004-12-31;2017-09-18;2
1571;CZ0314024;9110;CZ1042;VMB1_VMB2;2004-08-22;2015-07-11;2
1571;CZ0314024;9110;CZ1044;VMB1_VMB2;2004-08-27;2015-08-31;2
1571;CZ0314024;9110;CZ1045;VMB1_VMB2;2004-08-30;2015-09-02;2
1571;CZ0314024;9110;CZ1066;VMB1_VMB2;2004-08-25;2015-09-03;2
1571;CZ0314024;9110;CZ1094;VMB1_VMB2;2003-09-09;2012-06-16;2
1571;CZ0314024;9110;CZ1117;VMB1_VMB2;2003-09-21;2012-06-15;2
1571;CZ0314024;9110;CZ1131;VMB1_VMB2;2004-09-01;2009-09-23;2
1571;CZ0314024;9110;CZ1132;VMB1_VMB2;2003-07-26;2015-07-17;2
1571;CZ0314024;9110;CZ1142;VMB1_VMB2;2002-09-22;2010-08-12;2
1571;CZ0314024;9110;CZ1162;VMB1_VMB2;2004-08-03;2014-05-16;2
1571;CZ0314024;9110;CZ1174;VMB1_VMB2;2002-09-30;2016-08-26;2
1571;CZ0314024;9110;CZ1177;VMB1_VMB2;2004-09-07;2012-07-08;2
1571;CZ0314024;9110;CZ1189;VMB1_VMB2;2002-09-08;2011-09-19;2
1571;CZ0314024;9110;CZ1194;VMB1_VMB2;2002-09-06;2012-09-07;2
1571;CZ0314024;9110;CZ1236;VMB2_VMB0;2010-08-28;2022-09-05;1
1571;CZ0314024;9110;CZ1240;VMB1_VMB2;2004-04-23;2012-08-12;2
1571;CZ0314024;9110;CZ1246;VMB1_VMB2;2003-08-11;2012-08-14;2
1571;CZ0314024;9110;CZ1251;VMB1_VMB2;2001-10-02;2016-09-15;2
1571;CZ0314024;9110;CZ1256;VMB1_VMB2;2004-08-11;2017-09-18;2
1571;CZ0314024;9110;CZ1260;VMB1_VMB2;2004-08-01;2015-09-20;2
1571;CZ0314024;9110;CZ1269;VMB1_VMB2;2004-08-01;2018-09-11;2
1571;CZ0314024;9110;CZ1270;VMB1_VMB2;2002-10-01;2012-07-11;2
1571;CZ0314024;9110;CZ1292;VMB1_VMB2;2003-08-24;2017-08-30;2
1571;CZ0314024;9110;CZ1301;VMB1_VMB2;2005-07-14;2011-04-01;2
1571;CZ0314024;9110;CZ1318;VMB1_VMB2;2003-09-14;2015-08-28;2
1571;CZ0314024;9110;CZ1325;VMB1_VMB2;2004-11-22;2018-10-17;2
1571;CZ0314024;9110;CZ1330;VMB1_VMB2;2004-09-15;2010-10-13;2
1571;CZ0314024;9110;CZ1331;VMB1_VMB2;2005-08-15;2015-08-20;2
1571;CZ0314024;9110;CZ1358;VMB1_VMB2;2003-10-29;2014-08-28;2
1571;CZ0314024;9110;CZ1367;VMB1_VMB2;2004-11-22;2008-12-01;2
1571;CZ0314024;9110;CZ1378;VMB1_VMB2;2005-08-15;2015-08-05;2
1571;CZ0314024;9110;CZ1401;VMB1_VMB2;2004-09-15;2015-09-24;2
1571;CZ0314024;9110;CZ1419;VMB1_VMB2;2003-10-29;2013-07-23;2
1571;CZ0314024;9110;CZ1422;VMB1_VMB2;2004-12-06;2009-07-14;2
1571;CZ0314024;9110;CZ1425;VMB1_VMB2;2004-09-15;2017-09-25;2
1571;CZ0314024;9110;CZ1426;VMB1_VMB2;2004-09-27;2014-02-26;2
1571;CZ0314024;9110;CZ1438;VMB1_VMB2;2001-10-10;2010-03-27;2
1571;CZ0314024;9110;CZ1440;VMB1_VMB2;2004-09-08;2019-09-05;2
1571;CZ0314024;9110;CZ1449;VMB1_VMB2;2004-05-21;2010-04-06;2
1571;CZ0314024;9110;CZ1450;VMB1_VMB2;2004-09-15;2014-09-26;2
1571;CZ0314024;9110;CZ1451;VMB1_VMB2;2004-08-14;2012-10-03;2
1571;CZ0314024;9110;CZ1455;VMB1_VMB2;2004-07-26;2016-08-03;2
1571;CZ0314024;9110;CZ1492;VMB1_VMB2;2003-06-22;2009-11-19;2
1571;CZ0314024;9110;CZ1507;VMB2_VMB0;2011-09-22;2022-08-09;1
1571;CZ0314024;9110;CZ1512;VMB1_VMB2;2004-07-15;2013-08-13;2
1571;CZ0314024;9110;CZ1536;VMB1_VMB2;2004-07-15;2010-04-01;2
1571;CZ0314024;9110;CZ1547;VMB1_VMB2;2003-08-24;2010-09-30;2
1571;CZ0314024;9110;CZ1554;VMB2_VMB0;2017-08-07;2023-10-26;1
1571;CZ0314024;9110;CZ1572;VMB1_VMB2;2002-12-31;2010-03-30;2
1571;CZ0314024;9110;CZ1585;VMB1_VMB2;2003-10-20;2017-09-07;2
1571;CZ0314024;9110;CZ1592;VMB1_VMB2;2005-06-13;2018-09-15;2
1571;CZ0314024;9110;CZ1593;VMB2_VMB0;2009-10-01;2022-08-31;1
1571;CZ0314024;9110;CZ1597;VMB1_VMB2;2004-12-29;2013-08-29;2
1571;CZ0314024;9110;CZ1631;VMB2_VMB0;2010-10-30;2023-08-12;1
1571;CZ0314024;9110;CZ1632;VMB2_VMB0;2009-08-27;2022-06-30;1
1571;CZ0314024;9110;CZ1651;VMB1_VMB2;2005-06-13;2012-10-11;2
1571;CZ0314024;9110;CZ1652;VMB2_VMB0;2009-10-02;2023-08-27;1
1571;CZ0314024;9110;CZ1680;VMB1_VMB2;2004-12-25;2012-11-12;2
1571;CZ0314024;9110;CZ1709;VMB1_VMB2;2004-12-31;2017-08-07;2
1571;CZ0314024;9110;CZ1710;VMB1_VMB2;2004-09-20;2017-09-13;2
1571;CZ0314024;9110;CZ1711;VMB1_VMB2;2004-12-31;2017-08-08;2
1571;CZ0314024;9110;CZ1746;VMB1_VMB2;2004-07-31;2014-10-15;2
1571;CZ0314024;9110;CZ1751;VMB2_VMB0;2009-09-13;2025-05-21;1
1571;CZ0314024;9110;CZ1773;VMB2_VMB0;2008-09-18;2022-09-21;1
1571;CZ0314024;9110;CZ1775;VMB1_VMB2;2003-08-28;2012-09-19;2
1571;CZ0314024;9110;CZ1779;VMB2_VMB0;2014-09-16;2024-11-07;1
1571;CZ0314024;9110;CZ1812;VMB1_VMB2;2005-09-15;2017-03-29;2
1571;CZ0314024;9110;CZ1835;VMB1_VMB2;2005-09-15;2010-10-08;2
1571;CZ0314024;9110;CZ1837;VMB1_VMB2;2004-08-21;2015-05-17;2
1571;CZ0314024;9110;CZ1838;VMB1_VMB2;2004-06-29;2012-08-09;2
1571;CZ0314024;9110;CZ1845;VMB1_VMB2;2005-09-15;2011-09-30;2
1571;CZ0314024;9110;CZ1846;VMB1_VMB2;2003-10-10;2010-09-03;2
1572;CZ0314024;9130;CZ0009;VMB1_VMB2;2004-09-10;2015-09-30;2
1572;CZ0314024;9130;CZ0019;VMB1_VMB2;2002-05-18;2015-08-21;2
1572;CZ0314024;9130;CZ0394;VMB1_VMB2;2003-07-22;2007-10-15;2
1572;CZ0314024;9130;CZ0395;VMB2_VMB0;2009-08-31;2024-10-18;1
1572;CZ0314024;9130;CZ0403;VMB1_VMB2;2003-08-19;2015-09-05;2
1572;CZ0314024;9130;CZ0404;VMB1_VMB2;2004-08-20;2007-09-09;2
1572;CZ0314024;9130;CZ0406;VMB1_VMB2;2005-01-03;2010-09-07;2
1572;CZ0314024;9130;CZ0408;VMB1_VMB2;2005-01-03;2011-11-15;2
1572;CZ0314024;9130;CZ0497;VMB1_VMB2;2003-08-22;2012-03-29;2
1572;CZ0314024;9130;CZ0563;VMB1_VMB2;2001-08-31;2012-06-07;2
1572;CZ0314024;9130;CZ0566;VMB1_VMB2;2002-12-31;2008-08-29;2
1572;CZ0314024;9130;CZ0573;VMB2_VMB0;2008-09-03;2023-07-31;1
1572;CZ0314024;9130;CZ0595;VMB1_VMB2;2004-10-25;2009-10-31;2
1572;CZ0314024;9130;CZ0665;VMB1_VMB2;2003-09-01;2008-05-01;2
1572;CZ0314024;9130;CZ1042;VMB1_VMB2;2005-08-25;2015-07-07;2
1572;CZ0314024;9130;CZ1066;VMB1_VMB2;2004-08-22;2015-09-03;2
1572;CZ0314024;9130;CZ1117;VMB1_VMB2;2003-07-19;2012-06-15;2
1572;CZ0314024;9130;CZ1131;VMB1_VMB2;2004-09-01;2009-09-23;2
1572;CZ0314024;9130;CZ1132;VMB1_VMB2;2003-07-23;2015-07-13;2
1572;CZ0314024;9130;CZ1142;VMB1_VMB2;2002-09-22;2010-08-12;2
1572;CZ0314024;9130;CZ1174;VMB1_VMB2;2002-12-31;2016-08-24;2
1572;CZ0314024;9130;CZ1189;VMB1_VMB2;2002-12-31;2011-09-13;2
1572;CZ0314024;9130;CZ1194;VMB1_VMB2;2001-08-31;2012-08-24;2
1572;CZ0314024;9130;CZ1236;VMB2_VMB0;2010-08-20;2022-09-05;1
1572;CZ0314024;9130;CZ1240;VMB1_VMB2;2004-04-23;2012-07-15;2
1572;CZ0314024;9130;CZ1246;VMB1_VMB2;2003-08-11;2012-06-23;2
1572;CZ0314024;9130;CZ1256;VMB1_VMB2;2004-08-11;2017-09-18;2
1572;CZ0314024;9130;CZ1260;VMB1_VMB2;2004-09-05;2015-09-26;2
1572;CZ0314024;9130;CZ1269;VMB1_VMB2;2004-08-01;2018-09-11;2
1572;CZ0314024;9130;CZ1270;VMB1_VMB2;2002-12-31;2012-07-11;2
1572;CZ0314024;9130;CZ1292;VMB1_VMB2;2003-08-24;2017-08-30;2
1572;CZ0314024;9130;CZ1301;VMB1_VMB2;2005-07-14;2011-03-28;2
1572;CZ0314024;9130;CZ1318;VMB1_VMB2;2003-08-09;2015-08-28;2
1572;CZ0314024;9130;CZ1325;VMB1_VMB2;2004-10-25;2018-09-12;2
1572;CZ0314024;9130;CZ1330;VMB1_VMB2;2004-06-07;2010-10-13;2
1572;CZ0314024;9130;CZ1331;VMB1_VMB2;2005-08-15;2015-08-20;2
1572;CZ0314024;9130;CZ1367;VMB1_VMB2;2004-10-25;2008-12-01;2
1572;CZ0314024;9130;CZ1378;VMB1_VMB2;2001-06-30;2015-07-19;2
1572;CZ0314024;9130;CZ1401;VMB1_VMB2;2004-09-15;2015-08-10;2
1572;CZ0314024;9130;CZ1419;VMB1_VMB2;2002-05-28;2013-07-01;2
1572;CZ0314024;9130;CZ1422;VMB1_VMB2;2004-09-08;2009-07-14;2
1572;CZ0314024;9130;CZ1425;VMB1_VMB2;2004-09-15;2017-09-25;2
1572;CZ0314024;9130;CZ1440;VMB1_VMB2;2004-09-08;2019-09-05;2
1572;CZ0314024;9130;CZ1449;VMB1_VMB2;2002-12-31;2010-04-06;2
1572;CZ0314024;9130;CZ1450;VMB1_VMB2;2004-09-15;2014-07-17;2
1572;CZ0314024;9130;CZ1536;VMB1_VMB2;2001-08-06;2010-03-27;2
1572;CZ0314024;9130;CZ1554;VMB2_VMB0;2011-05-18;2023-11-01;1
1572;CZ0314024;9130;CZ1572;VMB1_VMB2;2001-08-06;2010-03-29;2
1572;CZ0314024;9130;CZ1585;VMB1_VMB2;2002-12-31;2017-08-08;2
1572;CZ0314024;9130;CZ1592;VMB1_VMB2;2002-12-31;2018-08-18;2
1572;CZ0314024;9130;CZ1593;VMB2_VMB0;2009-09-29;2022-08-30;1
1572;CZ0314024;9130;CZ1597;VMB1_VMB2;2005-06-23;2013-06-14;2
1572;CZ0314024;9130;CZ1652;VMB2_VMB0;2009-09-26;2023-08-27;1
1572;CZ0314024;9130;CZ1710;VMB1_VMB2;2004-09-20;2017-09-13;2
1572;CZ0314024;9130;CZ1711;VMB1_VMB2;2004-09-20;2017-08-10;2
1572;CZ0314024;9130;CZ1751;VMB2_VMB0;2009-08-03;2025-05-21;1
1572;CZ0314024;9130;CZ1773;VMB1_VMB2;2003-08-25;2008-05-27;2
1572;CZ0314024;9130;CZ1775;VMB1_VMB2;2003-08-28;2012-09-14;2
1572;CZ0314024;9130;CZ1779;VMB1_VMB2;2005-09-15;2009-10-22;2
1572;CZ0314024;9130;CZ1812;VMB1_VMB2;2003-09-17;2016-05-23;2
1572;CZ0314024;9130;CZ1835;VMB1_VMB2;2004-12-20;2010-10-08;2
1572;CZ0314024;9130;CZ1837;VMB1_VMB2;2003-09-01;2015-05-17;2
1572;CZ0314024;9130;CZ1838;VMB1_VMB2;2004-06-29;2012-08-09;2
1572;CZ0314024;9130;CZ1845;VMB1_VMB2;2003-08-14;2011-09-30;2
1572;CZ0314024;9130;CZ1846;VMB1_VMB2;2003-09-01;2010-08-23;2
1573;CZ0314024;9180;CZ0009;VMB1_VMB2;2004-09-10;2015-09-28;2
1573;CZ0314024;9180;CZ0392;VMB1_VMB2;2003-06-13;2007-09-14;2
1573;CZ0314024;9180;CZ0393;VMB1_VMB2;2003-06-11;2013-09-04;2
1573;CZ0314024;9180;CZ0394;VMB1_VMB2;2003-07-03;2007-10-17;2
1573;CZ0314024;9180;CZ0395;VMB1_VMB2;2005-09-15;2009-08-31;2
1573;CZ0314024;9180;CZ0406;VMB1_VMB2;2003-07-09;2010-09-07;2
1573;CZ0314024;9180;CZ0408;VMB1_VMB2;2004-07-19;2011-11-15;2
1573;CZ0314024;9180;CZ0573;VMB2_VMB0;2008-07-15;2023-07-13;1
1573;CZ0314024;9180;CZ0595;VMB1_VMB2;2003-05-14;2009-10-31;2
1573;CZ0314024;9180;CZ1044;VMB1_VMB2;2002-08-07;2015-08-31;2
1573;CZ0314024;9180;CZ1131;VMB1_VMB2;2004-09-01;2009-09-23;2
1573;CZ0314024;9180;CZ1256;VMB1_VMB2;2004-08-11;2017-09-05;2
1573;CZ0314024;9180;CZ1269;VMB1_VMB2;2003-08-09;2018-08-09;2
1573;CZ0314024;9180;CZ1270;VMB1_VMB2;2002-08-25;2012-07-11;2
1573;CZ0314024;9180;CZ1292;VMB1_VMB2;2003-07-31;2017-07-31;2
1573;CZ0314024;9180;CZ1318;VMB1_VMB2;2003-07-11;2015-08-28;2
1573;CZ0314024;9180;CZ1330;VMB1_VMB2;2004-06-06;2010-10-13;2
1573;CZ0314024;9180;CZ1367;VMB1_VMB2;2004-10-25;2008-12-01;2
1573;CZ0314024;9180;CZ1425;VMB1_VMB2;2004-09-15;2017-09-14;2
1573;CZ0314024;9180;CZ1426;VMB1_VMB2;2004-09-18;2014-02-26;2
1573;CZ0314024;9180;CZ1440;VMB1_VMB2;2004-08-02;2019-06-25;2
1573;CZ0314024;9180;CZ1536;VMB1_VMB2;2004-07-15;2010-03-27;2
1573;CZ0314024;9180;CZ1554;VMB1_VMB2;2002-07-26;2011-03-29;2
1573;CZ0314024;9180;CZ1572;VMB1_VMB2;2001-08-13;2010-03-29;2
1573;CZ0314024;9180;CZ1592;VMB1_VMB2;2004-07-15;2018-09-05;2
1573;CZ0314024;9180;CZ1593;VMB1_VMB2;2002-09-04;2009-07-25;2
1573;CZ0314024;9180;CZ1597;VMB1_VMB2;2003-07-26;2013-09-17;2
1573;CZ0314024;9180;CZ1631;VMB1_VMB2;2002-09-13;2010-07-20;2
1573;CZ0314024;9180;CZ1632;VMB1_VMB2;2002-09-04;2009-07-10;2
1573;CZ0314024;9180;CZ1651;VMB1_VMB2;2004-12-31;2012-10-04;2
1573;CZ0314024;9180;CZ1652;VMB1_VMB2;2002-09-04;2009-08-14;2
1573;CZ0314024;9180;CZ1746;VMB1_VMB2;2003-08-06;2014-09-10;2
1573;CZ0314024;9180;CZ1779;VMB1_VMB2;2003-08-07;2009-10-22;2
1573;CZ0314024;9180;CZ1835;VMB1_VMB2;2005-09-15;2010-09-06;2
1573;CZ0314024;9180;CZ1838;VMB1_VMB2;2003-08-18;2012-08-07;2
1573;CZ0314024;9180;CZ1845;VMB1_VMB2;2003-08-16;2011-09-30;2
1574;CZ0314024;9410;CZ0009;VMB1_VMB2;2004-09-10;2015-09-30;2
1574;CZ0314024;9410;CZ0019;VMB1_VMB2;2004-08-03;2015-08-21;2
1574;CZ0314024;9410;CZ0392;VMB2_VMB0;2009-09-12;2021-09-24;1
1574;CZ0314024;9410;CZ0393;VMB1_VMB2;2003-08-31;2013-09-11;2
1574;CZ0314024;9410;CZ0394;VMB2_VMB0;2009-08-21;2020-10-01;1
1574;CZ0314024;9410;CZ0395;VMB2_VMB0;2008-09-11;2024-10-24;1
1574;CZ0314024;9410;CZ0403;VMB1_VMB2;2005-02-28;2015-09-05;2
1574;CZ0314024;9410;CZ0404;VMB1_VMB2;2004-08-26;2011-05-06;2
1574;CZ0314024;9410;CZ0406;VMB1_VMB2;2004-08-01;2010-09-07;2
1574;CZ0314024;9410;CZ0408;VMB1_VMB2;2004-07-19;2011-08-13;2
1574;CZ0314024;9410;CZ0414;VMB2_VMB0;2012-09-22;2022-07-02;1
1574;CZ0314024;9410;CZ0415;VMB2_VMB0;2017-12-01;2022-06-21;1
1574;CZ0314024;9410;CZ0416;VMB2_VMB0;2015-08-24;2022-06-20;1
1574;CZ0314024;9410;CZ0563;VMB1_VMB2;2001-09-28;2012-08-08;2
1574;CZ0314024;9410;CZ0566;VMB1_VMB2;2001-09-30;2008-08-29;2
1574;CZ0314024;9410;CZ0573;VMB2_VMB0;2015-09-26;2023-07-31;1
1574;CZ0314024;9410;CZ0595;VMB1_VMB2;2005-01-03;2009-10-31;2
1574;CZ0314024;9410;CZ0637;VMB1_VMB2;2005-07-20;2008-11-08;2
1574;CZ0314024;9410;CZ0665;VMB1_VMB2;2004-08-21;2008-05-29;2
1574;CZ0314024;9410;CZ1042;VMB1_VMB2;2005-08-25;2015-07-07;2
1574;CZ0314024;9410;CZ1044;VMB1_VMB2;2002-08-10;2015-08-30;2
1574;CZ0314024;9410;CZ1045;VMB1_VMB2;2004-08-22;2015-08-31;2
1574;CZ0314024;9410;CZ1066;VMB1_VMB2;2004-08-25;2016-05-12;2
1574;CZ0314024;9410;CZ1094;VMB1_VMB2;2004-08-24;2012-06-18;2
1574;CZ0314024;9410;CZ1096;VMB1_VMB2;2003-08-15;2013-10-03;2
1574;CZ0314024;9410;CZ1117;VMB1_VMB2;2003-09-20;2012-06-11;2
1574;CZ0314024;9410;CZ1131;VMB1_VMB2;2004-12-17;2009-09-23;2
1574;CZ0314024;9410;CZ1132;VMB1_VMB2;2003-08-22;2015-07-07;2
1574;CZ0314024;9410;CZ1142;VMB1_VMB2;2002-09-22;2010-08-11;2
1574;CZ0314024;9410;CZ1174;VMB1_VMB2;2002-09-30;2016-08-26;2
1574;CZ0314024;9410;CZ1189;VMB1_VMB2;2002-09-07;2011-09-19;2
1574;CZ0314024;9410;CZ1194;VMB1_VMB2;2002-09-06;2012-09-07;2
1574;CZ0314024;9410;CZ1197;VMB1_VMB2;2005-08-19;2016-09-09;2
1574;CZ0314024;9410;CZ1236;VMB2_VMB0;2010-08-22;2022-09-05;1
1574;CZ0314024;9410;CZ1240;VMB1_VMB2;2003-07-08;2012-06-23;2
1574;CZ0314024;9410;CZ1246;VMB1_VMB2;2004-08-22;2012-08-14;2
1574;CZ0314024;9410;CZ1251;VMB1_VMB2;2004-08-01;2016-09-15;2
1574;CZ0314024;9410;CZ1256;VMB1_VMB2;2004-08-07;2017-09-05;2
1574;CZ0314024;9410;CZ1260;VMB1_VMB2;2004-09-05;2015-09-26;2
1574;CZ0314024;9410;CZ1269;VMB1_VMB2;2004-09-05;2018-09-11;2
1574;CZ0314024;9410;CZ1270;VMB1_VMB2;2002-10-12;2012-07-26;2
1574;CZ0314024;9410;CZ1292;VMB1_VMB2;2003-06-12;2017-07-30;2
1574;CZ0314024;9410;CZ1301;VMB1_VMB2;2005-08-15;2011-10-25;2
1574;CZ0314024;9410;CZ1318;VMB1_VMB2;2003-09-13;2015-08-28;2
1574;CZ0314024;9410;CZ1325;VMB1_VMB2;2004-08-01;2018-10-17;2
1574;CZ0314024;9410;CZ1330;VMB1_VMB2;2004-09-15;2010-10-12;2
1574;CZ0314024;9410;CZ1331;VMB1_VMB2;2005-08-15;2015-08-20;2
1574;CZ0314024;9410;CZ1358;VMB1_VMB2;2005-08-15;2014-08-28;2
1574;CZ0314024;9410;CZ1367;VMB1_VMB2;2004-11-29;2008-12-01;2
1574;CZ0314024;9410;CZ1378;VMB1_VMB2;2004-09-15;2015-09-14;2
1574;CZ0314024;9410;CZ1395;VMB1_VMB2;2002-11-05;2012-09-15;2
1574;CZ0314024;9410;CZ1401;VMB1_VMB2;2004-09-15;2015-09-25;2
1574;CZ0314024;9410;CZ1419;VMB1_VMB2;2003-10-29;2013-07-23;2
1574;CZ0314024;9410;CZ1422;VMB1_VMB2;2004-08-13;2009-07-14;2
1574;CZ0314024;9410;CZ1425;VMB1_VMB2;2004-09-15;2017-09-26;2
1574;CZ0314024;9410;CZ1438;VMB2_VMB0;2012-08-04;2022-07-14;1
1574;CZ0314024;9410;CZ1440;VMB1_VMB2;2004-08-13;2019-08-29;2
1574;CZ0314024;9410;CZ1449;VMB1_VMB2;2004-05-21;2010-04-06;2
1574;CZ0314024;9410;CZ1450;VMB1_VMB2;2004-09-15;2014-09-26;2
1574;CZ0314024;9410;CZ1451;VMB1_VMB2;2004-08-15;2012-09-20;2
1574;CZ0314024;9410;CZ1455;VMB2_VMB0;2016-08-31;2023-05-12;1
1574;CZ0314024;9410;CZ1492;VMB1_VMB2;2004-06-05;2010-03-25;2
1574;CZ0314024;9410;CZ1507;VMB2_VMB0;2011-09-22;2022-08-09;1
1574;CZ0314024;9410;CZ1512;VMB1_VMB2;2004-07-15;2013-08-13;2
1574;CZ0314024;9410;CZ1536;VMB1_VMB2;2004-07-15;2010-04-01;2
1574;CZ0314024;9410;CZ1547;VMB1_VMB2;2004-07-15;2010-10-01;2
1574;CZ0314024;9410;CZ1554;VMB2_VMB0;2011-08-30;2023-10-23;1
1574;CZ0314024;9410;CZ1572;VMB1_VMB2;2001-10-31;2010-03-30;2
1574;CZ0314024;9410;CZ1585;VMB1_VMB2;2003-10-20;2017-08-08;2
1574;CZ0314024;9410;CZ1592;VMB1_VMB2;2004-07-15;2018-09-14;2
1574;CZ0314024;9410;CZ1593;VMB2_VMB0;2010-09-20;2022-08-31;1
1574;CZ0314024;9410;CZ1631;VMB2_VMB0;2010-10-31;2023-08-12;1
1574;CZ0314024;9410;CZ1632;VMB2_VMB0;2009-09-23;2022-07-15;1
1574;CZ0314024;9410;CZ1651;VMB1_VMB2;2003-10-05;2012-10-11;2
1574;CZ0314024;9410;CZ1652;VMB2_VMB0;2009-10-02;2023-08-27;1
1574;CZ0314024;9410;CZ1680;VMB1_VMB2;2003-08-18;2012-09-22;2
1574;CZ0314024;9410;CZ1746;VMB1_VMB2;2004-07-31;2014-10-15;2
1574;CZ0314024;9410;CZ1751;VMB2_VMB0;2009-09-06;2025-05-19;1
1574;CZ0314024;9410;CZ1773;VMB2_VMB0;2008-09-10;2022-09-01;1
1574;CZ0314024;9410;CZ1775;VMB1_VMB2;2003-08-23;2012-09-18;2
1574;CZ0314024;9410;CZ1779;VMB2_VMB0;2013-10-04;2024-11-01;1
1574;CZ0314024;9410;CZ1812;VMB1_VMB2;2005-09-15;2016-10-24;2
1574;CZ0314024;9410;CZ1835;VMB1_VMB2;2003-10-10;2010-09-20;2
1574;CZ0314024;9410;CZ1837;VMB1_VMB2;2003-09-01;2015-05-17;2
1574;CZ0314024;9410;CZ1838;VMB1_VMB2;2004-06-29;2012-08-09;2
1574;CZ0314024;9410;CZ1846;VMB1_VMB2;2004-12-21;2010-09-03;2
1575;CZ0314024;91D0;CZ0009;VMB1_VMB2;2004-08-01;2015-09-21;2
1575;CZ0314024;91D0;CZ0019;VMB1_VMB2;2004-08-03;2015-08-21;2
1575;CZ0314024;91D0;CZ0392;VMB2_VMB0;2007-10-05;2021-09-13;1
1575;CZ0314024;91D0;CZ0393;VMB1_VMB2;2003-08-31;2013-08-20;2
1575;CZ0314024;91D0;CZ0394;VMB2_VMB0;2008-07-21;2020-08-11;1
1575;CZ0314024;91D0;CZ0403;VMB1_VMB2;2005-02-28;2015-08-31;2
1575;CZ0314024;91D0;CZ0408;VMB1_VMB2;2004-07-19;2011-11-15;2
1575;CZ0314024;91D0;CZ0414;VMB1_VMB2;2003-09-19;2012-07-28;2
1575;CZ0314024;91D0;CZ0415;VMB2_VMB0;2017-11-24;2022-06-21;1
1575;CZ0314024;91D0;CZ0416;VMB1_VMB2;2004-07-15;2012-09-25;2
1575;CZ0314024;91D0;CZ0573;VMB2_VMB0;2008-08-25;2023-07-31;1
1575;CZ0314024;91D0;CZ0595;VMB1_VMB2;2003-08-09;2009-10-31;2
1575;CZ0314024;91D0;CZ0637;VMB1_VMB2;2005-07-20;2008-11-08;2
1575;CZ0314024;91D0;CZ1042;VMB1_VMB2;2002-08-07;2016-05-14;2
1575;CZ0314024;91D0;CZ1044;VMB1_VMB2;2005-08-25;2015-08-31;2
1575;CZ0314024;91D0;CZ1045;VMB1_VMB2;2004-08-30;2015-07-05;2
1575;CZ0314024;91D0;CZ1066;VMB1_VMB2;2004-08-25;2016-05-12;2
1575;CZ0314024;91D0;CZ1094;VMB1_VMB2;2004-08-21;2012-06-18;2
1575;CZ0314024;91D0;CZ1117;VMB1_VMB2;2004-12-19;2012-06-15;2
1575;CZ0314024;91D0;CZ1131;VMB1_VMB2;2004-07-18;2009-09-22;2
1575;CZ0314024;91D0;CZ1132;VMB1_VMB2;2003-08-02;2015-07-17;2
1575;CZ0314024;91D0;CZ1142;VMB1_VMB2;2002-09-22;2010-08-10;2
1575;CZ0314024;91D0;CZ1147;VMB1_VMB2;2003-07-21;2016-08-24;2
1575;CZ0314024;91D0;CZ1174;VMB1_VMB2;2002-09-30;2016-07-12;2
1575;CZ0314024;91D0;CZ1194;VMB1_VMB2;2001-09-18;2012-08-24;2
1575;CZ0314024;91D0;CZ1197;VMB1_VMB2;2001-10-26;2016-09-09;2
1575;CZ0314024;91D0;CZ1236;VMB2_VMB0;2010-07-23;2022-09-04;1
1575;CZ0314024;91D0;CZ1246;VMB1_VMB2;2004-07-03;2012-08-14;2
1575;CZ0314024;91D0;CZ1251;VMB1_VMB2;2001-10-20;2016-09-14;2
1575;CZ0314024;91D0;CZ1256;VMB1_VMB2;2004-07-31;2017-06-09;2
1575;CZ0314024;91D0;CZ1260;VMB1_VMB2;2004-08-01;2015-09-20;2
1575;CZ0314024;91D0;CZ1269;VMB1_VMB2;2004-08-01;2018-09-11;2
1575;CZ0314024;91D0;CZ1270;VMB1_VMB2;2002-10-13;2012-07-26;2
1575;CZ0314024;91D0;CZ1292;VMB1_VMB2;2003-08-04;2017-08-30;2
1575;CZ0314024;91D0;CZ1301;VMB1_VMB2;2005-08-15;2011-10-25;2
1575;CZ0314024;91D0;CZ1318;VMB1_VMB2;2003-09-14;2015-08-28;2
1575;CZ0314024;91D0;CZ1325;VMB1_VMB2;2004-08-01;2018-10-17;2
1575;CZ0314024;91D0;CZ1330;VMB1_VMB2;2002-10-02;2010-09-12;2
1575;CZ0314024;91D0;CZ1331;VMB1_VMB2;2005-08-15;2015-08-20;2
1575;CZ0314024;91D0;CZ1358;VMB1_VMB2;2005-08-15;2014-08-27;2
1575;CZ0314024;91D0;CZ1367;VMB1_VMB2;2003-06-11;2008-12-01;2
1575;CZ0314024;91D0;CZ1378;VMB1_VMB2;2003-10-29;2015-07-21;2
1575;CZ0314024;91D0;CZ1395;VMB1_VMB2;2002-11-05;2012-09-15;2
1575;CZ0314024;91D0;CZ1401;VMB1_VMB2;2004-09-15;2015-08-18;2
1575;CZ0314024;91D0;CZ1419;VMB1_VMB2;2003-10-29;2013-07-23;2
1575;CZ0314024;91D0;CZ1422;VMB1_VMB2;2004-09-08;2009-07-14;2
1575;CZ0314024;91D0;CZ1425;VMB1_VMB2;2004-08-13;2017-09-21;2
1575;CZ0314024;91D0;CZ1438;VMB1_VMB2;2002-11-05;2010-03-28;2
1575;CZ0314024;91D0;CZ1440;VMB1_VMB2;2004-08-06;2019-06-26;2
1575;CZ0314024;91D0;CZ1449;VMB1_VMB2;2003-10-20;2010-04-01;2
1575;CZ0314024;91D0;CZ1450;VMB1_VMB2;2004-08-03;2014-09-18;2
1575;CZ0314024;91D0;CZ1451;VMB1_VMB2;2004-08-16;2012-07-31;2
1575;CZ0314024;91D0;CZ1455;VMB1_VMB2;2004-07-15;2016-08-31;2
1575;CZ0314024;91D0;CZ1492;VMB1_VMB2;2003-10-20;2010-03-25;2
1575;CZ0314024;91D0;CZ1507;VMB1_VMB2;2004-06-05;2011-09-22;2
1575;CZ0314024;91D0;CZ1512;VMB1_VMB2;2004-07-15;2013-08-13;2
1575;CZ0314024;91D0;CZ1536;VMB1_VMB2;2004-07-15;2010-04-01;2
1575;CZ0314024;91D0;CZ1547;VMB1_VMB2;2003-08-24;2010-10-01;2
1575;CZ0314024;91D0;CZ1554;VMB2_VMB0;2011-08-22;2023-10-20;1
1575;CZ0314024;91D0;CZ1572;VMB1_VMB2;2001-10-04;2010-03-30;2
1575;CZ0314024;91D0;CZ1592;VMB1_VMB2;2003-08-27;2018-08-05;2
1575;CZ0314024;91D0;CZ1593;VMB2_VMB0;2009-10-01;2022-08-31;1
1575;CZ0314024;91D0;CZ1631;VMB2_VMB0;2010-10-31;2023-08-12;1
1575;CZ0314024;91D0;CZ1632;VMB2_VMB0;2009-09-23;2022-07-15;1
1575;CZ0314024;91D0;CZ1652;VMB2_VMB0;2009-09-13;2023-08-27;1
1575;CZ0314024;91D0;CZ1680;VMB1_VMB2;2003-07-19;2012-08-02;2
1575;CZ0314024;91D0;CZ1773;VMB2_VMB0;2008-07-23;2022-08-11;1
1575;CZ0314024;91D0;CZ1812;VMB1_VMB2;2004-06-29;2016-10-24;2
1575;CZ0314024;91D0;CZ1838;VMB1_VMB2;2004-06-29;2012-08-09;2
1576;CZ0314024;91E0;CZ0009;VMB1_VMB2;2004-09-10;2015-09-30;2
1576;CZ0314024;91E0;CZ0019;VMB1_VMB2;2004-08-03;2015-06-22;2
1576;CZ0314024;91E0;CZ0027;VMB2_VMB0;2006-09-09;2021-06-05;1
1576;CZ0314024;91E0;CZ0392;VMB2_VMB0;2007-10-08;2021-09-30;1
1576;CZ0314024;91E0;CZ0393;VMB1_VMB2;2003-06-12;2013-09-23;2
1576;CZ0314024;91E0;CZ0394;VMB2_VMB0;2008-08-21;2020-09-30;1
1576;CZ0314024;91E0;CZ0395;VMB2_VMB0;2009-09-15;2024-10-31;1
1576;CZ0314024;91E0;CZ0402;VMB2_VMB0;2007-09-24;2020-08-17;1
1576;CZ0314024;91E0;CZ0403;VMB1_VMB2;2004-07-29;2015-08-31;2
1576;CZ0314024;91E0;CZ0404;VMB1_VMB2;2004-08-02;2007-11-03;2
1576;CZ0314024;91E0;CZ0408;VMB1_VMB2;2004-07-19;2011-11-15;2
1576;CZ0314024;91E0;CZ0414;VMB2_VMB0;2012-07-08;2022-06-22;1
1576;CZ0314024;91E0;CZ0416;VMB1_VMB2;2004-07-15;2012-09-21;2
1576;CZ0314024;91E0;CZ0497;VMB1_VMB2;2004-10-26;2012-03-29;2
1576;CZ0314024;91E0;CZ0563;VMB1_VMB2;2001-09-17;2012-06-15;2
1576;CZ0314024;91E0;CZ0573;VMB2_VMB0;2008-08-25;2023-07-31;1
1576;CZ0314024;91E0;CZ0595;VMB1_VMB2;2003-06-16;2009-10-31;2
1576;CZ0314024;91E0;CZ0637;VMB1_VMB2;2002-09-04;2008-08-31;2
1576;CZ0314024;91E0;CZ0665;VMB1_VMB2;2003-09-01;2008-05-29;2
1576;CZ0314024;91E0;CZ0967;VMB1_VMB2;2003-09-20;2017-09-18;2
1576;CZ0314024;91E0;CZ1042;VMB1_VMB2;2005-08-26;2016-05-14;2
1576;CZ0314024;91E0;CZ1044;VMB1_VMB2;2005-08-26;2015-08-29;2
1576;CZ0314024;91E0;CZ1066;VMB1_VMB2;2004-08-25;2015-09-03;2
1576;CZ0314024;91E0;CZ1094;VMB1_VMB2;2004-08-24;2012-06-18;2
1576;CZ0314024;91E0;CZ1117;VMB1_VMB2;2003-07-19;2012-06-15;2
1576;CZ0314024;91E0;CZ1132;VMB1_VMB2;2003-07-26;2015-07-17;2
1576;CZ0314024;91E0;CZ1162;VMB1_VMB2;2003-07-18;2014-07-02;2
1576;CZ0314024;91E0;CZ1167;VMB1_VMB2;2002-07-30;2010-08-19;2
1576;CZ0314024;91E0;CZ1174;VMB1_VMB2;2002-09-07;2016-08-26;2
1576;CZ0314024;91E0;CZ1177;VMB1_VMB2;2004-08-02;2012-07-12;2
1576;CZ0314024;91E0;CZ1194;VMB1_VMB2;2001-10-22;2012-09-07;2
1576;CZ0314024;91E0;CZ1197;VMB1_VMB2;2001-10-27;2016-09-16;2
1576;CZ0314024;91E0;CZ1210;VMB1_VMB2;2004-08-02;2013-08-07;2
1576;CZ0314024;91E0;CZ1236;VMB2_VMB0;2010-08-12;2022-09-05;1
1576;CZ0314024;91E0;CZ1240;VMB1_VMB2;2003-08-22;2012-08-12;2
1576;CZ0314024;91E0;CZ1251;VMB1_VMB2;2001-10-02;2016-09-14;2
1576;CZ0314024;91E0;CZ1256;VMB1_VMB2;2004-08-01;2017-08-10;2
1576;CZ0314024;91E0;CZ1260;VMB1_VMB2;2004-08-01;2015-09-26;2
1576;CZ0314024;91E0;CZ1269;VMB1_VMB2;2003-06-12;2018-09-11;2
1576;CZ0314024;91E0;CZ1270;VMB1_VMB2;2003-07-23;2012-07-26;2
1576;CZ0314024;91E0;CZ1292;VMB1_VMB2;2003-08-09;2017-08-30;2
1576;CZ0314024;91E0;CZ1301;VMB1_VMB2;2003-07-22;2011-03-31;2
1576;CZ0314024;91E0;CZ1318;VMB1_VMB2;2003-09-13;2015-08-28;2
1576;CZ0314024;91E0;CZ1325;VMB1_VMB2;2004-09-15;2018-10-17;2
1576;CZ0314024;91E0;CZ1330;VMB1_VMB2;2004-05-23;2010-10-07;2
1576;CZ0314024;91E0;CZ1347;VMB2_VMB0;2013-09-11;2025-06-28;1
1576;CZ0314024;91E0;CZ1367;VMB1_VMB2;2004-10-25;2008-12-01;2
1576;CZ0314024;91E0;CZ1378;VMB2_VMB0;2015-08-03;2022-09-12;1
1576;CZ0314024;91E0;CZ1401;VMB1_VMB2;2004-07-24;2015-09-22;2
1576;CZ0314024;91E0;CZ1419;VMB1_VMB2;2005-07-21;2013-07-23;2
1576;CZ0314024;91E0;CZ1422;VMB1_VMB2;2004-09-08;2009-07-14;2
1576;CZ0314024;91E0;CZ1425;VMB1_VMB2;2004-08-13;2017-09-25;2
1576;CZ0314024;91E0;CZ1440;VMB1_VMB2;2004-09-08;2019-09-18;2
1576;CZ0314024;91E0;CZ1449;VMB1_VMB2;2003-07-19;2010-04-01;2
1576;CZ0314024;91E0;CZ1450;VMB1_VMB2;2004-09-15;2014-09-25;2
1576;CZ0314024;91E0;CZ1451;VMB1_VMB2;2004-08-17;2012-10-18;2
1576;CZ0314024;91E0;CZ1455;VMB1_VMB2;2005-07-21;2016-08-31;2
1576;CZ0314024;91E0;CZ1507;VMB2_VMB0;2011-09-22;2022-08-05;1
1576;CZ0314024;91E0;CZ1512;VMB1_VMB2;2004-07-15;2013-08-13;2
1576;CZ0314024;91E0;CZ1536;VMB1_VMB2;2001-08-06;2010-03-27;2
1576;CZ0314024;91E0;CZ1547;VMB1_VMB2;2005-07-22;2010-08-17;2
1576;CZ0314024;91E0;CZ1554;VMB2_VMB0;2017-08-17;2024-03-28;1
1576;CZ0314024;91E0;CZ1572;VMB1_VMB2;2001-10-04;2010-03-29;2
1576;CZ0314024;91E0;CZ1585;VMB1_VMB2;2002-07-23;2017-08-18;2
1576;CZ0314024;91E0;CZ1592;VMB1_VMB2;2004-07-15;2018-09-14;2
1576;CZ0314024;91E0;CZ1593;VMB2_VMB0;2010-10-30;2022-07-09;1
1576;CZ0314024;91E0;CZ1597;VMB1_VMB2;2005-06-24;2013-09-17;2
1576;CZ0314024;91E0;CZ1631;VMB2_VMB0;2010-10-30;2023-08-12;1
1576;CZ0314024;91E0;CZ1632;VMB1_VMB2;2005-07-19;2009-09-23;2
1576;CZ0314024;91E0;CZ1651;VMB1_VMB2;2005-06-16;2012-10-11;2
1576;CZ0314024;91E0;CZ1652;VMB2_VMB0;2009-09-11;2023-08-27;1
1576;CZ0314024;91E0;CZ1680;VMB1_VMB2;2004-12-25;2012-09-22;2
1576;CZ0314024;91E0;CZ1709;VMB1_VMB2;2004-12-31;2017-08-07;2
1576;CZ0314024;91E0;CZ1710;VMB1_VMB2;2004-09-20;2017-09-13;2
1576;CZ0314024;91E0;CZ1711;VMB1_VMB2;2004-12-31;2017-08-10;2
1576;CZ0314024;91E0;CZ1746;VMB1_VMB2;2004-12-11;2014-09-16;2
1576;CZ0314024;91E0;CZ1751;VMB2_VMB0;2009-09-06;2025-05-21;1
1576;CZ0314024;91E0;CZ1773;VMB2_VMB0;2009-08-27;2022-08-30;1
1576;CZ0314024;91E0;CZ1775;VMB1_VMB2;2003-08-28;2012-09-19;2
1576;CZ0314024;91E0;CZ1779;VMB2_VMB0;2009-10-22;2024-11-06;1
1576;CZ0314024;91E0;CZ1812;VMB1_VMB2;2005-09-15;2016-10-24;2
1576;CZ0314024;91E0;CZ1835;VMB1_VMB2;2005-09-15;2010-10-08;2
1576;CZ0314024;91E0;CZ1837;VMB1_VMB2;2003-09-01;2015-05-17;2
1576;CZ0314024;91E0;CZ1838;VMB1_VMB2;2004-06-29;2012-09-07;2
1576;CZ0314024;91E0;CZ1845;VMB1_VMB2;2004-12-15;2011-09-30;2
1576;CZ0314024;91E0;CZ1846;VMB1_VMB2;2004-12-21;2010-09-03;2
1580;CZ0320022;9130;CZ0040;VMB1_VMB2;2003-08-20;2014-06-08;2
1580;CZ0320022;9130;CZ2143;VMB1_VMB2;2003-09-10;2014-06-27;2
1580;CZ0320022;9130;CZ2197;VMB1_VMB2;2004-05-15;2014-06-25;2
1581;CZ0320022;9170;CZ2197;VMB1_VMB2;2004-05-15;2014-06-25;2
1582;CZ0320022;9180;CZ0040;VMB1_VMB2;2003-08-20;2014-06-06;2
1582;CZ0320022;9180;CZ2143;VMB1_VMB2;2003-09-10;2014-06-27;2
1582;CZ0320022;9180;CZ2197;VMB1_VMB2;2004-05-15;2014-06-25;2
1596;CZ0623046;91E0;CZ1046;VMB1_VMB2;2003-05-09;2012-06-20;2
1597;CZ0520600;9110;CZ0374;VMB2_VMB0;2007-08-19;2022-10-05;1
1597;CZ0520600;9110;CZ2924;VMB2_VMB0;2009-07-22;2022-08-23;1
1598;CZ0520600;9130;CZ0374;VMB2_VMB0;2007-08-20;2022-10-05;1
1598;CZ0520600;9130;CZ2924;VMB2_VMB0;2009-07-22;2022-08-23;1
1599;CZ0520600;9410;CZ0374;VMB2_VMB0;2007-08-19;2022-10-05;1
1599;CZ0520600;9410;CZ2924;VMB2_VMB0;2009-07-22;2022-08-23;1
1602;CZ0720153;9130;CZ0591;VMB2_VMB0;2008-07-25;2023-09-26;1
1603;CZ0720153;9170;CZ0591;VMB2_VMB0;2008-07-26;2023-10-02;1
1613;CZ0314023;9190;CZ0407;VMB1_VMB2;2002-11-25;2011-09-20;2
1613;CZ0314023;9190;CZ0409;VMB1_VMB2;2001-03-03;2015-09-02;2
1613;CZ0314023;9190;CZ1126;VMB1_VMB2;2001-10-12;2014-08-28;2
1613;CZ0314023;9190;CZ1171;VMB2_VMB0;2001-10-12;2024-10-25;1
1613;CZ0314023;9190;CZ1271;VMB1_VMB2;2003-08-24;2013-08-26;2
1613;CZ0314023;9190;CZ1291;VMB1_VMB2;2003-05-18;2013-08-22;2
1613;CZ0314023;9190;CZ1313;VMB1_VMB2;2003-08-24;2013-08-19;2
1613;CZ0314023;9190;CZ1333;VMB1_VMB2;2002-09-30;2015-07-15;2
1614;CZ0314023;91E0;CZ0407;VMB1_VMB2;2002-10-25;2011-09-08;2
1614;CZ0314023;91E0;CZ1126;VMB1_VMB2;2001-10-11;2014-08-28;2
1614;CZ0314023;91E0;CZ1160;VMB1_VMB2;2001-09-06;2013-07-19;2
1614;CZ0314023;91E0;CZ1171;VMB2_VMB0;2001-09-07;2024-08-28;1
1614;CZ0314023;91E0;CZ1208;VMB1_VMB2;2001-09-09;2017-06-25;2
1614;CZ0314023;91E0;CZ1271;VMB1_VMB2;2001-09-28;2013-07-09;2
1614;CZ0314023;91E0;CZ1313;VMB1_VMB2;2001-09-28;2013-08-19;2
1615;CZ0314023;91F0;CZ0407;VMB1_VMB2;2002-11-25;2011-09-07;2
1615;CZ0314023;91F0;CZ1126;VMB1_VMB2;2002-12-31;2014-08-28;2
1615;CZ0314023;91F0;CZ1160;VMB1_VMB2;2001-09-05;2013-07-11;2
1615;CZ0314023;91F0;CZ1171;VMB2_VMB0;2001-09-07;2024-09-10;1
1615;CZ0314023;91F0;CZ1208;VMB1_VMB2;2001-09-07;2017-08-20;2
1615;CZ0314023;91F0;CZ1271;VMB1_VMB2;2001-09-09;2013-08-24;2
1615;CZ0314023;91F0;CZ1313;VMB1_VMB2;2001-09-29;2013-08-19;2
1617;CZ0210047;9110;CZ2223;VMB1_VMB2;2005-03-12;2015-08-14;2
1618;CZ0210047;9180;CZ2223;VMB1_VMB2;2004-09-05;2015-08-14;2
1621;CZ0624106;9170;CZ0961;VMB2_VMB0;2015-04-13;2024-05-13;1
1621;CZ0624106;9170;CZ1104;VMB1_VMB2;2004-09-17;2015-04-16;2
1621;CZ0624106;9170;CZ1133;VMB1_VMB2;2004-09-17;2015-06-08;2
1622;CZ0624106;91G0;CZ0961;VMB2_VMB0;2015-04-15;2024-05-13;1
1622;CZ0624106;91G0;CZ1104;VMB1_VMB2;2004-09-17;2015-04-16;2
1628;CZ0214011;9110;CZ0186;VMB2_VMB0;2007-09-16;2024-11-01;1
1628;CZ0214011;9110;CZ0187;VMB2_VMB0;2007-06-02;2024-09-24;1
1629;CZ0214011;9130;CZ0186;VMB2_VMB0;2007-09-15;2025-07-29;1
1629;CZ0214011;9130;CZ0187;VMB2_VMB0;2007-08-25;2024-09-24;1
1630;CZ0214011;9170;CZ0186;VMB2_VMB0;2007-09-15;2025-07-29;1
1630;CZ0214011;9170;CZ0187;VMB2_VMB0;2007-08-25;2024-09-26;1
1630;CZ0214011;9170;CZ2706;VMB1_VMB2;2003-09-12;2014-05-30;2
1631;CZ0214011;9180;CZ0186;VMB2_VMB0;2007-09-21;2024-11-01;1
1631;CZ0214011;9180;CZ0187;VMB2_VMB0;2007-07-02;2024-09-27;1
1631;CZ0214011;9180;CZ2706;VMB1_VMB2;2003-05-28;2014-05-30;2
1633;CZ0214011;91E0;CZ0186;VMB2_VMB0;2007-09-17;2024-10-25;1
1633;CZ0214011;91E0;CZ0187;VMB1_VMB2;2003-07-26;2007-07-02;2
1633;CZ0214011;91E0;CZ2706;VMB1_VMB2;2003-06-13;2014-06-05;2
1635;CZ0610005;9150;CZ1780;VMB1_VMB2;2003-05-02;2014-09-27;2
1639;CZ0714772;9110;CZ0303;VMB1_VMB2;2002-09-29;2007-09-03;2
1639;CZ0714772;9110;CZ1955;VMB1_VMB2;2001-10-12;2015-08-03;2
1640;CZ0714772;9130;CZ0303;VMB2_VMB0;2007-08-26;2023-08-21;1
1640;CZ0714772;9130;CZ1955;VMB1_VMB2;2003-11-15;2015-08-03;2
1641;CZ0714772;9180;CZ0303;VMB2_VMB0;2007-08-26;2023-08-16;1
1641;CZ0714772;9180;CZ1955;VMB1_VMB2;2001-10-12;2015-08-03;2
1651;CZ0624095;9170;CZ0486;VMB1_VMB2;2001-07-30;2014-09-09;2
1651;CZ0624095;9170;CZ0548;VMB1_VMB2;2003-08-13;2009-08-12;2
1651;CZ0624095;9170;CZ1145;VMB1_VMB2;2002-06-12;2014-09-06;2
1651;CZ0624095;9170;CZ1161;VMB1_VMB2;2003-08-13;2009-05-13;2
1651;CZ0624095;9170;CZ1193;VMB1_VMB2;2002-06-11;2014-10-03;2
1652;CZ0624095;9180;CZ0486;VMB1_VMB2;2001-06-23;2014-09-09;2
1652;CZ0624095;9180;CZ0548;VMB1_VMB2;2003-08-13;2009-05-13;2
1652;CZ0624095;9180;CZ1145;VMB1_VMB2;2002-06-14;2014-09-06;2
1652;CZ0624095;9180;CZ1161;VMB1_VMB2;2003-08-12;2009-05-13;2
1652;CZ0624095;9180;CZ1193;VMB1_VMB2;2002-06-14;2014-10-03;2
1654;CZ0624095;91H0;CZ0486;VMB1_VMB2;2001-06-23;2014-09-09;2
1654;CZ0624095;91H0;CZ0548;VMB1_VMB2;2002-06-05;2009-05-08;2
1654;CZ0624095;91H0;CZ1161;VMB1_VMB2;2003-06-05;2009-05-13;2
1655;CZ0624095;91U0;CZ0486;VMB1_VMB2;2007-05-09;2014-09-09;2
1657;CZ0420171;91E0;CZ3333;VMB1_VMB2;2002-11-14;2015-04-26;2
1660;CZ0620132;9130;CZ1721;VMB1_VMB2;2002-11-21;2013-09-28;2
1660;CZ0620132;9130;CZ1760;VMB1_VMB2;2002-11-21;2014-09-28;2
1661;CZ0620132;9180;CZ1721;VMB1_VMB2;2002-11-21;2013-09-27;2
1661;CZ0620132;9180;CZ1760;VMB1_VMB2;2002-11-21;2014-09-28;2
1666;CZ0420507;9110;CZ0525;VMB2_VMB0;2009-09-29;2022-09-25;1
1667;CZ0420507;9130;CZ0525;VMB2_VMB0;2009-08-19;2022-09-20;1
1668;CZ0420507;91E0;CZ0525;VMB2_VMB0;2009-08-29;2022-09-25;1
1674;CZ0614134;9170;CZ1273;VMB1_VMB2;2005-09-13;2014-08-23;2
1674;CZ0614134;9170;CZ1302;VMB1_VMB2;2004-07-29;2014-09-06;2
1675;CZ0614134;9180;CZ1273;VMB1_VMB2;2003-06-11;2014-08-23;2
1675;CZ0614134;9180;CZ1302;VMB1_VMB2;2002-09-23;2014-06-20;2
1676;CZ0614134;91I0;CZ1273;VMB1_VMB2;2005-09-13;2014-07-07;2
1676;CZ0614134;91I0;CZ1302;VMB1_VMB2;2005-09-13;2014-09-06;2
1682;CZ0514672;9110;CZ0929;VMB1_VMB2;2004-06-11;2020-09-06;2
1682;CZ0514672;9110;CZ3287;VMB1_VMB2;2003-07-20;2016-04-22;2
1682;CZ0514672;9110;CZ3366;VMB1_VMB2;2004-06-11;2013-06-20;2
1683;CZ0514672;9130;CZ0335;VMB1_VMB2;2003-07-20;2007-10-08;2
1683;CZ0514672;9130;CZ0929;VMB1_VMB2;2004-07-10;2020-09-13;2
1683;CZ0514672;9130;CZ3287;VMB1_VMB2;2004-07-10;2016-08-11;2
1684;CZ0514672;9180;CZ0929;VMB1_VMB2;2004-07-10;2020-09-05;2
1684;CZ0514672;9180;CZ3287;VMB1_VMB2;2004-07-10;2016-08-11;2
1684;CZ0514672;9180;CZ3294;VMB1_VMB2;2003-07-20;2017-07-27;2
1684;CZ0514672;9180;CZ3366;VMB1_VMB2;2004-06-11;2013-06-23;2
1686;CZ0310033;9170;CZ0675;VMB2_VMB0;2009-06-29;2024-07-12;1
1686;CZ0310033;9170;CZ0676;VMB1_VMB2;2005-05-14;2013-07-25;2
1687;CZ0310033;9180;CZ0675;VMB2_VMB0;2013-07-25;2024-05-18;1
1687;CZ0310033;9180;CZ0676;VMB1_VMB2;2005-05-14;2013-07-25;2
1688;CZ0813474;9130;CZ2157;VMB2_VMB0;2009-07-02;2020-09-15;1
1694;CZ0614131;9170;CZ0594;VMB1_VMB2;2002-06-19;2015-06-26;2
1694;CZ0614131;9170;CZ1315;VMB1_VMB2;2005-05-03;2010-06-12;2
1694;CZ0614131;9170;CZ1364;VMB1_VMB2;2004-07-26;2014-05-01;2
1694;CZ0614131;9170;CZ1387;VMB1_VMB2;2005-05-19;2010-05-28;2
1695;CZ0614131;9180;CZ1315;VMB1_VMB2;2004-06-26;2010-06-12;2
1695;CZ0614131;9180;CZ1364;VMB1_VMB2;2004-07-24;2014-05-01;2
1695;CZ0614131;9180;CZ1387;VMB1_VMB2;2005-05-19;2010-05-28;2
1696;CZ0614131;91I0;CZ1315;VMB1_VMB2;2001-06-30;2010-06-12;2
1696;CZ0614131;91I0;CZ1364;VMB1_VMB2;2005-05-03;2014-05-01;2
1696;CZ0614131;91I0;CZ1387;VMB1_VMB2;2002-09-22;2010-05-25;2
1699;CZ0420073;9170;CZ3150;VMB1_VMB2;2005-06-19;2013-09-28;2
1700;CZ0420073;9180;CZ3150;VMB1_VMB2;2001-06-20;2013-09-28;2
1701;CZ0420073;91H0;CZ3150;VMB1_VMB2;2001-06-20;2013-09-28;2
1702;CZ0420073;91I0;CZ3150;VMB1_VMB2;2001-07-08;2013-09-28;2
1704;CZ0624132;9130;CZ0604;VMB1_VMB2;2002-10-12;2014-10-13;2
1704;CZ0624132;9130;CZ1456;VMB1_VMB2;2001-10-10;2013-08-14;2
1704;CZ0624132;9130;CZ1462;VMB2_VMB0;2008-04-11;2022-07-12;1
1704;CZ0624132;9130;CZ1493;VMB1_VMB2;2003-10-15;2012-09-01;2
1704;CZ0624132;9130;CZ1526;VMB2_VMB0;2012-08-21;2024-07-23;1
1705;CZ0624132;9170;CZ0604;VMB1_VMB2;2002-10-12;2014-10-14;2
1705;CZ0624132;9170;CZ1456;VMB1_VMB2;2005-07-23;2013-08-14;2
1705;CZ0624132;9170;CZ1493;VMB1_VMB2;2002-10-12;2012-09-01;2
1705;CZ0624132;9170;CZ1526;VMB2_VMB0;2008-08-24;2024-09-26;1
1706;CZ0624132;9180;CZ0604;VMB1_VMB2;2002-10-12;2014-10-12;2
1706;CZ0624132;9180;CZ1456;VMB1_VMB2;2001-08-13;2013-09-27;2
1706;CZ0624132;9180;CZ1493;VMB1_VMB2;2002-10-12;2012-08-30;2
1706;CZ0624132;9180;CZ1526;VMB2_VMB0;2012-08-21;2024-07-25;1
1707;CZ0724087;9170;CZ0550;VMB2_VMB0;2008-08-31;2022-05-23;1
1707;CZ0724087;9170;CZ1179;VMB1_VMB2;2001-08-20;2016-04-25;2
1708;CZ0724087;91I0;CZ0550;VMB2_VMB0;2008-08-31;2022-05-20;1
1708;CZ0724087;91I0;CZ1179;VMB1_VMB2;2001-08-20;2016-04-25;2
1715;CZ0414026;9410;CZ0864;VMB1_VMB2;2004-09-09;2009-03-28;2
1715;CZ0414026;9410;CZ2938;VMB1_VMB2;2004-05-20;2015-05-17;2
1715;CZ0414026;9410;CZ2974;VMB1_VMB2;2002-08-10;2015-05-13;2
1720;CZ0210186;91E0;CZ0080;VMB2_VMB0;2006-08-06;2024-04-29;1
1720;CZ0210186;91E0;CZ0877;VMB1_VMB2;2000-09-15;2012-08-18;2
1720;CZ0210186;91E0;CZ0880;VMB1_VMB2;2000-09-15;2010-10-28;2
1721;CZ0210186;91F0;CZ0080;VMB2_VMB0;2006-08-27;2024-05-02;1
1721;CZ0210186;91F0;CZ0877;VMB1_VMB2;2000-09-15;2012-08-18;2
1721;CZ0210186;91F0;CZ0880;VMB1_VMB2;2000-09-15;2010-10-28;2
1724;CZ0213802;9170;CZ2662;VMB1_VMB2;2004-06-12;2015-09-14;2
1725;CZ0213802;9180;CZ2662;VMB1_VMB2;2004-06-12;2015-09-14;2
1729;CZ0420013;9170;CZ0085;VMB1_VMB2;2002-08-15;2017-07-23;2
1730;CZ0420013;9180;CZ0085;VMB1_VMB2;2002-08-15;2017-08-23;2
1741;CZ0530028;9130;CZ0231;VMB1_VMB2;2003-08-16;2016-04-30;2
1741;CZ0530028;9130;CZ0982;VMB1_VMB2;2003-08-16;2013-09-24;2
1746;CZ0720437;9130;CZ0545;VMB2_VMB0;2009-06-04;2024-07-25;1
1746;CZ0720437;9130;CZ1124;VMB1_VMB2;2002-07-25;2013-08-24;2
1747;CZ0720437;9170;CZ0545;VMB2_VMB0;2009-06-04;2024-04-18;1
1747;CZ0720437;9170;CZ1124;VMB1_VMB2;2005-04-07;2013-08-24;2
1748;CZ0720437;9180;CZ0545;VMB2_VMB0;2009-06-04;2024-04-19;1
1748;CZ0720437;9180;CZ1124;VMB1_VMB2;2002-07-25;2013-08-24;2
1749;CZ0720437;91E0;CZ0545;VMB2_VMB0;2009-06-04;2024-04-19;1
1749;CZ0720437;91E0;CZ1124;VMB1_VMB2;2002-07-24;2013-08-24;2
1750;CZ0620181;91E0;CZ1050;VMB1_VMB2;2002-11-19;2012-08-25;2
1751;CZ0620181;91F0;CZ1047;VMB1_VMB2;2002-11-19;2012-09-25;2
1751;CZ0620181;91F0;CZ1050;VMB1_VMB2;2002-11-19;2012-08-25;2
1753;CZ0720422;9170;CZ0003;VMB2_VMB0;2006-09-30;2022-05-11;1
1753;CZ0720422;9170;CZ0122;VMB2_VMB0;2010-09-13;2023-09-15;1
1754;CZ0720422;9180;CZ0003;VMB2_VMB0;2006-09-28;2021-07-18;1
1755;CZ0720422;91E0;CZ0003;VMB2_VMB0;2006-09-30;2022-05-11;1
1755;CZ0720422;91E0;CZ0122;VMB2_VMB0;2010-09-13;2023-09-15;1
1758;CZ0514668;9110;CZ3397;VMB1_VMB2;2002-09-30;2014-09-28;2
1759;CZ0514668;9180;CZ3397;VMB1_VMB2;2002-09-30;2014-09-15;2
1760;CZ0210726;91U0;CZ0467;VMB1_VMB2;2007-05-09;2016-10-21;2
1764;CZ0720192;9130;CZ0596;VMB1_VMB2;2001-07-25;2014-08-11;2
1765;CZ0720192;9170;CZ0596;VMB1_VMB2;2001-09-16;2014-08-11;2
1765;CZ0720192;9170;CZ1406;VMB1_VMB2;2001-07-25;2014-09-10;2
1766;CZ0720192;91E0;CZ0596;VMB1_VMB2;2001-07-25;2014-08-05;2
1769;CZ0514243;9110;CZ0476;VMB1_VMB2;2005-08-01;2012-11-27;2
1770;CZ0310020;9110;CZ1595;VMB1_VMB2;2002-06-01;2017-09-13;2
1770;CZ0310020;9110;CZ1646;VMB1_VMB2;2003-05-02;2012-07-24;2
1777;CZ0610159;9130;CZ0507;VMB2_VMB0;2009-04-16;2021-10-18;1
1778;CZ0610159;9180;CZ0507;VMB2_VMB0;2009-04-16;2021-10-15;1
1780;CZ0420165;91I0;CZ0127;VMB2_VMB0;2007-06-14;2024-05-24;1
1781;CZ0520184;9170;CZ0865;VMB2_VMB0;2009-05-28;2024-09-22;1
1782;CZ0520184;9190;CZ0865;VMB2_VMB0;2009-05-28;2024-09-22;1
1783;CZ0620103;9170;CZ1158;VMB1_VMB2;2002-08-21;2014-05-27;2
1783;CZ0620103;9170;CZ1165;VMB1_VMB2;2002-09-28;2014-05-28;2
1784;CZ0620103;91G0;CZ1158;VMB1_VMB2;2002-08-21;2014-05-27;2
1784;CZ0620103;91G0;CZ1165;VMB1_VMB2;2002-12-31;2014-05-28;2
1785;CZ0620103;91I0;CZ1158;VMB1_VMB2;2002-08-21;2014-05-27;2
1785;CZ0620103;91I0;CZ1165;VMB1_VMB2;2002-08-22;2014-05-28;2
1795;CZ0410151;9170;CZ0858;VMB2_VMB0;2009-05-11;2023-05-06;1
1796;CZ0410151;9180;CZ0858;VMB2_VMB0;2009-05-25;2023-05-06;1
1801;CZ0724430;9130;CZ0545;VMB2_VMB0;2009-06-18;2025-04-19;1
1801;CZ0724430;9130;CZ0551;VMB1_VMB2;2004-06-10;2014-07-31;2
1801;CZ0724430;9130;CZ1135;VMB1_VMB2;2004-06-10;2018-09-29;2
1802;CZ0724430;9170;CZ0545;VMB2_VMB0;2009-06-17;2024-05-30;1
1802;CZ0724430;9170;CZ0551;VMB1_VMB2;2004-06-10;2014-07-17;2
1802;CZ0724430;9170;CZ1135;VMB1_VMB2;2004-06-10;2018-09-27;2
1803;CZ0724430;9180;CZ0545;VMB1_VMB2;2002-08-16;2009-06-18;2
1803;CZ0724430;9180;CZ1135;VMB1_VMB2;2002-05-05;2018-09-27;2
1805;CZ0724430;91E0;CZ0545;VMB2_VMB0;2009-06-18;2025-04-19;1
1805;CZ0724430;91E0;CZ0551;VMB1_VMB2;2002-08-24;2014-07-31;2
1805;CZ0724430;91E0;CZ1135;VMB1_VMB2;2002-09-07;2018-09-29;2
1810;CZ0210027;9110;CZ2638;VMB1_VMB2;2003-07-19;2015-05-18;2
1811;CZ0210027;9130;CZ2616;VMB1_VMB2;2003-05-31;2015-07-30;2
1811;CZ0210027;9130;CZ2638;VMB1_VMB2;2003-07-19;2015-05-16;2
1814;CZ0620084;91E0;CZ0485;VMB2_VMB0;2009-09-02;2023-05-10;1
1814;CZ0620084;91E0;CZ1106;VMB1_VMB2;2004-04-10;2017-04-25;2
1815;CZ0620084;91F0;CZ0485;VMB2_VMB0;2009-09-01;2023-05-12;1
1815;CZ0620084;91F0;CZ1106;VMB1_VMB2;2004-04-10;2017-04-25;2
1818;CZ0620055;91G0;CZ0536;VMB1_VMB2;2004-05-16;2008-09-13;2
1818;CZ0620055;91G0;CZ1082;VMB1_VMB2;2004-05-16;2015-09-16;2
1820;CZ0420004;9170;CZ3175;VMB1_VMB2;2005-08-25;2014-05-30;2
1825;CZ0214015;9130;CZ0163;VMB1_VMB2;2003-09-15;2010-10-05;2
1826;CZ0214015;9170;CZ0163;VMB1_VMB2;2003-09-15;2010-10-05;2
1827;CZ0214015;9180;CZ0163;VMB1_VMB2;2003-09-17;2010-10-05;2
1828;CZ0214015;91E0;CZ0163;VMB1_VMB2;2003-09-17;2010-10-05;2
1829;CZ0214015;91I0;CZ0163;VMB1_VMB2;2003-09-03;2010-09-20;2
1835;CZ0424127;9110;CZ0095;VMB1_VMB2;2004-06-13;2012-08-27;2
1835;CZ0424127;9110;CZ0100;VMB1_VMB2;2003-09-13;2012-08-17;2
1835;CZ0424127;9110;CZ0133;VMB2_VMB0;2007-07-27;2024-06-29;1
1835;CZ0424127;9110;CZ0134;VMB2_VMB0;2007-08-30;2024-07-22;1
1835;CZ0424127;9110;CZ3357;VMB1_VMB2;2005-09-19;2015-06-26;2
1835;CZ0424127;9110;CZ3389;VMB1_VMB2;2003-09-17;2015-08-29;2
1835;CZ0424127;9110;CZ3393;VMB2_VMB0;2009-08-14;2023-07-29;1
1835;CZ0424127;9110;CZ3406;VMB1_VMB2;2003-06-11;2009-08-15;2
1835;CZ0424127;9110;CZ3414;VMB1_VMB2;2005-09-10;2012-08-16;2
1835;CZ0424127;9110;CZ3424;VMB1_VMB2;2005-09-10;2012-08-17;2
1835;CZ0424127;9110;CZ3428;VMB1_VMB2;2003-08-10;2013-10-04;2
1835;CZ0424127;9110;CZ3453;VMB1_VMB2;2005-09-06;2012-09-11;2
1835;CZ0424127;9110;CZ3454;VMB1_VMB2;2003-08-29;2012-10-16;2
1835;CZ0424127;9110;CZ3456;VMB1_VMB2;2005-09-06;2012-08-20;2
1836;CZ0424127;9130;CZ0095;VMB1_VMB2;2004-06-12;2012-08-27;2
1836;CZ0424127;9130;CZ0100;VMB1_VMB2;2003-09-13;2012-08-17;2
1836;CZ0424127;9130;CZ0133;VMB2_VMB0;2007-07-25;2024-06-29;1
1836;CZ0424127;9130;CZ0134;VMB2_VMB0;2007-08-28;2024-07-22;1
1836;CZ0424127;9130;CZ0135;VMB1_VMB2;2002-11-02;2007-08-06;2
1836;CZ0424127;9130;CZ0935;VMB1_VMB2;2003-06-10;2009-02-24;2
1836;CZ0424127;9130;CZ0942;VMB1_VMB2;2002-11-09;2009-03-03;2
1836;CZ0424127;9130;CZ3357;VMB1_VMB2;2003-09-10;2015-05-25;2
1836;CZ0424127;9130;CZ3389;VMB1_VMB2;2004-06-20;2015-08-29;2
1836;CZ0424127;9130;CZ3393;VMB2_VMB0;2009-08-13;2023-07-29;1
1836;CZ0424127;9130;CZ3394;VMB1_VMB2;2003-06-30;2014-04-17;2
1836;CZ0424127;9130;CZ3406;VMB1_VMB2;2003-06-10;2009-08-15;2
1836;CZ0424127;9130;CZ3414;VMB1_VMB2;2005-09-10;2012-08-16;2
1836;CZ0424127;9130;CZ3424;VMB1_VMB2;2005-09-10;2012-08-17;2
1836;CZ0424127;9130;CZ3428;VMB1_VMB2;2003-08-10;2013-10-04;2
1836;CZ0424127;9130;CZ3437;VMB1_VMB2;2002-04-27;2013-08-20;2
1836;CZ0424127;9130;CZ3453;VMB1_VMB2;2005-09-06;2012-09-11;2
1836;CZ0424127;9130;CZ3454;VMB1_VMB2;2003-07-21;2012-10-21;2
1836;CZ0424127;9130;CZ3456;VMB1_VMB2;2001-10-15;2012-08-20;2
1837;CZ0424127;9180;CZ0100;VMB1_VMB2;2003-08-31;2012-07-13;2
1837;CZ0424127;9180;CZ0133;VMB2_VMB0;2007-07-09;2024-06-09;1
1837;CZ0424127;9180;CZ0134;VMB2_VMB0;2007-08-27;2023-10-11;1
1837;CZ0424127;9180;CZ3389;VMB1_VMB2;2002-08-05;2015-05-09;2
1837;CZ0424127;9180;CZ3393;VMB2_VMB0;2009-08-10;2023-07-28;1
1837;CZ0424127;9180;CZ3414;VMB1_VMB2;2004-05-09;2012-05-30;2
1837;CZ0424127;9180;CZ3424;VMB1_VMB2;2004-06-09;2012-08-15;2
1837;CZ0424127;9180;CZ3428;VMB1_VMB2;2003-09-13;2013-09-13;2
1837;CZ0424127;9180;CZ3453;VMB1_VMB2;2003-08-29;2012-09-11;2
1837;CZ0424127;9180;CZ3456;VMB1_VMB2;2003-09-12;2012-08-18;2
1838;CZ0424127;9410;CZ0100;VMB1_VMB2;2003-08-31;2012-08-17;2
1838;CZ0424127;9410;CZ0133;VMB2_VMB0;2007-07-24;2024-06-29;1
1838;CZ0424127;9410;CZ0134;VMB1_VMB2;2001-09-25;2007-08-19;2
1838;CZ0424127;9410;CZ0942;VMB1_VMB2;2002-11-09;2009-03-03;2
1838;CZ0424127;9410;CZ3424;VMB1_VMB2;2002-05-04;2012-08-01;2
1838;CZ0424127;9410;CZ3428;VMB1_VMB2;2002-11-09;2013-10-04;2
1838;CZ0424127;9410;CZ3453;VMB1_VMB2;2003-08-01;2012-09-10;2
1838;CZ0424127;9410;CZ3454;VMB1_VMB2;2003-08-07;2012-09-20;2
1838;CZ0424127;9410;CZ3456;VMB1_VMB2;2003-09-12;2012-08-20;2
1839;CZ0424127;91D0;CZ0100;VMB1_VMB2;2003-08-24;2012-07-13;2
1839;CZ0424127;91D0;CZ0133;VMB1_VMB2;2001-10-10;2007-07-27;2
1839;CZ0424127;91D0;CZ3424;VMB1_VMB2;2003-07-07;2012-08-15;2
1839;CZ0424127;91D0;CZ3428;VMB1_VMB2;2002-11-09;2013-10-03;2
1839;CZ0424127;91D0;CZ3437;VMB1_VMB2;2001-07-10;2013-08-20;2
1839;CZ0424127;91D0;CZ3456;VMB1_VMB2;2001-10-10;2012-08-18;2
1840;CZ0424127;91E0;CZ0095;VMB1_VMB2;2004-06-13;2012-08-14;2
1840;CZ0424127;91E0;CZ0133;VMB2_VMB0;2007-07-25;2024-06-29;1
1840;CZ0424127;91E0;CZ0134;VMB2_VMB0;2007-08-31;2024-07-22;1
1840;CZ0424127;91E0;CZ3357;VMB1_VMB2;2002-06-21;2015-04-25;2
1840;CZ0424127;91E0;CZ3389;VMB1_VMB2;2002-08-05;2015-08-20;2
1840;CZ0424127;91E0;CZ3393;VMB2_VMB0;2009-08-13;2023-05-01;1
1840;CZ0424127;91E0;CZ3406;VMB1_VMB2;2002-04-17;2009-08-15;2
1840;CZ0424127;91E0;CZ3424;VMB1_VMB2;2004-06-06;2012-08-10;2
1840;CZ0424127;91E0;CZ3428;VMB1_VMB2;2002-11-09;2013-09-13;2
1840;CZ0424127;91E0;CZ3453;VMB1_VMB2;2003-08-29;2012-09-11;2
1840;CZ0424127;91E0;CZ3454;VMB1_VMB2;2003-07-21;2012-10-19;2
1840;CZ0424127;91E0;CZ3456;VMB1_VMB2;2001-09-27;2012-08-19;2
1848;CZ0410168;9410;CZ0919;VMB1_VMB2;2002-06-11;2008-12-03;2
1849;CZ0410168;91D0;CZ0919;VMB1_VMB2;2002-06-11;2008-12-03;2
1852;CZ0610003;9130;CZ0317;VMB2_VMB0;2007-07-11;2022-08-31;1
1856;CZ0210008;91F0;CZ0877;VMB2_VMB0;2012-09-05;2025-07-04;1
1858;CZ0523267;91E0;CZ2688;VMB1_VMB2;2005-08-22;2017-09-26;2
1858;CZ0523267;91E0;CZ2774;VMB1_VMB2;2005-06-13;2014-07-29;2
1858;CZ0523267;91E0;CZ2864;VMB2_VMB0;2011-09-06;2024-09-11;1
1861;CZ0524045;91E0;CZ0853;VMB1_VMB2;2003-05-25;2011-07-20;2
1862;CZ0524045;91F0;CZ0853;VMB1_VMB2;2005-10-15;2011-07-20;2
1864;CZ0520604;9110;CZ2697;VMB1_VMB2;2002-10-18;2017-08-14;2
1864;CZ0520604;9110;CZ2747;VMB1_VMB2;2005-09-08;2017-10-16;2
1864;CZ0520604;9110;CZ2794;VMB1_VMB2;2002-11-06;2017-10-09;2
1864;CZ0520604;9110;CZ2799;VMB1_VMB2;2005-09-08;2013-10-02;2
1865;CZ0520604;9130;CZ2697;VMB1_VMB2;2002-10-18;2017-08-14;2
1865;CZ0520604;9130;CZ2747;VMB1_VMB2;2005-09-08;2017-09-29;2
1865;CZ0520604;9130;CZ2794;VMB1_VMB2;2002-10-10;2017-10-01;2
1865;CZ0520604;9130;CZ2799;VMB1_VMB2;2005-09-08;2013-10-02;2
1866;CZ0520604;9180;CZ2697;VMB1_VMB2;2002-10-18;2017-04-30;2
1866;CZ0520604;9180;CZ2747;VMB1_VMB2;2005-09-08;2017-10-12;2
1866;CZ0520604;9180;CZ2794;VMB1_VMB2;2002-10-10;2017-10-01;2
1866;CZ0520604;9180;CZ2799;VMB1_VMB2;2002-11-17;2013-10-02;2
1877;CZ0214003;9170;CZ0522;VMB2_VMB0;2008-07-31;2022-10-23;1
1882;CZ0314641;91E0;CZ1347;VMB2_VMB0;2013-09-14;2025-06-28;1
1882;CZ0314641;91E0;CZ1399;VMB2_VMB0;2013-09-14;2025-08-17;1
1884;CZ0620120;9170;CZ1511;VMB2_VMB0;2008-05-16;2022-05-22;1
1885;CZ0620120;91I0;CZ1511;VMB2_VMB0;2008-05-16;2022-05-21;1
1891;CZ0210153;9170;CZ0810;VMB1_VMB2;2004-07-28;2011-09-23;2
1892;CZ0210153;9180;CZ0810;VMB1_VMB2;2004-07-28;2011-09-23;2
1892;CZ0210153;9180;CZ2662;VMB1_VMB2;2004-07-27;2015-09-14;2
1894;CZ0610401;9110;CZ0310;VMB1_VMB2;2002-08-05;2012-08-16;2
1895;CZ0610401;9130;CZ0310;VMB1_VMB2;2001-08-21;2012-08-15;2
1897;CZ0520511;9110;CZ3193;VMB1_VMB2;2004-10-14;2013-12-31;2
1898;CZ0520511;9130;CZ3193;VMB1_VMB2;2001-05-27;2013-08-23;2
1899;CZ0520511;91E0;CZ3193;VMB1_VMB2;2001-05-27;2013-12-31;2
1907;CZ0214050;91H0;CZ0839;VMB1_VMB2;2001-08-19;2013-06-18;2
1907;CZ0214050;91H0;CZ2814;VMB1_VMB2;2001-08-19;2013-07-05;2
1908;CZ0214050;91I0;CZ0839;VMB1_VMB2;2001-08-19;2013-06-18;2
1908;CZ0214050;91I0;CZ2814;VMB1_VMB2;2001-08-19;2013-07-09;2
1918;CZ0420012;91E0;CZ0907;VMB1_VMB2;2001-09-27;2009-01-27;2
1923;CZ0530021;9170;CZ2725;VMB1_VMB2;2004-05-22;2012-08-12;2
1924;CZ0530021;9190;CZ2725;VMB1_VMB2;2001-11-16;2012-08-12;2
1925;CZ0210175;9170;CZ2905;VMB1_VMB2;2005-05-10;2014-06-23;2
1925;CZ0210175;9170;CZ2975;VMB1_VMB2;2005-05-12;2014-06-24;2
1926;CZ0210175;9190;CZ2905;VMB1_VMB2;2001-09-30;2014-06-23;2
1926;CZ0210175;9190;CZ2975;VMB1_VMB2;2002-08-13;2014-06-24;2
1927;CZ0210175;91I0;CZ2905;VMB1_VMB2;2005-05-10;2014-06-23;2
1927;CZ0210175;91I0;CZ2975;VMB1_VMB2;2001-08-13;2014-06-24;2
1928;CZ0310605;91D0;CZ1128;VMB1_VMB2;2003-07-10;2014-08-20;2
1929;CZ0310163;9110;CZ1036;VMB1_VMB2;2003-07-26;2016-09-20;2
1930;CZ0310163;9130;CZ1036;VMB1_VMB2;2003-07-26;2016-09-20;2
1931;CZ0310163;9410;CZ1036;VMB1_VMB2;2003-07-26;2016-09-20;2
