kod_chu,DRUH,POLE,POSLEDNI_NALEZ
CZ0110040,Barbastella barbastellus,5952c,2020-07-02
CZ0110040,Chazara briseis,NA,1995-01-01
CZ0110040,Euplagia quadripunctaria,5952c,2022-08-09
CZ0110040,Gentianella amarella,NA,2001-09-05
CZ0110040,Hipparchia semele,NA,2011-08-23
CZ0110040,Myotis myotis,5952c,2021-05-28
CZ0110040,Myotis sp.,5952c,2020-05-18
CZ0110049,Hipparchia semele,NA,1995-01-01
CZ0110050,Abramis brama,5952c,2007-01-01
CZ0110050,Barbastella barbastellus,5952c,2025-12-07
CZ0110050,Chazara briseis,NA,1995-01-01
CZ0110050,Euplagia quadripunctaria,5952c,2023-08-11
CZ0110050,Gentianella amarella,NA,2001-09-05
CZ0110050,Hipparchia semele,NA,2012-08-01
CZ0110050,Lucanus cervus,5952c,2021-09-03
CZ0110050,Myotis myotis,5952c,2026-02-07
CZ0110050,Myotis sp.,5952c,2019-06-05
CZ0110050,Salmo trutta,5952c,2022-11-26
CZ0110050,Sanguisorba officinalis,5952c,2009-07-30
CZ0110050,Scardinius erythrophthalmus,5952c,2007-01-01
CZ0110142,Barbastella barbastellus,5953b,2019-06-24
CZ0110142,Bombina bombina,5953b,2025-07-14
CZ0110142,Hipparchia semele,NA,1995-01-01
CZ0110142,Lemna trisulca,5953b,2012-05-11
CZ0110142,Myotis sp.,5953b,2019-07-30
CZ0110142,Sanguisorba officinalis,5953b,2024-05-28
CZ0110142,Scardinius erythrophthalmus,5953b,2020-04-16
CZ0110154,Euplagia quadripunctaria,5852c,2021-08-10
CZ0110154,Hipparchia semele,NA,1995-01-01
CZ0113001,Cucujus cinnaberinus,5951b,2023-11-11
CZ0113001,Hipparchia semele,NA,2007-07-21
CZ0113001,Vertigo angustior,5951b,2016-05-22
CZ0113002,Bombina bombina,5953c,2023-05-06
CZ0113002,Cerambyx cerdo,5953c,2023-07-13
CZ0113002,Hipparchia semele,NA,1995-01-01
CZ0113002,Lemna trisulca,5953c,2024-05-04
CZ0113002,Leucorrhinia pectoralis,5953c,2015-06-06
CZ0113002,Lucanus cervus,5953c,2015-04-01
CZ0113002,Myotis myotis,5953c,2019-07-21
CZ0113002,Sanguisorba officinalis,5953c,2018-08-04
CZ0113002,Scardinius erythrophthalmus,5953c,2024-05-08
CZ0113005,Chazara briseis,NA,1995-01-01
CZ0113005,Euplagia quadripunctaria,5951d,2022-07-28
CZ0113005,Euplagia quadripunctaria,6052a,2023-08-18
CZ0113005,Euplagia quadripunctaria,"82,""6052a""",2011-05-19
CZ0113005,Gentianella amarella,NA,2001-09-05
CZ0113005,Hipparchia semele,NA,2011-08-23
CZ0113005,Lucanus cervus,"37,""6052a""",2015-04-01
CZ0113005,Lutra lutra,"45,""6052a""",2024-04-05
CZ0113005,Myotis myotis,6051b,2015-05-21
CZ0113773,Castor fiber,5952a,2004-01-01
CZ0113773,Chazara briseis,NA,1995-01-01
CZ0113773,Euplagia quadripunctaria,5952a,2020-08-12
CZ0113773,Hipparchia semele,NA,2011-08-23
CZ0113773,Lucanus cervus,5952a,2025-06-04
CZ0113773,Myotis myotis,5952a,2022-06-10
CZ0113773,Scardinius erythrophthalmus,5952a,2023-06-09
CZ0114001,Austropotamobius torrentium,5951d,2016-05-20
CZ0114001,Austropotamobius torrentium,6051b,2017-09-11
CZ0114001,Barbastella barbastellus,"39,""6051b""",2005-01-01
CZ0114001,Barbastella barbastellus,6051b,2018-08-28
CZ0114001,Cottus gobio,6051b,2023-08-17
CZ0114001,Dracocephalum austriacum,6051b,2025-05-06
CZ0114001,Euplagia quadripunctaria,"02,""6051b""",2004-07-30
CZ0114001,Euplagia quadripunctaria,"24,""6051b""",1956-01-01
CZ0114001,Euplagia quadripunctaria,"27,""6051b""",2004-07-30
CZ0114001,Euplagia quadripunctaria,5951d,2025-08-15
CZ0114001,Euplagia quadripunctaria,6051b,2024-07-09
CZ0114001,Hipparchia semele,NA,2009-08-01
CZ0114001,Lucanus cervus,5951d,2024-06-10
CZ0114001,Lutra lutra,6051b,2013-02-19
CZ0114001,Myotis alcathoe/emarginatus,5951d,2025-08-26
CZ0114001,Myotis alcathoe/emarginatus,6051b,2018-08-28
CZ0114001,Myotis bechsteinii,5951d,2005-07-27
CZ0114001,Myotis bechsteinii,6051b,2006-08-19
CZ0114001,Myotis myotis,"39,""6051b""",2005-01-01
CZ0114001,Myotis sp.,6051b,2018-08-28
CZ0114001,Salmo trutta,5951d,2023-08-17
CZ0114001,Salmo trutta,6051b,2016-12-06
CZ0210003,Myotis myotis,6355d,2015-05-19
CZ0210008,Cucujus cinnaberinus,5653c,2021-06-04
CZ0210008,Cucujus cinnaberinus,5653d,2024-03-29
CZ0210008,Sanguisorba officinalis,5653c,2024-06-10
CZ0210008,Succisa pratensis,5653c,2025-07-04
CZ0210008,Vertigo angustior,5653c,2008-06-05
CZ0210010,Lucanus cervus,"01,""6150a""",2011-07-04
CZ0210010,Lucanus cervus,6150a,2025-06-01
CZ0210010,Myotis bechsteinii,6150a,2022-05-08
CZ0210010,Triturus cristatus,6150a,2025-04-15
CZ0210011,Hipparchia semele,NA,2010-07-20
CZ0210011,Lucanus cervus,6050c,2010-04-17
CZ0210022,Cypripedium calceolus,5857d,2016-05-19
CZ0210022,Euphydryas maturna,NA,2007-06-09
CZ0210022,Lucanus cervus,5857d,2023-07-26
CZ0210022,Phengaris teleius,"81,""5857d""",2000-01-01
CZ0210022,Sanguisorba officinalis,5857d,2025-07-22
CZ0210027,Barbastella barbastellus,"15,""6054b""",2014-05-20
CZ0210027,Barbastella barbastellus,6054b,2015-09-30
CZ0210027,Coleanthus subtilis,6054b,2021-07-16
CZ0210027,Cucujus cinnaberinus,6054b,2022-05-26
CZ0210027,Lutra lutra,"15,""6054b""",2012-01-21
CZ0210027,Lutra lutra,6054b,2015-11-25
CZ0210027,Myotis bechsteinii,6054b,2015-09-30
CZ0210027,Myotis myotis,"15,""6054b""",2014-05-20
CZ0210027,Myotis myotis,6054b,2015-09-30
CZ0210027,Ophiogomphus cecilia,"15,""6054b""",2003-01-01
CZ0210027,Rhinolophus hipposideros,"01,""6054d""",2005-06-01
CZ0210027,Rhinolophus hipposideros,"15,""6054b""",2014-05-20
CZ0210028,Euplagia quadripunctaria,"99,""6155a""",2008-08-27
CZ0210028,Myotis bechsteinii,6155a,2024-08-24
CZ0210028,Phengaris nausithous,"88,""6155a""",2002-01-01
CZ0210034,Sanguisorba officinalis,"11,""5753a""",2017-05-23
CZ0210034,Sanguisorba officinalis,5753a,2017-05-23
CZ0210034,Succisa pratensis,"01,""5753a""",2010-07-06
CZ0210034,Succisa pratensis,"11,""5753a""",2017-05-23
CZ0210034,Succisa pratensis,5753a,2017-05-23
CZ0210043,Cerambyx cerdo,6150d,2015-12-15
CZ0210043,Dicranum viride,6150d,2018-09-17
CZ0210043,Myotis myotis,"2,""6150d""",2015-05-14
CZ0210043,Myotis myotis,6150d,2019-07-08
CZ0210043,Osmoderma barnabita,6150d,2015-10-02
CZ0210047,Barbastella barbastellus,6448b,2018-09-08
CZ0210047,Lynx lynx,6448b,2021-11-08
CZ0210047,Myotis alcathoe/emarginatus,6448b,2017-07-06
CZ0210047,Myotis bechsteinii,6448b,2018-09-08
CZ0210047,Myotis myotis,6448b,2015-08-30
CZ0210053,Chazara briseis,NA,1995-01-01
CZ0210053,Euplagia quadripunctaria,6252c,2021-09-02
CZ0210053,Hipparchia semele,NA,1995-01-01
CZ0210053,Lucanus cervus,6252c,2023-06-11
CZ0210053,Myotis myotis,6252c,2014-08-15
CZ0210054,Canis lupus,6249c,2025-03-24
CZ0210054,Hipparchia semele,NA,1995-01-01
CZ0210056,Phengaris teleius,6348a,2023-07-13
CZ0210056,Sanguisorba officinalis,6348a,2023-06-12
CZ0210056,Succisa pratensis,6348a,2023-06-12
CZ0210058,Sanguisorba officinalis,6354c,2012-07-23
CZ0210058,Succisa pratensis,6354c,2012-07-24
CZ0210062,Phengaris nausithous,6348c,2021-07-26
CZ0210062,Phengaris teleius,6348c,2021-07-26
CZ0210062,Rumex sp.,6348d,2011-05-20
CZ0210062,Sanguisorba officinalis,"13,""6348d""",2004-06-12
CZ0210062,Sanguisorba officinalis,"15,""6348d""",2014-05-20
CZ0210062,Sanguisorba officinalis,6348c,2017-10-13
CZ0210062,Sanguisorba officinalis,6348d,2022-06-23
CZ0210062,Sanguisorba officinalis,"83,""6348d""",2014-05-20
CZ0210062,Succisa pratensis,6348d,2004-06-12
CZ0210066,Cypripedium calceolus,5553c,2021-06-03
CZ0210100,Bombina bombina,"05,""5749a""",2011-04-29
CZ0210100,Bombina bombina,5749c,2002-05-01
CZ0210100,Cypripedium calceolus,5749b,2011-06-09
CZ0210100,Rumex sp.,5749c,2019-05-01
CZ0210100,Triturus cristatus,"05,""5749a""",2011-04-29
CZ0210101,Ameiurus nebulosus,"01,""5757d""",2004-01-01
CZ0210101,Bombina bombina,"01,""5656d""",2003-01-01
CZ0210101,Bombina bombina,"06,""5757a""",2014-06-11
CZ0210101,Bombina bombina,"18,""5657c""",2001-05-01
CZ0210101,Bombina bombina,"51,""5757a""",2013-06-01
CZ0210101,Bombina bombina,5656b,2016-05-27
CZ0210101,Bombina bombina,5656d,2003-01-01
CZ0210101,Bombina bombina,5657c,2024-04-28
CZ0210101,Bombina bombina,5757a,2024-04-28
CZ0210101,Bombina bombina,5757c,2021-09-14
CZ0210101,Bombina bombina,5757d,2014-06-11
CZ0210101,Bombina bombina,"8,""5757c""",2014-06-11
CZ0210101,Cypripedium calceolus,5757a,2016-05-18
CZ0210101,Cypripedium calceolus,5757c,2016-05-18
CZ0210101,Lemna trisulca,5656d,2014-05-31
CZ0210101,Lemna trisulca,5657c,2021-06-18
CZ0210101,Lemna trisulca,5757a,2004-08-18
CZ0210101,Lucanus cervus,"09,""5757c""",2002-03-17
CZ0210101,Lucanus cervus,5656d,2025-06-05
CZ0210101,Lucanus cervus,5657c,2023-06-08
CZ0210101,Lucanus cervus,5757a,2021-08-01
CZ0210101,Lucanus cervus,5757b,2020-07-03
CZ0210101,Lucanus cervus,5757c,2023-06-08
CZ0210101,Lucanus cervus,5757d,2019-06-08
CZ0210101,Lutra lutra,5657c,2020-04-22
CZ0210101,Lycaena dispar,5757a,2024-05-10
CZ0210101,Myotis myotis,"96,""5757a""",2012-06-21
CZ0210101,Myotis myotis,"96,""5757b""",2012-06-21
CZ0210101,Myotis myotis,"96,""5757c""",2012-06-21
CZ0210101,Myotis myotis,"96,""5757d""",2012-06-21
CZ0210101,Phengaris nausithous,"9,""5656b""",1995-01-01
CZ0210101,Sanguisorba officinalis,5656b,2014-06-05
CZ0210101,Sanguisorba officinalis,5656d,2014-05-31
CZ0210101,Sanguisorba officinalis,5657c,2023-06-22
CZ0210101,Sanguisorba officinalis,5757a,2016-06-09
CZ0210101,Sanguisorba officinalis,5757c,2009-07-22
CZ0210101,Sanguisorba officinalis,5757d,2015-08-25
CZ0210101,Sanguisorba officinalis,"64,""5757a""",2023-05-19
CZ0210101,Sanguisorba officinalis,"76,""5757b""",2022-05-19
CZ0210101,Sanguisorba officinalis,"9,""5757a""",2016-06-07
CZ0210101,Scardinius erythrophthalmus,"01,""5757d""",2004-01-01
CZ0210101,Succisa pratensis,5656b,2014-06-03
CZ0210101,Succisa pratensis,5656d,2014-05-31
CZ0210101,Succisa pratensis,5657c,2023-06-22
CZ0210101,Succisa pratensis,5757d,2004-05-08
CZ0210101,Succisa pratensis,"8,""5757b""",2002-07-14
CZ0210101,Triturus cristatus,5757a,2021-07-15
CZ0210101,Vertigo angustior,5657c,2023-05-11
CZ0210105,Cypripedium calceolus,5748d,2024-07-11
CZ0210105,Euplagia quadripunctaria,5748d,2023-06-08
CZ0210105,Lucanus cervus,5748d,2020-07-02
CZ0210107,Cypripedium calceolus,5850a,2024-08-01
CZ0210109,Barbastella barbastellus,5655b,2025-07-02
CZ0210109,Bombina bombina,5655a,2009-04-25
CZ0210109,Bombina bombina,5655b,2025-04-29
CZ0210109,Lucanus cervus,"23,""5655a""",2010-07-19
CZ0210109,Lucanus cervus,5655a,2023-06-25
CZ0210109,Lucanus cervus,5655b,2025-07-02
CZ0210109,Myotis bechsteinii,5655b,2025-07-02
CZ0210109,Myotis emarginatus,5655b,2025-05-27
CZ0210109,Myotis myotis,5655b,2025-07-02
CZ0210109,Sanguisorba officinalis,"23,""5655a""",2022-05-01
CZ0210109,Sanguisorba officinalis,5655b,2024-08-18
CZ0210109,Succisa pratensis,"23,""5655a""",2022-05-01
CZ0210109,Triturus cristatus,5655b,2013-04-30
CZ0210111,Pulsatilla patens,5555a,2025-06-29
CZ0210113,Euphydryas maturna,NA,2007-06-09
CZ0210113,Hamatocaulis vernicosus,5858c,2001-01-01
CZ0210113,Sanguisorba officinalis,5858c,2022-06-22
CZ0210113,Succisa pratensis,5858c,2022-06-22
CZ0210113,Vertigo angustior,5858c,2004-06-08
CZ0210114,Euplagia quadripunctaria,5555c,2017-08-11
CZ0210114,Lycaena dispar,5555c,2013-09-07
CZ0210114,Spermophilus citellus,5555c,2025-06-30
CZ0210118,Bombina bombina,5956b,2025-05-28
CZ0210118,Cucujus cinnaberinus,5956b,2004-04-28
CZ0210118,Lemna trisulca,5956b,2005-07-17
CZ0210118,Myotis myotis,5956b,2013-09-02
CZ0210118,Sanguisorba officinalis,5956b,2018-06-29
CZ0210118,Triturus cristatus,5956b,2024-06-02
CZ0210150,Bombina bombina,"4,""5756a""",2014-04-08
CZ0210150,Cucujus cinnaberinus,5756a,2021-09-18
CZ0210150,Cypripedium calceolus,5756a,2016-06-12
CZ0210150,Lucanus cervus,"08,""5756a""",2013-08-02
CZ0210150,Lucanus cervus,5756a,2024-08-27
CZ0210150,Myotis myotis,5756a,2012-08-24
CZ0210150,Triturus cristatus,5756a,2011-08-05
CZ0210152,Abramis brama,5753a,2016-10-25
CZ0210152,Abramis brama,5753c,2016-10-25
CZ0210152,Abramis brama,5753d,2016-10-25
CZ0210152,Abramis brama,"96,""5753c""",2004-01-01
CZ0210152,Ameiurus nebulosus,5753a,2016-10-25
CZ0210152,Ameiurus nebulosus,5753c,2016-10-25
CZ0210152,Ameiurus nebulosus,"96,""5753c""",2004-01-01
CZ0210152,Blicca bjoerkna,5753a,2004-01-01
CZ0210152,Blicca bjoerkna,5753c,2016-10-25
CZ0210152,Blicca bjoerkna,5753d,2016-10-25
CZ0210152,Blicca bjoerkna,"96,""5753c""",2004-01-01
CZ0210152,Bombina bombina,5753a,2024-05-08
CZ0210152,Bombina bombina,5753c,2024-06-26
CZ0210152,Castor fiber,5753a,2020-02-16
CZ0210152,Castor fiber,5753c,2018-05-21
CZ0210152,Cucujus cinnaberinus,5753a,2021-02-13
CZ0210152,Cucujus cinnaberinus,5753c,2025-09-30
CZ0210152,Cucujus cinnaberinus,5753d,2024-08-20
CZ0210152,Lemna trisulca,"31,""5753c""",2022-07-20
CZ0210152,Lemna trisulca,"97,""5753a""",2025-05-12
CZ0210152,Lemna trisulca,"97,""5753c""",2022-08-25
CZ0210152,Leuciscus aspius,5753a,2004-01-01
CZ0210152,Leuciscus aspius,5753c,2004-01-01
CZ0210152,Leuciscus aspius,"96,""5753c""",2004-01-01
CZ0210152,Lycaena dispar,5753c,2021-08-11
CZ0210152,Lycaena dispar,5753d,2025-07-20
CZ0210152,Phengaris nausithous,5753a,2021-07-28
CZ0210152,Phengaris nausithous,5753c,2025-08-13
CZ0210152,Phengaris nausithous,5753d,2025-08-11
CZ0210152,Phengaris teleius,5753a,2021-07-28
CZ0210152,Phengaris teleius,5753d,2021-07-28
CZ0210152,Sanguisorba officinalis,5753a,2025-07-18
CZ0210152,Sanguisorba officinalis,5753c,2024-05-20
CZ0210152,Sanguisorba officinalis,5753d,2025-05-12
CZ0210152,Sanguisorba officinalis,"61,""5753a""",2025-05-12
CZ0210152,Sanguisorba officinalis,"97,""5753a""",2025-05-12
CZ0210152,Scardinius erythrophthalmus,5753a,2016-10-25
CZ0210152,Scardinius erythrophthalmus,5753c,2016-07-04
CZ0210152,Scardinius erythrophthalmus,5753d,2016-10-25
CZ0210152,Scardinius erythrophthalmus,"96,""5753c""",2004-01-01
CZ0210152,Succisa pratensis,5753a,2021-08-25
CZ0210152,Succisa pratensis,"97,""5753a""",2025-05-12
CZ0210152,Triturus cristatus,5753c,2024-06-26
CZ0210153,Cerambyx cerdo,6052c,2009-06-01
CZ0210153,Cucujus cinnaberinus,6052c,2014-05-03
CZ0210153,Euplagia quadripunctaria,6052c,2019-07-20
CZ0210153,Hipparchia semele,NA,2004-01-01
CZ0210153,Lucanus cervus,6052c,2015-04-01
CZ0210172,Bombina bombina,5754d,2024-04-08
CZ0210172,Bombina bombina,5755c,2024-05-09
CZ0210172,Bombina bombina,"62,""5754d""",2025-05-20
CZ0210172,Bombina bombina,"91,""5754d""",2014-03-23
CZ0210172,Hamatocaulis vernicosus,"44,""5755c""",2001-01-01
CZ0210172,Hipparchia semele,NA,1995-01-01
CZ0210172,Lemna trisulca,5754d,2022-06-22
CZ0210172,Leucorrhinia pectoralis,5754d,2021-06-28
CZ0210172,Leucorrhinia pectoralis,"91,""5754d""",2015-03-15
CZ0210172,Lycaena dispar,5754d,2024-07-22
CZ0210172,Misgurnus fossilis,5754d,2013-10-24
CZ0210172,Phengaris nausithous,"1,""5754d""",2023-07-14
CZ0210172,Phengaris nausithous,"45,""5755c""",2022-07-14
CZ0210172,Phengaris nausithous,5754d,2023-08-03
CZ0210172,Phengaris nausithous,5755c,2021-08-06
CZ0210172,Phengaris teleius,"1,""5754d""",2023-07-14
CZ0210172,Phengaris teleius,5754d,2023-08-03
CZ0210172,Sanguisorba officinalis,"04,""5754d""",2008-06-13
CZ0210172,Sanguisorba officinalis,"11,""5755c""",2021-05-28
CZ0210172,Sanguisorba officinalis,"26,""5754d""",2021-05-28
CZ0210172,Sanguisorba officinalis,"28,""5754d""",2008-07-15
CZ0210172,Sanguisorba officinalis,"44,""5755c""",2005-01-01
CZ0210172,Sanguisorba officinalis,"45,""5755c""",2008-06-13
CZ0210172,Sanguisorba officinalis,5754d,2023-08-03
CZ0210172,Sanguisorba officinalis,5755c,2022-06-22
CZ0210172,Sanguisorba officinalis,"58,""5754d""",2008-06-13
CZ0210172,Succisa pratensis,"04,""5754d""",2008-06-13
CZ0210172,Succisa pratensis,"11,""5755c""",2021-05-28
CZ0210172,Succisa pratensis,"26,""5754d""",2021-05-28
CZ0210172,Succisa pratensis,"44,""5755c""",2005-01-01
CZ0210172,Succisa pratensis,"45,""5755c""",2008-06-13
CZ0210172,Succisa pratensis,5755c,2022-06-14
CZ0210172,Triturus cristatus,5754d,2020-07-30
CZ0210172,Triturus cristatus,5755c,2023-05-31
CZ0210172,Triturus cristatus,"62,""5754d""",2025-05-20
CZ0210172,Vertigo angustior,5754d,2012-08-06
CZ0210175,Bombina bombina,"16,""5758a""",2022-07-20
CZ0210175,Bombina bombina,5658c,2014-06-28
CZ0210175,Bombina bombina,5758a,2004-06-07
CZ0210175,Bombina bombina,5758c,2002-01-01
CZ0210175,Lemna trisulca,5758a,2005-05-13
CZ0210175,Leucorrhinia pectoralis,5758a,2025-05-29
CZ0210175,Lucanus cervus,5758a,2018-07-31
CZ0210175,Lucanus cervus,5758c,2017-07-07
CZ0210175,Lycaena dispar,5758a,2018-07-31
CZ0210175,Succisa pratensis,5758a,2014-06-23
CZ0210175,Succisa pratensis,5758c,2017-07-07
CZ0210186,Abramis brama,5652d,2004-01-01
CZ0210186,Abramis brama,5753a,2004-01-01
CZ0210186,Ameiurus melas,5652d,2007-04-01
CZ0210186,Ameiurus nebulosus,5652d,2010-07-14
CZ0210186,Ameiurus nebulosus,5753a,2004-01-01
CZ0210186,Blicca bjoerkna,5652d,2010-11-14
CZ0210186,Blicca bjoerkna,5753a,2004-01-01
CZ0210186,Castor fiber,5652d,2025-05-10
CZ0210186,Castor fiber,5753a,2022-04-01
CZ0210186,Castor fiber,"59,""5652d""",2023-08-03
CZ0210186,Cucujus cinnaberinus,5652d,2021-06-04
CZ0210186,Cucujus cinnaberinus,5752b,2021-06-04
CZ0210186,Cucujus cinnaberinus,5753a,2014-06-15
CZ0210186,Lemna trisulca,5753a,2021-05-21
CZ0210186,Leuciscus aspius,5652d,2004-01-01
CZ0210186,Leuciscus aspius,5753a,2014-10-20
CZ0210186,Lucanus cervus,"04,""5652d""",2019-06-04
CZ0210186,Lucanus cervus,5652d,2022-06-11
CZ0210186,Lucanus cervus,5752b,2024-06-08
CZ0210186,Lucanus cervus,5753a,2011-05-01
CZ0210186,Lucanus cervus,"74,""5753a""",2011-05-01
CZ0210186,Lutra lutra,5752b,2006-11-16
CZ0210186,Lutra lutra,5753a,2000-10-27
CZ0210186,Phengaris nausithous,"27,""5752b""",2023-08-03
CZ0210186,Phengaris nausithous,5652d,2023-08-03
CZ0210186,Phengaris nausithous,5752b,2021-07-28
CZ0210186,Phengaris nausithous,"89,""5752b""",2021-07-28
CZ0210186,Phengaris teleius,5652d,2020-07-17
CZ0210186,Phengaris teleius,5752b,2021-07-28
CZ0210186,Phengaris teleius,"89,""5752b""",2021-07-28
CZ0210186,Rhodeus amarus,5652d,2011-05-01
CZ0210186,Sanguisorba officinalis,"11,""5652d""",2020-07-21
CZ0210186,Sanguisorba officinalis,"18,""5753a""",2020-08-08
CZ0210186,Sanguisorba officinalis,"27,""5752b""",2023-08-03
CZ0210186,Sanguisorba officinalis,"46,""5653c""",2010-10-12
CZ0210186,Sanguisorba officinalis,"5,""5752b""",2023-08-03
CZ0210186,Sanguisorba officinalis,5652d,2025-11-06
CZ0210186,Sanguisorba officinalis,5653c,2010-10-12
CZ0210186,Sanguisorba officinalis,5752b,2023-07-27
CZ0210186,Sanguisorba officinalis,5753a,2023-07-28
CZ0210186,Sanguisorba officinalis,"58,""5652d""",2020-08-20
CZ0210186,Sanguisorba officinalis,"64,""5753a""",2010-09-27
CZ0210186,Sanguisorba officinalis,"67,""5752b""",2010-10-20
CZ0210186,Sanguisorba officinalis,"81,""5752b""",2020-08-12
CZ0210186,Sanguisorba officinalis,"96,""5752b""",2020-07-23
CZ0210186,Sanguisorba officinalis,"97,""5652d""",2010-09-27
CZ0210186,Scardinius erythrophthalmus,5753a,2014-10-20
CZ0210186,Succisa pratensis,5652d,2025-11-06
CZ0210186,Succisa pratensis,"88,""5752b""",2000-08-15
CZ0210186,Triturus cristatus,5652d,2011-04-30
CZ0210409,Austropotamobius torrentium,6051b,2024-08-13
CZ0210409,Barbastella barbastellus,6051b,2019-08-24
CZ0210409,Euplagia quadripunctaria,6051b,2020-07-30
CZ0210409,Hipparchia semele,NA,2009-08-01
CZ0210409,Lucanus cervus,6051b,2021-07-05
CZ0210421,Barbastella barbastellus,6050d,2012-02-07
CZ0210421,Barbastella barbastellus,6150b,2011-01-22
CZ0210421,Euplagia quadripunctaria,6150b,2008-07-29
CZ0210421,Hipparchia semele,NA,2010-07-20
CZ0210421,Myotis myotis,6050d,2012-02-07
CZ0210421,Myotis sp.,6150b,2008-02-01
CZ0210421,Rhinolophus hipposideros,6050d,2015-02-06
CZ0210421,Rhinolophus hipposideros,6150b,2015-02-06
CZ0210704,Euplagia quadripunctaria,6048b,2021-08-25
CZ0210708,Euplagia quadripunctaria,5949c,2004-03-19
CZ0210708,Lucanus cervus,"01,""5949c""",2009-06-01
CZ0210708,Lucanus cervus,5949c,2024-12-14
CZ0210708,Osmoderma barnabita,"01,""5949c""",2009-06-01
CZ0210708,Vertigo angustior,5949c,2004-07-07
CZ0210713,Lucanus cervus,5855c,2024-06-16
CZ0210713,Sanguisorba officinalis,5855c,2020-08-28
CZ0210713,Succisa pratensis,5855a,2025-05-23
CZ0210714,Abramis brama,5957d,2016-10-05
CZ0210714,Abramis brama,5958c,2016-10-05
CZ0210714,Ameiurus nebulosus,5957d,2004-01-01
CZ0210714,Ameiurus nebulosus,5958c,2004-01-01
CZ0210714,Blicca bjoerkna,5957d,2016-10-05
CZ0210714,Blicca bjoerkna,5958c,2004-01-01
CZ0210714,Bombina bombina,5957d,2024-05-02
CZ0210714,Cucujus cinnaberinus,5957d,2021-03-31
CZ0210714,Cucujus cinnaberinus,5958c,2023-07-24
CZ0210714,Lemna trisulca,"19,""5957d""",2022-08-30
CZ0210714,Lemna trisulca,5957d,2011-08-16
CZ0210714,Leuciscus aspius,5957d,2016-10-05
CZ0210714,Leuciscus aspius,5958c,2016-10-05
CZ0210714,Lutra lutra,5958c,2004-08-01
CZ0210714,Rhodeus amarus,5957d,2007-08-03
CZ0210714,Rhodeus amarus,5958c,2007-08-03
CZ0210714,Scardinius erythrophthalmus,5957d,2016-10-05
CZ0210714,Scardinius erythrophthalmus,5958c,2016-10-05
CZ0210714,Triturus cristatus,5957d,2011-04-07
CZ0210719,Euplagia quadripunctaria,5855d,2021-08-06
CZ0210719,Sanguisorba officinalis,5855d,2021-05-02
CZ0210720,Bombina bombina,5656c,2023-04-15
CZ0210720,Lucanus cervus,5656c,2025-06-14
CZ0210720,Succisa pratensis,"35,""5756a""",2017-07-19
CZ0210720,Succisa pratensis,"39,""5756a""",2025-07-05
CZ0210720,Succisa pratensis,5656c,2025-07-05
CZ0210720,Succisa pratensis,5756a,2020-06-23
CZ0210720,Vertigo angustior,5656c,2006-11-22
CZ0210721,Sanguisorba officinalis,5756a,2004-06-08
CZ0210721,Succisa pratensis,5756a,2021-09-13
CZ0210721,Vertigo angustior,5756a,2006-11-22
CZ0210721,Vertigo moulinsiana,5756a,2015-10-06
CZ0210729,Cucujus cinnaberinus,5852a,2024-03-23
CZ0210729,Euplagia quadripunctaria,5852a,2022-08-07
CZ0210729,Hipparchia semele,NA,1995-01-01
CZ0210729,Lucanus cervus,5852a,2017-07-04
CZ0210729,Lycaena dispar,5852a,2022-06-08
CZ0210729,Myotis myotis,5852a,2013-08-24
CZ0210731,Bombina bombina,6455a,2023-06-19
CZ0210731,Sanguisorba officinalis,6455a,2010-05-28
CZ0210731,Succisa pratensis,6455a,2018-05-22
CZ0210732,Succisa pratensis,6354a,2014-08-22
CZ0212001,Bombina bombina,6448d,2022-05-10
CZ0212001,Coleanthus subtilis,6448d,2023-05-30
CZ0212004,Cypripedium calceolus,5749d,2024-06-07
CZ0212004,Euplagia quadripunctaria,5749d,2018-07-20
CZ0212006,Castor fiber,5556a,2024-12-15
CZ0212006,Cottus gobio,5556a,2022-06-22
CZ0212006,Myotis bechsteinii,"45,""5556a""",2015-05-04
CZ0212006,Trichomanes speciosum,5556a,2021-05-12
CZ0212008,Minuartia smejkalii,6455a,2025-07-07
CZ0212010,Bombina bombina,6448d,2022-05-10
CZ0212010,Coleanthus subtilis,6448d,2023-05-30
CZ0212019,Adenophora liliifolia,5749a,2024-07-23
CZ0212019,Adenophora liliifolia,"98,""5749a""",2005-01-01
CZ0212019,Bombina bombina,5749a,2002-05-01
CZ0212019,Cypripedium calceolus,5749a,2024-05-19
CZ0212019,Euplagia quadripunctaria,"98,""5749a""",2008-08-19
CZ0212019,Sanguisorba officinalis,5749a,2021-07-07
CZ0212019,Succisa pratensis,5749a,2021-07-07
CZ0212019,Vertigo angustior,5749a,2019-07-16
CZ0212020,Cottus gobio,5455c,2011-10-01
CZ0212020,Cottus gobio,5555a,2012-08-17
CZ0212020,Cottus gobio,"76,""5555a""",2012-08-17
CZ0212020,Lampetra planeri,5455c,2011-10-01
CZ0212020,Lampetra planeri,5555a,2012-08-17
CZ0212020,Lampetra planeri,"76,""5555a""",2012-08-17
CZ0212020,Lemna trisulca,"53,""5555a""",2019-04-19
CZ0212020,Lemna trisulca,5555a,2005-01-01
CZ0212020,Ligularia sibirica,5555a,2025-10-14
CZ0212020,Ligularia sibirica,"79,""5555a""",2003-06-10
CZ0212020,Lutra lutra,5555a,2013-05-08
CZ0212020,Myotis myotis,5555a,2013-08-31
CZ0212020,Salmo trutta,5455c,2023-09-22
CZ0212020,Salmo trutta,5555a,2012-08-17
CZ0212020,Salmo trutta,"76,""5555a""",2012-08-17
CZ0212020,Sanguisorba officinalis,5555a,2023-06-14
CZ0212020,Succisa pratensis,5555a,2009-01-01
CZ0212020,Vertigo angustior,5555a,2023-05-22
CZ0212020,Vertigo moulinsiana,5555a,2024-05-21
CZ0212021,Bombina bombina,5855a,2002-01-01
CZ0212021,Gladiolus palustris,5855a,2025-06-25
CZ0212021,Gladiolus palustris,"65,""5855a""",2003-06-01
CZ0212021,Sanguisorba officinalis,5855a,2020-05-05
CZ0212021,Sanguisorba officinalis,"92,""5855a""",2022-06-27
CZ0212021,Succisa pratensis,5855a,2020-06-22
CZ0212021,Thesium ebracteatum,5855a,2025-06-12
CZ0212021,Thesium ebracteatum,"92,""5855a""",2022-06-27
CZ0212022,Cypripedium calceolus,5754b,2023-06-13
CZ0212023,Jurinea cyanoides,5753a,2025-11-28
CZ0212024,Cypripedium calceolus,5749d,2023-07-19
CZ0212025,Cypripedium calceolus,5749d,2023-07-19
CZ0213001,Bombina bombina,6058a,2025-05-20
CZ0213001,Triturus cristatus,6058a,2020-06-16
CZ0213004,Bombina bombina,6351b,2025-08-04
CZ0213005,Bombina bombina,6054b,2025-09-03
CZ0213005,Castor fiber,6054b,2026-03-03
CZ0213005,Triturus cristatus,6054b,2008-05-09
CZ0213006,Euplagia quadripunctaria,5455c,2021-08-10
CZ0213006,Lemna trisulca,5455c,2016-07-04
CZ0213006,Ligularia sibirica,5455c,2024-07-31
CZ0213006,Vertigo moulinsiana,5455c,2015-09-30
CZ0213009,Abramis brama,"86,""6355a""",2004-01-01
CZ0213009,Ameiurus nebulosus,6455a,2016-04-21
CZ0213009,Blicca bjoerkna,6355a,2014-10-11
CZ0213009,Bombina bombina,6255c,2023-05-27
CZ0213009,Bombina bombina,6355a,2025-06-11
CZ0213009,Bombina bombina,6355c,2002-06-18
CZ0213009,Castor fiber,6355a,2021-01-20
CZ0213009,Castor fiber,6355c,2024-01-28
CZ0213009,Castor fiber,6454b,2025-04-11
CZ0213009,Castor fiber,6454d,2019-10-13
CZ0213009,Castor fiber,6455a,2024-05-02
CZ0213009,Cottus gobio,6355a,2023-10-16
CZ0213009,Cottus gobio,6355c,2023-10-16
CZ0213009,Cottus gobio,"86,""6355a""",2004-01-01
CZ0213009,Lampetra planeri,"36,""6254d""",1950-01-01
CZ0213009,Lampetra planeri,6255c,2001-08-01
CZ0213009,Lampetra planeri,6355a,2023-11-14
CZ0213009,Lampetra planeri,6355c,2023-08-15
CZ0213009,Lampetra planeri,6454b,2011-06-19
CZ0213009,Lampetra planeri,6454d,2023-08-15
CZ0213009,Lampetra planeri,"86,""6355a""",2004-01-01
CZ0213009,Lampetra planeri,"89,""6355a""",2001-10-23
CZ0213009,Lemna trisulca,6355c,2002-05-15
CZ0213009,Leuciscus aspius,"86,""6355a""",2004-01-01
CZ0213009,Leuciscus aspius,"99,""6355a""",1950-01-01
CZ0213009,Lutra lutra,6255c,2021-01-20
CZ0213009,Lutra lutra,6355a,2024-01-17
CZ0213009,Lutra lutra,6355c,2022-05-02
CZ0213009,Lutra lutra,6454b,2024-08-21
CZ0213009,Lutra lutra,6454d,2018-09-05
CZ0213009,Lutra lutra,"91,""6454b""",2011-05-29
CZ0213009,Ophiogomphus cecilia,6355a,2017-07-22
CZ0213009,Ophiogomphus cecilia,6355c,2019-07-18
CZ0213009,Ophiogomphus cecilia,6454b,2019-07-06
CZ0213009,Ophiogomphus cecilia,6454d,2019-07-06
CZ0213009,Osmoderma barnabita,6255c,2024-07-03
CZ0213009,Osmoderma barnabita,"91,""6454b""",2011-03-01
CZ0213009,Rhodeus amarus,6355a,2014-10-11
CZ0213009,Rhodeus amarus,"86,""6355a""",2004-01-01
CZ0213009,Salmo trutta,6255c,2012-04-10
CZ0213009,Salmo trutta,6355a,2020-11-06
CZ0213009,Salmo trutta,"86,""6355a""",2004-01-01
CZ0213009,Sanguisorba officinalis,6255c,2001-07-05
CZ0213009,Sanguisorba officinalis,6355a,2022-09-07
CZ0213009,Sanguisorba officinalis,6355c,2011-08-22
CZ0213009,Scardinius erythrophthalmus,"86,""6355a""",2004-01-01
CZ0213009,Succisa pratensis,6255c,2019-07-22
CZ0213009,Succisa pratensis,6355c,2024-05-18
CZ0213009,Succisa pratensis,6455a,2004-05-15
CZ0213009,Unio crassus,6255c,2017-11-05
CZ0213009,Unio crassus,6355a,2021-11-21
CZ0213009,Unio crassus,6355c,2021-04-15
CZ0213009,Unio crassus,6454b,2024-06-23
CZ0213009,Unio crassus,6454d,2024-06-23
CZ0213009,Unio crassus,6455a,2024-06-23
CZ0213009,Unio crassus,"91,""6454b""",2011-01-01
CZ0213013,Bombina bombina,6449d,2025-08-05
CZ0213013,Lutra lutra,6449d,2018-05-18
CZ0213013,Sanguisorba officinalis,6449d,2013-08-09
CZ0213015,Lucanus cervus,6251a,2024-06-10
CZ0213015,Osmoderma barnabita,6251a,2015-05-23
CZ0213015,Phengaris nausithous,6251a,2025-08-03
CZ0213015,Sanguisorba officinalis,6251a,2008-10-10
CZ0213015,Succisa pratensis,6251a,2008-05-24
CZ0213016,Abramis brama,5851c,2004-01-01
CZ0213016,Austropotamobius torrentium,5851a,2006-10-03
CZ0213016,Austropotamobius torrentium,5851b,2025-10-25
CZ0213016,Austropotamobius torrentium,5851c,2018-10-26
CZ0213016,Cottus gobio,5851a,2014-09-23
CZ0213016,Cottus gobio,5851c,2014-09-23
CZ0213016,Hipparchia semele,NA,2003-07-24
CZ0213016,Lampetra planeri,5851a,2014-09-23
CZ0213016,Lampetra planeri,5851c,2014-09-23
CZ0213016,Lutra lutra,5851b,2011-10-30
CZ0213016,Lutra lutra,5851c,2016-10-21
CZ0213016,Salmo trutta,5851a,2014-09-23
CZ0213016,Scardinius erythrophthalmus,5851c,2004-01-01
CZ0213017,Bombina bombina,6449c,2025-06-25
CZ0213017,Triturus cristatus,6449c,2024-06-24
CZ0213023,Chazara briseis,NA,1995-01-01
CZ0213023,Euplagia quadripunctaria,"5,""6252a""",2003-07-25
CZ0213023,Euplagia quadripunctaria,6252a,2021-08-04
CZ0213023,Hipparchia semele,NA,1995-01-01
CZ0213028,Bombina bombina,"03,""5748d""",2025-07-04
CZ0213028,Bombina bombina,5748d,2025-07-04
CZ0213028,Bombina bombina,5749c,2025-07-04
CZ0213028,Bombina bombina,"64,""5748d""",2011-05-21
CZ0213028,Bombina bombina,"83,""5748d""",2003-05-01
CZ0213028,Bombina bombina,"84,""5748d""",2002-05-01
CZ0213028,Sanguisorba officinalis,5748d,2023-06-24
CZ0213028,Sanguisorba officinalis,5749c,2023-06-24
CZ0213028,Triturus cristatus,"03,""5748d""",2022-07-06
CZ0213028,Triturus cristatus,5748d,2022-07-06
CZ0213028,Triturus cristatus,5749c,2022-07-06
CZ0213028,Triturus cristatus,"99,""5748d""",2011-05-21
CZ0213029,Bombina bombina,5850c,2025-05-15
CZ0213029,Lemna trisulca,5850c,2022-08-15
CZ0213029,Sanguisorba officinalis,5850c,2003-06-03
CZ0213029,Triturus cristatus,5850c,2025-05-03
CZ0213038,Lucanus cervus,5950b,2025-06-18
CZ0213038,Triturus cristatus,5950b,2025-07-04
CZ0213039,Abramis brama,"53,""5652b""",2004-01-01
CZ0213039,Abramis brama,5652b,2020-05-26
CZ0213039,Abramis brama,5652d,2021-10-20
CZ0213039,Ameiurus melas,5552d,2020-06-02
CZ0213039,Ameiurus nebulosus,"53,""5652b""",2004-01-01
CZ0213039,Ameiurus nebulosus,5652b,2020-05-26
CZ0213039,Blicca bjoerkna,"53,""5652b""",2004-01-01
CZ0213039,Blicca bjoerkna,5652b,2015-10-03
CZ0213039,Castor fiber,5552d,2022-08-25
CZ0213039,Castor fiber,5652b,2025-07-08
CZ0213039,Leuciscus aspius,"53,""5652b""",2004-01-01
CZ0213039,Leuciscus aspius,"75,""5652b""",1950-01-01
CZ0213039,Myotis myotis,"71,""5652b""",2015-05-15
CZ0213039,Ophiogomphus cecilia,5552d,2006-01-01
CZ0213039,Rhodeus amarus,"07,""5552d""",1950-01-01
CZ0213039,Rhodeus amarus,5652b,2022-09-22
CZ0213039,Salmo trutta,"53,""5652b""",2004-01-01
CZ0213042,Cottus gobio,6256a,2016-11-11
CZ0213042,Lampetra planeri,6256a,2023-10-22
CZ0213042,Lutra lutra,6256a,2015-05-07
CZ0213042,Salmo trutta,6256a,2015-05-29
CZ0213043,Euplagia quadripunctaria,6152b,2021-07-29
CZ0213043,Lucanus cervus,6152b,2025-08-28
CZ0213047,Bombina bombina,6353a,2025-09-03
CZ0213047,Lemna trisulca,6353a,2023-05-12
CZ0213047,Triturus cristatus,6353a,2021-07-12
CZ0213048,Abramis brama,5855a,2000-01-01
CZ0213048,Blicca bjoerkna,5855a,2000-01-01
CZ0213048,Cucujus cinnaberinus,5855b,2009-04-02
CZ0213048,Cucujus cinnaberinus,"62,""5855a""",2015-04-01
CZ0213048,Rhodeus amarus,5855b,2023-08-29
CZ0213048,Rhodeus amarus,"62,""5855a""",1950-01-01
CZ0213048,Scardinius erythrophthalmus,5855a,2000-01-01
CZ0213050,Austropotamobius torrentium,6249b,2016-11-23
CZ0213050,Barbastella barbastellus,6249b,2017-04-11
CZ0213050,Hipparchia semele,NA,1995-01-01
CZ0213050,Lampetra planeri,6249b,2025-03-26
CZ0213050,Lampetra planeri,"99,""6249b""",2000-01-01
CZ0213050,Lutra lutra,6249b,2016-08-03
CZ0213050,Myotis myotis,6249b,2016-09-14
CZ0213051,Euphydryas maturna,NA,2007-06-05
CZ0213051,Lucanus cervus,5857c,2020-07-15
CZ0213051,Lucanus cervus,"6,""5857c""",2015-04-01
CZ0213058,Bombina bombina,5954c,2025-06-30
CZ0213058,Leucorrhinia pectoralis,5954c,2023-06-16
CZ0213058,Lycaena dispar,5954c,2021-08-22
CZ0213058,Triturus cristatus,5954c,2025-07-13
CZ0213059,Hipparchia semele,NA,2015-01-01
CZ0213059,Vertigo angustior,5850a,2023-10-13
CZ0213061,Abramis brama,5958c,2004-01-01
CZ0213061,Ameiurus nebulosus,"44,""5958c""",2014-04-22
CZ0213061,Ameiurus nebulosus,5958c,2004-01-01
CZ0213061,Blicca bjoerkna,5958c,2004-01-01
CZ0213061,Bombina bombina,"09,""5958a""",2024-07-12
CZ0213061,Bombina bombina,"43,""5958c""",2024-07-12
CZ0213061,Bombina bombina,"49,""5958a""",2024-07-12
CZ0213061,Bombina bombina,5958a,2024-07-12
CZ0213061,Bombina bombina,5958c,2025-05-11
CZ0213061,Bombina bombina,"96,""5958a""",2024-07-12
CZ0213061,Cucujus cinnaberinus,5958c,2004-05-01
CZ0213061,Cucujus cinnaberinus,"71,""5958c""",2004-05-01
CZ0213061,Lemna trisulca,"5,""5958c""",2022-08-16
CZ0213061,Leuciscus aspius,5958c,2004-01-01
CZ0213061,Phengaris nausithous,"04,""5958c""",1995-01-01
CZ0213061,Sanguisorba officinalis,5958c,2020-08-06
CZ0213061,Sanguisorba officinalis,"95,""5958c""",2014-05-22
CZ0213061,Scardinius erythrophthalmus,5958c,2004-01-01
CZ0213061,Triturus cristatus,5958c,2020-06-16
CZ0213063,Euplagia quadripunctaria,"86,""5848d""",2012-03-01
CZ0213063,Lycaena dispar,"86,""5848d""",2012-03-01
CZ0213063,Phengaris nausithous,"37,""5848d""",2005-07-27
CZ0213063,Phengaris nausithous,5848d,2025-08-08
CZ0213063,Phengaris nausithous,"61,""5848d""",2005-07-27
CZ0213063,Phengaris nausithous,"66,""5848d""",2018-07-16
CZ0213063,Phengaris nausithous,"86,""5848d""",2001-07-26
CZ0213063,Sanguisorba officinalis,5848d,2013-09-12
CZ0213064,Bombina bombina,6449a,2025-09-20
CZ0213064,Sanguisorba officinalis,6449a,2023-07-12
CZ0213064,Succisa pratensis,6449a,2023-07-12
CZ0213064,Triturus cristatus,6449a,2025-07-02
CZ0213065,Euplagia quadripunctaria,5949c,2025-08-14
CZ0213065,Lucanus cervus,5949c,2020-07-24
CZ0213065,Phengaris nausithous,5949c,1960-01-01
CZ0213066,Bombina bombina,6448d,2025-07-02
CZ0213066,Sanguisorba officinalis,6448d,2012-05-15
CZ0213066,Triturus cristatus,6448d,2021-07-11
CZ0213067,Abramis brama,"41,""6256d""",2004-01-01
CZ0213067,Abramis brama,"56,""6257c""",2004-01-01
CZ0213067,Abramis brama,6357b,2015-08-17
CZ0213067,Blicca bjoerkna,"41,""6256d""",2004-01-01
CZ0213067,Blicca bjoerkna,"56,""6257c""",2004-01-01
CZ0213067,Blicca bjoerkna,6256d,2015-08-18
CZ0213067,Blicca bjoerkna,6257c,2016-10-01
CZ0213067,Blicca bjoerkna,6357b,2015-08-17
CZ0213067,Cottus gobio,"56,""6257c""",2004-01-01
CZ0213067,Cottus gobio,6257c,2016-10-01
CZ0213067,Cottus gobio,"65,""6257c""",1950-01-01
CZ0213067,Leuciscus aspius,"07,""6257c""",1950-01-01
CZ0213067,Leuciscus aspius,"35,""6155d""",1950-01-01
CZ0213067,Leuciscus aspius,"41,""6256d""",2004-01-01
CZ0213067,Leuciscus aspius,"56,""6257c""",2004-01-01
CZ0213067,Leuciscus aspius,6256d,2023-10-17
CZ0213067,Leuciscus aspius,6257c,2023-10-17
CZ0213067,Leuciscus aspius,6357b,2023-10-17
CZ0213067,Leuciscus aspius,"65,""6257c""",1950-01-01
CZ0213067,Lutra lutra,"99,""6257c""",2015-05-17
CZ0213067,Myotis myotis,"99,""6257c""",2015-05-17
CZ0213067,Ophiogomphus cecilia,6256d,2017-07-19
CZ0213067,Ophiogomphus cecilia,6257c,2015-08-10
CZ0213067,Phengaris nausithous,6256d,2017-07-19
CZ0213067,Rhodeus amarus,6256d,2023-08-12
CZ0213067,Rhodeus amarus,6257c,2016-10-01
CZ0213067,Rhodeus amarus,6357b,2015-08-17
CZ0213067,Salmo trutta,"56,""6257c""",2004-01-01
CZ0213067,Salmo trutta,6257c,2016-10-01
CZ0213067,Scardinius erythrophthalmus,"56,""6257c""",2004-01-01
CZ0213068,Abramis brama,"04,""6155d""",2004-01-01
CZ0213068,Abramis brama,6152b,2006-08-24
CZ0213068,Abramis brama,6153b,2010-10-28
CZ0213068,Abramis brama,6153c,2010-10-28
CZ0213068,Abramis brama,6153d,2012-09-18
CZ0213068,Abramis brama,6155a,2016-05-05
CZ0213068,Abramis brama,"71,""6154c""",2004-01-01
CZ0213068,Abramis brama,"75,""6154a""",2004-01-01
CZ0213068,Blicca bjoerkna,"04,""6155d""",2004-01-01
CZ0213068,Blicca bjoerkna,6152b,2016-07-23
CZ0213068,Blicca bjoerkna,6155a,2017-09-27
CZ0213068,Blicca bjoerkna,"71,""6154c""",2004-01-01
CZ0213068,Blicca bjoerkna,"75,""6154a""",2004-01-01
CZ0213068,Castor fiber,6154b,2020-03-26
CZ0213068,Castor fiber,6155a,2022-02-25
CZ0213068,Cottus gobio,"65,""6257c""",1950-01-01
CZ0213068,Cottus gobio,"71,""6154c""",2004-01-01
CZ0213068,Leuciscus aspius,"04,""6155d""",2004-01-01
CZ0213068,Leuciscus aspius,"35,""6155d""",1950-01-01
CZ0213068,Leuciscus aspius,6152b,2020-09-16
CZ0213068,Leuciscus aspius,"65,""6257c""",1950-01-01
CZ0213068,Leuciscus aspius,"71,""6154c""",2004-01-01
CZ0213068,Leuciscus aspius,"75,""6154a""",2004-01-01
CZ0213068,Lutra lutra,"54,""6153c""",2025-07-10
CZ0213068,Lutra lutra,6152b,2006-10-24
CZ0213068,Lutra lutra,6153a,2021-09-25
CZ0213068,Lutra lutra,6153b,2024-07-21
CZ0213068,Lutra lutra,6154a,2021-09-25
CZ0213068,Lutra lutra,6155b,2025-01-21
CZ0213068,Myotis myotis,6153d,2023-09-23
CZ0213068,Ophiogomphus cecilia,6154c,2019-06-30
CZ0213068,Ophiogomphus cecilia,6155d,2022-07-20
CZ0213068,Rhodeus amarus,6152b,2023-08-27
CZ0213068,Rhodeus amarus,6153a,2022-10-26
CZ0213068,Rhodeus amarus,6153b,2023-09-06
CZ0213068,Rhodeus amarus,6153c,2023-08-27
CZ0213068,Rhodeus amarus,6153d,2012-09-18
CZ0213068,Rhodeus amarus,6154b,2023-08-27
CZ0213068,Rhodeus amarus,6154c,2023-08-27
CZ0213068,Rhodeus amarus,6155a,2023-08-27
CZ0213068,Rhodeus amarus,6155d,2023-08-27
CZ0213068,Rhodeus amarus,"77,""6153b""",1950-01-01
CZ0213068,Salmo trutta,"04,""6155d""",2004-01-01
CZ0213068,Salmo trutta,"71,""6154c""",2004-01-01
CZ0213068,Salmo trutta,"75,""6154a""",2004-01-01
CZ0213068,Sanguisorba officinalis,6154a,2008-06-05
CZ0213068,Scardinius erythrophthalmus,"04,""6155d""",2004-01-01
CZ0213068,Scardinius erythrophthalmus,6153c,2012-09-17
CZ0213068,Scardinius erythrophthalmus,"71,""6154c""",2004-01-01
CZ0213068,Unio crassus,"01,""6154b""",2006-07-30
CZ0213068,Unio crassus,"16,""6155a""",2001-07-06
CZ0213068,Unio crassus,6152b,2016-06-18
CZ0213068,Unio crassus,6153a,2015-07-11
CZ0213068,Unio crassus,6153b,2022-08-07
CZ0213068,Unio crassus,6153c,2001-07-05
CZ0213068,Unio crassus,6153d,2015-07-11
CZ0213068,Unio crassus,6154a,2018-12-01
CZ0213068,Unio crassus,6154b,2012-08-18
CZ0213068,Unio crassus,6154c,2018-12-01
CZ0213068,Unio crassus,6155a,2015-07-11
CZ0213068,Unio crassus,6155d,2015-07-11
CZ0213068,Unio crassus,"68,""6155d""",2001-07-07
CZ0213068,Unio crassus,"7,""6155d""",2001-07-07
CZ0213068,Unio crassus,"78,""6155a""",2001-07-06
CZ0213069,Lampetra planeri,"04,""6354b""",2002-01-01
CZ0213069,Lampetra planeri,6354b,2023-09-07
CZ0213069,Lampetra planeri,6354d,2023-09-08
CZ0213069,Lutra lutra,"83,""6354b""",2015-04-30
CZ0213069,Misgurnus fossilis,6354b,2023-09-07
CZ0213070,Osmoderma barnabita,"37,""5750c""",2021-07-30
CZ0213070,Osmoderma barnabita,5750b,2014-01-16
CZ0213070,Osmoderma barnabita,5750c,2020-03-19
CZ0213071,Bombina bombina,6353b,2025-09-03
CZ0213071,Triturus cristatus,6353b,2024-06-15
CZ0213072,Osmoderma barnabita,5850a,2025-08-13
CZ0213072,Succisa pratensis,"99,""5850a""",2009-08-28
CZ0213076,Abramis brama,6256a,2014-10-14
CZ0213076,Cottus gobio,"58,""6256c""",2001-10-23
CZ0213076,Cottus gobio,6256a,2015-09-01
CZ0213076,Lampetra planeri,"19,""6256c""",1987-01-01
CZ0213076,Lampetra planeri,"39,""6256c""",2000-01-01
CZ0213076,Lampetra planeri,"58,""6256c""",2001-10-23
CZ0213076,Lampetra planeri,6256a,2023-10-22
CZ0213076,Lampetra planeri,6256c,2023-10-22
CZ0213076,Lutra lutra,"94,""6256c""",2015-05-19
CZ0213076,Rhodeus amarus,6256a,2019-06-20
CZ0213076,Salmo trutta,"58,""6256c""",2001-10-23
CZ0213076,Salmo trutta,6256a,2022-10-13
CZ0213076,Salmo trutta,6256c,2022-10-13
CZ0213076,Scardinius erythrophthalmus,6256a,2019-06-20
CZ0213077,Bombina bombina,6453d,2024-06-17
CZ0213077,Lutra lutra,6453d,2022-06-03
CZ0213077,Triturus cristatus,6453d,2025-08-08
CZ0213078,Euplagia quadripunctaria,6451a,2007-08-07
CZ0213078,Sanguisorba officinalis,6451a,2010-08-16
CZ0213078,Spermophilus citellus,6451a,2016-07-06
CZ0213081,Bombina bombina,"13,""6352d""",2025-08-04
CZ0213081,Bombina bombina,"27,""6352d""",2019-06-21
CZ0213081,Bombina bombina,"46,""6352d""",2002-01-01
CZ0213081,Bombina bombina,6352d,2023-05-18
CZ0213081,Lemna trisulca,6352d,2023-05-18
CZ0213081,Succisa pratensis,6352d,2004-06-01
CZ0213082,Bombina bombina,6449c,2025-07-02
CZ0213082,Sanguisorba officinalis,6449c,2015-08-05
CZ0213082,Succisa pratensis,6449c,2020-06-16
CZ0213082,Triturus cristatus,6449c,2025-07-02
CZ0213083,Abramis brama,5751b,2004-01-01
CZ0213083,Ameiurus nebulosus,5751b,2004-01-01
CZ0213083,Blicca bjoerkna,5751b,2004-01-01
CZ0213083,Castor fiber,5751b,2023-04-13
CZ0213083,Cucujus cinnaberinus,5751b,2025-11-28
CZ0213083,Cucujus cinnaberinus,5752a,2018-12-10
CZ0213083,Lucanus cervus,5751b,2022-07-16
CZ0213083,Lucanus cervus,5752a,2025-06-21
CZ0213083,Osmoderma barnabita,5751b,2021-07-30
CZ0213083,Osmoderma barnabita,5752a,2022-08-13
CZ0213083,Osmoderma barnabita,"93,""5751b""",2006-03-14
CZ0213084,Bombina bombina,6354c,2025-09-03
CZ0213086,Bombina bombina,"15,""6151c""",2015-05-19
CZ0213086,Bombina bombina,6151c,2023-05-25
CZ0213086,Lucanus cervus,6151c,2022-06-15
CZ0213086,Lynx lynx,"08,""6150d""",2002-02-11
CZ0213086,Lynx lynx,6151c,2001-08-14
CZ0213086,Phengaris nausithous,"97,""6151c""",2006-08-09
CZ0213086,Phengaris teleius,"97,""6151c""",2009-07-05
CZ0213086,Sanguisorba officinalis,6151c,2023-08-16
CZ0213086,Succisa pratensis,6151c,2009-04-11
CZ0213086,Triturus cristatus,"15,""6151c""",2015-06-27
CZ0213086,Triturus cristatus,6150d,2025-07-17
CZ0213086,Triturus cristatus,6151c,2025-07-17
CZ0213086,Triturus cristatus,6251a,2024-07-05
CZ0213086,Vertigo angustior,6151c,2009-09-21
CZ0213512,Bombina variegata,6049a,2025-09-09
CZ0213512,Lemna trisulca,6049a,2009-06-17
CZ0213512,Triturus cristatus,6049a,2025-07-01
CZ0213600,Myotis myotis,5454d,2020-06-05
CZ0213601,Chazara briseis,NA,2005-01-01
CZ0213601,Hipparchia semele,NA,2005-01-01
CZ0213601,Myotis myotis,6050a,2019-07-17
CZ0213602,Myotis myotis,6251a,2005-06-26
CZ0213610,Barbastella barbastellus,5949c,2025-02-07
CZ0213610,Myotis myotis,5949c,2023-06-26
CZ0213610,Myotis sp.,5949c,2024-07-15
CZ0213611,Lucanus cervus,5656a,2011-07-05
CZ0213611,Myotis myotis,5656a,2025-07-24
CZ0213612,Myotis myotis,5755b,2011-07-05
CZ0213613,Barbastella barbastellus,6057c,2015-02-11
CZ0213613,Myotis bechsteinii,6057c,2014-12-30
CZ0213613,Myotis emarginatus,6057c,2015-02-11
CZ0213613,Myotis myotis,6057c,2015-02-11
CZ0213613,Myotis sp.,6057c,2014-12-30
CZ0213613,Rhinolophus hipposideros,6057c,2015-02-11
CZ0213615,Myotis myotis,6452a,2021-01-30
CZ0213615,Rhinolophus hipposideros,6452a,2025-01-25
CZ0213620,Myotis bechsteinii,6354d,2021-02-04
CZ0213620,Myotis myotis,6354d,2016-02-27
CZ0213620,Myotis sp.,6354d,2021-02-04
CZ0213621,Barbastella barbastellus,6051a,2026-01-23
CZ0213621,Euplagia quadripunctaria,6051a,2021-08-09
CZ0213621,Hipparchia semele,NA,2009-08-01
CZ0213621,Myotis bechsteinii,6051a,2023-01-27
CZ0213621,Myotis emarginatus,6051a,2026-01-23
CZ0213621,Myotis myotis,6051a,2026-01-23
CZ0213621,Rhinolophus hipposideros,6051a,2026-01-23
CZ0213626,Myotis myotis,6150a,2015-07-17
CZ0213626,Rhinolophus hipposideros,6150a,2015-07-17
CZ0213628,Myotis myotis,6149a,2025-07-28
CZ0213630,Myotis myotis,6152d,2005-06-25
CZ0213631,Myotis myotis,6249a,2006-06-28
CZ0213776,Spermophilus citellus,"06,""5655a""",2025-07-01
CZ0213776,Spermophilus citellus,"12,""5655a""",2013-05-17
CZ0213776,Spermophilus citellus,"18,""5655a""",2014-07-19
CZ0213776,Spermophilus citellus,"2,""5655a""",2024-07-02
CZ0213776,Spermophilus citellus,"24,""5655a""",2011-07-16
CZ0213776,Spermophilus citellus,"29,""5655a""",2006-07-10
CZ0213776,Spermophilus citellus,"35,""5655a""",2021-06-28
CZ0213776,Spermophilus citellus,"36,""5655a""",2019-06-13
CZ0213776,Spermophilus citellus,"38,""5655a""",2023-06-28
CZ0213776,Spermophilus citellus,"4,""5655a""",2022-06-28
CZ0213776,Spermophilus citellus,"49,""5655a""",2009-07-17
CZ0213776,Spermophilus citellus,"53,""5655a""",2014-04-16
CZ0213776,Spermophilus citellus,5555c,2025-05-05
CZ0213776,Spermophilus citellus,"56,""5655a""",2005-07-14
CZ0213776,Spermophilus citellus,5655a,2020-04-11
CZ0213776,Spermophilus citellus,"73,""5655a""",2008-07-09
CZ0213776,Spermophilus citellus,"78,""5655a""",2021-07-29
CZ0213776,Spermophilus citellus,"79,""5655a""",2020-07-03
CZ0213776,Spermophilus citellus,"82,""5655a""",2001-07-11
CZ0213776,Spermophilus citellus,"93,""5655a""",2010-07-16
CZ0213776,Spermophilus citellus,"96,""5655a""",2017-07-02
CZ0213776,Spermophilus citellus,"97,""5655a""",2007-07-14
CZ0213777,Euplagia quadripunctaria,6350d,2018-07-19
CZ0213777,Phengaris nausithous,6350d,2021-07-27
CZ0213777,Sanguisorba officinalis,6350d,2012-06-07
CZ0213779,Cerambyx cerdo,"49,""6052a""",2009-06-01
CZ0213779,Cerambyx cerdo,6052a,2004-01-01
CZ0213779,Euplagia quadripunctaria,"06,""6052a""",2005-08-03
CZ0213779,Euplagia quadripunctaria,6052a,2023-07-18
CZ0213779,Euplagia quadripunctaria,6052b,2022-08-17
CZ0213779,Euplagia quadripunctaria,"91,""6052a""",1961-07-17
CZ0213779,Euplagia quadripunctaria,"94,""6052b""",2005-08-03
CZ0213779,Hipparchia semele,NA,2004-01-01
CZ0213779,Lucanus cervus,"49,""6052a""",2009-06-01
CZ0213779,Lucanus cervus,6052a,2025-07-31
CZ0213779,Lucanus cervus,6052b,2016-06-07
CZ0213779,Myotis alcathoe/emarginatus,6052a,2019-08-31
CZ0213779,Myotis alcathoe/emarginatus,6052b,2019-05-29
CZ0213779,Myotis myotis,6052b,2019-05-29
CZ0213779,Myotis myotis,"77,""6052a""",2015-05-01
CZ0213779,Myotis sp.,6052a,2019-08-31
CZ0213779,Myotis sp.,6052b,2019-07-05
CZ0213783,Bombina variegata,6149d,2025-09-08
CZ0213783,Euplagia quadripunctaria,6149d,2017-08-17
CZ0213783,Lycaena dispar,6149d,2022-06-05
CZ0213783,Myotis myotis,6149d,2015-05-05
CZ0213783,Sanguisorba officinalis,6149d,2014-05-25
CZ0213783,Triturus cristatus,6149d,2025-08-18
CZ0213784,Bombina bombina,6452a,2025-08-04
CZ0213784,Lycaena dispar,6452a,2023-07-16
CZ0213784,Phengaris nausithous,6452a,2024-07-22
CZ0213784,Sanguisorba officinalis,6452a,2014-10-01
CZ0213784,Triturus cristatus,6452a,2018-06-11
CZ0213785,Bombina bombina,6352a,2025-08-04
CZ0213785,Lemna trisulca,6352a,2009-08-10
CZ0213785,Phengaris nausithous,6352a,2021-07-28
CZ0213785,Vertigo angustior,6352a,2015-03-28
CZ0213787,Bombina bombina,6249a,2021-09-04
CZ0213787,Bombina variegata,6249a,2024-07-05
CZ0213787,Hipparchia semele,NA,1995-01-01
CZ0213787,Myotis myotis,6249a,2015-05-06
CZ0213787,Myotis sp.,6249a,2020-10-01
CZ0213787,Phengaris nausithous,6249a,2021-07-13
CZ0213787,Phengaris teleius,6249a,2021-07-13
CZ0213787,Sanguisorba officinalis,6249a,2014-06-07
CZ0213787,Succisa pratensis,6249a,2014-06-07
CZ0213787,Triturus cristatus,6249a,2017-03-01
CZ0213789,Abramis brama,6350b,2025-09-26
CZ0213789,Blicca bjoerkna,6350b,2024-10-10
CZ0213789,Bombina bombina,6350b,2025-06-01
CZ0213789,Lemna trisulca,6350b,2009-09-26
CZ0213789,Lutra lutra,6350b,2016-05-20
CZ0213789,Lycaena dispar,6350b,2021-08-21
CZ0213789,Scardinius erythrophthalmus,6350b,2025-09-26
CZ0213789,Triturus cristatus,6350b,2025-07-01
CZ0213790,Scardinius erythrophthalmus,5949a,2025-09-05
CZ0213790,Triturus cristatus,5949a,2025-09-18
CZ0213791,Bombina bombina,6352d,2025-08-04
CZ0213791,Lemna trisulca,6352d,2023-08-11
CZ0213791,Triturus cristatus,6352d,2025-08-04
CZ0213792,Barbastella barbastellus,6058a,2023-06-01
CZ0213792,Bombina bombina,6058a,2020-06-16
CZ0213792,Cucujus cinnaberinus,6057b,2025-09-09
CZ0213792,Cucujus cinnaberinus,6058a,2025-09-09
CZ0213792,Lemna trisulca,6058a,2023-05-24
CZ0213792,Lemna trisulca,"79,""6058a""",2014-05-31
CZ0213792,Leucorrhinia pectoralis,6058a,2020-06-15
CZ0213792,Lucanus cervus,6058a,2020-07-05
CZ0213792,Lycaena dispar,6058a,2022-07-21
CZ0213792,Osmoderma barnabita,6057b,2012-06-28
CZ0213792,Osmoderma barnabita,6058a,2012-06-28
CZ0213792,Osmoderma barnabita,"78,""6057b""",2010-07-30
CZ0213792,Rhinolophus hipposideros,6058a,2023-06-01
CZ0213792,Sanguisorba officinalis,"04,""6057b""",2014-05-04
CZ0213792,Sanguisorba officinalis,"05,""6057b""",2003-08-19
CZ0213792,Sanguisorba officinalis,"2,""6057b""",2014-05-31
CZ0213792,Sanguisorba officinalis,6057b,2014-05-31
CZ0213792,Sanguisorba officinalis,6058a,2023-05-24
CZ0213792,Triturus cristatus,6058a,2020-04-23
CZ0213794,Bombina bombina,5855d,2011-05-14
CZ0213794,Leucorrhinia pectoralis,5855d,2023-05-25
CZ0213794,Scardinius erythrophthalmus,5855d,2025-08-27
CZ0213794,Triturus cristatus,5855d,2025-07-09
CZ0213796,Spermophilus citellus,"2,""5957c""",2001-07-11
CZ0213796,Spermophilus citellus,"51,""5957c""",2020-07-03
CZ0213796,Spermophilus citellus,5957c,2025-07-01
CZ0213802,Euplagia quadripunctaria,6052c,2006-08-05
CZ0213802,Hipparchia semele,NA,2004-01-01
CZ0213802,Lucanus cervus,6052c,2004-08-28
CZ0213814,Austropotamobius torrentium,6248c,2016-09-28
CZ0213814,Cottus gobio,6248c,2023-09-03
CZ0213814,Lampetra planeri,6248c,2016-07-12
CZ0213814,Lutra lutra,6248c,2015-05-10
CZ0213814,Myotis myotis,6248c,2015-05-10
CZ0213814,Salmo trutta,6248c,2016-07-12
CZ0213817,Hipparchia semele,NA,1995-01-01
CZ0213817,Lampetra planeri,"06,""6249d""",2000-01-01
CZ0213817,Lampetra planeri,6249d,2023-09-03
CZ0213817,Lutra lutra,6249d,2015-05-25
CZ0213817,Myotis myotis,6249d,2015-05-25
CZ0213817,Salmo trutta,6249d,2008-11-15
CZ0213818,Abramis brama,6249d,2021-07-26
CZ0213818,Austropotamobius torrentium,6249d,2016-11-25
CZ0213818,Hipparchia semele,NA,1995-01-01
CZ0213818,Lampetra planeri,"06,""6249d""",2000-01-01
CZ0213818,Lampetra planeri,6249d,2023-09-03
CZ0213818,Lampetra planeri,"91,""6249d""",1998-01-01
CZ0213818,Lutra lutra,6249c,2017-08-17
CZ0213818,Myotis myotis,6249d,2017-08-15
CZ0213818,Salmo trutta,6249c,2016-11-25
CZ0213818,Salmo trutta,6249d,2021-07-26
CZ0213818,Scardinius erythrophthalmus,6249d,2021-07-26
CZ0213822,Bombina variegata,6048b,2025-08-03
CZ0213822,Scardinius erythrophthalmus,6048b,2016-11-10
CZ0213822,Triturus cristatus,6048b,2025-08-03
CZ0214002,Adenophora liliifolia,"43,""6051b""",2022-06-15
CZ0214002,Adenophora liliifolia,6051b,2024-07-22
CZ0214002,Austropotamobius torrentium,6051a,2024-09-22
CZ0214002,Austropotamobius torrentium,6051d,2024-09-22
CZ0214002,Austropotamobius torrentium,"98,""6051d""",2018-08-19
CZ0214002,Barbastella barbastellus,"15,""6051d""",2008-09-26
CZ0214002,Barbastella barbastellus,6051c,2018-09-28
CZ0214002,Barbastella barbastellus,6051d,2020-08-24
CZ0214002,Dracocephalum austriacum,6051c,2025-05-05
CZ0214002,Euplagia quadripunctaria,6051a,2021-08-11
CZ0214002,Euplagia quadripunctaria,6051c,2019-08-05
CZ0214002,Euplagia quadripunctaria,"98,""6051d""",2018-07-28
CZ0214002,Hipparchia semele,NA,2009-08-01
CZ0214002,Lucanus cervus,"25,""6051d""",2005-08-30
CZ0214002,Lucanus cervus,6051a,2020-06-27
CZ0214002,Lucanus cervus,6051c,2020-06-27
CZ0214002,Lucanus cervus,6051d,2025-10-11
CZ0214002,Lucanus cervus,"98,""6051d""",2019-07-22
CZ0214002,Lutra lutra,6051d,2016-10-16
CZ0214002,Myotis alcathoe/emarginatus,6051d,2020-07-15
CZ0214002,Myotis myotis,6051c,2018-09-27
CZ0214002,Myotis myotis,6051d,2020-07-15
CZ0214002,Rhinolophus hipposideros,6051c,2018-09-27
CZ0214002,Salmo trutta,6051a,2022-11-03
CZ0214002,Salmo trutta,6051c,2022-11-05
CZ0214002,Salmo trutta,6051d,2022-11-03
CZ0214002,Sanguisorba officinalis,6051a,2018-09-14
CZ0214003,Adenophora liliifolia,6050c,2024-07-22
CZ0214003,Adenophora liliifolia,"66,""6050c""",2018-06-21
CZ0214003,Barbastella barbastellus,6050c,2026-01-20
CZ0214003,Dracocephalum austriacum,6050c,2023-05-22
CZ0214003,Euplagia quadripunctaria,"17,""6050c""",2011-08-25
CZ0214003,Euplagia quadripunctaria,6050c,2023-07-16
CZ0214003,Hipparchia semele,NA,2010-07-20
CZ0214003,Lucanus cervus,"26,""6050d""",2024-04-01
CZ0214003,Lucanus cervus,6050c,2020-07-03
CZ0214003,Myotis emarginatus,6050c,2026-01-20
CZ0214003,Myotis myotis,6050c,2026-01-31
CZ0214003,Myotis sp.,6050c,2007-02-07
CZ0214003,Rhinolophus ferrumequinum,6050c,2024-01-30
CZ0214003,Rhinolophus hipposideros,6050c,2026-01-20
CZ0214003,Sanguisorba officinalis,6050c,2001-07-09
CZ0214003,Spermophilus citellus,6050c,2000-01-01
CZ0214004,Abramis brama,"2,""5754d""",2004-01-01
CZ0214004,Abramis brama,5754d,2019-04-25
CZ0214004,Ameiurus nebulosus,"2,""5754d""",2004-01-01
CZ0214004,Blicca bjoerkna,"2,""5754d""",2004-01-01
CZ0214004,Castor fiber,5854a,2024-10-27
CZ0214004,Leuciscus aspius,"2,""5754d""",2004-01-01
CZ0214004,Leuciscus aspius,5754d,2019-04-08
CZ0214004,Lucanus cervus,5854a,2012-05-29
CZ0214004,Ophiogomphus cecilia,5854a,2012-08-20
CZ0214004,Phengaris nausithous,"14,""5854a""",2017-07-19
CZ0214004,Phengaris nausithous,"23,""5854a""",2023-07-28
CZ0214004,Phengaris nausithous,5754d,2023-07-28
CZ0214004,Phengaris nausithous,5854a,2020-07-16
CZ0214004,Phengaris nausithous,"75,""5754c""",2023-07-14
CZ0214004,Phengaris nausithous,"75,""5854a""",2009-07-22
CZ0214004,Phengaris nausithous,"93,""5754d""",2012-07-18
CZ0214004,Phengaris teleius,"23,""5854a""",2023-07-28
CZ0214004,Phengaris teleius,5754d,2023-07-28
CZ0214004,Phengaris teleius,"75,""5754c""",2023-07-14
CZ0214004,Phengaris teleius,"93,""5754d""",2012-07-18
CZ0214004,Salmo trutta,"2,""5754d""",2004-01-01
CZ0214004,Sanguisorba officinalis,"24,""5854a""",2008-09-08
CZ0214004,Sanguisorba officinalis,5754d,2022-07-29
CZ0214004,Sanguisorba officinalis,5854a,2022-07-19
CZ0214004,Scardinius erythrophthalmus,"2,""5754d""",2004-01-01
CZ0214005,Euplagia quadripunctaria,6151c,2013-01-01
CZ0214005,Phengaris nausithous,6151c,2020-07-29
CZ0214005,Phengaris nausithous,"97,""6151c""",2006-08-09
CZ0214005,Phengaris teleius,6151c,2024-07-25
CZ0214005,Phengaris teleius,"97,""6151c""",2009-07-05
CZ0214005,Rumex sp.,6151c,2021-09-09
CZ0214005,Salmo trutta,6151c,2016-11-30
CZ0214005,Sanguisorba officinalis,6151c,2023-09-18
CZ0214005,Scardinius erythrophthalmus,6151c,2025-05-11
CZ0214005,Succisa pratensis,6151c,2023-08-16
CZ0214005,Vertigo angustior,6151c,2007-08-16
CZ0214006,Barbastella barbastellus,5755a,2021-12-28
CZ0214006,Barbastella barbastellus,5755c,2019-09-30
CZ0214006,Barbastella barbastellus,"99,""5755a""",2017-08-24
CZ0214006,Canis lupus,5755a,2023-09-22
CZ0214006,Cucujus cinnaberinus,"06,""5755a""",2021-03-28
CZ0214006,Cucujus cinnaberinus,5755a,2019-06-06
CZ0214006,Cucujus cinnaberinus,5755c,2025-05-02
CZ0214006,Epidalea calamita,"17,""5755c""",2001-01-01
CZ0214006,Epidalea calamita,5755a,2002-01-01
CZ0214006,Epidalea calamita,5755c,2019-06-17
CZ0214006,Euplagia quadripunctaria,5755a,2021-08-09
CZ0214006,Hipparchia semele,NA,1995-01-01
CZ0214006,Lucanus cervus,5755a,2024-06-11
CZ0214006,Lucanus cervus,5755c,2024-06-25
CZ0214006,Lycaena dispar,5755a,2022-06-08
CZ0214006,Lycaena dispar,5755c,2021-07-10
CZ0214006,Lycaena dispar,"96,""5755a""",2020-07-24
CZ0214006,Myotis alcathoe/emarginatus,5655c,2019-06-10
CZ0214006,Myotis alcathoe/emarginatus,5755a,2019-07-24
CZ0214006,Myotis alcathoe/emarginatus,5755c,2019-07-23
CZ0214006,Myotis alcathoe/emarginatus,"99,""5755a""",2017-08-24
CZ0214006,Myotis bechsteinii,5755a,2024-06-11
CZ0214006,Myotis bechsteinii,5755c,2017-06-15
CZ0214006,Myotis bechsteinii,"99,""5755a""",2017-08-24
CZ0214006,Myotis myotis,5755a,2019-07-24
CZ0214006,Myotis myotis,5755c,2019-05-31
CZ0214006,Myotis myotis,"99,""5755a""",2017-08-24
CZ0214006,Myotis sp.,5755a,2019-07-22
CZ0214006,Myotis sp.,5755c,2019-07-24
CZ0214006,Succisa pratensis,5755c,2022-07-27
CZ0214006,Triturus cristatus,5755a,2025-07-18
CZ0214006,Triturus cristatus,5755c,2025-05-07
CZ0214006,Triturus cristatus,"89,""5755c""",2002-01-01
CZ0214006,Triturus cristatus,"91,""5755c""",2025-07-18
CZ0214007,Abramis brama,5854b,2004-01-01
CZ0214007,Ameiurus nebulosus,5854b,2004-01-01
CZ0214007,Anisus vorticulus,5854b,2025-08-03
CZ0214007,Blicca bjoerkna,5854b,2014-09-16
CZ0214007,Cucujus cinnaberinus,"01,""5854b""",2022-07-20
CZ0214007,Cucujus cinnaberinus,5854b,2021-04-20
CZ0214007,Lemna trisulca,5854b,2021-07-16
CZ0214007,Leuciscus aspius,5854b,2004-01-01
CZ0214007,Lucanus cervus,5854b,2023-06-28
CZ0214007,Misgurnus fossilis,5854b,2014-09-16
CZ0214007,Myotis alcathoe/emarginatus,5854b,2023-08-01
CZ0214007,Myotis sp.,5854b,2023-08-01
CZ0214007,Osmoderma barnabita,5854b,2019-12-04
CZ0214007,Phengaris nausithous,5854b,2019-07-09
CZ0214007,Phengaris teleius,5854b,2017-07-16
CZ0214007,Rhodeus amarus,5854b,2004-01-01
CZ0214007,Sanguisorba officinalis,5854b,2024-06-24
CZ0214007,Scardinius erythrophthalmus,5854b,2024-10-16
CZ0214007,Triturus cristatus,5854b,2025-08-16
CZ0214007,Vertigo angustior,5854b,2010-02-28
CZ0214008,Abramis brama,5949b,2020-08-17
CZ0214008,Abramis brama,"74,""5949b""",2007-01-01
CZ0214008,Austropotamobius torrentium,5849c,2024-09-22
CZ0214008,Austropotamobius torrentium,5949a,2024-07-11
CZ0214008,Austropotamobius torrentium,5949b,2015-09-23
CZ0214008,Austropotamobius torrentium,"88,""5849d""",2001-07-24
CZ0214008,Barbastella barbastellus,5949b,2008-02-04
CZ0214008,Barbastella barbastellus,"96,""5949a""",2011-12-21
CZ0214008,Barbastella barbastellus,"96,""5949b""",2011-12-21
CZ0214008,Barbastella barbastellus,"96,""5949c""",2011-12-21
CZ0214008,Barbastella barbastellus,"96,""5949d""",2011-12-21
CZ0214008,Blicca bjoerkna,"74,""5949b""",2007-01-01
CZ0214008,Bombina variegata,5849c,2001-07-11
CZ0214008,Bombina variegata,5949a,2002-05-11
CZ0214008,Bombina variegata,5949b,2002-05-27
CZ0214008,Cerambyx cerdo,"11,""5849c""",2000-06-02
CZ0214008,Cerambyx cerdo,"5,""5849c""",2002-05-25
CZ0214008,Cerambyx cerdo,5849c,2024-07-09
CZ0214008,Cerambyx cerdo,5849d,2024-07-02
CZ0214008,Cerambyx cerdo,5949a,2024-06-07
CZ0214008,Cerambyx cerdo,5949b,2024-07-09
CZ0214008,Cerambyx cerdo,"85,""5849c""",2009-06-23
CZ0214008,Cottus gobio,"26,""5849c""",2001-01-01
CZ0214008,Cottus gobio,5849c,2024-07-11
CZ0214008,Cottus gobio,5949a,2024-07-11
CZ0214008,Cottus gobio,5949b,2022-07-11
CZ0214008,Euplagia quadripunctaria,5849c,2018-07-29
CZ0214008,Euplagia quadripunctaria,5949a,2024-07-31
CZ0214008,Euplagia quadripunctaria,5949b,2023-08-02
CZ0214008,Lampetra planeri,"33,""5949a""",2001-01-01
CZ0214008,Lampetra planeri,5849c,2024-07-11
CZ0214008,Lampetra planeri,5949a,2024-07-11
CZ0214008,Lemna trisulca,5849d,2009-06-25
CZ0214008,Lemna trisulca,5949b,2009-06-23
CZ0214008,Leuciscus aspius,5949b,2020-08-17
CZ0214008,Leuciscus aspius,"74,""5949b""",2007-01-01
CZ0214008,Limoniscus violaceus,5949b,2009-06-23
CZ0214008,Lucanus cervus,5849c,2025-08-07
CZ0214008,Lucanus cervus,5849d,2024-07-02
CZ0214008,Lucanus cervus,5949a,2024-07-09
CZ0214008,Lucanus cervus,5949b,2024-07-09
CZ0214008,Lucanus cervus,"82,""5949b""",2009-05-18
CZ0214008,Lucanus cervus,"85,""5849c""",2009-06-23
CZ0214008,Lutra lutra,5849c,2016-10-21
CZ0214008,Lutra lutra,5849d,2017-09-20
CZ0214008,Lutra lutra,5949a,2024-04-01
CZ0214008,Lutra lutra,5949b,2020-06-08
CZ0214008,Myotis bechsteinii,"96,""5949a""",2011-12-21
CZ0214008,Myotis bechsteinii,"96,""5949b""",2011-12-21
CZ0214008,Myotis bechsteinii,"96,""5949c""",2011-12-21
CZ0214008,Myotis bechsteinii,"96,""5949d""",2011-12-21
CZ0214008,Myotis myotis,5949b,2008-01-27
CZ0214008,Myotis myotis,"74,""5949b""",2006-08-17
CZ0214008,Myotis myotis,"96,""5949a""",2012-06-21
CZ0214008,Myotis myotis,"96,""5949b""",2012-06-21
CZ0214008,Myotis myotis,"96,""5949c""",2012-06-21
CZ0214008,Myotis myotis,"96,""5949d""",2012-06-21
CZ0214008,Osmoderma barnabita,5849c,2024-07-31
CZ0214008,Osmoderma barnabita,5849d,2024-07-31
CZ0214008,Osmoderma barnabita,5949b,2015-06-01
CZ0214008,Osmoderma barnabita,"82,""5949b""",2009-05-18
CZ0214008,Osmoderma barnabita,"85,""5849c""",2009-06-23
CZ0214008,Phengaris nausithous,"16,""5949b""",1995-01-01
CZ0214008,Phengaris nausithous,5849c,2002-07-27
CZ0214008,Phengaris nausithous,"96,""5949a""",2003-06-21
CZ0214008,Phengaris nausithous,"96,""5949b""",2003-06-21
CZ0214008,Phengaris nausithous,"96,""5949c""",2003-06-21
CZ0214008,Phengaris nausithous,"96,""5949d""",2003-06-21
CZ0214008,Rumex sp.,5849c,2014-09-04
CZ0214008,Rumex sp.,5949a,2015-07-16
CZ0214008,Salmo trutta,5849c,2009-10-07
CZ0214008,Salmo trutta,5949a,2015-07-21
CZ0214008,Sanguisorba officinalis,5849c,2011-09-29
CZ0214008,Sanguisorba officinalis,5949b,2003-06-21
CZ0214008,Scardinius erythrophthalmus,5949a,2024-10-21
CZ0214008,Scardinius erythrophthalmus,5949b,2020-08-17
CZ0214008,Scardinius erythrophthalmus,"74,""5949b""",2007-01-01
CZ0214008,Spermophilus citellus,"74,""5949b""",2002-01-01
CZ0214008,Triturus cristatus,"09,""5949b""",2002-04-29
CZ0214008,Triturus cristatus,"11,""5949b""",2002-04-29
CZ0214008,Triturus cristatus,"27,""5949a""",2001-06-19
CZ0214008,Triturus cristatus,5849c,2001-07-11
CZ0214008,Triturus cristatus,5949a,2002-05-27
CZ0214008,Triturus cristatus,5949b,2006-07-11
CZ0214008,Unio crassus,5849c,2024-08-29
CZ0214008,Unio crassus,5949a,2024-07-11
CZ0214009,Abramis brama,"11,""5857c""",2012-07-23
CZ0214009,Abramis brama,"4,""5957a""",2004-01-01
CZ0214009,Abramis brama,5856d,2012-07-23
CZ0214009,Abramis brama,5857c,2004-01-01
CZ0214009,Abramis brama,5956b,2004-01-01
CZ0214009,Abramis brama,"98,""5857c""",2004-01-01
CZ0214009,Ameiurus nebulosus,5856d,2012-07-23
CZ0214009,Ameiurus nebulosus,5956b,2004-01-01
CZ0214009,Ameiurus nebulosus,"98,""5857c""",2004-01-01
CZ0214009,Blicca bjoerkna,"11,""5857c""",2012-07-23
CZ0214009,Blicca bjoerkna,"4,""5957a""",2004-01-01
CZ0214009,Blicca bjoerkna,5856d,2012-07-23
CZ0214009,Blicca bjoerkna,5857c,2011-11-09
CZ0214009,Blicca bjoerkna,5956b,2004-01-01
CZ0214009,Blicca bjoerkna,"98,""5857c""",2004-01-01
CZ0214009,Bombina bombina,"13,""5957a""",2025-08-27
CZ0214009,Bombina bombina,"58,""5956b""",2021-09-08
CZ0214009,Bombina bombina,5856d,2020-06-23
CZ0214009,Bombina bombina,5857c,2015-06-04
CZ0214009,Bombina bombina,5956b,2025-08-27
CZ0214009,Bombina bombina,5957a,2024-04-09
CZ0214009,Bombina bombina,"66,""5957a""",2021-06-12
CZ0214009,Bombina bombina,"7,""5956b""",2025-08-28
CZ0214009,Bombina bombina,"87,""5957a""",2010-04-05
CZ0214009,Castor fiber,5856d,2025-08-04
CZ0214009,Castor fiber,"8,""5857c""",2002-01-01
CZ0214009,Cucujus cinnaberinus,"19,""5857c""",2008-04-05
CZ0214009,Cucujus cinnaberinus,"28,""5857c""",2012-06-29
CZ0214009,Cucujus cinnaberinus,5856d,2022-09-05
CZ0214009,Cucujus cinnaberinus,5857c,2020-06-04
CZ0214009,Cucujus cinnaberinus,5956b,2025-11-04
CZ0214009,Cucujus cinnaberinus,5957a,2025-11-04
CZ0214009,Euphydryas maturna,"46,""5857c""",2019-06-16
CZ0214009,Euphydryas maturna,5857c,2023-06-15
CZ0214009,Euphydryas maturna,NA,2007-06-05
CZ0214009,Lampetra planeri,"47,""5856d""",1900-01-01
CZ0214009,Lemna trisulca,"02,""5957a""",2001-05-01
CZ0214009,Lemna trisulca,"24,""5957a""",2001-05-01
CZ0214009,Lemna trisulca,"27,""5957a""",2001-05-01
CZ0214009,Lemna trisulca,"3,""5857c""",2012-03-16
CZ0214009,Lemna trisulca,"34,""5957a""",2001-05-01
CZ0214009,Lemna trisulca,"35,""5857c""",2001-05-01
CZ0214009,Lemna trisulca,"38,""5957a""",2012-03-16
CZ0214009,Lemna trisulca,5856d,2025-08-04
CZ0214009,Lemna trisulca,5857c,2025-06-11
CZ0214009,Lemna trisulca,5956b,2003-08-06
CZ0214009,Lemna trisulca,5957a,2003-08-07
CZ0214009,Lemna trisulca,"74,""5956b""",2012-03-16
CZ0214009,Lemna trisulca,"77,""5856d""",2015-08-26
CZ0214009,Lemna trisulca,"85,""5956b""",2002-08-07
CZ0214009,Leuciscus aspius,5856d,2012-07-23
CZ0214009,Leuciscus aspius,5857c,2004-01-01
CZ0214009,Leuciscus aspius,5956b,2004-01-01
CZ0214009,Leuciscus aspius,"77,""5958c""",1950-01-01
CZ0214009,Leuciscus aspius,"85,""5856d""",1950-01-01
CZ0214009,Leuciscus aspius,"98,""5857c""",2004-01-01
CZ0214009,Lucanus cervus,"01,""5857c""",2001-01-01
CZ0214009,Lucanus cervus,"57,""5857c""",2012-06-29
CZ0214009,Lucanus cervus,5856d,2024-06-06
CZ0214009,Lucanus cervus,5857c,2020-06-11
CZ0214009,Lucanus cervus,5956b,2021-06-12
CZ0214009,Lucanus cervus,5957a,2023-06-23
CZ0214009,Lutra lutra,"01,""5856d""",2008-11-30
CZ0214009,Lutra lutra,5856d,2024-04-01
CZ0214009,Lutra lutra,5956b,2025-04-02
CZ0214009,Lycaena dispar,"46,""5857c""",2019-07-21
CZ0214009,Lycaena dispar,5856d,2021-08-30
CZ0214009,Lycaena dispar,5957a,2021-08-04
CZ0214009,Misgurnus fossilis,5856d,2000-01-01
CZ0214009,Misgurnus fossilis,"98,""5857c""",2004-01-01
CZ0214009,Osmoderma barnabita,5856d,2021-01-01
CZ0214009,Phengaris nausithous,5856d,2019-07-25
CZ0214009,Phengaris nausithous,5857c,2019-07-23
CZ0214009,Phengaris nausithous,5957a,2021-08-04
CZ0214009,Phengaris teleius,"3,""5856d""",1995-01-01
CZ0214009,Phengaris teleius,5856d,2020-07-23
CZ0214009,Phengaris teleius,5957a,2021-08-04
CZ0214009,Rhodeus amarus,5856d,2012-07-23
CZ0214009,Rhodeus amarus,"98,""5857c""",2004-01-01
CZ0214009,Rumex sp.,"07,""5956b""",2015-04-23
CZ0214009,Rumex sp.,5856d,2015-09-08
CZ0214009,Rumex sp.,5956b,2016-04-14
CZ0214009,Rumex sp.,"87,""5956b""",2015-04-22
CZ0214009,Sanguisorba officinalis,"22,""5857c""",2012-03-16
CZ0214009,Sanguisorba officinalis,"26,""5856d""",2016-05-12
CZ0214009,Sanguisorba officinalis,5856d,2021-08-04
CZ0214009,Sanguisorba officinalis,5857c,2021-06-29
CZ0214009,Sanguisorba officinalis,5956b,2016-05-17
CZ0214009,Sanguisorba officinalis,5957a,2016-04-29
CZ0214009,Sanguisorba officinalis,"84,""5957a""",2014-06-03
CZ0214009,Sanguisorba officinalis,"86,""5856d""",2012-03-16
CZ0214009,Sanguisorba officinalis,"99,""5956b""",2012-03-16
CZ0214009,Scardinius erythrophthalmus,"11,""5857c""",2012-07-23
CZ0214009,Scardinius erythrophthalmus,"4,""5957a""",2004-01-01
CZ0214009,Scardinius erythrophthalmus,5856d,2012-07-23
CZ0214009,Scardinius erythrophthalmus,5857c,2011-11-09
CZ0214009,Scardinius erythrophthalmus,5956b,2004-01-01
CZ0214009,Scardinius erythrophthalmus,5957a,2014-03-27
CZ0214009,Scardinius erythrophthalmus,"98,""5857c""",2004-01-01
CZ0214009,Succisa pratensis,5957a,2015-07-07
CZ0214009,Triturus cristatus,5856d,2025-07-16
CZ0214009,Triturus cristatus,5857c,2025-08-27
CZ0214009,Triturus cristatus,"66,""5957a""",2020-06-02
CZ0214010,Adenophora liliifolia,"35,""5857d""",2008-01-01
CZ0214010,Cypripedium calceolus,"02,""5857d""",2013-05-22
CZ0214010,Cypripedium calceolus,"52,""5857d""",2002-05-01
CZ0214010,Cypripedium calceolus,"57,""5858c""",2014-05-14
CZ0214010,Cypripedium calceolus,5857d,2016-05-22
CZ0214010,Cypripedium calceolus,5858c,2024-05-23
CZ0214010,Euphydryas maturna,"01,""5858c""",2009-06-02
CZ0214010,Euphydryas maturna,"23,""5858c""",2023-06-23
CZ0214010,Euphydryas maturna,5857d,2007-06-12
CZ0214010,Euphydryas maturna,5858c,2025-06-12
CZ0214010,Euphydryas maturna,NA,2007-06-09
CZ0214010,Lucanus cervus,"35,""5857d""",2001-07-01
CZ0214010,Lucanus cervus,"36,""5858c""",2001-01-01
CZ0214010,Lucanus cervus,5857d,2025-06-12
CZ0214010,Lucanus cervus,5858c,2025-08-27
CZ0214010,Lycaena dispar,5858c,2024-05-26
CZ0214010,Phengaris teleius,"81,""5857d""",2000-01-01
CZ0214010,Sanguisorba officinalis,5858c,2019-07-16
CZ0214010,Succisa pratensis,5858c,2019-07-16
CZ0214011,Austropotamobius torrentium,6048b,2022-08-13
CZ0214011,Austropotamobius torrentium,6048d,2025-10-01
CZ0214011,Austropotamobius torrentium,6049a,2025-10-01
CZ0214011,Barbastella barbastellus,"1,""6048b""",2006-09-22
CZ0214011,Barbastella barbastellus,"41,""6048b""",2009-05-15
CZ0214011,Barbastella barbastellus,5948d,2015-02-07
CZ0214011,Barbastella barbastellus,6048b,2024-12-30
CZ0214011,Barbastella barbastellus,"78,""6048b""",2009-05-15
CZ0214011,Bombina variegata,"41,""6048b""",2010-04-08
CZ0214011,Bombina variegata,6048b,2021-08-03
CZ0214011,Bombina variegata,6049a,2001-08-03
CZ0214011,Buxbaumia viridis,6048b,2024-10-19
CZ0214011,Castor fiber,"01,""6048b""",2024-02-08
CZ0214011,Castor fiber,"23,""6048b""",2020-11-11
CZ0214011,Castor fiber,6048b,2026-01-15
CZ0214011,Castor fiber,"92,""6048b""",2021-02-19
CZ0214011,Cerambyx cerdo,6048b,2025-09-07
CZ0214011,Cottus gobio,"41,""6048b""",2001-01-01
CZ0214011,Cottus gobio,6048b,2022-11-05
CZ0214011,Cottus gobio,6049a,2022-08-09
CZ0214011,Dicranum viride,6048b,2021-11-23
CZ0214011,Dicranum viride,"67,""6048b""",2021-11-23
CZ0214011,Euplagia quadripunctaria,6048b,2024-07-15
CZ0214011,Limoniscus violaceus,"41,""6048b""",2010-03-25
CZ0214011,Limoniscus violaceus,6048b,2025-11-22
CZ0214011,Limoniscus violaceus,"62,""6049a""",2020-05-01
CZ0214011,Lucanus cervus,"41,""6048b""",2010-03-25
CZ0214011,Lucanus cervus,6048b,2025-11-22
CZ0214011,Lucanus cervus,6049a,2010-06-15
CZ0214011,Lutra lutra,6048b,2021-02-19
CZ0214011,Lynx lynx,"1,""6048b""",2010-01-01
CZ0214011,Myotis bechsteinii,5948d,2010-02-06
CZ0214011,Myotis bechsteinii,6048b,2015-07-01
CZ0214011,Myotis bechsteinii,"73,""6048b""",2002-01-01
CZ0214011,Myotis myotis,"41,""6048b""",2009-05-15
CZ0214011,Myotis myotis,6048b,2015-07-01
CZ0214011,Myotis myotis,"78,""6048b""",2009-05-15
CZ0214011,Myotis sp.,5948d,2012-01-29
CZ0214011,Rumex sp.,6048b,2007-07-02
CZ0214011,Salmo trutta,6048b,2022-11-05
CZ0214011,Salmo trutta,6049a,2009-10-08
CZ0214011,Sanguisorba officinalis,6048b,2024-10-11
CZ0214011,Scardinius erythrophthalmus,6048b,2006-01-01
CZ0214012,Barbastella barbastellus,5456c,2021-09-09
CZ0214012,Barbastella barbastellus,5456d,2015-07-01
CZ0214012,Canis lupus,5456c,2022-10-20
CZ0214012,Cucujus cinnaberinus,5456c,2021-07-12
CZ0214012,Myotis alcathoe/emarginatus,5456c,2021-06-14
CZ0214012,Myotis bechsteinii,5456c,2015-08-22
CZ0214012,Myotis emarginatus,5456c,2018-01-14
CZ0214012,Myotis emarginatus,"99,""5456c""",2002-01-22
CZ0214012,Myotis myotis,5456c,2023-01-06
CZ0214012,Myotis sp.,5456c,2025-01-16
CZ0214012,Rhinolophus hipposideros,5456c,2025-01-16
CZ0214012,Rhinolophus hipposideros,"99,""5456c""",2002-01-22
CZ0214012,Trichomanes speciosum,5456c,2022-07-23
CZ0214012,Trichomanes speciosum,5456d,2010-11-05
CZ0214013,Abramis brama,5553c,2003-04-10
CZ0214013,Abramis brama,5653a,2024-11-09
CZ0214013,Ameiurus nebulosus,"54,""5653c""",2004-01-01
CZ0214013,Ameiurus nebulosus,5552d,2018-06-05
CZ0214013,Ameiurus nebulosus,5653a,2024-10-22
CZ0214013,Barbastella barbastellus,5453c,2019-05-24
CZ0214013,Barbastella barbastellus,5552b,2021-09-28
CZ0214013,Barbastella barbastellus,5552d,2018-10-10
CZ0214013,Barbastella barbastellus,5553a,2023-02-03
CZ0214013,Barbastella barbastellus,5553b,2025-01-28
CZ0214013,Barbastella barbastellus,5553c,2018-10-11
CZ0214013,Barbastella barbastellus,5553d,2018-09-20
CZ0214013,Barbastella barbastellus,5653a,2018-07-24
CZ0214013,Barbastella barbastellus,"96,""5553a""",2011-12-21
CZ0214013,Barbastella barbastellus,"96,""5553b""",2011-12-21
CZ0214013,Barbastella barbastellus,"96,""5553c""",2011-12-21
CZ0214013,Barbastella barbastellus,"96,""5553d""",2011-12-21
CZ0214013,Blicca bjoerkna,"54,""5653c""",2004-01-01
CZ0214013,Blicca bjoerkna,5453c,2017-09-28
CZ0214013,Blicca bjoerkna,5553c,2017-09-28
CZ0214013,Blicca bjoerkna,5653a,2022-08-30
CZ0214013,Canis lupus,5453c,2022-12-15
CZ0214013,Canis lupus,5453d,2023-03-24
CZ0214013,Canis lupus,5552b,2021-01-15
CZ0214013,Canis lupus,5553a,2022-11-24
CZ0214013,Canis lupus,5553b,2026-01-19
CZ0214013,Canis lupus,5553c,2023-01-19
CZ0214013,Canis lupus,5554a,2025-12-26
CZ0214013,Canis lupus,5653a,2022-08-16
CZ0214013,Canis lupus,"61,""5554a""",2025-04-28
CZ0214013,Canis lupus,"78,""5553a""",2025-02-15
CZ0214013,Canis lupus,"91,""5553b""",2025-04-14
CZ0214013,Castor fiber,5453c,2025-03-12
CZ0214013,Castor fiber,5552b,2025-11-20
CZ0214013,Castor fiber,5552d,2023-04-20
CZ0214013,Cobitis elongatoides,5553c,2017-09-26
CZ0214013,Cobitis sp.,5553b,2017-09-28
CZ0214013,Cobitis sp.,5553c,2023-09-22
CZ0214013,Cobitis sp.,5653a,2024-12-04
CZ0214013,Cobitis sp.,5653c,2012-08-17
CZ0214013,Cottus gobio,5653c,2014-09-23
CZ0214013,Cucujus cinnaberinus,5453c,2025-06-19
CZ0214013,Cucujus cinnaberinus,5553b,2021-11-13
CZ0214013,Cypripedium calceolus,"53,""5553c""",2021-05-20
CZ0214013,Cypripedium calceolus,5552d,2019-05-23
CZ0214013,Cypripedium calceolus,5553c,2025-05-28
CZ0214013,Euplagia quadripunctaria,5552b,2020-08-13
CZ0214013,Euplagia quadripunctaria,5552d,2021-08-10
CZ0214013,Euplagia quadripunctaria,5553b,2021-08-10
CZ0214013,Euplagia quadripunctaria,5553c,2020-08-12
CZ0214013,Euplagia quadripunctaria,5554a,2018-07-17
CZ0214013,Euplagia quadripunctaria,5653a,2020-08-11
CZ0214013,Euplagia quadripunctaria,5653b,2023-08-10
CZ0214013,Euplagia quadripunctaria,"9,""5553a""",2022-08-18
CZ0214013,Hamatocaulis vernicosus,5553b,2001-01-01
CZ0214013,Hamatocaulis vernicosus,5653c,2001-01-01
CZ0214013,Lampetra planeri,5553a,2000-01-01
CZ0214013,Lampetra planeri,5653c,2014-09-23
CZ0214013,Lemna trisulca,5453c,2021-08-21
CZ0214013,Lemna trisulca,5552b,2016-07-01
CZ0214013,Lemna trisulca,5553b,2023-05-21
CZ0214013,Lemna trisulca,5553c,2020-04-26
CZ0214013,Lemna trisulca,5653c,2012-09-10
CZ0214013,Leuciscus aspius,5653a,2021-11-20
CZ0214013,Leucorrhinia pectoralis,5553b,2022-05-26
CZ0214013,Leucorrhinia pectoralis,5653a,2006-07-09
CZ0214013,Lucanus cervus,5553b,2021-08-10
CZ0214013,Lucanus cervus,5553c,2020-07-13
CZ0214013,Lutra lutra,5452d,2006-10-17
CZ0214013,Lutra lutra,5453c,2024-12-31
CZ0214013,Lutra lutra,5453d,2016-10-25
CZ0214013,Lutra lutra,5552b,2016-10-19
CZ0214013,Lutra lutra,5553b,2016-10-25
CZ0214013,Lutra lutra,5553c,2011-10-15
CZ0214013,Lutra lutra,5653a,2024-01-11
CZ0214013,Lutra lutra,5653c,2016-10-13
CZ0214013,Lutra lutra,"96,""5453a""",2007-01-01
CZ0214013,Lutra lutra,"96,""5453b""",2007-01-01
CZ0214013,Lutra lutra,"96,""5453c""",2007-01-01
CZ0214013,Lutra lutra,"96,""5453d""",2007-01-01
CZ0214013,Lutra lutra,"96,""5553a""",2007-01-01
CZ0214013,Lutra lutra,"96,""5553b""",2007-01-01
CZ0214013,Lutra lutra,"96,""5553c""",2007-01-01
CZ0214013,Lutra lutra,"96,""5553d""",2007-01-01
CZ0214013,Lutra lutra,"97,""5452d""",2009-06-01
CZ0214013,Lycaena dispar,5553b,2019-08-17
CZ0214013,Lycaena dispar,5554a,2018-07-17
CZ0214013,Lynx lynx,5553d,2004-04-01
CZ0214013,Misgurnus fossilis,5452d,2021-08-19
CZ0214013,Misgurnus fossilis,5453c,2021-08-19
CZ0214013,Misgurnus fossilis,5552b,2023-09-10
CZ0214013,Misgurnus fossilis,5552d,2021-08-19
CZ0214013,Misgurnus fossilis,5653a,2023-09-10
CZ0214013,Misgurnus fossilis,5653c,2023-09-10
CZ0214013,Myotis alcathoe/emarginatus,5453c,2019-07-26
CZ0214013,Myotis alcathoe/emarginatus,5552b,2018-09-12
CZ0214013,Myotis alcathoe/emarginatus,5552d,2018-09-12
CZ0214013,Myotis alcathoe/emarginatus,5553b,2018-09-20
CZ0214013,Myotis alcathoe/emarginatus,5553c,2018-07-24
CZ0214013,Myotis alcathoe/emarginatus,5553d,2018-07-24
CZ0214013,Myotis alcathoe/emarginatus,5653a,2018-09-19
CZ0214013,Myotis emarginatus,5453c,2019-06-13
CZ0214013,Myotis emarginatus,5553b,2020-01-29
CZ0214013,Myotis myotis,"01,""5552d""",2016-10-15
CZ0214013,Myotis myotis,5453c,2019-07-26
CZ0214013,Myotis myotis,5552b,2016-09-15
CZ0214013,Myotis myotis,5552d,2018-10-10
CZ0214013,Myotis myotis,5553a,2025-11-20
CZ0214013,Myotis myotis,5553b,2026-01-12
CZ0214013,Myotis myotis,5553c,2025-06-22
CZ0214013,Myotis myotis,5553d,2018-09-20
CZ0214013,Myotis myotis,5653a,2018-07-24
CZ0214013,Myotis myotis,"58,""5453c""",2005-01-01
CZ0214013,Myotis myotis,"96,""5453a""",2012-06-21
CZ0214013,Myotis myotis,"96,""5453b""",2012-06-21
CZ0214013,Myotis myotis,"96,""5453c""",2012-06-21
CZ0214013,Myotis myotis,"96,""5453d""",2012-06-21
CZ0214013,Myotis myotis,"96,""5553a""",2012-06-21
CZ0214013,Myotis myotis,"96,""5553b""",2012-06-21
CZ0214013,Myotis myotis,"96,""5553c""",2012-06-21
CZ0214013,Myotis myotis,"96,""5553d""",2012-06-21
CZ0214013,Myotis sp.,5453c,2017-09-28
CZ0214013,Myotis sp.,5552b,2018-09-12
CZ0214013,Myotis sp.,5553a,2017-09-27
CZ0214013,Myotis sp.,5553b,2025-02-01
CZ0214013,Myotis sp.,5553c,2023-02-03
CZ0214013,Myotis sp.,5553d,2018-09-20
CZ0214013,Ophiogomphus cecilia,5453c,2018-06-27
CZ0214013,Ophiogomphus cecilia,5553b,2006-06-10
CZ0214013,Ophiogomphus cecilia,5553c,2012-07-16
CZ0214013,Phengaris nausithous,5553b,2023-07-21
CZ0214013,Phengaris nausithous,5554a,2021-08-02
CZ0214013,Phengaris nausithous,5653c,2021-08-17
CZ0214013,Phengaris teleius,5553b,2023-07-21
CZ0214013,Phengaris teleius,5554a,2021-08-02
CZ0214013,Phengaris teleius,5653c,2020-07-14
CZ0214013,Rhinolophus hipposideros,5453c,2019-05-24
CZ0214013,Rhinolophus hipposideros,5552b,2016-11-02
CZ0214013,Rhinolophus hipposideros,5553a,2025-11-20
CZ0214013,Rhinolophus hipposideros,5553b,2026-01-23
CZ0214013,Rhinolophus hipposideros,5553c,2026-01-12
CZ0214013,Rhinolophus hipposideros,5553d,2008-01-08
CZ0214013,Rhinolophus hipposideros,"96,""5453a""",2012-06-21
CZ0214013,Rhinolophus hipposideros,"96,""5453b""",2012-06-21
CZ0214013,Rhinolophus hipposideros,"96,""5453c""",2012-06-21
CZ0214013,Rhinolophus hipposideros,"96,""5453d""",2012-06-21
CZ0214013,Rhinolophus hipposideros,"96,""5553a""",2011-12-21
CZ0214013,Rhinolophus hipposideros,"96,""5553b""",2011-12-21
CZ0214013,Rhinolophus hipposideros,"96,""5553c""",2011-12-21
CZ0214013,Rhinolophus hipposideros,"96,""5553d""",2011-12-21
CZ0214013,Rhodeus amarus,5653a,2024-12-04
CZ0214013,Rumex sp.,5653a,2012-08-26
CZ0214013,Salmo trutta,"54,""5653c""",2004-01-01
CZ0214013,Salmo trutta,5453c,2023-09-22
CZ0214013,Salmo trutta,5552b,2021-11-16
CZ0214013,Salmo trutta,5552d,2017-09-28
CZ0214013,Salmo trutta,5553c,2023-09-22
CZ0214013,Salmo trutta,5653c,2023-09-22
CZ0214013,Salmo trutta,"9,""5453c""",2004-01-01
CZ0214013,Sanguisorba officinalis,5552b,2016-08-17
CZ0214013,Sanguisorba officinalis,5553b,2023-04-24
CZ0214013,Sanguisorba officinalis,5554a,2018-05-31
CZ0214013,Sanguisorba officinalis,5653a,2015-06-17
CZ0214013,Sanguisorba officinalis,5653c,2023-07-24
CZ0214013,Sanguisorba officinalis,"8,""5554a""",2018-05-30
CZ0214013,Scardinius erythrophthalmus,5553c,2023-09-22
CZ0214013,Scardinius erythrophthalmus,5653a,2024-11-09
CZ0214013,Succisa pratensis,5653c,2023-07-24
CZ0214013,Trichomanes speciosum,5452d,2012-11-15
CZ0214013,Trichomanes speciosum,5453c,2021-11-08
CZ0214013,Trichomanes speciosum,5453d,2010-09-24
CZ0214013,Trichomanes speciosum,5552b,2001-11-29
CZ0214013,Trichomanes speciosum,5552d,2025-10-18
CZ0214013,Trichomanes speciosum,5553a,2026-01-02
CZ0214013,Trichomanes speciosum,5553b,2026-01-14
CZ0214013,Trichomanes speciosum,5553c,2024-11-09
CZ0214013,Trichomanes speciosum,5553d,2022-11-30
CZ0214013,Trichomanes speciosum,5554a,2011-10-23
CZ0214013,Trichomanes speciosum,5653a,2023-08-04
CZ0214013,Vertigo angustior,5453c,2022-06-15
CZ0214013,Vertigo angustior,5552b,2010-07-22
CZ0214013,Vertigo angustior,5552d,2000-06-06
CZ0214013,Vertigo angustior,5553b,2024-08-07
CZ0214013,Vertigo angustior,5553c,2015-10-01
CZ0214013,Vertigo angustior,5653a,2009-08-18
CZ0214013,Vertigo angustior,5653c,2023-05-22
CZ0214013,Vertigo moulinsiana,5453c,2025-10-21
CZ0214013,Vertigo moulinsiana,5552b,2025-06-11
CZ0214013,Vertigo moulinsiana,5552d,2020-06-10
CZ0214013,Vertigo moulinsiana,5553b,2024-08-07
CZ0214013,Vertigo moulinsiana,5553c,2016-09-30
CZ0214013,Vertigo moulinsiana,5653a,2009-08-18
CZ0214014,Bombina bombina,6355c,2025-07-31
CZ0214014,Coleanthus subtilis,6355c,2024-03-18
CZ0214014,Leucorrhinia pectoralis,6355c,2024-06-28
CZ0214014,Lycaena dispar,6355c,2023-06-20
CZ0214014,Sanguisorba officinalis,6355c,2013-05-17
CZ0214014,Scardinius erythrophthalmus,6355c,2025-05-25
CZ0214014,Succisa pratensis,6355c,2025-07-31
CZ0214014,Triturus cristatus,6355c,2025-08-01
CZ0214014,Vertigo angustior,6355c,2023-10-25
CZ0214015,Bombina variegata,5949d,2024-06-29
CZ0214015,Bombina variegata,5950c,2002-05-19
CZ0214015,Castor fiber,5949d,2025-03-13
CZ0214015,Dicranum viride,5949d,2015-10-16
CZ0214015,Dicranum viride,"6,""5949d""",2020-01-01
CZ0214015,Euplagia quadripunctaria,"13,""5949d""",2022-08-14
CZ0214015,Euplagia quadripunctaria,5949d,2019-07-30
CZ0214015,Lucanus cervus,"38,""5949d""",2009-06-02
CZ0214015,Lucanus cervus,5949d,2023-06-06
CZ0214015,Myotis bechsteinii,5949d,2008-09-03
CZ0214015,Salmo trutta,5949d,2000-01-01
CZ0214015,Sanguisorba officinalis,5949d,2015-03-01
CZ0214015,Scardinius erythrophthalmus,5949d,2020-12-11
CZ0214015,Triturus cristatus,5949d,2011-04-21
CZ0214016,Abramis brama,"1,""6356b""",2009-01-01
CZ0214016,Abramis brama,"42,""6256d""",2010-01-01
CZ0214016,Abramis brama,6457a,2015-04-11
CZ0214016,Barbastella barbastellus,6256d,2025-02-27
CZ0214016,Barbastella barbastellus,6356b,2016-02-02
CZ0214016,Blicca bjoerkna,"42,""6256d""",2010-01-01
CZ0214016,Leuciscus aspius,"02,""6356b""",1950-01-01
CZ0214016,Leuciscus aspius,"1,""6356b""",2009-01-01
CZ0214016,Leuciscus aspius,"34,""6355d""",1950-01-01
CZ0214016,Leuciscus aspius,"42,""6256d""",2023-03-20
CZ0214016,Leuciscus aspius,6256d,2023-08-28
CZ0214016,Leuciscus aspius,6356b,2023-08-28
CZ0214016,Leuciscus aspius,6357a,2023-08-28
CZ0214016,Leuciscus aspius,6357c,2023-08-28
CZ0214016,Leuciscus aspius,6357d,2023-08-28
CZ0214016,Leuciscus aspius,6457a,2023-08-28
CZ0214016,Lutra lutra,6357a,2011-10-06
CZ0214016,Lutra lutra,6457a,2018-11-14
CZ0214016,Minuartia smejkalii,6356b,2025-07-14
CZ0214016,Myotis myotis,"18,""6256d""",2016-09-17
CZ0214016,Myotis myotis,6256d,2025-02-27
CZ0214016,Myotis myotis,6356b,2016-02-02
CZ0214016,Myotis myotis,"99,""6356b""",2009-09-08
CZ0214016,Myotis sp.,6356b,2016-02-02
CZ0214016,Salmo trutta,"42,""6256d""",2004-01-01
CZ0214016,Scardinius erythrophthalmus,"1,""6356b""",2009-01-01
CZ0214016,Scardinius erythrophthalmus,"42,""6256d""",2010-01-01
CZ0214016,Unio crassus,6457a,2025-08-24
CZ0214016,Unio crassus,6457b,2025-08-24
CZ0214017,Abramis brama,"09,""6050b""",2021-02-18
CZ0214017,Abramis brama,6050b,2013-06-27
CZ0214017,Abramis brama,6050d,2011-09-01
CZ0214017,Adenophora liliifolia,"07,""6051a""",2001-10-01
CZ0214017,Adenophora liliifolia,"28,""6051a""",2002-08-19
CZ0214017,Adenophora liliifolia,6051a,2024-07-22
CZ0214017,Austropotamobius torrentium,6050b,2004-07-14
CZ0214017,Barbastella barbastellus,"01,""6050b""",2006-09-13
CZ0214017,Barbastella barbastellus,"53,""6051a""",2005-02-03
CZ0214017,Barbastella barbastellus,6050b,2026-01-21
CZ0214017,Barbastella barbastellus,6050d,2026-01-24
CZ0214017,Barbastella barbastellus,6051a,2026-01-18
CZ0214017,Barbastella barbastellus,6051c,2026-01-25
CZ0214017,Barbastella barbastellus,"74,""6051a""",2009-02-21
CZ0214017,Barbastella barbastellus,"96,""6050a""",2011-12-21
CZ0214017,Barbastella barbastellus,"96,""6050b""",2011-12-21
CZ0214017,Barbastella barbastellus,"96,""6050c""",2011-12-21
CZ0214017,Barbastella barbastellus,"96,""6050d""",2011-12-21
CZ0214017,Blicca bjoerkna,6050b,2018-08-24
CZ0214017,Blicca bjoerkna,6050d,2011-09-01
CZ0214017,Buxbaumia viridis,"65,""6050d""",2014-03-01
CZ0214017,Canis lupus,6051c,2023-05-15
CZ0214017,Castor fiber,"09,""6050b""",2025-01-16
CZ0214017,Castor fiber,"34,""6050b""",2024-04-15
CZ0214017,Castor fiber,"56,""6050b""",2019-11-19
CZ0214017,Castor fiber,6050b,2025-04-22
CZ0214017,Castor fiber,6050d,2026-02-19
CZ0214017,Castor fiber,"85,""6050b""",2025-01-15
CZ0214017,Chamaecytisus sp.,6050d,2007-07-18
CZ0214017,Chazara briseis,NA,2005-01-01
CZ0214017,Cottus gobio,6050b,2023-08-17
CZ0214017,Cottus gobio,6050d,2020-07-31
CZ0214017,Cucujus cinnaberinus,6050b,2025-12-29
CZ0214017,Cucujus cinnaberinus,6051c,2025-11-01
CZ0214017,Cypripedium calceolus,6050b,2024-05-13
CZ0214017,Cypripedium calceolus,6051a,2017-06-24
CZ0214017,Cypripedium calceolus,6051c,2024-05-05
CZ0214017,Dianthus lumnitzeri,6050d,2020-05-26
CZ0214017,Dracocephalum austriacum,6050b,2025-05-04
CZ0214017,Dracocephalum austriacum,6050d,2025-05-12
CZ0214017,Dracocephalum austriacum,6051c,2025-05-12
CZ0214017,Dracocephalum austriacum,"98,""6050b""",2005-10-19
CZ0214017,Euplagia quadripunctaria,"24,""6050b""",2020-04-26
CZ0214017,Euplagia quadripunctaria,6050b,2025-08-16
CZ0214017,Euplagia quadripunctaria,6050d,2024-08-05
CZ0214017,Euplagia quadripunctaria,6051a,2020-08-07
CZ0214017,Euplagia quadripunctaria,6051c,2024-08-02
CZ0214017,Euplagia quadripunctaria,"7,""6050d""",2001-01-01
CZ0214017,Euplagia quadripunctaria,"96,""6050a""",2010-08-04
CZ0214017,Euplagia quadripunctaria,"96,""6050b""",2010-08-04
CZ0214017,Euplagia quadripunctaria,"96,""6050c""",2010-08-04
CZ0214017,Euplagia quadripunctaria,"96,""6050d""",2010-08-04
CZ0214017,Hipparchia semele,NA,2016-08-20
CZ0214017,Lemna trisulca,6050b,2013-05-02
CZ0214017,Leuciscus aspius,"14,""5950a""",1950-01-01
CZ0214017,Leuciscus aspius,6050b,2004-01-01
CZ0214017,Leuciscus aspius,6050d,2011-09-01
CZ0214017,Lucanus cervus,"01,""6050d""",2005-07-24
CZ0214017,Lucanus cervus,"13,""6050d""",2010-06-24
CZ0214017,Lucanus cervus,"24,""6050b""",2020-08-04
CZ0214017,Lucanus cervus,"55,""6051c""",2024-08-31
CZ0214017,Lucanus cervus,6050b,2025-07-14
CZ0214017,Lucanus cervus,6050d,2024-05-23
CZ0214017,Lucanus cervus,6051a,2004-06-27
CZ0214017,Lucanus cervus,6051c,2022-06-24
CZ0214017,Lucanus cervus,"73,""6050b""",2020-04-27
CZ0214017,Lutra lutra,"09,""6050b""",2021-02-18
CZ0214017,Lutra lutra,6050b,2025-04-01
CZ0214017,Lutra lutra,6050d,2026-01-19
CZ0214017,Lutra lutra,"96,""6050a""",2007-01-01
CZ0214017,Lutra lutra,"96,""6050b""",2007-01-01
CZ0214017,Lutra lutra,"96,""6050c""",2007-01-01
CZ0214017,Lutra lutra,"96,""6050d""",2007-01-01
CZ0214017,Lycaena dispar,6050b,2024-05-27
CZ0214017,Lycaena dispar,6050d,2025-08-20
CZ0214017,Myotis alcathoe/emarginatus,6050b,2020-08-20
CZ0214017,Myotis bechsteinii,6050b,2020-07-15
CZ0214017,Myotis bechsteinii,6050d,2008-05-08
CZ0214017,Myotis bechsteinii,6051a,2017-12-06
CZ0214017,Myotis bechsteinii,"96,""6050a""",2011-12-21
CZ0214017,Myotis bechsteinii,"96,""6050b""",2011-12-21
CZ0214017,Myotis bechsteinii,"96,""6050c""",2011-12-21
CZ0214017,Myotis bechsteinii,"96,""6050d""",2011-12-21
CZ0214017,Myotis emarginatus,"13,""6050d""",1970-01-01
CZ0214017,Myotis emarginatus,6050b,2026-01-31
CZ0214017,Myotis emarginatus,6050d,2025-10-27
CZ0214017,Myotis emarginatus,6051a,2023-01-27
CZ0214017,Myotis emarginatus,"96,""6050a""",2011-12-21
CZ0214017,Myotis emarginatus,"96,""6050b""",2011-12-21
CZ0214017,Myotis emarginatus,"96,""6050c""",2011-12-21
CZ0214017,Myotis emarginatus,"96,""6050d""",2011-12-21
CZ0214017,Myotis myotis,"07,""6050d""",2011-12-24
CZ0214017,Myotis myotis,"13,""6050d""",2001-01-01
CZ0214017,Myotis myotis,"28,""6050d""",2001-02-04
CZ0214017,Myotis myotis,"53,""6051a""",2005-02-02
CZ0214017,Myotis myotis,6050b,2026-01-31
CZ0214017,Myotis myotis,6050d,2026-01-24
CZ0214017,Myotis myotis,6051a,2026-01-18
CZ0214017,Myotis myotis,6051c,2026-01-25
CZ0214017,Myotis myotis,"74,""6051a""",2009-02-21
CZ0214017,Myotis myotis,"79,""6050d""",1992-01-01
CZ0214017,Myotis myotis,"9,""6050b""",2022-03-25
CZ0214017,Myotis myotis,"96,""6050a""",2012-06-21
CZ0214017,Myotis myotis,"96,""6050b""",2012-06-21
CZ0214017,Myotis myotis,"96,""6050c""",2012-06-21
CZ0214017,Myotis myotis,"96,""6050d""",2012-06-21
CZ0214017,Myotis sp.,6050b,2025-07-14
CZ0214017,Myotis sp.,6050d,2020-06-16
CZ0214017,Myotis sp.,6051a,2010-12-12
CZ0214017,Phengaris nausithous,6050b,2023-08-03
CZ0214017,Phengaris nausithous,6050d,2024-07-25
CZ0214017,Phengaris nausithous,"96,""6050a""",1995-01-01
CZ0214017,Phengaris nausithous,"96,""6050b""",1995-01-01
CZ0214017,Phengaris nausithous,"96,""6050c""",1995-01-01
CZ0214017,Phengaris nausithous,"96,""6050d""",1995-01-01
CZ0214017,Rhinolophus hipposideros,"28,""6050d""",2000-01-23
CZ0214017,Rhinolophus hipposideros,"53,""6051a""",2005-02-02
CZ0214017,Rhinolophus hipposideros,6050b,2026-01-31
CZ0214017,Rhinolophus hipposideros,6050d,2026-01-24
CZ0214017,Rhinolophus hipposideros,6051a,2026-01-18
CZ0214017,Rhinolophus hipposideros,6051c,2026-01-22
CZ0214017,Rhinolophus hipposideros,"74,""6051a""",2009-02-21
CZ0214017,Rhinolophus hipposideros,"9,""6050b""",2022-03-25
CZ0214017,Rhinolophus hipposideros,"96,""6050a""",2012-06-21
CZ0214017,Rhinolophus hipposideros,"96,""6050b""",2012-06-21
CZ0214017,Rhinolophus hipposideros,"96,""6050c""",2012-06-21
CZ0214017,Rhinolophus hipposideros,"96,""6050d""",2012-06-21
CZ0214017,Rhodeus amarus,6050b,2012-09-14
CZ0214017,Rhodeus amarus,6050d,2011-09-01
CZ0214017,Rumex sp.,6050b,2011-10-01
CZ0214017,Rumex sp.,6050d,2022-05-08
CZ0214017,Rumex sp.,"99,""6050d""",2022-04-17
CZ0214017,Salmo trutta,6050b,2023-08-17
CZ0214017,Sanguisorba officinalis,6050b,2022-06-08
CZ0214017,Sanguisorba officinalis,6050d,2014-04-12
CZ0214017,Scardinius erythrophthalmus,6050b,2013-06-27
CZ0214017,Triturus cristatus,6050b,2025-06-24
CZ0214017,Triturus cristatus,6050d,2000-05-01
CZ0214017,Unio crassus,6050d,2003-06-14
CZ0214025,Barbastella barbastellus,5556b,2015-07-01
CZ0214025,Bombina bombina,5556b,2022-07-20
CZ0214025,Euplagia quadripunctaria,5556b,2021-07-11
CZ0214025,Lemna trisulca,5556b,2008-07-19
CZ0214025,Lutra lutra,5556b,2016-01-28
CZ0214025,Myotis emarginatus,5556b,2015-07-01
CZ0214025,Sanguisorba officinalis,5556b,2019-09-24
CZ0214025,Trichomanes speciosum,5556b,2019-09-24
CZ0214037,Chazara briseis,NA,2003-07-27
CZ0214037,Euplagia quadripunctaria,6050c,2020-07-31
CZ0214037,Hipparchia semele,NA,2013-08-14
CZ0214037,Lucanus cervus,6050c,2019-06-02
CZ0214037,Myotis emarginatus,6050c,2019-08-27
CZ0214037,Myotis myotis,6050c,2019-09-20
CZ0214037,Myotis sp.,6050c,2008-01-29
CZ0214037,Rhinolophus hipposideros,6050c,2012-05-20
CZ0214039,Austropotamobius torrentium,6049c,2024-11-03
CZ0214039,Austropotamobius torrentium,6049d,2025-10-14
CZ0214039,Austropotamobius torrentium,6149a,2024-11-03
CZ0214039,Austropotamobius torrentium,"67,""6149a""",2008-09-30
CZ0214039,Austropotamobius torrentium,"92,""6149a""",2007-01-01
CZ0214039,Cottus gobio,"29,""6049c""",2001-01-01
CZ0214039,Cottus gobio,6049c,2021-10-26
CZ0214039,Cottus gobio,6149a,2019-11-09
CZ0214039,Cottus gobio,6149b,2022-11-24
CZ0214039,Cottus gobio,"92,""6049c""",2004-01-01
CZ0214039,Lutra lutra,6149a,2000-12-22
CZ0214039,Rumex sp.,6049c,2016-07-07
CZ0214039,Salmo trutta,6049c,2015-08-06
CZ0214039,Salmo trutta,6049d,2020-09-02
CZ0214039,Salmo trutta,"92,""6049c""",2004-01-01
CZ0214040,Hipparchia semele,NA,1995-01-01
CZ0214040,Phengaris nausithous,6249d,2021-08-03
CZ0214040,Phengaris teleius,6249d,2021-08-03
CZ0214040,Sanguisorba officinalis,6249d,2010-05-29
CZ0214041,Austropotamobius torrentium,6348d,2016-09-14
CZ0214041,Cottus gobio,"13,""6349c""",2004-01-01
CZ0214041,Cottus gobio,"25,""6348d""",2000-01-01
CZ0214041,Cottus gobio,6348d,2018-10-05
CZ0214041,Cottus gobio,6349c,2001-01-01
CZ0214041,Cottus gobio,6448b,2008-09-13
CZ0214041,Lampetra planeri,"13,""6349c""",2004-01-01
CZ0214041,Lampetra planeri,"25,""6348d""",2000-01-01
CZ0214041,Lampetra planeri,6348d,2023-09-03
CZ0214041,Lampetra planeri,6349c,2001-01-01
CZ0214041,Lampetra planeri,6448b,2016-06-05
CZ0214041,Lutra lutra,6348d,2016-12-02
CZ0214041,Lutra lutra,6349c,2016-12-02
CZ0214041,Lutra lutra,6448b,2016-12-02
CZ0214041,Osmoderma barnabita,6448b,2020-07-24
CZ0214041,Rumex sp.,6348d,2011-08-22
CZ0214041,Rumex sp.,6448b,2011-06-16
CZ0214041,Rumex sp.,"76,""6348d""",2011-06-30
CZ0214041,Rumex sp.,"89,""6348d""",2011-06-30
CZ0214041,Salmo trutta,"13,""6349c""",2004-01-01
CZ0214041,Salmo trutta,6348d,2018-10-06
CZ0214041,Salmo trutta,6448b,2016-08-23
CZ0214041,Sanguisorba officinalis,"41,""6348d""",2011-06-30
CZ0214041,Sanguisorba officinalis,6348d,2017-06-08
CZ0214041,Sanguisorba officinalis,6448b,2015-05-12
CZ0214041,Sanguisorba officinalis,"76,""6348d""",2011-06-30
CZ0214041,Sanguisorba officinalis,"83,""6348d""",2011-10-11
CZ0214041,Sanguisorba officinalis,"89,""6348d""",2011-06-30
CZ0214041,Succisa pratensis,6348d,2023-06-12
CZ0214041,Succisa pratensis,6448b,2015-05-12
CZ0214042,Austropotamobius torrentium,6248d,2024-09-08
CZ0214042,Austropotamobius torrentium,6348b,2025-09-17
CZ0214042,Austropotamobius torrentium,6348d,2020-06-16
CZ0214042,Austropotamobius torrentium,"77,""6348b""",2003-01-01
CZ0214042,Barbastella barbastellus,6348d,2017-07-11
CZ0214042,Canis lupus,"1,""6348b""",2025-03-11
CZ0214042,Canis lupus,6348b,2021-10-25
CZ0214042,Canis lupus,6348c,2024-06-05
CZ0214042,Canis lupus,6348d,2024-09-28
CZ0214042,Castor fiber,6348b,2025-09-17
CZ0214042,Cottus gobio,"6,""6348b""",2000-01-01
CZ0214042,Cottus gobio,6248d,2020-06-17
CZ0214042,Cottus gobio,6348b,2019-11-20
CZ0214042,Cottus gobio,"77,""6348b""",2001-01-01
CZ0214042,Lampetra planeri,"58,""6348d""",2000-01-01
CZ0214042,Lutra lutra,"28,""6348b""",2017-01-01
CZ0214042,Lutra lutra,6248d,2020-06-17
CZ0214042,Lutra lutra,6348b,2023-11-08
CZ0214042,Lutra lutra,6348d,2016-12-29
CZ0214042,Lynx lynx,6348d,2011-02-20
CZ0214042,Myotis myotis,6348d,2016-09-10
CZ0214042,Myotis sp.,6348d,2017-09-15
CZ0214042,Phengaris teleius,6348b,2023-07-07
CZ0214042,Rhinolophus hipposideros,6348b,2021-01-08
CZ0214042,Salmo trutta,6248d,2019-11-22
CZ0214042,Salmo trutta,6348b,2016-07-06
CZ0214042,Salmo trutta,6348d,2016-07-07
CZ0214042,Sanguisorba officinalis,6348b,2019-05-02
CZ0214042,Scardinius erythrophthalmus,6348b,2016-07-06
CZ0214042,Succisa pratensis,6348b,2014-06-22
CZ0214042,Triturus cristatus,6348b,2025-07-22
CZ0214043,Euplagia quadripunctaria,5555a,2020-08-09
CZ0214043,Lemna trisulca,5555a,2020-04-16
CZ0214043,Ligularia sibirica,5555a,2024-07-31
CZ0214043,Salmo trutta,5555a,2023-09-22
CZ0214043,Sanguisorba officinalis,5555a,2020-04-16
CZ0214043,Succisa pratensis,5555a,2012-08-20
CZ0214043,Vertigo moulinsiana,5555a,2015-09-30
CZ0214044,Cucujus cinnaberinus,"54,""5855d""",2022-07-13
CZ0214044,Cucujus cinnaberinus,5855b,2021-05-24
CZ0214044,Euplagia quadripunctaria,"11,""5855d""",2021-08-06
CZ0214044,Lemna trisulca,5855d,2001-10-11
CZ0214044,Phengaris nausithous,5855d,2023-07-14
CZ0214044,Phengaris teleius,5855d,2023-07-14
CZ0214044,Sanguisorba officinalis,5855d,2021-06-14
CZ0214044,Succisa pratensis,5855d,2002-06-05
CZ0214045,Hamatocaulis vernicosus,5848d,2021-07-21
CZ0214045,Hamatocaulis vernicosus,6855b,2004-10-06
CZ0214045,Lampetra planeri,5849c,2004-01-01
CZ0214045,Lemna trisulca,5849c,2009-06-22
CZ0214045,Leuciscus aspius,5849c,2004-01-01
CZ0214045,Leucorrhinia pectoralis,5849c,2024-05-23
CZ0214045,Misgurnus fossilis,5849c,2015-03-21
CZ0214045,Rumex sp.,"05,""5848d""",2019-05-01
CZ0214045,Rumex sp.,"82,""5849c""",2019-05-01
CZ0214045,Salmo trutta,5849c,2015-03-21
CZ0214045,Scardinius erythrophthalmus,5848d,2024-03-08
CZ0214045,Scardinius erythrophthalmus,5849c,2004-01-01
CZ0214045,Triturus cristatus,5849c,2001-08-15
CZ0214045,Vertigo angustior,5848d,2019-05-08
CZ0214046,Coleanthus subtilis,6157c,2023-08-11
CZ0214047,Hipparchia semele,NA,1995-01-01
CZ0214049,Jurinea cyanoides,5753a,2025-11-28
CZ0214050,Abramis brama,"65,""5857d""",2018-10-17
CZ0214050,Adenophora liliifolia,5857b,2024-07-24
CZ0214050,Anisus vorticulus,5858a,2017-10-12
CZ0214050,Anodonta sp.,"49,""5857b""",2018-08-03
CZ0214050,Barbastella barbastellus,5857b,2023-06-29
CZ0214050,Barbastella barbastellus,5858c,2023-08-08
CZ0214050,Blicca bjoerkna,"65,""5857d""",2018-10-17
CZ0214050,Bombina bombina,"25,""5857b""",2021-07-16
CZ0214050,Bombina bombina,"49,""5857b""",2018-04-10
CZ0214050,Bombina bombina,5857b,2022-08-25
CZ0214050,Bombina bombina,5857d,2012-06-10
CZ0214050,Bombina bombina,5858a,2025-07-09
CZ0214050,Bombina bombina,5858c,2024-06-06
CZ0214050,Euphydryas maturna,NA,2007-06-09
CZ0214050,Hamatocaulis vernicosus,"57,""5857d""",2001-01-01
CZ0214050,Leuciscus aspius,"65,""5857d""",2018-10-17
CZ0214050,Leucorrhinia pectoralis,5858a,2003-06-03
CZ0214050,Lucanus cervus,"19,""5858a""",2011-08-17
CZ0214050,Lucanus cervus,"35,""5858a""",2004-01-01
CZ0214050,Lucanus cervus,5857b,2022-05-01
CZ0214050,Lucanus cervus,5857d,2011-06-19
CZ0214050,Lucanus cervus,5858a,2023-06-15
CZ0214050,Lucanus cervus,5858c,2023-06-21
CZ0214050,Lucanus cervus,"65,""5858c""",2023-06-21
CZ0214050,Lucanus cervus,"83,""5857b""",2013-08-23
CZ0214050,Lucanus cervus,"89,""5858a""",2023-06-21
CZ0214050,Lutra lutra,5857b,2024-04-28
CZ0214050,Lutra lutra,5857d,2007-03-14
CZ0214050,Lycaena dispar,5857b,2021-06-05
CZ0214050,Lycaena dispar,"75,""5857d""",2019-08-13
CZ0214050,Misgurnus fossilis,5857b,2020-08-08
CZ0214050,Misgurnus fossilis,5858c,2025-05-11
CZ0214050,Myotis bechsteinii,5857b,2012-07-28
CZ0214050,Myotis bechsteinii,5858a,2012-07-27
CZ0214050,Myotis myotis,"17,""5857b""",2023-06-29
CZ0214050,Myotis myotis,5857b,2023-08-08
CZ0214050,Myotis myotis,5858c,2023-08-08
CZ0214050,Myotis myotis,"68,""5857d""",2023-08-08
CZ0214050,Myotis myotis,"79,""5858c""",2023-08-08
CZ0214050,Phengaris nausithous,"01,""5857b""",2001-01-01
CZ0214050,Phengaris nausithous,"5,""5857b""",2022-07-21
CZ0214050,Phengaris nausithous,5857b,2022-07-21
CZ0214050,Phengaris teleius,"5,""5857b""",2022-07-21
CZ0214050,Phengaris teleius,5857b,2022-07-21
CZ0214050,Rhodeus amarus,5858c,2025-06-11
CZ0214050,Rhodeus amarus,"65,""5857d""",2018-10-17
CZ0214050,Rumex sp.,5858c,2022-07-25
CZ0214050,Sanguisorba officinalis,"01,""5857d""",2013-06-17
CZ0214050,Sanguisorba officinalis,"12,""5857b""",2013-07-04
CZ0214050,Sanguisorba officinalis,"18,""5857d""",2000-01-01
CZ0214050,Sanguisorba officinalis,"19,""5857b""",2013-07-04
CZ0214050,Sanguisorba officinalis,"24,""5857d""",2000-01-01
CZ0214050,Sanguisorba officinalis,"24,""5858c""",2013-08-08
CZ0214050,Sanguisorba officinalis,"34,""5857d""",2000-01-01
CZ0214050,Sanguisorba officinalis,"45,""5857b""",2013-06-17
CZ0214050,Sanguisorba officinalis,"54,""5857b""",2013-06-17
CZ0214050,Sanguisorba officinalis,"57,""5857d""",2005-01-01
CZ0214050,Sanguisorba officinalis,5857b,2021-05-11
CZ0214050,Sanguisorba officinalis,5857d,2021-10-04
CZ0214050,Sanguisorba officinalis,5858c,2022-07-25
CZ0214050,Sanguisorba officinalis,"6,""5857d""",2013-07-04
CZ0214050,Sanguisorba officinalis,"63,""5857d""",2013-07-14
CZ0214050,Sanguisorba officinalis,"66,""5857d""",2013-06-17
CZ0214050,Sanguisorba officinalis,"78,""5857d""",2013-06-17
CZ0214050,Sanguisorba officinalis,"79,""5857b""",2013-06-17
CZ0214050,Sanguisorba officinalis,"82,""5857b""",2013-07-04
CZ0214050,Sanguisorba officinalis,"84,""5858c""",2000-01-01
CZ0214050,Sanguisorba officinalis,"97,""5858c""",2000-01-01
CZ0214050,Scardinius erythrophthalmus,5857b,2013-10-02
CZ0214050,Scardinius erythrophthalmus,5858c,2023-08-19
CZ0214050,Scardinius erythrophthalmus,"65,""5857d""",2018-10-17
CZ0214050,Spermophilus citellus,5858c,2000-09-28
CZ0214050,Succisa pratensis,"18,""5857d""",2000-01-01
CZ0214050,Succisa pratensis,"24,""5857d""",2000-01-01
CZ0214050,Succisa pratensis,"34,""5857d""",2000-01-01
CZ0214050,Succisa pratensis,"57,""5857d""",2005-01-01
CZ0214050,Succisa pratensis,5857b,2022-06-17
CZ0214050,Succisa pratensis,5857d,2004-07-08
CZ0214050,Succisa pratensis,5858a,2022-06-17
CZ0214050,Succisa pratensis,"82,""5857b""",2000-01-01
CZ0214050,Succisa pratensis,"84,""5858c""",2000-01-01
CZ0214050,Succisa pratensis,"97,""5858c""",2000-01-01
CZ0214050,Triturus cristatus,5858a,2025-07-09
CZ0214050,Vertigo angustior,"5,""5858c""",2003-01-01
CZ0214050,Vertigo angustior,5857b,2025-08-03
CZ0214050,Vertigo angustior,5858a,2004-06-09
CZ0214050,Vertigo angustior,5858c,2015-10-01
CZ0310001,Dicranum viride,6955d,2024-09-28
CZ0310001,Ophiogomphus cecilia,6955d,2015-06-17
CZ0310001,Osmoderma barnabita,6955d,2019-01-01
CZ0310008,Leucorrhinia pectoralis,6956b,2019-05-24
CZ0310008,Triturus cristatus,6956b,2019-05-17
CZ0310009,Leucorrhinia pectoralis,7253c,2019-05-29
CZ0310009,Succisa pratensis,7253c,2019-06-14
CZ0310009,Triturus cristatus,"29,""7253c""",2019-08-20
CZ0310009,Triturus cristatus,"68,""7253c""",2019-05-11
CZ0310010,Bombina bombina,"01,""6751c""",2019-05-30
CZ0310010,Bombina bombina,6751c,2023-05-19
CZ0310010,Lemna trisulca,6751c,2025-05-05
CZ0310010,Misgurnus fossilis,6751c,2024-09-11
CZ0310010,Phengaris teleius,6751c,2025-07-07
CZ0310010,Sanguisorba officinalis,"01,""6751c""",2019-06-21
CZ0310010,Sanguisorba officinalis,6751c,2025-05-05
CZ0310010,Succisa pratensis,"01,""6751c""",2019-06-21
CZ0310010,Succisa pratensis,6751c,2012-05-09
CZ0310014,Barbastella barbastellus,7050a,2015-05-15
CZ0310014,Lynx lynx,"41,""7050a""",2000-01-01
CZ0310014,Myotis myotis,7050a,2015-05-15
CZ0310014,Phengaris nausithous,"96,""7050a""",1995-01-01
CZ0310017,Canis lupus,"37,""7251c""",2023-09-04
CZ0310017,Carabus menetriesi pacholei,"05,""7251c""",2005-06-10
CZ0310017,Carabus menetriesi pacholei,7251c,2019-08-30
CZ0310017,Castor fiber,7250d,2024-02-23
CZ0310017,Hamatocaulis vernicosus,7250d,2001-01-01
CZ0310017,Hamatocaulis vernicosus,7251c,2021-09-06
CZ0310017,Lutra lutra,7250d,2016-11-04
CZ0310017,Lutra lutra,7251c,2005-11-01
CZ0310017,Lynx lynx,7251c,2013-10-05
CZ0310017,Phengaris nausithous,7250d,2008-04-30
CZ0310017,Phengaris nausithous,7251c,2020-07-21
CZ0310017,Phengaris teleius,7251c,2016-07-17
CZ0310017,Salmo trutta,7250d,2023-09-26
CZ0310017,Salmo trutta,7251c,2015-08-26
CZ0310017,Succisa pratensis,"35,""7351a""",2003-07-12
CZ0310017,Succisa pratensis,7250d,2019-05-04
CZ0310017,Succisa pratensis,7251c,2019-05-04
CZ0310017,Succisa pratensis,7351a,2014-05-20
CZ0310017,Vertigo geyeri,7251c,2025-07-12
CZ0310019,Bombina bombina,6751c,2014-04-29
CZ0310019,Bombina bombina,6751d,2025-06-19
CZ0310019,Coleanthus subtilis,6751c,2012-05-30
CZ0310019,Coleanthus subtilis,6751d,2018-05-25
CZ0310019,Lutra lutra,6751d,2025-09-13
CZ0310019,Sanguisorba officinalis,6751d,2019-04-20
CZ0310019,Sanguisorba officinalis,"99,""6751d""",2008-01-01
CZ0310019,Succisa pratensis,6751d,2019-04-20
CZ0310019,Succisa pratensis,"99,""6751d""",2008-01-01
CZ0310019,Triturus cristatus,6751d,2019-06-01
CZ0310020,Barbastella barbastellus,6751d,2019-10-12
CZ0310020,Lutra lutra,"01,""6751d""",2004-01-01
CZ0310020,Lynx lynx,6751d,2016-12-05
CZ0310022,Myotis myotis,6651a,2015-05-17
CZ0310032,Barbastella barbastellus,7351d,2015-08-25
CZ0310032,Cottus gobio,"99,""7351d""",2004-01-01
CZ0310032,Lutra lutra,"4,""7351d""",2004-05-08
CZ0310032,Lutra lutra,"99,""7351d""",2004-01-01
CZ0310032,Lynx lynx,7351d,2006-01-01
CZ0310032,Salmo trutta,"99,""7351d""",2004-01-01
CZ0310033,Abramis brama,"26,""6653a""",2004-01-01
CZ0310033,Blicca bjoerkna,"26,""6653a""",2004-01-01
CZ0310033,Blicca bjoerkna,"49,""6553d""",2009-06-28
CZ0310033,Dicranum viride,6553d,2024-10-08
CZ0310033,Dicranum viride,"72,""6553d""",2012-10-24
CZ0310033,Dicranum viride,"99,""6553d""",2019-10-10
CZ0310033,Leuciscus aspius,"26,""6653a""",2004-01-01
CZ0310033,Salmo trutta,"49,""6553d""",2009-06-28
CZ0310033,Sanguisorba officinalis,6653a,2019-06-10
CZ0310035,Abramis brama,"5,""7152c""",2004-01-01
CZ0310035,Blicca bjoerkna,"5,""7152c""",2004-01-01
CZ0310035,Castor fiber,7251b,2019-03-28
CZ0310035,Castor fiber,7251d,2019-03-28
CZ0310035,Castor fiber,7252c,2019-03-28
CZ0310035,Castor fiber,7352a,2024-12-29
CZ0310035,Cottus gobio,7251b,2019-10-25
CZ0310035,Cottus gobio,7251d,2019-10-25
CZ0310035,Cottus gobio,7352a,2019-10-25
CZ0310035,Lampetra planeri,7251b,2019-10-25
CZ0310035,Lampetra planeri,7251d,2019-10-25
CZ0310035,Lampetra planeri,7352a,2019-10-25
CZ0310035,Lutra lutra,7251d,2022-05-05
CZ0310035,Lutra lutra,7252c,2014-09-21
CZ0310035,Lynx lynx,7352a,2025-12-06
CZ0310035,Ophiogomphus cecilia,7251d,2019-05-27
CZ0310035,Ophiogomphus cecilia,7252c,2019-05-27
CZ0310035,Ophiogomphus cecilia,7352a,2011-08-03
CZ0310035,Salmo trutta,"5,""7152c""",2004-01-01
CZ0310035,Sanguisorba officinalis,7252c,2012-07-17
CZ0310057,Canis lupus,7354c,2020-11-25
CZ0310057,Canis lupus,7454a,2025-04-15
CZ0310057,Carabus menetriesi pacholei,"18,""7454a""",2014-05-27
CZ0310057,Carabus menetriesi pacholei,7454a,2019-07-06
CZ0310057,Castor fiber,7354c,2025-10-22
CZ0310057,Hamatocaulis vernicosus,"18,""7454a""",2001-01-01
CZ0310057,Phengaris nausithous,"75,""7354c""",2024-07-09
CZ0310057,Salmo trutta,7354c,2023-09-02
CZ0310057,Sanguisorba officinalis,"18,""7454a""",2007-06-20
CZ0310057,Sanguisorba officinalis,"81,""7354c""",2019-04-01
CZ0310057,Succisa pratensis,"18,""7454a""",2007-06-20
CZ0310063,Sanguisorba officinalis,6749b,2025-06-09
CZ0310073,Leucorrhinia pectoralis,6855a,2001-05-22
CZ0310073,Lutra lutra,6855a,2017-07-20
CZ0310074,Abramis brama,6956d,2019-10-22
CZ0310074,Ameiurus nebulosus,6956d,2019-10-22
CZ0310074,Coleanthus subtilis,6956d,2023-06-06
CZ0310074,Lutra lutra,6956d,2014-03-29
CZ0310074,Scardinius erythrophthalmus,6956d,2019-10-22
CZ0310080,Bombina bombina,6953b,2019-05-10
CZ0310080,Hamatocaulis vernicosus,6953b,2001-01-01
CZ0310080,Sanguisorba officinalis,6953b,2019-04-30
CZ0310080,Scardinius erythrophthalmus,6953b,2025-08-25
CZ0310080,Succisa pratensis,6953b,2019-04-30
CZ0310080,Triturus cristatus,6953b,2019-05-10
CZ0310084,Bombina bombina,6450c,2023-05-09
CZ0310084,Triturus cristatus,6450c,2023-05-09
CZ0310163,Barbastella barbastellus,7354a,2015-06-27
CZ0310163,Canis lupus,"25,""7354c""",2025-03-08
CZ0310163,Canis lupus,7354a,2023-12-20
CZ0310163,Cottus gobio,7354a,2015-08-24
CZ0310163,Dicranum viride,7354a,2019-11-14
CZ0310163,Dicranum viride,"99,""7354a""",2019-11-19
CZ0310163,Lutra lutra,7354a,2017-02-18
CZ0310163,Lynx lynx,"25,""7354c""",2025-02-14
CZ0310163,Lynx lynx,7354a,2020-11-05
CZ0310163,Lynx lynx,"92,""7354a""",2020-10-10
CZ0310163,Myotis bechsteinii,7354a,2015-06-27
CZ0310163,Myotis myotis,7354a,2015-06-27
CZ0310163,Salmo trutta,7354a,2015-08-24
CZ0310605,Canis lupus,7155c,2018-02-14
CZ0310605,Leucorrhinia pectoralis,7155c,2013-10-01
CZ0310605,Lutra lutra,"75,""7155c""",2005-01-01
CZ0310605,Ophiogomphus cecilia,7155c,2013-10-01
CZ0310610,Barbastella barbastellus,7154b,2005-01-01
CZ0310610,Leucorrhinia pectoralis,"99,""7154b""",2000-01-01
CZ0310610,Lynx lynx,7154b,2006-01-08
CZ0310610,Myotis myotis,7154b,2005-01-01
CZ0310610,Ophiogomphus cecilia,7154b,2015-07-11
CZ0310611,Canis lupus,7055d,2019-04-12
CZ0310611,Leucorrhinia pectoralis,7055d,2019-05-01
CZ0310611,Ophiogomphus cecilia,7055d,2021-09-06
CZ0310618,Bombina bombina,"33,""7052a""",2020-05-06
CZ0310618,Bombina bombina,6952c,2020-06-03
CZ0310618,Bombina bombina,7052a,2025-07-18
CZ0310618,Bombina bombina,"89,""7052a""",2021-06-10
CZ0310618,Lemna trisulca,6952c,2019-07-21
CZ0310618,Lemna trisulca,7052a,2006-10-03
CZ0310629,Bombina bombina,6952a,2021-08-17
CZ0310629,Triturus cristatus,6952a,2021-08-17
CZ0310630,Bombina bombina,7153d,2012-06-07
CZ0310630,Leucorrhinia pectoralis,7153d,2019-05-29
CZ0310630,Triturus cristatus,7153d,2018-04-06
CZ0312030,Gentianella praecox subsp. bohemica,6848d,2024-09-04
CZ0312030,Sanguisorba officinalis,6848d,2013-05-05
CZ0312030,Succisa pratensis,6848d,2013-05-05
CZ0312032,Gentianella praecox subsp. bohemica,6848d,2025-08-18
CZ0312032,Succisa pratensis,6848d,2025-08-18
CZ0312033,Gentianella praecox subsp. bohemica,6655a,2024-04-13
CZ0312033,Succisa pratensis,6655a,2013-05-03
CZ0312034,Gentianella amarella,NA,2002-04-01
CZ0312034,Gentianella praecox subsp. bohemica,6848c,2024-09-05
CZ0312036,Gentianella praecox subsp. bohemica,6648c,2023-08-31
CZ0312038,Bombina bombina,6954a,2025-04-29
CZ0312038,Coleanthus subtilis,6954a,2023-07-04
CZ0312038,Leucorrhinia pectoralis,6954a,2015-06-25
CZ0312038,Lutra lutra,6954a,2015-08-29
CZ0312038,Myotis myotis,6954a,2015-08-29
CZ0312040,Bombina bombina,6854a,2025-06-13
CZ0312040,Coleanthus subtilis,6854a,2021-04-28
CZ0312045,Gentianella praecox subsp. bohemica,7250b,2025-10-13
CZ0312045,Gentianella praecox subsp. bohemica,NA,2005-01-01
CZ0312048,Bombina bombina,7054b,2019-06-12
CZ0312048,Coleanthus subtilis,7054b,2024-04-30
CZ0312048,Lutra lutra,7054b,2015-05-25
CZ0312048,Myotis myotis,7054b,2015-05-25
CZ0312048,Triturus cristatus,7054b,2019-06-12
CZ0312050,Gentianella praecox subsp. bohemica,6847d,2024-07-18
CZ0312050,Sanguisorba officinalis,6847d,2024-04-03
CZ0312050,Succisa pratensis,6847d,2024-07-18
CZ0312226,Gentianella praecox subsp. bohemica,7151c,2024-08-15
CZ0312226,Sanguisorba officinalis,7151c,2024-08-12
CZ0312226,Succisa pratensis,7151c,2024-08-07
CZ0313004,Dicranum viride,7254b,2016-10-21
CZ0313004,Lycaena dispar,7254b,2020-09-05
CZ0313004,Phengaris nausithous,7254b,2021-07-13
CZ0313004,Phengaris teleius,7254b,2021-07-13
CZ0313004,Sanguisorba officinalis,7254b,2012-07-10
CZ0313004,Succisa pratensis,7254b,2019-05-10
CZ0313092,Lampetra planeri,7254a,2023-10-22
CZ0313092,Lampetra planeri,7254c,2012-09-20
CZ0313092,Lutra lutra,"55,""7254c""",2011-07-02
CZ0313092,Phengaris nausithous,7254a,2012-07-17
CZ0313092,Salmo trutta,7254a,2022-06-11
CZ0313094,Abramis brama,"45,""6549c""",2004-01-01
CZ0313094,Abramis brama,6549c,2004-01-01
CZ0313094,Blicca bjoerkna,"45,""6549c""",2004-01-01
CZ0313094,Blicca bjoerkna,6549c,2004-01-01
CZ0313094,Lampetra planeri,"45,""6549c""",2004-01-01
CZ0313094,Leuciscus aspius,"45,""6549c""",2004-01-01
CZ0313094,Leuciscus aspius,6549c,2004-01-01
CZ0313094,Misgurnus fossilis,"45,""6549c""",2004-01-01
CZ0313094,Osmoderma barnabita,6549c,2025-08-10
CZ0313094,Salmo trutta,"45,""6549c""",2004-01-01
CZ0313094,Scardinius erythrophthalmus,"45,""6549c""",2004-01-01
CZ0313094,Scardinius erythrophthalmus,6549c,2004-01-01
CZ0313094,Unio crassus,6549c,2004-09-01
CZ0313094,Vertigo angustior,6549c,2006-09-15
CZ0313097,Graphoderus bilineatus,7055c,2022-06-07
CZ0313097,Leucorrhinia pectoralis,7055c,2013-04-25
CZ0313097,Luronium natans,7055c,2022-09-03
CZ0313097,Lutra lutra,7055c,2008-11-24
CZ0313097,Ophiogomphus cecilia,7055c,2021-07-11
CZ0313097,Sanguisorba officinalis,7054d,2016-08-29
CZ0313097,Triturus cristatus,7054d,2021-07-12
CZ0313097,Triturus cristatus,7055c,2025-06-05
CZ0313097,Triturus cristatus,"83,""7055c""",2020-06-16
CZ0313098,Barbastella barbastellus,6854c,2022-07-01
CZ0313098,Bombina bombina,6854c,2024-06-16
CZ0313098,Coleanthus subtilis,6854c,2006-05-25
CZ0313098,Lutra lutra,6854c,2005-06-06
CZ0313098,Osmoderma barnabita,6854c,2020-04-10
CZ0313098,Sanguisorba officinalis,6854c,2025-06-15
CZ0313098,Succisa pratensis,6854c,2025-06-15
CZ0313098,Triturus cristatus,6854c,2024-08-07
CZ0313099,Cerambyx cerdo,"44,""6952b""",2019-06-08
CZ0313099,Cerambyx cerdo,"48,""6952b""",2011-05-17
CZ0313099,Cerambyx cerdo,"56,""6952d""",2004-01-01
CZ0313099,Cerambyx cerdo,6952b,2019-01-01
CZ0313099,Cerambyx cerdo,6952c,2023-06-02
CZ0313099,Cerambyx cerdo,6952d,2023-06-02
CZ0313099,Dicranum viride,"65,""6952b""",2010-10-24
CZ0313099,Dicranum viride,6952b,2021-11-15
CZ0313099,Lemna trisulca,6952b,2015-05-21
CZ0313099,Lucanus cervus,"44,""6952b""",2019-06-08
CZ0313099,Lucanus cervus,"46,""6952d""",2002-01-01
CZ0313099,Lucanus cervus,"48,""6952b""",2011-05-17
CZ0313099,Lucanus cervus,"56,""6952d""",2004-01-01
CZ0313099,Lucanus cervus,6952b,2022-06-19
CZ0313099,Lucanus cervus,6952d,2022-06-05
CZ0313099,Lucanus cervus,"98,""6952b""",2002-01-01
CZ0313099,Osmoderma barnabita,"15,""6952d""",2002-08-01
CZ0313099,Osmoderma barnabita,"48,""6952b""",2011-05-17
CZ0313099,Osmoderma barnabita,"56,""6952d""",2004-01-01
CZ0313099,Osmoderma barnabita,6952b,2019-01-01
CZ0313099,Osmoderma barnabita,6952c,2021-08-04
CZ0313099,Osmoderma barnabita,6952d,2025-07-23
CZ0313099,Osmoderma barnabita,"98,""6952b""",2002-01-01
CZ0313099,Sanguisorba officinalis,6952b,2010-05-12
CZ0313101,Anodonta sp.,"53,""6856d""",2013-04-01
CZ0313101,Bombina bombina,"53,""6856d""",2013-04-01
CZ0313101,Bombina bombina,6856d,2025-08-06
CZ0313101,Cobitis elongatoides,6856d,2019-11-01
CZ0313101,Cobitis elongatoides,"83,""6856d""",2002-05-15
CZ0313101,Cobitis sp.,6856d,2023-08-11
CZ0313101,Leucorrhinia pectoralis,6856d,2019-07-10
CZ0313101,Lutra lutra,"14,""6856d""",2005-01-01
CZ0313101,Lutra lutra,"53,""6856d""",2013-04-01
CZ0313101,Lutra lutra,"56,""6856d""",2005-08-01
CZ0313101,Lutra lutra,6856d,2022-05-21
CZ0313101,Lutra lutra,6956b,2015-03-03
CZ0313101,Lutra lutra,"99,""6856d""",2005-01-01
CZ0313101,Lycaena dispar,6856d,2021-07-22
CZ0313101,Lycaena dispar,6956b,2021-08-21
CZ0313101,Lynx lynx,6856d,2005-12-10
CZ0313101,Myotis myotis,"72,""6856d""",2015-05-21
CZ0313101,Rhodeus amarus,6856d,2013-05-19
CZ0313101,Sanguisorba officinalis,"27,""6856d""",2014-03-18
CZ0313101,Sanguisorba officinalis,6856d,2020-08-19
CZ0313101,Sanguisorba officinalis,6956b,2014-03-18
CZ0313101,Scardinius erythrophthalmus,6856d,2015-10-07
CZ0313101,Scardinius erythrophthalmus,6956b,2015-07-22
CZ0313101,Succisa pratensis,"27,""6856d""",2014-03-18
CZ0313101,Succisa pratensis,"4,""6856d""",2020-06-02
CZ0313101,Succisa pratensis,"62,""6956b""",2014-03-18
CZ0313101,Succisa pratensis,6856d,2020-08-19
CZ0313101,Succisa pratensis,6956b,2020-06-02
CZ0313101,Succisa pratensis,"92,""6856d""",2012-08-18
CZ0313101,Triturus cristatus,"53,""6856d""",2013-04-01
CZ0313101,Triturus cristatus,6856d,2024-03-31
CZ0313103,Bombina bombina,6552d,2025-05-31
CZ0313103,Triturus cristatus,6552d,2025-08-08
CZ0313106,Abramis brama,"26,""6653a""",2004-01-01
CZ0313106,Abramis brama,"29,""6754a""",2004-01-01
CZ0313106,Abramis brama,"5,""6553d""",2004-01-01
CZ0313106,Abramis brama,"52,""6654c""",2004-01-01
CZ0313106,Abramis brama,"56,""6752b""",2004-01-01
CZ0313106,Abramis brama,"65,""6854a""",2004-01-01
CZ0313106,Abramis brama,6553d,2012-07-27
CZ0313106,Abramis brama,6653c,2012-07-27
CZ0313106,Abramis brama,6752b,2012-07-27
CZ0313106,Abramis brama,6754c,2009-05-08
CZ0313106,Abramis brama,6854a,2006-08-16
CZ0313106,Ameiurus nebulosus,"29,""6754a""",2004-01-01
CZ0313106,Ameiurus nebulosus,6754c,2016-08-20
CZ0313106,Blicca bjoerkna,"26,""6653a""",2004-01-01
CZ0313106,Blicca bjoerkna,"29,""6754a""",2004-01-01
CZ0313106,Blicca bjoerkna,"5,""6553d""",2004-01-01
CZ0313106,Blicca bjoerkna,"52,""6654c""",2004-01-01
CZ0313106,Blicca bjoerkna,"56,""6752b""",2004-01-01
CZ0313106,Blicca bjoerkna,"65,""6854a""",2004-01-01
CZ0313106,Blicca bjoerkna,6553d,2012-07-27
CZ0313106,Blicca bjoerkna,6652d,2012-07-27
CZ0313106,Blicca bjoerkna,6653c,2012-07-27
CZ0313106,Blicca bjoerkna,6654a,2019-08-28
CZ0313106,Blicca bjoerkna,6752b,2012-07-27
CZ0313106,Blicca bjoerkna,6754a,2018-08-06
CZ0313106,Blicca bjoerkna,6754c,2012-07-27
CZ0313106,Blicca bjoerkna,6854a,2004-01-01
CZ0313106,Bombina bombina,6854d,2000-01-01
CZ0313106,Bombina bombina,6955a,2017-05-18
CZ0313106,Castor fiber,6754c,2024-04-26
CZ0313106,Castor fiber,6854a,2026-01-24
CZ0313106,Castor fiber,6854b,2023-11-09
CZ0313106,Castor fiber,6854d,2024-03-01
CZ0313106,Cerambyx cerdo,6955a,2016-10-20
CZ0313106,Cobitis elongatoides,6652d,2007-08-07
CZ0313106,Cobitis elongatoides,6854a,2010-08-18
CZ0313106,Cobitis sp.,6754c,2016-07-06
CZ0313106,Cobitis sp.,6955a,2013-09-26
CZ0313106,Cottus gobio,"65,""6854a""",2004-01-01
CZ0313106,Cottus gobio,6752b,2012-07-27
CZ0313106,Cottus gobio,6854a,2015-08-17
CZ0313106,Cottus gobio,6854b,2014-01-07
CZ0313106,Euplagia quadripunctaria,6553d,2018-08-09
CZ0313106,Euplagia quadripunctaria,6752b,2018-08-12
CZ0313106,Lemna trisulca,"01,""6754c""",2014-09-04
CZ0313106,Lemna trisulca,6654c,2013-05-28
CZ0313106,Lemna trisulca,6754c,2025-08-20
CZ0313106,Lemna trisulca,6854d,2019-05-28
CZ0313106,Lemna trisulca,6955a,2017-05-17
CZ0313106,Leuciscus aspius,"05,""6854a""",1950-01-01
CZ0313106,Leuciscus aspius,"12,""7155a""",1950-01-01
CZ0313106,Leuciscus aspius,"26,""6653a""",2004-01-01
CZ0313106,Leuciscus aspius,"29,""6754a""",2004-01-01
CZ0313106,Leuciscus aspius,"5,""6553d""",2004-01-01
CZ0313106,Leuciscus aspius,"52,""6654c""",2004-01-01
CZ0313106,Leuciscus aspius,"53,""6752c""",1950-01-01
CZ0313106,Leuciscus aspius,"56,""6752b""",2004-01-01
CZ0313106,Leuciscus aspius,"65,""6854a""",2004-01-01
CZ0313106,Leuciscus aspius,6553d,2012-07-27
CZ0313106,Leuciscus aspius,6652d,2012-07-27
CZ0313106,Leuciscus aspius,6653c,2012-07-27
CZ0313106,Leuciscus aspius,6752b,2012-07-27
CZ0313106,Leuciscus aspius,6854a,2004-01-01
CZ0313106,Leucorrhinia pectoralis,6854d,2018-05-09
CZ0313106,Leucorrhinia pectoralis,"99,""6854d""",2000-07-23
CZ0313106,Lutra lutra,"01,""6754c""",2007-12-24
CZ0313106,Lutra lutra,"2,""6854b""",2008-01-19
CZ0313106,Lutra lutra,"29,""6754a""",2004-01-01
CZ0313106,Lutra lutra,"41,""6754c""",2011-05-22
CZ0313106,Lutra lutra,"5,""6553d""",2004-01-01
CZ0313106,Lutra lutra,"52,""6654c""",2004-01-01
CZ0313106,Lutra lutra,"56,""6752b""",2004-01-01
CZ0313106,Lutra lutra,"65,""6854a""",2004-01-01
CZ0313106,Lutra lutra,6653a,2014-11-02
CZ0313106,Lutra lutra,6653c,2025-07-09
CZ0313106,Lutra lutra,6654a,2021-02-15
CZ0313106,Lutra lutra,6752b,2025-09-16
CZ0313106,Lutra lutra,6754a,2011-11-23
CZ0313106,Lutra lutra,6754c,2012-03-06
CZ0313106,Lutra lutra,6854a,2004-03-01
CZ0313106,Lutra lutra,6854b,2016-09-28
CZ0313106,Lutra lutra,6854d,2016-09-28
CZ0313106,Lutra lutra,6955a,2016-09-28
CZ0313106,Lutra lutra,"95,""6854d""",2004-01-01
CZ0313106,Lycaena dispar,6854d,2024-08-12
CZ0313106,Misgurnus fossilis,6754c,2023-08-07
CZ0313106,Misgurnus fossilis,6854b,2023-08-08
CZ0313106,Misgurnus fossilis,6854d,2023-08-08
CZ0313106,Misgurnus fossilis,"98,""6754c""",2003-01-01
CZ0313106,Ophiogomphus cecilia,6653c,2014-08-21
CZ0313106,Ophiogomphus cecilia,6754a,2025-08-07
CZ0313106,Ophiogomphus cecilia,6854a,2002-07-13
CZ0313106,Ophiogomphus cecilia,6854b,2002-07-13
CZ0313106,Ophiogomphus cecilia,6854d,2006-01-01
CZ0313106,Ophiogomphus cecilia,6955a,2014-07-20
CZ0313106,Osmoderma barnabita,"41,""6754c""",2012-02-24
CZ0313106,Osmoderma barnabita,6854d,2012-03-16
CZ0313106,Osmoderma barnabita,6955a,2015-04-11
CZ0313106,Phengaris nausithous,6553d,2017-08-03
CZ0313106,Phengaris teleius,6955a,2015-07-26
CZ0313106,Salmo trutta,"56,""6752b""",2004-01-01
CZ0313106,Salmo trutta,"65,""6854a""",2004-01-01
CZ0313106,Salmo trutta,6752b,2004-01-01
CZ0313106,Sanguisorba officinalis,"01,""6854d""",2015-08-04
CZ0313106,Sanguisorba officinalis,6653a,2003-09-06
CZ0313106,Sanguisorba officinalis,6654c,2012-09-11
CZ0313106,Sanguisorba officinalis,6754c,2025-06-16
CZ0313106,Sanguisorba officinalis,6854a,2012-05-21
CZ0313106,Sanguisorba officinalis,6854b,2018-05-08
CZ0313106,Sanguisorba officinalis,6854d,2024-06-21
CZ0313106,Sanguisorba officinalis,6954b,2015-09-04
CZ0313106,Sanguisorba officinalis,6955a,2017-05-17
CZ0313106,Sanguisorba officinalis,"93,""6955a""",2015-09-06
CZ0313106,Scardinius erythrophthalmus,"29,""6754a""",2004-01-01
CZ0313106,Scardinius erythrophthalmus,"5,""6553d""",2004-01-01
CZ0313106,Scardinius erythrophthalmus,"52,""6654c""",2004-01-01
CZ0313106,Scardinius erythrophthalmus,"56,""6752b""",2004-01-01
CZ0313106,Scardinius erythrophthalmus,"65,""6854a""",2004-01-01
CZ0313106,Scardinius erythrophthalmus,6752b,2012-07-27
CZ0313106,Scardinius erythrophthalmus,6754c,2012-07-27
CZ0313106,Scardinius erythrophthalmus,6854a,2004-01-01
CZ0313106,Scardinius erythrophthalmus,6854d,2017-05-24
CZ0313106,Scardinius erythrophthalmus,6955a,2016-11-05
CZ0313106,Succisa pratensis,6754c,2025-08-25
CZ0313106,Succisa pratensis,6854b,2001-06-07
CZ0313106,Succisa pratensis,6854d,2002-08-24
CZ0313106,Triturus cristatus,6754c,2004-01-01
CZ0313106,Triturus cristatus,6854d,2012-04-06
CZ0313106,Unio crassus,6553d,2015-07-10
CZ0313106,Unio crassus,6554c,2015-07-10
CZ0313106,Unio crassus,6652d,2015-07-10
CZ0313106,Unio crassus,6653a,2017-11-25
CZ0313106,Unio crassus,6653c,2017-11-25
CZ0313106,Unio crassus,6654a,2015-07-11
CZ0313106,Unio crassus,6654c,2015-07-11
CZ0313106,Unio crassus,6752b,2025-09-16
CZ0313106,Unio crassus,6754a,2018-08-08
CZ0313106,Unio crassus,6754c,2025-08-11
CZ0313106,Unio crassus,6854a,2018-08-03
CZ0313106,Unio crassus,6854b,2021-06-12
CZ0313106,Unio crassus,6854d,2018-08-03
CZ0313106,Unio crassus,"8,""6854a""",2004-07-24
CZ0313110,Abramis brama,"26,""6958b""",2004-01-01
CZ0313110,Abramis brama,"79,""6958d""",2004-01-01
CZ0313110,Abramis brama,"98,""7058b""",2004-01-01
CZ0313110,Blicca bjoerkna,6958b,2011-07-22
CZ0313110,Castor fiber,6958b,2019-11-08
CZ0313110,Castor fiber,7058b,2024-05-03
CZ0313110,Cucujus cinnaberinus,7058b,2014-05-31
CZ0313110,Euplagia quadripunctaria,7058b,2013-08-06
CZ0313110,Leuciscus aspius,"26,""6958b""",2004-01-01
CZ0313110,Leuciscus aspius,"6,""7058b""",1950-01-01
CZ0313110,Leuciscus aspius,6958b,2011-07-22
CZ0313110,Leuciscus aspius,6958d,2011-07-22
CZ0313110,Leuciscus aspius,"79,""6958d""",2004-01-01
CZ0313110,Leuciscus aspius,"98,""7058b""",2004-01-01
CZ0313110,Lutra lutra,"59,""7058b""",2013-04-16
CZ0313110,Lutra lutra,6958b,2010-12-02
CZ0313110,Lutra lutra,6958d,2013-12-10
CZ0313110,Lutra lutra,7058b,2024-05-03
CZ0313110,Lycaena dispar,7058b,2013-08-06
CZ0313110,Ophiogomphus cecilia,6958d,2015-07-15
CZ0313110,Ophiogomphus cecilia,7058b,2019-06-16
CZ0313110,Rhodeus amarus,6958b,2023-08-21
CZ0313110,Rhodeus amarus,6958d,2023-08-21
CZ0313110,Rhodeus amarus,7058b,2023-08-21
CZ0313110,Romanogobio vladykovi,7058b,2012-07-15
CZ0313110,Salmo trutta,"26,""6958b""",2004-01-01
CZ0313110,Salmo trutta,"79,""6958d""",2004-01-01
CZ0313110,Salmo trutta,"98,""7058b""",2004-01-01
CZ0313110,Sanguisorba officinalis,"66,""6958d""",2009-05-16
CZ0313110,Sanguisorba officinalis,6958b,2020-08-28
CZ0313110,Sanguisorba officinalis,6958d,2015-05-28
CZ0313110,Sanguisorba officinalis,7058b,2015-06-01
CZ0313110,Scardinius erythrophthalmus,7058b,2020-09-07
CZ0313110,Succisa pratensis,6958b,2009-05-16
CZ0313110,Triturus cristatus,"59,""7058b""",2013-04-16
CZ0313110,Triturus cristatus,7058b,2000-01-01
CZ0313110,Unio crassus,6958d,2024-09-01
CZ0313110,Unio crassus,7058b,2024-09-01
CZ0313110,Unio crassus,7058d,2024-08-30
CZ0313113,Osmoderma barnabita,"31,""7254b""",2011-04-02
CZ0313113,Osmoderma barnabita,7154d,2015-07-21
CZ0313113,Osmoderma barnabita,7254b,2021-09-23
CZ0313113,Phengaris nausithous,7254b,2017-07-19
CZ0313113,Sanguisorba officinalis,7254b,2011-05-30
CZ0313113,Succisa pratensis,7254b,2011-05-30
CZ0313114,Lampetra planeri,"65,""6848d""",2004-01-01
CZ0313114,Lutra lutra,"65,""6848d""",2004-01-01
CZ0313114,Phengaris nausithous,6848d,2024-07-23
CZ0313114,Salmo trutta,"65,""6848d""",2004-01-01
CZ0313114,Sanguisorba officinalis,6848d,2013-05-28
CZ0313115,Bombina bombina,"13,""6552a""",2025-08-07
CZ0313115,Bombina bombina,"35,""6552a""",2009-06-14
CZ0313115,Bombina bombina,"39,""6552a""",2018-05-23
CZ0313115,Bombina bombina,6552a,2025-08-07
CZ0313115,Coleanthus subtilis,6552a,2022-06-03
CZ0313115,Lutra lutra,6552a,2013-04-24
CZ0313115,Sanguisorba officinalis,6552a,2014-07-01
CZ0313115,Triturus cristatus,"35,""6552a""",2009-06-14
CZ0313115,Triturus cristatus,6552a,2018-05-03
CZ0313116,Bombina bombina,"53,""6851d""",2001-04-01
CZ0313116,Bombina bombina,6851d,2025-06-10
CZ0313116,Bombina bombina,"69,""6851d""",2025-06-10
CZ0313116,Bombina bombina,"84,""6851d""",2013-04-22
CZ0313116,Lemna trisulca,6851d,2025-07-10
CZ0313116,Lutra lutra,6851d,2014-02-06
CZ0313116,Lycaena dispar,"69,""6851d""",2013-05-01
CZ0313116,Lycaena dispar,"84,""6851d""",2013-04-01
CZ0313116,Misgurnus fossilis,6851d,2011-09-02
CZ0313116,Sanguisorba officinalis,"39,""6851d""",2025-05-06
CZ0313116,Sanguisorba officinalis,6851d,2025-09-09
CZ0313116,Sanguisorba officinalis,"84,""6851d""",2013-01-01
CZ0313116,Succisa pratensis,6851d,2025-09-09
CZ0313116,Succisa pratensis,"84,""6851d""",2013-01-01
CZ0313116,Triturus cristatus,"69,""6851d""",2018-04-10
CZ0313116,Vertigo angustior,"84,""6851d""",2011-01-01
CZ0313119,Leucorrhinia pectoralis,6857d,2021-07-29
CZ0313119,Triturus cristatus,6857d,2025-07-06
CZ0313122,Cerambyx cerdo,"01,""6750a""",2011-01-01
CZ0313122,Cerambyx cerdo,6750a,2025-08-10
CZ0313123,Abramis brama,7154a,2019-09-28
CZ0313123,Abramis brama,7154c,2012-08-03
CZ0313123,Abramis brama,"85,""7154a""",2004-01-01
CZ0313123,Anodonta sp.,"27,""7154a""",2011-05-24
CZ0313123,Blicca bjoerkna,7154a,2015-09-20
CZ0313123,Bombina bombina,"41,""7154a""",2010-06-08
CZ0313123,Bombina bombina,7154a,2022-07-13
CZ0313123,Cobitis sp.,7154a,2009-09-27
CZ0313123,Cottus gobio,"85,""7154a""",2004-01-01
CZ0313123,Hamatocaulis vernicosus,"41,""7154a""",2005-01-01
CZ0313123,Hamatocaulis vernicosus,7154a,2024-08-31
CZ0313123,Lampetra planeri,"85,""7154a""",2004-01-01
CZ0313123,Lutra lutra,"24,""7154c""",2005-01-01
CZ0313123,Lutra lutra,"27,""7154a""",2013-04-01
CZ0313123,Lutra lutra,"41,""7154a""",2014-01-09
CZ0313123,Lutra lutra,7154a,2025-02-18
CZ0313123,Lutra lutra,7154c,2022-03-10
CZ0313123,Lutra lutra,7154d,2022-06-21
CZ0313123,Lycaena dispar,7154a,2009-08-01
CZ0313123,Misgurnus fossilis,7154a,2019-09-28
CZ0313123,Misgurnus fossilis,7154c,2012-08-03
CZ0313123,Misgurnus fossilis,"85,""7154a""",2004-01-01
CZ0313123,Ophiogomphus cecilia,"41,""7154a""",2014-07-03
CZ0313123,Ophiogomphus cecilia,7154a,2022-05-24
CZ0313123,Phengaris nausithous,7154a,2022-05-24
CZ0313123,Phengaris nausithous,7154d,2020-07-21
CZ0313123,Phengaris teleius,"01,""7154a""",2014-07-16
CZ0313123,Phengaris teleius,"41,""7154a""",2016-06-21
CZ0313123,Phengaris teleius,7154a,2025-07-15
CZ0313123,Phengaris teleius,7154d,2023-07-22
CZ0313123,Rumex sp.,7154a,2014-08-10
CZ0313123,Salmo trutta,"85,""7154a""",2004-01-01
CZ0313123,Sanguisorba officinalis,"23,""7154a""",2014-08-10
CZ0313123,Sanguisorba officinalis,"41,""7154a""",2005-01-01
CZ0313123,Sanguisorba officinalis,7154a,2024-08-24
CZ0313123,Sanguisorba officinalis,7154c,2003-08-13
CZ0313123,Sanguisorba officinalis,7154d,2023-07-22
CZ0313123,Sanguisorba officinalis,"99,""7154a""",2014-06-03
CZ0313123,Scardinius erythrophthalmus,7154a,2019-09-28
CZ0313123,Scardinius erythrophthalmus,7154c,2012-08-03
CZ0313123,Scardinius erythrophthalmus,7154d,2012-08-03
CZ0313123,Scardinius erythrophthalmus,"85,""7154a""",2004-01-01
CZ0313123,Succisa pratensis,"41,""7154a""",2005-01-01
CZ0313123,Succisa pratensis,"62,""7154a""",2002-07-01
CZ0313123,Succisa pratensis,"71,""7154c""",2014-07-17
CZ0313123,Succisa pratensis,7154a,2025-05-29
CZ0313123,Succisa pratensis,7154c,2003-08-13
CZ0313125,Ameiurus nebulosus,6553d,2011-03-01
CZ0313125,Bombina bombina,"01,""6553d""",2020-09-21
CZ0313125,Bombina bombina,6553d,2025-08-08
CZ0313125,Lemna trisulca,6553d,2024-05-20
CZ0313125,Lutra lutra,6553d,2011-03-01
CZ0313125,Lycaena dispar,6553d,2021-08-25
CZ0313125,Sanguisorba officinalis,6553d,2022-08-16
CZ0313125,Scardinius erythrophthalmus,6553d,2011-01-01
CZ0313125,Triturus cristatus,6553d,2015-04-25
CZ0313128,Abramis brama,6854c,2019-11-15
CZ0313128,Ameiurus melas,6854c,2010-01-01
CZ0313128,Blicca bjoerkna,6854c,2019-11-15
CZ0313128,Bombina bombina,"07,""6854c""",2024-05-20
CZ0313128,Bombina bombina,"4,""6854c""",2022-05-16
CZ0313128,Bombina bombina,6854c,2025-08-13
CZ0313128,Bombina bombina,6854d,2024-08-14
CZ0313128,Bombina bombina,"97,""6854c""",2023-05-17
CZ0313128,Cerambyx cerdo,"03,""6854d""",2013-06-21
CZ0313128,Cerambyx cerdo,6854c,2016-10-20
CZ0313128,Cerambyx cerdo,6854d,2015-01-01
CZ0313128,Coleanthus subtilis,6854c,2024-04-30
CZ0313128,Coleanthus subtilis,6854d,2008-06-26
CZ0313128,Cucujus cinnaberinus,6854c,2019-05-15
CZ0313128,Lemna trisulca,6854c,2024-08-07
CZ0313128,Lutra lutra,"17,""6854c""",2005-10-09
CZ0313128,Lutra lutra,"32,""6854d""",2008-01-19
CZ0313128,Lutra lutra,6854c,2024-09-01
CZ0313128,Lutra lutra,6854d,2025-10-15
CZ0313128,Lutra lutra,6954b,2023-02-16
CZ0313128,Misgurnus fossilis,6854c,2024-07-05
CZ0313128,Osmoderma barnabita,"03,""6854d""",2013-06-21
CZ0313128,Osmoderma barnabita,6854c,2015-01-01
CZ0313128,Osmoderma barnabita,6854d,2024-07-06
CZ0313128,Phengaris teleius,6854c,2022-07-17
CZ0313128,Sanguisorba officinalis,6854c,2019-08-03
CZ0313128,Sanguisorba officinalis,6954b,2015-09-06
CZ0313128,Sanguisorba officinalis,"84,""6854c""",2025-06-26
CZ0313128,Scardinius erythrophthalmus,6854c,2022-11-16
CZ0313128,Succisa pratensis,6854c,2012-06-18
CZ0313128,Vertigo angustior,6854c,2022-08-11
CZ0313131,Cerambyx cerdo,"1,""7054b""",2002-01-01
CZ0313131,Cerambyx cerdo,"4,""7054b""",2012-06-11
CZ0313131,Cerambyx cerdo,6954d,2021-12-07
CZ0313131,Cerambyx cerdo,7054b,2021-12-03
CZ0313131,Cerambyx cerdo,"99,""7054b""",2002-01-01
CZ0313131,Lutra lutra,7054b,2019-10-22
CZ0313131,Lycaena dispar,7054b,2008-06-18
CZ0313131,Osmoderma barnabita,6954d,2021-12-07
CZ0313131,Osmoderma barnabita,7054b,2021-12-03
CZ0313131,Sanguisorba officinalis,7054b,2014-06-04
CZ0313134,Bombina bombina,"17,""6548b""",2025-04-02
CZ0313134,Bombina bombina,6548b,2025-07-29
CZ0313134,Bombina variegata,"17,""6548b""",2025-04-20
CZ0313134,Canis lupus,6548b,2024-09-17
CZ0313134,Lutra lutra,6548b,2011-03-30
CZ0313134,Sanguisorba officinalis,6548b,2022-07-30
CZ0313134,Succisa pratensis,6548b,2022-07-30
CZ0313134,Triturus cristatus,6548b,2024-08-08
CZ0313137,Barbastella barbastellus,"83,""7254b""",2015-04-28
CZ0313137,Lampetra planeri,7254b,2023-10-08
CZ0313137,Lampetra planeri,7254d,2011-07-02
CZ0313137,Lutra lutra,"06,""7254b""",2011-07-02
CZ0313137,Lutra lutra,"83,""7254b""",2015-04-28
CZ0313137,Salmo trutta,7254b,2001-07-07
CZ0313137,Salmo trutta,7254d,2001-07-07
CZ0313138,Bombina bombina,"27,""6952d""",2017-05-13
CZ0313138,Bombina bombina,"61,""6952d""",2011-05-20
CZ0313138,Bombina bombina,6952d,2024-06-06
CZ0313138,Bombina bombina,7052b,2024-06-12
CZ0313138,Bombina bombina,"71,""6952d""",2011-05-19
CZ0313138,Bombina bombina,"73,""6952d""",2024-06-06
CZ0313138,Bombina bombina,"88,""6952d""",2000-05-10
CZ0313138,Bombina bombina,"97,""6952d""",2011-04-03
CZ0313138,Bombina variegata,7052b,2011-04-20
CZ0313138,Cerambyx cerdo,6952d,2025-06-05
CZ0313138,Cerambyx cerdo,"97,""6952d""",2019-01-01
CZ0313138,Cucujus cinnaberinus,7052b,2024-01-19
CZ0313138,Lemna trisulca,7052b,2011-07-15
CZ0313138,Lemna trisulca,"97,""6952d""",2013-05-28
CZ0313138,Lucanus cervus,6952d,2020-01-08
CZ0313138,Lutra lutra,"01,""6952d""",2005-01-01
CZ0313138,Lutra lutra,6952d,2025-10-17
CZ0313138,Lutra lutra,7052b,2021-05-15
CZ0313138,Lycaena dispar,"27,""6952d""",2013-06-20
CZ0313138,Lycaena dispar,"3,""6952d""",2013-08-04
CZ0313138,Lycaena dispar,6952d,2010-08-15
CZ0313138,Lycaena dispar,7052b,2025-06-28
CZ0313138,Osmoderma barnabita,6952d,2020-04-19
CZ0313138,Osmoderma barnabita,"97,""6952d""",2019-01-01
CZ0313138,Phengaris nausithous,"13,""7052b""",2007-08-04
CZ0313138,Phengaris nausithous,"3,""6952d""",2013-07-31
CZ0313138,Phengaris nausithous,"32,""6952d""",2005-07-24
CZ0313138,Phengaris nausithous,7052b,2021-08-11
CZ0313138,Phengaris nausithous,"71,""7052b""",2005-07-25
CZ0313138,Phengaris nausithous,"77,""6952d""",2005-07-24
CZ0313138,Sanguisorba officinalis,"07,""6952d""",2011-06-14
CZ0313138,Sanguisorba officinalis,6952d,2024-08-24
CZ0313138,Sanguisorba officinalis,7052b,2022-05-30
CZ0313138,Sanguisorba officinalis,"97,""6952d""",2014-07-29
CZ0313138,Scardinius erythrophthalmus,"97,""6952d""",2011-01-01
CZ0313138,Succisa pratensis,6952d,2021-06-07
CZ0313138,Succisa pratensis,7052b,2023-05-12
CZ0313138,Succisa pratensis,"97,""6952d""",2014-07-29
CZ0313138,Triturus cristatus,6952d,2012-04-22
CZ0313138,Triturus cristatus,7052b,2021-07-15
CZ0313138,Triturus cristatus,"97,""6952d""",2011-04-03
CZ0313140,Cottus gobio,6448b,2008-08-17
CZ0313140,Cottus gobio,6448d,2012-09-20
CZ0313140,Cottus gobio,6449c,2022-11-12
CZ0313140,Lampetra planeri,"06,""6448d""",2000-01-01
CZ0313140,Lampetra planeri,6448d,2012-09-20
CZ0313140,Lampetra planeri,6449c,2011-06-25
CZ0313140,Lutra lutra,6449c,2011-06-26
CZ0313140,Salmo trutta,6448b,2008-08-17
CZ0313140,Salmo trutta,6448d,2012-09-20
CZ0313140,Salmo trutta,6449c,2012-09-20
CZ0313140,Sanguisorba officinalis,"27,""6449c""",2004-07-03
CZ0313140,Sanguisorba officinalis,6449c,2015-07-10
CZ0313140,Scardinius erythrophthalmus,6449c,2011-06-25
CZ0313141,Lycaena dispar,7155c,2018-08-17
CZ0313141,Ophiogomphus cecilia,7155c,2013-07-16
CZ0313141,Phengaris nausithous,7155c,2023-07-23
CZ0313141,Phengaris nausithous,"97,""7155c""",2005-08-07
CZ0313141,Phengaris teleius,7155c,2023-07-23
CZ0313141,Sanguisorba officinalis,7155c,2014-08-19
CZ0313141,Succisa pratensis,7155c,2014-08-19
CZ0313513,Carabus menetriesi pacholei,"13,""7451a""",2003-01-01
CZ0313513,Carabus menetriesi pacholei,"36,""7451a""",2012-05-14
CZ0313513,Carabus menetriesi pacholei,"56,""7351c""",2011-04-24
CZ0313513,Carabus menetriesi pacholei,7351c,2019-06-09
CZ0313513,Carabus menetriesi pacholei,7451a,2019-06-02
CZ0313513,Carabus menetriesi pacholei,"78,""7351c""",2014-06-13
CZ0313513,Castor fiber,7351c,2023-05-18
CZ0313513,Lutra lutra,7351c,2019-03-17
CZ0313513,Lutra lutra,7451a,2011-10-07
CZ0313513,Lynx lynx,7451a,2020-03-01
CZ0313513,Phengaris nausithous,7451a,2020-07-29
CZ0313513,Phengaris teleius,7451a,2020-07-29
CZ0313513,Sanguisorba officinalis,"56,""7351c""",2013-05-12
CZ0313513,Sanguisorba officinalis,7351c,2013-07-26
CZ0313513,Sanguisorba officinalis,7451a,2013-07-02
CZ0313513,Succisa pratensis,"56,""7351c""",2013-05-12
CZ0313513,Succisa pratensis,7451a,2010-07-20
CZ0313635,Myotis myotis,6951a,2024-08-06
CZ0313805,Cottus gobio,6949d,2024-11-18
CZ0313805,Lampetra planeri,6949d,2022-10-26
CZ0313805,Lutra lutra,"01,""6949d""",2011-01-01
CZ0313805,Lutra lutra,6949d,2024-11-05
CZ0313805,Margaritifera margaritifera,"01,""6949d""",2011-01-01
CZ0313805,Margaritifera margaritifera,6949d,2024-08-03
CZ0313805,Salmo trutta,6949d,2024-11-18
CZ0313805,Sanguisorba officinalis,"01,""6949d""",2011-01-01
CZ0313815,Bombina bombina,6856b,2025-05-16
CZ0313815,Leucorrhinia pectoralis,6856b,2009-05-24
CZ0313815,Lutra lutra,6856b,2011-01-01
CZ0313815,Sanguisorba officinalis,6856b,2021-07-30
CZ0313815,Triturus cristatus,6856b,2025-07-06
CZ0313820,Myotis myotis,6949d,2011-07-01
CZ0313822,Abramis brama,6956c,2019-11-17
CZ0313822,Blicca bjoerkna,6956c,2004-01-01
CZ0313822,Cobitis sp.,6956c,2019-11-17
CZ0313822,Lampetra planeri,6956c,2019-11-17
CZ0313822,Lutra lutra,6956c,2014-11-01
CZ0313822,Lycaena dispar,6956c,2019-08-14
CZ0313822,Ophiogomphus cecilia,6956c,2025-06-12
CZ0313822,Salmo trutta,6956c,2004-01-01
CZ0313822,Scardinius erythrophthalmus,6956c,2019-11-17
CZ0313824,Anodonta sp.,6957d,2001-05-01
CZ0313824,Lemna trisulca,6957d,2003-06-05
CZ0313824,Leucorrhinia pectoralis,6957d,2019-05-30
CZ0313824,Lutra lutra,6957d,2009-01-07
CZ0313824,Triturus cristatus,6957d,2021-05-09
CZ0314019,Abramis brama,6954a,2018-10-18
CZ0314019,Barbastella barbastellus,6954a,2022-09-08
CZ0314019,Blicca bjoerkna,6954a,2020-03-17
CZ0314019,Bombina bombina,6954a,2024-05-20
CZ0314019,Castor fiber,6954a,2025-04-04
CZ0314019,Cerambyx cerdo,6954a,2024-07-28
CZ0314019,Cobitis elongatoides,6954a,2019-09-07
CZ0314019,Cobitis sp.,6954a,2013-09-24
CZ0314019,Coleanthus subtilis,6954a,2024-04-30
CZ0314019,Graphoderus bilineatus,6954a,2020-05-29
CZ0314019,Lemna trisulca,"56,""6954a""",2010-05-10
CZ0314019,Lemna trisulca,6954a,2010-05-15
CZ0314019,Leucorrhinia pectoralis,6954a,2025-05-21
CZ0314019,Lucanus cervus,6954a,2018-07-17
CZ0314019,Lutra lutra,6954a,2024-02-21
CZ0314019,Lutra lutra,6954c,2020-06-07
CZ0314019,Lycaena dispar,"07,""6954a""",2019-09-03
CZ0314019,Misgurnus fossilis,6954a,2022-11-15
CZ0314019,Misgurnus fossilis,6954c,2019-05-25
CZ0314019,Osmoderma barnabita,6954a,2025-08-13
CZ0314019,Osmoderma barnabita,6954c,2010-09-09
CZ0314019,Rhodeus amarus,6954a,2009-10-03
CZ0314019,Sanguisorba officinalis,6954a,2015-06-28
CZ0314019,Sanguisorba officinalis,6954c,2024-04-13
CZ0314019,Scardinius erythrophthalmus,6954a,2022-06-23
CZ0314019,Succisa pratensis,6954a,2015-06-28
CZ0314019,Succisa pratensis,6954c,2005-08-19
CZ0314019,Triturus cristatus,6954a,2020-05-29
CZ0314019,Vertigo angustior,6954c,2022-08-10
CZ0314021,Ameiurus nebulosus,6753d,2020-08-08
CZ0314021,Bombina bombina,6753d,2009-05-01
CZ0314021,Lemna trisulca,6753d,2024-09-11
CZ0314021,Leucorrhinia pectoralis,"01,""6753d""",2020-05-19
CZ0314021,Leucorrhinia pectoralis,6753d,2021-06-28
CZ0314021,Leucorrhinia pectoralis,"99,""6753d""",2022-06-30
CZ0314021,Lutra lutra,6753d,2015-02-11
CZ0314021,Lutra lutra,"98,""6753d""",2009-06-02
CZ0314021,Lycaena dispar,6753d,2014-06-21
CZ0314021,Phengaris teleius,6753d,2000-01-01
CZ0314021,Phengaris teleius,"98,""6753d""",2007-01-01
CZ0314021,Rumex sp.,6753d,2024-05-23
CZ0314021,Sanguisorba officinalis,6753d,2024-08-13
CZ0314021,Scardinius erythrophthalmus,6753d,2011-01-01
CZ0314021,Succisa pratensis,6753d,2024-05-27
CZ0314021,Triturus cristatus,6753d,2020-08-08
CZ0314022,Abramis brama,7252d,2023-09-26
CZ0314022,Abramis brama,7352b,2006-10-06
CZ0314022,Bombina bombina,7352d,2023-08-08
CZ0314022,Canis lupus,"47,""7453b""",2025-04-07
CZ0314022,Canis lupus,"51,""7353d""",2025-04-26
CZ0314022,Canis lupus,7353c,2023-04-22
CZ0314022,Canis lupus,7353d,2025-03-28
CZ0314022,Castor fiber,7252d,2025-02-20
CZ0314022,Castor fiber,7352b,2026-02-14
CZ0314022,Castor fiber,7352d,2023-07-07
CZ0314022,Castor fiber,7353c,2025-11-08
CZ0314022,Castor fiber,7353d,2025-11-24
CZ0314022,Cottus gobio,"29,""7352b""",2004-01-01
CZ0314022,Cottus gobio,7252d,2025-06-03
CZ0314022,Cottus gobio,7253c,2012-09-07
CZ0314022,Cottus gobio,7352b,2024-04-24
CZ0314022,Cottus gobio,7352d,2024-04-24
CZ0314022,Cottus gobio,7353c,2024-04-24
CZ0314022,Cottus gobio,7353d,2024-04-24
CZ0314022,Dicranum viride,7353d,2021-11-03
CZ0314022,Euplagia quadripunctaria,7353d,2020-07-15
CZ0314022,Lampetra planeri,7252d,2024-04-24
CZ0314022,Lampetra planeri,7253c,2012-09-07
CZ0314022,Lampetra planeri,7352b,2024-04-24
CZ0314022,Lampetra planeri,7352d,2024-04-24
CZ0314022,Lampetra planeri,7353c,2024-04-24
CZ0314022,Lampetra planeri,7353d,2012-09-07
CZ0314022,Lutra lutra,"29,""7352b""",2004-01-01
CZ0314022,Lutra lutra,"59,""7353d""",2012-09-07
CZ0314022,Lutra lutra,7252d,2011-11-23
CZ0314022,Lutra lutra,7253c,2018-11-06
CZ0314022,Lutra lutra,7352b,2025-04-12
CZ0314022,Lutra lutra,7352d,2009-07-31
CZ0314022,Lutra lutra,7353c,2022-02-23
CZ0314022,Lutra lutra,7353d,2018-11-06
CZ0314022,Lutra lutra,"98,""7353c""",2005-08-01
CZ0314022,Lycaena dispar,7352d,2024-08-12
CZ0314022,Lynx lynx,"07,""7353d""",2013-03-17
CZ0314022,Lynx lynx,"47,""7453b""",2025-04-07
CZ0314022,Lynx lynx,"51,""7353d""",2024-12-16
CZ0314022,Lynx lynx,7353c,2015-07-06
CZ0314022,Lynx lynx,7353d,2022-12-19
CZ0314022,Margaritifera margaritifera,"01,""7353c""",2006-08-27
CZ0314022,Margaritifera margaritifera,"07,""7352d""",2006-08-26
CZ0314022,Margaritifera margaritifera,"3,""7352b""",2006-08-25
CZ0314022,Margaritifera margaritifera,"38,""7353c""",2006-09-07
CZ0314022,Margaritifera margaritifera,"58,""7353d""",2017-05-01
CZ0314022,Margaritifera margaritifera,"61,""7352b""",2017-05-01
CZ0314022,Margaritifera margaritifera,7252d,2012-01-01
CZ0314022,Margaritifera margaritifera,7352b,2025-05-20
CZ0314022,Margaritifera margaritifera,7352d,2025-07-25
CZ0314022,Margaritifera margaritifera,7353c,2019-07-26
CZ0314022,Margaritifera margaritifera,7353d,2022-03-24
CZ0314022,Margaritifera margaritifera,"78,""7352d""",2012-01-01
CZ0314022,Margaritifera margaritifera,"79,""7352d""",2017-05-01
CZ0314022,Margaritifera margaritifera,"99,""7353c""",2017-05-01
CZ0314022,Myotis myotis,"96,""7353a""",2012-06-21
CZ0314022,Myotis myotis,"96,""7353b""",2012-06-21
CZ0314022,Myotis myotis,"96,""7353c""",2012-06-21
CZ0314022,Myotis myotis,"96,""7353d""",2012-06-21
CZ0314022,Ophiogomphus cecilia,7352b,2025-08-22
CZ0314022,Ophiogomphus cecilia,7353c,2020-07-22
CZ0314022,Phengaris nausithous,7352d,2024-07-31
CZ0314022,Phengaris nausithous,7353c,2024-07-31
CZ0314022,Phengaris nausithous,7353d,2022-07-21
CZ0314022,Phengaris teleius,7352d,2024-07-31
CZ0314022,Phengaris teleius,7353c,2024-07-31
CZ0314022,Phengaris teleius,7353d,2022-07-15
CZ0314022,Rumex sp.,7353d,2009-08-26
CZ0314022,Salmo trutta,"01,""7353c""",2006-09-08
CZ0314022,Salmo trutta,"07,""7352d""",2006-09-08
CZ0314022,Salmo trutta,"29,""7352b""",2004-01-01
CZ0314022,Salmo trutta,"3,""7352b""",2006-09-08
CZ0314022,Salmo trutta,7252d,2024-04-24
CZ0314022,Salmo trutta,7253c,2012-09-07
CZ0314022,Salmo trutta,7352b,2024-04-24
CZ0314022,Salmo trutta,7352d,2024-04-24
CZ0314022,Salmo trutta,7353c,2024-04-24
CZ0314022,Salmo trutta,7353d,2024-04-24
CZ0314022,Sanguisorba officinalis,"39,""7353c""",2009-07-29
CZ0314022,Sanguisorba officinalis,"59,""7353d""",2013-06-01
CZ0314022,Sanguisorba officinalis,7352b,2024-07-12
CZ0314022,Sanguisorba officinalis,7352d,2024-07-05
CZ0314022,Sanguisorba officinalis,7353c,2025-05-24
CZ0314022,Sanguisorba officinalis,7353d,2025-05-24
CZ0314022,Scardinius erythrophthalmus,7252d,2023-09-26
CZ0314022,Succisa pratensis,"59,""7353d""",2013-06-01
CZ0314022,Succisa pratensis,7352b,2024-07-12
CZ0314022,Succisa pratensis,7352d,2024-07-04
CZ0314022,Succisa pratensis,7353c,2025-05-24
CZ0314022,Succisa pratensis,7353d,2025-05-24
CZ0314022,Triturus cristatus,7353c,2009-07-12
CZ0314023,Abramis brama,"27,""7155d""",2004-01-01
CZ0314023,Abramis brama,6954b,2014-10-21
CZ0314023,Abramis brama,6954d,2018-10-04
CZ0314023,Abramis brama,6955c,2019-10-01
CZ0314023,Abramis brama,7055a,2019-11-13
CZ0314023,Abramis brama,7055c,2009-06-01
CZ0314023,Abramis brama,7155a,2007-07-01
CZ0314023,Abramis brama,7155d,2009-08-23
CZ0314023,Abramis brama,"99,""7055a""",2021-11-01
CZ0314023,Aldrovanda vesiculosa,7055a,2022-07-06
CZ0314023,Ameiurus melas,6955c,2019-07-06
CZ0314023,Ameiurus melas,7055a,2019-09-22
CZ0314023,Ameiurus nebulosus,"68,""6955c""",2020-10-02
CZ0314023,Ameiurus nebulosus,6954d,2018-10-03
CZ0314023,Ameiurus nebulosus,6955c,2021-02-24
CZ0314023,Ameiurus nebulosus,7055a,2025-09-03
CZ0314023,Ameiurus nebulosus,7055c,2009-07-16
CZ0314023,Ameiurus nebulosus,7155d,2023-05-31
CZ0314023,Barbastella barbastellus,"09,""6955c""",2021-07-02
CZ0314023,Barbastella barbastellus,"25,""6954d""",2012-08-24
CZ0314023,Barbastella barbastellus,"28,""6955c""",2021-07-28
CZ0314023,Barbastella barbastellus,6954d,2006-06-24
CZ0314023,Barbastella barbastellus,6955c,2021-07-02
CZ0314023,Barbastella barbastellus,7155a,2023-08-04
CZ0314023,Blicca bjoerkna,"68,""6955c""",2020-10-02
CZ0314023,Blicca bjoerkna,6954b,2016-09-15
CZ0314023,Blicca bjoerkna,6954d,2018-10-04
CZ0314023,Blicca bjoerkna,6955c,2020-06-04
CZ0314023,Blicca bjoerkna,7055a,2019-11-13
CZ0314023,Blicca bjoerkna,7155a,2023-08-16
CZ0314023,Blicca bjoerkna,7155d,2022-06-20
CZ0314023,Bombina bombina,"01,""6955c""",2000-01-01
CZ0314023,Bombina bombina,"03,""7055a""",2025-06-27
CZ0314023,Bombina bombina,"31,""6955c""",2022-07-01
CZ0314023,Bombina bombina,"44,""6955c""",2000-01-01
CZ0314023,Bombina bombina,"5,""7055a""",2025-06-27
CZ0314023,Bombina bombina,"65,""6955c""",2020-05-09
CZ0314023,Bombina bombina,6954b,2021-07-24
CZ0314023,Bombina bombina,6955c,2025-06-27
CZ0314023,Bombina bombina,6955d,2025-06-27
CZ0314023,Bombina bombina,7055a,2025-06-13
CZ0314023,Bombina bombina,7155a,2021-09-09
CZ0314023,Bombina bombina,7155b,2021-09-09
CZ0314023,Bombina bombina,"79,""6955c""",2025-06-14
CZ0314023,Bombina bombina,"86,""6955c""",2020-05-16
CZ0314023,Bombina bombina,"96,""7055a""",2021-06-02
CZ0314023,Bombina variegata,7055a,2024-04-06
CZ0314023,Canis lupus,7055c,2023-06-19
CZ0314023,Castor fiber,"25,""7055a""",2020-08-08
CZ0314023,Castor fiber,6954d,2023-01-14
CZ0314023,Castor fiber,7055a,2025-04-01
CZ0314023,Castor fiber,7055c,2025-03-04
CZ0314023,Castor fiber,7055d,2024-11-05
CZ0314023,Castor fiber,7155a,2025-03-19
CZ0314023,Castor fiber,7155b,2024-11-05
CZ0314023,Castor fiber,7155d,2025-01-19
CZ0314023,Cerambyx cerdo,"02,""7055a""",2002-01-01
CZ0314023,Cerambyx cerdo,"23,""6954d""",2015-04-23
CZ0314023,Cerambyx cerdo,"39,""6954d""",2001-04-23
CZ0314023,Cerambyx cerdo,"59,""7055a""",2012-04-23
CZ0314023,Cerambyx cerdo,6954b,2016-07-25
CZ0314023,Cerambyx cerdo,6954d,2022-10-29
CZ0314023,Cerambyx cerdo,6955c,2022-10-29
CZ0314023,Cerambyx cerdo,7055a,2023-06-23
CZ0314023,Cerambyx cerdo,"72,""6954d""",2015-07-20
CZ0314023,Cerambyx cerdo,"82,""6954b""",2013-06-20
CZ0314023,Cobitis elongatoides,"68,""6955c""",2020-10-02
CZ0314023,Cobitis elongatoides,6954b,2014-10-21
CZ0314023,Cobitis elongatoides,6954d,2022-09-21
CZ0314023,Cobitis elongatoides,6955c,2022-06-16
CZ0314023,Cobitis elongatoides,7055a,2019-01-23
CZ0314023,Cobitis elongatoides,7155a,2023-08-16
CZ0314023,Cobitis elongatoides,7155d,2022-06-20
CZ0314023,Cobitis elongatoides,"88,""7155d""",1997-01-01
CZ0314023,Cobitis sp.,6954d,2023-08-08
CZ0314023,Cobitis sp.,6955c,2023-08-09
CZ0314023,Cobitis sp.,7055a,2023-08-11
CZ0314023,Cobitis sp.,7155a,2023-08-11
CZ0314023,Cobitis sp.,7155c,2009-09-05
CZ0314023,Cobitis sp.,7155d,2023-08-10
CZ0314023,Coleanthus subtilis,7055a,2006-06-26
CZ0314023,Cottus gobio,"01,""7055a""",2000-01-01
CZ0314023,Cottus gobio,6954d,2015-05-29
CZ0314023,Cottus gobio,6955c,2009-10-03
CZ0314023,Cottus gobio,7055a,2019-09-22
CZ0314023,Cottus gobio,7055c,2019-09-05
CZ0314023,Cottus gobio,7155a,2018-08-30
CZ0314023,Cottus gobio,7155b,2019-09-04
CZ0314023,Dicranum viride,6955c,2016-10-16
CZ0314023,Dicranum viride,7055a,2022-09-21
CZ0314023,Epidalea calamita,7155b,2020-08-24
CZ0314023,Graphoderus bilineatus,6955c,2017-06-09
CZ0314023,Graphoderus bilineatus,7055a,2025-07-25
CZ0314023,Graphoderus bilineatus,7055c,2025-09-03
CZ0314023,Graphoderus bilineatus,7155a,2023-05-11
CZ0314023,Hamatocaulis vernicosus,"01,""7055a""",2012-09-04
CZ0314023,Hamatocaulis vernicosus,7055a,2023-09-18
CZ0314023,Lampetra planeri,6954d,2021-10-13
CZ0314023,Lampetra planeri,7055a,2019-10-06
CZ0314023,Lampetra planeri,7055c,2021-09-20
CZ0314023,Lampetra planeri,7155a,2021-10-13
CZ0314023,Lampetra planeri,7155d,2019-09-21
CZ0314023,Lampetra planeri,"92,""7055a""",1950-01-01
CZ0314023,Lemna trisulca,"59,""7055a""",2005-01-01
CZ0314023,Lemna trisulca,6955c,2019-08-15
CZ0314023,Lemna trisulca,6955d,2010-06-29
CZ0314023,Lemna trisulca,7055a,2022-07-06
CZ0314023,Lemna trisulca,"9,""6954d""",2021-04-25
CZ0314023,Lemna trisulca,"92,""7055a""",2021-04-25
CZ0314023,Leuciscus aspius,"68,""6955c""",2020-10-02
CZ0314023,Leuciscus aspius,6955c,2019-10-01
CZ0314023,Leuciscus aspius,7055a,2022-08-22
CZ0314023,Leucorrhinia pectoralis,7055a,2018-05-12
CZ0314023,Lucanus cervus,6955c,2019-06-03
CZ0314023,Lutra lutra,"02,""6954d""",2019-03-14
CZ0314023,Lutra lutra,"2,""7155d""",2008-12-20
CZ0314023,Lutra lutra,"27,""7155d""",2004-01-01
CZ0314023,Lutra lutra,"34,""7055a""",2017-09-14
CZ0314023,Lutra lutra,"42,""6955c""",2005-12-01
CZ0314023,Lutra lutra,"5,""7055a""",2005-01-01
CZ0314023,Lutra lutra,6954d,2019-06-08
CZ0314023,Lutra lutra,6955c,2025-03-25
CZ0314023,Lutra lutra,7055a,2024-07-20
CZ0314023,Lutra lutra,7055c,2024-07-20
CZ0314023,Lutra lutra,7155a,2018-11-06
CZ0314023,Lutra lutra,7155b,2021-07-06
CZ0314023,Lutra lutra,7155d,2023-09-19
CZ0314023,Lycaena dispar,"35,""6954d""",2018-05-26
CZ0314023,Lycaena dispar,"59,""7055a""",2018-07-31
CZ0314023,Lycaena dispar,6954d,2022-08-16
CZ0314023,Lycaena dispar,7155c,2022-06-18
CZ0314023,Lycaena dispar,7155d,2022-06-19
CZ0314023,Lycaena dispar,"96,""7055a""",2007-08-06
CZ0314023,Lycaena dispar,"96,""7055b""",2007-08-06
CZ0314023,Lycaena dispar,"96,""7055c""",2007-08-06
CZ0314023,Lycaena dispar,"96,""7055d""",2007-08-06
CZ0314023,Lynx lynx,6955c,2005-12-01
CZ0314023,Misgurnus fossilis,"27,""7155d""",2004-01-01
CZ0314023,Misgurnus fossilis,6954d,2022-08-29
CZ0314023,Misgurnus fossilis,6955c,2023-08-09
CZ0314023,Misgurnus fossilis,7055a,2023-08-10
CZ0314023,Misgurnus fossilis,7155a,2023-08-16
CZ0314023,Misgurnus fossilis,7155c,2023-08-10
CZ0314023,Misgurnus fossilis,7155d,2023-08-11
CZ0314023,Myotis myotis,6954b,2000-01-01
CZ0314023,Myotis myotis,"96,""7055a""",2012-06-21
CZ0314023,Myotis myotis,"96,""7055b""",2012-06-21
CZ0314023,Myotis myotis,"96,""7055c""",2012-06-21
CZ0314023,Myotis myotis,"96,""7055d""",2012-06-21
CZ0314023,Ophiogomphus cecilia,"01,""7055c""",2000-07-01
CZ0314023,Ophiogomphus cecilia,"04,""6954d""",2014-05-25
CZ0314023,Ophiogomphus cecilia,"08,""7055a""",2000-08-05
CZ0314023,Ophiogomphus cecilia,"64,""6955c""",2000-08-26
CZ0314023,Ophiogomphus cecilia,6954d,2000-08-26
CZ0314023,Ophiogomphus cecilia,6955c,2024-07-09
CZ0314023,Ophiogomphus cecilia,7055a,2024-07-23
CZ0314023,Ophiogomphus cecilia,7055c,2024-08-21
CZ0314023,Ophiogomphus cecilia,7155a,2023-05-09
CZ0314023,Ophiogomphus cecilia,7155b,2019-06-01
CZ0314023,Ophiogomphus cecilia,7155c,2021-05-11
CZ0314023,Ophiogomphus cecilia,7155d,2023-05-09
CZ0314023,Ophiogomphus cecilia,"98,""7155d""",2000-07-01
CZ0314023,Ophiogomphus cecilia,"99,""7155b""",2000-08-05
CZ0314023,Osmoderma barnabita,"23,""6954d""",2015-04-23
CZ0314023,Osmoderma barnabita,"28,""6955c""",2002-04-04
CZ0314023,Osmoderma barnabita,"58,""6955c""",2002-01-01
CZ0314023,Osmoderma barnabita,"59,""7055a""",2012-04-23
CZ0314023,Osmoderma barnabita,6954b,2021-06-15
CZ0314023,Osmoderma barnabita,6954d,2015-07-23
CZ0314023,Osmoderma barnabita,6955c,2024-02-06
CZ0314023,Osmoderma barnabita,7055a,2015-03-31
CZ0314023,Osmoderma barnabita,"72,""6954b""",2001-04-23
CZ0314023,Osmoderma barnabita,"72,""6954d""",2015-07-20
CZ0314023,Osmoderma barnabita,"82,""6954b""",2013-06-20
CZ0314023,Phengaris nausithous,7055c,2021-07-23
CZ0314023,Phengaris nausithous,7155b,2022-07-19
CZ0314023,Phengaris teleius,"35,""6954d""",2018-07-27
CZ0314023,Phengaris teleius,6955c,2021-08-10
CZ0314023,Phengaris teleius,7055a,2021-08-11
CZ0314023,Phengaris teleius,7155a,2022-07-24
CZ0314023,Phengaris teleius,7155b,2022-07-19
CZ0314023,Phengaris teleius,"96,""7055a""",2004-07-19
CZ0314023,Phengaris teleius,"96,""7055b""",2004-07-19
CZ0314023,Phengaris teleius,"96,""7055c""",2004-07-19
CZ0314023,Phengaris teleius,"96,""7055d""",2004-07-19
CZ0314023,Salmo trutta,"27,""7155d""",2004-01-01
CZ0314023,Salmo trutta,6955c,2004-01-01
CZ0314023,Salmo trutta,7055c,2009-04-26
CZ0314023,Salmo trutta,7155a,2007-07-01
CZ0314023,Salmo trutta,7155b,2019-09-05
CZ0314023,Salmo trutta,"79,""6956d""",2004-01-01
CZ0314023,Sanguisorba officinalis,"01,""7055a""",2021-04-25
CZ0314023,Sanguisorba officinalis,"27,""7055a""",2013-05-13
CZ0314023,Sanguisorba officinalis,"59,""7055a""",2005-01-01
CZ0314023,Sanguisorba officinalis,6954d,2021-04-25
CZ0314023,Sanguisorba officinalis,6955c,2021-04-25
CZ0314023,Sanguisorba officinalis,7055a,2021-04-25
CZ0314023,Sanguisorba officinalis,7055c,2024-04-08
CZ0314023,Sanguisorba officinalis,7155a,2024-10-25
CZ0314023,Sanguisorba officinalis,7155b,2013-07-12
CZ0314023,Sanguisorba officinalis,7155d,2020-04-08
CZ0314023,Sanguisorba officinalis,"81,""7055a""",2021-04-25
CZ0314023,Sanguisorba officinalis,"87,""7155c""",2014-08-23
CZ0314023,Scardinius erythrophthalmus,"27,""7155d""",2004-01-01
CZ0314023,Scardinius erythrophthalmus,"46,""6955c""",2023-06-15
CZ0314023,Scardinius erythrophthalmus,"68,""6955c""",2020-10-02
CZ0314023,Scardinius erythrophthalmus,6954d,2018-10-03
CZ0314023,Scardinius erythrophthalmus,6955c,2024-11-15
CZ0314023,Scardinius erythrophthalmus,7055a,2022-06-20
CZ0314023,Scardinius erythrophthalmus,7155a,2023-05-31
CZ0314023,Scardinius erythrophthalmus,7155d,2023-07-12
CZ0314023,Succisa pratensis,"27,""7055a""",2013-05-13
CZ0314023,Succisa pratensis,6954d,2011-09-20
CZ0314023,Succisa pratensis,6955c,2013-08-17
CZ0314023,Succisa pratensis,7055a,2021-04-25
CZ0314023,Succisa pratensis,7055c,2024-04-08
CZ0314023,Succisa pratensis,7155a,2024-03-27
CZ0314023,Succisa pratensis,"9,""6954d""",2021-04-25
CZ0314023,Triturus cristatus,6955c,2024-05-07
CZ0314023,Triturus cristatus,6955d,2019-05-23
CZ0314023,Triturus cristatus,7055a,2025-05-15
CZ0314023,Triturus cristatus,7155a,2023-05-31
CZ0314023,Triturus cristatus,7155b,2011-07-29
CZ0314024,Abramis brama,"01,""7048d""",2004-01-01
CZ0314024,Abramis brama,"53,""7250c""",2004-01-01
CZ0314024,Abramis brama,7149a,2018-09-12
CZ0314024,Abramis brama,7149b,2020-07-29
CZ0314024,Abramis brama,7149d,2025-05-06
CZ0314024,Abramis brama,7250d,2018-08-28
CZ0314024,Abramis brama,"81,""7048d""",2004-01-01
CZ0314024,Abramis brama,"98,""7250c""",2012-01-01
CZ0314024,Ameiurus nebulosus,7350b,2013-10-28
CZ0314024,Anodonta sp.,7048b,2024-08-24
CZ0314024,Austropotamobius torrentium,7047b,2008-05-12
CZ0314024,Barbastella barbastellus,"34,""7048d""",2021-09-28
CZ0314024,Barbastella barbastellus,"48,""6846c""",1986-03-08
CZ0314024,Barbastella barbastellus,"65,""6847d""",2008-01-03
CZ0314024,Barbastella barbastellus,6744b,2012-01-29
CZ0314024,Barbastella barbastellus,6745c,2018-12-28
CZ0314024,Barbastella barbastellus,6846c,2024-07-09
CZ0314024,Barbastella barbastellus,6846d,2016-03-04
CZ0314024,Barbastella barbastellus,6847a,2002-08-18
CZ0314024,Barbastella barbastellus,6847c,2022-08-04
CZ0314024,Barbastella barbastellus,6847d,2006-05-31
CZ0314024,Barbastella barbastellus,6946a,2023-09-11
CZ0314024,Barbastella barbastellus,6946d,2016-03-04
CZ0314024,Barbastella barbastellus,6947a,2020-03-06
CZ0314024,Barbastella barbastellus,6947c,2012-06-27
CZ0314024,Barbastella barbastellus,6949c,2020-08-23
CZ0314024,Barbastella barbastellus,7048b,2021-09-14
CZ0314024,Barbastella barbastellus,7049a,2020-09-13
CZ0314024,Barbastella barbastellus,7049b,2001-01-22
CZ0314024,Barbastella barbastellus,7049c,2021-10-04
CZ0314024,Barbastella barbastellus,7149c,2012-02-23
CZ0314024,Barbastella barbastellus,7149d,2019-08-28
CZ0314024,Barbastella barbastellus,7249b,2006-05-28
CZ0314024,Barbastella barbastellus,7250a,2012-09-05
CZ0314024,Barbastella barbastellus,7250b,2021-07-11
CZ0314024,Barbastella barbastellus,"84,""7050c""",2013-01-01
CZ0314024,Barbastella barbastellus,"92,""6948c""",2019-07-20
CZ0314024,Barbastella barbastellus,"96,""6744a""",2011-06-21
CZ0314024,Barbastella barbastellus,"96,""6744b""",2011-06-21
CZ0314024,Barbastella barbastellus,"96,""6744c""",2011-06-21
CZ0314024,Barbastella barbastellus,"96,""6744d""",2011-06-21
CZ0314024,Barbastella barbastellus,"96,""6745a""",2011-12-21
CZ0314024,Barbastella barbastellus,"96,""6745b""",2011-12-21
CZ0314024,Barbastella barbastellus,"96,""6745c""",2011-12-21
CZ0314024,Barbastella barbastellus,"96,""6745d""",2011-12-21
CZ0314024,Barbastella barbastellus,"96,""6746a""",2011-12-21
CZ0314024,Barbastella barbastellus,"96,""6746b""",2011-12-21
CZ0314024,Barbastella barbastellus,"96,""6746c""",2011-12-21
CZ0314024,Barbastella barbastellus,"96,""6746d""",2011-12-21
CZ0314024,Barbastella barbastellus,"96,""6845a""",2010-01-01
CZ0314024,Barbastella barbastellus,"96,""6845b""",2010-01-01
CZ0314024,Barbastella barbastellus,"96,""6845c""",2010-01-01
CZ0314024,Barbastella barbastellus,"96,""6845d""",2010-01-01
CZ0314024,Barbastella barbastellus,"96,""6846a""",2011-12-21
CZ0314024,Barbastella barbastellus,"96,""6846b""",2011-12-21
CZ0314024,Barbastella barbastellus,"96,""6846c""",2011-12-21
CZ0314024,Barbastella barbastellus,"96,""6846d""",2011-12-21
CZ0314024,Barbastella barbastellus,"96,""6847a""",2011-12-21
CZ0314024,Barbastella barbastellus,"96,""6847b""",2011-12-21
CZ0314024,Barbastella barbastellus,"96,""6847c""",2011-12-21
CZ0314024,Barbastella barbastellus,"96,""6847d""",2011-12-21
CZ0314024,Barbastella barbastellus,"96,""6946a""",2011-06-21
CZ0314024,Barbastella barbastellus,"96,""6946b""",2011-06-21
CZ0314024,Barbastella barbastellus,"96,""6946c""",2011-06-21
CZ0314024,Barbastella barbastellus,"96,""6946d""",2011-06-21
CZ0314024,Barbastella barbastellus,"96,""6947a""",2011-06-21
CZ0314024,Barbastella barbastellus,"96,""6947b""",2011-06-21
CZ0314024,Barbastella barbastellus,"96,""6947c""",2011-06-21
CZ0314024,Barbastella barbastellus,"96,""6947d""",2011-06-21
CZ0314024,Barbastella barbastellus,"96,""6948a""",2011-12-21
CZ0314024,Barbastella barbastellus,"96,""6948b""",2011-12-21
CZ0314024,Barbastella barbastellus,"96,""6948c""",2011-12-21
CZ0314024,Barbastella barbastellus,"96,""6948d""",2011-12-21
CZ0314024,Barbastella barbastellus,"96,""6949a""",2011-12-21
CZ0314024,Barbastella barbastellus,"96,""6949b""",2011-12-21
CZ0314024,Barbastella barbastellus,"96,""6949c""",2011-12-21
CZ0314024,Barbastella barbastellus,"96,""6949d""",2011-12-21
CZ0314024,Barbastella barbastellus,"96,""7047a""",2011-06-21
CZ0314024,Barbastella barbastellus,"96,""7047b""",2011-06-21
CZ0314024,Barbastella barbastellus,"96,""7047c""",2011-06-21
CZ0314024,Barbastella barbastellus,"96,""7047d""",2011-06-21
CZ0314024,Barbastella barbastellus,"96,""7048a""",2011-06-21
CZ0314024,Barbastella barbastellus,"96,""7048b""",2011-06-21
CZ0314024,Barbastella barbastellus,"96,""7048c""",2011-06-21
CZ0314024,Barbastella barbastellus,"96,""7048d""",2011-06-21
CZ0314024,Barbastella barbastellus,"96,""7049a""",2011-12-21
CZ0314024,Barbastella barbastellus,"96,""7049b""",2011-12-21
CZ0314024,Barbastella barbastellus,"96,""7049c""",2011-12-21
CZ0314024,Barbastella barbastellus,"96,""7049d""",2011-12-21
CZ0314024,Barbastella barbastellus,"96,""7050a""",2011-06-21
CZ0314024,Barbastella barbastellus,"96,""7050b""",2011-06-21
CZ0314024,Barbastella barbastellus,"96,""7050c""",2011-06-21
CZ0314024,Barbastella barbastellus,"96,""7050d""",2011-06-21
CZ0314024,Barbastella barbastellus,"96,""7149a""",2011-12-21
CZ0314024,Barbastella barbastellus,"96,""7149b""",2011-12-21
CZ0314024,Barbastella barbastellus,"96,""7149c""",2011-12-21
CZ0314024,Barbastella barbastellus,"96,""7149d""",2011-12-21
CZ0314024,Barbastella barbastellus,"96,""7250a""",2011-12-21
CZ0314024,Barbastella barbastellus,"96,""7250b""",2011-12-21
CZ0314024,Barbastella barbastellus,"96,""7250c""",2011-12-21
CZ0314024,Barbastella barbastellus,"96,""7250d""",2011-12-21
CZ0314024,Barbastella barbastellus,"99,""7048b""",2020-08-27
CZ0314024,Barbastella barbastellus,"99,""7049a""",2020-06-24
CZ0314024,Blicca bjoerkna,"53,""7250c""",2004-01-01
CZ0314024,Blicca bjoerkna,7149a,2018-08-16
CZ0314024,Blicca bjoerkna,7149b,2025-05-06
CZ0314024,Blicca bjoerkna,7149d,2025-05-06
CZ0314024,Blicca bjoerkna,7250d,2018-08-28
CZ0314024,Blicca bjoerkna,"98,""7250c""",2012-01-01
CZ0314024,Bombina bombina,7050d,2025-04-17
CZ0314024,Bombina variegata,6744b,2014-06-13
CZ0314024,Bombina variegata,6744d,2001-06-29
CZ0314024,Bombina variegata,6745b,2010-05-01
CZ0314024,Boros schneideri,7048b,2005-11-17
CZ0314024,Buxbaumia viridis,"01,""7048b""",2023-09-14
CZ0314024,Buxbaumia viridis,"03,""7150b""",2014-04-26
CZ0314024,Buxbaumia viridis,"3,""6844b""",2021-06-02
CZ0314024,Buxbaumia viridis,6844b,2021-10-10
CZ0314024,Buxbaumia viridis,6845a,2013-10-01
CZ0314024,Buxbaumia viridis,6845b,2025-07-15
CZ0314024,Buxbaumia viridis,6845d,2024-04-01
CZ0314024,Buxbaumia viridis,6846a,2024-10-06
CZ0314024,Buxbaumia viridis,6846c,2024-04-01
CZ0314024,Buxbaumia viridis,6847c,2013-10-04
CZ0314024,Buxbaumia viridis,6946a,2024-04-01
CZ0314024,Buxbaumia viridis,6946b,2024-04-01
CZ0314024,Buxbaumia viridis,6948c,2020-07-07
CZ0314024,Buxbaumia viridis,6949c,2023-08-03
CZ0314024,Buxbaumia viridis,7047b,2024-10-07
CZ0314024,Buxbaumia viridis,7048a,2024-04-01
CZ0314024,Buxbaumia viridis,7048b,2024-10-23
CZ0314024,Buxbaumia viridis,7048c,2024-04-01
CZ0314024,Buxbaumia viridis,7048d,2024-04-01
CZ0314024,Buxbaumia viridis,7049b,2022-04-01
CZ0314024,Buxbaumia viridis,7049c,2015-10-27
CZ0314024,Buxbaumia viridis,7050c,2023-08-09
CZ0314024,Buxbaumia viridis,7148b,2013-10-04
CZ0314024,Buxbaumia viridis,7149a,2015-10-27
CZ0314024,Buxbaumia viridis,7149c,2015-10-27
CZ0314024,Buxbaumia viridis,7149d,2024-04-01
CZ0314024,Buxbaumia viridis,7350c,2023-10-04
CZ0314024,Canis lupus,"01,""6846b""",2003-01-01
CZ0314024,Canis lupus,"01,""6846d""",2001-12-10
CZ0314024,Canis lupus,"01,""6947c""",2004-05-01
CZ0314024,Canis lupus,"03,""6947d""",2025-02-17
CZ0314024,Canis lupus,"05,""6949c""",2025-03-30
CZ0314024,Canis lupus,"07,""6846d""",2006-01-13
CZ0314024,Canis lupus,"11,""7047a""",2003-01-01
CZ0314024,Canis lupus,"14,""7050c""",2025-03-30
CZ0314024,Canis lupus,"26,""7047b""",2000-02-23
CZ0314024,Canis lupus,"32,""7350b""",2025-01-22
CZ0314024,Canis lupus,"34,""7350b""",2025-03-01
CZ0314024,Canis lupus,"38,""7148d""",2000-01-01
CZ0314024,Canis lupus,"43,""7249a""",2004-01-01
CZ0314024,Canis lupus,"44,""6946b""",2021-02-01
CZ0314024,Canis lupus,"46,""6948c""",2025-02-16
CZ0314024,Canis lupus,"48,""6846c""",2004-01-01
CZ0314024,Canis lupus,"48,""6949c""",2023-02-11
CZ0314024,Canis lupus,"55,""6846c""",2001-12-03
CZ0314024,Canis lupus,"57,""6946b""",2001-01-01
CZ0314024,Canis lupus,"57,""7048b""",2023-01-21
CZ0314024,Canis lupus,"59,""6947a""",2025-01-11
CZ0314024,Canis lupus,"64,""6744d""",2006-01-09
CZ0314024,Canis lupus,"64,""7048d""",2019-08-09
CZ0314024,Canis lupus,6744a,2024-03-15
CZ0314024,Canis lupus,6744b,2024-03-23
CZ0314024,Canis lupus,6744d,2024-03-26
CZ0314024,Canis lupus,6745a,2025-10-14
CZ0314024,Canis lupus,6745b,2025-12-07
CZ0314024,Canis lupus,6745c,2025-10-01
CZ0314024,Canis lupus,6745d,2025-04-27
CZ0314024,Canis lupus,6746c,2024-03-07
CZ0314024,Canis lupus,6746d,2022-12-15
CZ0314024,Canis lupus,"68,""6847c""",2004-06-14
CZ0314024,Canis lupus,6844b,2024-03-19
CZ0314024,Canis lupus,6845a,2024-02-24
CZ0314024,Canis lupus,6845b,2025-12-10
CZ0314024,Canis lupus,6845c,2026-01-06
CZ0314024,Canis lupus,6845d,2026-03-15
CZ0314024,Canis lupus,6846a,2025-10-18
CZ0314024,Canis lupus,6846b,2022-09-12
CZ0314024,Canis lupus,6846c,2026-01-20
CZ0314024,Canis lupus,6846d,2026-03-05
CZ0314024,Canis lupus,6847c,2024-11-25
CZ0314024,Canis lupus,6847d,2025-03-03
CZ0314024,Canis lupus,6945b,2023-12-31
CZ0314024,Canis lupus,6946a,2026-02-10
CZ0314024,Canis lupus,6946b,2025-11-19
CZ0314024,Canis lupus,6946c,2025-05-22
CZ0314024,Canis lupus,6946d,2025-07-07
CZ0314024,Canis lupus,6947a,2025-08-25
CZ0314024,Canis lupus,6947b,2026-01-11
CZ0314024,Canis lupus,6947c,2025-09-15
CZ0314024,Canis lupus,6947d,2026-03-03
CZ0314024,Canis lupus,6948a,2026-01-27
CZ0314024,Canis lupus,6948c,2026-02-26
CZ0314024,Canis lupus,6948d,2025-09-04
CZ0314024,Canis lupus,6949c,2024-03-09
CZ0314024,Canis lupus,"7,""7048b""",2025-03-29
CZ0314024,Canis lupus,7046a,2024-03-23
CZ0314024,Canis lupus,7046b,2025-09-28
CZ0314024,Canis lupus,7046d,2022-01-12
CZ0314024,Canis lupus,7047a,2025-11-21
CZ0314024,Canis lupus,7047b,2026-01-08
CZ0314024,Canis lupus,7047d,2026-01-13
CZ0314024,Canis lupus,7048a,2026-03-08
CZ0314024,Canis lupus,7048b,2026-02-04
CZ0314024,Canis lupus,7048c,2026-03-04
CZ0314024,Canis lupus,7048d,2025-11-04
CZ0314024,Canis lupus,7049a,2024-08-17
CZ0314024,Canis lupus,7049b,2024-04-08
CZ0314024,Canis lupus,7049c,2024-05-26
CZ0314024,Canis lupus,7049d,2025-05-07
CZ0314024,Canis lupus,7050a,2023-11-26
CZ0314024,Canis lupus,7050b,2025-09-15
CZ0314024,Canis lupus,7050c,2025-04-10
CZ0314024,Canis lupus,7050d,2025-03-26
CZ0314024,Canis lupus,7148a,2026-02-27
CZ0314024,Canis lupus,7148b,2026-03-16
CZ0314024,Canis lupus,7148d,2026-02-14
CZ0314024,Canis lupus,7149a,2026-02-03
CZ0314024,Canis lupus,7149b,2026-01-25
CZ0314024,Canis lupus,7149c,2026-02-26
CZ0314024,Canis lupus,7149d,2025-01-13
CZ0314024,Canis lupus,7248b,2023-09-08
CZ0314024,Canis lupus,7249a,2026-03-02
CZ0314024,Canis lupus,7249b,2026-02-02
CZ0314024,Canis lupus,7249d,2025-03-20
CZ0314024,Canis lupus,7250a,2026-02-05
CZ0314024,Canis lupus,7250b,2025-06-17
CZ0314024,Canis lupus,7250c,2026-02-09
CZ0314024,Canis lupus,7250d,2023-12-25
CZ0314024,Canis lupus,7350a,2025-04-27
CZ0314024,Canis lupus,7350b,2025-01-14
CZ0314024,Canis lupus,7350c,2025-04-27
CZ0314024,Canis lupus,7350d,2025-06-17
CZ0314024,Canis lupus,7450b,2025-07-06
CZ0314024,Canis lupus,"8,""6744d""",2025-01-25
CZ0314024,Canis lupus,"8,""6847d""",2025-03-30
CZ0314024,Canis lupus,"82,""7047b""",2000-02-11
CZ0314024,Canis lupus,"83,""7249a""",2025-03-04
CZ0314024,Canis lupus,"85,""6847d""",2025-04-03
CZ0314024,Canis lupus,"88,""6844b""",2025-01-25
CZ0314024,Canis lupus,"89,""7047d""",2021-04-09
CZ0314024,Canis lupus,"92,""6946b""",2002-01-01
CZ0314024,Canis lupus,"93,""6946a""",2002-01-01
CZ0314024,Canis lupus,"98,""6946b""",2002-01-01
CZ0314024,Canis lupus,"98,""7248b""",2004-01-01
CZ0314024,Carabus menetriesi pacholei,"01,""7250c""",2000-09-10
CZ0314024,Carabus menetriesi pacholei,"13,""7047b""",2001-06-23
CZ0314024,Carabus menetriesi pacholei,"31,""7149a""",2001-06-17
CZ0314024,Carabus menetriesi pacholei,"34,""7047b""",2011-06-13
CZ0314024,Carabus menetriesi pacholei,"38,""7048d""",2007-01-01
CZ0314024,Carabus menetriesi pacholei,"4,""7049d""",2003-09-21
CZ0314024,Carabus menetriesi pacholei,"49,""7049c""",2008-06-29
CZ0314024,Carabus menetriesi pacholei,"54,""7147b""",2012-05-14
CZ0314024,Carabus menetriesi pacholei,"67,""7047d""",2007-01-01
CZ0314024,Carabus menetriesi pacholei,6845b,2007-01-01
CZ0314024,Carabus menetriesi pacholei,6846a,2013-05-14
CZ0314024,Carabus menetriesi pacholei,6946b,2017-07-23
CZ0314024,Carabus menetriesi pacholei,6946d,2014-04-10
CZ0314024,Carabus menetriesi pacholei,6948d,2012-05-14
CZ0314024,Carabus menetriesi pacholei,7046b,2015-07-02
CZ0314024,Carabus menetriesi pacholei,7047a,2006-09-23
CZ0314024,Carabus menetriesi pacholei,7047d,2012-05-14
CZ0314024,Carabus menetriesi pacholei,7048a,2015-05-01
CZ0314024,Carabus menetriesi pacholei,7048c,2022-06-05
CZ0314024,Carabus menetriesi pacholei,7048d,2022-06-05
CZ0314024,Carabus menetriesi pacholei,7049b,2013-05-14
CZ0314024,Carabus menetriesi pacholei,7049d,2003-01-01
CZ0314024,Carabus menetriesi pacholei,7050c,2015-05-01
CZ0314024,Carabus menetriesi pacholei,7148a,2015-05-01
CZ0314024,Carabus menetriesi pacholei,7148d,2013-05-14
CZ0314024,Carabus menetriesi pacholei,7149a,2022-06-01
CZ0314024,Carabus menetriesi pacholei,7149b,2015-05-01
CZ0314024,Carabus menetriesi pacholei,7149d,2022-06-01
CZ0314024,Carabus menetriesi pacholei,7249a,2020-07-21
CZ0314024,Carabus menetriesi pacholei,7249b,2022-06-01
CZ0314024,Carabus menetriesi pacholei,7249d,2025-07-10
CZ0314024,Carabus menetriesi pacholei,7250b,2022-06-01
CZ0314024,Carabus menetriesi pacholei,7250c,2021-08-02
CZ0314024,Carabus menetriesi pacholei,7250d,2022-06-01
CZ0314024,Carabus menetriesi pacholei,7350a,2024-07-02
CZ0314024,Carabus menetriesi pacholei,7350d,2024-07-02
CZ0314024,Carabus menetriesi pacholei,7450b,2020-06-07
CZ0314024,Carabus menetriesi pacholei,"76,""7049d""",2007-05-24
CZ0314024,Carabus menetriesi pacholei,"79,""7049d""",2003-06-01
CZ0314024,Carabus menetriesi pacholei,"94,""6947a""",2003-07-01
CZ0314024,Carabus menetriesi pacholei,"99,""7148d""",2007-01-01
CZ0314024,Castor fiber,"08,""6845d""",2013-09-27
CZ0314024,Castor fiber,"11,""6845b""",2018-06-05
CZ0314024,Castor fiber,"16,""6946a""",2015-07-13
CZ0314024,Castor fiber,"31,""6745d""",2000-01-01
CZ0314024,Castor fiber,"49,""6845c""",2006-01-01
CZ0314024,Castor fiber,"57,""6744d""",2000-01-01
CZ0314024,Castor fiber,6744a,2000-04-23
CZ0314024,Castor fiber,6744b,2025-12-15
CZ0314024,Castor fiber,6744d,2025-12-11
CZ0314024,Castor fiber,6745a,2025-12-15
CZ0314024,Castor fiber,6745b,2017-11-26
CZ0314024,Castor fiber,6745c,2025-12-10
CZ0314024,Castor fiber,6745d,2024-11-15
CZ0314024,Castor fiber,6746c,2024-01-05
CZ0314024,Castor fiber,6746d,2018-12-29
CZ0314024,Castor fiber,"68,""6847c""",2002-01-01
CZ0314024,Castor fiber,6844b,2022-10-27
CZ0314024,Castor fiber,6845a,2025-12-10
CZ0314024,Castor fiber,6845b,2025-12-02
CZ0314024,Castor fiber,6845c,2026-03-13
CZ0314024,Castor fiber,6845d,2026-03-05
CZ0314024,Castor fiber,6846a,2025-12-27
CZ0314024,Castor fiber,6846b,2025-12-11
CZ0314024,Castor fiber,6846c,2026-03-03
CZ0314024,Castor fiber,6846d,2026-03-10
CZ0314024,Castor fiber,6847a,2026-03-11
CZ0314024,Castor fiber,6847c,2026-03-11
CZ0314024,Castor fiber,6946a,2025-12-22
CZ0314024,Castor fiber,6946b,2025-11-26
CZ0314024,Castor fiber,6946d,2026-03-09
CZ0314024,Castor fiber,6947a,2026-02-27
CZ0314024,Castor fiber,6947b,2023-08-15
CZ0314024,Castor fiber,6947c,2026-03-05
CZ0314024,Castor fiber,6947d,2025-12-15
CZ0314024,Castor fiber,6948a,2026-02-04
CZ0314024,Castor fiber,6948c,2024-01-31
CZ0314024,Castor fiber,7046b,2026-02-27
CZ0314024,Castor fiber,7047a,2025-02-17
CZ0314024,Castor fiber,7047b,2026-02-08
CZ0314024,Castor fiber,7047d,2025-11-02
CZ0314024,Castor fiber,7048a,2025-12-16
CZ0314024,Castor fiber,7048b,2025-12-26
CZ0314024,Castor fiber,7048c,2026-02-27
CZ0314024,Castor fiber,7048d,2026-02-27
CZ0314024,Castor fiber,7049a,2021-02-13
CZ0314024,Castor fiber,7049b,2024-09-18
CZ0314024,Castor fiber,7049c,2026-03-10
CZ0314024,Castor fiber,7049d,2025-11-21
CZ0314024,Castor fiber,7050a,2022-08-09
CZ0314024,Castor fiber,7050b,2020-10-29
CZ0314024,Castor fiber,7050c,2024-02-29
CZ0314024,Castor fiber,7050d,2024-02-29
CZ0314024,Castor fiber,7147b,2024-10-06
CZ0314024,Castor fiber,7148a,2026-03-16
CZ0314024,Castor fiber,7148b,2026-02-28
CZ0314024,Castor fiber,7148d,2026-03-09
CZ0314024,Castor fiber,7149a,2026-03-09
CZ0314024,Castor fiber,7149b,2026-02-11
CZ0314024,Castor fiber,7149c,2025-11-29
CZ0314024,Castor fiber,7149d,2026-03-16
CZ0314024,Castor fiber,7248b,2023-06-16
CZ0314024,Castor fiber,7249a,2026-03-04
CZ0314024,Castor fiber,7249b,2026-03-16
CZ0314024,Castor fiber,7249d,2026-03-12
CZ0314024,Castor fiber,7250a,2026-03-06
CZ0314024,Castor fiber,7250b,2025-11-14
CZ0314024,Castor fiber,7250c,2026-03-16
CZ0314024,Castor fiber,7250d,2025-07-23
CZ0314024,Castor fiber,7350a,2025-12-24
CZ0314024,Castor fiber,7350b,2025-05-31
CZ0314024,Castor fiber,7350c,2025-08-28
CZ0314024,Castor fiber,7350d,2024-09-19
CZ0314024,Castor fiber,7351c,2024-07-12
CZ0314024,Castor fiber,7450b,2023-11-01
CZ0314024,Castor fiber,7451a,2024-07-12
CZ0314024,Castor fiber,"78,""6845b""",2019-04-05
CZ0314024,Castor fiber,"93,""6946a""",2000-01-01
CZ0314024,Castor fiber,"99,""6745d""",2008-01-01
CZ0314024,Castor fiber,"99,""7149b""",2007-01-01
CZ0314024,Chamaecytisus sp.,7350b,2012-06-16
CZ0314024,Cottus gobio,"01,""7048d""",2004-01-01
CZ0314024,Cottus gobio,"02,""7148a""",1950-01-01
CZ0314024,Cottus gobio,"2,""6845d""",1950-01-01
CZ0314024,Cottus gobio,"22,""6845c""",2004-01-01
CZ0314024,Cottus gobio,"22,""7047b""",2000-10-19
CZ0314024,Cottus gobio,"27,""7148a""",1950-01-01
CZ0314024,Cottus gobio,"3,""6846d""",2000-09-01
CZ0314024,Cottus gobio,"47,""6746d""",2000-09-01
CZ0314024,Cottus gobio,"48,""7048a""",1950-01-01
CZ0314024,Cottus gobio,"53,""7250c""",2004-01-01
CZ0314024,Cottus gobio,"61,""7350d""",1950-01-01
CZ0314024,Cottus gobio,6744a,2022-10-26
CZ0314024,Cottus gobio,6744b,2022-10-26
CZ0314024,Cottus gobio,6744d,2023-09-05
CZ0314024,Cottus gobio,6745a,2023-09-06
CZ0314024,Cottus gobio,6745b,2020-09-26
CZ0314024,Cottus gobio,6745c,2023-09-06
CZ0314024,Cottus gobio,6745d,2023-09-12
CZ0314024,Cottus gobio,6746a,2019-09-23
CZ0314024,Cottus gobio,6746c,2023-09-06
CZ0314024,Cottus gobio,6746d,2022-10-28
CZ0314024,Cottus gobio,6747c,2021-08-19
CZ0314024,Cottus gobio,6845a,2023-09-05
CZ0314024,Cottus gobio,6845b,2023-10-01
CZ0314024,Cottus gobio,6845c,2023-09-05
CZ0314024,Cottus gobio,6845d,2023-09-05
CZ0314024,Cottus gobio,6846a,2023-09-07
CZ0314024,Cottus gobio,6846b,2022-10-27
CZ0314024,Cottus gobio,6846c,2025-11-04
CZ0314024,Cottus gobio,6846d,2023-09-12
CZ0314024,Cottus gobio,6847a,2023-09-07
CZ0314024,Cottus gobio,6847c,2023-09-12
CZ0314024,Cottus gobio,6946a,2023-09-11
CZ0314024,Cottus gobio,6946b,2021-09-18
CZ0314024,Cottus gobio,6946d,2023-09-13
CZ0314024,Cottus gobio,6947b,2020-10-28
CZ0314024,Cottus gobio,6947d,2025-06-02
CZ0314024,Cottus gobio,6948a,2023-09-07
CZ0314024,Cottus gobio,6948c,2023-09-14
CZ0314024,Cottus gobio,6948d,2024-01-18
CZ0314024,Cottus gobio,6949c,2023-09-22
CZ0314024,Cottus gobio,6949d,2024-12-06
CZ0314024,Cottus gobio,7047b,2025-06-03
CZ0314024,Cottus gobio,7048a,2024-01-18
CZ0314024,Cottus gobio,7048b,2023-09-18
CZ0314024,Cottus gobio,7048c,2023-11-17
CZ0314024,Cottus gobio,7048d,2025-09-13
CZ0314024,Cottus gobio,7049a,2023-06-26
CZ0314024,Cottus gobio,7049b,2023-06-27
CZ0314024,Cottus gobio,7049d,2023-06-27
CZ0314024,Cottus gobio,7050a,2010-01-01
CZ0314024,Cottus gobio,7050c,2024-07-22
CZ0314024,Cottus gobio,7050d,2024-10-07
CZ0314024,Cottus gobio,7148a,2025-07-23
CZ0314024,Cottus gobio,7148b,2023-09-20
CZ0314024,Cottus gobio,7148d,2023-09-20
CZ0314024,Cottus gobio,7149a,2022-09-11
CZ0314024,Cottus gobio,7149b,2025-11-03
CZ0314024,Cottus gobio,7149d,2022-10-28
CZ0314024,Cottus gobio,7249b,2023-10-06
CZ0314024,Cottus gobio,7249d,2022-10-28
CZ0314024,Cottus gobio,7250a,2023-09-01
CZ0314024,Cottus gobio,7250c,2022-10-28
CZ0314024,Cottus gobio,7350a,2022-10-28
CZ0314024,Cottus gobio,7350b,2020-10-30
CZ0314024,Cottus gobio,7350c,2023-09-26
CZ0314024,Cottus gobio,7350d,2023-09-26
CZ0314024,Cottus gobio,7450b,2023-09-26
CZ0314024,Cottus gobio,7451a,2021-10-29
CZ0314024,Cottus gobio,"75,""6948c""",1950-01-01
CZ0314024,Cottus gobio,"8,""6744a""",2004-01-01
CZ0314024,Cottus gobio,"81,""6949d""",2012-07-06
CZ0314024,Cottus gobio,"81,""7048d""",2004-01-01
CZ0314024,Cottus gobio,"84,""7350d""",1950-01-01
CZ0314024,Cottus gobio,"85,""6746d""",1950-01-01
CZ0314024,Cottus gobio,"85,""7047d""",2000-01-01
CZ0314024,Cottus gobio,"87,""6744b""",2004-01-01
CZ0314024,Cottus gobio,"88,""6845a""",2004-01-01
CZ0314024,Cottus gobio,"89,""7250c""",2000-01-01
CZ0314024,Cottus gobio,"9,""6747c""",1950-01-01
CZ0314024,Cottus gobio,"93,""6744b""",2004-01-01
CZ0314024,Cottus gobio,"93,""6745c""",2004-01-01
CZ0314024,Cottus gobio,"99,""6947d""",1950-01-01
CZ0314024,Dicranum viride,"52,""6845c""",2014-09-17
CZ0314024,Dicranum viride,6845c,2019-10-16
CZ0314024,Dicranum viride,7048b,2020-05-09
CZ0314024,Dicranum viride,7048d,2020-04-16
CZ0314024,Dicranum viride,7049c,2020-04-16
CZ0314024,Emys orbicularis,7250a,2006-08-04
CZ0314024,Emys orbicularis,7250b,2006-07-22
CZ0314024,Euplagia quadripunctaria,6846d,2022-07-05
CZ0314024,Euplagia quadripunctaria,6949d,2024-08-13
CZ0314024,Euplagia quadripunctaria,7050d,2021-08-21
CZ0314024,Euplagia quadripunctaria,7148b,2025-06-20
CZ0314024,Euplagia quadripunctaria,7148d,2017-07-07
CZ0314024,Euplagia quadripunctaria,7149a,2023-08-21
CZ0314024,Euplagia quadripunctaria,7249a,2022-07-17
CZ0314024,Euplagia quadripunctaria,7250b,2025-09-01
CZ0314024,Euplagia quadripunctaria,7250d,2019-08-16
CZ0314024,Gentianella praecox subsp. bohemica,"49,""6846a""",2000-01-01
CZ0314024,Gentianella praecox subsp. bohemica,6745d,2010-09-30
CZ0314024,Gentianella praecox subsp. bohemica,6846a,2023-09-19
CZ0314024,Gentianella praecox subsp. bohemica,6846b,2024-09-19
CZ0314024,Gentianella praecox subsp. bohemica,6846d,2023-09-19
CZ0314024,Gentianella praecox subsp. bohemica,6847d,2002-01-01
CZ0314024,Gentianella praecox subsp. bohemica,6947b,2002-01-01
CZ0314024,Gentianella praecox subsp. bohemica,6947d,2025-08-13
CZ0314024,Gentianella praecox subsp. bohemica,7048a,2025-09-17
CZ0314024,Gentianella praecox subsp. bohemica,7048c,2001-06-01
CZ0314024,Gentianella praecox subsp. bohemica,7050d,2023-09-20
CZ0314024,Gentianella praecox subsp. bohemica,7148d,2025-08-25
CZ0314024,Gentianella praecox subsp. bohemica,"84,""7050c""",2013-08-30
CZ0314024,Gentianella praecox subsp. bohemica,NA,2005-01-01
CZ0314024,Hamatocaulis vernicosus,"01,""7250c""",2001-01-01
CZ0314024,Hamatocaulis vernicosus,"02,""6947d""",2001-01-01
CZ0314024,Hamatocaulis vernicosus,"09,""6846a""",2025-05-01
CZ0314024,Hamatocaulis vernicosus,"28,""6745d""",2014-09-15
CZ0314024,Hamatocaulis vernicosus,"47,""6845b""",2004-01-01
CZ0314024,Hamatocaulis vernicosus,6745c,2014-09-15
CZ0314024,Hamatocaulis vernicosus,6745d,2021-08-27
CZ0314024,Hamatocaulis vernicosus,6845b,2025-05-01
CZ0314024,Hamatocaulis vernicosus,6846a,2023-10-13
CZ0314024,Hamatocaulis vernicosus,6846c,2023-06-17
CZ0314024,Hamatocaulis vernicosus,6847d,2001-01-01
CZ0314024,Hamatocaulis vernicosus,6946b,2023-10-13
CZ0314024,Hamatocaulis vernicosus,6947a,2023-06-17
CZ0314024,Hamatocaulis vernicosus,6947c,2023-10-13
CZ0314024,Hamatocaulis vernicosus,6947d,2020-08-27
CZ0314024,Hamatocaulis vernicosus,7047b,2023-07-13
CZ0314024,Hamatocaulis vernicosus,7047d,2023-07-13
CZ0314024,Hamatocaulis vernicosus,7048a,2001-01-01
CZ0314024,Hamatocaulis vernicosus,7048c,2024-04-12
CZ0314024,Hamatocaulis vernicosus,7049b,2023-10-13
CZ0314024,Hamatocaulis vernicosus,7148a,2023-09-07
CZ0314024,Hamatocaulis vernicosus,"76,""6846a""",2004-01-01
CZ0314024,Hamatocaulis vernicosus,"97,""6845b""",2025-05-01
CZ0314024,Lampetra planeri,"01,""7048d""",2004-01-01
CZ0314024,Lampetra planeri,"01,""7050d""",2002-01-01
CZ0314024,Lampetra planeri,"07,""7046b""",2000-01-01
CZ0314024,Lampetra planeri,"22,""6845c""",2004-01-01
CZ0314024,Lampetra planeri,"43,""7050b""",2000-01-01
CZ0314024,Lampetra planeri,"47,""6746d""",2000-09-01
CZ0314024,Lampetra planeri,6744a,2023-09-04
CZ0314024,Lampetra planeri,6744b,2023-09-04
CZ0314024,Lampetra planeri,6744d,2023-09-04
CZ0314024,Lampetra planeri,6745a,2023-09-06
CZ0314024,Lampetra planeri,6745b,2022-10-18
CZ0314024,Lampetra planeri,6745c,2023-09-06
CZ0314024,Lampetra planeri,6745d,2023-09-12
CZ0314024,Lampetra planeri,6746a,2022-10-18
CZ0314024,Lampetra planeri,6746d,2023-09-06
CZ0314024,Lampetra planeri,6747c,2021-08-19
CZ0314024,Lampetra planeri,6845a,2021-10-27
CZ0314024,Lampetra planeri,6845b,2021-09-19
CZ0314024,Lampetra planeri,6845c,2021-10-27
CZ0314024,Lampetra planeri,6845d,2021-10-27
CZ0314024,Lampetra planeri,6846a,2022-08-19
CZ0314024,Lampetra planeri,6846b,2023-09-07
CZ0314024,Lampetra planeri,6846c,2021-09-19
CZ0314024,Lampetra planeri,6846d,2021-09-19
CZ0314024,Lampetra planeri,6847a,2020-09-28
CZ0314024,Lampetra planeri,6847c,2023-09-12
CZ0314024,Lampetra planeri,6946b,2021-09-18
CZ0314024,Lampetra planeri,6947b,2020-10-28
CZ0314024,Lampetra planeri,6947d,2023-09-14
CZ0314024,Lampetra planeri,6948a,2020-10-28
CZ0314024,Lampetra planeri,6948c,2021-10-27
CZ0314024,Lampetra planeri,6948d,2021-10-27
CZ0314024,Lampetra planeri,6949c,2023-09-22
CZ0314024,Lampetra planeri,6949d,2024-12-06
CZ0314024,Lampetra planeri,7047b,2025-06-03
CZ0314024,Lampetra planeri,7047d,2000-05-01
CZ0314024,Lampetra planeri,7048a,2023-09-18
CZ0314024,Lampetra planeri,7048c,2024-01-18
CZ0314024,Lampetra planeri,7048d,2025-09-13
CZ0314024,Lampetra planeri,7049a,2023-10-13
CZ0314024,Lampetra planeri,7049b,2024-04-13
CZ0314024,Lampetra planeri,7049d,2025-05-09
CZ0314024,Lampetra planeri,7050b,2011-01-01
CZ0314024,Lampetra planeri,7050c,2023-10-13
CZ0314024,Lampetra planeri,7050d,2023-10-03
CZ0314024,Lampetra planeri,7148b,2023-06-04
CZ0314024,Lampetra planeri,7148d,2024-06-21
CZ0314024,Lampetra planeri,7149a,2024-06-20
CZ0314024,Lampetra planeri,7149b,2023-09-27
CZ0314024,Lampetra planeri,7149d,2023-10-04
CZ0314024,Lampetra planeri,7249b,2020-10-28
CZ0314024,Lampetra planeri,7249d,2023-10-05
CZ0314024,Lampetra planeri,7250a,2020-10-29
CZ0314024,Lampetra planeri,7250c,2023-10-06
CZ0314024,Lampetra planeri,7250d,2012-06-25
CZ0314024,Lampetra planeri,7350a,2023-10-05
CZ0314024,Lampetra planeri,7350b,2020-10-30
CZ0314024,Lampetra planeri,7350c,2021-10-29
CZ0314024,Lampetra planeri,7350d,2021-10-29
CZ0314024,Lampetra planeri,7450b,2021-10-29
CZ0314024,Lampetra planeri,7451a,2021-10-29
CZ0314024,Lampetra planeri,"79,""6949d""",2023-11-23
CZ0314024,Lampetra planeri,"79,""7050d""",2000-01-01
CZ0314024,Lampetra planeri,"8,""6744a""",2004-01-01
CZ0314024,Lampetra planeri,"81,""6949d""",2012-07-06
CZ0314024,Lampetra planeri,"81,""7048d""",2004-01-01
CZ0314024,Lampetra planeri,"87,""6744b""",2004-01-01
CZ0314024,Lampetra planeri,"88,""6845a""",2004-01-01
CZ0314024,Lampetra planeri,"9,""6747c""",2000-01-01
CZ0314024,Lampetra planeri,"93,""6744b""",2004-01-01
CZ0314024,Lampetra planeri,"93,""6745c""",2004-01-01
CZ0314024,Lampetra planeri,"99,""7047b""",2000-01-01
CZ0314024,Lemna trisulca,"48,""7249b""",2016-08-27
CZ0314024,Lemna trisulca,6948a,2024-06-17
CZ0314024,Lemna trisulca,7149b,2016-06-07
CZ0314024,Lemna trisulca,7149c,2022-09-30
CZ0314024,Leuciscus aspius,"01,""7050d""",2002-01-01
CZ0314024,Leuciscus aspius,"5,""7250c""",1950-01-01
CZ0314024,Leuciscus aspius,"53,""7250c""",2004-01-01
CZ0314024,Leuciscus aspius,6744b,2018-01-01
CZ0314024,Leuciscus aspius,7149b,2020-04-07
CZ0314024,Leuciscus aspius,7149d,2025-04-07
CZ0314024,Leuciscus aspius,7250a,2022-09-01
CZ0314024,Leuciscus aspius,7250d,2018-08-28
CZ0314024,Leuciscus aspius,"94,""6744b""",2009-01-01
CZ0314024,Leuciscus aspius,"98,""7250c""",2012-01-01
CZ0314024,Lutra lutra,"01,""6947c""",2004-01-01
CZ0314024,Lutra lutra,"01,""7050c""",2005-02-01
CZ0314024,Lutra lutra,"04,""6949d""",2004-12-01
CZ0314024,Lutra lutra,"04,""7049d""",2009-02-09
CZ0314024,Lutra lutra,"08,""6845d""",2005-11-20
CZ0314024,Lutra lutra,"1,""6948a""",2004-12-21
CZ0314024,Lutra lutra,"16,""6946a""",2015-07-13
CZ0314024,Lutra lutra,"16,""7049a""",2018-05-07
CZ0314024,Lutra lutra,"17,""7049a""",2009-02-09
CZ0314024,Lutra lutra,"18,""6847c""",2004-01-01
CZ0314024,Lutra lutra,"31,""6745d""",2005-11-20
CZ0314024,Lutra lutra,"33,""6744a""",2005-12-30
CZ0314024,Lutra lutra,"37,""7050d""",2005-01-01
CZ0314024,Lutra lutra,"38,""7148d""",2005-01-01
CZ0314024,Lutra lutra,"42,""6847c""",2005-05-06
CZ0314024,Lutra lutra,"43,""7249a""",2005-02-22
CZ0314024,Lutra lutra,"48,""6846c""",2005-02-01
CZ0314024,Lutra lutra,"48,""6947a""",2005-08-20
CZ0314024,Lutra lutra,"48,""7049b""",2005-01-01
CZ0314024,Lutra lutra,"53,""6847a""",2005-07-20
CZ0314024,Lutra lutra,"53,""7250c""",2004-01-01
CZ0314024,Lutra lutra,"56,""6745d""",2020-07-09
CZ0314024,Lutra lutra,"59,""6846b""",2004-05-14
CZ0314024,Lutra lutra,"6,""6847a""",2004-11-01
CZ0314024,Lutra lutra,"67,""6947c""",2005-11-11
CZ0314024,Lutra lutra,"67,""7046b""",2004-01-01
CZ0314024,Lutra lutra,6744a,2022-11-29
CZ0314024,Lutra lutra,6744b,2024-11-20
CZ0314024,Lutra lutra,6744d,2024-11-20
CZ0314024,Lutra lutra,6745a,2024-11-20
CZ0314024,Lutra lutra,6745b,2024-11-20
CZ0314024,Lutra lutra,6745c,2024-11-24
CZ0314024,Lutra lutra,6745d,2024-11-15
CZ0314024,Lutra lutra,6746a,2016-11-30
CZ0314024,Lutra lutra,6746c,2006-11-05
CZ0314024,Lutra lutra,6746d,2021-01-08
CZ0314024,Lutra lutra,"68,""7450b""",2009-01-18
CZ0314024,Lutra lutra,6844b,2024-11-15
CZ0314024,Lutra lutra,6845a,2024-11-15
CZ0314024,Lutra lutra,6845b,2025-05-13
CZ0314024,Lutra lutra,6845c,2026-01-08
CZ0314024,Lutra lutra,6845d,2024-11-13
CZ0314024,Lutra lutra,6846a,2024-11-13
CZ0314024,Lutra lutra,6846b,2024-11-12
CZ0314024,Lutra lutra,6846c,2024-12-04
CZ0314024,Lutra lutra,6846d,2025-11-06
CZ0314024,Lutra lutra,6847a,2024-11-15
CZ0314024,Lutra lutra,6847c,2024-11-15
CZ0314024,Lutra lutra,6847d,2026-01-07
CZ0314024,Lutra lutra,6946a,2024-11-13
CZ0314024,Lutra lutra,6946b,2026-01-23
CZ0314024,Lutra lutra,6946c,2019-09-13
CZ0314024,Lutra lutra,6946d,2025-08-26
CZ0314024,Lutra lutra,6947a,2026-02-01
CZ0314024,Lutra lutra,6947b,2025-08-20
CZ0314024,Lutra lutra,6947c,2024-11-21
CZ0314024,Lutra lutra,6947d,2026-03-07
CZ0314024,Lutra lutra,6948a,2026-02-11
CZ0314024,Lutra lutra,6948c,2024-11-27
CZ0314024,Lutra lutra,6948d,2024-11-29
CZ0314024,Lutra lutra,6949c,2024-11-05
CZ0314024,Lutra lutra,6949d,2024-11-05
CZ0314024,Lutra lutra,7046b,2025-11-15
CZ0314024,Lutra lutra,7046d,2019-10-22
CZ0314024,Lutra lutra,7047a,2024-11-27
CZ0314024,Lutra lutra,7047b,2024-11-13
CZ0314024,Lutra lutra,7047d,2024-11-13
CZ0314024,Lutra lutra,7048a,2025-05-22
CZ0314024,Lutra lutra,7048b,2026-02-22
CZ0314024,Lutra lutra,7048c,2026-01-07
CZ0314024,Lutra lutra,7048d,2026-01-07
CZ0314024,Lutra lutra,7049a,2024-11-19
CZ0314024,Lutra lutra,7049b,2026-01-05
CZ0314024,Lutra lutra,7049c,2024-11-26
CZ0314024,Lutra lutra,7049d,2025-11-21
CZ0314024,Lutra lutra,7050a,2004-01-01
CZ0314024,Lutra lutra,7050c,2026-03-04
CZ0314024,Lutra lutra,7050d,2024-10-02
CZ0314024,Lutra lutra,7147b,2022-05-05
CZ0314024,Lutra lutra,7148a,2026-02-27
CZ0314024,Lutra lutra,7148b,2025-04-10
CZ0314024,Lutra lutra,7148d,2025-03-12
CZ0314024,Lutra lutra,7149a,2024-11-25
CZ0314024,Lutra lutra,7149b,2024-11-21
CZ0314024,Lutra lutra,7149c,2025-03-12
CZ0314024,Lutra lutra,7149d,2024-11-26
CZ0314024,Lutra lutra,7248b,2011-10-23
CZ0314024,Lutra lutra,7249a,2024-11-26
CZ0314024,Lutra lutra,7249b,2026-03-09
CZ0314024,Lutra lutra,7249d,2024-11-15
CZ0314024,Lutra lutra,7250a,2025-11-05
CZ0314024,Lutra lutra,7250b,2026-01-05
CZ0314024,Lutra lutra,7250c,2025-04-16
CZ0314024,Lutra lutra,7250d,2026-01-05
CZ0314024,Lutra lutra,7350a,2024-11-08
CZ0314024,Lutra lutra,7350b,2025-10-23
CZ0314024,Lutra lutra,7350c,2024-11-13
CZ0314024,Lutra lutra,7350d,2024-11-13
CZ0314024,Lutra lutra,7351c,2021-11-03
CZ0314024,Lutra lutra,7450b,2024-11-13
CZ0314024,Lutra lutra,7451a,2021-10-11
CZ0314024,Lutra lutra,"76,""7050a""",2005-06-01
CZ0314024,Lutra lutra,"78,""6949c""",2004-11-01
CZ0314024,Lutra lutra,"83,""7149b""",2009-02-09
CZ0314024,Lutra lutra,"84,""7050c""",2011-04-24
CZ0314024,Lutra lutra,"91,""6948a""",2005-01-01
CZ0314024,Lutra lutra,"91,""6949c""",2004-01-01
CZ0314024,Lutra lutra,"92,""6745b""",2005-01-01
CZ0314024,Lutra lutra,"96,""7047a""",2007-01-01
CZ0314024,Lutra lutra,"96,""7047b""",2007-01-01
CZ0314024,Lutra lutra,"96,""7047c""",2007-01-01
CZ0314024,Lutra lutra,"96,""7047d""",2007-01-01
CZ0314024,Lutra lutra,"96,""7350a""",2007-01-01
CZ0314024,Lutra lutra,"96,""7350b""",2007-01-01
CZ0314024,Lutra lutra,"96,""7350c""",2007-01-01
CZ0314024,Lutra lutra,"96,""7350d""",2007-01-01
CZ0314024,Lutra lutra,"97,""6947b""",2005-05-01
CZ0314024,Lutra lutra,"99,""6744b""",2005-03-04
CZ0314024,Lutra lutra,"99,""6745b""",2009-08-16
CZ0314024,Lutra lutra,"99,""6745c""",2005-07-01
CZ0314024,Lutra lutra,"99,""6845d""",2004-09-01
CZ0314024,Lutra lutra,"99,""6847d""",2004-11-01
CZ0314024,Lutra lutra,"99,""7048a""",2004-01-01
CZ0314024,Lutra lutra,"99,""7050c""",2004-01-01
CZ0314024,Lutra lutra,"99,""7050d""",2006-11-19
CZ0314024,Lutra lutra,"99,""7149b""",2005-01-01
CZ0314024,Lycaena dispar,6845b,2022-07-03
CZ0314024,Lycaena dispar,6846a,2025-07-02
CZ0314024,Lycaena dispar,6846c,2022-07-04
CZ0314024,Lycaena dispar,6947b,2013-07-03
CZ0314024,Lycaena dispar,7047b,2025-07-23
CZ0314024,Lycaena dispar,7049b,2018-08-19
CZ0314024,Lycaena dispar,7050d,2020-08-28
CZ0314024,Lycaena dispar,7148a,2022-06-30
CZ0314024,Lycaena dispar,7149a,2021-06-24
CZ0314024,Lycaena dispar,7149d,2022-07-06
CZ0314024,Lycaena dispar,7249d,2025-06-30
CZ0314024,Lycaena dispar,7250a,2018-06-21
CZ0314024,Lycaena dispar,7250b,2025-08-31
CZ0314024,Lycaena dispar,7250c,2025-05-31
CZ0314024,Lycaena dispar,7250d,2021-08-14
CZ0314024,Lycaena dispar,7350c,2019-08-18
CZ0314024,Lycaena helle,"48,""7148d""",2023-06-19
CZ0314024,Lycaena helle,7148d,2025-06-15
CZ0314024,Lycaena helle,"96,""7148a""",1995-01-01
CZ0314024,Lycaena helle,"96,""7148b""",1995-01-01
CZ0314024,Lycaena helle,"96,""7148c""",1995-01-01
CZ0314024,Lycaena helle,"96,""7148d""",1995-01-01
CZ0314024,Lynx lynx,"01,""6745b""",2000-10-01
CZ0314024,Lynx lynx,"01,""6846c""",2002-02-17
CZ0314024,Lynx lynx,"01,""6847d""",2000-12-01
CZ0314024,Lynx lynx,"01,""6946a""",2001-11-12
CZ0314024,Lynx lynx,"01,""7149b""",2021-03-09
CZ0314024,Lynx lynx,"01,""7250a""",2000-01-10
CZ0314024,Lynx lynx,"01,""7350d""",2025-03-01
CZ0314024,Lynx lynx,"06,""6846b""",2002-05-06
CZ0314024,Lynx lynx,"06,""6948d""",2001-01-30
CZ0314024,Lynx lynx,"07,""6845d""",2000-01-01
CZ0314024,Lynx lynx,"08,""6846d""",2000-08-02
CZ0314024,Lynx lynx,"08,""7250a""",2000-09-21
CZ0314024,Lynx lynx,"09,""6847a""",2005-08-15
CZ0314024,Lynx lynx,"09,""6847c""",2025-03-02
CZ0314024,Lynx lynx,"11,""7249d""",2025-03-02
CZ0314024,Lynx lynx,"12,""6847d""",2001-02-17
CZ0314024,Lynx lynx,"12,""7048a""",2025-02-15
CZ0314024,Lynx lynx,"14,""7050c""",2025-02-01
CZ0314024,Lynx lynx,"15,""6847c""",2002-01-03
CZ0314024,Lynx lynx,"15,""7050d""",2000-01-01
CZ0314024,Lynx lynx,"16,""6949c""",2000-03-01
CZ0314024,Lynx lynx,"17,""7050c""",2020-11-20
CZ0314024,Lynx lynx,"18,""6846d""",2002-03-06
CZ0314024,Lynx lynx,"19,""7049a""",2000-02-01
CZ0314024,Lynx lynx,"2,""6846b""",2000-10-12
CZ0314024,Lynx lynx,"2,""7050c""",2000-10-01
CZ0314024,Lynx lynx,"2,""7148d""",2024-12-26
CZ0314024,Lynx lynx,"21,""7050d""",2015-09-12
CZ0314024,Lynx lynx,"23,""6846b""",2005-11-14
CZ0314024,Lynx lynx,"23,""6946b""",2001-03-02
CZ0314024,Lynx lynx,"23,""6946d""",2000-11-16
CZ0314024,Lynx lynx,"26,""7050c""",2021-02-02
CZ0314024,Lynx lynx,"28,""7049a""",2003-12-20
CZ0314024,Lynx lynx,"3,""6948a""",2000-12-01
CZ0314024,Lynx lynx,"31,""6744a""",2000-11-01
CZ0314024,Lynx lynx,"32,""6645d""",2000-03-28
CZ0314024,Lynx lynx,"32,""6847c""",2001-10-13
CZ0314024,Lynx lynx,"33,""6946b""",2005-03-24
CZ0314024,Lynx lynx,"33,""7350d""",2025-03-01
CZ0314024,Lynx lynx,"34,""7250b""",2001-02-01
CZ0314024,Lynx lynx,"34,""7350b""",2025-03-01
CZ0314024,Lynx lynx,"35,""6947d""",2004-02-20
CZ0314024,Lynx lynx,"35,""6948d""",2000-01-01
CZ0314024,Lynx lynx,"37,""6744d""",2001-02-07
CZ0314024,Lynx lynx,"39,""6846b""",2002-03-06
CZ0314024,Lynx lynx,"44,""6746d""",2000-09-01
CZ0314024,Lynx lynx,"44,""7047b""",2001-12-11
CZ0314024,Lynx lynx,"45,""6946b""",2001-12-17
CZ0314024,Lynx lynx,"46,""6845a""",2025-01-25
CZ0314024,Lynx lynx,"46,""6847c""",2001-03-02
CZ0314024,Lynx lynx,"46,""6948c""",2025-02-16
CZ0314024,Lynx lynx,"46,""7149c""",2024-12-26
CZ0314024,Lynx lynx,"47,""6846b""",2005-09-21
CZ0314024,Lynx lynx,"5,""7147b""",2005-01-17
CZ0314024,Lynx lynx,"55,""6846c""",2001-11-17
CZ0314024,Lynx lynx,"56,""6745d""",2019-03-22
CZ0314024,Lynx lynx,"58,""7049c""",2001-02-23
CZ0314024,Lynx lynx,"59,""6947a""",2025-01-19
CZ0314024,Lynx lynx,"64,""7048d""",2019-01-01
CZ0314024,Lynx lynx,6744a,2021-02-08
CZ0314024,Lynx lynx,6744b,2024-12-29
CZ0314024,Lynx lynx,6744d,2025-02-05
CZ0314024,Lynx lynx,6745a,2025-07-24
CZ0314024,Lynx lynx,6745b,2024-03-13
CZ0314024,Lynx lynx,6745c,2025-08-10
CZ0314024,Lynx lynx,6745d,2024-04-19
CZ0314024,Lynx lynx,6746c,2020-02-08
CZ0314024,Lynx lynx,6746d,2023-03-21
CZ0314024,Lynx lynx,"68,""6846d""",2001-03-04
CZ0314024,Lynx lynx,6844b,2021-01-21
CZ0314024,Lynx lynx,6845a,2026-02-07
CZ0314024,Lynx lynx,6845b,2025-02-02
CZ0314024,Lynx lynx,6845c,2025-02-25
CZ0314024,Lynx lynx,6845d,2025-11-08
CZ0314024,Lynx lynx,6846a,2025-02-17
CZ0314024,Lynx lynx,6846b,2024-04-29
CZ0314024,Lynx lynx,6846c,2025-01-22
CZ0314024,Lynx lynx,6846d,2026-03-12
CZ0314024,Lynx lynx,6847a,2025-09-12
CZ0314024,Lynx lynx,6847c,2025-01-23
CZ0314024,Lynx lynx,6847d,2024-02-20
CZ0314024,Lynx lynx,"69,""6845a""",2001-01-06
CZ0314024,Lynx lynx,"69,""7148d""",2020-10-31
CZ0314024,Lynx lynx,6945b,2010-06-28
CZ0314024,Lynx lynx,6946a,2026-02-10
CZ0314024,Lynx lynx,6946b,2025-10-18
CZ0314024,Lynx lynx,6946c,2023-11-05
CZ0314024,Lynx lynx,6946d,2024-04-11
CZ0314024,Lynx lynx,6947a,2026-02-13
CZ0314024,Lynx lynx,6947b,2024-04-27
CZ0314024,Lynx lynx,6947c,2025-04-03
CZ0314024,Lynx lynx,6947d,2026-02-20
CZ0314024,Lynx lynx,6948a,2025-12-04
CZ0314024,Lynx lynx,6948c,2024-07-18
CZ0314024,Lynx lynx,6948d,2025-05-10
CZ0314024,Lynx lynx,6949c,2026-02-01
CZ0314024,Lynx lynx,"7,""7048b""",2025-02-15
CZ0314024,Lynx lynx,7046a,2012-08-04
CZ0314024,Lynx lynx,7046b,2025-09-22
CZ0314024,Lynx lynx,7046d,2017-05-11
CZ0314024,Lynx lynx,7047a,2023-10-01
CZ0314024,Lynx lynx,7047b,2025-04-25
CZ0314024,Lynx lynx,7047c,2011-04-27
CZ0314024,Lynx lynx,7047d,2024-12-16
CZ0314024,Lynx lynx,7048a,2024-11-15
CZ0314024,Lynx lynx,7048b,2025-04-16
CZ0314024,Lynx lynx,7048c,2026-01-31
CZ0314024,Lynx lynx,7048d,2026-01-19
CZ0314024,Lynx lynx,7049a,2023-10-06
CZ0314024,Lynx lynx,7049b,2024-02-16
CZ0314024,Lynx lynx,7049c,2024-03-30
CZ0314024,Lynx lynx,7049d,2021-03-27
CZ0314024,Lynx lynx,7050a,2005-01-01
CZ0314024,Lynx lynx,7050b,2005-06-01
CZ0314024,Lynx lynx,7050c,2023-03-03
CZ0314024,Lynx lynx,7050d,2023-02-11
CZ0314024,Lynx lynx,7148a,2026-02-26
CZ0314024,Lynx lynx,7148b,2026-02-15
CZ0314024,Lynx lynx,7148d,2025-11-27
CZ0314024,Lynx lynx,7149a,2025-02-06
CZ0314024,Lynx lynx,7149b,2024-04-22
CZ0314024,Lynx lynx,7149c,2025-08-14
CZ0314024,Lynx lynx,7149d,2026-01-13
CZ0314024,Lynx lynx,"72,""6846d""",2002-01-11
CZ0314024,Lynx lynx,7248b,2024-04-29
CZ0314024,Lynx lynx,7249a,2026-02-26
CZ0314024,Lynx lynx,7249b,2026-02-03
CZ0314024,Lynx lynx,7249c,2018-08-09
CZ0314024,Lynx lynx,7249d,2026-01-23
CZ0314024,Lynx lynx,7250a,2023-02-09
CZ0314024,Lynx lynx,7250b,2024-01-28
CZ0314024,Lynx lynx,7250c,2013-02-17
CZ0314024,Lynx lynx,7250d,2021-02-15
CZ0314024,Lynx lynx,7350a,2026-02-04
CZ0314024,Lynx lynx,7350b,2025-01-14
CZ0314024,Lynx lynx,7350c,2025-11-23
CZ0314024,Lynx lynx,7350d,2025-03-18
CZ0314024,Lynx lynx,"74,""7049a""",2000-02-01
CZ0314024,Lynx lynx,"77,""7050c""",2015-02-07
CZ0314024,Lynx lynx,"78,""6946d""",2019-04-21
CZ0314024,Lynx lynx,"79,""6847a""",2000-07-01
CZ0314024,Lynx lynx,"79,""6949c""",2000-03-01
CZ0314024,Lynx lynx,"8,""6744d""",2025-01-25
CZ0314024,Lynx lynx,"8,""6745d""",2005-10-01
CZ0314024,Lynx lynx,"8,""6847d""",2025-03-30
CZ0314024,Lynx lynx,"8,""6948c""",2000-01-01
CZ0314024,Lynx lynx,"8,""7148b""",2001-02-15
CZ0314024,Lynx lynx,"82,""7047b""",2000-09-24
CZ0314024,Lynx lynx,"84,""6744b""",2000-11-17
CZ0314024,Lynx lynx,"84,""6947b""",2000-04-04
CZ0314024,Lynx lynx,"84,""6948a""",2025-02-16
CZ0314024,Lynx lynx,"84,""7050c""",2011-10-01
CZ0314024,Lynx lynx,"85,""6847d""",2025-03-30
CZ0314024,Lynx lynx,"86,""6946b""",2000-10-15
CZ0314024,Lynx lynx,"88,""6844b""",2025-01-25
CZ0314024,Lynx lynx,"9,""6949c""",2020-01-11
CZ0314024,Lynx lynx,"9,""7050c""",2001-08-01
CZ0314024,Lynx lynx,"91,""6948a""",2000-01-01
CZ0314024,Lynx lynx,"92,""7050c""",2000-03-01
CZ0314024,Lynx lynx,"93,""6949c""",2021-01-31
CZ0314024,Lynx lynx,"94,""6847d""",2000-02-28
CZ0314024,Lynx lynx,"95,""7048c""",2005-10-01
CZ0314024,Lynx lynx,"97,""7149b""",2000-11-23
CZ0314024,Lynx lynx,"98,""7050c""",2000-12-01
CZ0314024,Lynx lynx,"98,""7050d""",2000-11-01
CZ0314024,Lynx lynx,"99,""6845a""",2001-02-07
CZ0314024,Lynx lynx,"99,""6846d""",2002-05-04
CZ0314024,Lynx lynx,"99,""6847c""",2000-07-04
CZ0314024,Margaritifera margaritifera,"04,""7049b""",2012-01-01
CZ0314024,Margaritifera margaritifera,"05,""7149a""",2012-01-01
CZ0314024,Margaritifera margaritifera,"09,""7050d""",2005-01-01
CZ0314024,Margaritifera margaritifera,"2,""7149a""",2014-09-26
CZ0314024,Margaritifera margaritifera,"22,""7048d""",1999-01-01
CZ0314024,Margaritifera margaritifera,"23,""7148b""",2021-05-01
CZ0314024,Margaritifera margaritifera,"29,""7050c""",2013-04-01
CZ0314024,Margaritifera margaritifera,"4,""7049d""",1991-01-01
CZ0314024,Margaritifera margaritifera,"61,""7050c""",2012-01-01
CZ0314024,Margaritifera margaritifera,6949d,2024-06-17
CZ0314024,Margaritifera margaritifera,7048b,2024-08-24
CZ0314024,Margaritifera margaritifera,7048d,2023-11-20
CZ0314024,Margaritifera margaritifera,7049a,2002-09-01
CZ0314024,Margaritifera margaritifera,7049b,2024-09-18
CZ0314024,Margaritifera margaritifera,7049d,2025-05-11
CZ0314024,Margaritifera margaritifera,7148d,2023-11-20
CZ0314024,Margaritifera margaritifera,7149a,2024-07-19
CZ0314024,Margaritifera margaritifera,7149b,2015-08-23
CZ0314024,Margaritifera margaritifera,7149d,2024-06-30
CZ0314024,Margaritifera margaritifera,7250b,2023-05-20
CZ0314024,Margaritifera margaritifera,"84,""7050c""",2011-01-01
CZ0314024,Margaritifera margaritifera,"95,""7050c""",2012-01-01
CZ0314024,Margaritifera margaritifera,"99,""7048d""",2015-08-28
CZ0314024,Margaritifera margaritifera,"99,""7049d""",2016-04-01
CZ0314024,Misgurnus fossilis,6746d,2009-10-24
CZ0314024,Mustela eversmanii,7148b,2022-05-18
CZ0314024,Myotis bechsteinii,"33,""6744a""",1999-01-01
CZ0314024,Myotis bechsteinii,"34,""7048d""",2021-06-14
CZ0314024,Myotis bechsteinii,6744b,2001-01-04
CZ0314024,Myotis bechsteinii,6846b,2016-03-04
CZ0314024,Myotis bechsteinii,6949c,2020-08-23
CZ0314024,Myotis bechsteinii,7048b,2020-08-27
CZ0314024,Myotis bechsteinii,7048d,2021-07-06
CZ0314024,Myotis bechsteinii,7050d,2011-08-21
CZ0314024,Myotis bechsteinii,"84,""7050c""",2013-01-01
CZ0314024,Myotis bechsteinii,"92,""6948c""",2019-01-01
CZ0314024,Myotis bechsteinii,"96,""6744a""",2011-12-21
CZ0314024,Myotis bechsteinii,"96,""6744b""",2011-12-21
CZ0314024,Myotis bechsteinii,"96,""6744c""",2011-12-21
CZ0314024,Myotis bechsteinii,"96,""6744d""",2011-12-21
CZ0314024,Myotis bechsteinii,"96,""6745a""",2011-12-21
CZ0314024,Myotis bechsteinii,"96,""6745b""",2011-12-21
CZ0314024,Myotis bechsteinii,"96,""6745c""",2011-12-21
CZ0314024,Myotis bechsteinii,"96,""6745d""",2011-12-21
CZ0314024,Myotis bechsteinii,"96,""6746a""",2011-06-21
CZ0314024,Myotis bechsteinii,"96,""6746b""",2011-06-21
CZ0314024,Myotis bechsteinii,"96,""6746c""",2011-06-21
CZ0314024,Myotis bechsteinii,"96,""6746d""",2011-06-21
CZ0314024,Myotis bechsteinii,"96,""6845a""",2011-06-21
CZ0314024,Myotis bechsteinii,"96,""6845b""",2011-06-21
CZ0314024,Myotis bechsteinii,"96,""6845c""",2011-06-21
CZ0314024,Myotis bechsteinii,"96,""6845d""",2011-06-21
CZ0314024,Myotis bechsteinii,"96,""6846a""",2011-12-21
CZ0314024,Myotis bechsteinii,"96,""6846b""",2011-12-21
CZ0314024,Myotis bechsteinii,"96,""6846c""",2011-12-21
CZ0314024,Myotis bechsteinii,"96,""6846d""",2011-12-21
CZ0314024,Myotis bechsteinii,"96,""6847a""",2011-12-21
CZ0314024,Myotis bechsteinii,"96,""6847b""",2011-12-21
CZ0314024,Myotis bechsteinii,"96,""6847c""",2011-12-21
CZ0314024,Myotis bechsteinii,"96,""6847d""",2011-12-21
CZ0314024,Myotis bechsteinii,"96,""6947a""",2011-06-21
CZ0314024,Myotis bechsteinii,"96,""6947b""",2011-06-21
CZ0314024,Myotis bechsteinii,"96,""6947c""",2011-06-21
CZ0314024,Myotis bechsteinii,"96,""6947d""",2011-06-21
CZ0314024,Myotis bechsteinii,"96,""6948a""",2011-06-21
CZ0314024,Myotis bechsteinii,"96,""6948b""",2011-06-21
CZ0314024,Myotis bechsteinii,"96,""6948c""",2011-06-21
CZ0314024,Myotis bechsteinii,"96,""6948d""",2011-06-21
CZ0314024,Myotis bechsteinii,"96,""6949a""",2011-06-21
CZ0314024,Myotis bechsteinii,"96,""6949b""",2011-06-21
CZ0314024,Myotis bechsteinii,"96,""6949c""",2011-06-21
CZ0314024,Myotis bechsteinii,"96,""6949d""",2011-06-21
CZ0314024,Myotis bechsteinii,"96,""7049a""",2011-06-21
CZ0314024,Myotis bechsteinii,"96,""7049b""",2011-06-21
CZ0314024,Myotis bechsteinii,"96,""7049c""",2011-06-21
CZ0314024,Myotis bechsteinii,"96,""7049d""",2011-06-21
CZ0314024,Myotis bechsteinii,"96,""7149a""",2011-12-21
CZ0314024,Myotis bechsteinii,"96,""7149b""",2011-12-21
CZ0314024,Myotis bechsteinii,"96,""7149c""",2011-12-21
CZ0314024,Myotis bechsteinii,"96,""7149d""",2011-12-21
CZ0314024,Myotis bechsteinii,"96,""7250a""",2011-12-21
CZ0314024,Myotis bechsteinii,"96,""7250b""",2011-12-21
CZ0314024,Myotis bechsteinii,"96,""7250c""",2011-12-21
CZ0314024,Myotis bechsteinii,"96,""7250d""",2011-12-21
CZ0314024,Myotis bechsteinii,"99,""7048b""",2020-08-27
CZ0314024,Myotis emarginatus,6847c,1989-01-01
CZ0314024,Myotis emarginatus,"96,""6847a""",2011-12-21
CZ0314024,Myotis emarginatus,"96,""6847b""",2011-12-21
CZ0314024,Myotis emarginatus,"96,""6847c""",2011-12-21
CZ0314024,Myotis emarginatus,"96,""6847d""",2011-12-21
CZ0314024,Myotis myotis,"34,""7048d""",2021-07-06
CZ0314024,Myotis myotis,"48,""6846c""",1992-01-01
CZ0314024,Myotis myotis,"65,""6847d""",2008-01-03
CZ0314024,Myotis myotis,6744b,2012-01-29
CZ0314024,Myotis myotis,6745b,2001-01-04
CZ0314024,Myotis myotis,6745d,1989-01-01
CZ0314024,Myotis myotis,6845b,2005-12-15
CZ0314024,Myotis myotis,6846b,2008-02-01
CZ0314024,Myotis myotis,6846d,2012-02-01
CZ0314024,Myotis myotis,6847c,2022-07-13
CZ0314024,Myotis myotis,6847d,2022-08-17
CZ0314024,Myotis myotis,6946a,2023-07-11
CZ0314024,Myotis myotis,6949c,2020-08-01
CZ0314024,Myotis myotis,7048b,2021-07-30
CZ0314024,Myotis myotis,7049a,2020-08-16
CZ0314024,Myotis myotis,7049b,2001-01-22
CZ0314024,Myotis myotis,7049c,2002-01-01
CZ0314024,Myotis myotis,7149c,2012-02-23
CZ0314024,Myotis myotis,"81,""6744b""",1995-01-28
CZ0314024,Myotis myotis,"84,""7050c""",2013-01-01
CZ0314024,Myotis myotis,"92,""6948c""",2019-09-04
CZ0314024,Myotis myotis,"96,""6744a""",2012-06-21
CZ0314024,Myotis myotis,"96,""6744b""",2012-06-21
CZ0314024,Myotis myotis,"96,""6744c""",2012-06-21
CZ0314024,Myotis myotis,"96,""6744d""",2012-06-21
CZ0314024,Myotis myotis,"96,""6745a""",2012-06-21
CZ0314024,Myotis myotis,"96,""6745b""",2012-06-21
CZ0314024,Myotis myotis,"96,""6745c""",2012-06-21
CZ0314024,Myotis myotis,"96,""6745d""",2012-06-21
CZ0314024,Myotis myotis,"96,""6746a""",2012-06-21
CZ0314024,Myotis myotis,"96,""6746b""",2012-06-21
CZ0314024,Myotis myotis,"96,""6746c""",2012-06-21
CZ0314024,Myotis myotis,"96,""6746d""",2012-06-21
CZ0314024,Myotis myotis,"96,""6845a""",2012-06-21
CZ0314024,Myotis myotis,"96,""6845b""",2012-06-21
CZ0314024,Myotis myotis,"96,""6845c""",2012-06-21
CZ0314024,Myotis myotis,"96,""6845d""",2012-06-21
CZ0314024,Myotis myotis,"96,""6846a""",2012-06-21
CZ0314024,Myotis myotis,"96,""6846b""",2012-06-21
CZ0314024,Myotis myotis,"96,""6846c""",2012-06-21
CZ0314024,Myotis myotis,"96,""6846d""",2012-06-21
CZ0314024,Myotis myotis,"96,""6847a""",2012-06-21
CZ0314024,Myotis myotis,"96,""6847b""",2012-06-21
CZ0314024,Myotis myotis,"96,""6847c""",2012-06-21
CZ0314024,Myotis myotis,"96,""6847d""",2012-06-21
CZ0314024,Myotis myotis,"96,""6947a""",2012-06-21
CZ0314024,Myotis myotis,"96,""6947b""",2012-06-21
CZ0314024,Myotis myotis,"96,""6947c""",2012-06-21
CZ0314024,Myotis myotis,"96,""6947d""",2012-06-21
CZ0314024,Myotis myotis,"96,""6948a""",2012-06-21
CZ0314024,Myotis myotis,"96,""6948b""",2012-06-21
CZ0314024,Myotis myotis,"96,""6948c""",2012-06-21
CZ0314024,Myotis myotis,"96,""6948d""",2012-06-21
CZ0314024,Myotis myotis,"96,""6949a""",2012-06-21
CZ0314024,Myotis myotis,"96,""6949b""",2012-06-21
CZ0314024,Myotis myotis,"96,""6949c""",2012-06-21
CZ0314024,Myotis myotis,"96,""6949d""",2012-06-21
CZ0314024,Myotis myotis,"96,""7048a""",2012-06-21
CZ0314024,Myotis myotis,"96,""7048b""",2012-06-21
CZ0314024,Myotis myotis,"96,""7048c""",2012-06-21
CZ0314024,Myotis myotis,"96,""7048d""",2012-06-21
CZ0314024,Myotis myotis,"96,""7049a""",2012-06-21
CZ0314024,Myotis myotis,"96,""7049b""",2012-06-21
CZ0314024,Myotis myotis,"96,""7049c""",2012-06-21
CZ0314024,Myotis myotis,"96,""7049d""",2012-06-21
CZ0314024,Myotis myotis,"96,""7050a""",2012-06-21
CZ0314024,Myotis myotis,"96,""7050b""",2012-06-21
CZ0314024,Myotis myotis,"96,""7050c""",2012-06-21
CZ0314024,Myotis myotis,"96,""7050d""",2012-06-21
CZ0314024,Myotis myotis,"96,""7149a""",2011-12-21
CZ0314024,Myotis myotis,"96,""7149b""",2011-12-21
CZ0314024,Myotis myotis,"96,""7149c""",2011-12-21
CZ0314024,Myotis myotis,"96,""7149d""",2011-12-21
CZ0314024,Myotis myotis,"96,""7250a""",2012-06-21
CZ0314024,Myotis myotis,"96,""7250b""",2012-06-21
CZ0314024,Myotis myotis,"96,""7250c""",2012-06-21
CZ0314024,Myotis myotis,"96,""7250d""",2012-06-21
CZ0314024,Myotis myotis,"96,""7350a""",2012-06-21
CZ0314024,Myotis myotis,"96,""7350b""",2012-06-21
CZ0314024,Myotis myotis,"96,""7350c""",2012-06-21
CZ0314024,Myotis myotis,"96,""7350d""",2012-06-21
CZ0314024,Myotis myotis,"99,""7048b""",2020-09-02
CZ0314024,Myotis sp.,"18,""7048b""",2021-06-02
CZ0314024,Myotis sp.,"34,""7048d""",2021-09-28
CZ0314024,Myotis sp.,6949c,2020-08-01
CZ0314024,Myotis sp.,7048b,2021-09-14
CZ0314024,Myotis sp.,7048d,2021-08-11
CZ0314024,Myotis sp.,7049a,2020-06-14
CZ0314024,Myotis sp.,7049c,2021-10-04
CZ0314024,Ophiogomphus cecilia,7049b,2023-07-27
CZ0314024,Ophiogomphus cecilia,7149d,2015-08-23
CZ0314024,Ophiogomphus cecilia,7249b,2010-08-06
CZ0314024,Orthotrichum rogeri,6745b,2021-07-22
CZ0314024,Orthotrichum rogeri,6845a,2021-07-28
CZ0314024,Orthotrichum rogeri,6847d,2021-06-26
CZ0314024,Orthotrichum rogeri,6947d,2021-08-14
CZ0314024,Orthotrichum rogeri,6948d,2021-08-15
CZ0314024,Orthotrichum rogeri,7050c,2023-08-11
CZ0314024,Orthotrichum rogeri,7148b,2025-06-29
CZ0314024,Phengaris nausithous,"01,""7250a""",1995-01-01
CZ0314024,Phengaris nausithous,"01,""7250b""",2020-08-01
CZ0314024,Phengaris nausithous,"26,""7050d""",2000-01-01
CZ0314024,Phengaris nausithous,"37,""7050d""",1995-01-01
CZ0314024,Phengaris nausithous,"44,""7050c""",2000-01-01
CZ0314024,Phengaris nausithous,"55,""7050b""",2000-01-01
CZ0314024,Phengaris nausithous,6744d,2019-08-08
CZ0314024,Phengaris nausithous,6846d,2022-07-29
CZ0314024,Phengaris nausithous,6847c,2019-07-13
CZ0314024,Phengaris nausithous,6947b,2020-07-20
CZ0314024,Phengaris nausithous,6947d,2022-07-27
CZ0314024,Phengaris nausithous,6948a,2018-07-28
CZ0314024,Phengaris nausithous,6948d,2025-08-07
CZ0314024,Phengaris nausithous,6949c,2025-08-28
CZ0314024,Phengaris nausithous,7048b,2024-07-18
CZ0314024,Phengaris nausithous,7049a,2020-07-14
CZ0314024,Phengaris nausithous,7049b,2019-07-27
CZ0314024,Phengaris nausithous,7049c,2019-07-25
CZ0314024,Phengaris nausithous,7049d,2020-08-01
CZ0314024,Phengaris nausithous,7050c,2014-08-02
CZ0314024,Phengaris nausithous,7050d,2023-07-23
CZ0314024,Phengaris nausithous,"71,""6948a""",2006-07-12
CZ0314024,Phengaris nausithous,7149a,2024-07-19
CZ0314024,Phengaris nausithous,7249a,2021-07-17
CZ0314024,Phengaris nausithous,7249b,2019-07-25
CZ0314024,Phengaris nausithous,7250b,2025-06-14
CZ0314024,Phengaris nausithous,7250c,2022-07-19
CZ0314024,Phengaris nausithous,7250d,2009-08-08
CZ0314024,Phengaris nausithous,7350a,2019-07-25
CZ0314024,Phengaris nausithous,7350b,2025-07-19
CZ0314024,Phengaris nausithous,7350c,2019-08-10
CZ0314024,Phengaris nausithous,7351c,2020-07-27
CZ0314024,Phengaris nausithous,"74,""7050b""",1995-01-01
CZ0314024,Phengaris nausithous,7451a,2020-07-29
CZ0314024,Phengaris nausithous,"76,""7050a""",1995-01-01
CZ0314024,Phengaris nausithous,"77,""7050c""",1995-01-01
CZ0314024,Phengaris nausithous,"86,""7050d""",2000-01-01
CZ0314024,Phengaris nausithous,"95,""7350c""",2000-01-01
CZ0314024,Phengaris nausithous,"96,""6847a""",1995-01-01
CZ0314024,Phengaris nausithous,"96,""6847b""",1995-01-01
CZ0314024,Phengaris nausithous,"96,""6847c""",1995-01-01
CZ0314024,Phengaris nausithous,"96,""6847d""",1995-01-01
CZ0314024,Phengaris nausithous,"96,""6949a""",1995-01-01
CZ0314024,Phengaris nausithous,"96,""6949b""",1995-01-01
CZ0314024,Phengaris nausithous,"96,""6949c""",1995-01-01
CZ0314024,Phengaris nausithous,"96,""6949d""",1995-01-01
CZ0314024,Phengaris nausithous,"96,""7050a""",1995-01-01
CZ0314024,Phengaris nausithous,"96,""7050b""",1995-01-01
CZ0314024,Phengaris nausithous,"96,""7050c""",1995-01-01
CZ0314024,Phengaris nausithous,"96,""7050d""",1995-01-01
CZ0314024,Phengaris nausithous,"96,""7250a""",2009-08-08
CZ0314024,Phengaris nausithous,"96,""7250b""",2009-08-08
CZ0314024,Phengaris nausithous,"96,""7250c""",2009-08-08
CZ0314024,Phengaris nausithous,"96,""7250d""",2009-08-08
CZ0314024,Phengaris nausithous,"99,""6846b""",2021-07-12
CZ0314024,Phengaris nausithous,"99,""7050d""",2010-08-09
CZ0314024,Phengaris teleius,"01,""7250a""",1995-01-01
CZ0314024,Phengaris teleius,"01,""7250b""",2020-08-01
CZ0314024,Phengaris teleius,"26,""7050d""",2000-01-01
CZ0314024,Phengaris teleius,"39,""7149b""",2020-08-01
CZ0314024,Phengaris teleius,"47,""7350a""",2019-07-25
CZ0314024,Phengaris teleius,"62,""7250c""",2021-07-23
CZ0314024,Phengaris teleius,6949c,2024-07-14
CZ0314024,Phengaris teleius,7048c,2015-07-11
CZ0314024,Phengaris teleius,7048d,2023-07-09
CZ0314024,Phengaris teleius,7049a,2023-08-08
CZ0314024,Phengaris teleius,7049b,2019-07-27
CZ0314024,Phengaris teleius,7049c,2019-07-25
CZ0314024,Phengaris teleius,7049d,2020-08-01
CZ0314024,Phengaris teleius,7050c,2014-08-02
CZ0314024,Phengaris teleius,7050d,2020-07-23
CZ0314024,Phengaris teleius,7148b,2023-07-18
CZ0314024,Phengaris teleius,7149a,2024-07-19
CZ0314024,Phengaris teleius,7149b,2020-08-01
CZ0314024,Phengaris teleius,7149c,2023-07-14
CZ0314024,Phengaris teleius,7149d,2022-07-12
CZ0314024,Phengaris teleius,7249b,2023-07-21
CZ0314024,Phengaris teleius,7249d,2025-07-10
CZ0314024,Phengaris teleius,7250a,2019-07-23
CZ0314024,Phengaris teleius,7250b,2025-06-14
CZ0314024,Phengaris teleius,7250c,2022-07-14
CZ0314024,Phengaris teleius,7350a,2022-07-14
CZ0314024,Phengaris teleius,7350b,2025-07-23
CZ0314024,Phengaris teleius,7350c,2019-07-25
CZ0314024,Phengaris teleius,7350d,2024-06-23
CZ0314024,Phengaris teleius,7351c,2020-07-27
CZ0314024,Phengaris teleius,7451a,2020-07-29
CZ0314024,Phengaris teleius,"75,""7049d""",2020-08-01
CZ0314024,Phengaris teleius,"77,""7050c""",1995-01-01
CZ0314024,Phengaris teleius,"96,""7250a""",2007-07-23
CZ0314024,Phengaris teleius,"96,""7250b""",2007-07-23
CZ0314024,Phengaris teleius,"96,""7250c""",2007-07-23
CZ0314024,Phengaris teleius,"96,""7250d""",2007-07-23
CZ0314024,Phengaris teleius,"96,""7350a""",2006-07-10
CZ0314024,Phengaris teleius,"96,""7350b""",2006-07-10
CZ0314024,Phengaris teleius,"96,""7350c""",2006-07-10
CZ0314024,Phengaris teleius,"96,""7350d""",2006-07-10
CZ0314024,Rhinolophus hipposideros,"18,""6847c""",2008-01-08
CZ0314024,Rhinolophus hipposideros,6846b,2001-07-19
CZ0314024,Rhinolophus hipposideros,6846d,2000-12-09
CZ0314024,Rhinolophus hipposideros,6847a,2006-05-31
CZ0314024,Rhinolophus hipposideros,6847c,2025-05-29
CZ0314024,Rhinolophus hipposideros,6847d,2022-08-17
CZ0314024,Rhinolophus hipposideros,6947b,2024-05-01
CZ0314024,Rhinolophus hipposideros,"96,""6746a""",2012-06-21
CZ0314024,Rhinolophus hipposideros,"96,""6746b""",2012-06-21
CZ0314024,Rhinolophus hipposideros,"96,""6746c""",2012-06-21
CZ0314024,Rhinolophus hipposideros,"96,""6746d""",2012-06-21
CZ0314024,Rhinolophus hipposideros,"96,""6846a""",2012-06-21
CZ0314024,Rhinolophus hipposideros,"96,""6846b""",2012-06-21
CZ0314024,Rhinolophus hipposideros,"96,""6846c""",2012-06-21
CZ0314024,Rhinolophus hipposideros,"96,""6846d""",2012-06-21
CZ0314024,Rhinolophus hipposideros,"96,""6847a""",2012-06-21
CZ0314024,Rhinolophus hipposideros,"96,""6847b""",2012-06-21
CZ0314024,Rhinolophus hipposideros,"96,""6847c""",2012-06-21
CZ0314024,Rhinolophus hipposideros,"96,""6847d""",2012-06-21
CZ0314024,Rhinolophus hipposideros,"96,""7149a""",2011-12-21
CZ0314024,Rhinolophus hipposideros,"96,""7149b""",2011-12-21
CZ0314024,Rhinolophus hipposideros,"96,""7149c""",2011-12-21
CZ0314024,Rhinolophus hipposideros,"96,""7149d""",2011-12-21
CZ0314024,Rhinolophus hipposideros,"96,""7250a""",2011-12-21
CZ0314024,Rhinolophus hipposideros,"96,""7250b""",2011-12-21
CZ0314024,Rhinolophus hipposideros,"96,""7250c""",2011-12-21
CZ0314024,Rhinolophus hipposideros,"96,""7250d""",2011-12-21
CZ0314024,Rumex sp.,6845b,2005-01-01
CZ0314024,Rumex sp.,6846a,2008-08-13
CZ0314024,Rumex sp.,6846c,2010-09-14
CZ0314024,Rumex sp.,6846d,2024-05-15
CZ0314024,Rumex sp.,6946b,2025-06-18
CZ0314024,Rumex sp.,6947a,2024-05-10
CZ0314024,Rumex sp.,7049c,2010-06-29
CZ0314024,Rumex sp.,7149b,2017-08-22
CZ0314024,Rumex sp.,7149c,2025-06-13
CZ0314024,Rumex sp.,7249b,2025-06-17
CZ0314024,Salmo trutta,"01,""7048d""",2004-01-01
CZ0314024,Salmo trutta,"01,""7149d""",2004-01-01
CZ0314024,Salmo trutta,"06,""6745a""",2004-01-01
CZ0314024,Salmo trutta,"22,""6845c""",2004-01-01
CZ0314024,Salmo trutta,"53,""7250c""",2004-01-01
CZ0314024,Salmo trutta,6744a,2003-01-01
CZ0314024,Salmo trutta,6744b,2016-08-02
CZ0314024,Salmo trutta,6744d,2016-08-02
CZ0314024,Salmo trutta,6745a,2002-10-23
CZ0314024,Salmo trutta,6745b,2010-10-14
CZ0314024,Salmo trutta,6745c,2023-09-06
CZ0314024,Salmo trutta,6745d,2001-01-01
CZ0314024,Salmo trutta,6746a,2010-10-07
CZ0314024,Salmo trutta,6746d,2009-10-24
CZ0314024,Salmo trutta,6747c,2021-08-19
CZ0314024,Salmo trutta,6845a,2022-10-12
CZ0314024,Salmo trutta,6845b,2024-06-06
CZ0314024,Salmo trutta,6845c,2024-03-09
CZ0314024,Salmo trutta,6845d,2025-08-31
CZ0314024,Salmo trutta,6846a,2025-04-28
CZ0314024,Salmo trutta,6846b,2021-07-12
CZ0314024,Salmo trutta,6846c,2025-11-04
CZ0314024,Salmo trutta,6846d,2023-10-16
CZ0314024,Salmo trutta,6847a,2018-04-27
CZ0314024,Salmo trutta,6847c,2021-08-19
CZ0314024,Salmo trutta,6946a,2025-09-28
CZ0314024,Salmo trutta,6946b,2024-10-07
CZ0314024,Salmo trutta,6946c,2024-05-13
CZ0314024,Salmo trutta,6946d,2024-09-16
CZ0314024,Salmo trutta,6947a,2023-10-24
CZ0314024,Salmo trutta,6947b,2010-01-01
CZ0314024,Salmo trutta,6947c,2025-11-06
CZ0314024,Salmo trutta,6947d,2025-06-02
CZ0314024,Salmo trutta,6948a,2025-06-30
CZ0314024,Salmo trutta,6948c,2019-10-17
CZ0314024,Salmo trutta,6948d,2003-10-16
CZ0314024,Salmo trutta,6949c,2023-09-22
CZ0314024,Salmo trutta,6949d,2024-12-06
CZ0314024,Salmo trutta,7046b,2024-09-03
CZ0314024,Salmo trutta,7047b,2025-06-03
CZ0314024,Salmo trutta,7047d,2009-08-20
CZ0314024,Salmo trutta,7048a,2023-09-18
CZ0314024,Salmo trutta,7048b,2024-06-17
CZ0314024,Salmo trutta,7048c,2023-11-17
CZ0314024,Salmo trutta,7048d,2025-09-13
CZ0314024,Salmo trutta,7049a,2023-06-26
CZ0314024,Salmo trutta,7049b,2024-04-13
CZ0314024,Salmo trutta,7049c,2023-09-21
CZ0314024,Salmo trutta,7049d,2023-06-27
CZ0314024,Salmo trutta,7050a,2010-01-01
CZ0314024,Salmo trutta,7050b,2022-08-09
CZ0314024,Salmo trutta,7050c,2023-10-13
CZ0314024,Salmo trutta,7050d,2024-10-07
CZ0314024,Salmo trutta,7148a,2025-07-23
CZ0314024,Salmo trutta,7148b,2025-07-22
CZ0314024,Salmo trutta,7148d,2025-11-30
CZ0314024,Salmo trutta,7149a,2025-11-03
CZ0314024,Salmo trutta,7149b,2025-11-03
CZ0314024,Salmo trutta,7149c,2025-11-14
CZ0314024,Salmo trutta,7149d,2025-05-06
CZ0314024,Salmo trutta,7249a,2026-01-14
CZ0314024,Salmo trutta,7249b,2025-06-17
CZ0314024,Salmo trutta,7249d,2023-09-01
CZ0314024,Salmo trutta,7250a,2023-10-04
CZ0314024,Salmo trutta,7250c,2021-06-10
CZ0314024,Salmo trutta,7350a,2023-09-26
CZ0314024,Salmo trutta,"8,""6744a""",2004-01-01
CZ0314024,Salmo trutta,"81,""6745b""",2004-01-01
CZ0314024,Salmo trutta,"81,""6949d""",2012-07-06
CZ0314024,Salmo trutta,"81,""7048d""",2004-01-01
CZ0314024,Salmo trutta,"87,""6744b""",2004-01-01
CZ0314024,Salmo trutta,"88,""6845a""",2004-01-01
CZ0314024,Salmo trutta,"93,""6744b""",2004-01-01
CZ0314024,Salmo trutta,"93,""6745c""",2004-01-01
CZ0314024,Sanguisorba officinalis,"01,""6948d""",2019-06-18
CZ0314024,Sanguisorba officinalis,"01,""7050c""",2013-05-09
CZ0314024,Sanguisorba officinalis,"01,""7050d""",2013-05-08
CZ0314024,Sanguisorba officinalis,"01,""7149a""",2016-06-22
CZ0314024,Sanguisorba officinalis,"02,""7048d""",2008-12-01
CZ0314024,Sanguisorba officinalis,"02,""7149b""",2012-07-14
CZ0314024,Sanguisorba officinalis,"02,""7150a""",2012-07-14
CZ0314024,Sanguisorba officinalis,"05,""7048c""",2015-07-30
CZ0314024,Sanguisorba officinalis,"06,""7149d""",2016-08-30
CZ0314024,Sanguisorba officinalis,"06,""7249d""",2015-07-10
CZ0314024,Sanguisorba officinalis,"07,""7050d""",2017-08-14
CZ0314024,Sanguisorba officinalis,"07,""7450b""",2015-06-27
CZ0314024,Sanguisorba officinalis,"08,""7149b""",2016-08-30
CZ0314024,Sanguisorba officinalis,"09,""7049d""",2004-08-01
CZ0314024,Sanguisorba officinalis,"1,""7149a""",2016-08-11
CZ0314024,Sanguisorba officinalis,"11,""7048d""",2018-07-02
CZ0314024,Sanguisorba officinalis,"11,""7050a""",2013-08-31
CZ0314024,Sanguisorba officinalis,"11,""7350c""",2015-07-06
CZ0314024,Sanguisorba officinalis,"12,""7047b""",2015-07-22
CZ0314024,Sanguisorba officinalis,"16,""6847c""",2012-06-29
CZ0314024,Sanguisorba officinalis,"16,""7351c""",2015-08-30
CZ0314024,Sanguisorba officinalis,"17,""7149a""",2004-08-01
CZ0314024,Sanguisorba officinalis,"18,""7050d""",2017-08-30
CZ0314024,Sanguisorba officinalis,"18,""7250a""",2004-07-03
CZ0314024,Sanguisorba officinalis,"18,""7250c""",2015-06-05
CZ0314024,Sanguisorba officinalis,"19,""7250c""",2012-06-10
CZ0314024,Sanguisorba officinalis,"2,""7047b""",2022-07-11
CZ0314024,Sanguisorba officinalis,"22,""6845a""",2024-05-21
CZ0314024,Sanguisorba officinalis,"23,""7048b""",2002-08-17
CZ0314024,Sanguisorba officinalis,"24,""6845a""",2024-05-21
CZ0314024,Sanguisorba officinalis,"24,""7149a""",2016-08-11
CZ0314024,Sanguisorba officinalis,"24,""7451a""",2015-07-11
CZ0314024,Sanguisorba officinalis,"28,""7049c""",2016-09-14
CZ0314024,Sanguisorba officinalis,"3,""7350b""",2015-08-30
CZ0314024,Sanguisorba officinalis,"31,""7050c""",2013-06-07
CZ0314024,Sanguisorba officinalis,"34,""7049c""",2015-07-13
CZ0314024,Sanguisorba officinalis,"35,""7149b""",2016-08-11
CZ0314024,Sanguisorba officinalis,"37,""7048b""",2008-12-01
CZ0314024,Sanguisorba officinalis,"37,""7149a""",2016-09-02
CZ0314024,Sanguisorba officinalis,"38,""7149b""",2016-08-30
CZ0314024,Sanguisorba officinalis,"39,""7149a""",2004-08-01
CZ0314024,Sanguisorba officinalis,"4,""6745c""",2024-06-18
CZ0314024,Sanguisorba officinalis,"41,""7050c""",2017-07-30
CZ0314024,Sanguisorba officinalis,"42,""6946b""",2018-07-19
CZ0314024,Sanguisorba officinalis,"42,""7351c""",2015-08-30
CZ0314024,Sanguisorba officinalis,"44,""7148b""",2015-06-29
CZ0314024,Sanguisorba officinalis,"45,""7050b""",2013-05-08
CZ0314024,Sanguisorba officinalis,"45,""7149c""",2016-08-08
CZ0314024,Sanguisorba officinalis,"46,""7048d""",2015-09-05
CZ0314024,Sanguisorba officinalis,"46,""7249a""",2009-08-28
CZ0314024,Sanguisorba officinalis,"47,""7450a""",2015-07-06
CZ0314024,Sanguisorba officinalis,"48,""7048d""",2015-09-05
CZ0314024,Sanguisorba officinalis,"48,""7250c""",2012-06-09
CZ0314024,Sanguisorba officinalis,"49,""7048d""",2018-07-03
CZ0314024,Sanguisorba officinalis,"49,""7249a""",2016-07-12
CZ0314024,Sanguisorba officinalis,"5,""7050a""",2013-08-31
CZ0314024,Sanguisorba officinalis,"51,""7048d""",2004-04-02
CZ0314024,Sanguisorba officinalis,"51,""7050d""",2017-08-29
CZ0314024,Sanguisorba officinalis,"51,""7249d""",2015-06-01
CZ0314024,Sanguisorba officinalis,"51,""7351c""",2023-04-24
CZ0314024,Sanguisorba officinalis,"52,""6745d""",2008-05-29
CZ0314024,Sanguisorba officinalis,"52,""7049d""",2023-06-28
CZ0314024,Sanguisorba officinalis,"52,""7050b""",2013-08-31
CZ0314024,Sanguisorba officinalis,"52,""7451a""",2015-06-27
CZ0314024,Sanguisorba officinalis,"53,""6847d""",2013-05-14
CZ0314024,Sanguisorba officinalis,"53,""7149b""",2016-08-30
CZ0314024,Sanguisorba officinalis,"54,""7150c""",2012-06-12
CZ0314024,Sanguisorba officinalis,"54,""7350a""",2025-06-30
CZ0314024,Sanguisorba officinalis,"55,""7250c""",2015-06-10
CZ0314024,Sanguisorba officinalis,"56,""7049a""",2022-05-02
CZ0314024,Sanguisorba officinalis,"56,""7149d""",2016-09-09
CZ0314024,Sanguisorba officinalis,"58,""7249b""",2004-07-03
CZ0314024,Sanguisorba officinalis,"59,""7049d""",2020-08-01
CZ0314024,Sanguisorba officinalis,"6,""7048a""",2014-06-20
CZ0314024,Sanguisorba officinalis,"6,""7049d""",2015-05-31
CZ0314024,Sanguisorba officinalis,"62,""7048d""",2004-04-02
CZ0314024,Sanguisorba officinalis,"62,""7149a""",2016-06-14
CZ0314024,Sanguisorba officinalis,"62,""7149b""",2007-08-18
CZ0314024,Sanguisorba officinalis,"62,""7249b""",2010-08-12
CZ0314024,Sanguisorba officinalis,"63,""7050c""",2013-05-08
CZ0314024,Sanguisorba officinalis,"63,""7249a""",2016-07-12
CZ0314024,Sanguisorba officinalis,"63,""7450b""",2015-07-03
CZ0314024,Sanguisorba officinalis,"66,""7149a""",2016-06-07
CZ0314024,Sanguisorba officinalis,"66,""7149b""",2016-06-07
CZ0314024,Sanguisorba officinalis,"66,""7249b""",2016-07-12
CZ0314024,Sanguisorba officinalis,"67,""7249b""",2015-07-10
CZ0314024,Sanguisorba officinalis,6744a,2012-08-07
CZ0314024,Sanguisorba officinalis,6744b,2016-06-08
CZ0314024,Sanguisorba officinalis,6744d,2024-08-16
CZ0314024,Sanguisorba officinalis,6745a,2010-09-13
CZ0314024,Sanguisorba officinalis,6745b,2022-06-15
CZ0314024,Sanguisorba officinalis,6745c,2024-06-18
CZ0314024,Sanguisorba officinalis,6745d,2022-08-23
CZ0314024,Sanguisorba officinalis,6746a,2012-09-17
CZ0314024,Sanguisorba officinalis,6746c,2025-05-15
CZ0314024,Sanguisorba officinalis,6746d,2017-08-10
CZ0314024,Sanguisorba officinalis,"68,""7050d""",2017-08-30
CZ0314024,Sanguisorba officinalis,"68,""7249a""",2016-07-12
CZ0314024,Sanguisorba officinalis,6845a,2024-07-17
CZ0314024,Sanguisorba officinalis,6845b,2020-06-12
CZ0314024,Sanguisorba officinalis,6845c,2024-04-01
CZ0314024,Sanguisorba officinalis,6845d,2023-06-27
CZ0314024,Sanguisorba officinalis,6846a,2023-06-13
CZ0314024,Sanguisorba officinalis,6846b,2023-06-15
CZ0314024,Sanguisorba officinalis,6846c,2023-06-20
CZ0314024,Sanguisorba officinalis,6846d,2025-06-11
CZ0314024,Sanguisorba officinalis,6847a,2013-06-13
CZ0314024,Sanguisorba officinalis,6847c,2024-09-10
CZ0314024,Sanguisorba officinalis,6847d,2023-06-21
CZ0314024,Sanguisorba officinalis,"69,""6947d""",2008-05-01
CZ0314024,Sanguisorba officinalis,"69,""7049c""",2016-06-30
CZ0314024,Sanguisorba officinalis,"69,""7050b""",2013-08-31
CZ0314024,Sanguisorba officinalis,"69,""7050c""",2013-07-01
CZ0314024,Sanguisorba officinalis,6946b,2018-07-19
CZ0314024,Sanguisorba officinalis,6946d,2012-08-18
CZ0314024,Sanguisorba officinalis,6947b,2024-05-20
CZ0314024,Sanguisorba officinalis,6947c,2024-06-25
CZ0314024,Sanguisorba officinalis,6947d,2023-06-28
CZ0314024,Sanguisorba officinalis,6948a,2025-06-12
CZ0314024,Sanguisorba officinalis,6948b,2019-06-20
CZ0314024,Sanguisorba officinalis,6948c,2025-08-31
CZ0314024,Sanguisorba officinalis,6948d,2021-07-26
CZ0314024,Sanguisorba officinalis,6949c,2019-06-20
CZ0314024,Sanguisorba officinalis,6949d,2024-05-17
CZ0314024,Sanguisorba officinalis,7046b,2002-07-05
CZ0314024,Sanguisorba officinalis,7047b,2023-08-22
CZ0314024,Sanguisorba officinalis,7047d,2014-08-04
CZ0314024,Sanguisorba officinalis,7048a,2023-09-16
CZ0314024,Sanguisorba officinalis,7048b,2024-07-18
CZ0314024,Sanguisorba officinalis,7048c,2015-07-10
CZ0314024,Sanguisorba officinalis,7048d,2025-09-07
CZ0314024,Sanguisorba officinalis,7049a,2020-07-14
CZ0314024,Sanguisorba officinalis,7049b,2025-09-19
CZ0314024,Sanguisorba officinalis,7049c,2025-09-09
CZ0314024,Sanguisorba officinalis,7049d,2023-06-28
CZ0314024,Sanguisorba officinalis,7050a,2013-08-31
CZ0314024,Sanguisorba officinalis,7050b,2013-09-13
CZ0314024,Sanguisorba officinalis,7050c,2022-05-15
CZ0314024,Sanguisorba officinalis,7050d,2020-08-28
CZ0314024,Sanguisorba officinalis,"71,""7049d""",2015-05-31
CZ0314024,Sanguisorba officinalis,"71,""7350d""",2015-08-30
CZ0314024,Sanguisorba officinalis,7148a,2012-06-28
CZ0314024,Sanguisorba officinalis,7148b,2025-06-19
CZ0314024,Sanguisorba officinalis,7148d,2022-06-26
CZ0314024,Sanguisorba officinalis,7149a,2024-08-02
CZ0314024,Sanguisorba officinalis,7149b,2017-08-23
CZ0314024,Sanguisorba officinalis,7149c,2019-08-29
CZ0314024,Sanguisorba officinalis,7149d,2025-11-07
CZ0314024,Sanguisorba officinalis,7150a,2012-07-14
CZ0314024,Sanguisorba officinalis,7150c,2012-06-12
CZ0314024,Sanguisorba officinalis,"72,""7250c""",2012-06-11
CZ0314024,Sanguisorba officinalis,7249a,2021-09-22
CZ0314024,Sanguisorba officinalis,7249b,2025-08-08
CZ0314024,Sanguisorba officinalis,7249d,2025-05-18
CZ0314024,Sanguisorba officinalis,7250a,2025-08-29
CZ0314024,Sanguisorba officinalis,7250b,2024-08-26
CZ0314024,Sanguisorba officinalis,7250c,2025-09-01
CZ0314024,Sanguisorba officinalis,7250d,2024-09-23
CZ0314024,Sanguisorba officinalis,"73,""6744d""",2016-07-08
CZ0314024,Sanguisorba officinalis,"73,""6846b""",2003-07-20
CZ0314024,Sanguisorba officinalis,"73,""7048a""",2016-07-10
CZ0314024,Sanguisorba officinalis,7350a,2025-07-04
CZ0314024,Sanguisorba officinalis,7350b,2025-07-19
CZ0314024,Sanguisorba officinalis,7350c,2025-08-06
CZ0314024,Sanguisorba officinalis,7350d,2024-05-10
CZ0314024,Sanguisorba officinalis,7351c,2023-04-24
CZ0314024,Sanguisorba officinalis,7450b,2016-05-14
CZ0314024,Sanguisorba officinalis,7451a,2024-07-12
CZ0314024,Sanguisorba officinalis,"75,""7050c""",2017-08-29
CZ0314024,Sanguisorba officinalis,"75,""7250a""",2012-06-12
CZ0314024,Sanguisorba officinalis,"76,""6947c""",2010-04-06
CZ0314024,Sanguisorba officinalis,"78,""7149b""",2016-06-07
CZ0314024,Sanguisorba officinalis,"78,""7350a""",2012-06-11
CZ0314024,Sanguisorba officinalis,"78,""7350d""",2015-06-26
CZ0314024,Sanguisorba officinalis,"79,""7048d""",2008-12-01
CZ0314024,Sanguisorba officinalis,"79,""7149a""",2016-08-11
CZ0314024,Sanguisorba officinalis,"8,""7048d""",2018-06-04
CZ0314024,Sanguisorba officinalis,"8,""7149b""",2017-07-15
CZ0314024,Sanguisorba officinalis,"81,""6847d""",2022-05-07
CZ0314024,Sanguisorba officinalis,"82,""7049c""",2016-06-30
CZ0314024,Sanguisorba officinalis,"83,""6948d""",2004-07-03
CZ0314024,Sanguisorba officinalis,"83,""7149b""",2016-06-28
CZ0314024,Sanguisorba officinalis,"83,""7149d""",2016-08-30
CZ0314024,Sanguisorba officinalis,"84,""7050c""",2013-08-30
CZ0314024,Sanguisorba officinalis,"84,""7148b""",2015-06-20
CZ0314024,Sanguisorba officinalis,"84,""7149b""",2016-08-11
CZ0314024,Sanguisorba officinalis,"85,""6948a""",2012-09-20
CZ0314024,Sanguisorba officinalis,"85,""7049b""",2011-08-12
CZ0314024,Sanguisorba officinalis,"85,""7450b""",2015-07-11
CZ0314024,Sanguisorba officinalis,"86,""7048b""",2004-07-03
CZ0314024,Sanguisorba officinalis,"86,""7049d""",2022-03-28
CZ0314024,Sanguisorba officinalis,"87,""7149a""",2015-07-31
CZ0314024,Sanguisorba officinalis,"88,""6947d""",2010-04-06
CZ0314024,Sanguisorba officinalis,"9,""7050c""",2017-08-29
CZ0314024,Sanguisorba officinalis,"91,""6948c""",2014-06-20
CZ0314024,Sanguisorba officinalis,"91,""7048d""",2016-06-29
CZ0314024,Sanguisorba officinalis,"91,""7050b""",2013-09-13
CZ0314024,Sanguisorba officinalis,"91,""7149a""",2015-09-05
CZ0314024,Sanguisorba officinalis,"91,""7249a""",2016-07-12
CZ0314024,Sanguisorba officinalis,"91,""7450a""",2025-06-30
CZ0314024,Sanguisorba officinalis,"92,""6948c""",2012-05-01
CZ0314024,Sanguisorba officinalis,"92,""7049c""",2004-08-01
CZ0314024,Sanguisorba officinalis,"92,""7150a""",2012-07-14
CZ0314024,Sanguisorba officinalis,"92,""7450b""",2015-06-27
CZ0314024,Sanguisorba officinalis,"93,""6846a""",2012-09-11
CZ0314024,Sanguisorba officinalis,"93,""7149b""",2017-08-12
CZ0314024,Sanguisorba officinalis,"93,""7149d""",2016-08-30
CZ0314024,Sanguisorba officinalis,"94,""7048b""",2009-08-20
CZ0314024,Sanguisorba officinalis,"94,""7149a""",2001-07-07
CZ0314024,Sanguisorba officinalis,"95,""7049d""",2015-08-28
CZ0314024,Sanguisorba officinalis,"95,""7451a""",2015-06-27
CZ0314024,Sanguisorba officinalis,"96,""6846a""",2008-07-03
CZ0314024,Sanguisorba officinalis,"96,""7249b""",2013-06-18
CZ0314024,Sanguisorba officinalis,"97,""7149a""",2016-08-15
CZ0314024,Sanguisorba officinalis,"97,""7150a""",2012-07-14
CZ0314024,Sanguisorba officinalis,"98,""6845a""",2024-05-21
CZ0314024,Sanguisorba officinalis,"98,""7050c""",2013-06-07
CZ0314024,Sanguisorba officinalis,"98,""7149a""",2015-07-13
CZ0314024,Sanguisorba officinalis,"99,""6846a""",2019-06-01
CZ0314024,Sanguisorba officinalis,"99,""6846b""",2021-07-12
CZ0314024,Sanguisorba officinalis,"99,""7048d""",2015-06-05
CZ0314024,Sanguisorba officinalis,"99,""7049c""",2016-06-30
CZ0314024,Sanguisorba officinalis,"99,""7149a""",2016-08-20
CZ0314024,Sanguisorba officinalis,"99,""7249a""",2016-07-12
CZ0314024,Scardinius erythrophthalmus,"53,""7250c""",2004-01-01
CZ0314024,Scardinius erythrophthalmus,6744b,2016-01-12
CZ0314024,Scardinius erythrophthalmus,7149d,2019-10-03
CZ0314024,Scardinius erythrophthalmus,7250d,2018-08-28
CZ0314024,Scardinius erythrophthalmus,"94,""6744b""",2011-01-01
CZ0314024,Scardinius erythrophthalmus,"98,""7250c""",2009-01-01
CZ0314024,Succisa pratensis,"01,""7049b""",2003-06-14
CZ0314024,Succisa pratensis,"01,""7050c""",2013-05-09
CZ0314024,Succisa pratensis,"01,""7050d""",2013-05-08
CZ0314024,Succisa pratensis,"02,""7149b""",2012-07-14
CZ0314024,Succisa pratensis,"02,""7150a""",2012-07-14
CZ0314024,Succisa pratensis,"03,""7250b""",2009-08-31
CZ0314024,Succisa pratensis,"06,""7249d""",2015-07-10
CZ0314024,Succisa pratensis,"19,""7250c""",2012-06-10
CZ0314024,Succisa pratensis,"35,""7149b""",2016-08-11
CZ0314024,Succisa pratensis,"45,""7050b""",2013-05-08
CZ0314024,Succisa pratensis,"46,""7048d""",2015-09-05
CZ0314024,Succisa pratensis,"5,""6846c""",2010-08-17
CZ0314024,Succisa pratensis,"51,""7249d""",2015-06-01
CZ0314024,Succisa pratensis,"54,""7049d""",2022-03-28
CZ0314024,Succisa pratensis,"54,""7350a""",2025-06-30
CZ0314024,Succisa pratensis,"55,""6845a""",2021-09-30
CZ0314024,Succisa pratensis,"55,""7249b""",2004-07-03
CZ0314024,Succisa pratensis,"56,""6947d""",2001-10-10
CZ0314024,Succisa pratensis,"58,""7249b""",2004-07-03
CZ0314024,Succisa pratensis,"6,""7149a""",2001-07-07
CZ0314024,Succisa pratensis,"62,""7149b""",2007-08-18
CZ0314024,Succisa pratensis,"62,""7249b""",2010-08-12
CZ0314024,Succisa pratensis,"67,""7249b""",2015-07-10
CZ0314024,Succisa pratensis,6744b,2003-08-14
CZ0314024,Succisa pratensis,6745b,2008-05-29
CZ0314024,Succisa pratensis,6745d,2012-09-18
CZ0314024,Succisa pratensis,6746c,2012-09-11
CZ0314024,Succisa pratensis,6746d,2017-08-21
CZ0314024,Succisa pratensis,6845b,2005-07-20
CZ0314024,Succisa pratensis,6845d,2009-08-25
CZ0314024,Succisa pratensis,6846c,2023-07-04
CZ0314024,Succisa pratensis,6846d,2023-06-22
CZ0314024,Succisa pratensis,6847c,2023-05-01
CZ0314024,Succisa pratensis,6847d,2019-07-13
CZ0314024,Succisa pratensis,"69,""7050c""",2013-07-01
CZ0314024,Succisa pratensis,6946b,2010-09-03
CZ0314024,Succisa pratensis,6947b,2024-09-11
CZ0314024,Succisa pratensis,6947c,2021-07-16
CZ0314024,Succisa pratensis,6948a,2015-08-20
CZ0314024,Succisa pratensis,6948c,2025-10-02
CZ0314024,Succisa pratensis,6948d,2025-08-09
CZ0314024,Succisa pratensis,6949c,2004-09-03
CZ0314024,Succisa pratensis,7047b,2022-07-07
CZ0314024,Succisa pratensis,7048a,2024-08-27
CZ0314024,Succisa pratensis,7048d,2012-07-13
CZ0314024,Succisa pratensis,7049a,2011-08-11
CZ0314024,Succisa pratensis,7049b,2023-05-01
CZ0314024,Succisa pratensis,7049c,2023-04-24
CZ0314024,Succisa pratensis,7049d,2023-06-28
CZ0314024,Succisa pratensis,7050b,2013-09-13
CZ0314024,Succisa pratensis,7050c,2022-05-15
CZ0314024,Succisa pratensis,7050d,2020-08-28
CZ0314024,Succisa pratensis,7148b,2015-09-05
CZ0314024,Succisa pratensis,7148d,2011-08-26
CZ0314024,Succisa pratensis,7149a,2025-09-11
CZ0314024,Succisa pratensis,7149b,2017-06-09
CZ0314024,Succisa pratensis,7149c,2016-07-13
CZ0314024,Succisa pratensis,7149d,2023-07-25
CZ0314024,Succisa pratensis,7150a,2012-07-14
CZ0314024,Succisa pratensis,7150c,2004-07-03
CZ0314024,Succisa pratensis,"72,""7250c""",2012-06-11
CZ0314024,Succisa pratensis,7249a,2011-07-13
CZ0314024,Succisa pratensis,7249b,2019-08-28
CZ0314024,Succisa pratensis,7249d,2024-10-08
CZ0314024,Succisa pratensis,7250a,2014-06-06
CZ0314024,Succisa pratensis,7250b,2023-05-24
CZ0314024,Succisa pratensis,7250c,2025-09-01
CZ0314024,Succisa pratensis,7250d,2012-06-18
CZ0314024,Succisa pratensis,7350a,2023-04-24
CZ0314024,Succisa pratensis,7350b,2015-08-31
CZ0314024,Succisa pratensis,7350c,2022-05-15
CZ0314024,Succisa pratensis,7350d,2025-05-01
CZ0314024,Succisa pratensis,7351c,2015-08-30
CZ0314024,Succisa pratensis,"78,""7249d""",2016-06-04
CZ0314024,Succisa pratensis,"78,""7250c""",2012-06-11
CZ0314024,Succisa pratensis,"8,""7149a""",2004-08-01
CZ0314024,Succisa pratensis,"84,""7050c""",2013-08-30
CZ0314024,Succisa pratensis,"84,""7149b""",2016-08-11
CZ0314024,Succisa pratensis,"87,""7149a""",2015-07-31
CZ0314024,Succisa pratensis,"92,""6948c""",2012-05-01
CZ0314024,Succisa pratensis,"95,""7049d""",2015-08-28
CZ0314024,Succisa pratensis,"97,""7149a""",2016-08-15
CZ0314024,Succisa pratensis,"98,""7050c""",2013-07-01
CZ0314024,Succisa pratensis,"99,""7050c""",2018-06-07
CZ0314024,Succisa pratensis,"99,""7350d""",2015-06-24
CZ0314024,Triturus cristatus,7050d,2018-04-20
CZ0314024,Unio crassus,7048b,2024-08-24
CZ0314024,Vertigo angustior,7050c,2023-10-27
CZ0314024,Vertigo angustior,7050d,2023-10-27
CZ0314024,Vertigo angustior,7250b,2023-10-28
CZ0314044,Barbastella barbastellus,6948b,2001-01-03
CZ0314044,Gentianella praecox subsp. bohemica,6948b,2025-10-25
CZ0314044,Myotis myotis,6948b,2008-01-11
CZ0314109,Bombina bombina,"23,""6854c""",2020-05-20
CZ0314109,Hamatocaulis vernicosus,6854a,2013-05-01
CZ0314109,Hamatocaulis vernicosus,6854c,2023-10-10
CZ0314109,Lemna trisulca,6854a,2025-06-20
CZ0314109,Liparis loeselii,6854a,2015-08-07
CZ0314109,Liparis loeselii,6854c,2025-09-10
CZ0314109,Lycaena dispar,6854c,2022-08-12
CZ0314109,Sanguisorba officinalis,"12,""6854c""",2025-06-15
CZ0314109,Sanguisorba officinalis,"57,""6854a""",2004-07-07
CZ0314109,Sanguisorba officinalis,6854a,2025-06-15
CZ0314109,Sanguisorba officinalis,6854c,2025-06-15
CZ0314109,Sanguisorba officinalis,"98,""6854c""",2009-07-06
CZ0314109,Succisa pratensis,"12,""6854c""",2025-06-15
CZ0314109,Succisa pratensis,6854a,2025-06-15
CZ0314109,Succisa pratensis,6854c,2025-06-15
CZ0314109,Succisa pratensis,"98,""6854c""",2009-07-06
CZ0314109,Unio crassus,6854c,2008-03-10
CZ0314123,Barbastella barbastellus,"96,""7149a""",2011-12-21
CZ0314123,Barbastella barbastellus,"96,""7149b""",2011-12-21
CZ0314123,Barbastella barbastellus,"96,""7149c""",2011-12-21
CZ0314123,Barbastella barbastellus,"96,""7149d""",2011-12-21
CZ0314123,Barbastella barbastellus,"96,""7150a""",2011-12-21
CZ0314123,Barbastella barbastellus,"96,""7150b""",2011-12-21
CZ0314123,Barbastella barbastellus,"96,""7150c""",2011-12-21
CZ0314123,Barbastella barbastellus,"96,""7150d""",2011-12-21
CZ0314123,Barbastella barbastellus,"96,""7151a""",2011-12-21
CZ0314123,Barbastella barbastellus,"96,""7151b""",2011-12-21
CZ0314123,Barbastella barbastellus,"96,""7151c""",2011-12-21
CZ0314123,Barbastella barbastellus,"96,""7151d""",2011-12-21
CZ0314123,Barbastella barbastellus,"96,""7250a""",2011-12-21
CZ0314123,Barbastella barbastellus,"96,""7250b""",2011-12-21
CZ0314123,Barbastella barbastellus,"96,""7250c""",2011-12-21
CZ0314123,Barbastella barbastellus,"96,""7250d""",2011-12-21
CZ0314123,Bombina bombina,7150b,2023-05-07
CZ0314123,Bombina bombina,7150d,2025-05-18
CZ0314123,Bombina bombina,7151a,2001-06-07
CZ0314123,Bombina bombina,7151c,2024-05-10
CZ0314123,Bombina variegata,"01,""7150b""",2025-07-17
CZ0314123,Bombina variegata,7150b,2020-10-03
CZ0314123,Bombina variegata,7151c,2025-07-17
CZ0314123,Buxbaumia viridis,"03,""7150b""",2014-04-26
CZ0314123,Buxbaumia viridis,7149d,2006-11-10
CZ0314123,Buxbaumia viridis,7150b,2014-04-26
CZ0314123,Canis lupus,"25,""7150c""",2000-01-01
CZ0314123,Canis lupus,"7,""7150d""",2000-01-05
CZ0314123,Canis lupus,7050c,2025-09-11
CZ0314123,Canis lupus,7149b,2023-11-26
CZ0314123,Canis lupus,7149d,2024-01-13
CZ0314123,Canis lupus,7150a,2025-02-01
CZ0314123,Canis lupus,7150b,2023-06-05
CZ0314123,Canis lupus,7150c,2023-12-13
CZ0314123,Canis lupus,7150d,2021-11-25
CZ0314123,Canis lupus,7250a,2023-01-25
CZ0314123,Canis lupus,"77,""7150a""",2003-01-01
CZ0314123,Carabus menetriesi pacholei,7150a,2020-08-28
CZ0314123,Carabus menetriesi pacholei,7250b,2022-06-01
CZ0314123,Castor fiber,7149d,2023-07-06
CZ0314123,Castor fiber,7150c,2025-03-01
CZ0314123,Castor fiber,7150d,2025-05-18
CZ0314123,Castor fiber,7250a,2025-02-09
CZ0314123,Castor fiber,7250b,2025-12-20
CZ0314123,Cottus gobio,7149b,2023-09-05
CZ0314123,Cottus gobio,7149d,2023-10-13
CZ0314123,Cottus gobio,7150a,2023-09-05
CZ0314123,Cottus gobio,7150b,2023-08-23
CZ0314123,Cottus gobio,7150c,2023-09-01
CZ0314123,Cottus gobio,7150d,2023-10-06
CZ0314123,Cottus gobio,7151a,2023-08-22
CZ0314123,Cottus gobio,7151c,2023-08-22
CZ0314123,Cottus gobio,7250a,2022-10-28
CZ0314123,Cottus gobio,"75,""7150d""",2015-08-28
CZ0314123,Emys orbicularis,7250b,2006-07-23
CZ0314123,Euplagia quadripunctaria,"5,""7150d""",2018-09-16
CZ0314123,Euplagia quadripunctaria,"54,""7151a""",2020-08-21
CZ0314123,Euplagia quadripunctaria,7149d,2024-08-11
CZ0314123,Euplagia quadripunctaria,7150b,2020-08-28
CZ0314123,Euplagia quadripunctaria,7150d,2019-07-14
CZ0314123,Euplagia quadripunctaria,7151c,2018-08-09
CZ0314123,Euplagia quadripunctaria,7250b,2018-07-20
CZ0314123,Gentianella praecox subsp. bohemica,"53,""7150d""",2005-01-01
CZ0314123,Gentianella praecox subsp. bohemica,7150d,2023-10-13
CZ0314123,Gentianella praecox subsp. bohemica,7151c,2023-09-20
CZ0314123,Lampetra planeri,7149d,2022-06-02
CZ0314123,Lampetra planeri,7150b,2011-07-19
CZ0314123,Lampetra planeri,7151a,2014-10-17
CZ0314123,Lampetra planeri,"79,""7050d""",2000-01-01
CZ0314123,Ligularia sibirica,7250b,2025-07-05
CZ0314123,Lutra lutra,7050d,2000-11-12
CZ0314123,Lutra lutra,7149b,2024-11-21
CZ0314123,Lutra lutra,7149d,2020-05-17
CZ0314123,Lutra lutra,7150a,2024-11-21
CZ0314123,Lutra lutra,7150b,2021-02-20
CZ0314123,Lutra lutra,7150c,2024-11-17
CZ0314123,Lutra lutra,7150d,2025-05-18
CZ0314123,Lutra lutra,7151c,2016-11-29
CZ0314123,Lutra lutra,7250b,2026-01-08
CZ0314123,Lycaena dispar,"5,""7150d""",2018-08-05
CZ0314123,Lycaena dispar,7149d,2023-07-14
CZ0314123,Lycaena dispar,7150a,2020-08-28
CZ0314123,Lycaena dispar,7150b,2020-08-28
CZ0314123,Lycaena dispar,7150d,2023-07-05
CZ0314123,Lycaena dispar,7151a,2022-07-03
CZ0314123,Lycaena dispar,7151c,2020-08-21
CZ0314123,Lycaena dispar,7250a,2018-06-21
CZ0314123,Lycaena dispar,7250b,2021-07-08
CZ0314123,Lynx lynx,"01,""7149b""",2021-03-09
CZ0314123,Lynx lynx,"04,""7150b""",2016-12-24
CZ0314123,Lynx lynx,"09,""7151c""",2000-09-23
CZ0314123,Lynx lynx,"18,""7150b""",2002-01-30
CZ0314123,Lynx lynx,"2,""7050c""",2000-10-01
CZ0314123,Lynx lynx,"24,""7150b""",2000-03-01
CZ0314123,Lynx lynx,"26,""7050c""",2021-02-02
CZ0314123,Lynx lynx,"35,""7150b""",2015-02-01
CZ0314123,Lynx lynx,"45,""7150a""",2016-11-11
CZ0314123,Lynx lynx,"46,""7150d""",2000-11-01
CZ0314123,Lynx lynx,"49,""7149b""",2000-10-17
CZ0314123,Lynx lynx,7050c,2025-07-23
CZ0314123,Lynx lynx,7149b,2024-04-22
CZ0314123,Lynx lynx,7149d,2023-09-01
CZ0314123,Lynx lynx,7150a,2024-03-06
CZ0314123,Lynx lynx,7150b,2025-08-09
CZ0314123,Lynx lynx,7150c,2024-01-31
CZ0314123,Lynx lynx,7150d,2025-08-10
CZ0314123,Lynx lynx,7151a,2024-02-24
CZ0314123,Lynx lynx,7151c,2021-01-01
CZ0314123,Lynx lynx,7250a,2022-01-18
CZ0314123,Margaritifera margaritifera,"09,""7050d""",2005-01-01
CZ0314123,Margaritifera margaritifera,7149b,2015-08-23
CZ0314123,Margaritifera margaritifera,7150a,2015-08-23
CZ0314123,Margaritifera margaritifera,7150b,2004-07-25
CZ0314123,Margaritifera margaritifera,7250b,2023-05-20
CZ0314123,Margaritifera margaritifera,"75,""7150d""",2015-08-28
CZ0314123,Myotis bechsteinii,"96,""7149a""",2011-12-21
CZ0314123,Myotis bechsteinii,"96,""7149b""",2011-12-21
CZ0314123,Myotis bechsteinii,"96,""7149c""",2011-12-21
CZ0314123,Myotis bechsteinii,"96,""7149d""",2011-12-21
CZ0314123,Myotis bechsteinii,"96,""7150a""",2011-06-21
CZ0314123,Myotis bechsteinii,"96,""7150b""",2011-06-21
CZ0314123,Myotis bechsteinii,"96,""7150c""",2011-06-21
CZ0314123,Myotis bechsteinii,"96,""7150d""",2011-06-21
CZ0314123,Myotis bechsteinii,"96,""7151a""",2011-06-21
CZ0314123,Myotis bechsteinii,"96,""7151b""",2011-06-21
CZ0314123,Myotis bechsteinii,"96,""7151c""",2011-06-21
CZ0314123,Myotis bechsteinii,"96,""7151d""",2011-06-21
CZ0314123,Myotis bechsteinii,"96,""7250a""",2011-12-21
CZ0314123,Myotis bechsteinii,"96,""7250b""",2011-12-21
CZ0314123,Myotis bechsteinii,"96,""7250c""",2011-12-21
CZ0314123,Myotis bechsteinii,"96,""7250d""",2011-12-21
CZ0314123,Myotis myotis,7150b,2022-08-10
CZ0314123,Myotis myotis,"96,""7149a""",2011-12-21
CZ0314123,Myotis myotis,"96,""7149b""",2011-12-21
CZ0314123,Myotis myotis,"96,""7149c""",2011-12-21
CZ0314123,Myotis myotis,"96,""7149d""",2011-12-21
CZ0314123,Myotis myotis,"96,""7151a""",2012-06-21
CZ0314123,Myotis myotis,"96,""7151b""",2012-06-21
CZ0314123,Myotis myotis,"96,""7151c""",2012-06-21
CZ0314123,Myotis myotis,"96,""7151d""",2012-06-21
CZ0314123,Myotis myotis,"96,""7250a""",2012-06-21
CZ0314123,Myotis myotis,"96,""7250b""",2012-06-21
CZ0314123,Myotis myotis,"96,""7250c""",2012-06-21
CZ0314123,Myotis myotis,"96,""7250d""",2012-06-21
CZ0314123,Phengaris nausithous,"27,""7150d""",2005-07-27
CZ0314123,Phengaris nausithous,"31,""7150d""",2000-01-01
CZ0314123,Phengaris nausithous,"42,""7250b""",2000-01-01
CZ0314123,Phengaris nausithous,"5,""7150d""",2018-06-30
CZ0314123,Phengaris nausithous,"57,""7150b""",2000-01-01
CZ0314123,Phengaris nausithous,"62,""7151a""",2000-01-01
CZ0314123,Phengaris nausithous,"65,""7150a""",2009-08-02
CZ0314123,Phengaris nausithous,"66,""7150b""",2005-07-26
CZ0314123,Phengaris nausithous,"67,""7150b""",2005-07-26
CZ0314123,Phengaris nausithous,7150b,2020-08-21
CZ0314123,Phengaris nausithous,7150d,2018-08-09
CZ0314123,Phengaris nausithous,7151c,2021-07-22
CZ0314123,Phengaris nausithous,7250a,2000-01-01
CZ0314123,Phengaris nausithous,7250b,2020-08-01
CZ0314123,Phengaris nausithous,"86,""7150a""",2009-08-02
CZ0314123,Phengaris nausithous,"9,""7151c""",1995-01-01
CZ0314123,Phengaris nausithous,"96,""7150a""",2006-07-15
CZ0314123,Phengaris nausithous,"96,""7150b""",2006-07-15
CZ0314123,Phengaris nausithous,"96,""7150c""",2006-07-15
CZ0314123,Phengaris nausithous,"96,""7150d""",2006-07-15
CZ0314123,Phengaris nausithous,"96,""7151a""",2007-08-03
CZ0314123,Phengaris nausithous,"96,""7151b""",2007-08-03
CZ0314123,Phengaris nausithous,"96,""7151c""",2007-08-03
CZ0314123,Phengaris nausithous,"96,""7151d""",2007-08-03
CZ0314123,Phengaris nausithous,"96,""7250a""",2009-08-08
CZ0314123,Phengaris nausithous,"96,""7250b""",2009-08-08
CZ0314123,Phengaris nausithous,"96,""7250c""",2009-08-08
CZ0314123,Phengaris nausithous,"96,""7250d""",2009-08-08
CZ0314123,Phengaris teleius,"01,""7151c""",2000-06-14
CZ0314123,Phengaris teleius,"28,""7150d""",2021-07-22
CZ0314123,Phengaris teleius,"31,""7150d""",2000-01-01
CZ0314123,Phengaris teleius,"42,""7250b""",2000-01-01
CZ0314123,Phengaris teleius,"5,""7150d""",2018-06-30
CZ0314123,Phengaris teleius,"65,""7150a""",2009-08-02
CZ0314123,Phengaris teleius,"66,""7150b""",2005-07-26
CZ0314123,Phengaris teleius,"67,""7150b""",2005-07-26
CZ0314123,Phengaris teleius,"67,""7151c""",2010-07-14
CZ0314123,Phengaris teleius,7150a,2020-07-18
CZ0314123,Phengaris teleius,7150b,2009-08-02
CZ0314123,Phengaris teleius,7150d,2018-06-21
CZ0314123,Phengaris teleius,7151a,2024-07-12
CZ0314123,Phengaris teleius,7151c,2025-07-22
CZ0314123,Phengaris teleius,7250a,2016-07-07
CZ0314123,Phengaris teleius,7250b,2022-07-05
CZ0314123,Phengaris teleius,"86,""7150a""",2009-08-02
CZ0314123,Phengaris teleius,"88,""7150b""",2000-01-01
CZ0314123,Phengaris teleius,"9,""7151c""",1995-01-01
CZ0314123,Phengaris teleius,"96,""7150a""",2006-07-15
CZ0314123,Phengaris teleius,"96,""7150b""",2006-07-15
CZ0314123,Phengaris teleius,"96,""7150c""",2006-07-15
CZ0314123,Phengaris teleius,"96,""7150d""",2006-07-15
CZ0314123,Phengaris teleius,"96,""7151a""",2007-08-03
CZ0314123,Phengaris teleius,"96,""7151b""",2007-08-03
CZ0314123,Phengaris teleius,"96,""7151c""",2007-08-03
CZ0314123,Phengaris teleius,"96,""7151d""",2007-08-03
CZ0314123,Phengaris teleius,"96,""7250a""",2007-07-23
CZ0314123,Phengaris teleius,"96,""7250b""",2007-07-23
CZ0314123,Phengaris teleius,"96,""7250c""",2007-07-23
CZ0314123,Phengaris teleius,"96,""7250d""",2007-07-23
CZ0314123,Rhinolophus hipposideros,"96,""7149a""",2011-12-21
CZ0314123,Rhinolophus hipposideros,"96,""7149b""",2011-12-21
CZ0314123,Rhinolophus hipposideros,"96,""7149c""",2011-12-21
CZ0314123,Rhinolophus hipposideros,"96,""7149d""",2011-12-21
CZ0314123,Rhinolophus hipposideros,"96,""7151a""",2011-12-21
CZ0314123,Rhinolophus hipposideros,"96,""7151b""",2011-12-21
CZ0314123,Rhinolophus hipposideros,"96,""7151c""",2011-12-21
CZ0314123,Rhinolophus hipposideros,"96,""7151d""",2011-12-21
CZ0314123,Rhinolophus hipposideros,"96,""7250a""",2011-12-21
CZ0314123,Rhinolophus hipposideros,"96,""7250b""",2011-12-21
CZ0314123,Rhinolophus hipposideros,"96,""7250c""",2011-12-21
CZ0314123,Rhinolophus hipposideros,"96,""7250d""",2011-12-21
CZ0314123,Rumex sp.,"09,""7150b""",2008-08-11
CZ0314123,Rumex sp.,7150b,2008-08-11
CZ0314123,Salmo trutta,7149d,2023-10-13
CZ0314123,Salmo trutta,7150b,2011-07-19
CZ0314123,Salmo trutta,7150c,2014-10-16
CZ0314123,Salmo trutta,7150d,2023-10-06
CZ0314123,Salmo trutta,7151a,2014-10-17
CZ0314123,Sanguisorba officinalis,"01,""7150b""",2011-08-01
CZ0314123,Sanguisorba officinalis,"04,""7050c""",2012-05-19
CZ0314123,Sanguisorba officinalis,"04,""7149b""",2007-08-11
CZ0314123,Sanguisorba officinalis,"12,""7150d""",2009-08-10
CZ0314123,Sanguisorba officinalis,"15,""7050c""",2012-05-19
CZ0314123,Sanguisorba officinalis,"15,""7150d""",2009-08-31
CZ0314123,Sanguisorba officinalis,"15,""7151a""",2007-10-05
CZ0314123,Sanguisorba officinalis,"17,""7150a""",2008-08-11
CZ0314123,Sanguisorba officinalis,"17,""7250a""",2010-08-19
CZ0314123,Sanguisorba officinalis,"2,""7151c""",2007-10-05
CZ0314123,Sanguisorba officinalis,"22,""7150c""",2010-08-18
CZ0314123,Sanguisorba officinalis,"29,""7149d""",2013-08-31
CZ0314123,Sanguisorba officinalis,"32,""7250b""",2010-07-06
CZ0314123,Sanguisorba officinalis,"35,""7150d""",2013-06-22
CZ0314123,Sanguisorba officinalis,"36,""7151c""",2008-08-31
CZ0314123,Sanguisorba officinalis,"36,""7250b""",2023-05-26
CZ0314123,Sanguisorba officinalis,"38,""7250b""",2010-09-11
CZ0314123,Sanguisorba officinalis,"41,""7151a""",2007-09-24
CZ0314123,Sanguisorba officinalis,"46,""7150d""",2010-08-18
CZ0314123,Sanguisorba officinalis,"47,""7149b""",2004-05-09
CZ0314123,Sanguisorba officinalis,"49,""7150c""",2010-09-11
CZ0314123,Sanguisorba officinalis,"51,""7150b""",2020-08-28
CZ0314123,Sanguisorba officinalis,"56,""7149b""",2007-08-12
CZ0314123,Sanguisorba officinalis,"58,""7250a""",2010-09-11
CZ0314123,Sanguisorba officinalis,"61,""7250b""",2010-08-18
CZ0314123,Sanguisorba officinalis,"65,""7149b""",2013-08-31
CZ0314123,Sanguisorba officinalis,"65,""7150a""",2009-08-02
CZ0314123,Sanguisorba officinalis,"67,""7149d""",2013-08-31
CZ0314123,Sanguisorba officinalis,7050c,2012-07-15
CZ0314123,Sanguisorba officinalis,7050d,2012-08-12
CZ0314123,Sanguisorba officinalis,"71,""7050d""",2011-09-29
CZ0314123,Sanguisorba officinalis,"71,""7150d""",2010-09-11
CZ0314123,Sanguisorba officinalis,7149b,2013-08-07
CZ0314123,Sanguisorba officinalis,7149d,2013-09-05
CZ0314123,Sanguisorba officinalis,7150a,2025-07-06
CZ0314123,Sanguisorba officinalis,7150b,2025-10-15
CZ0314123,Sanguisorba officinalis,7150c,2014-07-31
CZ0314123,Sanguisorba officinalis,7150d,2025-07-05
CZ0314123,Sanguisorba officinalis,7151a,2025-10-15
CZ0314123,Sanguisorba officinalis,7151c,2024-09-18
CZ0314123,Sanguisorba officinalis,"72,""7151c""",2020-08-09
CZ0314123,Sanguisorba officinalis,7250a,2021-06-13
CZ0314123,Sanguisorba officinalis,7250b,2023-05-26
CZ0314123,Sanguisorba officinalis,"76,""7150b""",2003-05-01
CZ0314123,Sanguisorba officinalis,"77,""7250a""",2010-08-22
CZ0314123,Sanguisorba officinalis,"78,""7150d""",2010-08-21
CZ0314123,Sanguisorba officinalis,"79,""7150a""",2013-06-23
CZ0314123,Sanguisorba officinalis,"81,""7150d""",2009-07-21
CZ0314123,Sanguisorba officinalis,"83,""7151a""",2020-08-28
CZ0314123,Sanguisorba officinalis,"86,""7150a""",2009-08-02
CZ0314123,Sanguisorba officinalis,"91,""7151a""",2014-05-30
CZ0314123,Sanguisorba officinalis,"91,""7151c""",2009-08-10
CZ0314123,Sanguisorba officinalis,"98,""7150d""",2009-08-23
CZ0314123,Sanguisorba officinalis,"99,""7250b""",2010-07-06
CZ0314123,Scardinius erythrophthalmus,7150a,2020-10-04
CZ0314123,Scardinius erythrophthalmus,7150d,2020-08-14
CZ0314123,Succisa pratensis,"01,""7150b""",2011-08-01
CZ0314123,Succisa pratensis,"01,""7150d""",2020-07-30
CZ0314123,Succisa pratensis,"05,""7150b""",2008-06-07
CZ0314123,Succisa pratensis,"07,""7150d""",2010-08-21
CZ0314123,Succisa pratensis,"15,""7250b""",2010-07-06
CZ0314123,Succisa pratensis,"17,""7150a""",2008-08-11
CZ0314123,Succisa pratensis,"18,""7150a""",2000-07-10
CZ0314123,Succisa pratensis,"19,""7150d""",2002-02-01
CZ0314123,Succisa pratensis,"2,""7151c""",2007-10-05
CZ0314123,Succisa pratensis,"22,""7150c""",2010-08-18
CZ0314123,Succisa pratensis,"23,""7150b""",2022-06-01
CZ0314123,Succisa pratensis,"23,""7250b""",2002-02-01
CZ0314123,Succisa pratensis,"26,""7150b""",2009-08-09
CZ0314123,Succisa pratensis,"29,""7150a""",2008-08-09
CZ0314123,Succisa pratensis,"3,""7150a""",2008-08-11
CZ0314123,Succisa pratensis,"35,""7150c""",2009-09-12
CZ0314123,Succisa pratensis,"35,""7150d""",2013-06-22
CZ0314123,Succisa pratensis,"36,""7151a""",2003-05-12
CZ0314123,Succisa pratensis,"36,""7250b""",2023-05-26
CZ0314123,Succisa pratensis,"41,""7151a""",2007-09-24
CZ0314123,Succisa pratensis,"44,""7150b""",2009-08-23
CZ0314123,Succisa pratensis,"49,""7150c""",2010-09-11
CZ0314123,Succisa pratensis,"54,""7150b""",2020-08-28
CZ0314123,Succisa pratensis,"56,""7149b""",2007-08-12
CZ0314123,Succisa pratensis,"56,""7150c""",2010-08-22
CZ0314123,Succisa pratensis,"57,""7151c""",2014-06-05
CZ0314123,Succisa pratensis,"58,""7250a""",2010-09-11
CZ0314123,Succisa pratensis,"59,""7150c""",2010-08-21
CZ0314123,Succisa pratensis,"61,""7150b""",2009-08-09
CZ0314123,Succisa pratensis,"65,""7150b""",2000-07-10
CZ0314123,Succisa pratensis,"67,""7149d""",2013-08-31
CZ0314123,Succisa pratensis,"67,""7150c""",2002-02-01
CZ0314123,Succisa pratensis,"68,""7151a""",2007-08-21
CZ0314123,Succisa pratensis,7050d,2012-08-12
CZ0314123,Succisa pratensis,"71,""7150c""",2010-08-21
CZ0314123,Succisa pratensis,7149b,2015-08-23
CZ0314123,Succisa pratensis,7149d,2024-05-27
CZ0314123,Succisa pratensis,7150a,2025-07-06
CZ0314123,Succisa pratensis,7150b,2025-10-15
CZ0314123,Succisa pratensis,7150c,2014-07-31
CZ0314123,Succisa pratensis,7150d,2023-07-02
CZ0314123,Succisa pratensis,7151a,2020-08-21
CZ0314123,Succisa pratensis,7151c,2024-09-18
CZ0314123,Succisa pratensis,7250a,2020-06-27
CZ0314123,Succisa pratensis,7250b,2023-05-25
CZ0314123,Succisa pratensis,"74,""7149d""",2004-05-09
CZ0314123,Succisa pratensis,"74,""7150b""",2009-08-23
CZ0314123,Succisa pratensis,"76,""7150c""",2004-05-08
CZ0314123,Succisa pratensis,"78,""7150d""",2010-08-21
CZ0314123,Succisa pratensis,"87,""7150c""",2010-08-22
CZ0314123,Succisa pratensis,"89,""7250b""",2002-02-01
CZ0314123,Succisa pratensis,"91,""7151a""",2012-06-01
CZ0314123,Succisa pratensis,"92,""7150b""",2022-06-01
CZ0314123,Succisa pratensis,"92,""7150d""",2010-08-21
CZ0314123,Succisa pratensis,"93,""7150b""",2022-07-30
CZ0314123,Succisa pratensis,"96,""7150a""",2000-07-10
CZ0314123,Succisa pratensis,"99,""7150b""",2011-07-30
CZ0314123,Succisa pratensis,"99,""7150d""",2009-08-23
CZ0314123,Succisa pratensis,"99,""7151c""",2020-07-14
CZ0314123,Succisa pratensis,"99,""7250a""",2010-08-19
CZ0314123,Succisa pratensis,"99,""7250b""",2010-07-06
CZ0314123,Triturus cristatus,"01,""7150b""",2025-07-17
CZ0314123,Triturus cristatus,7150b,2013-07-07
CZ0314123,Triturus cristatus,7150d,2009-06-12
CZ0314123,Triturus cristatus,7151a,2000-05-17
CZ0314123,Triturus cristatus,7151c,2025-07-17
CZ0314123,Vertigo angustior,7150b,2023-10-26
CZ0314123,Vertigo angustior,7151c,2014-06-05
CZ0314123,Vertigo angustior,7250a,2014-06-06
CZ0314124,Abramis brama,"5,""7152c""",2004-01-01
CZ0314124,Barbastella barbastellus,"22,""7152a""",2013-01-01
CZ0314124,Barbastella barbastellus,7151c,2024-05-24
CZ0314124,Barbastella barbastellus,7152a,2019-01-24
CZ0314124,Barbastella barbastellus,7152b,2025-01-25
CZ0314124,Barbastella barbastellus,"96,""7151a""",2011-12-21
CZ0314124,Barbastella barbastellus,"96,""7151b""",2011-12-21
CZ0314124,Barbastella barbastellus,"96,""7151c""",2011-12-21
CZ0314124,Barbastella barbastellus,"96,""7151d""",2011-12-21
CZ0314124,Barbastella barbastellus,"96,""7152a""",2011-12-21
CZ0314124,Barbastella barbastellus,"96,""7152b""",2011-12-21
CZ0314124,Barbastella barbastellus,"96,""7152c""",2011-12-21
CZ0314124,Barbastella barbastellus,"96,""7152d""",2011-12-21
CZ0314124,Blicca bjoerkna,"5,""7152c""",2004-01-01
CZ0314124,Bombina bombina,"2,""7052c""",2018-05-10
CZ0314124,Bombina bombina,"22,""7152a""",2012-08-31
CZ0314124,Bombina bombina,"26,""7052c""",2000-04-15
CZ0314124,Bombina bombina,7051b,2025-05-27
CZ0314124,Bombina bombina,7051c,2013-06-19
CZ0314124,Bombina bombina,7051d,2025-04-21
CZ0314124,Bombina bombina,7052c,2022-07-06
CZ0314124,Bombina bombina,7151a,2020-05-16
CZ0314124,Bombina bombina,7151b,2023-04-24
CZ0314124,Bombina bombina,7151c,2025-06-22
CZ0314124,Bombina bombina,7151d,2021-06-27
CZ0314124,Bombina bombina,7152a,2025-05-03
CZ0314124,Bombina variegata,7151d,2016-05-31
CZ0314124,Bombina variegata,7152a,2010-06-12
CZ0314124,Canis lupus,7151a,2025-01-04
CZ0314124,Canis lupus,7151b,2023-12-18
CZ0314124,Canis lupus,7151d,2023-10-06
CZ0314124,Canis lupus,"78,""7151a""",2003-01-01
CZ0314124,Castor fiber,7052d,2023-07-28
CZ0314124,Castor fiber,7151d,2010-06-01
CZ0314124,Castor fiber,7152a,2025-01-25
CZ0314124,Castor fiber,7152c,2026-02-21
CZ0314124,Coleanthus subtilis,7051d,2024-05-02
CZ0314124,Cottus gobio,7050d,2023-10-27
CZ0314124,Cottus gobio,7051a,2023-09-04
CZ0314124,Cottus gobio,7051c,2023-10-27
CZ0314124,Cottus gobio,7051d,2023-10-28
CZ0314124,Cottus gobio,7052c,2023-10-29
CZ0314124,Cottus gobio,7151a,2023-10-28
CZ0314124,Cottus gobio,7151b,2023-10-28
CZ0314124,Cottus gobio,7151c,2023-10-28
CZ0314124,Cottus gobio,7151d,2023-10-28
CZ0314124,Cottus gobio,7152a,2024-03-25
CZ0314124,Cottus gobio,7152c,2023-10-28
CZ0314124,Cottus gobio,"72,""7151d""",2004-01-01
CZ0314124,Dicranum viride,7051a,2019-05-12
CZ0314124,Dicranum viride,7051c,2016-10-28
CZ0314124,Dicranum viride,7152a,2019-10-31
CZ0314124,Euplagia quadripunctaria,"01,""7151d""",2007-01-01
CZ0314124,Euplagia quadripunctaria,"22,""7152a""",2011-05-30
CZ0314124,Euplagia quadripunctaria,7051a,2021-08-07
CZ0314124,Euplagia quadripunctaria,7051b,2021-08-07
CZ0314124,Euplagia quadripunctaria,7051c,2023-08-08
CZ0314124,Euplagia quadripunctaria,7051d,2020-08-16
CZ0314124,Euplagia quadripunctaria,7052c,2020-08-17
CZ0314124,Euplagia quadripunctaria,7151a,2020-08-08
CZ0314124,Euplagia quadripunctaria,7151b,2024-08-04
CZ0314124,Euplagia quadripunctaria,7151d,2025-08-28
CZ0314124,Euplagia quadripunctaria,7152a,2021-07-24
CZ0314124,Euplagia quadripunctaria,7152c,2020-08-15
CZ0314124,Gentianella praecox subsp. bohemica,7050d,2013-01-01
CZ0314124,Gentianella praecox subsp. bohemica,7151d,2023-09-19
CZ0314124,Hamatocaulis vernicosus,7152a,2011-08-19
CZ0314124,Lampetra planeri,"01,""7050d""",2002-01-01
CZ0314124,Lampetra planeri,7050d,2022-10-28
CZ0314124,Lampetra planeri,7051c,2023-10-28
CZ0314124,Lampetra planeri,7051d,2023-10-28
CZ0314124,Lampetra planeri,7052c,2023-10-29
CZ0314124,Lampetra planeri,7151a,2023-10-28
CZ0314124,Lampetra planeri,7151c,2023-10-28
CZ0314124,Lampetra planeri,7151d,2023-10-28
CZ0314124,Lampetra planeri,7152a,2024-03-25
CZ0314124,Lampetra planeri,7152c,2023-10-28
CZ0314124,Lampetra planeri,"72,""7151d""",2004-01-01
CZ0314124,Lampetra planeri,"79,""7050d""",2000-01-01
CZ0314124,Lemna trisulca,"22,""7152a""",2013-06-01
CZ0314124,Lemna trisulca,7051d,2007-10-26
CZ0314124,Lemna trisulca,7152a,2015-07-31
CZ0314124,Leuciscus aspius,"01,""7050d""",2002-01-01
CZ0314124,Leucorrhinia pectoralis,7051b,2025-05-27
CZ0314124,Lucanus cervus,7051b,2018-06-16
CZ0314124,Lutra lutra,"01,""7151d""",2008-04-16
CZ0314124,Lutra lutra,"18,""7152a""",2004-01-02
CZ0314124,Lutra lutra,"19,""7152a""",2005-01-01
CZ0314124,Lutra lutra,"22,""7152a""",2012-08-31
CZ0314124,Lutra lutra,"37,""7050d""",2005-01-01
CZ0314124,Lutra lutra,"39,""7051c""",2013-01-24
CZ0314124,Lutra lutra,"51,""7051b""",2005-01-01
CZ0314124,Lutra lutra,7050d,2015-06-12
CZ0314124,Lutra lutra,7051b,2005-01-01
CZ0314124,Lutra lutra,7051c,2016-11-23
CZ0314124,Lutra lutra,7051d,2021-12-16
CZ0314124,Lutra lutra,7151a,2026-02-13
CZ0314124,Lutra lutra,7151b,2016-11-29
CZ0314124,Lutra lutra,7151d,2020-02-13
CZ0314124,Lutra lutra,7152a,2019-06-22
CZ0314124,Lutra lutra,7152c,2026-01-15
CZ0314124,Lutra lutra,"72,""7151d""",2004-01-01
CZ0314124,Lutra lutra,"78,""7151a""",2004-02-13
CZ0314124,Lutra lutra,"86,""7151d""",2006-02-02
CZ0314124,Lutra lutra,"99,""7051a""",2005-01-01
CZ0314124,Lutra lutra,"99,""7151b""",2006-01-19
CZ0314124,Lycaena dispar,7051c,2018-08-16
CZ0314124,Lycaena dispar,7051d,2020-08-16
CZ0314124,Lycaena dispar,7052c,2020-06-23
CZ0314124,Lycaena dispar,7151a,2024-06-10
CZ0314124,Lycaena dispar,7151b,2020-07-08
CZ0314124,Lycaena dispar,7151c,2024-08-16
CZ0314124,Lycaena dispar,7151d,2025-08-13
CZ0314124,Lycaena dispar,7152a,2017-06-30
CZ0314124,Lycaena dispar,"96,""7051a""",2010-08-29
CZ0314124,Lycaena dispar,"96,""7051b""",2010-08-29
CZ0314124,Lycaena dispar,"96,""7051c""",2010-08-29
CZ0314124,Lycaena dispar,"96,""7051d""",2010-08-29
CZ0314124,Lynx lynx,"01,""7151b""",2001-01-15
CZ0314124,Lynx lynx,"11,""7051a""",2000-12-01
CZ0314124,Lynx lynx,"13,""7051c""",2000-12-01
CZ0314124,Lynx lynx,"15,""7050d""",2000-01-01
CZ0314124,Lynx lynx,"21,""7050d""",2015-09-12
CZ0314124,Lynx lynx,"22,""7152a""",2011-10-01
CZ0314124,Lynx lynx,"47,""7051c""",2014-01-28
CZ0314124,Lynx lynx,"49,""7051c""",2016-12-29
CZ0314124,Lynx lynx,"63,""7151a""",2000-06-06
CZ0314124,Lynx lynx,"64,""7051a""",2015-11-22
CZ0314124,Lynx lynx,7051a,2025-09-13
CZ0314124,Lynx lynx,7051c,2025-02-06
CZ0314124,Lynx lynx,7151a,2025-09-04
CZ0314124,Lynx lynx,7151b,2025-12-29
CZ0314124,Lynx lynx,7151c,2005-05-19
CZ0314124,Lynx lynx,7151d,2021-01-01
CZ0314124,Lynx lynx,"8,""7151b""",2000-11-04
CZ0314124,Lynx lynx,"86,""7151d""",2015-11-05
CZ0314124,Lynx lynx,"93,""7151a""",2000-08-01
CZ0314124,Lynx lynx,"99,""7151d""",2019-01-01
CZ0314124,Margaritifera margaritifera,"09,""7050d""",2005-01-01
CZ0314124,Margaritifera margaritifera,"39,""7151c""",2005-01-01
CZ0314124,Margaritifera margaritifera,"51,""7050d""",2022-03-25
CZ0314124,Margaritifera margaritifera,7151c,2009-07-14
CZ0314124,Morimus funereus,7152a,2022-05-10
CZ0314124,Myotis bechsteinii,"22,""7152a""",2013-01-01
CZ0314124,Myotis bechsteinii,7151c,2024-09-14
CZ0314124,Myotis bechsteinii,7151d,2011-04-10
CZ0314124,Myotis bechsteinii,7152a,2018-03-12
CZ0314124,Myotis bechsteinii,"96,""7051a""",2011-06-21
CZ0314124,Myotis bechsteinii,"96,""7051b""",2011-06-21
CZ0314124,Myotis bechsteinii,"96,""7051c""",2011-06-21
CZ0314124,Myotis bechsteinii,"96,""7051d""",2011-06-21
CZ0314124,Myotis bechsteinii,"96,""7151a""",2011-06-21
CZ0314124,Myotis bechsteinii,"96,""7151b""",2011-06-21
CZ0314124,Myotis bechsteinii,"96,""7151c""",2011-06-21
CZ0314124,Myotis bechsteinii,"96,""7151d""",2011-06-21
CZ0314124,Myotis bechsteinii,"96,""7152a""",2011-12-21
CZ0314124,Myotis bechsteinii,"96,""7152b""",2011-12-21
CZ0314124,Myotis bechsteinii,"96,""7152c""",2011-12-21
CZ0314124,Myotis bechsteinii,"96,""7152d""",2011-12-21
CZ0314124,Myotis emarginatus,"22,""7152a""",2013-01-01
CZ0314124,Myotis emarginatus,7152a,2020-01-20
CZ0314124,Myotis emarginatus,"96,""7152a""",2011-12-21
CZ0314124,Myotis emarginatus,"96,""7152b""",2011-12-21
CZ0314124,Myotis emarginatus,"96,""7152c""",2011-12-21
CZ0314124,Myotis emarginatus,"96,""7152d""",2011-12-21
CZ0314124,Myotis myotis,"22,""7152a""",2013-01-01
CZ0314124,Myotis myotis,7051c,2006-07-13
CZ0314124,Myotis myotis,7151a,2006-07-13
CZ0314124,Myotis myotis,7151c,2024-09-14
CZ0314124,Myotis myotis,7151d,2011-08-30
CZ0314124,Myotis myotis,7152a,2024-02-14
CZ0314124,Myotis myotis,7152b,2025-01-25
CZ0314124,Myotis myotis,"96,""7051a""",2012-06-21
CZ0314124,Myotis myotis,"96,""7051b""",2012-06-21
CZ0314124,Myotis myotis,"96,""7051c""",2012-06-21
CZ0314124,Myotis myotis,"96,""7051d""",2012-06-21
CZ0314124,Myotis myotis,"96,""7151a""",2012-06-21
CZ0314124,Myotis myotis,"96,""7151b""",2012-06-21
CZ0314124,Myotis myotis,"96,""7151c""",2012-06-21
CZ0314124,Myotis myotis,"96,""7151d""",2012-06-21
CZ0314124,Myotis myotis,"96,""7152a""",2011-12-21
CZ0314124,Myotis myotis,"96,""7152b""",2011-12-21
CZ0314124,Myotis myotis,"96,""7152c""",2011-12-21
CZ0314124,Myotis myotis,"96,""7152d""",2011-12-21
CZ0314124,Ophiogomphus cecilia,7052c,2020-09-06
CZ0314124,Ophiogomphus cecilia,7151b,2010-08-05
CZ0314124,Ophiogomphus cecilia,7151d,2012-06-22
CZ0314124,Ophiogomphus cecilia,7152a,2023-08-21
CZ0314124,Ophiogomphus cecilia,7152c,2020-09-05
CZ0314124,Phengaris nausithous,"02,""7051c""",2022-07-27
CZ0314124,Phengaris nausithous,"24,""7152c""",2021-08-03
CZ0314124,Phengaris nausithous,"37,""7050d""",1995-01-01
CZ0314124,Phengaris nausithous,"63,""7051c""",2009-08-02
CZ0314124,Phengaris nausithous,7050d,2022-08-01
CZ0314124,Phengaris nausithous,7051a,2021-08-27
CZ0314124,Phengaris nausithous,7051b,2019-07-25
CZ0314124,Phengaris nausithous,7051c,2025-07-23
CZ0314124,Phengaris nausithous,7051d,2022-08-01
CZ0314124,Phengaris nausithous,7052c,2020-07-29
CZ0314124,Phengaris nausithous,7151a,2022-07-18
CZ0314124,Phengaris nausithous,7151b,2024-07-21
CZ0314124,Phengaris nausithous,7151c,2024-07-25
CZ0314124,Phengaris nausithous,7151d,2021-07-29
CZ0314124,Phengaris nausithous,7152a,2023-07-24
CZ0314124,Phengaris nausithous,7152c,2022-07-19
CZ0314124,Phengaris nausithous,"73,""7051c""",2021-08-10
CZ0314124,Phengaris nausithous,"85,""7052c""",2018-07-26
CZ0314124,Phengaris nausithous,"96,""7051a""",2006-07-21
CZ0314124,Phengaris nausithous,"96,""7051b""",2006-07-21
CZ0314124,Phengaris nausithous,"96,""7051c""",2006-07-21
CZ0314124,Phengaris nausithous,"96,""7051d""",2006-07-21
CZ0314124,Phengaris nausithous,"96,""7151a""",2007-08-03
CZ0314124,Phengaris nausithous,"96,""7151b""",2007-08-03
CZ0314124,Phengaris nausithous,"96,""7151c""",2007-08-03
CZ0314124,Phengaris nausithous,"96,""7151d""",2007-08-03
CZ0314124,Phengaris nausithous,"96,""7152a""",2008-07-27
CZ0314124,Phengaris nausithous,"96,""7152b""",2008-07-27
CZ0314124,Phengaris nausithous,"96,""7152c""",2008-07-27
CZ0314124,Phengaris nausithous,"96,""7152d""",2008-07-27
CZ0314124,Phengaris nausithous,"98,""7152c""",2022-07-19
CZ0314124,Phengaris teleius,"22,""7152a""",2011-05-30
CZ0314124,Phengaris teleius,"24,""7152c""",2021-08-03
CZ0314124,Phengaris teleius,"63,""7051c""",2009-08-02
CZ0314124,Phengaris teleius,7051c,2024-07-08
CZ0314124,Phengaris teleius,7051d,2025-07-23
CZ0314124,Phengaris teleius,7052c,2020-07-27
CZ0314124,Phengaris teleius,7151a,2024-07-12
CZ0314124,Phengaris teleius,7151b,2020-07-29
CZ0314124,Phengaris teleius,7151c,2024-07-25
CZ0314124,Phengaris teleius,7151d,2020-07-30
CZ0314124,Phengaris teleius,7152a,2017-06-30
CZ0314124,Phengaris teleius,7152c,2019-07-23
CZ0314124,Phengaris teleius,"82,""7151a""",2005-07-16
CZ0314124,Phengaris teleius,"96,""7051a""",2006-07-21
CZ0314124,Phengaris teleius,"96,""7051b""",2006-07-21
CZ0314124,Phengaris teleius,"96,""7051c""",2006-07-21
CZ0314124,Phengaris teleius,"96,""7051d""",2006-07-21
CZ0314124,Phengaris teleius,"96,""7151a""",2007-08-03
CZ0314124,Phengaris teleius,"96,""7151b""",2007-08-03
CZ0314124,Phengaris teleius,"96,""7151c""",2007-08-03
CZ0314124,Phengaris teleius,"96,""7151d""",2007-08-03
CZ0314124,Phengaris teleius,"98,""7051c""",2011-07-09
CZ0314124,Phengaris teleius,"98,""7152c""",2022-07-19
CZ0314124,Rhinolophus hipposideros,"03,""7051c""",2010-07-01
CZ0314124,Rhinolophus hipposideros,"22,""7152a""",2013-01-01
CZ0314124,Rhinolophus hipposideros,"96,""7051a""",2012-06-21
CZ0314124,Rhinolophus hipposideros,"96,""7051b""",2012-06-21
CZ0314124,Rhinolophus hipposideros,"96,""7051c""",2012-06-21
CZ0314124,Rhinolophus hipposideros,"96,""7051d""",2012-06-21
CZ0314124,Rhinolophus hipposideros,"96,""7151a""",2011-12-21
CZ0314124,Rhinolophus hipposideros,"96,""7151b""",2011-12-21
CZ0314124,Rhinolophus hipposideros,"96,""7151c""",2011-12-21
CZ0314124,Rhinolophus hipposideros,"96,""7151d""",2011-12-21
CZ0314124,Rumex sp.,7051d,2007-06-28
CZ0314124,Salmo trutta,"5,""7152c""",2004-01-01
CZ0314124,Salmo trutta,7050d,2011-07-19
CZ0314124,Salmo trutta,7051c,2014-09-03
CZ0314124,Salmo trutta,7051d,2019-10-27
CZ0314124,Salmo trutta,7052c,2012-08-31
CZ0314124,Salmo trutta,7151a,2008-07-29
CZ0314124,Salmo trutta,7151b,2014-09-03
CZ0314124,Salmo trutta,7151c,2016-10-13
CZ0314124,Salmo trutta,7151d,2004-01-01
CZ0314124,Salmo trutta,7152a,2025-09-03
CZ0314124,Salmo trutta,7152c,2015-10-14
CZ0314124,Salmo trutta,"72,""7151d""",2004-01-01
CZ0314124,Sanguisorba officinalis,"01,""7151d""",2004-07-15
CZ0314124,Sanguisorba officinalis,"08,""7052d""",2015-07-20
CZ0314124,Sanguisorba officinalis,"12,""7152c""",2010-07-01
CZ0314124,Sanguisorba officinalis,"16,""7051d""",2018-01-01
CZ0314124,Sanguisorba officinalis,"17,""7052c""",2015-07-13
CZ0314124,Sanguisorba officinalis,"22,""7152a""",2013-06-01
CZ0314124,Sanguisorba officinalis,"24,""7051d""",2020-04-06
CZ0314124,Sanguisorba officinalis,"25,""7051d""",2007-05-27
CZ0314124,Sanguisorba officinalis,"32,""7051d""",2009-06-06
CZ0314124,Sanguisorba officinalis,"38,""7051c""",2021-05-25
CZ0314124,Sanguisorba officinalis,"44,""7051d""",2021-05-25
CZ0314124,Sanguisorba officinalis,"47,""7151d""",2010-05-11
CZ0314124,Sanguisorba officinalis,"48,""7050d""",2019-05-01
CZ0314124,Sanguisorba officinalis,"55,""7151a""",2018-04-13
CZ0314124,Sanguisorba officinalis,"55,""7151b""",2021-05-25
CZ0314124,Sanguisorba officinalis,"65,""7051d""",2015-08-10
CZ0314124,Sanguisorba officinalis,"69,""7051d""",2003-05-01
CZ0314124,Sanguisorba officinalis,7050d,2012-09-14
CZ0314124,Sanguisorba officinalis,7051a,2022-05-27
CZ0314124,Sanguisorba officinalis,7051b,2022-08-25
CZ0314124,Sanguisorba officinalis,7051c,2021-05-28
CZ0314124,Sanguisorba officinalis,7051d,2025-06-04
CZ0314124,Sanguisorba officinalis,7052c,2018-05-31
CZ0314124,Sanguisorba officinalis,7052d,2015-07-12
CZ0314124,Sanguisorba officinalis,7151a,2021-09-09
CZ0314124,Sanguisorba officinalis,7151b,2021-05-25
CZ0314124,Sanguisorba officinalis,7151c,2024-06-18
CZ0314124,Sanguisorba officinalis,7151d,2020-07-29
CZ0314124,Sanguisorba officinalis,7152a,2023-07-24
CZ0314124,Sanguisorba officinalis,7152c,2015-08-19
CZ0314124,Sanguisorba officinalis,"72,""7151a""",2007-07-11
CZ0314124,Sanguisorba officinalis,"91,""7151b""",2018-04-13
CZ0314124,Sanguisorba officinalis,"92,""7051d""",1999-01-01
CZ0314124,Sanguisorba officinalis,"98,""7051d""",2006-05-04
CZ0314124,Sanguisorba officinalis,"98,""7052c""",2015-05-24
CZ0314124,Scardinius erythrophthalmus,7152a,2023-10-06
CZ0314124,Succisa pratensis,"01,""7151d""",2004-07-15
CZ0314124,Succisa pratensis,"16,""7051d""",2018-01-01
CZ0314124,Succisa pratensis,"48,""7050d""",2019-05-01
CZ0314124,Succisa pratensis,7051a,2025-05-30
CZ0314124,Succisa pratensis,7051c,2021-05-28
CZ0314124,Succisa pratensis,7051d,2021-05-25
CZ0314124,Succisa pratensis,7052c,2018-05-30
CZ0314124,Succisa pratensis,7151a,2020-05-27
CZ0314124,Succisa pratensis,7151b,2020-04-06
CZ0314124,Succisa pratensis,7151c,2023-06-29
CZ0314124,Succisa pratensis,7151d,2011-08-12
CZ0314124,Succisa pratensis,7152a,2022-07-02
CZ0314124,Succisa pratensis,7152c,2010-05-11
CZ0314124,Succisa pratensis,"92,""7051d""",1999-01-01
CZ0314124,Succisa pratensis,"98,""7051d""",2006-05-04
CZ0314124,Triturus cristatus,7051b,2025-05-27
CZ0314124,Triturus cristatus,7051c,2021-05-01
CZ0314124,Triturus cristatus,7051d,2021-05-15
CZ0314124,Triturus cristatus,7052c,2021-06-27
CZ0314124,Triturus cristatus,7052d,2007-04-01
CZ0314124,Triturus cristatus,7151b,2020-06-27
CZ0314124,Triturus cristatus,7151c,2024-03-31
CZ0314124,Triturus cristatus,7151d,2025-04-29
CZ0314124,Triturus cristatus,7152a,2023-05-09
CZ0314124,Triturus cristatus,"99,""7051c""",2003-01-01
CZ0314124,Vertigo angustior,"01,""7151d""",1997-01-01
CZ0314124,Vertigo angustior,"22,""7152a""",2011-01-01
CZ0314124,Vertigo angustior,7050d,2016-08-23
CZ0314124,Vertigo angustior,7051c,2021-11-05
CZ0314124,Vertigo angustior,7051d,2025-07-12
CZ0314124,Vertigo angustior,7151a,2021-11-05
CZ0314124,Vertigo angustior,7151b,2000-09-20
CZ0314124,Vertigo angustior,7151d,2021-11-05
CZ0314124,Vertigo angustior,"94,""7051c""",2003-01-01
CZ0314126,Abramis brama,6952b,2025-06-18
CZ0314126,Barbastella barbastellus,"96,""6952a""",2011-12-21
CZ0314126,Barbastella barbastellus,"96,""6952b""",2011-12-21
CZ0314126,Barbastella barbastellus,"96,""6952c""",2011-12-21
CZ0314126,Barbastella barbastellus,"96,""6952d""",2011-12-21
CZ0314126,Bombina bombina,6952b,2025-04-30
CZ0314126,Cerambyx cerdo,"53,""6952b""",2011-03-01
CZ0314126,Cerambyx cerdo,6853c,2019-01-01
CZ0314126,Cerambyx cerdo,6952b,2019-01-01
CZ0314126,Cerambyx cerdo,"93,""6952b""",2020-07-20
CZ0314126,Cottus gobio,6953a,2012-09-26
CZ0314126,Dicranum viride,"53,""6952b""",2013-01-01
CZ0314126,Dicranum viride,6952b,2024-06-26
CZ0314126,Euplagia quadripunctaria,"53,""6952b""",2011-03-01
CZ0314126,Euplagia quadripunctaria,"61,""6952b""",2010-08-16
CZ0314126,Euplagia quadripunctaria,6952b,2020-08-06
CZ0314126,Lampetra planeri,6953a,2012-09-26
CZ0314126,Limoniscus violaceus,"53,""6952b""",2011-03-01
CZ0314126,Limoniscus violaceus,6952b,2011-04-01
CZ0314126,Lucanus cervus,"53,""6952b""",2011-03-01
CZ0314126,Lucanus cervus,6852d,2019-01-01
CZ0314126,Lucanus cervus,6853c,2024-06-18
CZ0314126,Lucanus cervus,6952b,2020-06-13
CZ0314126,Lucanus cervus,"93,""6952b""",2020-07-20
CZ0314126,Lucanus cervus,"99,""6952b""",2012-06-19
CZ0314126,Lutra lutra,"23,""6952b""",2005-11-01
CZ0314126,Lutra lutra,"31,""6952b""",2005-11-04
CZ0314126,Lutra lutra,6853c,2005-01-01
CZ0314126,Lutra lutra,6952b,2016-11-15
CZ0314126,Lynx lynx,6952b,2003-02-15
CZ0314126,Myotis bechsteinii,"96,""6952a""",2011-12-21
CZ0314126,Myotis bechsteinii,"96,""6952b""",2011-12-21
CZ0314126,Myotis bechsteinii,"96,""6952c""",2011-12-21
CZ0314126,Myotis bechsteinii,"96,""6952d""",2011-12-21
CZ0314126,Myotis myotis,"23,""6952b""",2005-11-27
CZ0314126,Myotis myotis,"96,""6952a""",2012-06-21
CZ0314126,Myotis myotis,"96,""6952b""",2012-06-21
CZ0314126,Myotis myotis,"96,""6952c""",2012-06-21
CZ0314126,Myotis myotis,"96,""6952d""",2012-06-21
CZ0314126,Osmoderma barnabita,"53,""6952b""",2011-03-01
CZ0314126,Osmoderma barnabita,6852d,2019-01-01
CZ0314126,Osmoderma barnabita,6952b,2019-01-01
CZ0314126,Osmoderma barnabita,"93,""6952b""",2020-07-20
CZ0314126,Phengaris nausithous,"25,""6952b""",1995-01-01
CZ0314126,Rhinolophus hipposideros,"23,""6952b""",2005-10-29
CZ0314126,Rhinolophus hipposideros,"96,""6952a""",2011-12-21
CZ0314126,Rhinolophus hipposideros,"96,""6952b""",2011-12-21
CZ0314126,Rhinolophus hipposideros,"96,""6952c""",2011-12-21
CZ0314126,Rhinolophus hipposideros,"96,""6952d""",2011-12-21
CZ0314126,Rhysodes sulcatus,"53,""6952b""",2011-03-01
CZ0314126,Rhysodes sulcatus,6852d,2014-04-05
CZ0314126,Rhysodes sulcatus,6952b,2023-05-05
CZ0314126,Salmo trutta,6952b,2015-08-27
CZ0314126,Salmo trutta,6953a,2015-08-27
CZ0314126,Sanguisorba officinalis,"24,""6852d""",2001-07-01
CZ0314126,Sanguisorba officinalis,"37,""6952b""",2001-07-01
CZ0314126,Sanguisorba officinalis,"51,""6952b""",2001-07-01
CZ0314126,Sanguisorba officinalis,"78,""6852d""",2001-07-01
CZ0314126,Triturus cristatus,6952b,2021-05-07
CZ0314634,Barbastella barbastellus,6554d,2025-02-07
CZ0314634,Barbastella barbastellus,6555c,1986-10-01
CZ0314634,Myotis bechsteinii,"23,""6554d""",2005-12-06
CZ0314634,Myotis bechsteinii,6554d,2024-12-15
CZ0314634,Myotis emarginatus,"23,""6554d""",2006-01-01
CZ0314634,Myotis emarginatus,6554d,2006-02-07
CZ0314634,Myotis myotis,"23,""6554d""",2005-10-24
CZ0314634,Myotis myotis,6554d,2025-02-07
CZ0314634,Myotis myotis,6555c,2023-09-07
CZ0314635,Coleanthus subtilis,6956d,2023-06-06
CZ0314636,Gentianella praecox subsp. bohemica,6847d,2023-09-19
CZ0314636,Gentianella praecox subsp. bohemica,NA,2000-01-01
CZ0314636,Hamatocaulis vernicosus,6847d,2001-01-01
CZ0314636,Phengaris nausithous,6847d,2019-08-01
CZ0314636,Sanguisorba officinalis,6847d,2024-05-06
CZ0314636,Succisa pratensis,6847d,2024-05-28
CZ0314637,Hamatocaulis vernicosus,6857c,2023-09-24
CZ0314637,Sanguisorba officinalis,6857c,2019-04-26
CZ0314637,Succisa pratensis,6857c,2019-04-26
CZ0314638,Bombina bombina,6856d,2020-05-31
CZ0314638,Coleanthus subtilis,6856d,2024-05-16
CZ0314638,Lutra lutra,6856d,2015-04-14
CZ0314639,Bombina bombina,6756c,2025-06-08
CZ0314639,Hamatocaulis vernicosus,6756c,2001-01-01
CZ0314639,Leucorrhinia pectoralis,6756c,2025-05-17
CZ0314639,Lutra lutra,6756c,2011-03-29
CZ0314639,Succisa pratensis,6756c,2013-09-03
CZ0314639,Triturus cristatus,6756c,2025-07-05
CZ0314640,Coleanthus subtilis,7057a,2024-05-16
CZ0314640,Leucorrhinia pectoralis,7057a,2015-07-05
CZ0314640,Lutra lutra,"01,""7057a""",2015-05-23
CZ0314640,Triturus cristatus,7057a,2015-06-12
CZ0314641,Cottus gobio,6950c,2019-10-18
CZ0314641,Cottus gobio,7050a,2024-08-12
CZ0314641,Gentianella praecox subsp. bohemica,6950c,2023-09-21
CZ0314641,Gentianella praecox subsp. bohemica,6950d,2012-01-01
CZ0314641,Hamatocaulis vernicosus,"65,""6950d""",2001-01-01
CZ0314641,Lampetra planeri,6950c,2022-09-09
CZ0314641,Lampetra planeri,7050a,2024-08-12
CZ0314641,Lutra lutra,6950c,2018-02-18
CZ0314641,Lutra lutra,7050b,2026-02-07
CZ0314641,Margaritifera margaritifera,6950c,2022-08-22
CZ0314641,Margaritifera margaritifera,7050a,2023-09-18
CZ0314641,Margaritifera margaritifera,7050b,2023-09-18
CZ0314641,Margaritifera margaritifera,"74,""7050a""",2023-09-18
CZ0314641,Phengaris nausithous,"1,""7050b""",2000-01-01
CZ0314641,Phengaris nausithous,"28,""6950d""",1995-01-01
CZ0314641,Phengaris nausithous,"55,""7050b""",2000-01-01
CZ0314641,Phengaris nausithous,6950c,2012-07-31
CZ0314641,Phengaris nausithous,6950d,2017-07-22
CZ0314641,Phengaris nausithous,7050a,2019-07-24
CZ0314641,Phengaris nausithous,7050b,2017-07-14
CZ0314641,Phengaris nausithous,"76,""6950c""",2000-01-01
CZ0314641,Phengaris nausithous,"88,""7050a""",2000-01-01
CZ0314641,Phengaris teleius,7050a,2024-06-24
CZ0314641,Phengaris teleius,7050b,2024-06-24
CZ0314641,Salmo trutta,6950c,2019-10-18
CZ0314641,Salmo trutta,7050a,2024-08-12
CZ0314641,Salmo trutta,7050b,2023-09-18
CZ0314641,Sanguisorba officinalis,"03,""6950c""",2025-05-23
CZ0314641,Sanguisorba officinalis,"07,""6950d""",2013-09-14
CZ0314641,Sanguisorba officinalis,"07,""7050a""",2025-05-31
CZ0314641,Sanguisorba officinalis,"14,""6950d""",2025-05-23
CZ0314641,Sanguisorba officinalis,"35,""7050b""",2013-09-11
CZ0314641,Sanguisorba officinalis,"41,""6950c""",2025-06-28
CZ0314641,Sanguisorba officinalis,"48,""6950d""",2024-01-01
CZ0314641,Sanguisorba officinalis,"49,""6950c""",2025-06-28
CZ0314641,Sanguisorba officinalis,"57,""6950d""",2013-09-14
CZ0314641,Sanguisorba officinalis,"57,""7050a""",2025-05-31
CZ0314641,Sanguisorba officinalis,"6,""6950d""",2024-01-01
CZ0314641,Sanguisorba officinalis,"69,""6950c""",2013-09-14
CZ0314641,Sanguisorba officinalis,6950c,2025-07-14
CZ0314641,Sanguisorba officinalis,6950d,2025-06-28
CZ0314641,Sanguisorba officinalis,"7,""7050b""",2013-09-11
CZ0314641,Sanguisorba officinalis,7050a,2025-06-28
CZ0314641,Sanguisorba officinalis,7050b,2025-06-28
CZ0314641,Sanguisorba officinalis,"73,""7050b""",2013-09-13
CZ0314641,Sanguisorba officinalis,"74,""6950d""",2025-08-17
CZ0314641,Sanguisorba officinalis,"74,""7050a""",2025-06-28
CZ0314641,Sanguisorba officinalis,"75,""7050a""",2025-05-31
CZ0314641,Sanguisorba officinalis,"8,""6950d""",2013-09-14
CZ0314641,Sanguisorba officinalis,"8,""7050a""",2025-05-31
CZ0314641,Sanguisorba officinalis,"85,""6950d""",2013-05-26
CZ0314641,Sanguisorba officinalis,"9,""7050a""",2013-09-11
CZ0314641,Sanguisorba officinalis,"91,""7050b""",2013-09-13
CZ0314641,Sanguisorba officinalis,"93,""7050a""",2013-08-31
CZ0314641,Succisa pratensis,"58,""6950d""",2013-09-14
CZ0314641,Succisa pratensis,6950c,2025-06-28
CZ0314641,Succisa pratensis,7050a,2025-06-23
CZ0314641,Succisa pratensis,7050b,2025-06-23
CZ0314641,Succisa pratensis,"8,""6950d""",2012-07-13
CZ0314641,Succisa pratensis,"85,""6950d""",2013-05-26
CZ0314641,Vertigo angustior,6950c,2014-09-06
CZ0314642,Phengaris teleius,6548b,2016-07-06
CZ0314642,Sanguisorba officinalis,6548b,2019-05-23
CZ0314642,Succisa pratensis,6548b,2019-05-23
CZ0314648,Bombina bombina,6548b,2025-04-11
CZ0314648,Phengaris teleius,6548b,2021-07-20
CZ0314648,Sanguisorba officinalis,6548b,2025-10-04
CZ0314648,Succisa pratensis,6548b,2025-10-04
CZ0315002,Bombina bombina,6548d,2011-04-01
CZ0315002,Hamatocaulis vernicosus,6548d,2024-01-01
CZ0315002,Sanguisorba officinalis,6548d,2013-06-16
CZ0315002,Vertigo angustior,6548d,2006-09-09
CZ0315005,Hamatocaulis vernicosus,6750a,2023-06-15
CZ0315005,Hamatocaulis vernicosus,6750b,2022-10-27
CZ0320005,Austropotamobius torrentium,6448a,2016-10-09
CZ0320005,Lutra lutra,6448a,2024-05-09
CZ0320005,Phengaris nausithous,6448a,2021-07-26
CZ0320005,Phengaris teleius,6448a,2025-07-01
CZ0320005,Sanguisorba officinalis,6448a,2021-06-20
CZ0320005,Succisa pratensis,6448a,2018-06-21
CZ0320005,Triturus cristatus,6448a,2022-05-11
CZ0320013,Sanguisorba officinalis,6447b,2022-05-18
CZ0320022,Castor fiber,"2,""6545c""",2004-06-05
CZ0320022,Cucujus cinnaberinus,6545c,2013-08-25
CZ0320022,Lynx lynx,6545c,2000-03-12
CZ0320022,Sanguisorba officinalis,6545a,2014-06-24
CZ0320023,Barbastella barbastellus,6747b,2002-01-01
CZ0320023,Euplagia quadripunctaria,6747b,2000-05-01
CZ0320023,Lutra lutra,"49,""6747b""",2005-10-01
CZ0320023,Lynx lynx,6747a,2014-04-01
CZ0320023,Myotis myotis,"49,""6747b""",1997-03-21
CZ0320023,Myotis myotis,6747b,2019-01-17
CZ0320023,Myotis myotis,"71,""6747b""",1982-01-01
CZ0320023,Rhinolophus hipposideros,"49,""6747b""",2008-01-17
CZ0320023,Rhinolophus hipposideros,6747b,2019-01-17
CZ0320023,Sanguisorba officinalis,6747b,2022-05-03
CZ0320023,Succisa pratensis,6747b,2025-06-28
CZ0320030,Barbastella barbastellus,6542a,2018-09-15
CZ0320030,Barbastella barbastellus,6542d,2015-09-27
CZ0320030,Canis lupus,"3,""6542d""",2025-03-29
CZ0320030,Canis lupus,6542a,2018-05-28
CZ0320030,Castor fiber,"49,""6542c""",2000-06-01
CZ0320030,Castor fiber,"97,""6542a""",2006-05-06
CZ0320030,Lutra lutra,"49,""6542c""",2006-03-31
CZ0320030,Lutra lutra,"97,""6542a""",2006-03-31
CZ0320030,Lynx lynx,"05,""6542c""",2001-05-01
CZ0320030,Lynx lynx,6542a,2018-11-10
CZ0320030,Lynx lynx,6542b,2018-10-15
CZ0320030,Lynx lynx,6542c,2014-02-03
CZ0320030,Lynx lynx,6542d,2017-03-05
CZ0320030,Myotis bechsteinii,6542a,2018-09-15
CZ0320030,Myotis bechsteinii,6542d,2015-07-08
CZ0320030,Myotis myotis,6542a,2018-09-15
CZ0320030,Sanguisorba officinalis,6542c,2020-07-01
CZ0320030,Succisa pratensis,6542c,2015-06-10
CZ0320037,Carabus menetriesi pacholei,6240d,2021-06-12
CZ0320037,Carabus menetriesi pacholei,6340b,2021-06-13
CZ0320037,Castor fiber,6240d,2008-11-04
CZ0320037,Castor fiber,6340b,2022-06-15
CZ0320037,Lutra lutra,6340b,2011-09-29
CZ0320037,Myotis myotis,"45,""6240d""",2012-06-30
CZ0320037,Sanguisorba officinalis,"97,""6240d""",2004-08-20
CZ0320037,Succisa pratensis,"38,""6340b""",2020-05-08
CZ0320037,Succisa pratensis,6240d,2004-09-01
CZ0320037,Succisa pratensis,6340b,2021-07-05
CZ0320037,Succisa pratensis,"77,""6240d""",2020-05-08
CZ0320037,Succisa pratensis,"97,""6240d""",2004-09-01
CZ0320043,Barbastella barbastellus,6240b,2019-04-25
CZ0320053,Austropotamobius torrentium,6048c,2017-10-02
CZ0320053,Austropotamobius torrentium,6048d,2016-08-31
CZ0320053,Barbastella barbastellus,"49,""6048d""",2007-08-03
CZ0320053,Barbastella barbastellus,6048d,2015-07-02
CZ0320053,Bombina variegata,"12,""6048d""",2010-04-08
CZ0320053,Bombina variegata,6048c,2002-06-05
CZ0320053,Bombina variegata,6048d,2010-04-08
CZ0320053,Canis lupus,6048d,2024-05-11
CZ0320053,Castor fiber,6048c,2021-05-16
CZ0320053,Cottus gobio,6048c,2023-06-26
CZ0320053,Cottus gobio,6048d,2023-09-02
CZ0320053,Dicranum viride,"01,""6048d""",2019-09-03
CZ0320053,Dicranum viride,"49,""6048d""",2023-09-15
CZ0320053,Dicranum viride,6048d,2015-05-10
CZ0320053,Euplagia quadripunctaria,"12,""6048d""",2019-08-20
CZ0320053,Euplagia quadripunctaria,6048c,2017-08-01
CZ0320053,Euplagia quadripunctaria,6048d,2018-07-25
CZ0320053,Lampetra planeri,6048c,2001-01-01
CZ0320053,Lucanus cervus,"12,""6048d""",2019-04-21
CZ0320053,Lucanus cervus,6048c,2022-11-12
CZ0320053,Lucanus cervus,6048d,2024-07-05
CZ0320053,Lutra lutra,6048c,2021-01-19
CZ0320053,Myotis bechsteinii,6048d,2015-07-02
CZ0320053,Myotis myotis,6048d,2015-07-02
CZ0320053,Ophiogomphus cecilia,6048d,2017-06-25
CZ0320053,Osmoderma barnabita,6048d,2013-10-29
CZ0320053,Phengaris nausithous,6048c,2018-07-23
CZ0320053,Salmo trutta,6048c,2024-09-06
CZ0320053,Salmo trutta,6048d,2023-09-02
CZ0320053,Salmo trutta,"92,""6048d""",2021-06-28
CZ0320053,Sanguisorba officinalis,"12,""6048d""",2001-01-01
CZ0320053,Sanguisorba officinalis,6048c,2024-09-06
CZ0320053,Triturus cristatus,"12,""6048d""",2010-04-08
CZ0320140,Barbastella barbastellus,6447c,2015-08-27
CZ0320140,Barbastella barbastellus,6447d,2015-10-05
CZ0320140,Bombina variegata,"27,""6447c""",1971-01-01
CZ0320140,Bombina variegata,6447c,2014-04-24
CZ0320140,Euplagia quadripunctaria,6447c,2025-08-18
CZ0320140,Lynx lynx,6447c,2000-08-22
CZ0320140,Myotis bechsteinii,6447c,2015-08-30
CZ0320140,Myotis bechsteinii,6447d,2015-08-30
CZ0320140,Myotis emarginatus,6447c,2015-08-29
CZ0320140,Myotis myotis,6447c,2015-08-30
CZ0320140,Myotis myotis,6447d,2015-08-30
CZ0320140,Rumex sp.,6447c,2015-06-19
CZ0320140,Sanguisorba officinalis,"06,""6447c""",2023-08-12
CZ0320140,Sanguisorba officinalis,6447c,2001-07-30
CZ0320180,Barbastella barbastellus,6642b,2018-10-13
CZ0320180,Barbastella barbastellus,"96,""6642a""",2011-06-21
CZ0320180,Barbastella barbastellus,"96,""6642b""",2011-06-21
CZ0320180,Barbastella barbastellus,"96,""6642c""",2011-06-21
CZ0320180,Barbastella barbastellus,"96,""6642d""",2011-06-21
CZ0320180,Canis lupus,6642b,2025-05-08
CZ0320180,Castor fiber,6642b,2023-11-14
CZ0320180,Cottus gobio,6642b,2015-11-15
CZ0320180,Cottus gobio,6642d,2023-06-28
CZ0320180,Cottus gobio,6643a,2023-06-28
CZ0320180,Lutra lutra,6642b,2006-09-18
CZ0320180,Lutra lutra,6642d,2006-09-18
CZ0320180,Lynx lynx,"66,""6642b""",2000-03-07
CZ0320180,Lynx lynx,6642b,2025-12-11
CZ0320180,Lynx lynx,6642d,2016-11-01
CZ0320180,Myotis bechsteinii,6642b,2018-06-23
CZ0320180,Myotis bechsteinii,"96,""6642a""",2011-06-21
CZ0320180,Myotis bechsteinii,"96,""6642b""",2011-06-21
CZ0320180,Myotis bechsteinii,"96,""6642c""",2011-06-21
CZ0320180,Myotis bechsteinii,"96,""6642d""",2011-06-21
CZ0320180,Myotis bechsteinii,"99,""6642b""",2012-07-24
CZ0320180,Myotis myotis,6642b,2018-10-13
CZ0320180,Ophiogomphus cecilia,6642b,2019-07-10
CZ0320180,Phengaris nausithous,"08,""6642b""",2019-08-14
CZ0320180,Phengaris nausithous,6642b,2019-08-14
CZ0320180,Phengaris nausithous,6642d,2019-08-14
CZ0320180,Phengaris teleius,"08,""6642b""",2019-07-10
CZ0320180,Phengaris teleius,6642b,2019-07-10
CZ0320180,Phengaris teleius,6642d,2019-08-14
CZ0320180,Salmo trutta,6642b,2015-11-15
CZ0320180,Salmo trutta,6642d,2015-11-15
CZ0320180,Sanguisorba officinalis,"11,""6642b""",2020-06-03
CZ0320180,Sanguisorba officinalis,6642b,2021-06-09
CZ0320180,Sanguisorba officinalis,6642d,2022-08-17
CZ0320180,Sanguisorba officinalis,6643c,2020-06-04
CZ0320180,Sanguisorba officinalis,"88,""6642b""",2006-09-11
CZ0322055,Asplenium adulterinum,6442d,2024-07-03
CZ0322055,Bombina variegata,6442d,2021-09-21
CZ0322057,Bombina bombina,6547b,2014-05-14
CZ0322057,Coleanthus subtilis,6547b,2023-05-30
CZ0322057,Sanguisorba officinalis,6547b,2007-04-19
CZ0322057,Succisa pratensis,6547b,2007-04-19
CZ0322058,Gentianella praecox subsp. bohemica,6747c,2023-09-09
CZ0322058,Gentianella praecox subsp. bohemica,NA,2004-01-01
CZ0322058,Sanguisorba officinalis,6747c,2024-09-01
CZ0322058,Succisa pratensis,6747c,2025-10-11
CZ0322058,Vertigo angustior,6747c,2012-03-10
CZ0322059,Gentianella praecox subsp. bohemica,6847b,2025-10-11
CZ0322060,Gentianella praecox subsp. bohemica,6647d,2023-10-03
CZ0322060,Gentianella praecox subsp. bohemica,6747b,2023-10-03
CZ0322060,Gentianella praecox subsp. bohemica,NA,2006-01-01
CZ0322060,Sanguisorba officinalis,6747b,2001-10-07
CZ0323142,Abramis brama,6047c,1998-01-01
CZ0323142,Abramis brama,6047d,2011-06-15
CZ0323142,Abramis brama,6048a,2014-10-08
CZ0323142,Abramis brama,"61,""6047c""",2004-01-01
CZ0323142,Abramis brama,"74,""6047c""",1998-01-01
CZ0323142,Blicca bjoerkna,6047c,1998-01-01
CZ0323142,Blicca bjoerkna,6047d,2004-01-01
CZ0323142,Blicca bjoerkna,"61,""6047c""",2004-01-01
CZ0323142,Blicca bjoerkna,"74,""6047c""",1998-01-01
CZ0323142,Castor fiber,6047c,2013-03-30
CZ0323142,Castor fiber,6047d,2016-01-01
CZ0323142,Castor fiber,6048a,2010-01-01
CZ0323142,Cottus gobio,6047d,2011-06-15
CZ0323142,Leuciscus aspius,6047b,2022-10-31
CZ0323142,Leuciscus aspius,6047c,2022-10-31
CZ0323142,Leuciscus aspius,6047d,2022-11-01
CZ0323142,Leuciscus aspius,6048a,2022-10-31
CZ0323142,Leuciscus aspius,"61,""6047c""",2004-01-01
CZ0323142,Leuciscus aspius,"74,""6047c""",1998-01-01
CZ0323142,Leuciscus aspius,"82,""6047d""",2002-01-01
CZ0323142,Lutra lutra,6047c,2015-09-28
CZ0323142,Lutra lutra,6047d,2017-08-21
CZ0323142,Rhodeus amarus,6048a,2014-10-08
CZ0323142,Salmo trutta,6047c,1998-01-01
CZ0323142,Salmo trutta,6047d,2011-06-15
CZ0323142,Salmo trutta,"74,""6047c""",1998-01-01
CZ0323142,Sanguisorba officinalis,6047d,2008-08-14
CZ0323142,Scardinius erythrophthalmus,6047c,1998-01-01
CZ0323142,Scardinius erythrophthalmus,6047d,2004-01-01
CZ0323142,Scardinius erythrophthalmus,"61,""6047c""",2004-01-01
CZ0323143,Bombina variegata,6447a,2025-09-21
CZ0323143,Myotis myotis,6447a,2015-05-01
CZ0323144,Triturus cristatus,6342b,2025-06-25
CZ0323145,Austropotamobius torrentium,6347c,2025-10-13
CZ0323145,Austropotamobius torrentium,6347d,2025-09-07
CZ0323145,Austropotamobius torrentium,6348c,2020-06-18
CZ0323145,Austropotamobius torrentium,6448a,2012-11-02
CZ0323145,Austropotamobius torrentium,"68,""6347d""",2003-01-01
CZ0323145,Austropotamobius torrentium,"69,""6348c""",2003-01-01
CZ0323145,Austropotamobius torrentium,"69,""6448a""",2003-01-01
CZ0323145,Cottus gobio,6347d,2020-06-18
CZ0323145,Cottus gobio,6348c,2020-06-18
CZ0323145,Lampetra planeri,6347d,2016-07-07
CZ0323145,Lampetra planeri,6348c,2016-07-08
CZ0323145,Lutra lutra,6347d,2019-11-25
CZ0323145,Lutra lutra,6348c,2019-11-25
CZ0323145,Salmo trutta,6347d,2016-07-07
CZ0323145,Salmo trutta,6348c,2016-07-08
CZ0323145,Salmo trutta,6448a,2002-01-01
CZ0323145,Sanguisorba officinalis,6347c,2021-07-12
CZ0323145,Sanguisorba officinalis,6348c,2012-06-27
CZ0323147,Scardinius erythrophthalmus,6343c,2015-08-06
CZ0323147,Triturus cristatus,6343c,2025-08-30
CZ0323149,Sanguisorba officinalis,6347b,2008-06-07
CZ0323149,Triturus cristatus,6347b,2025-07-13
CZ0323150,Chazara briseis,NA,1995-01-01
CZ0323150,Hipparchia semele,NA,1995-01-01
CZ0323150,Phengaris nausithous,6147b,2021-07-26
CZ0323150,Phengaris teleius,6147b,2018-07-12
CZ0323150,Sanguisorba officinalis,6147b,2010-05-08
CZ0323151,Barbastella barbastellus,6341c,2019-07-03
CZ0323151,Canis lupus,6341c,2023-12-31
CZ0323151,Canis lupus,6341d,2018-11-22
CZ0323151,Castor fiber,"01,""6241c""",2017-02-11
CZ0323151,Castor fiber,"01,""6341b""",2009-01-01
CZ0323151,Castor fiber,"01,""6341c""",2017-02-11
CZ0323151,Castor fiber,"01,""6341d""",2009-01-01
CZ0323151,Castor fiber,"09,""6441a""",2008-01-01
CZ0323151,Castor fiber,"1,""6341a""",2009-01-01
CZ0323151,Castor fiber,"14,""6341b""",2009-01-01
CZ0323151,Castor fiber,"15,""6341c""",2021-01-01
CZ0323151,Castor fiber,"16,""6341c""",2008-01-01
CZ0323151,Castor fiber,"29,""6441a""",2021-01-01
CZ0323151,Castor fiber,"31,""6441a""",2017-02-11
CZ0323151,Castor fiber,"35,""6341a""",2021-01-01
CZ0323151,Castor fiber,"35,""6341b""",2008-01-01
CZ0323151,Castor fiber,"43,""6441a""",2009-01-01
CZ0323151,Castor fiber,"48,""6341b""",2009-01-01
CZ0323151,Castor fiber,"55,""6341b""",2021-01-01
CZ0323151,Castor fiber,"57,""6341a""",2019-01-05
CZ0323151,Castor fiber,"57,""6341b""",2017-02-11
CZ0323151,Castor fiber,"58,""6241c""",2021-01-01
CZ0323151,Castor fiber,6241c,2024-03-04
CZ0323151,Castor fiber,6241d,2021-10-13
CZ0323151,Castor fiber,"63,""6441a""",2017-02-11
CZ0323151,Castor fiber,6341a,2022-01-10
CZ0323151,Castor fiber,6341b,2024-03-04
CZ0323151,Castor fiber,6341c,2024-04-03
CZ0323151,Castor fiber,6341d,2024-03-04
CZ0323151,Castor fiber,6441a,2024-04-03
CZ0323151,Castor fiber,6441b,2024-02-13
CZ0323151,Castor fiber,"66,""6441b""",2009-01-01
CZ0323151,Castor fiber,"71,""6341b""",2017-02-11
CZ0323151,Castor fiber,"72,""6241d""",2021-01-01
CZ0323151,Castor fiber,"76,""6241d""",2017-02-11
CZ0323151,Castor fiber,"82,""6441a""",2019-01-05
CZ0323151,Castor fiber,"84,""6341b""",2008-01-01
CZ0323151,Castor fiber,"89,""6341b""",2000-01-01
CZ0323151,Castor fiber,"9,""6341a""",2017-02-11
CZ0323151,Castor fiber,"92,""6341b""",2021-01-01
CZ0323151,Castor fiber,"99,""6341b""",2021-01-01
CZ0323151,Castor fiber,"99,""6441b""",2009-01-01
CZ0323151,Cottus gobio,6341b,2023-06-29
CZ0323151,Cottus gobio,6341c,2023-06-29
CZ0323151,Cottus gobio,6341d,2019-04-06
CZ0323151,Hamatocaulis vernicosus,6341b,2001-01-01
CZ0323151,Lampetra planeri,6341b,2020-11-16
CZ0323151,Lutra lutra,6341a,2012-08-03
CZ0323151,Lutra lutra,6341b,2020-02-09
CZ0323151,Lutra lutra,6341c,2016-11-09
CZ0323151,Lutra lutra,6341d,2016-11-09
CZ0323151,Lutra lutra,6441b,2011-09-30
CZ0323151,Lynx lynx,6241c,2003-01-01
CZ0323151,Myotis myotis,6341b,2015-06-06
CZ0323151,Myotis myotis,6341c,2019-07-03
CZ0323151,Ophiogomphus cecilia,6341b,2023-09-16
CZ0323151,Ophiogomphus cecilia,6341c,2022-09-08
CZ0323151,Ophiogomphus cecilia,6341d,2019-07-03
CZ0323151,Salmo trutta,6341b,2018-12-12
CZ0323151,Salmo trutta,6341d,2019-04-06
CZ0323151,Sanguisorba officinalis,"56,""6342a""",2013-08-14
CZ0323151,Sanguisorba officinalis,"59,""6441b""",2011-08-14
CZ0323151,Sanguisorba officinalis,6341b,2019-05-06
CZ0323151,Sanguisorba officinalis,6341c,2011-08-22
CZ0323151,Sanguisorba officinalis,6341d,2012-05-06
CZ0323151,Scardinius erythrophthalmus,6341b,2020-11-16
CZ0323151,Succisa pratensis,6341b,2019-05-06
CZ0323155,Osmoderma barnabita,6347a,2023-06-19
CZ0323156,Austropotamobius torrentium,"85,""6348c""",2003-01-01
CZ0323158,Bombina bombina,"21,""6247b""",2015-04-18
CZ0323158,Bombina bombina,"42,""6247b""",2025-06-05
CZ0323158,Bombina bombina,6247a,2025-04-28
CZ0323158,Bombina bombina,6247b,2022-06-08
CZ0323158,Bombina variegata,6247b,2006-06-23
CZ0323158,Castor fiber,6247b,2024-05-23
CZ0323158,Lutra lutra,6247b,2024-11-09
CZ0323158,Phengaris nausithous,6247b,2022-07-30
CZ0323158,Sanguisorba officinalis,"2,""6247b""",2008-06-06
CZ0323158,Sanguisorba officinalis,"39,""6247a""",2008-06-06
CZ0323159,Castor fiber,6246b,2020-11-18
CZ0323159,Cottus gobio,6246b,2013-09-10
CZ0323159,Euplagia quadripunctaria,6246b,2018-08-03
CZ0323159,Leuciscus aspius,6246b,2010-08-15
CZ0323159,Ophiogomphus cecilia,6246b,2022-08-14
CZ0323159,Osmoderma barnabita,6246b,2013-11-06
CZ0323159,Rumex sp.,6246b,2024-04-28
CZ0323159,Sanguisorba officinalis,6246b,2024-10-06
CZ0323160,Bombina variegata,6443b,2024-06-07
CZ0323160,Triturus cristatus,6443b,2025-08-30
CZ0323161,Austropotamobius torrentium,6447a,2012-09-05
CZ0323161,Austropotamobius torrentium,6447b,2012-08-21
CZ0323161,Austropotamobius torrentium,"68,""6447b""",2003-01-01
CZ0323162,Bombina variegata,6445b,2025-08-17
CZ0323162,Triturus cristatus,6445b,2025-04-10
CZ0323163,Vertigo angustior,6547a,2025-06-04
CZ0323164,Myotis myotis,6747b,2015-09-10
CZ0323164,Vertigo angustior,6747b,2025-06-03
CZ0323165,Abramis brama,"82,""6443c""",2004-01-01
CZ0323165,Ameiurus nebulosus,"46,""6442b""",2004-01-01
CZ0323165,Blicca bjoerkna,"46,""6442b""",2004-01-01
CZ0323165,Blicca bjoerkna,"82,""6443c""",2004-01-01
CZ0323165,Castor fiber,6442b,2008-03-06
CZ0323165,Castor fiber,6443a,2009-02-03
CZ0323165,Castor fiber,6443c,2009-02-03
CZ0323165,Castor fiber,"98,""6443c""",2009-02-03
CZ0323165,Cottus gobio,"46,""6442b""",2004-01-01
CZ0323165,Cottus gobio,6443a,2011-09-26
CZ0323165,Cottus gobio,6443c,2018-10-03
CZ0323165,Lampetra planeri,"46,""6442b""",2004-01-01
CZ0323165,Lampetra planeri,6442b,2024-10-22
CZ0323165,Lampetra planeri,6443a,2024-10-22
CZ0323165,Lampetra planeri,6443c,2022-09-24
CZ0323165,Lampetra planeri,"65,""6442b""",2000-01-01
CZ0323165,Lutra lutra,"32,""6442b""",2015-05-12
CZ0323165,Lutra lutra,6443a,2016-11-10
CZ0323165,Myotis myotis,"32,""6442b""",2015-05-12
CZ0323165,Ophiogomphus cecilia,6442b,2019-06-29
CZ0323165,Ophiogomphus cecilia,6443a,2019-06-29
CZ0323165,Salmo trutta,6443a,2011-09-26
CZ0323165,Salmo trutta,6443c,2018-10-03
CZ0323165,Salmo trutta,"82,""6443c""",2004-01-01
CZ0323165,Scardinius erythrophthalmus,"82,""6443c""",2004-01-01
CZ0323166,Austropotamobius torrentium,"62,""6441b""",2003-01-01
CZ0323166,Austropotamobius torrentium,6441b,2025-09-02
CZ0323166,Austropotamobius torrentium,6442a,2018-08-18
CZ0323166,Austropotamobius torrentium,6442c,2020-10-13
CZ0323166,Castor fiber,6441b,2024-05-09
CZ0323166,Castor fiber,6442a,2024-05-09
CZ0323166,Castor fiber,6442c,2024-05-09
CZ0323166,Cottus gobio,6441b,2023-06-29
CZ0323166,Cottus gobio,6442c,2023-06-29
CZ0323166,Cottus gobio,"77,""6442c""",1950-01-01
CZ0323166,Lampetra planeri,6441b,2015-10-25
CZ0323166,Lampetra planeri,6442c,2022-05-04
CZ0323166,Lutra lutra,6441b,2014-04-12
CZ0323166,Lutra lutra,6442c,2011-02-14
CZ0323166,Salmo trutta,6441b,2017-09-27
CZ0323166,Salmo trutta,6442c,2017-09-27
CZ0323166,Sanguisorba officinalis,"75,""6441b""",2010-05-28
CZ0323167,Austropotamobius torrentium,6247c,2025-10-16
CZ0323167,Austropotamobius torrentium,6247d,2004-07-18
CZ0323167,Bombina bombina,6247d,2022-04-29
CZ0323167,Bombina variegata,"01,""6247c""",2019-06-17
CZ0323167,Bombina variegata,"17,""6247d""",2011-06-25
CZ0323167,Bombina variegata,6247c,2025-06-05
CZ0323167,Bombina variegata,6247d,2025-06-05
CZ0323167,Bombina variegata,"74,""6247c""",2019-09-11
CZ0323167,Bombina variegata,"74,""6247d""",2021-06-02
CZ0323167,Castor fiber,6247d,2022-05-18
CZ0323167,Myotis sp.,6247c,2015-07-04
CZ0323167,Phengaris nausithous,6247c,2025-08-05
CZ0323167,Phengaris nausithous,6247d,2020-08-09
CZ0323167,Phengaris teleius,6247d,2014-07-19
CZ0323167,Rumex sp.,6247d,2008-08-10
CZ0323167,Sanguisorba officinalis,"27,""6247c""",2021-05-24
CZ0323167,Sanguisorba officinalis,"38,""6247d""",2021-05-24
CZ0323167,Sanguisorba officinalis,6247c,2021-09-02
CZ0323167,Sanguisorba officinalis,6247d,2021-05-24
CZ0323167,Sanguisorba officinalis,"73,""6247d""",2021-05-16
CZ0323167,Sanguisorba officinalis,"79,""6247c""",2004-09-04
CZ0323167,Sanguisorba officinalis,"8,""6247c""",2004-09-04
CZ0323167,Sanguisorba officinalis,"83,""6247c""",2008-07-19
CZ0323167,Sanguisorba officinalis,"85,""6247c""",2017-07-01
CZ0323167,Succisa pratensis,"21,""6247c""",2008-07-19
CZ0323167,Succisa pratensis,6247c,2008-07-19
CZ0323167,Succisa pratensis,6247d,2021-05-16
CZ0323167,Succisa pratensis,"79,""6247c""",2004-09-04
CZ0323167,Succisa pratensis,"8,""6247c""",2004-09-04
CZ0323167,Succisa pratensis,"83,""6247c""",2008-07-19
CZ0323167,Succisa pratensis,"85,""6247c""",2017-07-01
CZ0323167,Triturus cristatus,6247d,2011-08-03
CZ0323169,Bombina variegata,6243b,2025-06-05
CZ0323169,Sanguisorba officinalis,"45,""6243b""",2009-06-30
CZ0323169,Sanguisorba officinalis,6243b,2024-07-26
CZ0323169,Triturus cristatus,6243b,2025-06-05
CZ0323170,Austropotamobius torrentium,"01,""6446c""",2003-01-01
CZ0323170,Austropotamobius torrentium,6446c,2016-10-19
CZ0323170,Salmo trutta,"73,""6446c""",2004-01-01
CZ0323478,Bombina variegata,"59,""6546a""",2025-08-17
CZ0323478,Bombina variegata,6545b,2015-06-02
CZ0323478,Bombina variegata,6546a,2014-07-16
CZ0323478,Bombina variegata,"69,""6545b""",2019-09-10
CZ0323636,Myotis myotis,6545c,2025-06-09
CZ0323637,Barbastella barbastellus,6046d,2021-02-03
CZ0323637,Myotis myotis,6046d,2024-01-29
CZ0323638,Barbastella barbastellus,6042d,2025-01-29
CZ0323638,Myotis bechsteinii,6042d,2019-01-26
CZ0323638,Myotis myotis,6042d,2025-01-29
CZ0323639,Barbastella barbastellus,6047c,2022-02-02
CZ0323639,Myotis myotis,6047c,2025-06-09
CZ0323640,Myotis myotis,6045a,2025-06-09
CZ0323641,Myotis myotis,6546c,2025-06-09
CZ0323642,Myotis myotis,6147b,2025-06-09
CZ0323644,Myotis bechsteinii,6645b,2012-02-29
CZ0323644,Myotis myotis,6645b,2012-02-29
CZ0323645,Barbastella barbastellus,6042d,2022-01-26
CZ0323645,Myotis bechsteinii,6042d,2025-01-28
CZ0323645,Myotis myotis,6042d,2025-01-28
CZ0323646,Barbastella barbastellus,6244a,2024-01-31
CZ0323646,Myotis bechsteinii,6244a,2017-02-07
CZ0323646,Myotis myotis,6244a,2024-01-31
CZ0323647,Myotis myotis,6145c,2025-06-09
CZ0323648,Myotis myotis,6747d,2014-07-04
CZ0323648,Rhinolophus hipposideros,6747d,2014-07-04
CZ0323812,Cottus gobio,6248c,2022-11-11
CZ0323812,Lampetra planeri,6248c,2023-10-09
CZ0323812,Lutra lutra,6248c,2006-10-05
CZ0323812,Salmo trutta,6248c,2017-10-10
CZ0323824,Castor fiber,6746b,2023-04-12
CZ0323824,Cottus gobio,"61,""6746b""",2000-09-01
CZ0323824,Cottus gobio,6746a,2019-09-23
CZ0323824,Cottus gobio,6746b,2001-01-01
CZ0323824,Cottus gobio,"83,""6747a""",2001-01-01
CZ0323824,Cottus gobio,"99,""6746a""",2001-01-01
CZ0323824,Gentianella praecox subsp. bohemica,NA,2004-01-01
CZ0323824,Lampetra planeri,"05,""6747a""",2000-01-01
CZ0323824,Lampetra planeri,"61,""6746b""",2000-09-01
CZ0323824,Lampetra planeri,6746a,2023-10-27
CZ0323824,Lampetra planeri,6746b,2020-09-27
CZ0323824,Lampetra planeri,6747a,2020-09-27
CZ0323824,Lampetra planeri,"83,""6747a""",2001-01-01
CZ0323824,Lampetra planeri,"99,""6746a""",2001-01-01
CZ0323824,Lutra lutra,6746a,2015-06-27
CZ0323824,Lutra lutra,6746b,2000-12-01
CZ0323824,Lutra lutra,6747a,2015-06-27
CZ0323824,Misgurnus fossilis,6746a,2009-10-24
CZ0323824,Misgurnus fossilis,6747a,2009-10-24
CZ0323824,Salmo trutta,6746a,2015-11-18
CZ0323824,Salmo trutta,6746b,2015-11-18
CZ0323824,Salmo trutta,6747a,2015-09-24
CZ0323824,Salmo trutta,6747c,2001-01-01
CZ0323825,Castor fiber,6143b,2021-09-08
CZ0323825,Cottus gobio,6043c,2018-11-01
CZ0323825,Cottus gobio,6143b,2018-11-01
CZ0323825,Cottus gobio,6143d,2019-09-12
CZ0323825,Lampetra planeri,6143b,2021-11-16
CZ0323825,Salmo trutta,6043c,2014-11-10
CZ0323825,Salmo trutta,6143b,2018-11-01
CZ0323825,Salmo trutta,6143d,2019-09-12
CZ0323826,Bombina variegata,6345b,2024-07-24
CZ0323826,Bombina variegata,"99,""6345b""",2021-05-30
CZ0323826,Sanguisorba officinalis,6345b,2022-06-21
CZ0323826,Triturus cristatus,6345b,2024-07-24
CZ0324025,Castor fiber,6046d,2023-07-06
CZ0324025,Cottus gobio,6046d,2015-11-17
CZ0324025,Euplagia quadripunctaria,6046d,2015-08-09
CZ0324025,Lampetra planeri,6046d,2015-11-17
CZ0324025,Lutra lutra,6046d,2016-12-01
CZ0324025,Ophiogomphus cecilia,6046d,2015-06-28
CZ0324025,Salmo trutta,"5,""6046d""",2004-01-01
CZ0324025,Salmo trutta,6046d,2015-11-17
CZ0324025,Sanguisorba officinalis,"48,""6046d""",2015-09-18
CZ0324025,Sanguisorba officinalis,6046d,2025-05-11
CZ0324025,Sanguisorba officinalis,6047c,2015-09-18
CZ0324025,Succisa pratensis,6046d,2025-04-23
CZ0324026,Barbastella barbastellus,6542c,2015-12-16
CZ0324026,Canis lupus,6542c,2023-06-01
CZ0324026,Castor fiber,6542a,2022-09-01
CZ0324026,Castor fiber,6542c,2024-03-28
CZ0324026,Cottus gobio,6542a,2016-09-23
CZ0324026,Cottus gobio,6542c,2016-09-23
CZ0324026,Lampetra planeri,6542a,2022-09-24
CZ0324026,Lampetra planeri,6542c,2022-09-24
CZ0324026,Lutra lutra,6542a,2016-11-09
CZ0324026,Lutra lutra,6542c,2018-06-01
CZ0324026,Lynx lynx,"51,""6542c""",2000-08-01
CZ0324026,Lynx lynx,"57,""6542c""",2000-11-01
CZ0324026,Myotis bechsteinii,6542a,2015-08-20
CZ0324026,Myotis myotis,6542c,2015-10-04
CZ0324026,Phengaris nausithous,6541d,2020-08-16
CZ0324026,Phengaris nausithous,6542c,2020-08-16
CZ0324026,Rumex sp.,6542c,2009-06-06
CZ0324026,Salmo trutta,6542a,2016-09-23
CZ0324026,Salmo trutta,6542c,2016-09-23
CZ0324026,Sanguisorba officinalis,"09,""6542a""",2019-05-22
CZ0324026,Sanguisorba officinalis,"24,""6542c""",2019-05-22
CZ0324026,Sanguisorba officinalis,6542a,2019-05-22
CZ0324026,Sanguisorba officinalis,6542c,2019-05-22
CZ0324026,Succisa pratensis,"24,""6542c""",2019-05-22
CZ0324026,Succisa pratensis,"32,""6542a""",2019-05-22
CZ0324026,Succisa pratensis,6542a,2019-05-22
CZ0324026,Succisa pratensis,6542c,2012-06-01
CZ0324029,Euplagia quadripunctaria,6647a,2017-04-01
CZ0324029,Phengaris nausithous,6647a,2011-05-29
CZ0324029,Sanguisorba officinalis,6647a,2016-04-01
CZ0324029,Succisa pratensis,6647a,2023-06-12
CZ0324032,Succisa pratensis,"02,""6647b""",2010-05-13
CZ0324032,Succisa pratensis,6647b,2019-07-12
CZ0325001,Hamatocaulis vernicosus,6247d,2020-11-01
CZ0325001,Phengaris nausithous,6247d,2025-08-15
CZ0325001,Sanguisorba officinalis,6247d,2018-06-30
CZ0325001,Succisa pratensis,6247d,2018-06-30
CZ0325002,Buxbaumia viridis,6145a,2024-09-29
CZ0325002,Hamatocaulis vernicosus,6145a,2020-11-01
CZ0325002,Sanguisorba officinalis,6145a,2007-09-16
CZ0325002,Succisa pratensis,6145a,2010-06-27
CZ0325003,Dicranum viride,6544a,2022-07-03
CZ0410001,Barbastella barbastellus,5641a,2017-10-04
CZ0410020,Abramis brama,5841c,2004-01-01
CZ0410020,Abramis brama,"61,""5841c""",2004-01-01
CZ0410020,Abramis brama,"99,""5840d""",2004-01-01
CZ0410020,Blicca bjoerkna,5840d,2015-10-22
CZ0410020,Blicca bjoerkna,5841c,2004-01-01
CZ0410020,Blicca bjoerkna,"61,""5841c""",2004-01-01
CZ0410020,Blicca bjoerkna,"99,""5840d""",2004-01-01
CZ0410020,Castor fiber,"01,""5841c""",2018-06-16
CZ0410020,Castor fiber,5840d,2025-07-29
CZ0410020,Castor fiber,5841c,2024-05-04
CZ0410020,Castor fiber,5841d,2020-01-15
CZ0410020,Cottus gobio,"46,""5841c""",2004-01-01
CZ0410020,Cottus gobio,5840d,1950-01-01
CZ0410020,Cottus gobio,"63,""5841c""",1950-01-01
CZ0410020,Cottus gobio,"69,""5940b""",2004-01-01
CZ0410020,Euphydryas aurinia,NA,2007-06-11
CZ0410020,Lampetra planeri,"46,""5841c""",2004-01-01
CZ0410020,Lampetra planeri,5841c,2021-06-05
CZ0410020,Lampetra planeri,"61,""5841c""",2004-01-01
CZ0410020,Lampetra planeri,"69,""5940b""",2004-01-01
CZ0410020,Leuciscus aspius,"09,""5841c""",1950-01-01
CZ0410020,Leuciscus aspius,5840d,2015-01-01
CZ0410020,Leuciscus aspius,5841c,2009-09-04
CZ0410020,Leuciscus aspius,"61,""5841c""",2004-01-01
CZ0410020,Leuciscus aspius,"99,""5840d""",2004-01-01
CZ0410020,Leucorrhinia pectoralis,5841c,2015-06-10
CZ0410020,Lutra lutra,5841c,2022-08-07
CZ0410020,Misgurnus fossilis,5840d,2017-10-19
CZ0410020,Misgurnus fossilis,5841c,2015-10-22
CZ0410020,Ophiogomphus cecilia,5840d,2022-08-06
CZ0410020,Ophiogomphus cecilia,5841c,2022-08-07
CZ0410020,Ophiogomphus cecilia,5841d,2021-08-14
CZ0410020,Rumex sp.,"28,""5841c""",2005-08-26
CZ0410020,Rumex sp.,5840d,2005-09-02
CZ0410020,Rumex sp.,5841c,2005-08-26
CZ0410020,Salmo trutta,"46,""5841c""",2004-01-01
CZ0410020,Salmo trutta,5840d,2017-10-19
CZ0410020,Salmo trutta,5841c,2015-10-22
CZ0410020,Salmo trutta,"69,""5940b""",2004-01-01
CZ0410020,Sanguisorba officinalis,"22,""5841c""",2013-08-10
CZ0410020,Sanguisorba officinalis,"28,""5841c""",2005-08-26
CZ0410020,Sanguisorba officinalis,"4,""5841c""",2013-08-10
CZ0410020,Sanguisorba officinalis,5840d,2016-07-03
CZ0410020,Sanguisorba officinalis,5841c,2013-08-12
CZ0410020,Scardinius erythrophthalmus,5841c,2013-07-24
CZ0410020,Scardinius erythrophthalmus,"99,""5840d""",2004-01-01
CZ0410020,Succisa pratensis,5841c,2005-08-27
CZ0410021,Euphydryas aurinia,NA,2009-06-15
CZ0410021,Ophiogomphus cecilia,5842a,2025-06-30
CZ0410021,Sanguisorba officinalis,5842a,2010-09-21
CZ0410021,Succisa pratensis,5842a,2010-09-21
CZ0410023,Castor fiber,"61,""6044a""",2020-04-19
CZ0410023,Sanguisorba officinalis,6044a,2018-05-25
CZ0410023,Succisa pratensis,6044a,2024-07-23
CZ0410023,Succisa pratensis,"83,""5944c""",2015-10-04
CZ0410023,Succisa pratensis,"86,""5944c""",2015-10-04
CZ0410023,Succisa pratensis,"9,""6044a""",2015-10-04
CZ0410038,Hamatocaulis vernicosus,5941c,2001-01-01
CZ0410040,Lycaena dispar,5642b,2025-07-18
CZ0410040,Rumex sp.,5642b,2005-08-26
CZ0410040,Sanguisorba officinalis,5642b,2005-08-26
CZ0410047,Euphydryas aurinia,NA,2009-05-20
CZ0410047,Sanguisorba officinalis,5738d,2012-09-09
CZ0410150,Barbastella barbastellus,5840c,2013-07-23
CZ0410150,Castor fiber,5840a,2023-04-05
CZ0410150,Castor fiber,5840b,2025-05-28
CZ0410150,Castor fiber,5840d,2023-04-05
CZ0410150,Epidalea calamita,"17,""5840c""",2020-06-03
CZ0410150,Epidalea calamita,"3,""5840a""",2007-06-17
CZ0410150,Epidalea calamita,5840a,2007-05-17
CZ0410150,Epidalea calamita,5840c,2020-07-28
CZ0410150,Euphydryas aurinia,"06,""5840b""",2017-08-21
CZ0410150,Euphydryas aurinia,"3,""5840a""",2008-01-01
CZ0410150,Euphydryas aurinia,"32,""5840c""",2001-01-01
CZ0410150,Euphydryas aurinia,"54,""5840d""",2022-08-11
CZ0410150,Euphydryas aurinia,5840b,2025-06-06
CZ0410150,Euphydryas aurinia,5840d,2025-08-30
CZ0410150,Euphydryas aurinia,"6,""5840d""",2019-09-01
CZ0410150,Euphydryas aurinia,"64,""5840d""",2016-08-01
CZ0410150,Euphydryas aurinia,NA,2007-06-11
CZ0410150,Leucorrhinia pectoralis,5840b,2021-06-16
CZ0410150,Lutra lutra,5840c,2006-09-28
CZ0410150,Myotis sp.,5840a,2013-07-23
CZ0410150,Rumex sp.,5840c,2019-06-26
CZ0410150,Sanguisorba officinalis,"17,""5840b""",2014-07-26
CZ0410150,Sanguisorba officinalis,5840a,2014-07-20
CZ0410150,Sanguisorba officinalis,5840b,2014-07-26
CZ0410150,Sanguisorba officinalis,5840c,2014-09-04
CZ0410150,Sanguisorba officinalis,5840d,2014-09-04
CZ0410150,Sanguisorba officinalis,"7,""5840d""",2012-05-03
CZ0410150,Succisa pratensis,"04,""5840b""",2014-07-28
CZ0410150,Succisa pratensis,"17,""5840b""",2014-07-26
CZ0410150,Succisa pratensis,"17,""5840c""",2014-07-27
CZ0410150,Succisa pratensis,"18,""5840d""",2014-07-28
CZ0410150,Succisa pratensis,"26,""5840b""",2014-07-26
CZ0410150,Succisa pratensis,"3,""5840b""",2014-07-28
CZ0410150,Succisa pratensis,"35,""5840a""",2012-05-03
CZ0410150,Succisa pratensis,5840a,2014-09-04
CZ0410150,Succisa pratensis,5840b,2014-07-26
CZ0410150,Succisa pratensis,5840c,2012-05-03
CZ0410150,Succisa pratensis,5840d,2014-09-04
CZ0410150,Succisa pratensis,"61,""5840d""",2014-07-27
CZ0410150,Succisa pratensis,"7,""5840d""",2012-05-03
CZ0410150,Triturus cristatus,5840a,2013-06-05
CZ0410150,Triturus cristatus,5840b,2013-05-29
CZ0410150,Triturus cristatus,5840c,2010-04-26
CZ0410150,Triturus cristatus,5840d,2013-05-21
CZ0410151,Euplagia quadripunctaria,5945a,2020-01-01
CZ0410151,Lycaena dispar,5945a,2022-06-15
CZ0410151,Myotis myotis,5945a,2023-05-05
CZ0410151,Myotis sp.,5945a,2023-05-05
CZ0410151,Myotis sp.,"99,""5945a""",2023-05-05
CZ0410151,Phengaris nausithous,5945a,2021-08-20
CZ0410151,Sanguisorba officinalis,5945a,2009-05-18
CZ0410151,Triturus cristatus,5945a,2011-06-03
CZ0410155,Barbastella barbastellus,"31,""5642c""",2008-02-05
CZ0410155,Canis lupus,"51,""5642a""",2025-01-26
CZ0410155,Lycaena dispar,5642a,2024-06-26
CZ0410155,Myotis myotis,"31,""5642c""",2008-02-05
CZ0410155,Orthotrichum rogeri,5642c,2019-08-01
CZ0410155,Phengaris nausithous,5642a,2024-07-22
CZ0410155,Salmo trutta,5642c,2015-09-21
CZ0410155,Sanguisorba officinalis,5642a,2022-10-27
CZ0410155,Sanguisorba officinalis,5642c,2008-12-02
CZ0410168,Sanguisorba officinalis,5642c,2008-12-02
CZ0410168,Succisa pratensis,5642c,2008-11-23
CZ0410401,Canis lupus,5842d,2024-12-16
CZ0410401,Euphydryas aurinia,5842d,2011-09-06
CZ0410401,Euphydryas aurinia,"8,""5842d""",2005-01-01
CZ0410401,Euphydryas aurinia,NA,2009-06-15
CZ0410401,Leucorrhinia pectoralis,5842d,2022-05-15
CZ0410401,Sanguisorba officinalis,"22,""5842c""",2010-08-22
CZ0410401,Sanguisorba officinalis,"32,""5842d""",2010-08-22
CZ0410401,Sanguisorba officinalis,"38,""5842c""",2010-08-22
CZ0410401,Sanguisorba officinalis,5842c,2010-08-22
CZ0410401,Sanguisorba officinalis,5842d,2010-08-19
CZ0410401,Succisa pratensis,5842c,2010-08-22
CZ0410401,Succisa pratensis,5842d,2010-08-19
CZ0410404,Euphydryas aurinia,NA,2009-06-16
CZ0410404,Lutra lutra,5943a,2024-12-16
CZ0410413,Abramis brama,"39,""5742d""",2004-01-01
CZ0410413,Blicca bjoerkna,"39,""5742d""",2004-01-01
CZ0410413,Castor fiber,5742d,2022-10-23
CZ0410413,Castor fiber,5842b,2023-10-15
CZ0410413,Cottus gobio,5742d,2021-05-18
CZ0410413,Cottus gobio,5842b,2021-05-18
CZ0410413,Euphydryas aurinia,NA,2009-06-15
CZ0410413,Leuciscus aspius,"39,""5742d""",2004-01-01
CZ0410413,Ophiogomphus cecilia,5742d,2021-08-15
CZ0410413,Ophiogomphus cecilia,5842b,2021-08-15
CZ0410413,Salmo trutta,"39,""5742d""",2004-01-01
CZ0410413,Scardinius erythrophthalmus,"39,""5742d""",2004-01-01
CZ0410413,Unio crassus,5842b,2021-08-15
CZ0410414,Asplenium adulterinum,5942a,2018-10-25
CZ0410414,Barbastella barbastellus,5941d,2022-06-10
CZ0410414,Barbastella barbastellus,"96,""5942a""",2011-12-21
CZ0410414,Barbastella barbastellus,"96,""5942b""",2011-12-21
CZ0410414,Barbastella barbastellus,"96,""5942c""",2011-12-21
CZ0410414,Barbastella barbastellus,"96,""5942d""",2011-12-21
CZ0410414,Canis lupus,"07,""5942c""",2023-02-24
CZ0410414,Canis lupus,"3,""5942c""",2024-07-01
CZ0410414,Canis lupus,5941d,2025-01-15
CZ0410414,Canis lupus,5942a,2026-01-23
CZ0410414,Canis lupus,5942c,2025-01-15
CZ0410414,Canis lupus,"62,""5942c""",2025-01-15
CZ0410414,Coleanthus subtilis,5942a,2023-07-03
CZ0410414,Euphydryas aurinia,"24,""5942a""",2009-06-15
CZ0410414,Euphydryas aurinia,5942c,2010-06-23
CZ0410414,Euphydryas aurinia,"96,""5942a""",2009-06-15
CZ0410414,Euphydryas aurinia,"96,""5942b""",2009-06-15
CZ0410414,Euphydryas aurinia,"96,""5942c""",2009-06-15
CZ0410414,Euphydryas aurinia,"96,""5942d""",2009-06-15
CZ0410414,Leucorrhinia pectoralis,5942a,2024-05-15
CZ0410414,Ligularia sibirica,"18,""5942c""",2000-09-06
CZ0410414,Ligularia sibirica,5942c,2013-08-10
CZ0410414,Lutra lutra,5942c,2024-01-12
CZ0410414,Lynx lynx,5941d,2010-01-01
CZ0410414,Lynx lynx,5942a,2004-03-14
CZ0410414,Lynx lynx,5942c,2009-02-09
CZ0410414,Lynx lynx,"6,""6042a""",2000-12-01
CZ0410414,Lynx lynx,"97,""5942a""",2003-03-01
CZ0410414,Myotis myotis,"12,""5941d""",1995-01-01
CZ0410414,Myotis myotis,"25,""5942a""",1995-01-01
CZ0410414,Myotis myotis,5942c,2024-10-10
CZ0410414,Myotis myotis,"96,""5942a""",2011-12-21
CZ0410414,Myotis myotis,"96,""5942b""",2011-12-21
CZ0410414,Myotis myotis,"96,""5942c""",2011-12-21
CZ0410414,Myotis myotis,"96,""5942d""",2011-12-21
CZ0410414,Myotis sp.,5941d,2022-06-10
CZ0410414,Myotis sp.,5942c,2022-07-28
CZ0410414,Phengaris nausithous,5941d,2021-08-13
CZ0410414,Phengaris nausithous,5942c,2025-07-24
CZ0410414,Phengaris teleius,5942c,2010-07-01
CZ0410414,Salmo trutta,5941b,2003-07-26
CZ0410414,Sanguisorba officinalis,"05,""5941d""",2009-08-04
CZ0410414,Sanguisorba officinalis,"07,""5941b""",2023-05-24
CZ0410414,Sanguisorba officinalis,"09,""5941d""",2023-05-24
CZ0410414,Sanguisorba officinalis,"26,""5941b""",2009-08-04
CZ0410414,Sanguisorba officinalis,"27,""5941b""",2009-08-04
CZ0410414,Sanguisorba officinalis,"51,""5941b""",2009-08-04
CZ0410414,Sanguisorba officinalis,"52,""5941b""",2023-05-24
CZ0410414,Sanguisorba officinalis,"56,""5941d""",2009-08-03
CZ0410414,Sanguisorba officinalis,5941b,2023-05-24
CZ0410414,Sanguisorba officinalis,5941d,2023-06-28
CZ0410414,Sanguisorba officinalis,5942a,2010-09-11
CZ0410414,Sanguisorba officinalis,5942c,2025-07-24
CZ0410414,Sanguisorba officinalis,"71,""5941d""",2023-05-24
CZ0410414,Sanguisorba officinalis,"81,""5941d""",2009-08-04
CZ0410414,Sanguisorba officinalis,"9,""5941b""",2023-05-24
CZ0410414,Sanguisorba officinalis,"99,""5942c""",2009-04-22
CZ0410414,Succisa pratensis,5941d,2009-08-03
CZ0410438,Leucorrhinia pectoralis,5841d,2017-06-01
CZ0412065,Asplenium adulterinum,5942a,2018-10-25
CZ0412065,Cerastium alsinifolium,5942a,2000-01-01
CZ0412065,Euphydryas aurinia,NA,2009-06-15
CZ0412069,Asplenium adulterinum,5942a,2018-11-14
CZ0412069,Cerastium alsinifolium,5942a,2018-11-14
CZ0412069,Euphydryas aurinia,NA,2009-06-15
CZ0412070,Asplenium adulterinum,"42,""5942c""",2004-05-10
CZ0412070,Asplenium adulterinum,5942c,2022-12-01
CZ0412070,Asplenium adulterinum,5942d,2026-03-07
CZ0412070,Asplenium adulterinum,"64,""5942d""",2000-01-01
CZ0412070,Asplenium adulterinum,"97,""5942c""",2009-04-20
CZ0412070,Canis lupus,5942c,2025-08-13
CZ0412070,Cerastium alsinifolium,"2,""5942d""",2004-05-10
CZ0412070,Cerastium alsinifolium,"28,""5942c""",2009-04-20
CZ0412070,Cerastium alsinifolium,"3,""5942c""",2022-06-15
CZ0412070,Cerastium alsinifolium,"47,""5942c""",2009-04-21
CZ0412070,Cerastium alsinifolium,5942c,2022-09-30
CZ0412070,Cerastium alsinifolium,5942d,2026-03-06
CZ0412070,Cerastium alsinifolium,"67,""5942c""",2004-05-10
CZ0412070,Cerastium alsinifolium,"72,""5942d""",2009-04-20
CZ0412070,Cerastium alsinifolium,"91,""5942c""",2009-04-21
CZ0412070,Cerastium alsinifolium,"99,""5942c""",2022-06-16
CZ0412070,Euphydryas aurinia,NA,2009-06-15
CZ0412070,Myotis myotis,5942c,2024-09-27
CZ0412070,Phengaris nausithous,5942c,2018-07-25
CZ0412070,Sanguisorba officinalis,5942c,2022-06-15
CZ0412070,Sanguisorba officinalis,5942d,2022-06-27
CZ0412071,Asplenium adulterinum,5943c,2018-06-14
CZ0412071,Euphydryas aurinia,NA,2009-06-16
CZ0412071,Gentianella obtusifolia subsp. sturmiana,NA,2005-08-30
CZ0413007,Euphydryas aurinia,"01,""5943d""",2023-08-29
CZ0413007,Euphydryas aurinia,5943d,2024-08-24
CZ0413007,Euphydryas aurinia,NA,2009-06-16
CZ0413007,Sanguisorba officinalis,5943d,2017-07-23
CZ0413007,Succisa pratensis,5943d,2020-08-21
CZ0413008,Cottus gobio,6042b,2002-10-04
CZ0413008,Euphydryas aurinia,6042a,2010-08-23
CZ0413008,Euphydryas aurinia,6042b,2025-09-02
CZ0413008,Euphydryas aurinia,"89,""6042a""",2005-01-01
CZ0413008,Euphydryas aurinia,"95,""6042b""",2007-01-01
CZ0413008,Euphydryas aurinia,NA,2011-06-03
CZ0413008,Gentianella obtusifolia subsp. sturmiana,NA,2002-06-01
CZ0413008,Lampetra planeri,"92,""6042b""",2004-01-01
CZ0413008,Lutra lutra,6042b,2020-03-26
CZ0413008,Salmo trutta,6042b,2015-09-23
CZ0413008,Salmo trutta,"92,""6042b""",2004-01-01
CZ0413008,Sanguisorba officinalis,"6,""6042b""",2012-09-08
CZ0413008,Sanguisorba officinalis,6042a,2007-08-03
CZ0413008,Sanguisorba officinalis,6042b,2021-06-15
CZ0413008,Succisa pratensis,6042a,2022-08-10
CZ0413008,Succisa pratensis,6042b,2023-09-13
CZ0413009,Euphydryas aurinia,5943c,2024-08-22
CZ0413009,Euphydryas aurinia,NA,2009-06-16
CZ0413009,Gentianella obtusifolia subsp. sturmiana,NA,2005-08-30
CZ0413009,Lutra lutra,5943c,2019-08-07
CZ0413009,Phengaris nausithous,5943c,2020-07-19
CZ0413009,Phengaris teleius,5943c,2020-07-19
CZ0413009,Sanguisorba officinalis,5943c,2020-09-15
CZ0413009,Succisa pratensis,5943c,2020-09-15
CZ0413009,Triturus cristatus,5943c,2024-05-17
CZ0413013,Bombina bombina,5844b,2019-05-30
CZ0413013,Euphydryas aurinia,5844b,2025-08-29
CZ0413013,Euphydryas aurinia,NA,2005-05-29
CZ0413013,Leucorrhinia pectoralis,5844b,2019-06-18
CZ0413013,Phengaris nausithous,5844b,2019-08-21
CZ0413013,Sanguisorba officinalis,5844b,2017-05-20
CZ0413013,Succisa pratensis,5844b,2017-05-20
CZ0413014,Bombina bombina,5844d,2025-06-13
CZ0413014,Euphydryas aurinia,5844d,2025-06-13
CZ0413014,Euphydryas aurinia,NA,2024-08-29
CZ0413014,Sanguisorba officinalis,5844d,2020-08-27
CZ0413014,Succisa pratensis,5844d,2025-06-13
CZ0413014,Triturus cristatus,5844d,2019-04-18
CZ0413015,Euphydryas aurinia,5843b,2025-08-29
CZ0413015,Euphydryas aurinia,5844a,2025-08-29
CZ0413015,Euphydryas aurinia,"62,""5843b""",2020-08-27
CZ0413015,Euphydryas aurinia,NA,2010-06-23
CZ0413015,Rumex sp.,5843b,2010-05-15
CZ0413015,Sanguisorba officinalis,5844a,2010-10-03
CZ0413015,Succisa pratensis,"01,""5843b""",2010-09-04
CZ0413015,Succisa pratensis,"22,""5843b""",2001-07-04
CZ0413015,Succisa pratensis,"58,""5843b""",2010-09-04
CZ0413015,Succisa pratensis,5843b,2025-06-12
CZ0413015,Succisa pratensis,5844a,2010-10-03
CZ0413017,Euphydryas aurinia,6041b,2012-08-21
CZ0413017,Euphydryas aurinia,NA,2009-06-01
CZ0413017,Lampetra planeri,6041b,2009-06-27
CZ0413017,Sanguisorba officinalis,6041b,2009-09-28
CZ0413017,Succisa pratensis,6041b,2009-09-27
CZ0413018,Euphydryas aurinia,5943a,2023-09-08
CZ0413018,Euphydryas aurinia,NA,2009-06-16
CZ0413018,Phengaris nausithous,5943a,2020-07-22
CZ0413018,Phengaris teleius,5943a,2020-07-22
CZ0413018,Sanguisorba officinalis,5943a,2022-08-23
CZ0413018,Succisa pratensis,5943a,2022-08-23
CZ0413173,Bombina bombina,5844c,2023-05-20
CZ0413173,Euphydryas aurinia,5844c,2025-08-29
CZ0413173,Euphydryas aurinia,NA,2008-06-09
CZ0413173,Lutra lutra,5844c,2023-12-14
CZ0413173,Sanguisorba officinalis,5844c,2017-06-02
CZ0413173,Succisa pratensis,5844c,2024-07-24
CZ0413173,Triturus cristatus,5844c,2020-07-03
CZ0413174,Triturus cristatus,5643d,2025-07-20
CZ0413177,Barbastella barbastellus,"31,""5738b""",2013-06-07
CZ0413177,Castor fiber,5638d,2025-09-05
CZ0413177,Cottus gobio,5638d,2015-10-01
CZ0413177,Cottus gobio,5738b,2015-10-01
CZ0413177,Cottus gobio,"69,""5638d""",2004-01-01
CZ0413177,Euphydryas aurinia,"01,""5738b""",2024-08-31
CZ0413177,Euphydryas aurinia,"27,""5738b""",2005-01-01
CZ0413177,Euphydryas aurinia,5638d,2025-08-31
CZ0413177,Euphydryas aurinia,5738b,2025-08-31
CZ0413177,Euphydryas aurinia,5738d,2005-01-01
CZ0413177,Euphydryas aurinia,"94,""5738b""",2011-06-02
CZ0413177,Euphydryas aurinia,NA,2009-05-20
CZ0413177,Hamatocaulis vernicosus,"94,""5738b""",2001-01-01
CZ0413177,Lampetra planeri,5638d,2023-08-16
CZ0413177,Lampetra planeri,5738b,2023-08-13
CZ0413177,Lampetra planeri,"69,""5638d""",2004-01-01
CZ0413177,Lutra lutra,5638d,2016-10-26
CZ0413177,Lutra lutra,5738b,2011-10-25
CZ0413177,Margaritifera margaritifera,"01,""5738b""",2006-09-01
CZ0413177,Margaritifera margaritifera,"27,""5738b""",1995-01-01
CZ0413177,Margaritifera margaritifera,"33,""5738b""",2022-07-01
CZ0413177,Margaritifera margaritifera,5638d,2025-08-31
CZ0413177,Margaritifera margaritifera,5738b,2024-08-15
CZ0413177,Margaritifera margaritifera,"86,""5738b""",2006-09-01
CZ0413177,Myotis myotis,"31,""5738b""",2013-07-10
CZ0413177,Salmo trutta,5638d,2015-10-01
CZ0413177,Salmo trutta,5738b,2017-05-24
CZ0413177,Salmo trutta,"69,""5638d""",2004-01-01
CZ0413177,Sanguisorba officinalis,"01,""5738b""",2010-07-01
CZ0413177,Sanguisorba officinalis,"51,""5738b""",2010-07-01
CZ0413177,Sanguisorba officinalis,5638d,2020-08-23
CZ0413177,Sanguisorba officinalis,5738b,2012-09-10
CZ0413177,Succisa pratensis,"01,""5738b""",2010-07-01
CZ0413177,Succisa pratensis,"26,""5638d""",2012-09-13
CZ0413177,Succisa pratensis,"46,""5738b""",2010-07-01
CZ0413177,Succisa pratensis,"51,""5738b""",2010-07-01
CZ0413177,Succisa pratensis,5638d,2025-09-17
CZ0413177,Succisa pratensis,5738b,2025-09-17
CZ0413177,Triturus cristatus,5738b,2020-04-27
CZ0413179,Euphydryas aurinia,"01,""6042b""",2024-08-22
CZ0413179,Euphydryas aurinia,6042b,2025-08-27
CZ0413179,Euphydryas aurinia,"99,""6042b""",2023-08-22
CZ0413179,Euphydryas aurinia,NA,2010-06-05
CZ0413179,Gentianella obtusifolia subsp. sturmiana,NA,2002-06-01
CZ0413179,Leucorrhinia pectoralis,6042b,2018-05-31
CZ0413179,Salmo trutta,6042b,2015-09-23
CZ0413179,Sanguisorba officinalis,6042b,2020-07-19
CZ0413179,Succisa pratensis,6042b,2020-08-23
CZ0413179,Triturus cristatus,6042b,2024-05-06
CZ0413180,Euphydryas aurinia,6042b,2024-09-04
CZ0413180,Euphydryas aurinia,NA,2010-06-05
CZ0413180,Sanguisorba officinalis,6042b,2015-06-04
CZ0413180,Succisa pratensis,6042b,2023-08-09
CZ0413181,Euphydryas aurinia,"01,""5843d""",2002-08-01
CZ0413181,Euphydryas aurinia,5843d,2025-09-04
CZ0413181,Euphydryas aurinia,NA,2010-06-03
CZ0413181,Lycaena dispar,5843d,2024-06-17
CZ0413181,Sanguisorba officinalis,5843d,2020-09-17
CZ0413181,Succisa pratensis,5843d,2023-08-30
CZ0413182,Canis lupus,5942a,2025-05-27
CZ0413182,Carabus menetriesi pacholei,5942a,2017-05-23
CZ0413182,Carabus menetriesi pacholei,5942b,2019-05-27
CZ0413182,Carabus menetriesi pacholei,"95,""5942a""",2007-06-03
CZ0413182,Euphydryas aurinia,5942a,2024-09-06
CZ0413182,Euphydryas aurinia,NA,2009-06-15
CZ0413182,Leucorrhinia pectoralis,5942a,2021-07-27
CZ0413182,Phengaris nausithous,5942a,2019-07-24
CZ0413182,Sanguisorba officinalis,"06,""5942a""",2009-09-08
CZ0413182,Sanguisorba officinalis,"37,""5942a""",2021-06-29
CZ0413182,Sanguisorba officinalis,5942a,2021-08-16
CZ0413182,Sanguisorba officinalis,5942b,2021-07-27
CZ0413182,Succisa pratensis,"06,""5942a""",2009-09-08
CZ0413182,Succisa pratensis,"23,""5942a""",2000-02-21
CZ0413182,Succisa pratensis,"37,""5942a""",2021-06-29
CZ0413182,Succisa pratensis,5942a,2021-08-16
CZ0413182,Succisa pratensis,5942b,2021-07-27
CZ0413184,Epidalea calamita,"01,""5741d""",2021-06-18
CZ0413184,Epidalea calamita,5741d,2025-07-25
CZ0413184,Epidalea calamita,"99,""5741d""",2024-05-23
CZ0413184,Euphydryas aurinia,NA,1995-01-01
CZ0413184,Leucorrhinia pectoralis,5741d,2015-06-06
CZ0413184,Succisa pratensis,5741d,2023-08-22
CZ0413184,Triturus cristatus,"01,""5741d""",2022-09-01
CZ0413184,Triturus cristatus,5741d,2025-07-31
CZ0413185,Euphydryas aurinia,"05,""5841b""",1995-01-01
CZ0413185,Euphydryas aurinia,NA,1995-01-01
CZ0413185,Triturus cristatus,"06,""5741d""",2025-08-24
CZ0413185,Triturus cristatus,"18,""5841b""",2023-07-14
CZ0413185,Triturus cristatus,"21,""5841b""",2003-04-28
CZ0413185,Triturus cristatus,"4,""5741d""",2025-08-24
CZ0413185,Triturus cristatus,5741d,2025-05-23
CZ0413185,Triturus cristatus,5841b,2025-08-24
CZ0413185,Triturus cristatus,"8,""5741d""",2015-06-07
CZ0413187,Euphydryas aurinia,5943a,2015-09-12
CZ0413187,Euphydryas aurinia,NA,2009-06-16
CZ0413187,Phengaris nausithous,5943a,2022-07-23
CZ0413187,Sanguisorba officinalis,"17,""5943a""",2014-07-14
CZ0413187,Sanguisorba officinalis,"57,""5943a""",2014-07-14
CZ0413187,Sanguisorba officinalis,5943a,2014-07-14
CZ0413187,Succisa pratensis,"19,""5943a""",2002-06-16
CZ0413187,Succisa pratensis,"57,""5943a""",2014-07-14
CZ0413187,Succisa pratensis,5943a,2014-07-14
CZ0413188,Euphydryas aurinia,NA,2009-05-26
CZ0413188,Spermophilus citellus,5743d,2025-07-07
CZ0413188,Spermophilus citellus,"74,""5743d""",2001-06-25
CZ0413190,Bombina bombina,"11,""5743b""",2020-07-23
CZ0413190,Bombina bombina,"35,""5743b""",2021-07-05
CZ0413190,Bombina bombina,"57,""5743a""",2022-07-11
CZ0413190,Bombina bombina,5743a,2021-07-05
CZ0413190,Bombina bombina,5743b,2022-07-11
CZ0413190,Bombina bombina,"98,""5643d""",2021-07-05
CZ0413190,Euphydryas aurinia,NA,2009-05-26
CZ0413190,Leucorrhinia pectoralis,5743b,2018-06-05
CZ0413190,Osmoderma barnabita,5743b,2018-10-03
CZ0413190,Rumex sp.,5743a,2010-09-21
CZ0413190,Sanguisorba officinalis,"14,""5743b""",2010-06-09
CZ0413190,Sanguisorba officinalis,5743a,2010-09-21
CZ0413190,Sanguisorba officinalis,5743b,2010-06-09
CZ0413190,Succisa pratensis,5743a,2010-09-21
CZ0413190,Triturus cristatus,"09,""5743a""",2002-01-01
CZ0413190,Triturus cristatus,"35,""5743b""",2021-07-05
CZ0413190,Triturus cristatus,"45,""5743a""",2023-07-09
CZ0413190,Triturus cristatus,"57,""5743a""",2025-07-31
CZ0413190,Triturus cristatus,5743a,2021-07-05
CZ0413190,Triturus cristatus,5743b,2025-07-31
CZ0413190,Triturus cristatus,"98,""5643d""",2021-07-05
CZ0413191,Cottus gobio,5843b,2021-10-12
CZ0413191,Euphydryas aurinia,5843b,2024-08-27
CZ0413191,Euphydryas aurinia,NA,2010-06-03
CZ0413191,Phengaris nausithous,5843b,2025-07-22
CZ0413191,Phengaris teleius,5843b,2025-07-22
CZ0413191,Salmo trutta,5843b,2014-09-24
CZ0413191,Sanguisorba officinalis,5843b,2020-09-02
CZ0413191,Succisa pratensis,5843b,2020-09-02
CZ0413193,Euphydryas aurinia,NA,2007-06-11
CZ0413193,Leucorrhinia pectoralis,5839b,2021-06-17
CZ0413193,Leucorrhinia pectoralis,5840a,2018-06-04
CZ0413193,Lutra lutra,5839b,2025-03-13
CZ0413193,Scardinius erythrophthalmus,5839b,2010-11-11
CZ0413193,Triturus cristatus,"1,""5839b""",2023-07-15
CZ0413193,Triturus cristatus,"22,""5840a""",2025-07-25
CZ0413193,Triturus cristatus,"38,""5840a""",2022-07-26
CZ0413193,Triturus cristatus,"4,""5840a""",2021-07-22
CZ0413193,Triturus cristatus,"48,""5839b""",2025-08-25
CZ0413193,Triturus cristatus,"53,""5840a""",2022-06-17
CZ0413193,Triturus cristatus,5839b,2025-08-25
CZ0413193,Triturus cristatus,5840a,2025-08-25
CZ0413193,Triturus cristatus,"74,""5840a""",2024-07-27
CZ0413193,Triturus cristatus,"78,""5840a""",2022-04-26
CZ0413193,Triturus cristatus,"88,""5840a""",2021-06-25
CZ0413194,Castor fiber,5944b,2026-01-27
CZ0413194,Castor fiber,5945a,2023-07-11
CZ0413194,Castor fiber,"78,""5945a""",2020-10-12
CZ0413194,Cottus gobio,"14,""5945b""",2004-01-01
CZ0413194,Cottus gobio,5945a,2015-09-21
CZ0413194,Lampetra planeri,"14,""5945b""",2004-01-01
CZ0413194,Lampetra planeri,"19,""5945a""",2000-01-01
CZ0413194,Lampetra planeri,"57,""5945a""",1950-01-01
CZ0413194,Lampetra planeri,5945a,2015-09-21
CZ0413194,Lampetra planeri,5945b,2023-08-11
CZ0413194,Lutra lutra,5945a,2015-07-17
CZ0413194,Lutra lutra,5945b,2000-10-13
CZ0413194,Salmo trutta,"14,""5945b""",2004-01-01
CZ0413194,Salmo trutta,5945a,2015-09-21
CZ0413194,Salmo trutta,5945b,2003-06-01
CZ0413194,Scardinius erythrophthalmus,5945a,2015-09-21
CZ0413195,Barbastella barbastellus,5942b,2015-06-07
CZ0413195,Cottus gobio,5942b,2023-08-13
CZ0413195,Cottus gobio,5942c,2006-10-24
CZ0413195,Cottus gobio,5942d,2023-08-13
CZ0413195,Cottus gobio,5943a,2013-09-06
CZ0413195,Cottus gobio,5943c,2020-09-13
CZ0413195,Cottus gobio,"79,""5942d""",2000-01-01
CZ0413195,Cottus gobio,"89,""5942d""",2000-01-01
CZ0413195,Euphydryas aurinia,NA,2009-06-16
CZ0413195,Gentianella obtusifolia subsp. sturmiana,NA,2005-08-30
CZ0413195,Lutra lutra,5942b,2019-01-13
CZ0413195,Lutra lutra,5942d,2022-09-07
CZ0413195,Lutra lutra,5943a,2000-10-13
CZ0413195,Lutra lutra,5943c,2000-10-13
CZ0413195,Myotis myotis,5942b,2015-06-07
CZ0413195,Salmo trutta,5942b,2017-06-09
CZ0413195,Salmo trutta,5942c,2006-10-24
CZ0413195,Salmo trutta,5942d,2015-09-22
CZ0413195,Salmo trutta,5943a,2006-10-06
CZ0413195,Salmo trutta,5943c,2006-10-10
CZ0413195,Sanguisorba officinalis,5942d,2015-05-19
CZ0413196,Bombina bombina,"51,""5845c""",2025-08-09
CZ0413196,Bombina bombina,5845c,2020-06-16
CZ0413196,Bombina bombina,"72,""5845c""",2024-08-28
CZ0413196,Lemna trisulca,"09,""5845c""",2008-05-17
CZ0413196,Lemna trisulca,5845c,2008-05-17
CZ0413196,Triturus cristatus,5845c,2020-04-15
CZ0413196,Triturus cristatus,"69,""5845c""",2022-04-30
CZ0413196,Triturus cristatus,"72,""5845c""",2025-06-29
CZ0414026,Asplenium adulterinum,"02,""5942b""",2004-05-10
CZ0414026,Asplenium adulterinum,"17,""5942b""",2005-01-01
CZ0414026,Asplenium adulterinum,"26,""5942b""",2004-06-10
CZ0414026,Asplenium adulterinum,"39,""5942b""",2003-02-01
CZ0414026,Asplenium adulterinum,"52,""5942b""",2005-04-01
CZ0414026,Asplenium adulterinum,5942a,2024-05-25
CZ0414026,Asplenium adulterinum,5942b,2025-09-19
CZ0414026,Asplenium adulterinum,"72,""5942b""",2004-05-10
CZ0414026,Asplenium adulterinum,"89,""5942b""",2009-03-18
CZ0414026,Asplenium adulterinum,"9,""5942b""",2009-03-05
CZ0414026,Asplenium adulterinum,"99,""5942b""",2005-01-01
CZ0414026,Canis lupus,"92,""5942b""",2025-08-13
CZ0414026,Cerastium alsinifolium,"02,""5942b""",2004-05-10
CZ0414026,Cerastium alsinifolium,"17,""5942b""",2000-01-01
CZ0414026,Cerastium alsinifolium,"26,""5942b""",2004-06-10
CZ0414026,Cerastium alsinifolium,"39,""5942b""",2003-02-01
CZ0414026,Cerastium alsinifolium,"52,""5942b""",2005-04-01
CZ0414026,Cerastium alsinifolium,5942a,2018-10-10
CZ0414026,Cerastium alsinifolium,5942b,2025-09-19
CZ0414026,Cerastium alsinifolium,"72,""5942b""",2004-05-10
CZ0414026,Cerastium alsinifolium,"82,""5942b""",2009-03-18
CZ0414026,Cerastium alsinifolium,"89,""5942b""",2009-03-18
CZ0414026,Cerastium alsinifolium,"9,""5942b""",2009-03-05
CZ0414026,Cerastium alsinifolium,"99,""5942b""",2005-01-01
CZ0414026,Euphydryas aurinia,5942b,2024-09-05
CZ0414026,Euphydryas aurinia,NA,2009-06-15
CZ0414026,Leucorrhinia pectoralis,5942b,2023-06-13
CZ0414026,Lutra lutra,"28,""5942b""",2005-11-01
CZ0414026,Lutra lutra,5942a,2016-11-07
CZ0414026,Lynx lynx,5942b,2013-04-01
CZ0414026,Phengaris nausithous,5942a,2024-07-25
CZ0414026,Phengaris nausithous,5942b,2024-07-25
CZ0414026,Phengaris nausithous,"72,""5942b""",2024-07-25
CZ0414026,Phengaris teleius,5942b,2020-07-23
CZ0414026,Sanguisorba officinalis,"16,""5942b""",2009-03-05
CZ0414026,Sanguisorba officinalis,"17,""5942b""",2000-01-01
CZ0414026,Sanguisorba officinalis,"26,""5942b""",2004-05-01
CZ0414026,Sanguisorba officinalis,"52,""5942b""",2005-04-01
CZ0414026,Sanguisorba officinalis,5942a,2021-06-29
CZ0414026,Sanguisorba officinalis,5942b,2025-07-04
CZ0414026,Sanguisorba officinalis,"7,""5942b""",2009-03-05
CZ0414026,Sanguisorba officinalis,"75,""5942a""",2004-05-10
CZ0414026,Sanguisorba officinalis,"81,""5942a""",2004-05-10
CZ0414026,Sanguisorba officinalis,"82,""5942b""",2004-05-10
CZ0414026,Sanguisorba officinalis,"86,""5942b""",2004-05-10
CZ0414026,Sanguisorba officinalis,"9,""5942b""",2004-05-10
CZ0414026,Sanguisorba officinalis,"98,""5942a""",2009-03-05
CZ0414026,Succisa pratensis,5942a,2018-04-24
CZ0414026,Succisa pratensis,5942b,2025-07-24
CZ0414027,Euphydryas aurinia,5843b,2025-08-29
CZ0414027,Euphydryas aurinia,"99,""5843b""",2018-08-22
CZ0414027,Euphydryas aurinia,NA,2010-06-23
CZ0414027,Leucorrhinia pectoralis,5843b,2014-07-05
CZ0414027,Salmo trutta,5843b,2002-10-03
CZ0414027,Sanguisorba officinalis,5843b,2021-09-01
CZ0414027,Succisa pratensis,5843b,2022-10-29
CZ0414027,Triturus cristatus,5843b,2020-04-25
CZ0414110,Barbastella barbastellus,5542d,2010-02-27
CZ0414110,Barbastella barbastellus,5641b,2013-09-08
CZ0414110,Barbastella barbastellus,5642b,2025-01-24
CZ0414110,Barbastella barbastellus,5643a,2025-02-15
CZ0414110,Barbastella barbastellus,"63,""5643a""",2013-08-05
CZ0414110,Barbastella barbastellus,"96,""5641a""",2011-12-21
CZ0414110,Barbastella barbastellus,"96,""5641b""",2011-12-21
CZ0414110,Barbastella barbastellus,"96,""5641c""",2011-12-21
CZ0414110,Barbastella barbastellus,"96,""5641d""",2011-12-21
CZ0414110,Barbastella barbastellus,"96,""5642a""",2011-12-21
CZ0414110,Barbastella barbastellus,"96,""5642b""",2011-12-21
CZ0414110,Barbastella barbastellus,"96,""5642c""",2011-12-21
CZ0414110,Barbastella barbastellus,"96,""5642d""",2011-12-21
CZ0414110,Canis lupus,"21,""5543c""",2025-04-27
CZ0414110,Canis lupus,"42,""5542d""",2024-08-16
CZ0414110,Canis lupus,"44,""5543c""",2025-04-27
CZ0414110,Canis lupus,"51,""5642a""",2025-01-26
CZ0414110,Canis lupus,5541d,2024-12-30
CZ0414110,Canis lupus,5542c,2024-02-24
CZ0414110,Canis lupus,5542d,2025-01-25
CZ0414110,Canis lupus,5543c,2024-03-11
CZ0414110,Canis lupus,5641a,2023-01-07
CZ0414110,Canis lupus,5641b,2025-03-23
CZ0414110,Canis lupus,5641d,2021-07-24
CZ0414110,Canis lupus,5642a,2024-02-24
CZ0414110,Canis lupus,5642b,2023-10-25
CZ0414110,Canis lupus,5643a,2025-03-21
CZ0414110,Canis lupus,"67,""5642b""",2025-02-15
CZ0414110,Carabus menetriesi pacholei,5543c,2025-05-24
CZ0414110,Carabus menetriesi pacholei,"99,""5543c""",2003-06-28
CZ0414110,Castor fiber,5641b,2025-05-21
CZ0414110,Cottus gobio,5542d,2015-09-01
CZ0414110,Euplagia quadripunctaria,5641b,2013-07-05
CZ0414110,Hamatocaulis vernicosus,5543c,2024-05-10
CZ0414110,Hamatocaulis vernicosus,"83,""5543c""",2013-07-29
CZ0414110,Lampetra planeri,5542d,2015-09-01
CZ0414110,Lutra lutra,5541d,2016-10-26
CZ0414110,Lutra lutra,5542c,2016-10-26
CZ0414110,Lutra lutra,5542d,2024-06-08
CZ0414110,Lutra lutra,5543c,2017-12-06
CZ0414110,Lutra lutra,5641b,2016-10-26
CZ0414110,Lutra lutra,5642a,2016-10-26
CZ0414110,Lutra lutra,5643a,2016-10-26
CZ0414110,Lutra lutra,"96,""5641a""",2007-01-01
CZ0414110,Lutra lutra,"96,""5641b""",2007-01-01
CZ0414110,Lutra lutra,"96,""5641c""",2007-01-01
CZ0414110,Lutra lutra,"96,""5641d""",2007-01-01
CZ0414110,Lynx lynx,"38,""5543c""",2015-01-18
CZ0414110,Lynx lynx,5541d,2013-09-01
CZ0414110,Lynx lynx,5542d,2017-12-07
CZ0414110,Lynx lynx,5543c,2017-12-06
CZ0414110,Lynx lynx,5641b,2013-08-20
CZ0414110,Lynx lynx,5643a,2017-12-10
CZ0414110,Myotis bechsteinii,"3,""5543c""",2013-09-17
CZ0414110,Myotis bechsteinii,5543c,2013-08-07
CZ0414110,Myotis bechsteinii,5642b,2023-09-06
CZ0414110,Myotis bechsteinii,5643a,2024-08-24
CZ0414110,Myotis bechsteinii,"96,""5642a""",2011-12-21
CZ0414110,Myotis bechsteinii,"96,""5642b""",2011-12-21
CZ0414110,Myotis bechsteinii,"96,""5642c""",2011-12-21
CZ0414110,Myotis bechsteinii,"96,""5642d""",2011-12-21
CZ0414110,Myotis dasycneme,5542d,2016-01-29
CZ0414110,Myotis dasycneme,5642b,2010-09-12
CZ0414110,Myotis emarginatus,5642b,2023-03-04
CZ0414110,Myotis emarginatus,5643a,2023-09-02
CZ0414110,Myotis myotis,"07,""5542d""",2008-02-05
CZ0414110,Myotis myotis,"3,""5543c""",2013-09-17
CZ0414110,Myotis myotis,"45,""5543c""",2008-02-05
CZ0414110,Myotis myotis,5541d,2013-09-08
CZ0414110,Myotis myotis,5542b,2024-06-08
CZ0414110,Myotis myotis,5542d,2025-01-24
CZ0414110,Myotis myotis,5543c,2025-01-23
CZ0414110,Myotis myotis,5641b,2013-09-08
CZ0414110,Myotis myotis,5642b,2025-03-01
CZ0414110,Myotis myotis,5643a,2024-08-24
CZ0414110,Myotis myotis,"96,""5542a""",2012-06-21
CZ0414110,Myotis myotis,"96,""5542b""",2012-06-21
CZ0414110,Myotis myotis,"96,""5542c""",2012-06-21
CZ0414110,Myotis myotis,"96,""5542d""",2012-06-21
CZ0414110,Myotis myotis,"96,""5543a""",2011-12-21
CZ0414110,Myotis myotis,"96,""5543b""",2011-12-21
CZ0414110,Myotis myotis,"96,""5543c""",2011-12-21
CZ0414110,Myotis myotis,"96,""5543d""",2011-12-21
CZ0414110,Myotis myotis,"96,""5641a""",2011-12-21
CZ0414110,Myotis myotis,"96,""5641b""",2011-12-21
CZ0414110,Myotis myotis,"96,""5641c""",2011-12-21
CZ0414110,Myotis myotis,"96,""5641d""",2011-12-21
CZ0414110,Myotis myotis,"96,""5642a""",2012-06-21
CZ0414110,Myotis myotis,"96,""5642b""",2012-06-21
CZ0414110,Myotis myotis,"96,""5642c""",2012-06-21
CZ0414110,Myotis myotis,"96,""5642d""",2012-06-21
CZ0414110,Myotis sp.,5543c,2010-02-09
CZ0414110,Myotis sp.,5642b,2022-03-05
CZ0414110,Myotis sp.,5643a,2024-07-06
CZ0414110,Phengaris nausithous,5641b,2024-07-19
CZ0414110,Phengaris nausithous,5641c,2025-06-29
CZ0414110,Phengaris nausithous,5642a,2024-07-19
CZ0414110,Phengaris teleius,5641c,2025-06-29
CZ0414110,Rhinolophus ferrumequinum,5643a,2023-09-02
CZ0414110,Rumex sp.,5543c,2023-07-22
CZ0414110,Rumex sp.,5641b,2007-09-16
CZ0414110,Salmo trutta,5542d,2018-06-10
CZ0414110,Salmo trutta,5641b,2004-01-01
CZ0414110,Sanguisorba officinalis,"39,""5641b""",2008-09-17
CZ0414110,Sanguisorba officinalis,"52,""5642b""",2014-09-15
CZ0414110,Sanguisorba officinalis,5542d,2014-09-15
CZ0414110,Sanguisorba officinalis,5543c,2010-08-10
CZ0414110,Sanguisorba officinalis,5641b,2022-10-19
CZ0414110,Sanguisorba officinalis,5641c,2023-06-05
CZ0414110,Sanguisorba officinalis,5642b,2014-09-30
CZ0414110,Sanguisorba officinalis,"86,""5641d""",2008-08-13
CZ0414110,Sanguisorba officinalis,"87,""5542d""",2014-09-15
CZ0414110,Sanguisorba officinalis,"9,""5643a""",2014-07-20
CZ0414110,Sanguisorba officinalis,"97,""5542d""",2014-07-20
CZ0414110,Succisa pratensis,5542d,2014-07-20
CZ0414110,Succisa pratensis,5543c,2010-09-06
CZ0414110,Succisa pratensis,5642b,2023-09-10
CZ0414110,Succisa pratensis,5643a,2010-09-05
CZ0414127,Barbastella barbastellus,"12,""5644d""",2020-08-16
CZ0414127,Barbastella barbastellus,5644c,2025-01-11
CZ0414127,Barbastella barbastellus,5644d,2020-07-05
CZ0414127,Barbastella barbastellus,5645c,2024-07-26
CZ0414127,Barbastella barbastellus,5743d,2025-01-16
CZ0414127,Barbastella barbastellus,5744a,2024-03-08
CZ0414127,Barbastella barbastellus,5744b,2019-05-18
CZ0414127,Barbastella barbastellus,5744c,2025-03-02
CZ0414127,Barbastella barbastellus,5744d,2022-09-09
CZ0414127,Barbastella barbastellus,5745a,2023-07-05
CZ0414127,Barbastella barbastellus,5745c,2019-07-17
CZ0414127,Barbastella barbastellus,5844a,2019-07-23
CZ0414127,Barbastella barbastellus,5845a,2024-01-23
CZ0414127,Barbastella barbastellus,5845b,2019-07-18
CZ0414127,Barbastella barbastellus,"96,""5644a""",2011-12-21
CZ0414127,Barbastella barbastellus,"96,""5644b""",2011-12-21
CZ0414127,Barbastella barbastellus,"96,""5644c""",2011-12-21
CZ0414127,Barbastella barbastellus,"96,""5644d""",2011-12-21
CZ0414127,Barbastella barbastellus,"96,""5645a""",2011-12-21
CZ0414127,Barbastella barbastellus,"96,""5645b""",2011-12-21
CZ0414127,Barbastella barbastellus,"96,""5645c""",2011-12-21
CZ0414127,Barbastella barbastellus,"96,""5645d""",2011-12-21
CZ0414127,Barbastella barbastellus,"96,""5744a""",2011-12-21
CZ0414127,Barbastella barbastellus,"96,""5744b""",2011-12-21
CZ0414127,Barbastella barbastellus,"96,""5744c""",2011-12-21
CZ0414127,Barbastella barbastellus,"96,""5744d""",2011-12-21
CZ0414127,Barbastella barbastellus,"96,""5844a""",2011-12-21
CZ0414127,Barbastella barbastellus,"96,""5844b""",2011-12-21
CZ0414127,Barbastella barbastellus,"96,""5844c""",2011-12-21
CZ0414127,Barbastella barbastellus,"96,""5844d""",2011-12-21
CZ0414127,Barbastella barbastellus,"96,""5845a""",2011-12-21
CZ0414127,Barbastella barbastellus,"96,""5845b""",2011-12-21
CZ0414127,Barbastella barbastellus,"96,""5845c""",2011-12-21
CZ0414127,Barbastella barbastellus,"96,""5845d""",2011-12-21
CZ0414127,Bombina bombina,5644c,2021-07-18
CZ0414127,Bombina bombina,5644d,2022-07-19
CZ0414127,Bombina bombina,5645c,2025-08-11
CZ0414127,Bombina bombina,5744a,2021-07-18
CZ0414127,Bombina bombina,5744b,2024-06-28
CZ0414127,Bombina bombina,5744c,2021-07-29
CZ0414127,Bombina bombina,5744d,2025-08-15
CZ0414127,Bombina bombina,5745a,2025-08-15
CZ0414127,Bombina bombina,5745c,2025-08-10
CZ0414127,Bombina bombina,5844a,2025-06-18
CZ0414127,Bombina bombina,5844b,2025-08-08
CZ0414127,Bombina bombina,5845a,2025-08-10
CZ0414127,Bombina bombina,5845b,2008-06-05
CZ0414127,Bombina bombina,"62,""5845a""",2021-06-23
CZ0414127,Bombina bombina,"63,""5744d""",2021-08-07
CZ0414127,Bombina bombina,"63,""5745c""",2024-08-17
CZ0414127,Canis lupus,"36,""5744b""",2025-02-09
CZ0414127,Canis lupus,5645c,2025-02-07
CZ0414127,Canis lupus,5744a,2017-02-24
CZ0414127,Canis lupus,5744b,2025-03-16
CZ0414127,Canis lupus,5744d,2025-03-15
CZ0414127,Canis lupus,"6,""5845a""",2025-04-19
CZ0414127,Canis lupus,"67,""5744d""",2025-03-15
CZ0414127,Canis lupus,"71,""5745a""",2025-03-16
CZ0414127,Castor fiber,5744c,2022-05-19
CZ0414127,Castor fiber,5744d,2025-10-10
CZ0414127,Castor fiber,5844b,2021-07-27
CZ0414127,Castor fiber,5845a,2026-01-19
CZ0414127,Cottus gobio,5744b,2005-09-25
CZ0414127,Cottus gobio,5744c,2006-11-06
CZ0414127,Cottus gobio,5745a,2021-05-28
CZ0414127,Cottus gobio,5745c,2021-05-28
CZ0414127,Cottus gobio,5844b,2013-12-16
CZ0414127,Cottus gobio,"86,""5845c""",2004-01-01
CZ0414127,Cottus gobio,"92,""5744a""",2004-01-01
CZ0414127,Euphydryas aurinia,"38,""5744c""",2011-06-03
CZ0414127,Euphydryas aurinia,5744c,2011-08-31
CZ0414127,Euphydryas aurinia,5744d,2025-10-10
CZ0414127,Euphydryas aurinia,5745c,2019-06-14
CZ0414127,Euphydryas aurinia,5844a,2024-08-29
CZ0414127,Euphydryas aurinia,"96,""5744a""",2007-06-16
CZ0414127,Euphydryas aurinia,"96,""5744b""",2007-06-16
CZ0414127,Euphydryas aurinia,"96,""5744c""",2007-06-16
CZ0414127,Euphydryas aurinia,"96,""5744d""",2007-06-16
CZ0414127,Euphydryas aurinia,"96,""5844a""",2005-05-29
CZ0414127,Euphydryas aurinia,"96,""5844b""",2005-05-29
CZ0414127,Euphydryas aurinia,"96,""5844c""",2005-05-29
CZ0414127,Euphydryas aurinia,"96,""5844d""",2005-05-29
CZ0414127,Euphydryas aurinia,NA,2015-10-01
CZ0414127,Euplagia quadripunctaria,5644b,2020-08-02
CZ0414127,Euplagia quadripunctaria,5644c,2022-07-17
CZ0414127,Euplagia quadripunctaria,5644d,2022-07-17
CZ0414127,Euplagia quadripunctaria,5645c,2025-07-27
CZ0414127,Euplagia quadripunctaria,5744a,2021-09-04
CZ0414127,Euplagia quadripunctaria,5744b,2021-08-14
CZ0414127,Euplagia quadripunctaria,5744c,2025-08-07
CZ0414127,Euplagia quadripunctaria,5744d,2019-08-18
CZ0414127,Euplagia quadripunctaria,5745c,2019-08-09
CZ0414127,Euplagia quadripunctaria,5844b,2019-08-11
CZ0414127,Euplagia quadripunctaria,5845a,2019-08-06
CZ0414127,Euplagia quadripunctaria,5845b,2007-07-31
CZ0414127,Euplagia quadripunctaria,"96,""5645a""",2011-08-23
CZ0414127,Euplagia quadripunctaria,"96,""5645b""",2011-08-23
CZ0414127,Euplagia quadripunctaria,"96,""5645c""",2011-08-23
CZ0414127,Euplagia quadripunctaria,"96,""5645d""",2011-08-23
CZ0414127,Lampetra planeri,5745a,2015-09-01
CZ0414127,Lemna trisulca,5645c,2022-05-29
CZ0414127,Lemna trisulca,5844b,2017-05-16
CZ0414127,Lemna trisulca,5845a,2021-07-30
CZ0414127,Leucorrhinia pectoralis,5744d,2021-07-23
CZ0414127,Leucorrhinia pectoralis,5844b,2018-05-22
CZ0414127,Lutra lutra,"44,""5645a""",2003-10-03
CZ0414127,Lutra lutra,"46,""5644b""",2003-10-03
CZ0414127,Lutra lutra,5644d,2016-10-27
CZ0414127,Lutra lutra,5645c,2006-10-01
CZ0414127,Lutra lutra,5744a,2016-10-27
CZ0414127,Lutra lutra,5744b,2024-03-08
CZ0414127,Lutra lutra,5744c,2016-10-27
CZ0414127,Lutra lutra,5744d,2016-11-27
CZ0414127,Lutra lutra,5745c,2016-10-27
CZ0414127,Lutra lutra,5844a,2026-01-19
CZ0414127,Lutra lutra,5844b,2026-01-19
CZ0414127,Lutra lutra,5845a,2026-01-19
CZ0414127,Lycaena dispar,5644d,2020-07-05
CZ0414127,Lycaena dispar,5744a,2022-06-11
CZ0414127,Lynx lynx,"46,""5644b""",2001-07-04
CZ0414127,Lynx lynx,5644c,2014-01-01
CZ0414127,Lynx lynx,5644d,2003-12-01
CZ0414127,Lynx lynx,5645c,2016-10-09
CZ0414127,Lynx lynx,5744a,2003-12-01
CZ0414127,Lynx lynx,5744b,2004-01-01
CZ0414127,Lynx lynx,5745a,2004-12-10
CZ0414127,Lynx lynx,"69,""5645a""",2003-12-01
CZ0414127,Myotis alcathoe/emarginatus,5645c,2018-06-16
CZ0414127,Myotis alcathoe/emarginatus,"63,""5644d""",2022-07-03
CZ0414127,Myotis bechsteinii,5645c,2018-07-22
CZ0414127,Myotis bechsteinii,5744d,2022-09-09
CZ0414127,Myotis bechsteinii,"96,""5644a""",2011-12-21
CZ0414127,Myotis bechsteinii,"96,""5644b""",2011-12-21
CZ0414127,Myotis bechsteinii,"96,""5644c""",2011-12-21
CZ0414127,Myotis bechsteinii,"96,""5644d""",2011-12-21
CZ0414127,Myotis emarginatus,5744a,2020-08-12
CZ0414127,Myotis emarginatus,"96,""5845a""",2011-06-21
CZ0414127,Myotis emarginatus,"96,""5845b""",2011-06-21
CZ0414127,Myotis emarginatus,"96,""5845c""",2011-06-21
CZ0414127,Myotis emarginatus,"96,""5845d""",2011-06-21
CZ0414127,Myotis myotis,"12,""5644d""",2020-08-16
CZ0414127,Myotis myotis,"24,""5744c""",2022-06-18
CZ0414127,Myotis myotis,5644b,2014-06-18
CZ0414127,Myotis myotis,5644c,2019-08-04
CZ0414127,Myotis myotis,5644d,2020-07-05
CZ0414127,Myotis myotis,5743b,2014-06-16
CZ0414127,Myotis myotis,5743d,2024-01-21
CZ0414127,Myotis myotis,5744a,2021-07-24
CZ0414127,Myotis myotis,5744c,2025-02-15
CZ0414127,Myotis myotis,5745a,2024-03-08
CZ0414127,Myotis myotis,5745c,2017-07-06
CZ0414127,Myotis myotis,5845a,2024-01-23
CZ0414127,Myotis myotis,"96,""5644a""",2012-06-21
CZ0414127,Myotis myotis,"96,""5644b""",2012-06-21
CZ0414127,Myotis myotis,"96,""5644c""",2012-06-21
CZ0414127,Myotis myotis,"96,""5644d""",2012-06-21
CZ0414127,Myotis myotis,"96,""5645a""",2012-06-21
CZ0414127,Myotis myotis,"96,""5645b""",2012-06-21
CZ0414127,Myotis myotis,"96,""5645c""",2012-06-21
CZ0414127,Myotis myotis,"96,""5645d""",2012-06-21
CZ0414127,Myotis myotis,"96,""5744a""",2011-12-21
CZ0414127,Myotis myotis,"96,""5744b""",2011-12-21
CZ0414127,Myotis myotis,"96,""5744c""",2011-12-21
CZ0414127,Myotis myotis,"96,""5744d""",2011-12-21
CZ0414127,Myotis myotis,"96,""5745a""",2012-06-21
CZ0414127,Myotis myotis,"96,""5745b""",2012-06-21
CZ0414127,Myotis myotis,"96,""5745c""",2012-06-21
CZ0414127,Myotis myotis,"96,""5745d""",2012-06-21
CZ0414127,Myotis myotis,"96,""5844a""",2012-06-21
CZ0414127,Myotis myotis,"96,""5844b""",2012-06-21
CZ0414127,Myotis myotis,"96,""5844c""",2012-06-21
CZ0414127,Myotis myotis,"96,""5844d""",2012-06-21
CZ0414127,Myotis myotis,"96,""5845a""",2012-06-21
CZ0414127,Myotis myotis,"96,""5845b""",2012-06-21
CZ0414127,Myotis myotis,"96,""5845c""",2012-06-21
CZ0414127,Myotis myotis,"96,""5845d""",2012-06-21
CZ0414127,Myotis sp.,"13,""5644b""",2022-07-03
CZ0414127,Myotis sp.,5744a,2020-08-12
CZ0414127,Myotis sp.,5744c,2022-09-09
CZ0414127,Myotis sp.,5744d,2025-02-28
CZ0414127,Myotis sp.,5745c,2024-06-23
CZ0414127,Myotis sp.,5844b,2023-02-04
CZ0414127,Myotis sp.,"63,""5644d""",2022-07-03
CZ0414127,Phengaris nausithous,5644c,2020-08-12
CZ0414127,Phengaris nausithous,5644d,2020-08-02
CZ0414127,Phengaris nausithous,5645c,2018-08-04
CZ0414127,Phengaris nausithous,5744a,2019-07-17
CZ0414127,Phengaris nausithous,5744b,2019-08-04
CZ0414127,Phengaris nausithous,5744c,2024-07-25
CZ0414127,Phengaris nausithous,5744d,2019-08-11
CZ0414127,Phengaris nausithous,5745c,2019-08-09
CZ0414127,Phengaris nausithous,5745d,2024-07-25
CZ0414127,Phengaris nausithous,5844a,2019-08-05
CZ0414127,Phengaris nausithous,5844b,2022-08-16
CZ0414127,Phengaris nausithous,5845a,2019-08-11
CZ0414127,Phengaris nausithous,5845b,2019-07-18
CZ0414127,Phengaris nausithous,"96,""5645a""",2005-07-15
CZ0414127,Phengaris nausithous,"96,""5645b""",2005-07-15
CZ0414127,Phengaris nausithous,"96,""5645c""",2005-07-15
CZ0414127,Phengaris nausithous,"96,""5645d""",2005-07-15
CZ0414127,Phengaris nausithous,"96,""5845a""",1995-01-01
CZ0414127,Phengaris nausithous,"96,""5845b""",1995-01-01
CZ0414127,Phengaris nausithous,"96,""5845c""",1995-01-01
CZ0414127,Phengaris nausithous,"96,""5845d""",1995-01-01
CZ0414127,Phengaris nausithous,"99,""5744c""",2024-07-25
CZ0414127,Phengaris teleius,5744a,2005-07-27
CZ0414127,Phengaris teleius,"96,""5845a""",1995-01-01
CZ0414127,Phengaris teleius,"96,""5845b""",1995-01-01
CZ0414127,Phengaris teleius,"96,""5845c""",1995-01-01
CZ0414127,Phengaris teleius,"96,""5845d""",1995-01-01
CZ0414127,Pulsatilla patens,"08,""5644d""",1917-01-01
CZ0414127,Pulsatilla patens,5644d,2023-05-01
CZ0414127,Pulsatilla patens,5645c,2023-05-01
CZ0414127,Rumex sp.,5644c,2000-11-01
CZ0414127,Rumex sp.,5644d,2009-08-30
CZ0414127,Rumex sp.,5645c,2009-09-29
CZ0414127,Rumex sp.,5744d,2003-09-03
CZ0414127,Rumex sp.,5844a,2010-08-21
CZ0414127,Salmo salar,5744a,2023-11-12
CZ0414127,Salmo salar,5744b,2005-09-25
CZ0414127,Salmo salar,5744c,2023-11-12
CZ0414127,Salmo salar,5745a,2023-11-12
CZ0414127,Salmo salar,5745c,2005-09-25
CZ0414127,Salmo salar,5844b,2022-10-15
CZ0414127,Salmo salar,"67,""5745a""",2003-01-01
CZ0414127,Salmo trutta,5644c,2013-12-16
CZ0414127,Salmo trutta,5645c,2013-12-16
CZ0414127,Salmo trutta,5743d,2006-10-15
CZ0414127,Salmo trutta,5744b,2005-09-25
CZ0414127,Salmo trutta,5744c,2021-05-28
CZ0414127,Salmo trutta,5745a,2021-05-28
CZ0414127,Salmo trutta,5745c,2013-12-16
CZ0414127,Salmo trutta,5844a,2013-12-16
CZ0414127,Salmo trutta,"86,""5845c""",2004-01-01
CZ0414127,Salmo trutta,"92,""5744a""",2004-01-01
CZ0414127,Sanguisorba officinalis,"01,""5645c""",2009-08-08
CZ0414127,Sanguisorba officinalis,"01,""5744b""",2017-06-24
CZ0414127,Sanguisorba officinalis,"01,""5844b""",2022-06-14
CZ0414127,Sanguisorba officinalis,"01,""5845a""",2010-05-15
CZ0414127,Sanguisorba officinalis,"03,""5645c""",2009-07-05
CZ0414127,Sanguisorba officinalis,"05,""5844b""",2009-05-30
CZ0414127,Sanguisorba officinalis,"1,""5845a""",2022-05-28
CZ0414127,Sanguisorba officinalis,"13,""5644d""",2012-09-22
CZ0414127,Sanguisorba officinalis,"13,""5744c""",2024-05-06
CZ0414127,Sanguisorba officinalis,"13,""5745c""",2015-06-03
CZ0414127,Sanguisorba officinalis,"18,""5745a""",2015-06-06
CZ0414127,Sanguisorba officinalis,"18,""5745c""",2015-09-27
CZ0414127,Sanguisorba officinalis,"19,""5844b""",2015-09-27
CZ0414127,Sanguisorba officinalis,"29,""5844b""",2009-06-05
CZ0414127,Sanguisorba officinalis,"3,""5744b""",2012-09-17
CZ0414127,Sanguisorba officinalis,"33,""5844b""",2022-06-04
CZ0414127,Sanguisorba officinalis,"38,""5845a""",2023-05-28
CZ0414127,Sanguisorba officinalis,"39,""5845a""",2015-09-27
CZ0414127,Sanguisorba officinalis,"47,""5845b""",2010-05-15
CZ0414127,Sanguisorba officinalis,"48,""5745c""",2015-05-24
CZ0414127,Sanguisorba officinalis,"53,""5845a""",2023-05-27
CZ0414127,Sanguisorba officinalis,"56,""5744a""",2010-09-04
CZ0414127,Sanguisorba officinalis,5644d,2019-08-04
CZ0414127,Sanguisorba officinalis,5645c,2022-06-28
CZ0414127,Sanguisorba officinalis,"57,""5845a""",2010-05-22
CZ0414127,Sanguisorba officinalis,5743d,2012-04-16
CZ0414127,Sanguisorba officinalis,5744a,2024-06-14
CZ0414127,Sanguisorba officinalis,5744b,2017-06-24
CZ0414127,Sanguisorba officinalis,5744c,2024-06-13
CZ0414127,Sanguisorba officinalis,5744d,2022-06-04
CZ0414127,Sanguisorba officinalis,5745a,2015-06-21
CZ0414127,Sanguisorba officinalis,5745c,2023-07-06
CZ0414127,Sanguisorba officinalis,5745d,2023-05-28
CZ0414127,Sanguisorba officinalis,5844a,2024-06-18
CZ0414127,Sanguisorba officinalis,5844b,2022-06-14
CZ0414127,Sanguisorba officinalis,5845a,2023-06-22
CZ0414127,Sanguisorba officinalis,5845b,2023-05-28
CZ0414127,Sanguisorba officinalis,"59,""5744b""",2012-09-22
CZ0414127,Sanguisorba officinalis,"59,""5845b""",2010-05-16
CZ0414127,Sanguisorba officinalis,"62,""5845b""",2023-05-28
CZ0414127,Sanguisorba officinalis,"63,""5845a""",2023-05-27
CZ0414127,Sanguisorba officinalis,"64,""5744d""",2015-05-29
CZ0414127,Sanguisorba officinalis,"7,""5744d""",2022-06-04
CZ0414127,Sanguisorba officinalis,"72,""5644d""",2012-09-22
CZ0414127,Sanguisorba officinalis,"75,""5745c""",2010-05-22
CZ0414127,Sanguisorba officinalis,"76,""5744d""",2009-05-30
CZ0414127,Sanguisorba officinalis,"79,""5744d""",2015-05-29
CZ0414127,Sanguisorba officinalis,"81,""5744d""",2015-05-29
CZ0414127,Sanguisorba officinalis,"81,""5844a""",2015-06-26
CZ0414127,Sanguisorba officinalis,"83,""5844b""",2009-05-19
CZ0414127,Sanguisorba officinalis,"91,""5644d""",2012-05-08
CZ0414127,Sanguisorba officinalis,"99,""5744c""",2024-05-14
CZ0414127,Succisa pratensis,"01,""5744c""",2001-09-01
CZ0414127,Succisa pratensis,"01,""5845a""",2010-05-15
CZ0414127,Succisa pratensis,"12,""5845a""",2010-05-22
CZ0414127,Succisa pratensis,"13,""5744c""",2024-05-06
CZ0414127,Succisa pratensis,"25,""5844b""",2022-06-02
CZ0414127,Succisa pratensis,"37,""5744c""",2001-09-01
CZ0414127,Succisa pratensis,"53,""5845a""",2010-05-22
CZ0414127,Succisa pratensis,"57,""5845a""",2010-05-22
CZ0414127,Succisa pratensis,5743d,2012-06-21
CZ0414127,Succisa pratensis,5744a,2010-07-07
CZ0414127,Succisa pratensis,5744c,2024-05-30
CZ0414127,Succisa pratensis,5744d,2022-05-28
CZ0414127,Succisa pratensis,5745c,2019-05-31
CZ0414127,Succisa pratensis,5844a,2022-08-16
CZ0414127,Succisa pratensis,5844b,2022-06-14
CZ0414127,Succisa pratensis,5845a,2023-05-27
CZ0414127,Succisa pratensis,"6,""5743d""",2012-04-17
CZ0414127,Succisa pratensis,"6,""5744c""",2015-09-21
CZ0414127,Succisa pratensis,"63,""5845a""",2023-05-27
CZ0414127,Succisa pratensis,"64,""5744d""",2009-06-06
CZ0414127,Succisa pratensis,"7,""5744d""",2009-06-06
CZ0414127,Succisa pratensis,"82,""5844a""",2010-10-09
CZ0414127,Succisa pratensis,"83,""5745c""",2023-05-27
CZ0414127,Succisa pratensis,"93,""5744d""",2009-05-24
CZ0414127,Succisa pratensis,"99,""5744d""",2002-08-30
CZ0414127,Triturus cristatus,"03,""5744d""",2002-08-22
CZ0414127,Triturus cristatus,5644c,2021-07-18
CZ0414127,Triturus cristatus,5644d,2022-07-19
CZ0414127,Triturus cristatus,5645c,2025-08-11
CZ0414127,Triturus cristatus,5744a,2021-07-18
CZ0414127,Triturus cristatus,5744b,2024-06-28
CZ0414127,Triturus cristatus,5744c,2024-07-25
CZ0414127,Triturus cristatus,5744d,2025-08-15
CZ0414127,Triturus cristatus,5745a,2025-08-15
CZ0414127,Triturus cristatus,5745c,2024-08-17
CZ0414127,Triturus cristatus,5844a,2024-08-15
CZ0414127,Triturus cristatus,5844b,2024-08-22
CZ0414127,Triturus cristatus,5845a,2025-08-10
CZ0414127,Triturus cristatus,5845b,2012-08-14
CZ0414127,Triturus cristatus,"62,""5845a""",2021-06-23
CZ0414127,Triturus cristatus,"63,""5744d""",2021-08-07
CZ0414127,Triturus cristatus,"63,""5745c""",2021-08-07
CZ0414127,Vertigo angustior,5744b,2013-10-24
CZ0414127,Vertigo angustior,5844a,2012-11-09
CZ0420004,Euplagia quadripunctaria,5650b,2010-08-08
CZ0420007,Euplagia quadripunctaria,5451c,2016-07-29
CZ0420012,Abramis brama,5645b,2006-08-09
CZ0420012,Barbastella barbastellus,5645b,2025-01-14
CZ0420012,Blicca bjoerkna,5645b,2019-01-01
CZ0420012,Castor fiber,5645b,2025-12-21
CZ0420012,Euplagia quadripunctaria,5645b,2025-08-11
CZ0420012,Lutra lutra,5645b,2023-08-16
CZ0420012,Myotis myotis,5645b,2024-01-15
CZ0420012,Myotis sp.,5645b,2023-08-16
CZ0420013,Cypripedium calceolus,5649b,2024-05-23
CZ0420013,Euplagia quadripunctaria,5649b,1995-01-01
CZ0420014,Euplagia quadripunctaria,5651b,2008-07-16
CZ0420014,Euplagia quadripunctaria,"99,""5651b""",2000-08-03
CZ0420014,Lucanus cervus,5651b,2023-07-06
CZ0420015,Barbastella barbastellus,"01,""5650a""",2023-08-23
CZ0420015,Barbastella barbastellus,5650a,2023-08-23
CZ0420015,Cucujus cinnaberinus,"23,""5650a""",2014-09-06
CZ0420015,Cucujus cinnaberinus,5650b,2018-04-05
CZ0420015,Euplagia quadripunctaria,"23,""5650a""",2014-09-06
CZ0420015,Lemna trisulca,5650a,2007-07-05
CZ0420015,Lemna trisulca,5650b,2007-07-05
CZ0420015,Myotis alcathoe/emarginatus,"01,""5650a""",2023-08-23
CZ0420015,Myotis alcathoe/emarginatus,5650a,2023-04-29
CZ0420015,Myotis myotis,5650a,2023-04-29
CZ0420015,Ophiogomphus cecilia,"23,""5650a""",2014-09-06
CZ0420015,Osmoderma barnabita,5650a,2007-07-26
CZ0420015,Rhinolophus hipposideros,5650a,2023-04-29
CZ0420021,Barbastella barbastellus,5545c,2025-01-14
CZ0420021,Barbastella barbastellus,5545d,2025-01-14
CZ0420021,Euplagia quadripunctaria,5545d,2015-08-03
CZ0420021,Lutra lutra,"4,""5545c""",2020-12-18
CZ0420021,Myotis myotis,5545c,2025-01-14
CZ0420021,Myotis myotis,5545d,2025-07-01
CZ0420021,Myotis sp.,5545c,2019-02-16
CZ0420021,Myotis sp.,5545d,2023-06-25
CZ0420021,Osmoderma barnabita,5545c,2015-10-01
CZ0420021,Rhinolophus hipposideros,5545d,2025-01-14
CZ0420021,Sanguisorba officinalis,5545d,2013-08-24
CZ0420026,Barbastella barbastellus,5448d,2013-10-19
CZ0420026,Chazara briseis,NA,1995-01-01
CZ0420026,Euplagia quadripunctaria,5448d,2024-08-07
CZ0420026,Lucanus cervus,5448d,2025-10-27
CZ0420026,Myotis myotis,5448d,2013-07-21
CZ0420026,Rhinolophus hipposideros,5448d,2013-07-21
CZ0420035,Canis lupus,5544b,2021-01-19
CZ0420035,Canis lupus,5545a,2025-03-15
CZ0420035,Canis lupus,"96,""5545a""",2024-07-07
CZ0420035,Lutra lutra,5544b,2020-05-04
CZ0420035,Lutra lutra,5545a,2020-05-04
CZ0420035,Lycaena dispar,5544b,2024-07-29
CZ0420035,Rhodeus amarus,5544b,2014-09-04
CZ0420035,Sanguisorba officinalis,5545a,2025-06-04
CZ0420035,Succisa pratensis,5544b,2023-05-27
CZ0420035,Succisa pratensis,5545a,2025-06-06
CZ0420035,Succisa pratensis,"68,""5544b""",2025-06-07
CZ0420044,Cypripedium calceolus,5650a,2024-05-23
CZ0420053,Canis lupus,5248c,2024-04-27
CZ0420063,Chazara briseis,NA,1995-01-01
CZ0420063,Cucujus cinnaberinus,5647a,2021-12-31
CZ0420063,Hipparchia semele,NA,2009-01-01
CZ0420069,Euplagia quadripunctaria,"23,""5745d""",2014-08-08
CZ0420073,Euplagia quadripunctaria,5650a,2022-08-08
CZ0420073,Lucanus cervus,5650b,2024-08-20
CZ0420074,Canis lupus,5347b,2024-04-06
CZ0420074,Canis lupus,5348a,2023-11-10
CZ0420074,Lutra lutra,5348a,2019-11-16
CZ0420074,Salmo trutta,5348a,2011-10-20
CZ0420082,Ameiurus melas,5152d,2024-07-31
CZ0420082,Ameiurus melas,"99,""5152d""",2024-09-03
CZ0420082,Ameiurus nebulosus,5152d,2024-07-31
CZ0420082,Ameiurus nebulosus,"99,""5152d""",2024-09-03
CZ0420082,Barbastella barbastellus,"14,""5152d""",2015-05-16
CZ0420082,Canis lupus,5152d,2024-09-25
CZ0420082,Canis lupus,"85,""5152d""",2025-03-02
CZ0420082,Euplagia quadripunctaria,5152d,2024-08-12
CZ0420082,Myotis myotis,5152d,2014-08-16
CZ0420082,Salmo trutta,5152d,2025-09-01
CZ0420082,Succisa pratensis,5152d,2002-09-05
CZ0420082,Vertigo angustior,5152d,2009-06-30
CZ0420083,Canis lupus,5152b,2018-09-28
CZ0420083,Cottus gobio,5152b,2022-08-18
CZ0420083,Euphydryas aurinia,5152b,2019-07-16
CZ0420083,Euplagia quadripunctaria,5152b,2025-08-07
CZ0420083,Lycaena dispar,5152b,2019-08-21
CZ0420083,Salmo trutta,5152b,2022-08-18
CZ0420083,Succisa pratensis,5152b,2024-07-02
CZ0420085,Chazara briseis,NA,1995-01-01
CZ0420085,Lutra lutra,5450d,2006-10-26
CZ0420085,Myotis myotis,5450d,2015-05-09
CZ0420085,Sanguisorba officinalis,5450d,2014-08-28
CZ0420144,Barbastella barbastellus,5445d,2021-08-10
CZ0420144,Barbastella barbastellus,"95,""5445d""",2013-09-13
CZ0420144,Barbastella barbastellus,"96,""5445a""",2011-06-21
CZ0420144,Barbastella barbastellus,"96,""5445b""",2011-06-21
CZ0420144,Barbastella barbastellus,"96,""5445c""",2011-06-21
CZ0420144,Barbastella barbastellus,"96,""5445d""",2011-06-21
CZ0420144,Canis lupus,"25,""5545a""",2025-04-15
CZ0420144,Canis lupus,"42,""5445d""",2019-10-02
CZ0420144,Canis lupus,5445a,2022-12-26
CZ0420144,Canis lupus,5445b,2024-12-28
CZ0420144,Canis lupus,5445c,2023-06-11
CZ0420144,Canis lupus,5445d,2022-09-24
CZ0420144,Canis lupus,5545a,2024-12-25
CZ0420144,Canis lupus,"63,""5445d""",2025-04-19
CZ0420144,Coleanthus subtilis,5445d,2013-07-03
CZ0420144,Cottus gobio,5445a,2015-09-01
CZ0420144,Lampetra planeri,5445a,2015-09-01
CZ0420144,Leucorrhinia pectoralis,5445c,2023-07-04
CZ0420144,Lutra lutra,5445a,2019-11-15
CZ0420144,Lutra lutra,5445c,2019-11-15
CZ0420144,Lycaena dispar,5445c,2025-08-02
CZ0420144,Myotis myotis,"96,""5445a""",2012-06-21
CZ0420144,Myotis myotis,"96,""5445b""",2012-06-21
CZ0420144,Myotis myotis,"96,""5445c""",2012-06-21
CZ0420144,Myotis myotis,"96,""5445d""",2012-06-21
CZ0420144,Orthotrichum rogeri,5445b,2015-07-15
CZ0420144,Orthotrichum rogeri,5445d,2010-07-15
CZ0420144,Phengaris teleius,5445c,2023-06-29
CZ0420144,Salmo trutta,5445a,2015-09-01
CZ0420160,Lutra lutra,5545c,2020-04-08
CZ0420160,Rhodeus amarus,"52,""5545c""",1950-01-01
CZ0420160,Sanguisorba officinalis,5545c,2025-05-08
CZ0420160,Succisa pratensis,5545c,2002-05-01
CZ0420165,Cypripedium calceolus,5649a,2024-05-24
CZ0420165,Euplagia quadripunctaria,5649a,2005-08-28
CZ0420165,Lucanus cervus,5649a,2024-06-21
CZ0420165,Myotis myotis,5649a,2012-06-29
CZ0420166,Abramis brama,5153a,2004-01-01
CZ0420166,Bombina bombina,5153a,2020-06-23
CZ0420166,Euphydryas aurinia,5153a,2001-01-01
CZ0420166,Leucorrhinia pectoralis,5153a,2006-06-20
CZ0420166,Succisa pratensis,5153a,2023-01-01
CZ0420171,Barbastella barbastellus,5546a,2015-05-20
CZ0420171,Euplagia quadripunctaria,5546a,2019-08-18
CZ0420406,Chazara briseis,NA,2007-08-26
CZ0420406,Euplagia quadripunctaria,5548d,2025-08-07
CZ0420406,Hipparchia semele,NA,2010-08-22
CZ0420406,Stipa glabrata,5548d,2023-06-03
CZ0420416,Barbastella barbastellus,5449b,2013-10-22
CZ0420416,Euplagia quadripunctaria,5449b,2018-08-09
CZ0420416,Myotis myotis,5449b,2013-08-03
CZ0420416,Phengaris nausithous,5449b,2012-07-30
CZ0420416,Rhinolophus hipposideros,5449b,2013-08-03
CZ0420416,Rumex sp.,5449d,2020-06-22
CZ0420416,Sanguisorba officinalis,5449b,2024-05-13
CZ0420416,Vertigo angustior,5449b,2011-10-02
CZ0420449,Barbastella barbastellus,"86,""5451b""",2013-10-09
CZ0420449,Myotis myotis,5451b,2015-05-15
CZ0420449,Myotis myotis,"86,""5451b""",2013-09-21
CZ0420449,Rhinolophus hipposideros,"86,""5451b""",2013-07-10
CZ0420451,Cucujus cinnaberinus,5250d,2023-04-26
CZ0420451,Euplagia quadripunctaria,5250b,2012-08-09
CZ0420451,Euplagia quadripunctaria,5250d,2020-08-12
CZ0420451,Euplagia quadripunctaria,"64,""5250d""",2019-08-18
CZ0420451,Myotis myotis,5250d,2022-09-24
CZ0420451,Phengaris nausithous,5250d,2023-07-18
CZ0420451,Phengaris nausithous,"64,""5250d""",2019-07-20
CZ0420451,Phengaris teleius,5250d,2024-08-08
CZ0420451,Phengaris teleius,"64,""5250d""",2019-07-20
CZ0420451,Sanguisorba officinalis,5250d,2021-06-01
CZ0420451,Succisa pratensis,5250d,2024-08-19
CZ0420454,Cucujus cinnaberinus,5449d,2022-04-18
CZ0420454,Euplagia quadripunctaria,5449c,2018-08-15
CZ0420459,Chazara briseis,NA,2007-08-07
CZ0420459,Cucujus cinnaberinus,5549b,2017-03-16
CZ0420459,Euplagia quadripunctaria,5449d,2013-08-04
CZ0420459,Euplagia quadripunctaria,5450c,2024-08-12
CZ0420459,Euplagia quadripunctaria,5549b,2022-08-09
CZ0420459,Lucanus cervus,5549b,2013-06-20
CZ0420459,Lycaena dispar,5449d,2023-06-11
CZ0420459,Myotis myotis,5449d,2005-07-15
CZ0420459,Stipa glabrata,5449d,2025-05-13
CZ0420459,Stipa glabrata,"7,""5449d""",2009-01-01
CZ0420460,Chazara briseis,NA,2007-08-07
CZ0420462,Chazara briseis,NA,1995-01-01
CZ0420462,Euplagia quadripunctaria,5450b,2022-07-31
CZ0420462,Myotis myotis,5450b,2020-08-18
CZ0420500,Abramis brama,5250a,2004-01-01
CZ0420500,Barbastella barbastellus,5250a,2019-09-05
CZ0420500,Blicca bjoerkna,5250a,2004-01-01
CZ0420500,Bombina bombina,5250a,2018-07-12
CZ0420500,Cucujus cinnaberinus,5250b,2020-03-28
CZ0420500,Leuciscus aspius,5250a,2004-01-01
CZ0420500,Myotis myotis,5250a,2019-08-26
CZ0420500,Phengaris nausithous,5250a,2024-08-01
CZ0420500,Phengaris nausithous,5250b,2017-07-05
CZ0420500,Phengaris nausithous,"89,""5250a""",2010-07-28
CZ0420500,Phengaris teleius,5250a,2012-08-04
CZ0420500,Phengaris teleius,5250b,2018-07-08
CZ0420500,Phengaris teleius,"89,""5250a""",2010-07-28
CZ0420500,Salmo trutta,5250a,2004-01-01
CZ0420500,Sanguisorba officinalis,5250a,2012-08-09
CZ0420500,Sanguisorba officinalis,5250b,2017-07-05
CZ0420500,Scardinius erythrophthalmus,5250a,2004-01-01
CZ0420500,Succisa pratensis,5250a,2012-08-07
CZ0420500,Succisa pratensis,5250b,2012-08-09
CZ0420500,Triturus cristatus,5250a,2008-06-25
CZ0420501,Barbastella barbastellus,"18,""5150c""",2019-09-09
CZ0420501,Leucorrhinia pectoralis,5150c,2022-06-26
CZ0420501,Lutra lutra,5150c,2016-11-02
CZ0420501,Myotis myotis,"18,""5150c""",2019-09-09
CZ0420501,Phengaris nausithous,"21,""5150c""",2009-10-01
CZ0420501,Phengaris nausithous,5149d,2022-07-29
CZ0420501,Phengaris nausithous,5150c,2021-07-20
CZ0420501,Phengaris teleius,"21,""5150c""",2009-10-01
CZ0420501,Phengaris teleius,5149d,2022-07-29
CZ0420501,Phengaris teleius,5150c,2022-07-29
CZ0420501,Salmo trutta,5149d,2013-09-23
CZ0420501,Salmo trutta,5150c,2013-09-23
CZ0420501,Salmo trutta,5249b,2013-09-23
CZ0420501,Sanguisorba officinalis,"07,""5149d""",2019-03-01
CZ0420501,Sanguisorba officinalis,"31,""5150c""",2012-08-16
CZ0420501,Sanguisorba officinalis,5149d,2019-03-01
CZ0420501,Sanguisorba officinalis,5150c,2019-03-01
CZ0420501,Sanguisorba officinalis,5249b,2012-08-15
CZ0420501,Sanguisorba officinalis,5250a,2012-08-16
CZ0420501,Succisa pratensis,"07,""5149d""",2019-03-01
CZ0420501,Succisa pratensis,"31,""5150c""",2012-08-16
CZ0420501,Succisa pratensis,5149d,2012-08-16
CZ0420501,Succisa pratensis,5150c,2012-08-16
CZ0420501,Succisa pratensis,5249b,2012-08-15
CZ0420501,Succisa pratensis,"62,""5150c""",2001-10-01
CZ0420507,Ameiurus melas,5153c,2024-10-21
CZ0420507,Ameiurus nebulosus,5153c,2024-10-21
CZ0420507,Barbastella barbastellus,5153c,2012-01-20
CZ0420507,Canis lupus,5153c,2019-04-06
CZ0420507,Leucorrhinia pectoralis,5153c,2018-06-12
CZ0420507,Myotis sp.,5153c,2022-02-11
CZ0420507,Ophiogomphus cecilia,5153c,2004-08-24
CZ0420507,Salmo trutta,5153c,2009-09-24
CZ0420520,Ameiurus melas,"37,""5153d""",2024-10-18
CZ0420520,Ameiurus melas,5153b,2024-11-07
CZ0420520,Ameiurus nebulosus,"37,""5153d""",2024-10-18
CZ0420520,Ameiurus nebulosus,5153b,2024-11-07
CZ0420520,Barbastella barbastellus,"86,""5153b""",2015-05-19
CZ0420520,Canis lupus,"1,""5153b""",2025-04-12
CZ0420520,Canis lupus,5153b,2020-04-30
CZ0420520,Canis lupus,5153d,2024-01-27
CZ0420520,Myotis myotis,5153b,2001-02-09
CZ0420525,Sanguisorba officinalis,5547c,2015-05-08
CZ0420528,Barbastella barbastellus,5544d,2025-02-15
CZ0420528,Canis lupus,"02,""5544c""",2025-04-10
CZ0420528,Canis lupus,"1,""5543d""",2025-01-03
CZ0420528,Canis lupus,5544c,2018-07-15
CZ0420528,Canis lupus,5544d,2018-03-23
CZ0420528,Canis lupus,5643b,2018-04-03
CZ0420528,Canis lupus,5644a,2017-01-01
CZ0420528,Cottus gobio,5544c,2024-08-24
CZ0420528,Cottus gobio,"93,""5544c""",2004-01-01
CZ0420528,Lampetra planeri,"93,""5544c""",2004-01-01
CZ0420528,Lynx lynx,5643b,2014-03-01
CZ0420528,Myotis myotis,5544d,2025-02-15
CZ0420528,Orthotrichum rogeri,5544c,2012-09-01
CZ0420528,Salmo trutta,"93,""5544c""",2004-01-01
CZ0420528,Succisa pratensis,5544c,2023-06-05
CZ0422075,Barbastella barbastellus,5449d,2012-09-28
CZ0422075,Euplagia quadripunctaria,5449d,2018-08-09
CZ0422075,Lucanus cervus,5449d,2014-06-15
CZ0422075,Myotis myotis,5449d,2012-08-05
CZ0422075,Pulsatilla patens,5449d,2025-04-15
CZ0422075,Rhinolophus hipposideros,5449d,2012-08-05
CZ0422077,Dianthus arenarius subsp. bohemicus,5651b,2024-06-26
CZ0422077,Euplagia quadripunctaria,5651b,2009-07-30
CZ0422079,Luronium natans,5150d,2025-08-29
CZ0422079,Myotis myotis,5150d,2019-05-18
CZ0422079,Salmo trutta,5150d,2025-04-10
CZ0422081,Cypripedium calceolus,5748a,2021-06-11
CZ0422084,Hipparchia semele,NA,1995-01-01
CZ0422084,Jurinea cyanoides,5551a,2005-07-21
CZ0422085,Cypripedium calceolus,5747c,2022-06-02
CZ0422087,Cypripedium calceolus,5452c,2022-05-25
CZ0423001,Austropotamobius torrentium,5252a,2022-07-07
CZ0423001,Austropotamobius torrentium,5252b,2018-08-27
CZ0423006,Ameiurus nebulosus,5552b,2014-09-19
CZ0423006,Triturus cristatus,5552b,2025-07-15
CZ0423198,Austropotamobius torrentium,5351c,2016-10-23
CZ0423201,Euplagia quadripunctaria,"39,""5649c""",2000-01-01
CZ0423201,Euplagia quadripunctaria,5649c,2022-07-21
CZ0423201,Lucanus cervus,"32,""5649c""",2015-07-10
CZ0423201,Myotis myotis,5649c,2015-05-10
CZ0423202,Barbastella barbastellus,5449c,2025-03-11
CZ0423202,Cucujus cinnaberinus,5449c,2021-05-09
CZ0423202,Lemna trisulca,5449c,2012-09-28
CZ0423202,Leucorrhinia pectoralis,5449c,2020-06-22
CZ0423202,Osmoderma barnabita,5449c,2021-05-23
CZ0423202,Phengaris teleius,5449c,2012-07-20
CZ0423202,Sanguisorba officinalis,5449c,2012-09-28
CZ0423202,Succisa pratensis,5449c,2012-09-28
CZ0423202,Triturus cristatus,5449c,2025-07-03
CZ0423202,Triturus cristatus,"61,""5449c""",2002-01-01
CZ0423203,Cucujus cinnaberinus,5546c,2025-03-10
CZ0423203,Lucanus cervus,5546c,2025-07-09
CZ0423206,Triturus cristatus,5251b,2025-07-25
CZ0423210,Euplagia quadripunctaria,5349c,2009-01-01
CZ0423210,Osmoderma barnabita,5349c,2025-03-02
CZ0423211,Bombina bombina,5348c,2025-07-25
CZ0423211,Lemna trisulca,5348c,2009-03-03
CZ0423211,Triturus cristatus,5348c,2015-08-21
CZ0423212,Chazara briseis,NA,2012-08-21
CZ0423212,Euplagia quadripunctaria,5548b,2022-07-15
CZ0423212,Hipparchia semele,NA,2010-08-22
CZ0423213,Lucanus cervus,"29,""5546b""",2009-06-26
CZ0423213,Lucanus cervus,"49,""5546b""",2001-06-24
CZ0423213,Lucanus cervus,5546b,2001-05-01
CZ0423213,Osmoderma barnabita,5546b,2025-03-02
CZ0423215,Bombina bombina,5349a,2025-07-25
CZ0423215,Lemna trisulca,5349a,2009-03-02
CZ0423215,Leucorrhinia pectoralis,5349a,2017-06-24
CZ0423215,Triturus cristatus,5349a,2021-07-24
CZ0423216,Bombina bombina,5447c,2008-03-30
CZ0423216,Bombina bombina,5447d,2025-05-24
CZ0423216,Bombina bombina,"67,""5447d""",2020-04-30
CZ0423216,Bombina bombina,"75,""5447d""",2008-08-21
CZ0423216,Bombina bombina,"76,""5447d""",2002-01-01
CZ0423216,Euplagia quadripunctaria,5447d,2024-07-26
CZ0423216,Leucorrhinia pectoralis,5447d,2024-06-20
CZ0423216,Triturus cristatus,5447c,2008-03-30
CZ0423216,Triturus cristatus,5447d,2024-05-12
CZ0423216,Triturus cristatus,"75,""5447d""",2008-07-15
CZ0423217,Barbastella barbastellus,5746c,2024-06-22
CZ0423217,Bombina bombina,5746c,2009-08-27
CZ0423217,Myotis alcathoe/emarginatus,5746c,2018-07-04
CZ0423217,Myotis myotis,5746a,2024-06-22
CZ0423217,Myotis myotis,5746c,2018-07-04
CZ0423217,Osmoderma barnabita,5746a,2014-03-20
CZ0423217,Osmoderma barnabita,5746c,2014-11-13
CZ0423217,Osmoderma barnabita,"59,""5746c""",2001-06-06
CZ0423217,Succisa pratensis,5746c,2021-05-28
CZ0423219,Austropotamobius torrentium,5351c,2014-08-11
CZ0423219,Austropotamobius torrentium,5451a,2012-08-22
CZ0423223,Cerambyx cerdo,5846d,2017-07-18
CZ0423223,Lucanus cervus,5846d,2015-05-17
CZ0423223,Osmoderma barnabita,5846d,2022-08-06
CZ0423224,Myotis myotis,5451a,2025-08-11
CZ0423224,Osmoderma barnabita,5451a,2022-11-28
CZ0423224,Rhinolophus hipposideros,5451a,2025-08-11
CZ0423225,Chazara briseis,NA,1995-01-01
CZ0423225,Euplagia quadripunctaria,5450d,2024-08-06
CZ0423225,Stenobothrus eurasius bohemicus,5450d,2021-08-12
CZ0423227,Chazara briseis,NA,2012-08-21
CZ0423227,Euplagia quadripunctaria,5548b,2022-07-15
CZ0423227,Hipparchia semele,NA,2013-09-06
CZ0423227,Myotis myotis,"76,""5548b""",2015-05-05
CZ0423228,Bombina bombina,5349b,2025-07-11
CZ0423228,Sanguisorba officinalis,5349b,2020-09-11
CZ0423228,Triturus cristatus,5349b,2015-08-05
CZ0423229,Cucujus cinnaberinus,5546b,2025-05-22
CZ0423229,Euplagia quadripunctaria,5546b,2009-08-19
CZ0423229,Lucanus cervus,5546b,2025-06-21
CZ0423232,Euplagia quadripunctaria,5550c,2021-08-12
CZ0423232,Stenobothrus eurasius bohemicus,5550c,2021-08-12
CZ0423233,Chazara briseis,NA,2007-08-26
CZ0423233,Euplagia quadripunctaria,5548d,2022-07-29
CZ0423233,Hipparchia semele,NA,2010-08-22
CZ0423233,Lucanus cervus,5548d,2021-07-23
CZ0423233,Osmoderma barnabita,5548d,2020-04-29
CZ0423233,Stenobothrus eurasius bohemicus,5548d,2024-09-06
CZ0423236,Euplagia quadripunctaria,5549a,2022-08-01
CZ0423507,Abramis brama,"03,""5151d""",2004-01-01
CZ0423507,Ameiurus nebulosus,5151d,2022-08-11
CZ0423507,Ameiurus nebulosus,5152c,2023-06-26
CZ0423507,Blicca bjoerkna,"03,""5151d""",2004-01-01
CZ0423507,Bombina bombina,5151d,2014-05-05
CZ0423507,Cottus gobio,5152c,2024-11-06
CZ0423507,Cottus gobio,5152d,2022-08-17
CZ0423507,Euplagia quadripunctaria,5152c,2017-08-13
CZ0423507,Euplagia quadripunctaria,5152d,2019-08-15
CZ0423507,Lampetra planeri,"21,""5152c""",2000-01-01
CZ0423507,Leuciscus aspius,"03,""5151d""",2004-01-01
CZ0423507,Lutra lutra,5151d,2016-11-02
CZ0423507,Lutra lutra,5152c,2026-02-03
CZ0423507,Lutra lutra,5152d,2018-06-15
CZ0423507,Lutra lutra,5153c,2020-11-14
CZ0423507,Lutra lutra,5252a,2009-01-06
CZ0423507,Lutra lutra,"75,""5252a""",2009-01-06
CZ0423507,Lycaena dispar,5252a,2022-06-11
CZ0423507,Phengaris nausithous,5152c,2023-08-03
CZ0423507,Phengaris teleius,5152c,2023-08-03
CZ0423507,Salmo salar,5152c,2024-11-06
CZ0423507,Salmo salar,5152d,2023-11-05
CZ0423507,Salmo salar,5252a,2023-11-05
CZ0423507,Salmo trutta,"03,""5151d""",2004-01-01
CZ0423507,Salmo trutta,5151d,2012-11-01
CZ0423507,Salmo trutta,5152c,2024-11-06
CZ0423507,Salmo trutta,5152d,2022-11-03
CZ0423507,Salmo trutta,5153c,2005-01-01
CZ0423507,Salmo trutta,5252a,2013-11-14
CZ0423507,Sanguisorba officinalis,5151d,2009-07-10
CZ0423507,Scardinius erythrophthalmus,"03,""5151d""",2004-01-01
CZ0423507,Scardinius erythrophthalmus,5152c,2022-07-26
CZ0423507,Succisa pratensis,5252a,2019-03-01
CZ0423507,Succisa pratensis,"97,""5251b""",2009-07-09
CZ0423507,Triturus cristatus,5151d,2014-05-05
CZ0423507,Triturus cristatus,5251b,2011-05-13
CZ0423510,Ameiurus nebulosus,5550b,2018-08-01
CZ0423510,Blicca bjoerkna,5550c,2004-01-01
CZ0423510,Castor fiber,5550b,2025-03-29
CZ0423510,Castor fiber,5550c,2026-01-18
CZ0423510,Castor fiber,5550d,2026-01-18
CZ0423510,Castor fiber,5648b,2022-01-18
CZ0423510,Castor fiber,5648c,2023-08-19
CZ0423510,Castor fiber,5649a,2021-04-10
CZ0423510,Castor fiber,5650a,2025-12-21
CZ0423510,Chazara briseis,NA,2007-08-07
CZ0423510,Cottus gobio,5550b,2024-07-21
CZ0423510,Cottus gobio,5550d,2021-09-03
CZ0423510,Cottus gobio,5647c,2015-09-01
CZ0423510,Cottus gobio,5648a,2015-09-01
CZ0423510,Cottus gobio,5648b,2015-09-01
CZ0423510,Cottus gobio,5649a,2025-04-21
CZ0423510,Cucujus cinnaberinus,5648b,2021-03-30
CZ0423510,Hipparchia semele,NA,2010-06-09
CZ0423510,Lampetra planeri,5647c,2015-09-01
CZ0423510,Lampetra planeri,5648a,2015-09-01
CZ0423510,Lampetra planeri,5648b,2015-09-01
CZ0423510,Lampetra planeri,"79,""5648b""",2000-01-01
CZ0423510,Leuciscus aspius,"08,""5550d""",1950-01-01
CZ0423510,Leuciscus aspius,5450d,2022-08-30
CZ0423510,Leuciscus aspius,5549d,2019-08-13
CZ0423510,Leuciscus aspius,5550b,2022-08-30
CZ0423510,Leuciscus aspius,5550c,2004-01-01
CZ0423510,Leuciscus aspius,5550d,2022-08-30
CZ0423510,Leuciscus aspius,5647c,2022-08-31
CZ0423510,Leuciscus aspius,5648b,2022-08-31
CZ0423510,Leuciscus aspius,5649a,2022-08-31
CZ0423510,Leuciscus aspius,5649b,2022-08-30
CZ0423510,Leuciscus aspius,"94,""5649b""",1950-01-01
CZ0423510,Lucanus cervus,5648b,2021-05-09
CZ0423510,Lutra lutra,5550c,2026-01-18
CZ0423510,Lutra lutra,5550d,2026-01-18
CZ0423510,Lutra lutra,5647d,2006-10-23
CZ0423510,Lutra lutra,5648b,2018-10-01
CZ0423510,Lutra lutra,5648c,2022-01-14
CZ0423510,Myotis sp.,5648b,2023-08-19
CZ0423510,Ophiogomphus cecilia,"01,""5649a""",2023-06-20
CZ0423510,Ophiogomphus cecilia,5450d,2015-08-12
CZ0423510,Ophiogomphus cecilia,5550b,2024-07-21
CZ0423510,Ophiogomphus cecilia,5550d,2021-09-18
CZ0423510,Ophiogomphus cecilia,5647d,2023-08-18
CZ0423510,Ophiogomphus cecilia,5648a,2023-08-19
CZ0423510,Ophiogomphus cecilia,5648b,2023-08-19
CZ0423510,Ophiogomphus cecilia,5648c,2023-08-19
CZ0423510,Ophiogomphus cecilia,5649a,2023-06-20
CZ0423510,Ophiogomphus cecilia,5649b,2024-07-21
CZ0423510,Rhodeus amarus,5450d,2012-09-21
CZ0423510,Salmo salar,5450d,2013-03-18
CZ0423510,Salmo salar,5550b,2004-12-31
CZ0423510,Salmo salar,5647c,2008-01-01
CZ0423510,Salmo salar,5648b,2007-01-01
CZ0423510,Salmo trutta,5647c,2015-09-01
CZ0423510,Salmo trutta,5647d,2024-08-17
CZ0423510,Salmo trutta,5648a,2021-06-24
CZ0423510,Salmo trutta,5648b,2015-09-01
CZ0423510,Salmo trutta,5649a,2024-07-14
CZ0423510,Sanguisorba officinalis,5550b,2007-07-08
CZ0423510,Unio crassus,"08,""5550d""",2004-07-24
CZ0423510,Unio crassus,5450d,2025-09-01
CZ0423510,Unio crassus,5550b,2018-08-04
CZ0423510,Unio crassus,5550c,2008-08-24
CZ0423510,Unio crassus,5550d,2022-07-09
CZ0423510,Unio crassus,5647c,2015-05-17
CZ0423510,Unio crassus,5648a,2015-05-17
CZ0423510,Unio crassus,5649b,2015-07-23
CZ0423510,Unio crassus,"66,""5549d""",2001-08-30
CZ0423510,Unio crassus,"95,""5549d""",2003-06-07
CZ0423652,Myotis myotis,5152b,2005-07-14
CZ0423653,Myotis myotis,5250b,2025-07-01
CZ0423654,Myotis myotis,4951d,2025-07-29
CZ0423656,Myotis myotis,5452a,2025-07-07
CZ0423659,Abramis brama,5153a,2004-01-01
CZ0423659,Ameiurus nebulosus,5153a,2023-08-03
CZ0423659,Leucorrhinia pectoralis,5153a,2025-06-21
CZ0423659,Scardinius erythrophthalmus,5153a,2004-01-01
CZ0423659,Succisa pratensis,5153a,2021-07-06
CZ0423660,Barbastella barbastellus,"63,""5546d""",2008-01-01
CZ0423660,Bombina bombina,"06,""5546c""",2019-06-01
CZ0423660,Bombina bombina,"13,""5546d""",2011-06-18
CZ0423660,Bombina bombina,"14,""5546d""",2002-01-01
CZ0423660,Bombina bombina,"33,""5546c""",2002-01-01
CZ0423660,Bombina bombina,"39,""5546c""",2025-07-24
CZ0423660,Bombina bombina,"52,""5546c""",2025-07-24
CZ0423660,Bombina bombina,"55,""5546d""",2021-08-11
CZ0423660,Bombina bombina,5546c,2016-05-09
CZ0423660,Bombina bombina,5546d,2025-07-24
CZ0423660,Bombina bombina,"58,""5546d""",2025-07-24
CZ0423660,Bombina bombina,"63,""5546d""",2008-01-01
CZ0423660,Bombina bombina,"91,""5546c""",2017-07-18
CZ0423660,Leucorrhinia pectoralis,5546c,2022-06-22
CZ0423660,Leucorrhinia pectoralis,5546d,2013-06-09
CZ0423660,Lutra lutra,5546c,2024-01-12
CZ0423660,Myotis myotis,"55,""5546d""",2021-08-11
CZ0423660,Myotis myotis,"63,""5546d""",2008-01-01
CZ0423660,Triturus cristatus,"13,""5546d""",2011-06-18
CZ0423660,Triturus cristatus,"14,""5546d""",2002-01-01
CZ0423660,Triturus cristatus,"39,""5546c""",2025-07-24
CZ0423660,Triturus cristatus,"52,""5546c""",2025-07-24
CZ0423660,Triturus cristatus,5546d,2025-07-24
CZ0423660,Triturus cristatus,"58,""5546d""",2025-07-24
CZ0423660,Triturus cristatus,"63,""5546d""",2008-01-01
CZ0424030,Canis lupus,5445d,2018-07-16
CZ0424030,Canis lupus,5546a,2023-12-27
CZ0424030,Cottus gobio,5445d,2015-09-01
CZ0424030,Cottus gobio,5546a,2015-09-01
CZ0424030,Euplagia quadripunctaria,5546a,2019-08-10
CZ0424030,Lampetra planeri,5445d,2015-09-01
CZ0424030,Lampetra planeri,5546a,2015-09-01
CZ0424030,Lutra lutra,5445d,2023-09-02
CZ0424030,Lutra lutra,5546a,2020-05-05
CZ0424030,Lycaena dispar,5445d,2018-08-14
CZ0424030,Phengaris nausithous,5546a,2021-08-11
CZ0424030,Phengaris nausithous,"99,""5546a""",2005-07-27
CZ0424030,Phengaris teleius,5546a,2011-01-01
CZ0424030,Phengaris teleius,"99,""5546a""",2005-07-27
CZ0424030,Pulsatilla patens,5546a,2023-04-16
CZ0424030,Salmo trutta,5445d,2015-09-01
CZ0424030,Salmo trutta,5546a,2015-09-01
CZ0424030,Sanguisorba officinalis,"28,""5546a""",2014-10-20
CZ0424030,Sanguisorba officinalis,5445d,2014-05-07
CZ0424030,Sanguisorba officinalis,5545b,2014-10-20
CZ0424030,Sanguisorba officinalis,5546a,2018-08-25
CZ0424030,Sanguisorba officinalis,"97,""5446c""",2015-06-05
CZ0424030,Succisa pratensis,5546a,2014-10-20
CZ0424031,Ameiurus melas,5151b,2021-07-12
CZ0424031,Ameiurus nebulosus,5152c,2022-05-04
CZ0424031,Barbastella barbastellus,5052d,2018-06-13
CZ0424031,Barbastella barbastellus,5151b,2023-03-15
CZ0424031,Barbastella barbastellus,5152b,2025-01-23
CZ0424031,Barbastella barbastellus,"96,""5052a""",2011-12-21
CZ0424031,Barbastella barbastellus,"96,""5052b""",2011-12-21
CZ0424031,Barbastella barbastellus,"96,""5052c""",2011-12-21
CZ0424031,Barbastella barbastellus,"96,""5052d""",2011-12-21
CZ0424031,Barbastella barbastellus,"96,""5151a""",2011-06-21
CZ0424031,Barbastella barbastellus,"96,""5151b""",2011-06-21
CZ0424031,Barbastella barbastellus,"96,""5151c""",2011-06-21
CZ0424031,Barbastella barbastellus,"96,""5151d""",2011-06-21
CZ0424031,Barbastella barbastellus,"96,""5152a""",2011-12-21
CZ0424031,Barbastella barbastellus,"96,""5152b""",2011-12-21
CZ0424031,Barbastella barbastellus,"96,""5152c""",2011-12-21
CZ0424031,Barbastella barbastellus,"96,""5152d""",2011-12-21
CZ0424031,Canis lupus,"46,""5152b""",2024-05-25
CZ0424031,Canis lupus,5052c,2025-04-08
CZ0424031,Canis lupus,5052d,2025-03-19
CZ0424031,Canis lupus,5151b,2025-11-10
CZ0424031,Canis lupus,5151d,2023-12-29
CZ0424031,Canis lupus,5152a,2025-11-07
CZ0424031,Canis lupus,5152b,2025-05-24
CZ0424031,Canis lupus,5152c,2025-01-30
CZ0424031,Canis lupus,"54,""5052c""",2024-05-25
CZ0424031,Castor fiber,"02,""5151b""",1993-01-01
CZ0424031,Castor fiber,5052d,2021-04-23
CZ0424031,Castor fiber,5151b,2025-11-10
CZ0424031,Castor fiber,5152a,2026-01-22
CZ0424031,Castor fiber,5152c,2024-12-11
CZ0424031,Cottus gobio,"17,""5052c""",1950-01-01
CZ0424031,Cottus gobio,5052c,2023-07-13
CZ0424031,Cottus gobio,5052d,2012-11-01
CZ0424031,Cottus gobio,5151b,2023-07-10
CZ0424031,Cottus gobio,5152a,2022-07-18
CZ0424031,Cottus gobio,5152b,2022-08-18
CZ0424031,Cottus gobio,5152c,2025-06-04
CZ0424031,Cottus gobio,5152d,2015-09-27
CZ0424031,Cucujus cinnaberinus,5151b,2023-05-08
CZ0424031,Euplagia quadripunctaria,5151b,2023-08-15
CZ0424031,Euplagia quadripunctaria,5152b,2022-07-05
CZ0424031,Euplagia quadripunctaria,5152c,2020-08-11
CZ0424031,Lampetra planeri,5052c,2023-10-07
CZ0424031,Lampetra planeri,5052d,2012-11-01
CZ0424031,Lampetra planeri,5151b,2026-01-06
CZ0424031,Lampetra planeri,5152a,2024-04-27
CZ0424031,Lampetra planeri,5152b,2020-10-17
CZ0424031,Lampetra planeri,5152c,2023-10-07
CZ0424031,Lampetra planeri,5152d,2014-04-13
CZ0424031,Leucorrhinia pectoralis,5152c,2022-07-05
CZ0424031,Lutra lutra,"01,""5151b""",2005-09-23
CZ0424031,Lutra lutra,"02,""5151b""",2004-01-01
CZ0424031,Lutra lutra,"17,""5152a""",2004-01-01
CZ0424031,Lutra lutra,5052c,2023-02-01
CZ0424031,Lutra lutra,5151b,2026-01-06
CZ0424031,Lutra lutra,5152a,2026-01-08
CZ0424031,Lutra lutra,5152c,2016-11-02
CZ0424031,Lutra lutra,5152d,2006-10-08
CZ0424031,Lutra lutra,"96,""5052a""",2007-01-01
CZ0424031,Lutra lutra,"96,""5052b""",2007-01-01
CZ0424031,Lutra lutra,"96,""5052c""",2007-01-01
CZ0424031,Lutra lutra,"96,""5052d""",2007-01-01
CZ0424031,Lutra lutra,"99,""5152b""",2009-01-06
CZ0424031,Lycaena dispar,5152c,2019-08-04
CZ0424031,Lynx lynx,"17,""5152a""",2011-01-06
CZ0424031,Lynx lynx,"22,""5052d""",2000-09-29
CZ0424031,Lynx lynx,5151b,2005-11-21
CZ0424031,Lynx lynx,5152a,2020-10-03
CZ0424031,Lynx lynx,5152b,2013-02-01
CZ0424031,Lynx lynx,"71,""5151b""",2001-12-04
CZ0424031,Myotis bechsteinii,"69,""5151d""",2015-07-16
CZ0424031,Myotis bechsteinii,"96,""5151a""",2011-12-21
CZ0424031,Myotis bechsteinii,"96,""5151b""",2011-12-21
CZ0424031,Myotis bechsteinii,"96,""5151c""",2011-12-21
CZ0424031,Myotis bechsteinii,"96,""5151d""",2011-12-21
CZ0424031,Myotis myotis,5052d,2018-06-13
CZ0424031,Myotis myotis,5151b,2017-01-27
CZ0424031,Myotis myotis,5152b,2024-01-19
CZ0424031,Myotis myotis,5152c,2019-09-06
CZ0424031,Myotis myotis,"69,""5151d""",2015-07-16
CZ0424031,Myotis myotis,"96,""5052a""",2012-06-21
CZ0424031,Myotis myotis,"96,""5052b""",2012-06-21
CZ0424031,Myotis myotis,"96,""5052c""",2012-06-21
CZ0424031,Myotis myotis,"96,""5052d""",2012-06-21
CZ0424031,Myotis myotis,"96,""5151a""",2012-06-21
CZ0424031,Myotis myotis,"96,""5151b""",2012-06-21
CZ0424031,Myotis myotis,"96,""5151c""",2012-06-21
CZ0424031,Myotis myotis,"96,""5151d""",2012-06-21
CZ0424031,Myotis myotis,"96,""5152a""",2012-06-21
CZ0424031,Myotis myotis,"96,""5152b""",2012-06-21
CZ0424031,Myotis myotis,"96,""5152c""",2012-06-21
CZ0424031,Myotis myotis,"96,""5152d""",2012-06-21
CZ0424031,Ophiogomphus cecilia,5151b,2000-06-20
CZ0424031,Phengaris nausithous,5152c,2020-07-22
CZ0424031,Rhinolophus hipposideros,"02,""5151b""",2005-01-06
CZ0424031,Rhinolophus hipposideros,5151b,2024-02-23
CZ0424031,Rhinolophus hipposideros,5152a,2025-07-04
CZ0424031,Rhinolophus hipposideros,"96,""5151a""",2012-06-21
CZ0424031,Rhinolophus hipposideros,"96,""5151b""",2012-06-21
CZ0424031,Rhinolophus hipposideros,"96,""5151c""",2012-06-21
CZ0424031,Rhinolophus hipposideros,"96,""5151d""",2012-06-21
CZ0424031,Rhinolophus hipposideros,"96,""5152a""",2011-12-21
CZ0424031,Rhinolophus hipposideros,"96,""5152b""",2011-12-21
CZ0424031,Rhinolophus hipposideros,"96,""5152c""",2011-12-21
CZ0424031,Rhinolophus hipposideros,"96,""5152d""",2011-12-21
CZ0424031,Rhodeus amarus,5151b,2021-07-19
CZ0424031,Rhodeus amarus,5152a,2021-07-19
CZ0424031,Rhodeus amarus,5152b,2021-07-19
CZ0424031,Salmo salar,5151b,2023-10-20
CZ0424031,Salmo salar,5152a,2023-10-21
CZ0424031,Salmo salar,5152b,2011-05-03
CZ0424031,Salmo salar,5152c,2023-10-28
CZ0424031,Salmo salar,5152d,2015-09-27
CZ0424031,Salmo salar,"99,""5151b""",2003-01-01
CZ0424031,Salmo trutta,5052c,2023-07-13
CZ0424031,Salmo trutta,5052d,2019-06-02
CZ0424031,Salmo trutta,5151a,2021-07-19
CZ0424031,Salmo trutta,5151b,2023-07-10
CZ0424031,Salmo trutta,5152a,2022-07-18
CZ0424031,Salmo trutta,5152b,2022-08-18
CZ0424031,Salmo trutta,5152c,2023-07-12
CZ0424031,Salmo trutta,5152d,2015-09-27
CZ0424031,Sanguisorba officinalis,5152c,2021-07-03
CZ0424031,Scardinius erythrophthalmus,5151b,2024-06-29
CZ0424031,Scardinius erythrophthalmus,5152a,2024-04-25
CZ0424031,Scardinius erythrophthalmus,5152c,2013-10-31
CZ0424031,Succisa pratensis,5152a,2015-08-31
CZ0424031,Succisa pratensis,5152c,2015-08-17
CZ0424031,Succisa pratensis,"98,""5152c""",2001-06-01
CZ0424031,Succisa pratensis,"99,""5152a""",2015-08-18
CZ0424031,Trichomanes speciosum,5052c,2001-05-10
CZ0424031,Trichomanes speciosum,5052d,2006-07-06
CZ0424031,Trichomanes speciosum,5151a,2003-01-01
CZ0424031,Trichomanes speciosum,5151b,2012-10-19
CZ0424031,Trichomanes speciosum,5152a,2011-10-30
CZ0424031,Trichomanes speciosum,5152b,2002-01-01
CZ0424031,Trichomanes speciosum,5152c,2001-01-01
CZ0424031,Triturus cristatus,5152c,2025-07-20
CZ0424033,Chazara briseis,NA,2007-08-26
CZ0424033,Crambe tataria,5548d,2018-05-26
CZ0424033,Euplagia quadripunctaria,5548d,2023-08-14
CZ0424033,Hipparchia semele,NA,2010-08-22
CZ0424033,Lycaena dispar,5548d,2023-07-11
CZ0424033,Myotis myotis,5548d,2013-09-27
CZ0424033,Ophiogomphus cecilia,5548d,2018-08-07
CZ0424033,Spermophilus citellus,"05,""5548c""",2008-07-19
CZ0424033,Spermophilus citellus,"1,""5548d""",2021-07-01
CZ0424033,Spermophilus citellus,"11,""5548d""",2023-03-22
CZ0424033,Spermophilus citellus,"16,""5548d""",2024-07-01
CZ0424033,Spermophilus citellus,"19,""5548d""",2014-07-18
CZ0424033,Spermophilus citellus,"23,""5548d""",2004-08-15
CZ0424033,Spermophilus citellus,"3,""5548d""",2022-06-27
CZ0424033,Spermophilus citellus,"31,""5548c""",2007-07-13
CZ0424033,Spermophilus citellus,"33,""5548d""",2013-04-17
CZ0424033,Spermophilus citellus,"41,""5548c""",2005-07-07
CZ0424033,Spermophilus citellus,"44,""5548d""",2015-07-08
CZ0424033,Spermophilus citellus,"51,""5548d""",2002-01-01
CZ0424033,Spermophilus citellus,5548d,2025-08-17
CZ0424033,Spermophilus citellus,"69,""5548d""",2025-06-19
CZ0424033,Spermophilus citellus,"7,""5548d""",2009-07-16
CZ0424033,Spermophilus citellus,"71,""5548d""",2017-06-23
CZ0424033,Spermophilus citellus,"72,""5548d""",2014-03-13
CZ0424033,Spermophilus citellus,"73,""5548d""",2020-06-25
CZ0424033,Spermophilus citellus,"75,""5548c""",2006-07-11
CZ0424033,Spermophilus citellus,"82,""5548d""",2020-06-25
CZ0424033,Spermophilus citellus,"85,""5548d""",2010-07-17
CZ0424033,Spermophilus citellus,"86,""5548d""",2023-06-27
CZ0424033,Spermophilus citellus,"87,""5548d""",2016-07-08
CZ0424033,Spermophilus citellus,"95,""5548d""",2011-07-17
CZ0424033,Spermophilus citellus,"96,""5548d""",2018-07-10
CZ0424033,Stenobothrus eurasius bohemicus,5548d,2021-08-16
CZ0424034,Adenophora liliifolia,"27,""5450b""",2019-01-01
CZ0424034,Adenophora liliifolia,5450b,2024-07-24
CZ0424034,Adenophora liliifolia,"56,""5450b""",2001-01-01
CZ0424034,Chazara briseis,NA,1995-01-01
CZ0424034,Euplagia quadripunctaria,5450b,2020-08-13
CZ0424034,Lycaena dispar,5450b,2016-06-22
CZ0424034,Myotis myotis,"85,""5450b""",2020-09-23
CZ0424034,Phengaris nausithous,"52,""5450b""",2012-08-01
CZ0424034,Phengaris nausithous,5350d,2012-08-01
CZ0424034,Phengaris nausithous,5450b,2008-05-27
CZ0424034,Phengaris nausithous,"72,""5350d""",2017-07-06
CZ0424034,Phengaris nausithous,"92,""5450b""",1995-01-01
CZ0424034,Phengaris teleius,"72,""5350d""",2017-07-06
CZ0424034,Sanguisorba officinalis,"08,""5450b""",2013-06-30
CZ0424034,Sanguisorba officinalis,"27,""5450b""",2019-01-01
CZ0424034,Sanguisorba officinalis,"4,""5450b""",2013-06-20
CZ0424034,Sanguisorba officinalis,5350d,2013-06-30
CZ0424034,Sanguisorba officinalis,5450b,2020-07-23
CZ0424034,Sanguisorba officinalis,"6,""5450b""",2013-06-30
CZ0424034,Succisa pratensis,"08,""5450b""",2013-06-30
CZ0424034,Succisa pratensis,"27,""5450b""",2019-01-01
CZ0424034,Succisa pratensis,5350d,2013-06-30
CZ0424034,Succisa pratensis,5450b,2024-07-08
CZ0424034,Succisa pratensis,"6,""5450b""",2013-06-30
CZ0424034,Succisa pratensis,"88,""5450b""",2002-07-18
CZ0424036,Chazara briseis,NA,1995-01-01
CZ0424036,Hipparchia semele,NA,2015-08-07
CZ0424036,Lucanus cervus,5646a,2025-06-28
CZ0424037,Barbastella barbastellus,5450c,2013-10-20
CZ0424037,Chazara briseis,NA,1995-01-01
CZ0424037,Euplagia quadripunctaria,5450c,2023-08-12
CZ0424037,Lucanus cervus,5450c,2014-06-15
CZ0424037,Myotis myotis,5450c,2013-07-20
CZ0424037,Rhinolophus hipposideros,5450c,2013-07-20
CZ0424037,Spermophilus citellus,5450c,2002-01-01
CZ0424038,Canis lupus,5450b,2024-09-16
CZ0424038,Chazara briseis,NA,1995-01-01
CZ0424038,Euplagia quadripunctaria,5450b,2022-08-02
CZ0424038,Pulsatilla patens,5450b,2025-05-02
CZ0424038,Succisa pratensis,5450b,2013-06-30
CZ0424039,Chazara briseis,NA,2007-08-26
CZ0424039,Cucujus cinnaberinus,5548d,2025-05-05
CZ0424039,Euplagia quadripunctaria,5548d,2024-07-29
CZ0424039,Hipparchia semele,NA,2010-08-22
CZ0424039,Lucanus cervus,5548d,2025-06-19
CZ0424039,Myotis myotis,5548d,2013-08-05
CZ0424039,Ophiogomphus cecilia,5548d,2024-07-29
CZ0424039,Rhinolophus hipposideros,5548d,2013-06-06
CZ0424039,Stenobothrus eurasius bohemicus,5548d,2021-08-16
CZ0424039,Stipa glabrata,5548d,2025-07-03
CZ0424111,Abramis brama,5151c,2011-09-07
CZ0424111,Ameiurus nebulosus,5151c,2011-09-07
CZ0424111,Barbastella barbastellus,"25,""5151c""",2024-01-17
CZ0424111,Barbastella barbastellus,5151a,2023-02-09
CZ0424111,Barbastella barbastellus,5151c,2023-01-19
CZ0424111,Barbastella barbastellus,"96,""5151a""",2011-06-21
CZ0424111,Barbastella barbastellus,"96,""5151b""",2011-06-21
CZ0424111,Barbastella barbastellus,"96,""5151c""",2011-06-21
CZ0424111,Barbastella barbastellus,"96,""5151d""",2011-06-21
CZ0424111,Blicca bjoerkna,5151c,2011-09-07
CZ0424111,Canis lupus,"06,""5151c""",2024-11-11
CZ0424111,Castor fiber,"01,""5151c""",2017-02-11
CZ0424111,Castor fiber,"02,""5151b""",1993-01-01
CZ0424111,Castor fiber,"17,""5151a""",2018-03-01
CZ0424111,Castor fiber,"25,""5151c""",2020-03-01
CZ0424111,Castor fiber,"4,""5151c""",2002-01-01
CZ0424111,Castor fiber,"4,""5251a""",2001-11-01
CZ0424111,Castor fiber,"51,""5251a""",2014-12-01
CZ0424111,Castor fiber,5151a,2024-06-28
CZ0424111,Castor fiber,5151c,2025-03-10
CZ0424111,Castor fiber,"72,""5151c""",2022-01-01
CZ0424111,Castor fiber,"87,""5251a""",2016-02-19
CZ0424111,Castor fiber,"99,""5151c""",2002-01-01
CZ0424111,Cottus gobio,5151a,2007-08-22
CZ0424111,Cottus gobio,5151b,2006-08-08
CZ0424111,Cottus gobio,5151c,2011-09-07
CZ0424111,Cottus gobio,"77,""5151a""",1950-01-01
CZ0424111,Cucujus cinnaberinus,5151a,2015-05-17
CZ0424111,Euplagia quadripunctaria,5151a,2021-08-13
CZ0424111,Euplagia quadripunctaria,5151c,2021-08-09
CZ0424111,Lampetra planeri,5151a,2004-01-01
CZ0424111,Leuciscus aspius,5151a,2020-08-24
CZ0424111,Leuciscus aspius,5151c,2011-09-07
CZ0424111,Luronium natans,5151c,2025-08-29
CZ0424111,Lutra lutra,"02,""5151b""",2004-01-01
CZ0424111,Lutra lutra,5151a,2016-11-02
CZ0424111,Lutra lutra,5151b,2007-10-15
CZ0424111,Lutra lutra,5151c,2025-10-21
CZ0424111,Lycaena dispar,5151a,2018-08-28
CZ0424111,Lynx lynx,5151a,2022-04-25
CZ0424111,Lynx lynx,"71,""5151b""",2001-12-04
CZ0424111,Myotis bechsteinii,5151a,2025-09-17
CZ0424111,Myotis bechsteinii,"96,""5151a""",2011-12-21
CZ0424111,Myotis bechsteinii,"96,""5151b""",2011-12-21
CZ0424111,Myotis bechsteinii,"96,""5151c""",2011-12-21
CZ0424111,Myotis bechsteinii,"96,""5151d""",2011-12-21
CZ0424111,Myotis emarginatus,5151a,2025-09-17
CZ0424111,Myotis emarginatus,5151c,2017-09-04
CZ0424111,Myotis myotis,"25,""5151c""",2024-01-17
CZ0424111,Myotis myotis,"47,""5151c""",2021-01-21
CZ0424111,Myotis myotis,5151a,2026-02-27
CZ0424111,Myotis myotis,5151c,2025-02-28
CZ0424111,Myotis myotis,"96,""5151a""",2012-06-21
CZ0424111,Myotis myotis,"96,""5151b""",2012-06-21
CZ0424111,Myotis myotis,"96,""5151c""",2012-06-21
CZ0424111,Myotis myotis,"96,""5151d""",2012-06-21
CZ0424111,Myotis sp.,5151a,2022-01-27
CZ0424111,Ophiogomphus cecilia,5151c,2006-06-24
CZ0424111,Phengaris nausithous,"4,""5151c""",2010-08-01
CZ0424111,Phengaris nausithous,5151c,2023-07-25
CZ0424111,Phengaris teleius,"4,""5151c""",2010-08-01
CZ0424111,Phengaris teleius,5151c,2021-07-19
CZ0424111,Rhinolophus hipposideros,"02,""5151b""",2005-01-06
CZ0424111,Rhinolophus hipposideros,"25,""5151c""",2024-01-17
CZ0424111,Rhinolophus hipposideros,"47,""5151c""",2021-01-21
CZ0424111,Rhinolophus hipposideros,5151a,2026-03-01
CZ0424111,Rhinolophus hipposideros,5151c,2026-03-01
CZ0424111,Rhinolophus hipposideros,"96,""5151a""",2012-06-21
CZ0424111,Rhinolophus hipposideros,"96,""5151b""",2012-06-21
CZ0424111,Rhinolophus hipposideros,"96,""5151c""",2012-06-21
CZ0424111,Rhinolophus hipposideros,"96,""5151d""",2012-06-21
CZ0424111,Rhodeus amarus,5151c,2014-10-22
CZ0424111,Romanogobio belingi,5151c,2011-09-07
CZ0424111,Salmo salar,5151a,2020-12-13
CZ0424111,Salmo salar,5151b,2015-10-22
CZ0424111,Salmo salar,5151c,2010-07-01
CZ0424111,Salmo trutta,5151a,2013-09-23
CZ0424111,Salmo trutta,5151b,2015-10-22
CZ0424111,Salmo trutta,5151c,2013-09-23
CZ0424111,Salmo trutta,5151d,2012-11-01
CZ0424111,Sanguisorba officinalis,"18,""5151c""",2002-08-16
CZ0424111,Sanguisorba officinalis,"49,""5151d""",2002-08-14
CZ0424111,Sanguisorba officinalis,5151c,2024-08-14
CZ0424111,Scardinius erythrophthalmus,5151c,2011-09-07
CZ0424111,Succisa pratensis,"49,""5151d""",2002-08-14
CZ0424111,Trichomanes speciosum,5151a,2001-01-01
CZ0424111,Trichomanes speciosum,5151c,2001-01-01
CZ0424125,Abramis brama,"12,""5743b""",2004-01-01
CZ0424125,Abramis brama,"42,""5743d""",2004-01-01
CZ0424125,Abramis brama,5644c,2004-01-01
CZ0424125,Abramis brama,5645b,2011-01-01
CZ0424125,Barbastella barbastellus,"12,""5644b""",2023-07-07
CZ0424125,Barbastella barbastellus,"12,""5644d""",2020-08-16
CZ0424125,Barbastella barbastellus,"33,""5645c""",2020-09-20
CZ0424125,Barbastella barbastellus,5644a,2023-05-25
CZ0424125,Barbastella barbastellus,5644b,2025-01-14
CZ0424125,Barbastella barbastellus,5644c,2025-02-15
CZ0424125,Barbastella barbastellus,5645a,2025-09-01
CZ0424125,Barbastella barbastellus,5645b,2013-02-23
CZ0424125,Barbastella barbastellus,5645c,2025-06-25
CZ0424125,Barbastella barbastellus,5645d,2017-02-04
CZ0424125,Barbastella barbastellus,5743b,2025-02-20
CZ0424125,Barbastella barbastellus,5743d,2018-08-04
CZ0424125,Barbastella barbastellus,5744a,2025-02-20
CZ0424125,Barbastella barbastellus,5745b,2019-05-30
CZ0424125,Barbastella barbastellus,5745c,2015-07-13
CZ0424125,Barbastella barbastellus,5845a,2025-01-30
CZ0424125,Barbastella barbastellus,5845b,2019-08-09
CZ0424125,Barbastella barbastellus,"7,""5644b""",2023-07-07
CZ0424125,Barbastella barbastellus,"73,""5645b""",2004-01-01
CZ0424125,Barbastella barbastellus,"94,""5645a""",2005-01-01
CZ0424125,Barbastella barbastellus,"96,""5644a""",2011-12-21
CZ0424125,Barbastella barbastellus,"96,""5644b""",2011-12-21
CZ0424125,Barbastella barbastellus,"96,""5644c""",2011-12-21
CZ0424125,Barbastella barbastellus,"96,""5644d""",2011-12-21
CZ0424125,Barbastella barbastellus,"96,""5645a""",2011-12-21
CZ0424125,Barbastella barbastellus,"96,""5645b""",2011-12-21
CZ0424125,Barbastella barbastellus,"96,""5645c""",2011-12-21
CZ0424125,Barbastella barbastellus,"96,""5645d""",2011-12-21
CZ0424125,Blicca bjoerkna,5644b,2006-08-09
CZ0424125,Blicca bjoerkna,5645b,2011-01-01
CZ0424125,Bombina bombina,5644b,2023-06-18
CZ0424125,Bombina bombina,5644c,2023-06-06
CZ0424125,Bombina bombina,5645a,2024-06-30
CZ0424125,Bombina bombina,5645c,2025-06-25
CZ0424125,Bombina bombina,5645d,2022-05-15
CZ0424125,Bombina bombina,5743b,2021-07-25
CZ0424125,Bombina bombina,5743d,2024-06-18
CZ0424125,Bombina bombina,5744a,2021-06-11
CZ0424125,Bombina bombina,5745a,2025-05-11
CZ0424125,Bombina bombina,5745b,2025-07-24
CZ0424125,Bombina bombina,5745c,2021-06-08
CZ0424125,Bombina bombina,5745d,2025-07-24
CZ0424125,Bombina bombina,5844a,2025-08-15
CZ0424125,Bombina bombina,5845b,2025-08-06
CZ0424125,Bombina bombina,"94,""5645a""",2005-01-01
CZ0424125,Canis lupus,5644a,2025-03-11
CZ0424125,Canis lupus,5644c,2025-03-09
CZ0424125,Canis lupus,"6,""5845a""",2025-04-19
CZ0424125,Castor fiber,5644a,2025-05-23
CZ0424125,Castor fiber,5644b,2025-12-22
CZ0424125,Castor fiber,5644c,2025-12-23
CZ0424125,Castor fiber,5645a,2026-02-22
CZ0424125,Castor fiber,5645b,2025-12-17
CZ0424125,Castor fiber,5743d,2025-01-06
CZ0424125,Castor fiber,5744a,2025-01-21
CZ0424125,Castor fiber,5844a,2021-05-16
CZ0424125,Chazara briseis,NA,1995-01-01
CZ0424125,Cottus gobio,"12,""5743b""",2004-01-01
CZ0424125,Cottus gobio,"15,""5645d""",2004-01-01
CZ0424125,Cottus gobio,"34,""5743a""",2004-01-01
CZ0424125,Cottus gobio,"42,""5743d""",2004-01-01
CZ0424125,Cottus gobio,5644a,2017-10-19
CZ0424125,Cottus gobio,5644b,2006-08-09
CZ0424125,Cottus gobio,5644c,2023-09-07
CZ0424125,Cottus gobio,5645b,2011-01-01
CZ0424125,Cottus gobio,5743b,2017-10-18
CZ0424125,Cottus gobio,5743d,2017-10-18
CZ0424125,Cottus gobio,5744a,2017-10-18
CZ0424125,Cottus gobio,5745a,2013-06-22
CZ0424125,Euphydryas aurinia,5844a,2025-08-30
CZ0424125,Euphydryas aurinia,"99,""5844a""",2015-10-01
CZ0424125,Euphydryas aurinia,NA,2010-06-03
CZ0424125,Euplagia quadripunctaria,5644a,2023-08-10
CZ0424125,Euplagia quadripunctaria,5644b,2025-08-11
CZ0424125,Euplagia quadripunctaria,5644c,2025-08-20
CZ0424125,Euplagia quadripunctaria,5645a,2024-08-01
CZ0424125,Euplagia quadripunctaria,5645b,2020-08-02
CZ0424125,Euplagia quadripunctaria,5645c,2025-07-29
CZ0424125,Euplagia quadripunctaria,5645d,2025-07-23
CZ0424125,Euplagia quadripunctaria,5743d,2019-08-17
CZ0424125,Euplagia quadripunctaria,5744a,2021-08-04
CZ0424125,Euplagia quadripunctaria,5745d,2013-08-07
CZ0424125,Euplagia quadripunctaria,5845b,2023-08-11
CZ0424125,Euplagia quadripunctaria,"84,""5644c""",2005-01-01
CZ0424125,Euplagia quadripunctaria,"96,""5645a""",2011-08-23
CZ0424125,Euplagia quadripunctaria,"96,""5645b""",2011-08-23
CZ0424125,Euplagia quadripunctaria,"96,""5645c""",2011-08-23
CZ0424125,Euplagia quadripunctaria,"96,""5645d""",2011-08-23
CZ0424125,Euplagia quadripunctaria,"99,""5845b""",2014-08-08
CZ0424125,Hipparchia semele,NA,2009-01-01
CZ0424125,Lampetra planeri,"01,""5646c""",1900-01-01
CZ0424125,Lampetra planeri,"01,""5646d""",1900-01-01
CZ0424125,Lampetra planeri,"15,""5645d""",2004-01-01
CZ0424125,Lampetra planeri,"56,""5645a""",2000-01-01
CZ0424125,Lemna trisulca,5645b,2024-08-22
CZ0424125,Lemna trisulca,5645c,2009-08-29
CZ0424125,Lemna trisulca,5745d,2015-09-05
CZ0424125,Lemna trisulca,5844a,2021-07-26
CZ0424125,Lemna trisulca,5845b,2010-05-19
CZ0424125,Leuciscus aspius,"08,""5550d""",1950-01-01
CZ0424125,Leuciscus aspius,"12,""5743b""",2004-01-01
CZ0424125,Leuciscus aspius,"42,""5743d""",2004-01-01
CZ0424125,Leuciscus aspius,5644a,2010-10-13
CZ0424125,Leuciscus aspius,5645b,2011-01-01
CZ0424125,Leucorrhinia pectoralis,5644c,2024-08-06
CZ0424125,Leucorrhinia pectoralis,5844a,2018-06-06
CZ0424125,Leucorrhinia pectoralis,5845b,2016-06-03
CZ0424125,Lucanus cervus,5644c,2018-09-15
CZ0424125,Lutra lutra,"44,""5645a""",2003-10-03
CZ0424125,Lutra lutra,"46,""5644b""",2003-10-03
CZ0424125,Lutra lutra,5644a,2025-05-23
CZ0424125,Lutra lutra,5644b,2026-01-12
CZ0424125,Lutra lutra,5644c,2025-02-16
CZ0424125,Lutra lutra,5645a,2025-02-10
CZ0424125,Lutra lutra,5645b,2016-10-27
CZ0424125,Lutra lutra,5645c,2023-01-31
CZ0424125,Lutra lutra,5645d,2006-10-01
CZ0424125,Lutra lutra,5646c,2024-03-20
CZ0424125,Lutra lutra,5743b,2020-12-29
CZ0424125,Lutra lutra,5743d,2017-07-23
CZ0424125,Lutra lutra,5744a,2000-10-13
CZ0424125,Lutra lutra,5745a,2016-10-27
CZ0424125,Lutra lutra,5745b,2016-10-27
CZ0424125,Lutra lutra,5745d,2020-06-29
CZ0424125,Lutra lutra,5746b,2000-10-13
CZ0424125,Lutra lutra,5844a,2026-01-19
CZ0424125,Lutra lutra,"91,""5645b""",2003-10-03
CZ0424125,Lutra lutra,"98,""5644a""",2003-10-03
CZ0424125,Lycaena dispar,5644b,2022-06-10
CZ0424125,Lynx lynx,"46,""5644b""",2001-07-04
CZ0424125,Lynx lynx,5645a,2018-03-20
CZ0424125,Lynx lynx,5645c,2012-03-18
CZ0424125,Lynx lynx,5745a,2004-12-12
CZ0424125,Lynx lynx,"91,""5645b""",2001-07-04
CZ0424125,Myotis alcathoe/emarginatus,5644c,2020-05-07
CZ0424125,Myotis alcathoe/emarginatus,5645a,2022-09-23
CZ0424125,Myotis alcathoe/emarginatus,5743b,2020-09-08
CZ0424125,Myotis alcathoe/emarginatus,5743d,2018-08-04
CZ0424125,Myotis alcathoe/emarginatus,"63,""5644d""",2022-07-03
CZ0424125,Myotis bechsteinii,5845a,2014-09-10
CZ0424125,Myotis bechsteinii,5845b,2021-01-29
CZ0424125,Myotis bechsteinii,"96,""5644a""",2011-12-21
CZ0424125,Myotis bechsteinii,"96,""5644b""",2011-12-21
CZ0424125,Myotis bechsteinii,"96,""5644c""",2011-12-21
CZ0424125,Myotis bechsteinii,"96,""5644d""",2011-12-21
CZ0424125,Myotis myotis,"12,""5644d""",2020-08-16
CZ0424125,Myotis myotis,"51,""5745d""",2000-01-01
CZ0424125,Myotis myotis,5644a,2025-06-25
CZ0424125,Myotis myotis,5644b,2024-07-08
CZ0424125,Myotis myotis,5644c,2023-06-17
CZ0424125,Myotis myotis,5645a,2025-09-01
CZ0424125,Myotis myotis,5645b,2013-06-29
CZ0424125,Myotis myotis,5645c,2018-08-03
CZ0424125,Myotis myotis,5743b,2024-07-04
CZ0424125,Myotis myotis,5743d,2018-08-04
CZ0424125,Myotis myotis,5744a,2025-02-20
CZ0424125,Myotis myotis,5745b,2019-05-30
CZ0424125,Myotis myotis,5745c,2015-07-13
CZ0424125,Myotis myotis,5845a,2025-01-30
CZ0424125,Myotis myotis,5845b,2023-02-23
CZ0424125,Myotis myotis,"73,""5645b""",2006-06-25
CZ0424125,Myotis myotis,"94,""5645a""",2005-01-01
CZ0424125,Myotis myotis,"96,""5644a""",2012-06-21
CZ0424125,Myotis myotis,"96,""5644b""",2012-06-21
CZ0424125,Myotis myotis,"96,""5644c""",2012-06-21
CZ0424125,Myotis myotis,"96,""5644d""",2012-06-21
CZ0424125,Myotis myotis,"96,""5645a""",2012-06-21
CZ0424125,Myotis myotis,"96,""5645b""",2012-06-21
CZ0424125,Myotis myotis,"96,""5645c""",2012-06-21
CZ0424125,Myotis myotis,"96,""5645d""",2012-06-21
CZ0424125,Myotis myotis,"96,""5745a""",2012-06-21
CZ0424125,Myotis myotis,"96,""5745b""",2012-06-21
CZ0424125,Myotis myotis,"96,""5745c""",2012-06-21
CZ0424125,Myotis myotis,"96,""5745d""",2012-06-21
CZ0424125,Myotis sp.,"12,""5644b""",2023-07-07
CZ0424125,Myotis sp.,5644a,2023-05-25
CZ0424125,Myotis sp.,5644b,2025-06-25
CZ0424125,Myotis sp.,5644c,2025-06-25
CZ0424125,Myotis sp.,5645a,2025-06-21
CZ0424125,Myotis sp.,5645b,2024-06-24
CZ0424125,Myotis sp.,5743b,2022-08-02
CZ0424125,Myotis sp.,5745a,2024-06-22
CZ0424125,Myotis sp.,5745b,2022-07-01
CZ0424125,Myotis sp.,5745c,2022-07-01
CZ0424125,Myotis sp.,"63,""5644d""",2022-07-03
CZ0424125,Ophiogomphus cecilia,5743b,2021-08-21
CZ0424125,Orthotrichum rogeri,5644a,2015-09-12
CZ0424125,Phengaris nausithous,"33,""5645b""",2005-07-15
CZ0424125,Phengaris nausithous,"49,""5745b""",2024-07-25
CZ0424125,Phengaris nausithous,5643b,2024-07-26
CZ0424125,Phengaris nausithous,5644a,2024-07-26
CZ0424125,Phengaris nausithous,5644b,2024-07-26
CZ0424125,Phengaris nausithous,5644c,2025-08-21
CZ0424125,Phengaris nausithous,5645a,2005-07-15
CZ0424125,Phengaris nausithous,5645b,2017-07-20
CZ0424125,Phengaris nausithous,5744a,2019-08-05
CZ0424125,Phengaris nausithous,5745a,2019-07-17
CZ0424125,Phengaris nausithous,5745b,2024-07-25
CZ0424125,Phengaris nausithous,5745d,2024-07-25
CZ0424125,Phengaris nausithous,5843b,2019-08-05
CZ0424125,Phengaris nausithous,5844a,2019-08-05
CZ0424125,Phengaris nausithous,5845b,2019-07-19
CZ0424125,Phengaris nausithous,"73,""5645b""",1995-01-01
CZ0424125,Phengaris nausithous,"94,""5645a""",2005-01-01
CZ0424125,Phengaris nausithous,"96,""5645a""",2005-07-15
CZ0424125,Phengaris nausithous,"96,""5645b""",2005-07-15
CZ0424125,Phengaris nausithous,"96,""5645c""",2005-07-15
CZ0424125,Phengaris nausithous,"96,""5645d""",2005-07-15
CZ0424125,Pulsatilla patens,5645c,2025-05-28
CZ0424125,Pulsatilla patens,5645d,2024-04-30
CZ0424125,Rhinolophus hipposideros,5645a,2023-08-08
CZ0424125,Rumex sp.,5645c,2009-06-23
CZ0424125,Salmo salar,5646d,2023-10-29
CZ0424125,Salmo salar,5745a,2023-10-29
CZ0424125,Salmo salar,5745b,2023-10-29
CZ0424125,Salmo salar,"67,""5745a""",2003-01-01
CZ0424125,Salmo trutta,"12,""5743b""",2004-01-01
CZ0424125,Salmo trutta,"15,""5645d""",2004-01-01
CZ0424125,Salmo trutta,"34,""5743a""",2004-01-01
CZ0424125,Salmo trutta,"42,""5743d""",2004-01-01
CZ0424125,Salmo trutta,5644a,2017-10-19
CZ0424125,Salmo trutta,5645a,2020-07-26
CZ0424125,Salmo trutta,5645b,2011-01-01
CZ0424125,Salmo trutta,5743b,2017-10-18
CZ0424125,Salmo trutta,5743d,2017-10-18
CZ0424125,Salmo trutta,5745a,2014-09-27
CZ0424125,Sanguisorba officinalis,"22,""5644a""",2011-10-11
CZ0424125,Sanguisorba officinalis,"23,""5643d""",2002-06-10
CZ0424125,Sanguisorba officinalis,"34,""5644a""",2015-07-17
CZ0424125,Sanguisorba officinalis,5643b,2015-07-18
CZ0424125,Sanguisorba officinalis,5643d,2015-07-18
CZ0424125,Sanguisorba officinalis,5644a,2019-07-01
CZ0424125,Sanguisorba officinalis,5644b,2017-08-06
CZ0424125,Sanguisorba officinalis,5644c,2019-08-05
CZ0424125,Sanguisorba officinalis,5645b,2016-05-19
CZ0424125,Sanguisorba officinalis,5645c,2022-06-03
CZ0424125,Sanguisorba officinalis,5743b,2012-08-08
CZ0424125,Sanguisorba officinalis,5743d,2012-06-21
CZ0424125,Sanguisorba officinalis,5744a,2024-04-16
CZ0424125,Sanguisorba officinalis,5745a,2015-05-08
CZ0424125,Sanguisorba officinalis,5745d,2023-05-28
CZ0424125,Sanguisorba officinalis,5843b,2019-08-05
CZ0424125,Sanguisorba officinalis,5844a,2024-06-18
CZ0424125,Sanguisorba officinalis,5845b,2023-05-28
CZ0424125,Sanguisorba officinalis,"72,""5745c""",2010-05-21
CZ0424125,Sanguisorba officinalis,"8,""5644a""",2015-07-17
CZ0424125,Sanguisorba officinalis,"87,""5745b""",2009-05-05
CZ0424125,Sanguisorba officinalis,"9,""5644c""",2009-01-15
CZ0424125,Sanguisorba officinalis,"94,""5645a""",2005-01-01
CZ0424125,Scardinius erythrophthalmus,"12,""5743b""",2004-01-01
CZ0424125,Scardinius erythrophthalmus,"15,""5645d""",2004-01-01
CZ0424125,Scardinius erythrophthalmus,"34,""5743a""",2004-01-01
CZ0424125,Scardinius erythrophthalmus,"42,""5743d""",2004-01-01
CZ0424125,Scardinius erythrophthalmus,5644c,2025-07-03
CZ0424125,Scardinius erythrophthalmus,5645b,2011-01-01
CZ0424125,Scardinius erythrophthalmus,5745d,2025-05-02
CZ0424125,Succisa pratensis,5643d,2002-06-10
CZ0424125,Succisa pratensis,5743d,2012-04-19
CZ0424125,Succisa pratensis,5843b,2012-05-18
CZ0424125,Succisa pratensis,5844a,2025-06-13
CZ0424125,Triturus cristatus,5644b,2021-06-19
CZ0424125,Triturus cristatus,5644c,2025-07-03
CZ0424125,Triturus cristatus,5645a,2024-06-30
CZ0424125,Triturus cristatus,5645b,2013-06-17
CZ0424125,Triturus cristatus,5645c,2024-06-30
CZ0424125,Triturus cristatus,5743b,2021-07-25
CZ0424125,Triturus cristatus,5743d,2021-06-13
CZ0424125,Triturus cristatus,5744a,2021-06-11
CZ0424125,Triturus cristatus,5745a,2021-08-04
CZ0424125,Triturus cristatus,5745b,2025-07-24
CZ0424125,Triturus cristatus,5745c,2021-06-08
CZ0424125,Triturus cristatus,5745d,2025-07-24
CZ0424125,Triturus cristatus,5844a,2025-08-15
CZ0424125,Triturus cristatus,5845b,2025-08-06
CZ0424125,Triturus cristatus,"94,""5645a""",2005-01-01
CZ0424125,Unio crassus,5644a,2015-09-15
CZ0424125,Unio crassus,5644b,2023-08-15
CZ0424125,Unio crassus,5644c,2023-09-07
CZ0424125,Unio crassus,5645a,2022-11-20
CZ0424125,Unio crassus,5645b,2012-09-04
CZ0424125,Unio crassus,5646d,2024-08-25
CZ0424125,Unio crassus,5743b,2024-05-13
CZ0424125,Unio crassus,5743d,2021-08-21
CZ0424125,Unio crassus,5744a,2010-08-28
CZ0424125,Vertigo angustior,5644b,2015-10-10
CZ0424127,Barbastella barbastellus,"01,""5347c""",2010-01-01
CZ0424127,Barbastella barbastellus,5249c,2022-07-28
CZ0424127,Barbastella barbastellus,5347d,2022-02-06
CZ0424127,Barbastella barbastellus,5348a,2022-02-06
CZ0424127,Barbastella barbastellus,5349a,2022-10-04
CZ0424127,Barbastella barbastellus,5446b,2022-02-06
CZ0424127,Barbastella barbastellus,5446d,2015-02-07
CZ0424127,Barbastella barbastellus,5447a,2017-07-15
CZ0424127,Barbastella barbastellus,"67,""5248d""",2014-09-18
CZ0424127,Barbastella barbastellus,"85,""5249b""",2007-04-01
CZ0424127,Barbastella barbastellus,"96,""5249a""",2011-12-21
CZ0424127,Barbastella barbastellus,"96,""5249b""",2011-12-21
CZ0424127,Barbastella barbastellus,"96,""5249c""",2011-12-21
CZ0424127,Barbastella barbastellus,"96,""5249d""",2011-12-21
CZ0424127,Barbastella barbastellus,"96,""5347a""",2011-12-21
CZ0424127,Barbastella barbastellus,"96,""5347b""",2011-12-21
CZ0424127,Barbastella barbastellus,"96,""5347c""",2011-12-21
CZ0424127,Barbastella barbastellus,"96,""5347d""",2011-12-21
CZ0424127,Barbastella barbastellus,"96,""5348a""",2011-12-21
CZ0424127,Barbastella barbastellus,"96,""5348b""",2011-12-21
CZ0424127,Barbastella barbastellus,"96,""5348c""",2011-12-21
CZ0424127,Barbastella barbastellus,"96,""5348d""",2011-12-21
CZ0424127,Barbastella barbastellus,"96,""5446a""",2011-12-21
CZ0424127,Barbastella barbastellus,"96,""5446b""",2011-12-21
CZ0424127,Barbastella barbastellus,"96,""5446c""",2011-12-21
CZ0424127,Barbastella barbastellus,"96,""5446d""",2011-12-21
CZ0424127,Barbastella barbastellus,"99,""5348a""",2014-09-18
CZ0424127,Canis lupus,"18,""5249c""",2025-03-29
CZ0424127,Canis lupus,"18,""5249d""",2024-11-09
CZ0424127,Canis lupus,5248d,2023-11-11
CZ0424127,Canis lupus,5347c,2020-03-07
CZ0424127,Canis lupus,5347d,2021-04-29
CZ0424127,Canis lupus,5348a,2020-03-03
CZ0424127,Canis lupus,5348c,2017-04-11
CZ0424127,Canis lupus,5446b,2018-04-13
CZ0424127,Canis lupus,5446d,2023-11-29
CZ0424127,Canis lupus,"57,""5446b""",2025-03-30
CZ0424127,Canis lupus,"7,""5248d""",2024-11-05
CZ0424127,Canis lupus,"88,""5249d""",2025-03-16
CZ0424127,Carabus menetriesi pacholei,5249c,2023-06-01
CZ0424127,Castor fiber,"8,""5249d""",2009-01-01
CZ0424127,Cottus gobio,5446d,2015-09-01
CZ0424127,Cucujus cinnaberinus,5447a,2021-10-10
CZ0424127,Euplagia quadripunctaria,"19,""5446d""",2020-08-21
CZ0424127,Euplagia quadripunctaria,"48,""5446d""",2004-01-01
CZ0424127,Euplagia quadripunctaria,5348a,2025-08-09
CZ0424127,Euplagia quadripunctaria,5348c,2024-08-07
CZ0424127,Euplagia quadripunctaria,5349a,2024-08-10
CZ0424127,Euplagia quadripunctaria,5446b,2022-08-02
CZ0424127,Euplagia quadripunctaria,5446c,2015-09-09
CZ0424127,Euplagia quadripunctaria,5446d,2025-08-20
CZ0424127,Lampetra planeri,5446d,2015-09-01
CZ0424127,Lampetra planeri,"64,""5447b""",2004-01-01
CZ0424127,Limoniscus violaceus,"19,""5446d""",2008-05-13
CZ0424127,Limoniscus violaceus,5446b,2021-04-21
CZ0424127,Limoniscus violaceus,5446d,2003-04-17
CZ0424127,Limoniscus violaceus,5447a,2021-10-10
CZ0424127,Limoniscus violaceus,"58,""5446d""",2020-04-08
CZ0424127,Limoniscus violaceus,"99,""5446d""",2014-09-28
CZ0424127,Lucanus cervus,5446b,2022-08-29
CZ0424127,Lucanus cervus,5446d,2020-07-21
CZ0424127,Lucanus cervus,5447a,2014-07-17
CZ0424127,Lutra lutra,5347a,2020-04-10
CZ0424127,Lutra lutra,5347c,2020-04-07
CZ0424127,Lutra lutra,5347d,2020-04-07
CZ0424127,Lutra lutra,5348b,2006-10-26
CZ0424127,Lutra lutra,5446c,2019-02-12
CZ0424127,Lutra lutra,5447a,2019-11-15
CZ0424127,Myotis alcathoe/emarginatus,5249c,2022-07-28
CZ0424127,Myotis alcathoe/emarginatus,5349a,2022-06-23
CZ0424127,Myotis bechsteinii,5447a,2017-08-25
CZ0424127,Myotis emarginatus,5446b,2022-02-06
CZ0424127,Myotis myotis,"01,""5347c""",2010-01-01
CZ0424127,Myotis myotis,"01,""5347d""",2010-01-01
CZ0424127,Myotis myotis,"23,""5348a""",2014-09-18
CZ0424127,Myotis myotis,"49,""5249d""",2003-01-01
CZ0424127,Myotis myotis,5249d,2011-12-22
CZ0424127,Myotis myotis,5347d,2022-02-06
CZ0424127,Myotis myotis,5348a,2022-02-06
CZ0424127,Myotis myotis,5348c,2016-01-12
CZ0424127,Myotis myotis,5349a,2022-10-04
CZ0424127,Myotis myotis,5447a,2017-08-25
CZ0424127,Myotis myotis,"55,""5347d""",2005-01-01
CZ0424127,Myotis myotis,"64,""5447a""",2010-10-28
CZ0424127,Myotis myotis,"75,""5347d""",2014-09-18
CZ0424127,Myotis myotis,"93,""5347c""",2014-09-18
CZ0424127,Myotis myotis,"95,""5348a""",2002-01-01
CZ0424127,Myotis myotis,"96,""5249a""",2011-12-21
CZ0424127,Myotis myotis,"96,""5249b""",2011-12-21
CZ0424127,Myotis myotis,"96,""5249c""",2011-12-21
CZ0424127,Myotis myotis,"96,""5249d""",2011-12-21
CZ0424127,Myotis myotis,"96,""5347a""",2012-06-21
CZ0424127,Myotis myotis,"96,""5347b""",2012-06-21
CZ0424127,Myotis myotis,"96,""5347c""",2012-06-21
CZ0424127,Myotis myotis,"96,""5347d""",2012-06-21
CZ0424127,Myotis myotis,"96,""5348a""",2012-06-21
CZ0424127,Myotis myotis,"96,""5348b""",2012-06-21
CZ0424127,Myotis myotis,"96,""5348c""",2012-06-21
CZ0424127,Myotis myotis,"96,""5348d""",2012-06-21
CZ0424127,Myotis myotis,"96,""5446a""",2012-06-21
CZ0424127,Myotis myotis,"96,""5446b""",2012-06-21
CZ0424127,Myotis myotis,"96,""5446c""",2012-06-21
CZ0424127,Myotis myotis,"96,""5446d""",2012-06-21
CZ0424127,Myotis myotis,"99,""5348a""",2014-09-18
CZ0424127,Myotis myotis,"99,""5349a""",2002-01-01
CZ0424127,Myotis sp.,5348a,2022-02-06
CZ0424127,Ophiogomphus cecilia,5249c,2014-06-18
CZ0424127,Ophiogomphus cecilia,5446d,2022-09-15
CZ0424127,Osmoderma barnabita,5348c,2002-04-09
CZ0424127,Osmoderma barnabita,5446b,2006-10-11
CZ0424127,Osmoderma barnabita,5446d,2014-09-28
CZ0424127,Osmoderma barnabita,5447a,2021-10-10
CZ0424127,Osmoderma barnabita,"99,""5446d""",2014-09-28
CZ0424127,Phengaris nausithous,"5,""5348a""",2006-08-13
CZ0424127,Phengaris nausithous,5347d,2024-07-13
CZ0424127,Phengaris nausithous,5348b,2019-08-11
CZ0424127,Phengaris nausithous,5349a,2006-08-03
CZ0424127,Phengaris nausithous,5446d,2024-07-07
CZ0424127,Phengaris nausithous,5447a,2018-07-21
CZ0424127,Phengaris nausithous,"89,""5250a""",2010-07-28
CZ0424127,Phengaris nausithous,"96,""5348a""",2007-08-07
CZ0424127,Phengaris nausithous,"96,""5348b""",2007-08-07
CZ0424127,Phengaris nausithous,"96,""5348c""",2007-08-07
CZ0424127,Phengaris nausithous,"96,""5348d""",2007-08-07
CZ0424127,Phengaris teleius,"5,""5348a""",1995-01-01
CZ0424127,Phengaris teleius,5349a,2003-07-20
CZ0424127,Phengaris teleius,"89,""5250a""",2010-07-28
CZ0424127,Rhinolophus hipposideros,"49,""5249d""",2003-10-17
CZ0424127,Rhinolophus hipposideros,5249d,2011-12-02
CZ0424127,Rhinolophus hipposideros,5347d,2021-02-13
CZ0424127,Rhinolophus hipposideros,5348a,2020-02-09
CZ0424127,Rhinolophus hipposideros,5348c,2016-01-12
CZ0424127,Rhinolophus hipposideros,5349a,2022-07-28
CZ0424127,Rhinolophus hipposideros,5446d,2014-09-18
CZ0424127,Rhinolophus hipposideros,5447a,2021-03-05
CZ0424127,Rhinolophus hipposideros,"64,""5447a""",1965-01-01
CZ0424127,Rhinolophus hipposideros,"75,""5347d""",2014-09-18
CZ0424127,Rhinolophus hipposideros,"85,""5249b""",2007-09-01
CZ0424127,Rhinolophus hipposideros,"96,""5249a""",2012-06-21
CZ0424127,Rhinolophus hipposideros,"96,""5249b""",2012-06-21
CZ0424127,Rhinolophus hipposideros,"96,""5249c""",2012-06-21
CZ0424127,Rhinolophus hipposideros,"96,""5249d""",2012-06-21
CZ0424127,Rhinolophus hipposideros,"96,""5347a""",2012-06-21
CZ0424127,Rhinolophus hipposideros,"96,""5347b""",2012-06-21
CZ0424127,Rhinolophus hipposideros,"96,""5347c""",2012-06-21
CZ0424127,Rhinolophus hipposideros,"96,""5347d""",2012-06-21
CZ0424127,Rhinolophus hipposideros,"96,""5348a""",2012-06-21
CZ0424127,Rhinolophus hipposideros,"96,""5348b""",2012-06-21
CZ0424127,Rhinolophus hipposideros,"96,""5348c""",2012-06-21
CZ0424127,Rhinolophus hipposideros,"96,""5348d""",2012-06-21
CZ0424127,Rhinolophus hipposideros,"96,""5446a""",2010-01-01
CZ0424127,Rhinolophus hipposideros,"96,""5446b""",2010-01-01
CZ0424127,Rhinolophus hipposideros,"96,""5446c""",2010-01-01
CZ0424127,Rhinolophus hipposideros,"96,""5446d""",2010-01-01
CZ0424127,Rhinolophus hipposideros,"99,""5348a""",2014-09-18
CZ0424127,Salmo trutta,"24,""5447a""",2004-01-01
CZ0424127,Salmo trutta,"28,""5348a""",2004-01-01
CZ0424127,Salmo trutta,"36,""5447a""",2004-01-01
CZ0424127,Salmo trutta,"4,""5348c""",2004-01-01
CZ0424127,Salmo trutta,5347c,2011-10-19
CZ0424127,Salmo trutta,5348a,2007-09-13
CZ0424127,Salmo trutta,5446d,2022-10-02
CZ0424127,Salmo trutta,"64,""5447b""",2004-01-01
CZ0424127,Salmo trutta,"95,""5348a""",2004-01-01
CZ0424127,Salmo trutta,"96,""5447a""",2004-01-01
CZ0424127,Salmo trutta,"97,""5348a""",2004-01-01
CZ0424127,Sanguisorba officinalis,"01,""5347c""",2004-01-01
CZ0424127,Sanguisorba officinalis,"28,""5446c""",2015-05-10
CZ0424127,Sanguisorba officinalis,5249d,2012-09-17
CZ0424127,Sanguisorba officinalis,5250a,2012-09-19
CZ0424127,Sanguisorba officinalis,5250c,2012-09-19
CZ0424127,Sanguisorba officinalis,5347c,2012-05-26
CZ0424127,Sanguisorba officinalis,5347d,2012-08-12
CZ0424127,Sanguisorba officinalis,5348a,2013-09-13
CZ0424127,Sanguisorba officinalis,5348c,2013-09-12
CZ0424127,Sanguisorba officinalis,5349a,2023-08-28
CZ0424127,Sanguisorba officinalis,5446d,2015-08-20
CZ0424127,Sanguisorba officinalis,"9,""5249d""",2012-09-17
CZ0424127,Scardinius erythrophthalmus,5248d,2019-06-07
CZ0424127,Succisa pratensis,5249c,2023-10-12
CZ0424127,Succisa pratensis,5347d,2004-01-01
CZ0424127,Triturus cristatus,5446d,2011-04-22
CZ0424127,Triturus cristatus,"99,""5249c""",2010-08-20
CZ0424129,Barbastella barbastellus,5450b,2011-09-06
CZ0424129,Chazara briseis,NA,1995-01-01
CZ0424129,Cypripedium calceolus,5450b,2024-05-21
CZ0424129,Euplagia quadripunctaria,5450b,2023-08-17
CZ0424129,Euplagia quadripunctaria,5450d,2025-08-21
CZ0424129,Lucanus cervus,5450b,2024-07-06
CZ0424129,Lycaena dispar,5450b,2015-07-06
CZ0424129,Myotis myotis,5450b,2011-07-16
CZ0424129,Myotis myotis,5450d,2015-10-24
CZ0424129,Rhinolophus hipposideros,5450b,2011-06-22
CZ0424129,Sanguisorba officinalis,5450d,2021-08-02
CZ0424133,Sanguisorba officinalis,5451d,2022-09-22
CZ0424134,Hipparchia semele,NA,1995-01-01
CZ0424135,Sanguisorba officinalis,5552a,2021-06-20
CZ0424138,Barbastella barbastellus,5550d,2023-08-24
CZ0424138,Castor fiber,5550d,2021-01-23
CZ0424138,Cucujus cinnaberinus,5550d,2021-03-31
CZ0424138,Lutra lutra,5550d,2026-01-18
CZ0424138,Myotis myotis,5550d,2023-08-24
CZ0424138,Osmoderma barnabita,5550d,2018-10-26
CZ0424138,Unio crassus,5550d,2016-08-12
CZ0424139,Cucujus cinnaberinus,5551d,2015-05-13
CZ0424139,Hipparchia semele,NA,1995-01-01
CZ0424139,Sanguisorba officinalis,5551d,2005-06-08
CZ0424140,Barbastella barbastellus,5550b,2023-08-24
CZ0424140,Cucujus cinnaberinus,5550d,2011-11-23
CZ0424140,Myotis myotis,5550b,2023-08-24
CZ0424140,Myotis myotis,5550d,2023-06-24
CZ0424140,Myotis myotis,"64,""5550b""",2023-08-24
CZ0424141,Abramis brama,5251a,2006-01-01
CZ0424141,Abramis brama,5251c,2011-09-07
CZ0424141,Abramis brama,5350a,2025-11-26
CZ0424141,Abramis brama,5350b,2011-09-07
CZ0424141,Abramis brama,5350c,2006-01-01
CZ0424141,Abramis brama,5351a,2011-09-07
CZ0424141,Abramis brama,5450c,2005-10-03
CZ0424141,Abramis brama,5450d,2019-09-25
CZ0424141,Ameiurus nebulosus,5251c,2025-07-22
CZ0424141,Ameiurus nebulosus,5350b,2020-09-09
CZ0424141,Ameiurus nebulosus,5351a,2020-09-09
CZ0424141,Barbastella barbastellus,"24,""5350c""",2007-02-04
CZ0424141,Barbastella barbastellus,"96,""5350a""",2011-12-21
CZ0424141,Barbastella barbastellus,"96,""5350b""",2011-12-21
CZ0424141,Barbastella barbastellus,"96,""5350c""",2011-12-21
CZ0424141,Barbastella barbastellus,"96,""5350d""",2011-12-21
CZ0424141,Blicca bjoerkna,5251a,2018-06-24
CZ0424141,Blicca bjoerkna,5251c,2011-09-07
CZ0424141,Blicca bjoerkna,5350a,2018-10-20
CZ0424141,Blicca bjoerkna,5350b,2011-09-07
CZ0424141,Blicca bjoerkna,5350c,2006-01-01
CZ0424141,Blicca bjoerkna,5351a,2011-09-07
CZ0424141,Bombina bombina,"19,""5350d""",2006-08-09
CZ0424141,Bombina bombina,5350b,2009-04-30
CZ0424141,Canis lupus,"03,""5350d""",2025-01-02
CZ0424141,Canis lupus,5350c,2025-09-20
CZ0424141,Canis lupus,5350d,2023-09-02
CZ0424141,Castor fiber,"01,""5251a""",2020-03-01
CZ0424141,Castor fiber,"01,""5251c""",2001-01-01
CZ0424141,Castor fiber,"01,""5350a""",2018-03-01
CZ0424141,Castor fiber,"01,""5450a""",2020-03-01
CZ0424141,Castor fiber,"09,""5251c""",2002-01-01
CZ0424141,Castor fiber,"14,""5350a""",2020-03-01
CZ0424141,Castor fiber,"17,""5351a""",2018-03-01
CZ0424141,Castor fiber,"19,""5251a""",2018-03-01
CZ0424141,Castor fiber,"22,""5251a""",2020-03-01
CZ0424141,Castor fiber,"25,""5151c""",2020-03-01
CZ0424141,Castor fiber,"26,""5251a""",2017-02-11
CZ0424141,Castor fiber,"28,""5350b""",2012-01-13
CZ0424141,Castor fiber,"3,""5351a""",2020-03-01
CZ0424141,Castor fiber,"36,""5351a""",2017-02-11
CZ0424141,Castor fiber,"4,""5251a""",2001-11-01
CZ0424141,Castor fiber,"42,""5351a""",2017-02-11
CZ0424141,Castor fiber,"42,""5450d""",2017-02-11
CZ0424141,Castor fiber,"45,""5351a""",2018-03-01
CZ0424141,Castor fiber,"46,""5350c""",2011-01-01
CZ0424141,Castor fiber,"48,""5451c""",2020-03-01
CZ0424141,Castor fiber,"49,""5450d""",2020-03-01
CZ0424141,Castor fiber,"51,""5251a""",2014-12-01
CZ0424141,Castor fiber,5151c,2024-12-11
CZ0424141,Castor fiber,5251a,2026-02-03
CZ0424141,Castor fiber,5251c,2026-01-31
CZ0424141,Castor fiber,"53,""5450d""",2022-01-01
CZ0424141,Castor fiber,5350a,2025-12-29
CZ0424141,Castor fiber,5350b,2022-01-01
CZ0424141,Castor fiber,5350c,2024-02-24
CZ0424141,Castor fiber,5351a,2022-05-02
CZ0424141,Castor fiber,5450a,2024-02-24
CZ0424141,Castor fiber,5450c,2026-01-28
CZ0424141,Castor fiber,5450d,2023-12-09
CZ0424141,Castor fiber,5451c,2022-01-01
CZ0424141,Castor fiber,"56,""5251c""",2022-01-01
CZ0424141,Castor fiber,"64,""5451c""",2022-01-01
CZ0424141,Castor fiber,"65,""5251a""",2016-12-19
CZ0424141,Castor fiber,"67,""5350b""",2001-01-01
CZ0424141,Castor fiber,"7,""5351a""",2020-03-01
CZ0424141,Castor fiber,"72,""5151c""",2022-01-01
CZ0424141,Castor fiber,"73,""5350a""",2022-01-01
CZ0424141,Castor fiber,"79,""5351a""",2022-01-01
CZ0424141,Castor fiber,"8,""5251a""",2022-01-01
CZ0424141,Castor fiber,"81,""5251a""",2017-02-11
CZ0424141,Castor fiber,"87,""5251a""",2016-02-19
CZ0424141,Castor fiber,"9,""5251c""",2018-03-01
CZ0424141,Castor fiber,"91,""5350b""",2001-01-01
CZ0424141,Castor fiber,"94,""5351a""",2000-01-01
CZ0424141,Castor fiber,"98,""5350b""",2003-01-01
CZ0424141,Castor fiber,"99,""5251a""",2005-01-01
CZ0424141,Castor fiber,"99,""5251c""",2020-03-01
CZ0424141,Castor fiber,"99,""5350b""",2017-02-11
CZ0424141,Castor fiber,"99,""5451c""",2018-03-01
CZ0424141,Chazara briseis,NA,1995-01-01
CZ0424141,Cottus gobio,5251a,2025-08-21
CZ0424141,Cottus gobio,5251c,2021-09-02
CZ0424141,Cottus gobio,5350a,2017-05-24
CZ0424141,Cottus gobio,5350b,2021-09-03
CZ0424141,Cottus gobio,5350c,2021-08-25
CZ0424141,Cottus gobio,5450a,2021-08-25
CZ0424141,Cottus gobio,5450c,2021-08-25
CZ0424141,Cucujus cinnaberinus,5251c,2023-11-16
CZ0424141,Cucujus cinnaberinus,5350b,2023-05-30
CZ0424141,Cucujus cinnaberinus,5350c,2022-12-08
CZ0424141,Cucujus cinnaberinus,5450c,2022-02-04
CZ0424141,Cucujus cinnaberinus,5450d,2021-04-11
CZ0424141,Cucujus cinnaberinus,5451c,2017-03-21
CZ0424141,Epidalea calamita,5451c,2008-05-03
CZ0424141,Euplagia quadripunctaria,"01,""5251c""",2023-08-18
CZ0424141,Euplagia quadripunctaria,"13,""5450c""",2015-08-10
CZ0424141,Euplagia quadripunctaria,5251c,2023-08-02
CZ0424141,Euplagia quadripunctaria,5350b,2020-08-06
CZ0424141,Euplagia quadripunctaria,5350c,2019-08-07
CZ0424141,Euplagia quadripunctaria,5350d,2019-08-07
CZ0424141,Euplagia quadripunctaria,5351a,2023-08-15
CZ0424141,Euplagia quadripunctaria,5450a,2020-07-31
CZ0424141,Euplagia quadripunctaria,5450b,2019-08-20
CZ0424141,Euplagia quadripunctaria,5450c,2021-07-29
CZ0424141,Leuciscus aspius,5251a,2025-08-21
CZ0424141,Leuciscus aspius,5251c,2021-09-03
CZ0424141,Leuciscus aspius,5350a,2020-10-31
CZ0424141,Leuciscus aspius,5350b,2011-09-07
CZ0424141,Leuciscus aspius,5350c,2007-01-01
CZ0424141,Leuciscus aspius,5351a,2011-09-07
CZ0424141,Leuciscus aspius,5450c,2011-09-07
CZ0424141,Leuciscus aspius,"73,""5251a""",1950-01-01
CZ0424141,Lucanus cervus,"48,""5450c""",2015-07-07
CZ0424141,Lucanus cervus,5350b,2019-09-26
CZ0424141,Lucanus cervus,5350c,2021-07-21
CZ0424141,Lucanus cervus,5450a,2022-09-13
CZ0424141,Lucanus cervus,5450c,2025-07-17
CZ0424141,Lutra lutra,5251a,2024-07-26
CZ0424141,Lutra lutra,5251c,2019-03-30
CZ0424141,Lutra lutra,5350a,2020-05-05
CZ0424141,Lutra lutra,5350b,2006-01-31
CZ0424141,Lutra lutra,5350d,2006-10-26
CZ0424141,Lutra lutra,5351a,2020-04-19
CZ0424141,Lutra lutra,5450c,2006-10-26
CZ0424141,Lutra lutra,5450d,2000-04-06
CZ0424141,Lutra lutra,"67,""5350b""",2004-11-14
CZ0424141,Lutra lutra,"87,""5450d""",2005-05-06
CZ0424141,Lycaena dispar,5251c,2021-09-03
CZ0424141,Lynx lynx,5351a,2021-11-16
CZ0424141,Myotis bechsteinii,5350b,2025-08-25
CZ0424141,Myotis bechsteinii,"96,""5350a""",2011-12-21
CZ0424141,Myotis bechsteinii,"96,""5350b""",2011-12-21
CZ0424141,Myotis bechsteinii,"96,""5350c""",2011-12-21
CZ0424141,Myotis bechsteinii,"96,""5350d""",2011-12-21
CZ0424141,Myotis myotis,5251c,2019-09-14
CZ0424141,Myotis myotis,5350b,2026-02-06
CZ0424141,Myotis myotis,5350c,2011-08-04
CZ0424141,Myotis myotis,"62,""5251b""",1992-01-01
CZ0424141,Myotis myotis,"96,""5350a""",2012-06-21
CZ0424141,Myotis myotis,"96,""5350b""",2012-06-21
CZ0424141,Myotis myotis,"96,""5350c""",2012-06-21
CZ0424141,Myotis myotis,"96,""5350d""",2012-06-21
CZ0424141,Myotis myotis,"96,""5351a""",2012-06-21
CZ0424141,Myotis myotis,"96,""5351b""",2012-06-21
CZ0424141,Myotis myotis,"96,""5351c""",2012-06-21
CZ0424141,Myotis myotis,"96,""5351d""",2012-06-21
CZ0424141,Ophiogomphus cecilia,"01,""5450d""",2015-08-12
CZ0424141,Ophiogomphus cecilia,5151c,2005-06-19
CZ0424141,Ophiogomphus cecilia,5251a,2003-07-13
CZ0424141,Ophiogomphus cecilia,5350b,2013-01-01
CZ0424141,Ophiogomphus cecilia,5450c,2021-08-11
CZ0424141,Phengaris nausithous,5151c,2025-07-26
CZ0424141,Phengaris nausithous,5251a,2021-08-21
CZ0424141,Phengaris nausithous,5350b,2010-07-14
CZ0424141,Phengaris nausithous,"96,""5350a""",2001-08-01
CZ0424141,Phengaris nausithous,"96,""5350b""",2001-08-01
CZ0424141,Phengaris nausithous,"96,""5350c""",2001-08-01
CZ0424141,Phengaris nausithous,"96,""5350d""",2001-08-01
CZ0424141,Phengaris nausithous,"96,""5351a""",1995-01-01
CZ0424141,Phengaris nausithous,"96,""5351b""",1995-01-01
CZ0424141,Phengaris nausithous,"96,""5351c""",1995-01-01
CZ0424141,Phengaris nausithous,"96,""5351d""",1995-01-01
CZ0424141,Phengaris nausithous,"99,""5251a""",2008-07-26
CZ0424141,Phengaris teleius,5151c,2025-07-26
CZ0424141,Phengaris teleius,5251a,2009-07-27
CZ0424141,Phengaris teleius,"96,""5350a""",2002-01-01
CZ0424141,Phengaris teleius,"96,""5350b""",2002-01-01
CZ0424141,Phengaris teleius,"96,""5350c""",2002-01-01
CZ0424141,Phengaris teleius,"96,""5350d""",2002-01-01
CZ0424141,Phengaris teleius,"99,""5251a""",2008-07-26
CZ0424141,Rhinolophus hipposideros,5251a,2026-02-03
CZ0424141,Rhinolophus hipposideros,5350b,2026-02-06
CZ0424141,Rhinolophus hipposideros,5350c,2020-02-10
CZ0424141,Rhinolophus hipposideros,"96,""5350a""",2011-12-21
CZ0424141,Rhinolophus hipposideros,"96,""5350b""",2011-12-21
CZ0424141,Rhinolophus hipposideros,"96,""5350c""",2011-12-21
CZ0424141,Rhinolophus hipposideros,"96,""5350d""",2011-12-21
CZ0424141,Rhinolophus hipposideros,"96,""5351a""",2011-12-21
CZ0424141,Rhinolophus hipposideros,"96,""5351b""",2011-12-21
CZ0424141,Rhinolophus hipposideros,"96,""5351c""",2011-12-21
CZ0424141,Rhinolophus hipposideros,"96,""5351d""",2011-12-21
CZ0424141,Rhodeus amarus,5251c,2022-10-29
CZ0424141,Rhodeus amarus,5350a,2017-05-24
CZ0424141,Rhodeus amarus,5350b,2013-09-11
CZ0424141,Rhodeus amarus,5351a,2011-09-07
CZ0424141,Rhodeus amarus,5451c,2013-09-11
CZ0424141,Romanogobio belingi,5251a,2009-08-24
CZ0424141,Romanogobio belingi,5251c,2011-09-14
CZ0424141,Romanogobio belingi,5350b,2011-09-14
CZ0424141,Romanogobio belingi,5350c,2005-10-04
CZ0424141,Romanogobio belingi,5351a,2011-09-07
CZ0424141,Romanogobio belingi,5450c,2011-09-14
CZ0424141,Rumex sp.,5251a,2018-08-16
CZ0424141,Salmo salar,5251a,2003-11-11
CZ0424141,Salmo salar,5350a,2010-07-21
CZ0424141,Salmo salar,5350c,2003-08-01
CZ0424141,Salmo salar,5351a,2001-09-23
CZ0424141,Salmo trutta,5251a,2013-09-23
CZ0424141,Sanguisorba officinalis,"14,""5450c""",2009-07-08
CZ0424141,Sanguisorba officinalis,5151c,2023-07-25
CZ0424141,Sanguisorba officinalis,5251a,2016-05-27
CZ0424141,Sanguisorba officinalis,5350d,2002-11-11
CZ0424141,Sanguisorba officinalis,5450d,2008-04-30
CZ0424141,Scardinius erythrophthalmus,5251c,2021-09-03
CZ0424141,Scardinius erythrophthalmus,5350b,2011-09-07
CZ0424141,Stipa glabrata,5450a,2010-01-01
CZ0424141,Succisa pratensis,5351a,2012-09-09
CZ0424141,Trichomanes speciosum,5251a,2002-05-02
CZ0424141,Triturus cristatus,"19,""5350d""",2006-08-09
CZ0424141,Unio crassus,5350b,2015-09-14
CZ0424141,Unio crassus,5450d,2019-10-20
CZ0510028,Barbastella barbastellus,5354b,2015-07-05
CZ0510028,Euplagia quadripunctaria,5354b,2024-08-13
CZ0510028,Hipparchia semele,NA,1995-01-01
CZ0510028,Myotis myotis,5354b,2009-08-31
CZ0510028,Ophiogomphus cecilia,5354b,2017-08-18
CZ0510028,Trichomanes speciosum,5354b,2021-05-19
CZ0510164,Myotis bechsteinii,5458c,2015-05-12
CZ0510164,Myotis myotis,5458c,2025-01-17
CZ0510164,Rhinolophus hipposideros,5458c,2025-01-17
CZ0510164,Scardinius erythrophthalmus,5458c,2024-08-01
CZ0510191,Barbastella barbastellus,"05,""5357c""",2015-05-04
CZ0510191,Barbastella barbastellus,"37,""5457a""",2023-06-21
CZ0510191,Barbastella barbastellus,5357c,2025-09-12
CZ0510191,Barbastella barbastellus,5457a,2024-09-07
CZ0510191,Bombina bombina,5357c,2003-04-02
CZ0510191,Canis lupus,5357c,2020-05-03
CZ0510191,Cottus gobio,5357c,2024-07-04
CZ0510191,Cottus gobio,"62,""5357c""",2004-01-01
CZ0510191,Cottus gobio,"66,""5357c""",2004-01-01
CZ0510191,Cypripedium calceolus,5357c,2024-05-14
CZ0510191,Himantoglossum adriaticum,5357c,2016-06-12
CZ0510191,Lampetra planeri,5357c,2015-10-23
CZ0510191,Lampetra planeri,"62,""5357c""",2004-01-01
CZ0510191,Lampetra planeri,"66,""5357c""",2004-01-01
CZ0510191,Lemna trisulca,5357c,2009-08-14
CZ0510191,Lutra lutra,5357c,2020-01-22
CZ0510191,Myotis alcathoe/emarginatus,5357c,2024-08-27
CZ0510191,Myotis bechsteinii,5357c,2025-09-12
CZ0510191,Myotis bechsteinii,"99,""5357c""",2005-01-01
CZ0510191,Myotis emarginatus,5357c,2024-08-08
CZ0510191,Myotis myotis,"05,""5357c""",2015-08-11
CZ0510191,Myotis myotis,5357c,2025-09-12
CZ0510191,Myotis myotis,5457a,2025-01-16
CZ0510191,Myotis myotis,"71,""5457a""",2023-09-03
CZ0510191,Myotis sp.,5457a,2023-01-14
CZ0510191,Phengaris nausithous,"09,""5357c""",2001-01-01
CZ0510191,Phengaris nausithous,5357c,2025-07-19
CZ0510191,Rhinolophus ferrumequinum,5357c,2023-01-14
CZ0510191,Rhinolophus hipposideros,5357c,2025-08-21
CZ0510191,Rhinolophus hipposideros,5457a,2025-01-17
CZ0510191,Rhodeus amarus,"62,""5357c""",2004-01-01
CZ0510191,Salmo trutta,5357c,2024-07-04
CZ0510191,Salmo trutta,"62,""5357c""",2004-01-01
CZ0510191,Salmo trutta,"66,""5357c""",2004-01-01
CZ0510191,Sanguisorba officinalis,5357c,2024-07-18
CZ0510191,Trichomanes speciosum,5357c,2002-11-24
CZ0510191,Trichomanes speciosum,5457a,2021-07-29
CZ0510400,Barbastella barbastellus,5156a,2014-07-25
CZ0510400,Barbastella barbastellus,5156b,2023-01-26
CZ0510400,Barbastella barbastellus,"96,""5156a""",2011-06-21
CZ0510400,Barbastella barbastellus,"96,""5156b""",2011-06-21
CZ0510400,Barbastella barbastellus,"96,""5156c""",2011-06-21
CZ0510400,Barbastella barbastellus,"96,""5156d""",2011-06-21
CZ0510400,Barbastella barbastellus,"96,""5157a""",2011-12-21
CZ0510400,Barbastella barbastellus,"96,""5157b""",2011-12-21
CZ0510400,Barbastella barbastellus,"96,""5157c""",2011-12-21
CZ0510400,Barbastella barbastellus,"96,""5157d""",2011-12-21
CZ0510400,Canis lupus,"11,""5156a""",2025-04-23
CZ0510400,Canis lupus,5156a,2025-06-10
CZ0510400,Canis lupus,5156b,2024-04-09
CZ0510400,Canis lupus,5157a,2020-04-23
CZ0510400,Canis lupus,5157b,2025-12-08
CZ0510400,Canis lupus,"7,""5157a""",2025-03-15
CZ0510400,Canis lupus,"72,""5156b""",2025-01-17
CZ0510400,Canis lupus,"86,""5157b""",2025-03-15
CZ0510400,Cottus gobio,"22,""5156a""",1950-01-01
CZ0510400,Lampetra planeri,5156b,2014-09-26
CZ0510400,Lampetra planeri,5157a,2014-09-26
CZ0510400,Lutra lutra,5156b,2021-02-20
CZ0510400,Lutra lutra,5157a,2018-03-09
CZ0510400,Lutra lutra,5157b,2024-04-09
CZ0510400,Lutra lutra,"53,""5157b""",2005-09-01
CZ0510400,Lutra lutra,"96,""5156a""",2007-01-01
CZ0510400,Lutra lutra,"96,""5156b""",2007-01-01
CZ0510400,Lutra lutra,"96,""5156c""",2007-01-01
CZ0510400,Lutra lutra,"96,""5156d""",2007-01-01
CZ0510400,Lynx lynx,"43,""5156b""",2009-10-16
CZ0510400,Lynx lynx,5156b,2016-04-01
CZ0510400,Lynx lynx,5157a,2018-03-02
CZ0510400,Myotis bechsteinii,5156b,2014-03-22
CZ0510400,Myotis bechsteinii,"96,""5157a""",2011-12-21
CZ0510400,Myotis bechsteinii,"96,""5157b""",2011-12-21
CZ0510400,Myotis bechsteinii,"96,""5157c""",2011-12-21
CZ0510400,Myotis bechsteinii,"96,""5157d""",2011-12-21
CZ0510400,Myotis emarginatus,5156b,2014-04-05
CZ0510400,Myotis myotis,5156b,2023-01-26
CZ0510400,Myotis myotis,"96,""5156a""",2012-06-21
CZ0510400,Myotis myotis,"96,""5156b""",2012-06-21
CZ0510400,Myotis myotis,"96,""5156c""",2012-06-21
CZ0510400,Myotis myotis,"96,""5156d""",2012-06-21
CZ0510400,Myotis myotis,"96,""5157a""",2012-06-21
CZ0510400,Myotis myotis,"96,""5157b""",2012-06-21
CZ0510400,Myotis myotis,"96,""5157c""",2012-06-21
CZ0510400,Myotis myotis,"96,""5157d""",2012-06-21
CZ0510400,Myotis sp.,5157b,2021-02-01
CZ0510400,Phengaris nausithous,5157b,2007-07-01
CZ0510400,Phengaris nausithous,"96,""5157a""",2007-07-01
CZ0510400,Phengaris nausithous,"96,""5157b""",2007-07-01
CZ0510400,Phengaris nausithous,"96,""5157c""",2007-07-01
CZ0510400,Phengaris nausithous,"96,""5157d""",2007-07-01
CZ0510400,Salmo trutta,5156b,2014-09-26
CZ0510400,Salmo trutta,5157a,2014-09-26
CZ0510400,Salmo trutta,5157b,2025-10-18
CZ0510402,Canis lupus,5157d,2023-08-02
CZ0510402,Canis lupus,5158c,2023-01-15
CZ0510402,Hipparchia semele,NA,2004-08-12
CZ0510402,Lampetra planeri,5157d,2014-09-26
CZ0510402,Lutra lutra,5157d,2020-05-08
CZ0510402,Lutra lutra,5158c,2022-10-28
CZ0510402,Lynx lynx,5158c,2012-03-14
CZ0510402,Salmo trutta,5157d,2014-09-26
CZ0510402,Salmo trutta,5158c,2023-06-24
CZ0510403,Hipparchia semele,NA,2004-08-12
CZ0510405,Canis lupus,5158c,2025-06-26
CZ0510405,Lutra lutra,5158c,2012-12-21
CZ0510405,Salmo trutta,5158c,2004-01-01
CZ0510405,Sanguisorba officinalis,5158c,2004-06-22
CZ0510408,Hipparchia semele,NA,2004-08-12
CZ0510412,Canis lupus,5157c,2025-12-18
CZ0510412,Hipparchia semele,NA,2004-08-12
CZ0510412,Lutra lutra,5157c,2018-02-21
CZ0510415,Canis lupus,5157b,2021-03-02
CZ0510415,Canis lupus,5158c,2025-08-13
CZ0510415,Canis lupus,"7,""5158c""",2020-01-17
CZ0510415,Hipparchia semele,NA,2004-08-12
CZ0510415,Lampetra planeri,5157b,2014-10-04
CZ0510415,Lutra lutra,"25,""5157b""",2006-11-26
CZ0510415,Lutra lutra,5157b,2012-06-16
CZ0510415,Lutra lutra,5158c,2022-07-01
CZ0510415,Lycaena dispar,5157b,2015-07-17
CZ0510415,Rumex sp.,5158c,2020-08-13
CZ0510415,Salmo trutta,"25,""5158c""",2004-01-01
CZ0510415,Salmo trutta,5157b,2014-10-04
CZ0510415,Salmo trutta,5158c,2004-01-01
CZ0510415,Salmo trutta,"95,""5258a""",2004-01-01
CZ0510415,Succisa pratensis,"24,""5157b""",2004-07-01
CZ0510415,Succisa pratensis,5158c,2009-10-29
CZ0510441,Cottus gobio,5352a,2021-08-12
CZ0510441,Phengaris nausithous,5352c,2010-08-11
CZ0510441,Phengaris teleius,5352c,2010-07-27
CZ0510441,Sanguisorba officinalis,5352c,2014-05-23
CZ0510508,Ameiurus melas,5253a,2024-07-30
CZ0510508,Ameiurus nebulosus,5253a,2024-07-30
CZ0510508,Euplagia quadripunctaria,5253a,2025-08-07
CZ0510508,Myotis myotis,"21,""5253b""",2006-01-01
CZ0510508,Ophiogomphus cecilia,5253a,2006-07-22
CZ0510508,Sanguisorba officinalis,5253a,2001-07-01
CZ0510509,Barbastella barbastellus,5254a,2022-07-26
CZ0510509,Canis lupus,5254a,2022-08-14
CZ0510509,Dicranum viride,5254a,2022-06-08
CZ0510509,Euplagia quadripunctaria,5254a,2025-08-08
CZ0510509,Myotis myotis,5254a,2022-07-26
CZ0512100,Barbastella barbastellus,5452b,2020-09-12
CZ0512100,Canis lupus,"31,""5452b""",2025-02-22
CZ0512100,Canis lupus,"43,""5452d""",2025-03-04
CZ0512100,Canis lupus,5452b,2023-01-22
CZ0512100,Cucujus cinnaberinus,5452b,2022-04-22
CZ0512100,Lutra lutra,"96,""5452a""",2007-01-01
CZ0512100,Lutra lutra,"96,""5452b""",2007-01-01
CZ0512100,Lutra lutra,"96,""5452c""",2007-01-01
CZ0512100,Lutra lutra,"96,""5452d""",2007-01-01
CZ0512100,Myotis alcathoe/emarginatus,5452b,2020-06-15
CZ0512100,Myotis myotis,"96,""5452a""",2012-06-21
CZ0512100,Myotis myotis,"96,""5452b""",2012-06-21
CZ0512100,Myotis myotis,"96,""5452c""",2012-06-21
CZ0512100,Myotis myotis,"96,""5452d""",2012-06-21
CZ0512100,Myotis sp.,5452b,2020-06-15
CZ0512100,Rhinolophus hipposideros,5452b,2020-06-15
CZ0512100,Trichomanes speciosum,5452b,2025-11-25
CZ0513237,Bombina bombina,"29,""5253c""",2022-06-06
CZ0513237,Bombina bombina,5253c,2025-08-12
CZ0513237,Leucorrhinia pectoralis,5253c,2022-05-31
CZ0513237,Lycaena dispar,5253c,2024-08-16
CZ0513237,Phengaris nausithous,5253c,2024-07-25
CZ0513237,Phengaris teleius,5253c,2024-07-25
CZ0513237,Sanguisorba officinalis,"47,""5353a""",2023-07-28
CZ0513237,Sanguisorba officinalis,5253c,2023-07-28
CZ0513237,Sanguisorba officinalis,"56,""5253c""",2008-05-31
CZ0513237,Sanguisorba officinalis,"61,""5353a""",2008-05-31
CZ0513237,Sanguisorba officinalis,"7,""5353a""",2023-07-28
CZ0513237,Sanguisorba officinalis,"92,""5353a""",2023-07-28
CZ0513237,Succisa pratensis,5253c,2023-07-28
CZ0513237,Triturus cristatus,5253c,2024-05-07
CZ0513238,Bombina bombina,"24,""5252d""",2004-04-16
CZ0513238,Bombina bombina,"38,""5352b""",2025-05-21
CZ0513238,Bombina bombina,5252d,2025-05-21
CZ0513238,Bombina bombina,5352b,2020-06-23
CZ0513238,Bombina bombina,5353a,2019-06-24
CZ0513238,Bombina bombina,"58,""5353a""",2025-05-21
CZ0513238,Bombina bombina,"91,""5252d""",2023-05-20
CZ0513238,Leucorrhinia pectoralis,"06,""5252d""",2005-06-14
CZ0513238,Leucorrhinia pectoralis,5252d,2007-06-15
CZ0513238,Leucorrhinia pectoralis,5352b,2006-07-20
CZ0513238,Leucorrhinia pectoralis,"91,""5252d""",2007-05-15
CZ0513240,Leucorrhinia pectoralis,"11,""5254b""",2021-06-11
CZ0513240,Leucorrhinia pectoralis,5254b,2025-06-20
CZ0513240,Leucorrhinia pectoralis,5255a,2023-06-20
CZ0513240,Leucorrhinia pectoralis,"63,""5255a""",2002-06-01
CZ0513240,Leucorrhinia pectoralis,"81,""5254b""",2003-06-04
CZ0513240,Leucorrhinia pectoralis,"97,""5255a""",2004-06-30
CZ0513240,Triturus cristatus,5254b,2025-04-15
CZ0513240,Triturus cristatus,5255a,2021-04-28
CZ0513244,Bombina bombina,5253c,2025-06-20
CZ0513244,Leucorrhinia pectoralis,5253c,2025-06-20
CZ0513244,Lutra lutra,5253c,2020-10-08
CZ0513244,Sanguisorba officinalis,5253c,2008-08-05
CZ0513244,Succisa pratensis,5253c,2008-08-05
CZ0513244,Triturus cristatus,5253c,2024-05-07
CZ0513249,Triturus cristatus,5252b,2025-08-28
CZ0513251,Cottus gobio,5255b,2023-09-09
CZ0513251,Lutra lutra,5255b,2006-10-24
CZ0513251,Salmo trutta,5255b,2015-10-12
CZ0513254,Lampetra planeri,5256c,2023-08-13
CZ0513254,Lampetra planeri,"55,""5256c""",1950-01-01
CZ0513254,Lampetra planeri,"73,""5256c""",2002-01-01
CZ0513254,Salmo trutta,5256c,2022-10-18
CZ0513255,Euplagia quadripunctaria,5454a,2020-08-13
CZ0513255,Osmoderma barnabita,5454a,2023-07-24
CZ0513255,Rosalia alpina,5454a,2024-07-12
CZ0513255,Rosalia alpina,"81,""5454a""",2009-07-05
CZ0513256,Abramis brama,4956c,2022-05-30
CZ0513256,Castor fiber,4956c,2024-05-31
CZ0513256,Castor fiber,5056a,2024-11-03
CZ0513256,Castor fiber,5056c,2024-05-23
CZ0513256,Cottus gobio,"2,""5056a""",1950-01-01
CZ0513256,Cottus gobio,4956c,2022-10-22
CZ0513256,Cottus gobio,5056a,2023-11-10
CZ0513256,Cottus gobio,5056c,2022-10-22
CZ0513256,Lampetra planeri,"2,""5056a""",2000-01-01
CZ0513256,Lampetra planeri,4956c,2023-09-09
CZ0513256,Lampetra planeri,5056a,2023-09-09
CZ0513256,Lampetra planeri,5056c,2023-09-09
CZ0513256,Lampetra planeri,"81,""5056c""",2000-01-01
CZ0513256,Lemna trisulca,5056a,2014-08-15
CZ0513256,Leuciscus aspius,5056a,2004-01-01
CZ0513256,Leucorrhinia pectoralis,5056a,2015-06-14
CZ0513256,Lutra lutra,4956c,2025-10-23
CZ0513256,Lutra lutra,5056a,2025-06-24
CZ0513256,Lutra lutra,5056c,2025-12-11
CZ0513256,Ophiogomphus cecilia,"12,""5056a""",2000-01-01
CZ0513256,Ophiogomphus cecilia,4956c,2025-07-25
CZ0513256,Ophiogomphus cecilia,5056a,2025-10-23
CZ0513256,Ophiogomphus cecilia,5056c,2025-07-25
CZ0513256,Ophiogomphus cecilia,"77,""5056a""",2003-10-01
CZ0513256,Phengaris nausithous,5056a,2019-08-01
CZ0513256,Salmo trutta,4956c,2022-10-22
CZ0513256,Salmo trutta,5056a,2022-10-22
CZ0513256,Salmo trutta,5056c,2022-10-22
CZ0513256,Sanguisorba officinalis,5056a,2014-08-22
CZ0513256,Sanguisorba officinalis,"95,""5056a""",2014-08-22
CZ0513256,Scardinius erythrophthalmus,5056a,2024-11-04
CZ0513256,Succisa pratensis,5056c,2014-08-09
CZ0513256,Triturus cristatus,5056a,2025-06-07
CZ0513257,Bombina bombina,5252d,2025-05-21
CZ0513257,Leucorrhinia pectoralis,5252d,2020-06-04
CZ0513257,Lutra lutra,5252d,2010-06-18
CZ0513257,Lutra lutra,"68,""5252d""",2020-06-27
CZ0513257,Sanguisorba officinalis,5252d,2008-08-02
CZ0513505,Abramis brama,5251a,2019-04-22
CZ0513505,Barbastella barbastellus,5251d,2023-07-11
CZ0513505,Barbastella barbastellus,5353a,2024-08-31
CZ0513505,Bombina bombina,5252c,2025-07-25
CZ0513505,Bombina bombina,5352b,2025-07-25
CZ0513505,Bombina bombina,5353a,2025-07-24
CZ0513505,Bombina bombina,"97,""5352b""",2025-07-25
CZ0513505,Castor fiber,5251a,2025-06-28
CZ0513505,Castor fiber,5251b,2021-01-18
CZ0513505,Castor fiber,5251d,2025-02-25
CZ0513505,Castor fiber,5353a,2024-04-30
CZ0513505,Cottus gobio,5251a,2022-10-26
CZ0513505,Cottus gobio,5252c,2021-09-07
CZ0513505,Cottus gobio,"67,""5353a""",1950-01-01
CZ0513505,Cucujus cinnaberinus,5251b,2017-03-28
CZ0513505,Euplagia quadripunctaria,5251d,2020-08-04
CZ0513505,Leuciscus aspius,5251a,2022-04-13
CZ0513505,Leuciscus aspius,"66,""5251d""",1950-01-01
CZ0513505,Leucorrhinia pectoralis,5352b,2024-06-24
CZ0513505,Lutra lutra,"49,""5352b""",2008-01-31
CZ0513505,Lutra lutra,5251a,2025-09-08
CZ0513505,Lutra lutra,5251d,2026-01-18
CZ0513505,Lutra lutra,5252c,2005-06-25
CZ0513505,Lutra lutra,5352b,2024-09-17
CZ0513505,Lutra lutra,5353a,2024-01-17
CZ0513505,Lycaena dispar,5251d,2023-07-04
CZ0513505,Lycaena dispar,5252c,2023-06-19
CZ0513505,Lycaena dispar,5352b,2025-06-13
CZ0513505,Lycaena dispar,5353a,2022-07-31
CZ0513505,Ophiogomphus cecilia,"46,""5352b""",2003-09-22
CZ0513505,Ophiogomphus cecilia,5251a,2020-08-09
CZ0513505,Ophiogomphus cecilia,5251d,2020-07-22
CZ0513505,Ophiogomphus cecilia,5252c,2014-08-09
CZ0513505,Ophiogomphus cecilia,5352b,2024-08-24
CZ0513505,Ophiogomphus cecilia,5353a,2006-06-20
CZ0513505,Ophiogomphus cecilia,"6,""5352b""",2002-01-01
CZ0513505,Ophiogomphus cecilia,"69,""5353a""",2003-08-28
CZ0513505,Osmoderma barnabita,5251b,2017-03-28
CZ0513505,Osmoderma barnabita,5352b,2025-07-03
CZ0513505,Phengaris nausithous,"03,""5252d""",2012-08-13
CZ0513505,Phengaris nausithous,"49,""5352b""",2010-07-16
CZ0513505,Phengaris nausithous,5252c,2025-07-26
CZ0513505,Phengaris nausithous,5252d,2012-08-13
CZ0513505,Phengaris nausithous,5352b,2025-08-31
CZ0513505,Phengaris nausithous,5353a,2025-08-31
CZ0513505,Phengaris teleius,"49,""5352b""",2010-07-16
CZ0513505,Phengaris teleius,5252c,2025-07-26
CZ0513505,Phengaris teleius,5252d,2012-08-13
CZ0513505,Phengaris teleius,5352b,2025-07-20
CZ0513505,Phengaris teleius,5353a,2025-08-13
CZ0513505,Rumex sp.,5352b,2015-06-11
CZ0513505,Salmo salar,5251a,2023-10-22
CZ0513505,Salmo salar,5251d,2023-10-22
CZ0513505,Salmo salar,5252c,2023-10-22
CZ0513505,Salmo salar,5252d,2021-11-21
CZ0513505,Salmo salar,5352b,2023-10-22
CZ0513505,Salmo salar,5353a,2022-10-16
CZ0513505,Salmo trutta,5352b,2011-01-01
CZ0513505,Sanguisorba officinalis,"25,""5352b""",2006-08-17
CZ0513505,Sanguisorba officinalis,5252c,2017-08-23
CZ0513505,Sanguisorba officinalis,5252d,2006-08-18
CZ0513505,Sanguisorba officinalis,5352b,2018-06-16
CZ0513505,Sanguisorba officinalis,"61,""5252d""",2006-08-17
CZ0513505,Sanguisorba officinalis,"75,""5252d""",2003-05-20
CZ0513505,Scardinius erythrophthalmus,5251a,2021-09-03
CZ0513505,Succisa pratensis,5352b,2014-09-30
CZ0513505,Triturus cristatus,5353a,2024-05-07
CZ0513505,Vertigo angustior,5251d,2007-04-15
CZ0513506,Abramis brama,5353a,2011-01-01
CZ0513506,Abramis brama,5353b,2017-09-28
CZ0513506,Ameiurus nebulosus,5353b,2024-08-17
CZ0513506,Barbastella barbastellus,5353a,2022-06-24
CZ0513506,Barbastella barbastellus,5354c,2017-07-31
CZ0513506,Barbastella barbastellus,"91,""5354c""",2018-09-10
CZ0513506,Blicca bjoerkna,5353b,2022-09-06
CZ0513506,Blicca bjoerkna,5354a,2004-01-01
CZ0513506,Blicca bjoerkna,5354c,2020-10-24
CZ0513506,Bombina bombina,5353a,2013-06-11
CZ0513506,Canis lupus,"15,""5354c""",2024-01-19
CZ0513506,Canis lupus,5354c,2026-02-05
CZ0513506,Canis lupus,5354d,2018-02-01
CZ0513506,Castor fiber,5353a,2019-04-08
CZ0513506,Castor fiber,5353b,2022-09-06
CZ0513506,Castor fiber,5353d,2024-04-25
CZ0513506,Castor fiber,5354c,2026-02-05
CZ0513506,Cottus gobio,5353b,2023-08-31
CZ0513506,Cottus gobio,5353d,2023-08-31
CZ0513506,Cottus gobio,5354c,2023-08-31
CZ0513506,Cottus gobio,"67,""5353a""",1950-01-01
CZ0513506,Cucujus cinnaberinus,5353b,2022-03-21
CZ0513506,Euplagia quadripunctaria,5353d,2019-08-01
CZ0513506,Euplagia quadripunctaria,5354a,2008-08-07
CZ0513506,Euplagia quadripunctaria,"74,""5354c""",2007-05-01
CZ0513506,Euplagia quadripunctaria,"99,""5354a""",2001-06-27
CZ0513506,Graphoderus bilineatus,5354c,2022-09-25
CZ0513506,Hamatocaulis vernicosus,"91,""5354c""",2001-01-01
CZ0513506,Hipparchia semele,NA,1995-01-01
CZ0513506,Lampetra planeri,5254d,2016-06-21
CZ0513506,Lampetra planeri,5255c,2014-09-14
CZ0513506,Lampetra planeri,5353b,2015-07-21
CZ0513506,Lampetra planeri,5353d,2004-01-01
CZ0513506,Lampetra planeri,5354c,2015-09-12
CZ0513506,Lampetra planeri,"78,""5254b""",2000-01-01
CZ0513506,Lemna trisulca,"03,""5353b""",2002-06-01
CZ0513506,Lemna trisulca,5353b,2023-05-12
CZ0513506,Lemna trisulca,5354c,2020-05-01
CZ0513506,Lemna trisulca,5354d,2020-05-01
CZ0513506,Lemna trisulca,"97,""5354c""",2020-05-01
CZ0513506,Lemna trisulca,"99,""5353d""",2012-07-29
CZ0513506,Leuciscus aspius,5353d,2004-01-01
CZ0513506,Leuciscus aspius,"66,""5251d""",1950-01-01
CZ0513506,Leucorrhinia pectoralis,"4,""5354c""",2004-07-07
CZ0513506,Leucorrhinia pectoralis,5354c,2025-06-17
CZ0513506,Leucorrhinia pectoralis,5354d,2006-07-20
CZ0513506,Leucorrhinia pectoralis,"74,""5354c""",2007-05-11
CZ0513506,Lutra lutra,"01,""5353b""",2016-04-02
CZ0513506,Lutra lutra,"33,""5354a""",2016-02-10
CZ0513506,Lutra lutra,5254a,2015-05-15
CZ0513506,Lutra lutra,5254c,2015-05-15
CZ0513506,Lutra lutra,5254d,2019-05-15
CZ0513506,Lutra lutra,5255c,2015-05-15
CZ0513506,Lutra lutra,5353a,2018-05-20
CZ0513506,Lutra lutra,5353b,2022-04-22
CZ0513506,Lutra lutra,5354a,2019-01-28
CZ0513506,Lutra lutra,5354b,2006-10-21
CZ0513506,Lutra lutra,5354c,2026-02-05
CZ0513506,Lutra lutra,"61,""5254c""",2015-05-15
CZ0513506,Lutra lutra,"99,""5254b""",2016-02-10
CZ0513506,Lycaena dispar,"34,""5353b""",2010-07-14
CZ0513506,Lycaena dispar,5353b,2018-08-16
CZ0513506,Lycaena dispar,5354a,2021-06-21
CZ0513506,Lycaena dispar,5354c,2018-07-19
CZ0513506,Myotis myotis,5353b,2022-06-19
CZ0513506,Myotis myotis,5354c,2022-08-09
CZ0513506,Myotis myotis,"91,""5354c""",2018-09-10
CZ0513506,Myotis sp.,5354c,2017-07-31
CZ0513506,Ophiogomphus cecilia,"23,""5353b""",2002-01-01
CZ0513506,Ophiogomphus cecilia,"27,""5254b""",2000-01-01
CZ0513506,Ophiogomphus cecilia,"27,""5354c""",2011-08-12
CZ0513506,Ophiogomphus cecilia,"28,""5254a""",2023-06-29
CZ0513506,Ophiogomphus cecilia,"29,""5354c""",2003-10-18
CZ0513506,Ophiogomphus cecilia,"33,""5354a""",2016-02-10
CZ0513506,Ophiogomphus cecilia,"34,""5354a""",2003-09-03
CZ0513506,Ophiogomphus cecilia,"46,""5352b""",2003-09-22
CZ0513506,Ophiogomphus cecilia,5254a,2016-07-26
CZ0513506,Ophiogomphus cecilia,5254b,2023-06-29
CZ0513506,Ophiogomphus cecilia,5254c,2023-06-30
CZ0513506,Ophiogomphus cecilia,5254d,2025-08-06
CZ0513506,Ophiogomphus cecilia,5353a,2025-06-20
CZ0513506,Ophiogomphus cecilia,5353b,2024-09-06
CZ0513506,Ophiogomphus cecilia,5353d,2022-07-01
CZ0513506,Ophiogomphus cecilia,5354a,2023-08-10
CZ0513506,Ophiogomphus cecilia,5354b,2024-08-13
CZ0513506,Ophiogomphus cecilia,5354c,2024-08-27
CZ0513506,Ophiogomphus cecilia,"6,""5352b""",2002-01-01
CZ0513506,Ophiogomphus cecilia,"6,""5354c""",2003-09-01
CZ0513506,Ophiogomphus cecilia,"69,""5353a""",2003-08-28
CZ0513506,Ophiogomphus cecilia,"69,""5353b""",2001-07-28
CZ0513506,Ophiogomphus cecilia,"74,""5354c""",2007-05-11
CZ0513506,Ophiogomphus cecilia,"8,""5353b""",2011-08-26
CZ0513506,Ophiogomphus cecilia,"84,""5354c""",2025-07-14
CZ0513506,Ophiogomphus cecilia,"92,""5353b""",2003-08-29
CZ0513506,Ophiogomphus cecilia,"92,""5353d""",2002-01-01
CZ0513506,Phengaris nausithous,"01,""5353b""",2007-07-26
CZ0513506,Phengaris nausithous,"01,""5354a""",2012-07-27
CZ0513506,Phengaris nausithous,"34,""5353b""",2012-07-27
CZ0513506,Phengaris nausithous,5254c,2019-08-16
CZ0513506,Phengaris nausithous,5254d,2025-08-14
CZ0513506,Phengaris nausithous,5353a,2023-08-13
CZ0513506,Phengaris nausithous,5353b,2022-07-28
CZ0513506,Phengaris nausithous,5354a,2025-07-22
CZ0513506,Phengaris nausithous,5354c,2023-07-27
CZ0513506,Phengaris nausithous,"68,""5354c""",2001-06-28
CZ0513506,Phengaris teleius,"34,""5353b""",2012-07-27
CZ0513506,Phengaris teleius,5254d,2025-08-06
CZ0513506,Phengaris teleius,5353a,2023-07-25
CZ0513506,Phengaris teleius,5353b,2022-07-28
CZ0513506,Phengaris teleius,5354a,2007-07-19
CZ0513506,Phengaris teleius,5354c,2023-07-27
CZ0513506,Phengaris teleius,"69,""5353b""",2004-08-07
CZ0513506,Salmo salar,5254c,2023-10-15
CZ0513506,Salmo salar,5254d,2021-11-21
CZ0513506,Salmo salar,5255c,2021-10-16
CZ0513506,Salmo salar,5353a,2023-10-08
CZ0513506,Salmo salar,5353b,2023-10-08
CZ0513506,Salmo salar,5353d,2023-10-08
CZ0513506,Salmo salar,5354a,2023-10-15
CZ0513506,Salmo salar,5354c,2023-10-15
CZ0513506,Salmo trutta,5254d,2016-06-21
CZ0513506,Salmo trutta,5255c,2015-09-13
CZ0513506,Salmo trutta,5353a,2011-01-01
CZ0513506,Salmo trutta,5353d,2004-01-01
CZ0513506,Salmo trutta,5354a,2020-06-24
CZ0513506,Sanguisorba officinalis,"12,""5353b""",2008-08-20
CZ0513506,Sanguisorba officinalis,5254c,2009-07-27
CZ0513506,Sanguisorba officinalis,5255c,2002-05-01
CZ0513506,Sanguisorba officinalis,5353a,2023-05-12
CZ0513506,Sanguisorba officinalis,5353b,2023-08-25
CZ0513506,Sanguisorba officinalis,5353d,2012-07-30
CZ0513506,Sanguisorba officinalis,5354a,2024-05-10
CZ0513506,Sanguisorba officinalis,5354b,2020-08-11
CZ0513506,Sanguisorba officinalis,5354c,2024-08-27
CZ0513506,Sanguisorba officinalis,"55,""5353d""",2012-07-30
CZ0513506,Sanguisorba officinalis,"98,""5353d""",2012-07-29
CZ0513506,Scardinius erythrophthalmus,5353b,2022-09-06
CZ0513506,Scardinius erythrophthalmus,5354c,2024-09-29
CZ0513506,Succisa pratensis,5254c,2009-07-27
CZ0513506,Succisa pratensis,5353b,2018-08-16
CZ0513506,Succisa pratensis,5354c,2012-07-31
CZ0513506,Triturus cristatus,5354c,2014-06-09
CZ0513506,Triturus cristatus,"98,""5354c""",2014-06-09
CZ0513506,Vertigo angustior,5354c,2012-11-10
CZ0513506,Vertigo moulinsiana,5354c,2023-11-24
CZ0513508,Ameiurus melas,5353c,2025-09-27
CZ0513508,Osmoderma barnabita,5353c,2025-08-30
CZ0513509,Cottus gobio,5153d,2022-08-16
CZ0513509,Cottus gobio,5154c,2022-08-17
CZ0513509,Cottus gobio,5254a,2022-10-25
CZ0513509,Lampetra planeri,"44,""5154c""",2000-01-01
CZ0513509,Lampetra planeri,5153d,2022-08-16
CZ0513509,Lampetra planeri,5154c,2022-08-17
CZ0513509,Lampetra planeri,5254a,2023-11-02
CZ0513509,Lampetra planeri,"71,""5254a""",2000-01-01
CZ0513509,Lutra lutra,5253b,2024-04-23
CZ0513509,Lutra lutra,5254a,2024-04-23
CZ0513509,Ophiogomphus cecilia,"21,""5253d""",2000-01-01
CZ0513509,Ophiogomphus cecilia,5253b,2023-07-13
CZ0513509,Salmo trutta,5153d,2022-08-16
CZ0513509,Salmo trutta,5154c,2022-08-17
CZ0513509,Salmo trutta,5254a,2022-10-23
CZ0513657,Lutra lutra,5157d,2014-12-18
CZ0513657,Myotis myotis,5157d,2025-02-03
CZ0513658,Myotis myotis,5355b,2022-06-15
CZ0513659,Myotis myotis,5453b,2018-06-08
CZ0513659,Rhinolophus hipposideros,5453b,2014-06-20
CZ0513662,Barbastella barbastellus,5254b,2025-02-10
CZ0513662,Myotis emarginatus,5254b,2015-02-24
CZ0513662,Myotis myotis,5254b,2025-02-10
CZ0513662,Myotis sp.,5254b,2015-02-24
CZ0513662,Rhinolophus hipposideros,5254b,2025-06-27
CZ0513663,Myotis emarginatus,5457c,2022-07-05
CZ0513663,Myotis myotis,5457c,2020-07-11
CZ0513663,Rhinolophus hipposideros,5457c,2022-07-05
CZ0513665,Barbastella barbastellus,5253c,2022-01-28
CZ0513665,Myotis myotis,5253c,2022-01-28
CZ0513665,Rhinolophus hipposideros,5253c,2022-01-28
CZ0513666,Rhinolophus hipposideros,5457c,2005-07-11
CZ0513668,Myotis myotis,5255a,2014-08-06
CZ0514041,Ameiurus melas,5153d,2024-07-31
CZ0514041,Ameiurus nebulosus,5153d,2024-07-31
CZ0514041,Barbastella barbastellus,5153d,2024-02-02
CZ0514041,Canis lupus,5153d,2022-01-26
CZ0514041,Myotis bechsteinii,5153d,2004-09-03
CZ0514041,Myotis emarginatus,5153d,2020-09-04
CZ0514041,Myotis myotis,5153d,2025-01-31
CZ0514041,Myotis sp.,5153d,2012-01-27
CZ0514041,Ophiogomphus cecilia,5153d,2006-08-10
CZ0514041,Rhinolophus hipposideros,5153d,2025-01-31
CZ0514042,Abramis brama,5353d,2024-09-26
CZ0514042,Abramis brama,5453b,2024-09-26
CZ0514042,Aldrovanda vesiculosa,5454a,2024-07-25
CZ0514042,Ameiurus melas,5353d,2024-09-26
CZ0514042,Ameiurus nebulosus,5353c,2014-10-21
CZ0514042,Ameiurus nebulosus,5453b,2024-09-26
CZ0514042,Barbastella barbastellus,5353c,2022-09-16
CZ0514042,Barbastella barbastellus,5353d,2020-08-09
CZ0514042,Barbastella barbastellus,5354c,2017-08-26
CZ0514042,Barbastella barbastellus,5453b,2017-07-31
CZ0514042,Barbastella barbastellus,"84,""5353c""",2003-08-25
CZ0514042,Blicca bjoerkna,5353c,2014-10-21
CZ0514042,Blicca bjoerkna,5353d,2024-09-26
CZ0514042,Blicca bjoerkna,5453b,2024-09-26
CZ0514042,Bombina bombina,5353d,2005-05-11
CZ0514042,Bombina bombina,"93,""5353d""",2003-04-27
CZ0514042,Canis lupus,"01,""5354c""",2024-01-19
CZ0514042,Canis lupus,"15,""5454a""",2016-01-01
CZ0514042,Canis lupus,"29,""5354d""",2025-03-03
CZ0514042,Canis lupus,"33,""5354c""",2025-02-24
CZ0514042,Canis lupus,"37,""5454a""",2025-03-10
CZ0514042,Canis lupus,5353c,2018-09-06
CZ0514042,Canis lupus,5353d,2026-01-14
CZ0514042,Canis lupus,5354c,2025-01-14
CZ0514042,Canis lupus,5453b,2016-12-29
CZ0514042,Canis lupus,5454a,2026-01-27
CZ0514042,Canis lupus,"57,""5454a""",2024-01-19
CZ0514042,Canis lupus,"73,""5454a""",2015-02-05
CZ0514042,Canis lupus,"75,""5454b""",2025-04-08
CZ0514042,Canis lupus,"79,""5353d""",2025-01-14
CZ0514042,Castor fiber,5353d,2022-01-24
CZ0514042,Cottus gobio,5353c,2023-09-11
CZ0514042,Cottus gobio,5353d,2023-10-11
CZ0514042,Cottus gobio,5454a,2023-09-11
CZ0514042,Cypripedium calceolus,5353d,2023-06-05
CZ0514042,Epidalea calamita,5353d,2005-05-11
CZ0514042,Euplagia quadripunctaria,5353d,2019-08-01
CZ0514042,Euplagia quadripunctaria,5454a,2022-07-30
CZ0514042,Graphoderus bilineatus,5453b,2022-08-03
CZ0514042,Graphoderus bilineatus,5454a,2021-06-01
CZ0514042,Hamatocaulis vernicosus,"01,""5454a""",2013-04-27
CZ0514042,Hamatocaulis vernicosus,"15,""5454a""",2025-09-25
CZ0514042,Hamatocaulis vernicosus,5353c,2014-07-01
CZ0514042,Hamatocaulis vernicosus,5353d,2022-09-27
CZ0514042,Hamatocaulis vernicosus,5454a,2019-11-05
CZ0514042,Hamatocaulis vernicosus,"78,""5353d""",2001-01-01
CZ0514042,Hamatocaulis vernicosus,"84,""5353c""",2025-09-25
CZ0514042,Hipparchia semele,NA,1995-01-01
CZ0514042,Lemna trisulca,5353b,2002-06-01
CZ0514042,Lemna trisulca,5353c,2020-08-02
CZ0514042,Lemna trisulca,5353d,2022-09-15
CZ0514042,Lemna trisulca,5454a,2013-01-01
CZ0514042,Leucorrhinia pectoralis,"06,""5453b""",2005-07-12
CZ0514042,Leucorrhinia pectoralis,"22,""5454a""",2003-06-03
CZ0514042,Leucorrhinia pectoralis,5353c,2021-06-02
CZ0514042,Leucorrhinia pectoralis,5353d,2008-06-23
CZ0514042,Leucorrhinia pectoralis,5354c,2015-04-24
CZ0514042,Leucorrhinia pectoralis,5453b,2022-08-26
CZ0514042,Leucorrhinia pectoralis,5454a,2023-06-22
CZ0514042,Leucorrhinia pectoralis,"84,""5353c""",2005-07-13
CZ0514042,Leucorrhinia pectoralis,"87,""5454a""",2005-07-12
CZ0514042,Leucorrhinia pectoralis,"91,""5353d""",2007-04-27
CZ0514042,Ligularia sibirica,"38,""5353d""",2001-05-01
CZ0514042,Ligularia sibirica,5353d,2025-10-21
CZ0514042,Liparis loeselii,"06,""5453b""",2015-05-29
CZ0514042,Liparis loeselii,"13,""5453b""",2003-01-01
CZ0514042,Liparis loeselii,"14,""5353d""",2001-01-01
CZ0514042,Liparis loeselii,"15,""5454a""",2003-01-01
CZ0514042,Liparis loeselii,"38,""5353d""",2001-05-01
CZ0514042,Liparis loeselii,"42,""5353c""",2003-01-01
CZ0514042,Liparis loeselii,5353d,2025-06-23
CZ0514042,Liparis loeselii,5453b,2024-08-29
CZ0514042,Liparis loeselii,5454a,2024-07-25
CZ0514042,Liparis loeselii,"93,""5453b""",2015-06-30
CZ0514042,Liparis loeselii,"96,""5353d""",2021-04-26
CZ0514042,Lutra lutra,5353c,2017-02-05
CZ0514042,Lutra lutra,5353d,2016-10-19
CZ0514042,Lutra lutra,5453b,2023-02-27
CZ0514042,Lutra lutra,5454a,2022-10-30
CZ0514042,Lutra lutra,"93,""5353d""",2005-02-20
CZ0514042,Lutra lutra,"96,""5454a""",2007-01-01
CZ0514042,Lutra lutra,"96,""5454b""",2007-01-01
CZ0514042,Lutra lutra,"96,""5454c""",2007-01-01
CZ0514042,Lutra lutra,"96,""5454d""",2007-01-01
CZ0514042,Lycaena dispar,5353d,2019-08-01
CZ0514042,Lycaena dispar,"81,""5353d""",2019-07-24
CZ0514042,Myotis alcathoe/emarginatus,"03,""5453b""",2020-08-09
CZ0514042,Myotis alcathoe/emarginatus,5353c,2022-09-16
CZ0514042,Myotis alcathoe/emarginatus,5353d,2020-04-23
CZ0514042,Myotis alcathoe/emarginatus,5354c,2017-06-20
CZ0514042,Myotis alcathoe/emarginatus,5454a,2017-07-31
CZ0514042,Myotis bechsteinii,"09,""5354c""",2014-05-06
CZ0514042,Myotis bechsteinii,5454a,2014-06-30
CZ0514042,Myotis bechsteinii,"73,""5454a""",2005-01-01
CZ0514042,Myotis bechsteinii,"96,""5454a""",2011-06-21
CZ0514042,Myotis bechsteinii,"96,""5454b""",2011-06-21
CZ0514042,Myotis bechsteinii,"96,""5454c""",2011-06-21
CZ0514042,Myotis bechsteinii,"96,""5454d""",2011-06-21
CZ0514042,Myotis emarginatus,5353c,2022-07-19
CZ0514042,Myotis emarginatus,"96,""5454a""",2011-12-21
CZ0514042,Myotis emarginatus,"96,""5454b""",2011-12-21
CZ0514042,Myotis emarginatus,"96,""5454c""",2011-12-21
CZ0514042,Myotis emarginatus,"96,""5454d""",2011-12-21
CZ0514042,Myotis myotis,"03,""5453b""",2020-08-09
CZ0514042,Myotis myotis,5353c,2011-08-26
CZ0514042,Myotis myotis,5353d,2020-08-09
CZ0514042,Myotis myotis,5354c,2017-06-20
CZ0514042,Myotis myotis,5453b,2014-09-08
CZ0514042,Myotis myotis,5454a,2017-07-31
CZ0514042,Myotis myotis,"84,""5353c""",2003-08-25
CZ0514042,Myotis myotis,"96,""5353a""",2012-06-21
CZ0514042,Myotis myotis,"96,""5353b""",2012-06-21
CZ0514042,Myotis myotis,"96,""5353c""",2012-06-21
CZ0514042,Myotis myotis,"96,""5353d""",2012-06-21
CZ0514042,Myotis myotis,"96,""5454a""",2012-06-21
CZ0514042,Myotis myotis,"96,""5454b""",2012-06-21
CZ0514042,Myotis myotis,"96,""5454c""",2012-06-21
CZ0514042,Myotis myotis,"96,""5454d""",2012-06-21
CZ0514042,Myotis myotis,"99,""5353c""",2011-08-26
CZ0514042,Myotis myotis,"99,""5453b""",2014-08-11
CZ0514042,Myotis myotis,"99,""5454a""",2013-09-11
CZ0514042,Myotis sp.,5354c,2017-07-31
CZ0514042,Ophiogomphus cecilia,"11,""5353c""",2000-01-01
CZ0514042,Ophiogomphus cecilia,5353b,2005-07-03
CZ0514042,Ophiogomphus cecilia,5353c,2003-06-24
CZ0514042,Ophiogomphus cecilia,5353d,2021-07-16
CZ0514042,Ophiogomphus cecilia,5354c,2023-06-22
CZ0514042,Ophiogomphus cecilia,5453b,2012-09-11
CZ0514042,Ophiogomphus cecilia,5454a,2022-07-31
CZ0514042,Ophiogomphus cecilia,5454b,2018-07-19
CZ0514042,Ophiogomphus cecilia,"84,""5354c""",2025-07-14
CZ0514042,Osmoderma barnabita,"08,""5453b""",2009-08-01
CZ0514042,Osmoderma barnabita,"15,""5454a""",2008-07-31
CZ0514042,Osmoderma barnabita,"35,""5453b""",2001-01-01
CZ0514042,Osmoderma barnabita,5353c,2021-06-30
CZ0514042,Osmoderma barnabita,5354c,2014-07-13
CZ0514042,Osmoderma barnabita,5453b,2019-11-27
CZ0514042,Osmoderma barnabita,5454a,2021-07-30
CZ0514042,Osmoderma barnabita,5454b,2017-05-07
CZ0514042,Osmoderma barnabita,"59,""5454b""",2023-06-27
CZ0514042,Osmoderma barnabita,"64,""5354c""",2022-11-29
CZ0514042,Phengaris nausithous,5353c,2021-07-23
CZ0514042,Phengaris nausithous,5353d,2022-07-15
CZ0514042,Phengaris nausithous,5453b,2019-07-26
CZ0514042,Phengaris nausithous,5454a,2020-08-20
CZ0514042,Phengaris nausithous,"93,""5353d""",2005-08-18
CZ0514042,Phengaris nausithous,"96,""5353a""",2005-08-18
CZ0514042,Phengaris nausithous,"96,""5353b""",2005-08-18
CZ0514042,Phengaris nausithous,"96,""5353c""",2005-08-18
CZ0514042,Phengaris nausithous,"96,""5353d""",2005-08-18
CZ0514042,Phengaris teleius,"06,""5353c""",1995-01-01
CZ0514042,Phengaris teleius,5353b,2018-07-24
CZ0514042,Phengaris teleius,5353c,2021-07-23
CZ0514042,Phengaris teleius,5353d,2023-07-11
CZ0514042,Phengaris teleius,5454a,2020-08-05
CZ0514042,Phengaris teleius,"81,""5353d""",2019-07-24
CZ0514042,Phengaris teleius,"93,""5353d""",2003-06-14
CZ0514042,Phengaris teleius,"96,""5353a""",2005-07-19
CZ0514042,Phengaris teleius,"96,""5353b""",2005-07-19
CZ0514042,Phengaris teleius,"96,""5353c""",2005-07-19
CZ0514042,Phengaris teleius,"96,""5353d""",2005-07-19
CZ0514042,Pulsatilla patens,5353d,2024-04-04
CZ0514042,Pulsatilla patens,5354c,2025-04-08
CZ0514042,Rhinolophus hipposideros,"96,""5353a""",2012-06-21
CZ0514042,Rhinolophus hipposideros,"96,""5353b""",2012-06-21
CZ0514042,Rhinolophus hipposideros,"96,""5353c""",2012-06-21
CZ0514042,Rhinolophus hipposideros,"96,""5353d""",2012-06-21
CZ0514042,Rhinolophus hipposideros,"96,""5454a""",2011-12-21
CZ0514042,Rhinolophus hipposideros,"96,""5454b""",2011-12-21
CZ0514042,Rhinolophus hipposideros,"96,""5454c""",2011-12-21
CZ0514042,Rhinolophus hipposideros,"96,""5454d""",2011-12-21
CZ0514042,Rosalia alpina,5354c,2015-06-29
CZ0514042,Rosalia alpina,5453b,2015-06-29
CZ0514042,Rosalia alpina,5454a,2023-07-23
CZ0514042,Rosalia alpina,5454b,2024-06-30
CZ0514042,Rumex sp.,5353c,2015-06-10
CZ0514042,Rumex sp.,5353d,2015-07-24
CZ0514042,Rumex sp.,5453b,2013-05-20
CZ0514042,Rumex sp.,5454a,2019-10-14
CZ0514042,Sanguisorba officinalis,"01,""5454a""",2013-01-01
CZ0514042,Sanguisorba officinalis,"06,""5453b""",2015-05-29
CZ0514042,Sanguisorba officinalis,"18,""5453b""",2015-06-30
CZ0514042,Sanguisorba officinalis,"39,""5353d""",2015-07-20
CZ0514042,Sanguisorba officinalis,"52,""5453b""",2015-07-09
CZ0514042,Sanguisorba officinalis,5353b,2017-08-31
CZ0514042,Sanguisorba officinalis,5353c,2020-07-28
CZ0514042,Sanguisorba officinalis,5353d,2022-07-19
CZ0514042,Sanguisorba officinalis,5354c,2012-07-30
CZ0514042,Sanguisorba officinalis,5454a,2015-05-30
CZ0514042,Sanguisorba officinalis,"83,""5353d""",2021-04-26
CZ0514042,Sanguisorba officinalis,"93,""5453b""",2015-06-30
CZ0514042,Sanguisorba officinalis,"96,""5353d""",2021-04-26
CZ0514042,Scardinius erythrophthalmus,5353c,2023-05-03
CZ0514042,Scardinius erythrophthalmus,5353d,2002-01-01
CZ0514042,Scardinius erythrophthalmus,5454a,2025-10-30
CZ0514042,Succisa pratensis,"06,""5453b""",2015-05-29
CZ0514042,Succisa pratensis,5353c,2015-05-29
CZ0514042,Succisa pratensis,5353d,2022-07-24
CZ0514042,Succisa pratensis,"83,""5353d""",2021-04-26
CZ0514042,Succisa pratensis,"96,""5353d""",2021-04-26
CZ0514042,Trichomanes speciosum,"06,""5454b""",2018-09-23
CZ0514042,Trichomanes speciosum,5353d,2016-02-06
CZ0514042,Trichomanes speciosum,5354c,2022-05-20
CZ0514042,Trichomanes speciosum,5453b,2008-03-08
CZ0514042,Trichomanes speciosum,5454a,2021-10-14
CZ0514042,Triturus cristatus,5453b,2019-08-27
CZ0514042,Vertigo angustior,5353d,2016-11-25
CZ0514042,Vertigo angustior,5454a,2022-07-09
CZ0514042,Vertigo moulinsiana,5353c,2020-10-26
CZ0514042,Vertigo moulinsiana,5353d,2024-11-21
CZ0514042,Vertigo moulinsiana,5453b,2016-11-25
CZ0514042,Vertigo moulinsiana,5454a,2023-09-07
CZ0514113,Ameiurus nebulosus,5457a,2020-08-28
CZ0514113,Ameiurus nebulosus,5457c,2025-11-14
CZ0514113,Ameiurus nebulosus,5557a,2014-10-26
CZ0514113,Barbastella barbastellus,5457a,2020-09-20
CZ0514113,Barbastella barbastellus,5457c,2020-09-14
CZ0514113,Bombina bombina,5456d,2001-05-01
CZ0514113,Bombina bombina,5457c,2025-05-01
CZ0514113,Bombina bombina,5557a,2001-05-01
CZ0514113,Canis lupus,5457c,2024-12-29
CZ0514113,Cobitis elongatoides,5457c,2025-11-14
CZ0514113,Cobitis sp.,5457c,2023-10-23
CZ0514113,Cucujus cinnaberinus,5457a,2021-07-11
CZ0514113,Cucujus cinnaberinus,5457c,2022-08-30
CZ0514113,Hamatocaulis vernicosus,"23,""5457c""",2013-10-07
CZ0514113,Hamatocaulis vernicosus,5457c,2025-09-28
CZ0514113,Lampetra planeri,5457c,2000-01-01
CZ0514113,Lemna trisulca,5457c,2011-06-16
CZ0514113,Leuciscus aspius,5457c,2022-08-29
CZ0514113,Liparis loeselii,5457c,2025-06-12
CZ0514113,Lutra lutra,5457c,2025-11-13
CZ0514113,Myotis alcathoe/emarginatus,5457a,2020-09-14
CZ0514113,Myotis alcathoe/emarginatus,5457c,2020-09-21
CZ0514113,Myotis emarginatus,5457a,2020-01-11
CZ0514113,Myotis emarginatus,5457c,2020-07-11
CZ0514113,Myotis emarginatus,"99,""5457c""",2012-08-06
CZ0514113,Myotis myotis,5456d,2020-07-26
CZ0514113,Myotis myotis,5457a,2020-09-20
CZ0514113,Myotis myotis,5457c,2020-09-21
CZ0514113,Myotis myotis,"99,""5457c""",2012-08-06
CZ0514113,Myotis sp.,5457a,2020-09-17
CZ0514113,Myotis sp.,5457c,2020-09-21
CZ0514113,Phengaris nausithous,"23,""5457c""",2009-07-22
CZ0514113,Phengaris nausithous,5457c,2022-07-23
CZ0514113,Phengaris teleius,5457c,2022-07-23
CZ0514113,Rhinolophus hipposideros,5457a,2021-01-07
CZ0514113,Rhinolophus hipposideros,5457c,2025-07-10
CZ0514113,Rhinolophus hipposideros,"72,""5457c""",2007-07-01
CZ0514113,Rhinolophus hipposideros,"99,""5457c""",2015-05-02
CZ0514113,Sanguisorba officinalis,5456d,2021-08-26
CZ0514113,Sanguisorba officinalis,5457c,2022-08-04
CZ0514113,Sanguisorba officinalis,"74,""5457c""",2018-04-09
CZ0514113,Scardinius erythrophthalmus,5457c,2024-11-15
CZ0514113,Succisa pratensis,5457c,2025-07-15
CZ0514113,Trichomanes speciosum,"07,""5457c""",2020-09-18
CZ0514113,Trichomanes speciosum,5456d,2013-10-08
CZ0514113,Trichomanes speciosum,5457a,2012-09-16
CZ0514113,Trichomanes speciosum,5457c,2018-06-29
CZ0514113,Trichomanes speciosum,5557a,2006-09-20
CZ0514113,Triturus cristatus,5457c,2025-04-23
CZ0514243,Barbastella barbastellus,5454c,2024-07-03
CZ0514243,Euplagia quadripunctaria,5454c,2018-08-07
CZ0514243,Myotis bechsteinii,5454c,2025-08-27
CZ0514243,Myotis emarginatus,5454c,2025-08-27
CZ0514243,Myotis myotis,5454c,2025-08-27
CZ0514243,Ophiogomphus cecilia,5454c,2006-07-26
CZ0514243,Osmoderma barnabita,5454c,2020-07-25
CZ0514243,Rhinolophus hipposideros,5454c,2025-08-27
CZ0514243,Rosalia alpina,5454c,2025-07-15
CZ0514667,Barbastella barbastellus,5255a,2005-12-30
CZ0514667,Myotis emarginatus,5255a,2024-02-01
CZ0514667,Myotis myotis,5255a,2025-02-05
CZ0514667,Rhinolophus hipposideros,5255a,2025-02-05
CZ0514668,Barbastella barbastellus,5256c,2019-08-09
CZ0514668,Lycaena dispar,"59,""5256c""",2009-07-04
CZ0514668,Myotis bechsteinii,5255d,2019-08-22
CZ0514668,Myotis bechsteinii,5256c,2019-08-30
CZ0514668,Myotis emarginatus,5255d,2019-08-22
CZ0514668,Myotis myotis,"43,""5255d""",2019-06-09
CZ0514668,Myotis myotis,"51,""5256c""",2019-08-09
CZ0514668,Myotis myotis,5255d,2019-08-22
CZ0514668,Myotis myotis,5256c,2019-08-30
CZ0514668,Myotis sp.,5256c,2021-02-14
CZ0514668,Rhinolophus hipposideros,5255d,2019-08-22
CZ0514668,Rhinolophus hipposideros,5256c,2025-01-01
CZ0514669,Abramis brama,5454a,2022-01-06
CZ0514669,Ameiurus nebulosus,5454a,2022-01-06
CZ0514669,Leucorrhinia pectoralis,"35,""5454a""",2003-07-05
CZ0514669,Leucorrhinia pectoralis,5454a,2008-06-23
CZ0514669,Leucorrhinia pectoralis,5454c,2021-06-15
CZ0514669,Leucorrhinia pectoralis,"58,""5454a""",2005-07-12
CZ0514669,Liparis loeselii,5454a,2003-01-01
CZ0514669,Liparis loeselii,5454c,2005-06-14
CZ0514669,Liparis loeselii,"58,""5454a""",2003-01-01
CZ0514669,Phengaris nausithous,5454a,2020-07-31
CZ0514669,Phengaris nausithous,5454c,2021-07-13
CZ0514669,Phengaris teleius,5454a,2020-08-20
CZ0514669,Phengaris teleius,5454c,2021-07-13
CZ0514669,Sanguisorba officinalis,5454a,2012-09-13
CZ0514669,Sanguisorba officinalis,5454c,2022-06-02
CZ0514669,Succisa pratensis,5454a,2012-09-13
CZ0514669,Succisa pratensis,5454c,2008-07-16
CZ0514669,Vertigo moulinsiana,"17,""5454c""",2006-08-08
CZ0514669,Vertigo moulinsiana,5454a,2024-11-28
CZ0514669,Vertigo moulinsiana,5454c,2023-06-28
CZ0514670,Barbastella barbastellus,"45,""5352d""",2020-08-21
CZ0514670,Barbastella barbastellus,5352c,2023-08-17
CZ0514670,Barbastella barbastellus,"56,""5352d""",2020-04-12
CZ0514670,Canis lupus,5352d,2024-11-30
CZ0514670,Cottus gobio,5352d,2023-08-31
CZ0514670,Cucujus cinnaberinus,5352d,2021-04-30
CZ0514670,Lemna trisulca,5352d,2013-06-19
CZ0514670,Lutra lutra,5352d,2023-11-17
CZ0514670,Lycaena dispar,"15,""5352c""",2018-05-30
CZ0514670,Lycaena dispar,5352c,2022-06-22
CZ0514670,Lycaena dispar,5352d,2012-05-24
CZ0514670,Myotis bechsteinii,"45,""5352d""",2020-08-21
CZ0514670,Myotis bechsteinii,5352c,2023-08-17
CZ0514670,Myotis myotis,"45,""5352d""",2020-08-21
CZ0514670,Myotis myotis,5352d,2020-08-12
CZ0514670,Myotis myotis,5452b,2020-08-12
CZ0514670,Myotis myotis,"56,""5352d""",2020-08-12
CZ0514670,Osmoderma barnabita,"39,""5352d""",2017-07-18
CZ0514670,Osmoderma barnabita,5352c,2022-11-29
CZ0514670,Osmoderma barnabita,5352d,2021-07-18
CZ0514670,Phengaris nausithous,5352c,2023-07-27
CZ0514670,Phengaris nausithous,5352d,2022-07-28
CZ0514670,Phengaris teleius,5352c,2023-07-27
CZ0514670,Phengaris teleius,5352d,2022-07-28
CZ0514670,Rhinolophus hipposideros,"45,""5352d""",2020-08-21
CZ0514670,Rhinolophus hipposideros,"56,""5352d""",2020-08-12
CZ0514670,Sanguisorba officinalis,"06,""5352d""",2013-05-29
CZ0514670,Sanguisorba officinalis,5352c,2014-05-23
CZ0514670,Sanguisorba officinalis,5352d,2014-05-23
CZ0514670,Trichomanes speciosum,5452b,2025-02-07
CZ0514670,Vertigo angustior,5352c,2012-01-11
CZ0514670,Vertigo angustior,5352d,2020-09-30
CZ0514670,Vertigo moulinsiana,5352d,2020-09-30
CZ0514672,Buxbaumia viridis,5357b,2016-10-01
CZ0514672,Cottus gobio,"22,""5357d""",1950-01-01
CZ0514672,Cottus gobio,"24,""5357d""",1950-01-01
CZ0514672,Cottus gobio,"5,""5357d""",2004-01-01
CZ0514672,Cottus gobio,5357b,2023-09-23
CZ0514672,Cottus gobio,5357d,2023-09-24
CZ0514672,Cottus gobio,5358c,2023-09-24
CZ0514672,Cottus gobio,5358d,2023-09-23
CZ0514672,Cottus gobio,5458a,2023-09-24
CZ0514672,Cottus gobio,"99,""5358d""",2004-01-01
CZ0514672,Lampetra planeri,"38,""5357d""",1950-01-01
CZ0514672,Lampetra planeri,5357b,2012-09-18
CZ0514672,Lampetra planeri,5357d,2022-10-29
CZ0514672,Lampetra planeri,5358c,2022-10-22
CZ0514672,Lampetra planeri,5358d,2021-07-31
CZ0514672,Lampetra planeri,5458a,2022-10-22
CZ0514672,Lutra lutra,5357d,2020-05-09
CZ0514672,Lutra lutra,5358c,2016-10-19
CZ0514672,Lutra lutra,5358d,2002-10-30
CZ0514672,Lutra lutra,5458a,2016-04-29
CZ0514672,Ophiogomphus cecilia,5357d,2021-08-18
CZ0514672,Rumex sp.,5358d,2016-05-28
CZ0514672,Salmo trutta,"5,""5357d""",2004-01-01
CZ0514672,Salmo trutta,5357b,2022-10-22
CZ0514672,Salmo trutta,5357d,2022-10-29
CZ0514672,Salmo trutta,5358c,2022-10-22
CZ0514672,Salmo trutta,5358d,2023-07-06
CZ0514672,Salmo trutta,5458a,2022-10-22
CZ0514672,Salmo trutta,"99,""5358d""",2004-01-01
CZ0514672,Succisa pratensis,5357b,2008-08-06
CZ0515001,Hamatocaulis vernicosus,5253c,2019-10-04
CZ0520008,Myotis bechsteinii,5460b,2015-05-17
CZ0520009,Phengaris nausithous,5757b,2021-07-20
CZ0520009,Phengaris teleius,5757b,2021-07-20
CZ0520009,Sanguisorba officinalis,5757b,2016-06-29
CZ0520009,Succisa pratensis,5757a,2016-07-18
CZ0520022,Bombina bombina,"09,""5660a""",2001-05-01
CZ0520022,Bombina bombina,"19,""5660a""",2024-05-10
CZ0520022,Bombina bombina,"41,""5660a""",2017-05-13
CZ0520022,Bombina bombina,5560c,2020-07-06
CZ0520022,Bombina bombina,5659b,2011-07-16
CZ0520022,Bombina bombina,5660a,2020-05-27
CZ0520022,Bombina bombina,"93,""5660a""",2017-05-13
CZ0520022,Lutra lutra,5559d,2023-03-10
CZ0520022,Lycaena dispar,5659b,2018-07-27
CZ0520022,Phengaris teleius,5659b,2015-07-29
CZ0520022,Sanguisorba officinalis,"34,""5660a""",2016-05-10
CZ0520022,Sanguisorba officinalis,"44,""5659b""",2016-05-10
CZ0520022,Sanguisorba officinalis,5559d,2016-05-06
CZ0520022,Sanguisorba officinalis,5659b,2019-04-30
CZ0520022,Sanguisorba officinalis,5660a,2016-08-06
CZ0520022,Sanguisorba officinalis,"68,""5660a""",2016-05-10
CZ0520022,Sanguisorba officinalis,"79,""5660a""",2016-05-10
CZ0520022,Sanguisorba officinalis,"96,""5660a""",2016-05-10
CZ0520022,Succisa pratensis,"06,""5659b""",2016-05-10
CZ0520022,Succisa pratensis,"34,""5660a""",2016-05-10
CZ0520022,Succisa pratensis,5559d,2016-05-06
CZ0520022,Succisa pratensis,5659b,2019-04-30
CZ0520022,Succisa pratensis,5660a,2016-05-10
CZ0520022,Succisa pratensis,"61,""5659b""",2016-05-06
CZ0520022,Triturus cristatus,5659b,2005-03-28
CZ0520028,Abramis brama,"19,""5562c""",2004-01-01
CZ0520028,Barbastella barbastellus,"75,""5562c""",2013-07-25
CZ0520028,Bombina bombina,5562c,2020-06-09
CZ0520028,Cottus gobio,5562c,2020-09-18
CZ0520028,Lampetra planeri,5562c,2020-09-18
CZ0520028,Leuciscus aspius,"19,""5562c""",2004-01-01
CZ0520028,Lutra lutra,5562c,2016-05-01
CZ0520028,Lutra lutra,"76,""5562c""",2011-10-01
CZ0520028,Ophiogomphus cecilia,"99,""5562c""",2004-08-04
CZ0520028,Osmoderma barnabita,"01,""5562c""",2011-08-07
CZ0520028,Phengaris nausithous,5562c,2023-07-21
CZ0520028,Phengaris teleius,5562c,2023-07-21
CZ0520028,Salmo trutta,"19,""5562c""",2004-01-01
CZ0520028,Salmo trutta,5562c,2020-09-18
CZ0520028,Sanguisorba officinalis,5562c,2024-05-09
CZ0520028,Vertigo angustior,5562c,2021-10-01
CZ0520030,Lutra lutra,"96,""5759a""",2007-01-01
CZ0520030,Lutra lutra,"96,""5759b""",2007-01-01
CZ0520030,Lutra lutra,"96,""5759c""",2007-01-01
CZ0520030,Lutra lutra,"96,""5759d""",2007-01-01
CZ0520030,Myotis myotis,"96,""5759a""",2012-06-21
CZ0520030,Myotis myotis,"96,""5759b""",2012-06-21
CZ0520030,Myotis myotis,"96,""5759c""",2012-06-21
CZ0520030,Myotis myotis,"96,""5759d""",2012-06-21
CZ0520030,Sanguisorba officinalis,5759c,2021-06-16
CZ0520030,Sanguisorba officinalis,5759d,2021-06-09
CZ0520030,Succisa pratensis,5759d,2006-09-21
CZ0520030,Triturus cristatus,5759a,2008-04-20
CZ0520038,Bombina bombina,5657d,2022-06-12
CZ0520038,Lucanus cervus,5658c,2024-03-24
CZ0520038,Myotis emarginatus,5658a,2007-07-06
CZ0520038,Osmoderma barnabita,"97,""5658c""",2005-07-18
CZ0520038,Triturus cristatus,5658c,2008-03-17
CZ0520178,Barbastella barbastellus,5563c,2022-01-16
CZ0520178,Lampetra planeri,"55,""5563c""",2004-01-01
CZ0520178,Myotis emarginatus,"99,""5563c""",2001-01-01
CZ0520178,Myotis sp.,5563c,2020-01-30
CZ0520178,Phengaris teleius,5563c,2011-07-13
CZ0520178,Salmo trutta,"55,""5563c""",2004-01-01
CZ0520178,Sanguisorba officinalis,5563c,2015-09-03
CZ0520178,Triturus cristatus,5563c,2025-07-05
CZ0520184,Bombina bombina,"35,""5658d""",2008-04-29
CZ0520184,Bombina bombina,5658d,2015-03-01
CZ0520184,Sanguisorba officinalis,5658d,2009-05-07
CZ0520184,Succisa pratensis,5658d,2012-05-19
CZ0520507,Sanguisorba officinalis,5463c,2019-07-01
CZ0520508,Barbastella barbastellus,"68,""5463c""",2015-05-01
CZ0520508,Lutra lutra,"68,""5463c""",2015-05-01
CZ0520508,Myotis myotis,"68,""5463c""",2015-05-01
CZ0520508,Phengaris nausithous,5462d,2021-07-19
CZ0520508,Sanguisorba officinalis,"01,""5462d""",2018-09-23
CZ0520508,Sanguisorba officinalis,5462d,2021-07-19
CZ0520508,Sanguisorba officinalis,5463c,2018-09-23
CZ0520508,Sanguisorba officinalis,"84,""5462d""",2010-07-22
CZ0520511,Sanguisorba officinalis,"5,""5462a""",2010-03-01
CZ0520511,Sanguisorba officinalis,5462c,2015-07-17
CZ0520511,Sanguisorba officinalis,"65,""5462a""",2013-06-07
CZ0520511,Sanguisorba officinalis,"78,""5462a""",2010-03-01
CZ0520518,Barbastella barbastellus,5463d,2022-12-17
CZ0520518,Canis lupus,"41,""5463d""",2025-01-26
CZ0520518,Canis lupus,5463d,2021-02-19
CZ0520518,Lynx lynx,5463d,2016-08-01
CZ0520518,Lynx lynx,5464c,2021-02-08
CZ0520518,Rhinolophus hipposideros,"4,""5463d""",2013-08-27
CZ0520518,Rhinolophus hipposideros,"45,""5463d""",2013-07-01
CZ0520518,Sanguisorba officinalis,"25,""5463d""",2001-05-21
CZ0520518,Sanguisorba officinalis,"26,""5464c""",2013-09-11
CZ0520518,Sanguisorba officinalis,5463d,2019-06-18
CZ0520518,Sanguisorba officinalis,5464c,2013-09-11
CZ0520518,Sanguisorba officinalis,"56,""5464c""",2013-09-11
CZ0520518,Sanguisorba officinalis,"87,""5464c""",2019-06-18
CZ0520518,Sanguisorba officinalis,"91,""5463d""",2013-09-11
CZ0520518,Sanguisorba officinalis,"93,""5463d""",2019-06-18
CZ0520518,Sanguisorba officinalis,"98,""5463d""",2013-09-02
CZ0520519,Abramis brama,5362d,2021-07-03
CZ0520519,Barbastella barbastellus,5362d,2006-01-14
CZ0520519,Barbastella barbastellus,5462b,2015-06-11
CZ0520519,Barbastella barbastellus,"73,""5462b""",2013-08-18
CZ0520519,Canis lupus,"18,""5362d""",2025-01-31
CZ0520519,Canis lupus,"26,""5362d""",2017-01-01
CZ0520519,Canis lupus,5362d,2025-03-03
CZ0520519,Canis lupus,5462b,2025-07-25
CZ0520519,Canis lupus,"84,""5462b""",2017-01-01
CZ0520519,Cottus gobio,"4,""5362d""",2004-01-01
CZ0520519,Cottus gobio,5362d,2013-10-19
CZ0520519,Cottus gobio,5462b,2023-07-12
CZ0520519,Lampetra planeri,"32,""5362d""",2004-01-01
CZ0520519,Lampetra planeri,"37,""5362d""",2004-01-01
CZ0520519,Lampetra planeri,5462b,2000-01-01
CZ0520519,Leucorrhinia pectoralis,5362d,2022-06-11
CZ0520519,Leucorrhinia pectoralis,5462b,2012-07-07
CZ0520519,Lutra lutra,5362d,2021-07-28
CZ0520519,Lynx lynx,5362d,2013-01-01
CZ0520519,Lynx lynx,5462b,2013-02-17
CZ0520519,Myotis myotis,"12,""5362d""",1972-01-01
CZ0520519,Myotis myotis,5362d,2025-01-08
CZ0520519,Myotis myotis,"73,""5462b""",2013-08-18
CZ0520519,Myotis sp.,5362d,2023-01-14
CZ0520519,Rhinolophus hipposideros,"73,""5462b""",2013-08-18
CZ0520519,Salmo trutta,"22,""5362d""",2004-01-01
CZ0520519,Salmo trutta,"32,""5362d""",2004-01-01
CZ0520519,Salmo trutta,"37,""5362d""",2004-01-01
CZ0520519,Salmo trutta,"4,""5362d""",2004-01-01
CZ0520519,Salmo trutta,5362d,2013-10-19
CZ0520519,Salmo trutta,5462b,2013-10-19
CZ0520519,Sanguisorba officinalis,5362d,2018-01-01
CZ0520519,Sanguisorba officinalis,5462b,2020-07-14
CZ0520519,Succisa pratensis,5362d,2003-09-22
CZ0520600,Barbastella barbastellus,"4,""5664d""",2015-09-03
CZ0520600,Canis lupus,"45,""5664d""",2025-03-23
CZ0520600,Canis lupus,5664d,2026-01-18
CZ0520600,Canis lupus,5764b,2021-12-05
CZ0520600,Cottus gobio,5664d,2009-06-09
CZ0520600,Hamatocaulis vernicosus,5664d,2001-01-01
CZ0520600,Hamatocaulis vernicosus,"59,""5664d""",2001-01-01
CZ0520600,Leucorrhinia pectoralis,5664d,2022-06-10
CZ0520600,Lutra lutra,"03,""5764a""",2013-01-23
CZ0520600,Lutra lutra,5664d,2024-05-03
CZ0520600,Lycaena dispar,5664d,2017-06-24
CZ0520600,Lynx lynx,5664c,2009-08-18
CZ0520600,Myotis myotis,"4,""5664d""",2015-09-03
CZ0520600,Ophiogomphus cecilia,5664d,2004-07-30
CZ0520600,Phengaris nausithous,5664d,2020-07-28
CZ0520600,Phengaris teleius,5664d,2020-07-19
CZ0520600,Rumex sp.,5664d,2022-06-12
CZ0520600,Salmo trutta,5664d,2019-09-24
CZ0520600,Sanguisorba officinalis,5664d,2025-05-10
CZ0520603,Cottus gobio,5663b,2023-07-27
CZ0520603,Phengaris nausithous,5664a,2021-08-25
CZ0520603,Sanguisorba officinalis,"3,""5664a""",2008-06-19
CZ0520603,Sanguisorba officinalis,5663b,2022-07-01
CZ0520603,Sanguisorba officinalis,"92,""5664a""",2022-07-01
CZ0520604,Barbastella barbastellus,"51,""5864a""",2015-06-27
CZ0520604,Barbastella barbastellus,5864a,2003-01-12
CZ0520604,Cottus gobio,5864a,2023-07-24
CZ0520604,Cottus gobio,5864b,2023-10-24
CZ0520604,Lampetra planeri,5864a,2024-09-11
CZ0520604,Lutra lutra,5864a,2020-07-31
CZ0520604,Lutra lutra,5864b,2016-06-02
CZ0520604,Myotis bechsteinii,"51,""5864a""",2015-06-27
CZ0520604,Myotis emarginatus,5864a,2022-02-10
CZ0520604,Myotis myotis,"51,""5864a""",2015-06-27
CZ0520604,Myotis myotis,5864a,2025-02-18
CZ0520604,Rhinolophus hipposideros,5864a,2025-02-18
CZ0520604,Salmo trutta,"08,""5764c""",2004-01-01
CZ0520604,Salmo trutta,"18,""5864a""",2004-01-01
CZ0520604,Salmo trutta,"26,""5764d""",2004-01-01
CZ0520604,Salmo trutta,5864a,2018-10-10
CZ0520604,Salmo trutta,5864b,2023-10-24
CZ0520604,Sanguisorba officinalis,5864a,2017-09-06
CZ0520604,Sanguisorba officinalis,5864b,2017-10-12
CZ0522002,Cypripedium calceolus,5660b,2022-05-19
CZ0522127,Adenophora liliifolia,5660d,2024-07-25
CZ0522129,Cypripedium calceolus,5862b,2024-05-14
CZ0523002,Bombina bombina,5658b,2025-06-26
CZ0523002,Lemna trisulca,5658b,2012-06-18
CZ0523002,Triturus cristatus,5658b,2020-05-27
CZ0523003,Bombina bombina,5658b,2025-06-13
CZ0523003,Lemna trisulca,5658b,2015-08-15
CZ0523003,Lutra lutra,5658b,2018-04-04
CZ0523003,Triturus cristatus,5658b,2025-06-13
CZ0523005,Bombina bombina,5662c,2024-08-19
CZ0523006,Coenagrion ornatum,"15,""5761c""",2012-01-01
CZ0523006,Coenagrion ornatum,5761a,2025-06-01
CZ0523006,Coenagrion ornatum,5761c,2006-05-12
CZ0523006,Coenagrion ornatum,"76,""5761c""",2003-07-27
CZ0523006,Coenagrion ornatum,"99,""5761c""",2004-05-29
CZ0523006,Lutra lutra,5761a,2002-11-13
CZ0523006,Lutra lutra,5761c,2016-10-29
CZ0523006,Lycaena dispar,5761a,2025-06-01
CZ0523006,Sanguisorba officinalis,"26,""5761a""",2012-01-01
CZ0523006,Sanguisorba officinalis,5761a,2015-06-14
CZ0523006,Sanguisorba officinalis,"85,""5761a""",2012-06-23
CZ0523007,Cottus gobio,5762b,2022-10-06
CZ0523007,Cottus gobio,5763a,2023-10-17
CZ0523007,Lampetra planeri,5762b,2023-10-17
CZ0523007,Lampetra planeri,5763a,2023-10-17
CZ0523007,Lutra lutra,5763a,2022-07-28
CZ0523007,Lutra lutra,"75,""5763a""",2015-05-10
CZ0523007,Myotis myotis,"75,""5763a""",2015-05-10
CZ0523007,Ophiogomphus cecilia,"26,""5763a""",2022-06-26
CZ0523007,Ophiogomphus cecilia,5763a,2015-07-31
CZ0523007,Salmo trutta,"23,""5763a""",2004-01-01
CZ0523007,Salmo trutta,5762b,2022-10-06
CZ0523007,Salmo trutta,5763a,2022-10-06
CZ0523007,Salmo trutta,"63,""5763a""",2004-01-01
CZ0523007,Sanguisorba officinalis,5763a,2007-10-05
CZ0523009,Barbastella barbastellus,5863c,2016-01-27
CZ0523009,Rhinolophus hipposideros,5863c,2025-02-25
CZ0523010,Bombina bombina,5861a,2024-08-21
CZ0523010,Epidalea calamita,5861a,2024-05-03
CZ0523010,Hipparchia semele,NA,1995-01-01
CZ0523010,Leucorrhinia pectoralis,5861a,2021-06-24
CZ0523010,Lycaena dispar,5861a,2021-09-05
CZ0523010,Myotis myotis,5861a,2020-06-12
CZ0523010,Ophiogomphus cecilia,5861a,2010-06-13
CZ0523010,Osmoderma barnabita,5861a,2017-11-04
CZ0523010,Phengaris nausithous,5861a,2021-08-06
CZ0523010,Phengaris teleius,5861a,2025-07-10
CZ0523010,Sanguisorba officinalis,5861a,2025-09-15
CZ0523010,Succisa pratensis,5861a,2025-09-15
CZ0523010,Triturus cristatus,5861a,2025-07-31
CZ0523010,Vertigo angustior,5861a,2006-11-15
CZ0523011,Bombina bombina,5562c,2025-05-15
CZ0523011,Triturus cristatus,5562c,2025-08-05
CZ0523014,Phengaris nausithous,5563b,2025-08-06
CZ0523014,Phengaris teleius,5563b,2025-08-06
CZ0523014,Sanguisorba officinalis,5563b,2019-06-16
CZ0523264,Ameiurus nebulosus,"52,""5660c""",2004-01-01
CZ0523264,Blicca bjoerkna,5759d,2004-01-01
CZ0523264,Lampetra planeri,"61,""5660c""",1950-01-01
CZ0523264,Leuciscus aspius,5759d,2004-01-01
CZ0523264,Lutra lutra,5660c,2006-10-06
CZ0523264,Lutra lutra,5759d,2025-08-13
CZ0523264,Lutra lutra,5760a,2006-10-10
CZ0523264,Osmoderma barnabita,5760a,2016-06-23
CZ0523264,Rhodeus amarus,5759d,2004-01-01
CZ0523264,Salmo trutta,"52,""5660c""",2004-01-01
CZ0523264,Sanguisorba officinalis,"91,""5759d""",2010-05-20
CZ0523264,Scardinius erythrophthalmus,5759d,2004-01-01
CZ0523264,Unio crassus,5660a,2010-08-08
CZ0523264,Unio crassus,5660c,2025-05-17
CZ0523264,Unio crassus,5759d,2016-10-15
CZ0523264,Unio crassus,5760a,2025-08-13
CZ0523265,Barbastella barbastellus,5559d,2025-05-20
CZ0523265,Bombina bombina,5559d,2025-07-14
CZ0523265,Leucorrhinia pectoralis,5559d,2003-06-22
CZ0523265,Rumex sp.,5559d,2010-01-01
CZ0523265,Sanguisorba officinalis,5559d,2025-04-04
CZ0523265,Triturus cristatus,5559d,2025-07-14
CZ0523266,Ameiurus nebulosus,5860b,2025-07-23
CZ0523266,Ameiurus nebulosus,5861a,2025-07-23
CZ0523266,Hipparchia semele,NA,1995-01-01
CZ0523266,Lemna trisulca,5861a,2008-09-26
CZ0523266,Myotis myotis,5860b,2015-05-08
CZ0523266,Sanguisorba officinalis,"09,""5861a""",2017-05-17
CZ0523266,Sanguisorba officinalis,"48,""5861a""",2017-05-17
CZ0523266,Sanguisorba officinalis,5860b,2020-05-05
CZ0523266,Sanguisorba officinalis,5861a,2004-01-01
CZ0523266,Succisa pratensis,"48,""5861a""",2017-05-17
CZ0523266,Succisa pratensis,5860b,2008-09-26
CZ0523266,Succisa pratensis,5861a,2004-01-01
CZ0523266,Vertigo angustior,5860b,2019-08-14
CZ0523266,Vertigo angustior,5861a,2015-09-24
CZ0523267,Ameiurus melas,5765c,2024-05-30
CZ0523267,Ameiurus nebulosus,5765c,2024-05-30
CZ0523267,Barbastella barbastellus,"05,""5764b""",2015-09-07
CZ0523267,Canis lupus,5865a,2024-02-27
CZ0523267,Castor fiber,"08,""5764b""",2000-11-01
CZ0523267,Castor fiber,"24,""5764b""",2018-06-20
CZ0523267,Castor fiber,5764b,2025-07-03
CZ0523267,Castor fiber,5765c,2022-10-08
CZ0523267,Cottus gobio,5764b,2022-08-10
CZ0523267,Cottus gobio,5765c,2023-10-23
CZ0523267,Cottus gobio,5865a,2023-10-23
CZ0523267,Cottus gobio,5865c,2021-09-21
CZ0523267,Cottus gobio,"63,""5865a""",2004-01-01
CZ0523267,Cottus gobio,"73,""5865a""",2004-01-01
CZ0523267,Lampetra planeri,"5,""5764b""",2004-01-01
CZ0523267,Lampetra planeri,5764b,2021-09-15
CZ0523267,Lampetra planeri,5765c,2021-09-21
CZ0523267,Lampetra planeri,5865a,2015-09-22
CZ0523267,Lampetra planeri,5865c,2021-09-21
CZ0523267,Lampetra planeri,"73,""5865a""",2004-01-01
CZ0523267,Lutra lutra,"05,""5764b""",2015-09-07
CZ0523267,Lutra lutra,"16,""5765c""",2017-01-10
CZ0523267,Lutra lutra,"24,""5764b""",2018-06-20
CZ0523267,Lutra lutra,"25,""5765c""",2017-01-19
CZ0523267,Lutra lutra,"45,""5664d""",2013-01-23
CZ0523267,Lutra lutra,5664d,2022-05-12
CZ0523267,Lutra lutra,"57,""5865a""",2013-01-23
CZ0523267,Lutra lutra,5764b,2026-01-14
CZ0523267,Lutra lutra,5765c,2019-05-30
CZ0523267,Lutra lutra,"58,""5764b""",2019-02-13
CZ0523267,Lutra lutra,5865a,2025-12-10
CZ0523267,Lutra lutra,"59,""5765a""",2017-01-10
CZ0523267,Lutra lutra,"6,""5865a""",2013-01-23
CZ0523267,Lutra lutra,"76,""5765a""",2026-01-14
CZ0523267,Lutra lutra,"94,""5764b""",2013-01-23
CZ0523267,Lutra lutra,"99,""5764b""",2017-01-19
CZ0523267,Lycaena dispar,5765c,2024-06-15
CZ0523267,Myotis myotis,"05,""5764b""",2015-09-07
CZ0523267,Phengaris nausithous,5764b,2015-07-20
CZ0523267,Phengaris nausithous,5765c,2020-08-01
CZ0523267,Phengaris teleius,5765c,2020-08-01
CZ0523267,Salmo trutta,"5,""5764b""",2004-01-01
CZ0523267,Salmo trutta,5764b,2021-09-15
CZ0523267,Salmo trutta,5765c,2021-09-21
CZ0523267,Salmo trutta,5865a,2021-09-17
CZ0523267,Salmo trutta,5865c,2021-09-21
CZ0523267,Salmo trutta,"63,""5865a""",2004-01-01
CZ0523267,Salmo trutta,"73,""5865a""",2004-01-01
CZ0523267,Sanguisorba officinalis,"11,""5865d""",2016-08-06
CZ0523267,Sanguisorba officinalis,"24,""5865b""",2015-08-04
CZ0523267,Sanguisorba officinalis,"31,""5865d""",2020-06-14
CZ0523267,Sanguisorba officinalis,5764b,2024-06-04
CZ0523267,Sanguisorba officinalis,5765a,2010-08-25
CZ0523267,Sanguisorba officinalis,5765c,2024-06-25
CZ0523267,Sanguisorba officinalis,5865a,2024-06-14
CZ0523267,Sanguisorba officinalis,5865b,2006-09-12
CZ0523267,Sanguisorba officinalis,5865c,2015-08-04
CZ0523267,Sanguisorba officinalis,"81,""5865d""",2016-10-06
CZ0523267,Sanguisorba officinalis,"97,""5865c""",2016-08-06
CZ0523267,Succisa pratensis,5765c,2020-07-19
CZ0523268,Bombina bombina,"03,""5562c""",2020-07-27
CZ0523268,Bombina bombina,5562c,2024-08-17
CZ0523268,Bombina bombina,"91,""5562c""",2024-07-15
CZ0523268,Osmoderma barnabita,5562c,2017-03-21
CZ0523268,Phengaris nausithous,5562c,2022-07-07
CZ0523268,Phengaris nausithous,"64,""5562c""",2011-07-15
CZ0523268,Phengaris teleius,5562c,2022-07-07
CZ0523268,Phengaris teleius,"64,""5562c""",2011-07-15
CZ0523268,Sanguisorba officinalis,5562c,2021-06-15
CZ0523268,Succisa pratensis,5562c,2021-06-15
CZ0523268,Triturus cristatus,"91,""5562c""",2012-01-01
CZ0523273,Abramis brama,5658d,2004-01-01
CZ0523273,Abramis brama,"88,""5658d""",2004-01-01
CZ0523273,Bombina bombina,"35,""5658d""",2008-04-29
CZ0523273,Leuciscus aspius,"81,""5659a""",2004-01-01
CZ0523273,Leuciscus aspius,"88,""5658d""",2004-01-01
CZ0523273,Lutra lutra,5658d,2015-09-14
CZ0523273,Lutra lutra,5758b,2006-10-10
CZ0523273,Lutra lutra,5759a,2000-05-23
CZ0523273,Myotis myotis,5658d,2009-06-06
CZ0523273,Phengaris nausithous,5658d,2013-07-18
CZ0523273,Phengaris teleius,5658d,2005-07-28
CZ0523273,Salmo trutta,"88,""5658d""",2004-01-01
CZ0523273,Sanguisorba officinalis,"01,""5658d""",2002-04-26
CZ0523273,Sanguisorba officinalis,"38,""5758b""",2012-04-27
CZ0523273,Sanguisorba officinalis,5658d,2024-08-22
CZ0523273,Sanguisorba officinalis,5758b,2025-05-10
CZ0523273,Sanguisorba officinalis,"62,""5658d""",2012-04-27
CZ0523273,Sanguisorba officinalis,"78,""5759a""",2012-04-27
CZ0523273,Sanguisorba officinalis,"99,""5759a""",2012-04-27
CZ0523273,Scardinius erythrophthalmus,5658d,2004-01-01
CZ0523273,Scardinius erythrophthalmus,"81,""5659a""",2004-01-01
CZ0523273,Unio crassus,"26,""5758b""",2000-06-25
CZ0523273,Unio crassus,"52,""5759a""",2001-08-31
CZ0523273,Unio crassus,5658d,2018-09-02
CZ0523273,Unio crassus,5758b,2025-05-18
CZ0523273,Unio crassus,5759a,2022-05-29
CZ0523274,Osmoderma barnabita,"27,""5558c""",2012-07-18
CZ0523274,Osmoderma barnabita,5558c,2021-08-13
CZ0523275,Phengaris nausithous,5764c,2025-08-21
CZ0523275,Phengaris teleius,5764c,2025-07-20
CZ0523275,Sanguisorba officinalis,5764c,2025-04-14
CZ0523276,Bombina bombina,5659d,2025-07-14
CZ0523276,Scardinius erythrophthalmus,5659d,2025-10-08
CZ0523276,Triturus cristatus,5659d,2025-06-14
CZ0523277,Cottus gobio,5459b,2023-09-24
CZ0523277,Cottus gobio,5460a,2014-09-30
CZ0523277,Cottus gobio,5460c,2023-09-24
CZ0523277,Lampetra planeri,"41,""5460c""",2004-01-01
CZ0523277,Lampetra planeri,5459b,2000-01-01
CZ0523277,Lampetra planeri,5460a,2014-09-30
CZ0523277,Lampetra planeri,5460c,2015-09-03
CZ0523277,Lutra lutra,5459b,2011-10-03
CZ0523277,Salmo trutta,"41,""5460c""",2004-01-01
CZ0523277,Salmo trutta,"49,""5459b""",2004-01-01
CZ0523277,Salmo trutta,5459b,2015-09-03
CZ0523277,Salmo trutta,5460a,2014-09-30
CZ0523277,Salmo trutta,5460c,2015-09-03
CZ0523277,Salmo trutta,"79,""5460c""",2004-01-01
CZ0523279,Unio crassus,"01,""5559d""",2003-05-17
CZ0523279,Unio crassus,5559c,2010-09-11
CZ0523279,Unio crassus,5559d,2025-04-05
CZ0523280,Abramis brama,"85,""5462d""",2004-01-01
CZ0523280,Castor fiber,5362d,2021-05-22
CZ0523280,Cottus gobio,"08,""5563a""",2004-01-01
CZ0523280,Cottus gobio,"09,""5463c""",2004-01-01
CZ0523280,Cottus gobio,"4,""5362d""",2004-01-01
CZ0523280,Cottus gobio,"46,""5463c""",1950-01-01
CZ0523280,Cottus gobio,5362d,2018-10-19
CZ0523280,Cottus gobio,5462b,2018-10-19
CZ0523280,Cottus gobio,5462d,2022-10-25
CZ0523280,Cottus gobio,5463a,2018-10-19
CZ0523280,Cottus gobio,5463c,2019-09-24
CZ0523280,Cottus gobio,5563a,2019-09-24
CZ0523280,Cottus gobio,"57,""5463c""",1950-01-01
CZ0523280,Cottus gobio,"84,""5462b""",1950-01-01
CZ0523280,Cottus gobio,"84,""5462d""",2004-01-01
CZ0523280,Cottus gobio,"85,""5462d""",2004-01-01
CZ0523280,Lampetra planeri,"01,""5463c""",2004-01-01
CZ0523280,Lampetra planeri,"08,""5563a""",2004-01-01
CZ0523280,Lampetra planeri,"22,""5463c""",2004-01-01
CZ0523280,Lampetra planeri,"32,""5362d""",2004-01-01
CZ0523280,Lampetra planeri,"45,""5463c""",1950-01-01
CZ0523280,Lampetra planeri,"45,""5563a""",2004-01-01
CZ0523280,Lampetra planeri,"46,""5463c""",2001-01-01
CZ0523280,Lampetra planeri,5362d,2018-10-19
CZ0523280,Lampetra planeri,5462b,2018-10-19
CZ0523280,Lampetra planeri,5462d,2023-09-16
CZ0523280,Lampetra planeri,5463a,2023-09-16
CZ0523280,Lampetra planeri,5463c,2023-09-16
CZ0523280,Lampetra planeri,5563a,2020-10-10
CZ0523280,Lampetra planeri,"84,""5462d""",2004-01-01
CZ0523280,Lampetra planeri,"85,""5462d""",2004-01-01
CZ0523280,Lutra lutra,"15,""5462b""",2016-01-22
CZ0523280,Lutra lutra,5362d,2015-11-26
CZ0523280,Lutra lutra,5462b,2026-02-26
CZ0523280,Lutra lutra,5462d,2021-07-01
CZ0523280,Lutra lutra,5463a,2026-01-11
CZ0523280,Lutra lutra,5463c,2016-01-22
CZ0523280,Lutra lutra,5563a,2016-05-31
CZ0523280,Lutra lutra,"79,""5463a""",2010-02-22
CZ0523280,Lutra lutra,"8,""5463c""",2016-01-22
CZ0523280,Salmo trutta,"01,""5463c""",2004-01-01
CZ0523280,Salmo trutta,"08,""5563a""",2004-01-01
CZ0523280,Salmo trutta,"09,""5463c""",2004-01-01
CZ0523280,Salmo trutta,"22,""5463c""",2004-01-01
CZ0523280,Salmo trutta,"32,""5362d""",2004-01-01
CZ0523280,Salmo trutta,"4,""5362d""",2004-01-01
CZ0523280,Salmo trutta,"45,""5563a""",2004-01-01
CZ0523280,Salmo trutta,5362d,2018-10-19
CZ0523280,Salmo trutta,5462b,2018-10-19
CZ0523280,Salmo trutta,5462d,2019-09-25
CZ0523280,Salmo trutta,5463a,2018-10-19
CZ0523280,Salmo trutta,5463c,2018-10-19
CZ0523280,Salmo trutta,5563a,2019-09-25
CZ0523280,Salmo trutta,"84,""5462d""",2004-01-01
CZ0523280,Salmo trutta,"85,""5462d""",2004-01-01
CZ0523280,Sanguisorba officinalis,"37,""5463a""",2018-08-22
CZ0523280,Sanguisorba officinalis,5362d,2018-07-09
CZ0523280,Sanguisorba officinalis,5462d,2018-09-19
CZ0523280,Sanguisorba officinalis,5463a,2018-08-30
CZ0523280,Sanguisorba officinalis,5463c,2018-09-20
CZ0523280,Sanguisorba officinalis,"8,""5362d""",2004-04-18
CZ0523280,Scardinius erythrophthalmus,"85,""5462d""",2004-01-01
CZ0523282,Bombina bombina,"19,""5557d""",2022-09-01
CZ0523282,Bombina bombina,"48,""5557d""",2005-04-17
CZ0523282,Bombina bombina,"51,""5557d""",2025-05-31
CZ0523282,Bombina bombina,5557d,2022-07-20
CZ0523282,Triturus cristatus,5557d,2001-05-01
CZ0523283,Cucujus cinnaberinus,5858a,2023-03-14
CZ0523283,Euphydryas maturna,NA,2007-06-09
CZ0523283,Lucanus cervus,5858a,2015-06-12
CZ0523283,Lucanus cervus,5858b,2023-07-03
CZ0523283,Lucanus cervus,5858d,2009-06-20
CZ0523283,Lucanus cervus,"99,""5858b""",2012-05-01
CZ0523283,Sanguisorba officinalis,"42,""5858d""",2012-04-01
CZ0523283,Sanguisorba officinalis,5858a,2003-09-22
CZ0523283,Sanguisorba officinalis,5858b,2012-04-01
CZ0523283,Sanguisorba officinalis,"69,""5858a""",2012-04-01
CZ0523284,Lucanus cervus,"58,""5762b""",2000-01-01
CZ0523284,Osmoderma barnabita,5762b,2023-08-03
CZ0523286,Bombina bombina,5658d,2025-07-14
CZ0523286,Myotis myotis,5658d,2025-07-14
CZ0523286,Sanguisorba officinalis,5658d,2010-06-06
CZ0523286,Vertigo angustior,5658d,2012-08-21
CZ0523288,Castor fiber,5661d,2017-03-20
CZ0523288,Coenagrion ornatum,5661d,2025-06-29
CZ0523288,Cucujus cinnaberinus,5661d,2025-04-20
CZ0523288,Ophiogomphus cecilia,5661d,2019-07-20
CZ0523288,Ophiogomphus cecilia,"99,""5661d""",2010-09-24
CZ0523288,Rhinolophus hipposideros,5661d,2016-06-18
CZ0523288,Sanguisorba officinalis,5661d,2010-05-29
CZ0523290,Bombina bombina,5862a,2013-06-07
CZ0523290,Cucujus cinnaberinus,5862a,2018-06-21
CZ0523290,Lemna trisulca,5862a,2009-08-15
CZ0523290,Lycaena dispar,5862a,2007-08-22
CZ0523290,Ophiogomphus cecilia,5862a,2014-07-25
CZ0523290,Osmoderma barnabita,5862a,2017-06-09
CZ0523290,Osmoderma barnabita,"97,""5862a""",2012-05-01
CZ0523290,Salmo trutta,"41,""5862a""",2004-01-01
CZ0523290,Sanguisorba officinalis,5862a,2012-05-30
CZ0523290,Succisa pratensis,5862a,2009-08-16
CZ0523290,Triturus cristatus,5862a,2013-06-07
CZ0523290,Vertigo moulinsiana,5862a,2024-07-27
CZ0523291,Phengaris nausithous,"36,""5763d""",2005-07-28
CZ0523291,Phengaris nausithous,5763d,2025-08-21
CZ0523291,Phengaris nausithous,"96,""5763d""",2010-05-28
CZ0523291,Phengaris teleius,5763d,2022-07-29
CZ0523291,Sanguisorba officinalis,"57,""5763d""",2010-05-23
CZ0523291,Sanguisorba officinalis,5763d,2025-08-21
CZ0523293,Euphydryas maturna,NA,2007-06-09
CZ0523293,Lucanus cervus,5858a,2019-06-12
CZ0523293,Lucanus cervus,5858c,2023-06-21
CZ0523293,Lucanus cervus,"78,""5858c""",2012-06-07
CZ0523669,Barbastella barbastellus,5560b,2017-12-29
CZ0523669,Rhinolophus hipposideros,5560b,2017-12-29
CZ0523675,Myotis emarginatus,5658a,2025-06-08
CZ0523675,Myotis myotis,5658a,2025-06-18
CZ0523675,Rhinolophus hipposideros,5658a,2025-06-08
CZ0523676,Barbastella barbastellus,5661d,2026-03-09
CZ0523676,Myotis emarginatus,5661d,2026-02-13
CZ0523676,Myotis myotis,5661d,2026-03-09
CZ0523676,Myotis sp.,5661d,2026-03-16
CZ0523676,Rhinolophus hipposideros,5661d,2026-03-16
CZ0523676,Triturus cristatus,5661d,2024-02-10
CZ0523677,Barbastella barbastellus,5556b,2025-01-16
CZ0523677,Myotis bechsteinii,5556b,2012-01-09
CZ0523677,Myotis emarginatus,5556b,2025-06-08
CZ0523677,Myotis myotis,5556b,2025-06-08
CZ0523677,Myotis sp.,5556b,2025-01-16
CZ0523677,Rhinolophus hipposideros,5556b,2025-06-08
CZ0523680,Barbastella barbastellus,5563c,2016-01-09
CZ0523680,Myotis bechsteinii,5563c,2018-01-06
CZ0523680,Myotis emarginatus,5563c,2026-01-09
CZ0523680,Myotis myotis,5563c,2026-01-09
CZ0523680,Rhinolophus hipposideros,5563c,2026-01-09
CZ0523682,Barbastella barbastellus,5657a,2017-01-12
CZ0523682,Myotis emarginatus,5657a,2025-06-08
CZ0523682,Myotis myotis,5657a,2013-07-06
CZ0523682,Rhinolophus hipposideros,5657a,2025-06-08
CZ0523683,Barbastella barbastellus,5663d,2020-01-10
CZ0523683,Myotis bechsteinii,5663d,2018-01-05
CZ0523683,Myotis emarginatus,5663d,2020-01-10
CZ0523683,Myotis myotis,5663d,2020-01-10
CZ0523683,Rhinolophus hipposideros,5663d,2020-01-10
CZ0523823,Austropotamobius torrentium,5460a,2025-08-30
CZ0523823,Austropotamobius torrentium,5460b,2015-07-29
CZ0523823,Cottus gobio,5460a,2023-09-21
CZ0523823,Cottus gobio,5460b,2021-09-27
CZ0523823,Lampetra planeri,5460a,1900-01-01
CZ0523823,Lutra lutra,5460a,2025-07-15
CZ0523823,Salmo trutta,5460a,1900-01-01
CZ0523823,Salmo trutta,5460b,2012-07-23
CZ0523824,Hipparchia semele,NA,1995-01-01
CZ0523824,Leucorrhinia pectoralis,5861b,2021-07-27
CZ0524044,Austropotamobius torrentium,5360c,2016-10-22
CZ0524044,Austropotamobius torrentium,5460a,2024-09-21
CZ0524044,Austropotamobius torrentium,5460b,2014-09-27
CZ0524044,Barbastella barbastellus,5258d,2003-03-21
CZ0524044,Barbastella barbastellus,5358b,2000-09-01
CZ0524044,Barbastella barbastellus,5359a,2023-06-18
CZ0524044,Barbastella barbastellus,5359b,2024-02-22
CZ0524044,Barbastella barbastellus,5361a,2003-01-15
CZ0524044,Barbastella barbastellus,5361c,2024-12-31
CZ0524044,Barbastella barbastellus,5460a,2023-02-14
CZ0524044,Barbastella barbastellus,"76,""5259d""",2010-07-01
CZ0524044,Barbastella barbastellus,"96,""5258a""",2011-12-21
CZ0524044,Barbastella barbastellus,"96,""5258b""",2011-12-21
CZ0524044,Barbastella barbastellus,"96,""5258c""",2011-12-21
CZ0524044,Barbastella barbastellus,"96,""5258d""",2011-12-21
CZ0524044,Barbastella barbastellus,"96,""5259a""",2011-12-21
CZ0524044,Barbastella barbastellus,"96,""5259b""",2011-12-21
CZ0524044,Barbastella barbastellus,"96,""5259c""",2011-12-21
CZ0524044,Barbastella barbastellus,"96,""5259d""",2011-12-21
CZ0524044,Barbastella barbastellus,"96,""5358a""",2011-12-21
CZ0524044,Barbastella barbastellus,"96,""5358b""",2011-12-21
CZ0524044,Barbastella barbastellus,"96,""5358c""",2011-12-21
CZ0524044,Barbastella barbastellus,"96,""5358d""",2011-12-21
CZ0524044,Barbastella barbastellus,"96,""5359a""",2011-12-21
CZ0524044,Barbastella barbastellus,"96,""5359b""",2011-12-21
CZ0524044,Barbastella barbastellus,"96,""5359c""",2011-12-21
CZ0524044,Barbastella barbastellus,"96,""5359d""",2011-12-21
CZ0524044,Barbastella barbastellus,"96,""5360a""",2011-12-21
CZ0524044,Barbastella barbastellus,"96,""5360b""",2011-12-21
CZ0524044,Barbastella barbastellus,"96,""5360c""",2011-12-21
CZ0524044,Barbastella barbastellus,"96,""5360d""",2011-12-21
CZ0524044,Barbastella barbastellus,"96,""5361a""",2011-12-21
CZ0524044,Barbastella barbastellus,"96,""5361b""",2011-12-21
CZ0524044,Barbastella barbastellus,"96,""5361c""",2011-12-21
CZ0524044,Barbastella barbastellus,"96,""5361d""",2011-12-21
CZ0524044,Barbastella barbastellus,"98,""5359a""",2001-01-19
CZ0524044,Buxbaumia viridis,5258b,2022-10-13
CZ0524044,Buxbaumia viridis,5258d,2015-11-05
CZ0524044,Buxbaumia viridis,5259b,2022-10-15
CZ0524044,Buxbaumia viridis,5259c,2022-09-23
CZ0524044,Buxbaumia viridis,5259d,2022-10-15
CZ0524044,Buxbaumia viridis,5260c,2022-11-04
CZ0524044,Buxbaumia viridis,5260d,2021-10-07
CZ0524044,Buxbaumia viridis,5359a,2022-09-22
CZ0524044,Buxbaumia viridis,5359b,2022-09-24
CZ0524044,Buxbaumia viridis,5360a,2022-11-05
CZ0524044,Buxbaumia viridis,5360b,2022-11-04
CZ0524044,Buxbaumia viridis,5360c,2021-11-08
CZ0524044,Buxbaumia viridis,5360d,2018-10-16
CZ0524044,Buxbaumia viridis,5361a,2021-10-07
CZ0524044,Buxbaumia viridis,5361c,2021-11-08
CZ0524044,Campanula bohemica,"01,""5259d""",2024-06-27
CZ0524044,Campanula bohemica,"01,""5260c""",2011-05-26
CZ0524044,Campanula bohemica,"01,""5260d""",2008-01-01
CZ0524044,Campanula bohemica,"03,""5258b""",2024-06-24
CZ0524044,Campanula bohemica,"04,""5259d""",2009-01-01
CZ0524044,Campanula bohemica,"06,""5259a""",2000-01-01
CZ0524044,Campanula bohemica,"07,""5259d""",2024-06-26
CZ0524044,Campanula bohemica,"09,""5260c""",2024-06-29
CZ0524044,Campanula bohemica,"1,""5258d""",2014-01-01
CZ0524044,Campanula bohemica,"1,""5259c""",2023-09-05
CZ0524044,Campanula bohemica,"1,""5360a""",2000-01-01
CZ0524044,Campanula bohemica,"13,""5259a""",2023-07-23
CZ0524044,Campanula bohemica,"13,""5259d""",2009-08-31
CZ0524044,Campanula bohemica,"16,""5360b""",2023-06-13
CZ0524044,Campanula bohemica,"18,""5359a""",2001-01-01
CZ0524044,Campanula bohemica,"19,""5260c""",2006-01-01
CZ0524044,Campanula bohemica,"19,""5359b""",2023-08-10
CZ0524044,Campanula bohemica,"2,""5259c""",2023-07-27
CZ0524044,Campanula bohemica,"2,""5260c""",2011-05-27
CZ0524044,Campanula bohemica,"21,""5259a""",2009-08-24
CZ0524044,Campanula bohemica,"22,""5259d""",2002-06-15
CZ0524044,Campanula bohemica,"23,""5259a""",2014-01-01
CZ0524044,Campanula bohemica,"23,""5260c""",2011-06-23
CZ0524044,Campanula bohemica,"26,""5260c""",2001-01-01
CZ0524044,Campanula bohemica,"27,""5259d""",2023-08-10
CZ0524044,Campanula bohemica,"27,""5360a""",2012-08-04
CZ0524044,Campanula bohemica,"29,""5259c""",2023-09-07
CZ0524044,Campanula bohemica,"3,""5260c""",2024-07-05
CZ0524044,Campanula bohemica,"31,""5259d""",2011-06-24
CZ0524044,Campanula bohemica,"31,""5359b""",2023-08-10
CZ0524044,Campanula bohemica,"32,""5259d""",2009-09-10
CZ0524044,Campanula bohemica,"34,""5259a""",2009-08-24
CZ0524044,Campanula bohemica,"35,""5259a""",2023-07-27
CZ0524044,Campanula bohemica,"38,""5260c""",2022-07-29
CZ0524044,Campanula bohemica,"39,""5260c""",2000-01-01
CZ0524044,Campanula bohemica,"39,""5260d""",2023-07-29
CZ0524044,Campanula bohemica,"39,""5359b""",2024-08-08
CZ0524044,Campanula bohemica,"41,""5359b""",2009-09-03
CZ0524044,Campanula bohemica,"42,""5259d""",2014-01-01
CZ0524044,Campanula bohemica,"42,""5260c""",2011-04-21
CZ0524044,Campanula bohemica,"44,""5260c""",2009-08-19
CZ0524044,Campanula bohemica,"47,""5260c""",2011-04-21
CZ0524044,Campanula bohemica,"49,""5260d""",2008-01-01
CZ0524044,Campanula bohemica,"5,""5260d""",2009-08-19
CZ0524044,Campanula bohemica,"51,""5259c""",2010-06-28
CZ0524044,Campanula bohemica,"52,""5359c""",2009-06-08
CZ0524044,Campanula bohemica,"52,""5360a""",2001-01-01
CZ0524044,Campanula bohemica,5258b,2024-06-27
CZ0524044,Campanula bohemica,5258d,2025-06-28
CZ0524044,Campanula bohemica,5259a,2025-07-28
CZ0524044,Campanula bohemica,5259b,2025-08-28
CZ0524044,Campanula bohemica,5259c,2025-07-28
CZ0524044,Campanula bohemica,5259d,2024-08-08
CZ0524044,Campanula bohemica,5260c,2025-07-19
CZ0524044,Campanula bohemica,5260d,2024-06-29
CZ0524044,Campanula bohemica,5261c,2016-07-17
CZ0524044,Campanula bohemica,5358b,2020-07-23
CZ0524044,Campanula bohemica,5359a,2025-06-28
CZ0524044,Campanula bohemica,5359b,2025-06-24
CZ0524044,Campanula bohemica,5359c,2009-01-01
CZ0524044,Campanula bohemica,5360a,2024-06-29
CZ0524044,Campanula bohemica,5360b,2024-06-29
CZ0524044,Campanula bohemica,5360c,2023-07-14
CZ0524044,Campanula bohemica,5360d,2020-05-21
CZ0524044,Campanula bohemica,5361a,2019-08-21
CZ0524044,Campanula bohemica,5361c,2011-05-13
CZ0524044,Campanula bohemica,"54,""5259c""",2023-07-11
CZ0524044,Campanula bohemica,"57,""5259c""",2008-08-17
CZ0524044,Campanula bohemica,"58,""5259c""",2014-01-01
CZ0524044,Campanula bohemica,"58,""5359b""",2024-07-05
CZ0524044,Campanula bohemica,"59,""5260c""",2023-08-10
CZ0524044,Campanula bohemica,"59,""5360d""",2010-01-01
CZ0524044,Campanula bohemica,"6,""5260c""",2023-07-29
CZ0524044,Campanula bohemica,"61,""5360a""",2011-06-23
CZ0524044,Campanula bohemica,"62,""5360b""",2001-01-01
CZ0524044,Campanula bohemica,"66,""5259c""",2023-07-27
CZ0524044,Campanula bohemica,"68,""5260c""",2011-01-01
CZ0524044,Campanula bohemica,"68,""5359b""",2024-07-05
CZ0524044,Campanula bohemica,"68,""5359c""",2009-06-08
CZ0524044,Campanula bohemica,"7,""5259c""",2023-07-18
CZ0524044,Campanula bohemica,"71,""5259c""",2024-07-09
CZ0524044,Campanula bohemica,"72,""5259b""",2001-01-01
CZ0524044,Campanula bohemica,"73,""5260d""",2024-06-29
CZ0524044,Campanula bohemica,"75,""5260d""",2024-06-29
CZ0524044,Campanula bohemica,"76,""5259d""",2009-07-01
CZ0524044,Campanula bohemica,"78,""5259a""",2009-08-24
CZ0524044,Campanula bohemica,"79,""5360b""",2022-07-17
CZ0524044,Campanula bohemica,"83,""5259d""",2014-01-01
CZ0524044,Campanula bohemica,"83,""5260c""",2011-06-25
CZ0524044,Campanula bohemica,"83,""5359a""",2009-06-08
CZ0524044,Campanula bohemica,"84,""5260c""",2023-07-29
CZ0524044,Campanula bohemica,"85,""5360a""",2019-08-01
CZ0524044,Campanula bohemica,"86,""5259c""",2011-08-11
CZ0524044,Campanula bohemica,"86,""5260c""",2000-01-01
CZ0524044,Campanula bohemica,"88,""5259a""",2023-09-11
CZ0524044,Campanula bohemica,"88,""5260c""",2011-04-21
CZ0524044,Campanula bohemica,"89,""5259d""",2012-06-20
CZ0524044,Campanula bohemica,"89,""5260c""",2022-07-29
CZ0524044,Campanula bohemica,"91,""5259d""",2023-07-15
CZ0524044,Campanula bohemica,"94,""5259a""",2009-08-24
CZ0524044,Campanula bohemica,"98,""5259b""",2001-01-01
CZ0524044,Campanula bohemica,"98,""5260c""",2019-08-01
CZ0524044,Campanula bohemica,"99,""5259a""",2022-08-02
CZ0524044,Campanula bohemica,"99,""5259d""",2009-01-01
CZ0524044,Campanula bohemica,"99,""5260c""",2024-07-06
CZ0524044,Campanula bohemica,"99,""5360a""",2001-01-01
CZ0524044,Canis lupus,"06,""5258a""",2018-09-16
CZ0524044,Canis lupus,"4,""5260d""",2025-02-27
CZ0524044,Canis lupus,5158d,2025-07-08
CZ0524044,Canis lupus,5258a,2020-03-28
CZ0524044,Canis lupus,5258b,2025-06-29
CZ0524044,Canis lupus,5258c,2024-04-19
CZ0524044,Canis lupus,5258d,2025-11-13
CZ0524044,Canis lupus,5259a,2025-07-08
CZ0524044,Canis lupus,5259b,2025-10-27
CZ0524044,Canis lupus,5259c,2026-03-15
CZ0524044,Canis lupus,5259d,2025-12-01
CZ0524044,Canis lupus,5260a,2025-07-17
CZ0524044,Canis lupus,5260b,2024-05-24
CZ0524044,Canis lupus,5260c,2025-10-07
CZ0524044,Canis lupus,5260d,2025-11-16
CZ0524044,Canis lupus,5358d,2018-12-31
CZ0524044,Canis lupus,5359a,2025-10-19
CZ0524044,Canis lupus,5359b,2025-10-20
CZ0524044,Canis lupus,5359c,2018-06-01
CZ0524044,Canis lupus,5359d,2025-09-07
CZ0524044,Canis lupus,5360a,2025-11-11
CZ0524044,Canis lupus,5360b,2025-09-29
CZ0524044,Canis lupus,5360c,2025-11-14
CZ0524044,Canis lupus,5360d,2025-10-08
CZ0524044,Canis lupus,5361a,2025-08-18
CZ0524044,Canis lupus,5361c,2024-12-17
CZ0524044,Canis lupus,5460b,2025-04-23
CZ0524044,Canis lupus,"57,""5360b""",2019-01-07
CZ0524044,Canis lupus,"64,""5360d""",2019-01-07
CZ0524044,Canis lupus,"98,""5260c""",2013-03-30
CZ0524044,Cottus gobio,"08,""5258a""",2004-01-01
CZ0524044,Cottus gobio,"11,""5258c""",2004-01-01
CZ0524044,Cottus gobio,"15,""5358b""",2004-01-01
CZ0524044,Cottus gobio,"43,""5358d""",2004-01-01
CZ0524044,Cottus gobio,"52,""5358b""",2004-01-01
CZ0524044,Cottus gobio,5258c,2020-09-02
CZ0524044,Cottus gobio,5258d,2023-08-31
CZ0524044,Cottus gobio,5259c,2015-09-01
CZ0524044,Cottus gobio,5259d,2015-09-01
CZ0524044,Cottus gobio,5260d,2023-09-21
CZ0524044,Cottus gobio,5358b,2023-08-31
CZ0524044,Cottus gobio,5358d,2023-09-01
CZ0524044,Cottus gobio,5359a,2023-09-07
CZ0524044,Cottus gobio,5359b,2023-09-08
CZ0524044,Cottus gobio,5359c,2023-09-01
CZ0524044,Cottus gobio,5359d,2023-09-08
CZ0524044,Cottus gobio,5360a,2008-08-20
CZ0524044,Cottus gobio,5360b,2023-10-19
CZ0524044,Cottus gobio,5360c,2023-09-08
CZ0524044,Cottus gobio,5360d,2024-11-05
CZ0524044,Cottus gobio,5361a,2015-09-01
CZ0524044,Cottus gobio,5361c,2023-10-29
CZ0524044,Cottus gobio,5460a,2023-09-08
CZ0524044,Cottus gobio,5460b,2013-09-01
CZ0524044,Cottus gobio,5461a,2020-09-08
CZ0524044,Cottus gobio,"66,""5358b""",1950-01-01
CZ0524044,Cottus gobio,"76,""5259d""",2009-09-01
CZ0524044,Euplagia quadripunctaria,5259c,2021-08-13
CZ0524044,Euplagia quadripunctaria,5359a,2021-08-13
CZ0524044,Euplagia quadripunctaria,5360b,2021-08-03
CZ0524044,Galium sudeticum,5259a,2024-07-10
CZ0524044,Galium sudeticum,5259c,2023-07-27
CZ0524044,Galium sudeticum,5260c,2024-07-11
CZ0524044,Galium sudeticum,5360a,2008-08-20
CZ0524044,Galium sudeticum,"69,""5259a""",2023-07-23
CZ0524044,Gentianella praecox subsp. bohemica,5360a,2008-08-20
CZ0524044,Gentianella praecox subsp. bohemica,5360c,2011-08-29
CZ0524044,Gentianella praecox subsp. bohemica,5361a,2023-09-30
CZ0524044,Lampetra planeri,"05,""5461a""",2004-01-01
CZ0524044,Lampetra planeri,"21,""5361c""",2004-01-01
CZ0524044,Lampetra planeri,5258c,2013-09-23
CZ0524044,Lampetra planeri,5258d,2013-09-01
CZ0524044,Lampetra planeri,5259c,2015-09-01
CZ0524044,Lampetra planeri,5259d,2015-09-01
CZ0524044,Lampetra planeri,5260d,2013-09-01
CZ0524044,Lampetra planeri,5358b,2013-09-23
CZ0524044,Lampetra planeri,5358d,2017-06-17
CZ0524044,Lampetra planeri,5359a,2013-09-23
CZ0524044,Lampetra planeri,5359b,2013-09-01
CZ0524044,Lampetra planeri,5359c,2013-09-01
CZ0524044,Lampetra planeri,5359d,2017-05-29
CZ0524044,Lampetra planeri,5360b,2015-09-01
CZ0524044,Lampetra planeri,5360c,2013-09-01
CZ0524044,Lampetra planeri,5360d,2013-09-01
CZ0524044,Lampetra planeri,5361a,2015-09-01
CZ0524044,Lampetra planeri,5361c,2018-10-09
CZ0524044,Lampetra planeri,5460a,2018-10-09
CZ0524044,Lampetra planeri,5460b,2013-09-01
CZ0524044,Lampetra planeri,5461a,2013-09-01
CZ0524044,Lutra lutra,"08,""5358b""",2005-03-10
CZ0524044,Lutra lutra,"32,""5358b""",2004-01-25
CZ0524044,Lutra lutra,5258a,2024-09-06
CZ0524044,Lutra lutra,5258b,2025-03-04
CZ0524044,Lutra lutra,5258c,2002-10-31
CZ0524044,Lutra lutra,5258d,2016-10-19
CZ0524044,Lutra lutra,5259a,2016-10-19
CZ0524044,Lutra lutra,5259b,2016-10-19
CZ0524044,Lutra lutra,5259c,2016-10-19
CZ0524044,Lutra lutra,5259d,2024-09-05
CZ0524044,Lutra lutra,5260c,2016-10-28
CZ0524044,Lutra lutra,5260d,2016-10-28
CZ0524044,Lutra lutra,5358b,2016-10-19
CZ0524044,Lutra lutra,5358d,2025-05-07
CZ0524044,Lutra lutra,5359a,2024-08-30
CZ0524044,Lutra lutra,5359b,2024-08-29
CZ0524044,Lutra lutra,5359c,2025-08-11
CZ0524044,Lutra lutra,5359d,2025-03-19
CZ0524044,Lutra lutra,5360a,2024-08-29
CZ0524044,Lutra lutra,5360b,2025-05-21
CZ0524044,Lutra lutra,5360c,2016-10-28
CZ0524044,Lutra lutra,5360d,2016-10-28
CZ0524044,Lutra lutra,5361a,2016-10-28
CZ0524044,Lutra lutra,5361c,2025-08-04
CZ0524044,Lutra lutra,5460a,2024-08-08
CZ0524044,Lutra lutra,"96,""5258a""",2007-01-01
CZ0524044,Lutra lutra,"96,""5258b""",2007-01-01
CZ0524044,Lutra lutra,"96,""5258c""",2007-01-01
CZ0524044,Lutra lutra,"96,""5258d""",2007-01-01
CZ0524044,Lutra lutra,"96,""5259a""",2007-01-01
CZ0524044,Lutra lutra,"96,""5259b""",2007-01-01
CZ0524044,Lutra lutra,"96,""5259c""",2007-01-01
CZ0524044,Lutra lutra,"96,""5259d""",2007-01-01
CZ0524044,Lutra lutra,"96,""5260a""",2007-01-01
CZ0524044,Lutra lutra,"96,""5260b""",2007-01-01
CZ0524044,Lutra lutra,"96,""5260c""",2007-01-01
CZ0524044,Lutra lutra,"96,""5260d""",2007-01-01
CZ0524044,Lutra lutra,"96,""5359a""",2007-01-01
CZ0524044,Lutra lutra,"96,""5359b""",2007-01-01
CZ0524044,Lutra lutra,"96,""5359c""",2007-01-01
CZ0524044,Lutra lutra,"96,""5359d""",2007-01-01
CZ0524044,Lutra lutra,"96,""5360a""",2007-01-01
CZ0524044,Lutra lutra,"96,""5360b""",2007-01-01
CZ0524044,Lutra lutra,"96,""5360c""",2007-01-01
CZ0524044,Lutra lutra,"96,""5360d""",2007-01-01
CZ0524044,Lutra lutra,"96,""5361a""",2007-01-01
CZ0524044,Lutra lutra,"96,""5361b""",2007-01-01
CZ0524044,Lutra lutra,"96,""5361c""",2007-01-01
CZ0524044,Lutra lutra,"96,""5361d""",2007-01-01
CZ0524044,Lycaena dispar,5258c,2019-06-16
CZ0524044,Lycaena dispar,5361c,2023-06-24
CZ0524044,Lynx lynx,5258a,2013-03-31
CZ0524044,Lynx lynx,5258b,2016-11-03
CZ0524044,Lynx lynx,5258c,2013-03-18
CZ0524044,Lynx lynx,5258d,2013-07-18
CZ0524044,Lynx lynx,5259a,2013-09-16
CZ0524044,Lynx lynx,5259c,2010-01-01
CZ0524044,Lynx lynx,5259d,2006-01-26
CZ0524044,Lynx lynx,5260c,2015-09-08
CZ0524044,Lynx lynx,5260d,2011-02-20
CZ0524044,Lynx lynx,5359a,2013-03-14
CZ0524044,Lynx lynx,5359b,2016-03-01
CZ0524044,Lynx lynx,5360a,2004-01-01
CZ0524044,Lynx lynx,5360b,2018-01-20
CZ0524044,Lynx lynx,5360d,2011-11-05
CZ0524044,Lynx lynx,5361a,2011-02-01
CZ0524044,Lynx lynx,5361c,2012-02-01
CZ0524044,Lynx lynx,5460b,2011-01-01
CZ0524044,Lynx lynx,"67,""5260d""",2009-12-28
CZ0524044,Myotis bechsteinii,5359a,2018-03-01
CZ0524044,Myotis bechsteinii,5359b,2003-09-22
CZ0524044,Myotis bechsteinii,5361a,2005-03-04
CZ0524044,Myotis bechsteinii,"96,""5260a""",2011-12-21
CZ0524044,Myotis bechsteinii,"96,""5260b""",2011-12-21
CZ0524044,Myotis bechsteinii,"96,""5260c""",2011-12-21
CZ0524044,Myotis bechsteinii,"96,""5260d""",2011-12-21
CZ0524044,Myotis bechsteinii,"96,""5359a""",2011-12-21
CZ0524044,Myotis bechsteinii,"96,""5359b""",2011-12-21
CZ0524044,Myotis bechsteinii,"96,""5359c""",2011-12-21
CZ0524044,Myotis bechsteinii,"96,""5359d""",2011-12-21
CZ0524044,Myotis bechsteinii,"96,""5360a""",2011-12-21
CZ0524044,Myotis bechsteinii,"96,""5360b""",2011-12-21
CZ0524044,Myotis bechsteinii,"96,""5360c""",2011-12-21
CZ0524044,Myotis bechsteinii,"96,""5360d""",2011-12-21
CZ0524044,Myotis dasycneme,5359b,2004-02-10
CZ0524044,Myotis dasycneme,5360a,2008-08-20
CZ0524044,Myotis emarginatus,5359b,2018-02-06
CZ0524044,Myotis emarginatus,5361a,2004-03-12
CZ0524044,Myotis emarginatus,5361c,2025-07-24
CZ0524044,Myotis emarginatus,"96,""5359a""",2011-12-21
CZ0524044,Myotis emarginatus,"96,""5359b""",2011-12-21
CZ0524044,Myotis emarginatus,"96,""5359c""",2011-12-21
CZ0524044,Myotis emarginatus,"96,""5359d""",2011-12-21
CZ0524044,Myotis myotis,"05,""5258d""",1987-01-01
CZ0524044,Myotis myotis,"15,""5259d""",2000-01-01
CZ0524044,Myotis myotis,"32,""5358b""",2000-01-01
CZ0524044,Myotis myotis,5258b,2009-07-31
CZ0524044,Myotis myotis,5258c,2025-06-29
CZ0524044,Myotis myotis,5258d,2004-01-28
CZ0524044,Myotis myotis,5259d,2000-01-06
CZ0524044,Myotis myotis,5358b,2018-03-06
CZ0524044,Myotis myotis,5359a,2025-06-29
CZ0524044,Myotis myotis,5359b,2018-02-06
CZ0524044,Myotis myotis,5360b,2025-07-13
CZ0524044,Myotis myotis,5360d,2023-07-16
CZ0524044,Myotis myotis,5361a,2018-02-22
CZ0524044,Myotis myotis,5460a,2025-06-18
CZ0524044,Myotis myotis,"94,""5361a""",1972-01-01
CZ0524044,Myotis myotis,"96,""5258a""",2012-06-21
CZ0524044,Myotis myotis,"96,""5258b""",2012-06-21
CZ0524044,Myotis myotis,"96,""5258c""",2012-06-21
CZ0524044,Myotis myotis,"96,""5258d""",2012-06-21
CZ0524044,Myotis myotis,"96,""5259a""",2011-12-21
CZ0524044,Myotis myotis,"96,""5259b""",2011-12-21
CZ0524044,Myotis myotis,"96,""5259c""",2011-12-21
CZ0524044,Myotis myotis,"96,""5259d""",2011-12-21
CZ0524044,Myotis myotis,"96,""5260a""",2011-12-21
CZ0524044,Myotis myotis,"96,""5260b""",2011-12-21
CZ0524044,Myotis myotis,"96,""5260c""",2011-12-21
CZ0524044,Myotis myotis,"96,""5260d""",2011-12-21
CZ0524044,Myotis myotis,"96,""5358a""",2012-06-21
CZ0524044,Myotis myotis,"96,""5358b""",2012-06-21
CZ0524044,Myotis myotis,"96,""5358c""",2012-06-21
CZ0524044,Myotis myotis,"96,""5358d""",2012-06-21
CZ0524044,Myotis myotis,"96,""5359a""",2012-06-21
CZ0524044,Myotis myotis,"96,""5359b""",2012-06-21
CZ0524044,Myotis myotis,"96,""5359c""",2012-06-21
CZ0524044,Myotis myotis,"96,""5359d""",2012-06-21
CZ0524044,Myotis myotis,"96,""5360a""",2012-06-21
CZ0524044,Myotis myotis,"96,""5360b""",2012-06-21
CZ0524044,Myotis myotis,"96,""5360c""",2012-06-21
CZ0524044,Myotis myotis,"96,""5360d""",2012-06-21
CZ0524044,Myotis myotis,"96,""5361a""",2011-12-21
CZ0524044,Myotis myotis,"96,""5361b""",2011-12-21
CZ0524044,Myotis myotis,"96,""5361c""",2011-12-21
CZ0524044,Myotis myotis,"96,""5361d""",2011-12-21
CZ0524044,Myotis myotis,"98,""5359a""",2001-01-19
CZ0524044,Myotis myotis,"99,""5359b""",1997-01-01
CZ0524044,Pedicularis sudetica,"01,""5260c""",2011-05-26
CZ0524044,Pedicularis sudetica,5259a,2025-07-02
CZ0524044,Pedicularis sudetica,5259b,2005-01-01
CZ0524044,Pedicularis sudetica,5259d,2005-01-01
CZ0524044,Pedicularis sudetica,5260c,2025-07-08
CZ0524044,Pedicularis sudetica,5260d,2001-07-26
CZ0524044,Pedicularis sudetica,5360a,2013-07-23
CZ0524044,Phengaris nausithous,"01,""5260d""",2021-07-29
CZ0524044,Phengaris nausithous,"15,""5259d""",2003-08-01
CZ0524044,Phengaris nausithous,"5,""5258b""",2023-08-12
CZ0524044,Phengaris nausithous,5158d,2023-08-12
CZ0524044,Phengaris nausithous,5258c,2025-08-28
CZ0524044,Phengaris nausithous,5258d,2024-08-06
CZ0524044,Phengaris nausithous,5259c,2023-07-20
CZ0524044,Phengaris nausithous,5259d,2021-08-13
CZ0524044,Phengaris nausithous,5261c,2021-08-11
CZ0524044,Phengaris nausithous,5358b,2025-08-08
CZ0524044,Phengaris nausithous,5358d,2022-07-28
CZ0524044,Phengaris nausithous,5359a,2023-08-12
CZ0524044,Phengaris nausithous,5359b,2025-07-27
CZ0524044,Phengaris nausithous,5359c,2023-07-19
CZ0524044,Phengaris nausithous,5359d,2024-07-31
CZ0524044,Phengaris nausithous,5360a,2021-07-29
CZ0524044,Phengaris nausithous,5360b,2021-07-29
CZ0524044,Phengaris nausithous,5360c,2024-08-05
CZ0524044,Phengaris nausithous,5360d,2025-07-28
CZ0524044,Phengaris nausithous,5361a,2021-08-10
CZ0524044,Phengaris nausithous,5361c,2025-07-29
CZ0524044,Phengaris nausithous,5460b,2025-07-28
CZ0524044,Phengaris nausithous,"8,""5361a""",1995-01-01
CZ0524044,Phengaris nausithous,"96,""5358a""",2006-07-25
CZ0524044,Phengaris nausithous,"96,""5358b""",2006-07-25
CZ0524044,Phengaris nausithous,"96,""5358c""",2006-07-25
CZ0524044,Phengaris nausithous,"96,""5358d""",2006-07-25
CZ0524044,Phengaris nausithous,"96,""5360a""",1995-01-01
CZ0524044,Phengaris nausithous,"96,""5360b""",1995-01-01
CZ0524044,Phengaris nausithous,"96,""5360c""",1995-01-01
CZ0524044,Phengaris nausithous,"96,""5360d""",1995-01-01
CZ0524044,Phengaris teleius,5258c,2025-07-23
CZ0524044,Phengaris teleius,5259c,2018-07-23
CZ0524044,Phengaris teleius,5359a,2021-07-28
CZ0524044,Phengaris teleius,5359b,2021-07-29
CZ0524044,Phengaris teleius,5360a,2006-07-17
CZ0524044,Phengaris teleius,5360c,2021-07-27
CZ0524044,Phengaris teleius,5361c,2025-07-29
CZ0524044,Phengaris teleius,"88,""5360a""",2006-07-17
CZ0524044,Rhinolophus hipposideros,5358b,2016-02-15
CZ0524044,Rhinolophus hipposideros,5359a,2023-02-24
CZ0524044,Rhinolophus hipposideros,5359b,2024-02-22
CZ0524044,Rhinolophus hipposideros,5360b,2018-07-15
CZ0524044,Rhinolophus hipposideros,5361a,2018-02-22
CZ0524044,Rhinolophus hipposideros,5361c,2025-07-24
CZ0524044,Rhinolophus hipposideros,"96,""5260a""",2011-12-21
CZ0524044,Rhinolophus hipposideros,"96,""5260b""",2011-12-21
CZ0524044,Rhinolophus hipposideros,"96,""5260c""",2011-12-21
CZ0524044,Rhinolophus hipposideros,"96,""5260d""",2011-12-21
CZ0524044,Rhinolophus hipposideros,"96,""5358a""",2011-12-21
CZ0524044,Rhinolophus hipposideros,"96,""5358b""",2011-12-21
CZ0524044,Rhinolophus hipposideros,"96,""5358c""",2011-12-21
CZ0524044,Rhinolophus hipposideros,"96,""5358d""",2011-12-21
CZ0524044,Rhinolophus hipposideros,"96,""5359a""",2012-06-21
CZ0524044,Rhinolophus hipposideros,"96,""5359b""",2012-06-21
CZ0524044,Rhinolophus hipposideros,"96,""5359c""",2012-06-21
CZ0524044,Rhinolophus hipposideros,"96,""5359d""",2012-06-21
CZ0524044,Rhinolophus hipposideros,"96,""5360a""",2011-12-21
CZ0524044,Rhinolophus hipposideros,"96,""5360b""",2011-12-21
CZ0524044,Rhinolophus hipposideros,"96,""5360c""",2011-12-21
CZ0524044,Rhinolophus hipposideros,"96,""5360d""",2011-12-21
CZ0524044,Rhinolophus hipposideros,"96,""5361a""",2011-12-21
CZ0524044,Rhinolophus hipposideros,"96,""5361b""",2011-12-21
CZ0524044,Rhinolophus hipposideros,"96,""5361c""",2011-12-21
CZ0524044,Rhinolophus hipposideros,"96,""5361d""",2011-12-21
CZ0524044,Rumex sp.,"01,""5359a""",2011-05-03
CZ0524044,Rumex sp.,"01,""5360b""",2012-05-07
CZ0524044,Rumex sp.,"27,""5360d""",2010-01-01
CZ0524044,Rumex sp.,"46,""5359b""",2012-09-16
CZ0524044,Rumex sp.,"47,""5358b""",2013-01-01
CZ0524044,Rumex sp.,5258a,2013-01-01
CZ0524044,Rumex sp.,5259b,2014-07-04
CZ0524044,Rumex sp.,5259c,2014-01-01
CZ0524044,Rumex sp.,5259d,2006-01-01
CZ0524044,Rumex sp.,5260c,2006-01-01
CZ0524044,Rumex sp.,5260d,2008-01-01
CZ0524044,Rumex sp.,5359b,2009-07-30
CZ0524044,Rumex sp.,5359c,2013-01-01
CZ0524044,Rumex sp.,5359d,2008-10-19
CZ0524044,Rumex sp.,5360a,2012-09-16
CZ0524044,Rumex sp.,5360b,2006-06-23
CZ0524044,Rumex sp.,5360c,2009-01-01
CZ0524044,Rumex sp.,5361a,2011-04-23
CZ0524044,Rumex sp.,5361c,2006-05-23
CZ0524044,Rumex sp.,5460a,2015-09-12
CZ0524044,Rumex sp.,"66,""5359d""",2008-10-19
CZ0524044,Rumex sp.,"82,""5360d""",2010-01-01
CZ0524044,Rumex sp.,"99,""5359b""",2007-01-01
CZ0524044,Salmo trutta,"05,""5461a""",2004-01-01
CZ0524044,Salmo trutta,"08,""5258a""",2004-01-01
CZ0524044,Salmo trutta,"15,""5358b""",2004-01-01
CZ0524044,Salmo trutta,"17,""5260d""",2004-01-01
CZ0524044,Salmo trutta,"21,""5361c""",2004-01-01
CZ0524044,Salmo trutta,"4,""5359d""",2004-01-01
CZ0524044,Salmo trutta,"43,""5358d""",2004-01-01
CZ0524044,Salmo trutta,"44,""5359d""",2004-01-01
CZ0524044,Salmo trutta,"5,""5359b""",2004-01-01
CZ0524044,Salmo trutta,"51,""5360d""",2004-01-01
CZ0524044,Salmo trutta,"52,""5358b""",2004-01-01
CZ0524044,Salmo trutta,5258a,2018-10-01
CZ0524044,Salmo trutta,5258b,2018-10-01
CZ0524044,Salmo trutta,5258c,2013-09-23
CZ0524044,Salmo trutta,5258d,2018-10-01
CZ0524044,Salmo trutta,5259a,2018-10-01
CZ0524044,Salmo trutta,5259c,2018-10-01
CZ0524044,Salmo trutta,5259d,2018-10-01
CZ0524044,Salmo trutta,5260c,2024-07-07
CZ0524044,Salmo trutta,5260d,2018-10-09
CZ0524044,Salmo trutta,5358b,2019-07-03
CZ0524044,Salmo trutta,5358d,2022-02-04
CZ0524044,Salmo trutta,5359a,2018-10-09
CZ0524044,Salmo trutta,5359b,2017-01-01
CZ0524044,Salmo trutta,5359c,2018-10-09
CZ0524044,Salmo trutta,5359d,2013-09-23
CZ0524044,Salmo trutta,5360b,2021-07-10
CZ0524044,Salmo trutta,5360c,2018-10-09
CZ0524044,Salmo trutta,5360d,2024-11-05
CZ0524044,Salmo trutta,5361a,2015-09-01
CZ0524044,Salmo trutta,5361c,2018-10-09
CZ0524044,Salmo trutta,5460a,2018-10-09
CZ0524044,Salmo trutta,5460b,2018-06-11
CZ0524044,Salmo trutta,5461a,2018-10-01
CZ0524044,Salmo trutta,"59,""5460a""",2004-01-01
CZ0524044,Salmo trutta,"6,""5260d""",2004-01-01
CZ0524044,Salmo trutta,"63,""5359d""",2004-01-01
CZ0524044,Salmo trutta,"64,""5359d""",2004-01-01
CZ0524044,Salmo trutta,"67,""5260c""",2004-01-01
CZ0524044,Salmo trutta,"68,""5260d""",2004-01-01
CZ0524044,Salmo trutta,"7,""5361c""",2004-01-01
CZ0524044,Salmo trutta,"76,""5359d""",2004-01-01
CZ0524044,Salmo trutta,"82,""5359a""",2004-01-01
CZ0524044,Salmo trutta,"96,""5360b""",2004-01-01
CZ0524044,Salmo trutta,"97,""5359b""",2004-01-01
CZ0524044,Salmo trutta,"97,""5359d""",2004-01-01
CZ0524044,Salmo trutta,"97,""5360b""",2004-01-01
CZ0524044,Salmo trutta,"99,""5359b""",2004-01-01
CZ0524044,Sanguisorba officinalis,"01,""5260d""",2012-09-25
CZ0524044,Sanguisorba officinalis,"01,""5360c""",2013-05-09
CZ0524044,Sanguisorba officinalis,"02,""5358b""",2013-01-01
CZ0524044,Sanguisorba officinalis,"03,""5361c""",2013-01-01
CZ0524044,Sanguisorba officinalis,"03,""5460a""",2015-08-28
CZ0524044,Sanguisorba officinalis,"04,""5258d""",2009-01-01
CZ0524044,Sanguisorba officinalis,"05,""5358b""",2012-09-17
CZ0524044,Sanguisorba officinalis,"05,""5359c""",2009-07-06
CZ0524044,Sanguisorba officinalis,"06,""5359a""",2015-06-17
CZ0524044,Sanguisorba officinalis,"08,""5259d""",2006-01-01
CZ0524044,Sanguisorba officinalis,"11,""5360d""",2009-01-01
CZ0524044,Sanguisorba officinalis,"16,""5359a""",2010-06-07
CZ0524044,Sanguisorba officinalis,"22,""5258d""",2012-04-29
CZ0524044,Sanguisorba officinalis,"24,""5359b""",2015-06-16
CZ0524044,Sanguisorba officinalis,"24,""5360d""",2013-05-17
CZ0524044,Sanguisorba officinalis,"28,""5359a""",2025-05-23
CZ0524044,Sanguisorba officinalis,"29,""5358b""",2012-04-27
CZ0524044,Sanguisorba officinalis,"32,""5361c""",2006-01-01
CZ0524044,Sanguisorba officinalis,"33,""5359a""",2010-06-07
CZ0524044,Sanguisorba officinalis,"35,""5359a""",2025-05-23
CZ0524044,Sanguisorba officinalis,"36,""5360d""",2016-05-25
CZ0524044,Sanguisorba officinalis,"37,""5359a""",2025-06-22
CZ0524044,Sanguisorba officinalis,"38,""5360c""",2014-05-30
CZ0524044,Sanguisorba officinalis,"38,""5361c""",2013-05-17
CZ0524044,Sanguisorba officinalis,"4,""5258d""",2012-04-29
CZ0524044,Sanguisorba officinalis,"4,""5259d""",2022-06-14
CZ0524044,Sanguisorba officinalis,"41,""5359c""",2009-01-01
CZ0524044,Sanguisorba officinalis,"42,""5258d""",2012-04-29
CZ0524044,Sanguisorba officinalis,"42,""5358b""",2008-06-11
CZ0524044,Sanguisorba officinalis,"42,""5358d""",2009-08-07
CZ0524044,Sanguisorba officinalis,"45,""5359a""",2013-01-01
CZ0524044,Sanguisorba officinalis,"45,""5359b""",2007-01-01
CZ0524044,Sanguisorba officinalis,"46,""5358b""",2012-01-01
CZ0524044,Sanguisorba officinalis,"46,""5359a""",2010-06-07
CZ0524044,Sanguisorba officinalis,"46,""5359c""",2010-06-26
CZ0524044,Sanguisorba officinalis,"46,""5359d""",2025-05-14
CZ0524044,Sanguisorba officinalis,"47,""5358b""",2008-06-11
CZ0524044,Sanguisorba officinalis,"47,""5359d""",2012-03-30
CZ0524044,Sanguisorba officinalis,"49,""5358b""",2013-01-01
CZ0524044,Sanguisorba officinalis,"5,""5359a""",2012-04-13
CZ0524044,Sanguisorba officinalis,"5,""5360d""",2015-08-20
CZ0524044,Sanguisorba officinalis,"51,""5359b""",2025-05-14
CZ0524044,Sanguisorba officinalis,5158d,2014-01-01
CZ0524044,Sanguisorba officinalis,"52,""5359d""",2022-05-07
CZ0524044,Sanguisorba officinalis,5258b,2008-08-20
CZ0524044,Sanguisorba officinalis,5258c,2012-08-23
CZ0524044,Sanguisorba officinalis,5258d,2020-08-09
CZ0524044,Sanguisorba officinalis,5259a,2021-10-28
CZ0524044,Sanguisorba officinalis,5259c,2022-06-14
CZ0524044,Sanguisorba officinalis,5259d,2009-09-17
CZ0524044,Sanguisorba officinalis,5260d,2010-07-01
CZ0524044,Sanguisorba officinalis,5261c,2011-05-02
CZ0524044,Sanguisorba officinalis,"53,""5361c""",2013-01-01
CZ0524044,Sanguisorba officinalis,5358b,2025-07-10
CZ0524044,Sanguisorba officinalis,5358d,2025-06-15
CZ0524044,Sanguisorba officinalis,5359a,2025-06-28
CZ0524044,Sanguisorba officinalis,5359b,2025-06-26
CZ0524044,Sanguisorba officinalis,5359c,2025-06-18
CZ0524044,Sanguisorba officinalis,5359d,2025-05-14
CZ0524044,Sanguisorba officinalis,5360a,2019-08-07
CZ0524044,Sanguisorba officinalis,5360b,2023-06-13
CZ0524044,Sanguisorba officinalis,5360c,2022-06-12
CZ0524044,Sanguisorba officinalis,5360d,2021-07-27
CZ0524044,Sanguisorba officinalis,5361a,2018-06-25
CZ0524044,Sanguisorba officinalis,5361c,2018-08-30
CZ0524044,Sanguisorba officinalis,5460a,2015-09-12
CZ0524044,Sanguisorba officinalis,5460b,2020-09-13
CZ0524044,Sanguisorba officinalis,"55,""5358d""",2025-06-03
CZ0524044,Sanguisorba officinalis,"56,""5360d""",2012-04-30
CZ0524044,Sanguisorba officinalis,"57,""5359a""",2012-05-04
CZ0524044,Sanguisorba officinalis,"57,""5360c""",2012-04-14
CZ0524044,Sanguisorba officinalis,"58,""5360d""",2013-01-01
CZ0524044,Sanguisorba officinalis,"59,""5259c""",2022-06-14
CZ0524044,Sanguisorba officinalis,"6,""5258d""",2012-09-12
CZ0524044,Sanguisorba officinalis,"6,""5360d""",2016-05-25
CZ0524044,Sanguisorba officinalis,"61,""5358b""",2013-06-20
CZ0524044,Sanguisorba officinalis,"61,""5358d""",2025-06-03
CZ0524044,Sanguisorba officinalis,"63,""5358d""",2010-06-12
CZ0524044,Sanguisorba officinalis,"64,""5460a""",2012-05-12
CZ0524044,Sanguisorba officinalis,"66,""5359a""",2025-06-19
CZ0524044,Sanguisorba officinalis,"67,""5460a""",2015-08-28
CZ0524044,Sanguisorba officinalis,"7,""5359a""",2012-04-13
CZ0524044,Sanguisorba officinalis,"7,""5360d""",2013-01-01
CZ0524044,Sanguisorba officinalis,"71,""5358b""",2013-06-20
CZ0524044,Sanguisorba officinalis,"72,""5358b""",2013-05-07
CZ0524044,Sanguisorba officinalis,"73,""5359c""",2023-07-21
CZ0524044,Sanguisorba officinalis,"74,""5359b""",2009-01-01
CZ0524044,Sanguisorba officinalis,"75,""5259d""",2009-07-14
CZ0524044,Sanguisorba officinalis,"76,""5358b""",2012-04-29
CZ0524044,Sanguisorba officinalis,"79,""5359c""",2025-05-22
CZ0524044,Sanguisorba officinalis,"79,""5360d""",2014-01-01
CZ0524044,Sanguisorba officinalis,"8,""5358b""",2025-05-23
CZ0524044,Sanguisorba officinalis,"83,""5359a""",2025-06-18
CZ0524044,Sanguisorba officinalis,"83,""5360c""",2007-01-01
CZ0524044,Sanguisorba officinalis,"84,""5359a""",2012-05-04
CZ0524044,Sanguisorba officinalis,"85,""5359c""",2009-07-06
CZ0524044,Sanguisorba officinalis,"87,""5259c""",2006-01-01
CZ0524044,Sanguisorba officinalis,"87,""5359d""",2012-03-30
CZ0524044,Sanguisorba officinalis,"93,""5358b""",2008-06-11
CZ0524044,Sanguisorba officinalis,"95,""5259d""",2022-06-14
CZ0524044,Sanguisorba officinalis,"96,""5258d""",2009-01-01
CZ0524044,Sanguisorba officinalis,"96,""5259d""",2009-07-14
CZ0524044,Sanguisorba officinalis,"97,""5359d""",2009-06-06
CZ0524044,Sanguisorba officinalis,"97,""5360d""",2013-01-01
CZ0524044,Sanguisorba officinalis,"97,""5460b""",2012-04-24
CZ0524044,Sanguisorba officinalis,"99,""5358b""",2009-01-01
CZ0524044,Sanguisorba officinalis,"99,""5359c""",2023-08-30
CZ0524044,Sanguisorba officinalis,"99,""5359d""",2023-05-07
CZ0524044,Succisa pratensis,"11,""5258d""",2009-01-01
CZ0524044,Succisa pratensis,5258b,2008-08-16
CZ0524044,Succisa pratensis,5258c,2019-08-12
CZ0524044,Succisa pratensis,5358d,2013-01-01
CZ0524044,Succisa pratensis,5359a,2020-05-13
CZ0524044,Succisa pratensis,5359c,2009-01-01
CZ0524044,Succisa pratensis,5359d,2025-09-02
CZ0524044,Succisa pratensis,5360c,2018-07-02
CZ0524044,Succisa pratensis,5360d,2006-01-01
CZ0524045,Bombina bombina,5762a,2025-06-27
CZ0524045,Bombina bombina,"65,""5762a""",2012-01-01
CZ0524045,Bombina bombina,"8,""5762a""",2022-07-03
CZ0524045,Castor fiber,5762a,2025-03-22
CZ0524045,Hamatocaulis vernicosus,"86,""5762a""",2001-01-01
CZ0524045,Lutra lutra,5762a,2025-03-22
CZ0524045,Lycaena dispar,"86,""5762a""",2010-08-20
CZ0524045,Myotis myotis,5762a,2000-01-01
CZ0524045,Ophiogomphus cecilia,5762a,2020-07-31
CZ0524045,Ophiogomphus cecilia,"86,""5762a""",2010-08-20
CZ0524045,Phengaris nausithous,5762a,2010-07-27
CZ0524045,Rhinolophus hipposideros,5762a,2000-01-01
CZ0524045,Sanguisorba officinalis,5762a,2023-06-24
CZ0524045,Succisa pratensis,5762a,2023-06-24
CZ0524046,Buxbaumia viridis,5664a,2015-10-13
CZ0524046,Canis lupus,5664a,2026-02-03
CZ0524046,Canis lupus,5664c,2026-02-02
CZ0524046,Cottus gobio,"15,""5664c""",2004-01-01
CZ0524046,Cottus gobio,"2,""5664c""",2004-01-01
CZ0524046,Cottus gobio,"5,""5664c""",2004-01-01
CZ0524046,Gentianella praecox subsp. bohemica,5664a,2024-06-21
CZ0524046,Lampetra planeri,"15,""5664c""",2004-01-01
CZ0524046,Lampetra planeri,"5,""5664c""",2004-01-01
CZ0524046,Ophiogomphus cecilia,5664a,2022-07-15
CZ0524046,Phengaris nausithous,5664a,2021-07-27
CZ0524046,Rumex sp.,5664a,2005-06-09
CZ0524046,Rumex sp.,5664c,2004-07-16
CZ0524046,Salmo trutta,"15,""5664c""",2004-01-01
CZ0524046,Salmo trutta,"2,""5664c""",2004-01-01
CZ0524046,Salmo trutta,"5,""5664c""",2004-01-01
CZ0524046,Sanguisorba officinalis,5664a,2024-06-21
CZ0524046,Sanguisorba officinalis,5664c,2022-07-25
CZ0524046,Sanguisorba officinalis,"99,""5664a""",2008-06-27
CZ0524046,Succisa pratensis,5664c,2022-08-30
CZ0524046,Succisa pratensis,"99,""5664c""",2005-06-03
CZ0524047,Barbastella barbastellus,5663a,2001-01-01
CZ0524047,Buxbaumia viridis,5663a,2024-11-09
CZ0524047,Buxbaumia viridis,"79,""5663a""",2001-04-21
CZ0524047,Canis lupus,"27,""5663a""",2025-01-01
CZ0524047,Canis lupus,5663a,2025-01-24
CZ0524047,Cottus gobio,5663a,2015-09-16
CZ0524047,Cucujus cinnaberinus,5663a,2021-01-22
CZ0524047,Lampetra planeri,"42,""5663a""",2004-01-01
CZ0524047,Lutra lutra,5662b,2016-10-29
CZ0524047,Lutra lutra,5663a,2024-04-21
CZ0524047,Myotis emarginatus,"92,""5663a""",2002-01-01
CZ0524047,Ophiogomphus cecilia,"01,""5663a""",2003-08-21
CZ0524047,Ophiogomphus cecilia,5662b,2014-07-20
CZ0524047,Ophiogomphus cecilia,5663a,2014-07-20
CZ0524047,Phengaris nausithous,5663a,2024-07-31
CZ0524047,Phengaris nausithous,"97,""5663a""",2004-09-06
CZ0524047,Salmo trutta,"18,""5663a""",2004-01-01
CZ0524047,Salmo trutta,"42,""5663a""",2004-01-01
CZ0524047,Salmo trutta,"47,""5663a""",2004-01-01
CZ0524047,Salmo trutta,5663a,2015-09-16
CZ0524047,Salmo trutta,"67,""5663a""",2004-01-01
CZ0524047,Salmo trutta,"71,""5662b""",2004-01-01
CZ0524047,Sanguisorba officinalis,5662b,2015-10-04
CZ0524047,Sanguisorba officinalis,5663a,2024-05-13
CZ0524047,Succisa pratensis,5663a,2006-06-01
CZ0524048,Bombina bombina,5559d,2024-07-10
CZ0524048,Lemna trisulca,5559d,2010-06-02
CZ0524048,Leucorrhinia pectoralis,5559d,2003-06-12
CZ0524048,Liparis loeselii,5559d,2024-09-05
CZ0524048,Sanguisorba officinalis,5559d,2020-06-28
CZ0524048,Succisa pratensis,5559d,2020-06-30
CZ0524048,Triturus cristatus,5559d,2020-07-06
CZ0524049,Abramis brama,"38,""5960b""",2004-01-01
CZ0524049,Abramis brama,"43,""5862a""",2004-01-01
CZ0524049,Abramis brama,"55,""5862d""",2004-01-01
CZ0524049,Abramis brama,5761c,2019-02-04
CZ0524049,Abramis brama,5761d,2024-10-24
CZ0524049,Abramis brama,"58,""5963c""",2004-01-01
CZ0524049,Abramis brama,5860b,2006-07-17
CZ0524049,Abramis brama,5862a,2004-01-01
CZ0524049,Abramis brama,5962b,2019-09-06
CZ0524049,Abramis brama,"75,""5962b""",2004-01-01
CZ0524049,Abramis brama,"79,""5761d""",2004-01-01
CZ0524049,Abramis brama,"93,""5761c""",2004-01-01
CZ0524049,Abramis brama,"99,""5863c""",2004-01-01
CZ0524049,Ameiurus nebulosus,"38,""5960b""",2004-01-01
CZ0524049,Ameiurus nebulosus,5962b,2025-08-27
CZ0524049,Blicca bjoerkna,"38,""5960b""",2004-01-01
CZ0524049,Blicca bjoerkna,"43,""5862a""",2004-01-01
CZ0524049,Blicca bjoerkna,5761c,2010-09-20
CZ0524049,Blicca bjoerkna,"58,""5963c""",2004-01-01
CZ0524049,Blicca bjoerkna,5860b,2006-07-17
CZ0524049,Blicca bjoerkna,5862a,2014-10-29
CZ0524049,Blicca bjoerkna,5962b,2004-01-01
CZ0524049,Blicca bjoerkna,"75,""5962b""",2004-01-01
CZ0524049,Blicca bjoerkna,"79,""5761d""",2004-01-01
CZ0524049,Blicca bjoerkna,"99,""5863c""",2004-01-01
CZ0524049,Bombina bombina,5761d,2014-06-21
CZ0524049,Bombina bombina,5862a,2013-06-07
CZ0524049,Bombina bombina,5862d,2013-06-07
CZ0524049,Bombina bombina,5963c,2010-04-19
CZ0524049,Castor fiber,"4,""5862a""",2018-05-29
CZ0524049,Castor fiber,5761c,2024-01-27
CZ0524049,Castor fiber,5761d,2014-12-02
CZ0524049,Castor fiber,"58,""5963c""",2011-12-01
CZ0524049,Castor fiber,5861b,2014-12-06
CZ0524049,Castor fiber,5862a,2025-05-11
CZ0524049,Castor fiber,5862c,2020-04-18
CZ0524049,Castor fiber,5862d,2012-07-29
CZ0524049,Castor fiber,5962b,2012-07-29
CZ0524049,Cottus gobio,5761d,2006-08-29
CZ0524049,Cottus gobio,"58,""5963c""",2004-01-01
CZ0524049,Cottus gobio,5862a,2003-09-24
CZ0524049,Cottus gobio,5862c,2014-11-15
CZ0524049,Cottus gobio,5862d,2020-08-28
CZ0524049,Cottus gobio,5963c,2004-01-01
CZ0524049,Cucujus cinnaberinus,5761d,2024-05-25
CZ0524049,Cucujus cinnaberinus,5860d,2017-07-18
CZ0524049,Cucujus cinnaberinus,5960b,2019-03-14
CZ0524049,Cucujus cinnaberinus,5963c,2007-06-27
CZ0524049,Epidalea calamita,5862c,2019-01-01
CZ0524049,Hipparchia semele,NA,1995-01-01
CZ0524049,Lampetra planeri,"43,""5862a""",2004-01-01
CZ0524049,Lampetra planeri,"55,""5862d""",2004-01-01
CZ0524049,Lampetra planeri,5761c,2008-06-03
CZ0524049,Lampetra planeri,5861b,2025-10-15
CZ0524049,Lampetra planeri,5862a,2004-01-01
CZ0524049,Lampetra planeri,"79,""5761d""",2004-01-01
CZ0524049,Lampetra planeri,"88,""5962b""",2000-01-01
CZ0524049,Lemna trisulca,5761c,2014-05-22
CZ0524049,Lemna trisulca,5761d,2007-08-21
CZ0524049,Lemna trisulca,5861b,2012-07-23
CZ0524049,Lemna trisulca,5862a,2009-07-25
CZ0524049,Lemna trisulca,5862c,2022-06-18
CZ0524049,Lemna trisulca,5862d,2022-09-08
CZ0524049,Lemna trisulca,5962b,2015-09-03
CZ0524049,Lemna trisulca,5963c,2008-06-17
CZ0524049,Leuciscus aspius,"2,""5962b""",1950-01-01
CZ0524049,Leuciscus aspius,"37,""5960b""",1950-01-01
CZ0524049,Leuciscus aspius,"38,""5960b""",2004-01-01
CZ0524049,Leuciscus aspius,"43,""5862a""",2004-01-01
CZ0524049,Leuciscus aspius,"53,""5862a""",1950-01-01
CZ0524049,Leuciscus aspius,5760d,2017-11-01
CZ0524049,Leuciscus aspius,5761c,2022-10-10
CZ0524049,Leuciscus aspius,5761d,2024-10-24
CZ0524049,Leuciscus aspius,"58,""5963c""",2004-01-01
CZ0524049,Leuciscus aspius,5860b,2022-10-10
CZ0524049,Leuciscus aspius,5861b,2022-10-10
CZ0524049,Leuciscus aspius,5862a,2022-10-10
CZ0524049,Leuciscus aspius,5862c,2022-10-10
CZ0524049,Leuciscus aspius,5862d,2022-10-10
CZ0524049,Leuciscus aspius,5863c,2022-10-10
CZ0524049,Leuciscus aspius,5960b,2022-10-10
CZ0524049,Leuciscus aspius,5962b,2022-10-10
CZ0524049,Leuciscus aspius,5963c,2022-10-10
CZ0524049,Leuciscus aspius,"7,""5862a""",1950-01-01
CZ0524049,Leuciscus aspius,"75,""5962b""",2004-01-01
CZ0524049,Leuciscus aspius,"79,""5761d""",2004-01-01
CZ0524049,Lutra lutra,5761c,2019-02-04
CZ0524049,Lutra lutra,5861b,2016-10-29
CZ0524049,Lutra lutra,5862a,2018-09-05
CZ0524049,Lutra lutra,5862c,2018-09-05
CZ0524049,Lutra lutra,5862d,2016-10-29
CZ0524049,Lutra lutra,5863c,2018-09-05
CZ0524049,Lutra lutra,5960b,2006-10-15
CZ0524049,Lutra lutra,5962b,2014-05-22
CZ0524049,Lutra lutra,5963c,2018-09-05
CZ0524049,Lutra lutra,"99,""5862a""",2004-01-01
CZ0524049,Lycaena dispar,5761c,2021-07-08
CZ0524049,Lycaena dispar,5761d,2007-08-25
CZ0524049,Lycaena dispar,5861b,2018-06-21
CZ0524049,Lycaena dispar,5862a,2018-08-09
CZ0524049,Lycaena dispar,5862c,2007-08-25
CZ0524049,Lycaena dispar,5862d,2007-08-01
CZ0524049,Lycaena dispar,5962b,2007-08-25
CZ0524049,Lycaena dispar,5963c,2007-08-01
CZ0524049,Lycaena dispar,"89,""5862d""",2007-08-25
CZ0524049,Misgurnus fossilis,5862a,2014-10-31
CZ0524049,Misgurnus fossilis,5962b,2014-10-31
CZ0524049,Misgurnus fossilis,"75,""5962b""",2004-01-01
CZ0524049,Ophiogomphus cecilia,5761c,2019-07-31
CZ0524049,Ophiogomphus cecilia,5761d,2019-07-31
CZ0524049,Ophiogomphus cecilia,5860b,2021-06-24
CZ0524049,Ophiogomphus cecilia,5860d,2019-07-12
CZ0524049,Ophiogomphus cecilia,5861b,2019-08-01
CZ0524049,Ophiogomphus cecilia,5862a,2025-07-01
CZ0524049,Ophiogomphus cecilia,5862c,2020-09-21
CZ0524049,Ophiogomphus cecilia,5862d,2019-07-16
CZ0524049,Ophiogomphus cecilia,5863c,2023-07-11
CZ0524049,Ophiogomphus cecilia,5960b,2019-08-11
CZ0524049,Ophiogomphus cecilia,5962b,2019-07-25
CZ0524049,Ophiogomphus cecilia,5962d,2012-06-17
CZ0524049,Ophiogomphus cecilia,5963c,2019-07-25
CZ0524049,Phengaris nausithous,5761c,2025-07-30
CZ0524049,Phengaris nausithous,5861b,2024-07-13
CZ0524049,Phengaris nausithous,5862a,2024-07-13
CZ0524049,Phengaris nausithous,5862c,2015-08-07
CZ0524049,Phengaris nausithous,5962b,2025-07-16
CZ0524049,Phengaris nausithous,5963c,2023-08-11
CZ0524049,Phengaris nausithous,"85,""5861b""",2004-07-30
CZ0524049,Phengaris teleius,5761c,2021-08-04
CZ0524049,Phengaris teleius,5962b,2025-07-16
CZ0524049,Phengaris teleius,5963c,2023-08-11
CZ0524049,Phengaris teleius,"85,""5861b""",2004-07-30
CZ0524049,Rhodeus amarus,5862a,2012-09-19
CZ0524049,Rhodeus amarus,5862d,2019-07-31
CZ0524049,Rhodeus amarus,5960b,2024-10-23
CZ0524049,Rumex sp.,5860b,2019-07-19
CZ0524049,Rumex sp.,5861b,2015-05-25
CZ0524049,Salmo trutta,"38,""5960b""",2004-01-01
CZ0524049,Salmo trutta,"55,""5862d""",2004-01-01
CZ0524049,Salmo trutta,5761c,2008-06-03
CZ0524049,Salmo trutta,"58,""5963c""",2004-01-01
CZ0524049,Salmo trutta,5963c,2008-03-01
CZ0524049,Salmo trutta,"75,""5962b""",2004-01-01
CZ0524049,Salmo trutta,"79,""5761d""",2004-01-01
CZ0524049,Salmo trutta,"99,""5863c""",2004-01-01
CZ0524049,Sanguisorba officinalis,"1,""5861b""",2015-05-21
CZ0524049,Sanguisorba officinalis,"11,""5863c""",2007-07-20
CZ0524049,Sanguisorba officinalis,"3,""5761d""",2015-05-21
CZ0524049,Sanguisorba officinalis,"43,""5862d""",2003-05-09
CZ0524049,Sanguisorba officinalis,"46,""5962b""",2002-05-20
CZ0524049,Sanguisorba officinalis,"54,""5761d""",2015-05-19
CZ0524049,Sanguisorba officinalis,"54,""5862a""",2012-07-09
CZ0524049,Sanguisorba officinalis,"54,""5862c""",2012-06-04
CZ0524049,Sanguisorba officinalis,"55,""5761d""",2015-05-19
CZ0524049,Sanguisorba officinalis,5761c,2021-05-16
CZ0524049,Sanguisorba officinalis,5761d,2025-04-29
CZ0524049,Sanguisorba officinalis,5860b,2016-06-23
CZ0524049,Sanguisorba officinalis,5861b,2021-05-07
CZ0524049,Sanguisorba officinalis,5862a,2012-08-14
CZ0524049,Sanguisorba officinalis,5862c,2022-09-22
CZ0524049,Sanguisorba officinalis,5862d,2022-09-06
CZ0524049,Sanguisorba officinalis,5863c,2025-03-12
CZ0524049,Sanguisorba officinalis,5960b,2022-06-24
CZ0524049,Sanguisorba officinalis,5962b,2024-06-07
CZ0524049,Sanguisorba officinalis,5963c,2024-06-03
CZ0524049,Sanguisorba officinalis,"65,""5761d""",2002-05-25
CZ0524049,Sanguisorba officinalis,"68,""5862c""",2022-05-26
CZ0524049,Sanguisorba officinalis,"76,""5761d""",2015-05-19
CZ0524049,Sanguisorba officinalis,"76,""5862c""",2022-05-26
CZ0524049,Sanguisorba officinalis,"79,""5862d""",2022-06-18
CZ0524049,Sanguisorba officinalis,"81,""5862a""",2012-09-07
CZ0524049,Sanguisorba officinalis,"96,""5962b""",2022-06-05
CZ0524049,Sanguisorba officinalis,"97,""5862c""",2019-08-16
CZ0524049,Scardinius erythrophthalmus,"38,""5960b""",2004-01-01
CZ0524049,Scardinius erythrophthalmus,5761c,2010-09-20
CZ0524049,Scardinius erythrophthalmus,5860b,2006-07-17
CZ0524049,Scardinius erythrophthalmus,5861b,2025-06-22
CZ0524049,Scardinius erythrophthalmus,5962b,2004-01-01
CZ0524049,Scardinius erythrophthalmus,"75,""5962b""",2004-01-01
CZ0524049,Scardinius erythrophthalmus,"79,""5761d""",2004-01-01
CZ0524049,Scardinius erythrophthalmus,"99,""5863c""",2004-01-01
CZ0524049,Succisa pratensis,"1,""5861b""",2015-05-21
CZ0524049,Succisa pratensis,5761d,2015-05-27
CZ0524049,Succisa pratensis,5861b,2015-05-19
CZ0524049,Succisa pratensis,5962b,2015-07-30
CZ0524049,Triturus cristatus,5862d,2013-06-07
CZ0524049,Unio crassus,5761c,2019-02-04
CZ0524049,Unio crassus,5761d,2025-03-02
CZ0524049,Unio crassus,5861b,2009-08-02
CZ0524049,Unio crassus,5863c,2008-06-07
CZ0524050,Bombina bombina,5662d,2024-07-15
CZ0524050,Cypripedium calceolus,5662d,2024-05-14
CZ0524050,Cypripedium calceolus,"99,""5662d""",2014-10-02
CZ0524050,Ophiogomphus cecilia,5662d,2016-07-17
CZ0524050,Sanguisorba officinalis,5662d,2012-01-01
CZ0524050,Triturus cristatus,5662d,2023-04-29
CZ0525001,Hamatocaulis vernicosus,5763b,2021-09-16
CZ0525001,Lycaena dispar,5763b,2017-06-21
CZ0525001,Sanguisorba officinalis,5763b,2017-06-21
CZ0525001,Succisa pratensis,5763b,2001-01-01
CZ0525002,Hamatocaulis vernicosus,5463d,2020-10-30
CZ0525002,Phengaris nausithous,5463d,2024-07-16
CZ0525002,Salmo trutta,5463d,2015-09-04
CZ0525002,Sanguisorba officinalis,5463d,2019-06-14
CZ0525002,Succisa pratensis,5463d,2019-06-14
CZ0530020,Barbastella barbastellus,6265c,2017-02-15
CZ0530020,Cucujus cinnaberinus,6265d,2021-09-10
CZ0530020,Euplagia quadripunctaria,6165c,2022-08-06
CZ0530020,Euplagia quadripunctaria,6265a,2007-07-18
CZ0530020,Myotis bechsteinii,6265c,2022-02-11
CZ0530020,Myotis emarginatus,6265c,2016-02-26
CZ0530020,Myotis myotis,"18,""6265d""",2022-09-09
CZ0530020,Myotis myotis,6265c,2025-02-03
CZ0530020,Myotis sp.,6265c,2024-02-02
CZ0530020,Rhinolophus hipposideros,"18,""6265d""",2022-02-25
CZ0530020,Rhinolophus hipposideros,6265c,2025-02-03
CZ0530020,Rhinolophus hipposideros,"65,""6265d""",2002-01-01
CZ0530020,Sanguisorba officinalis,6365b,2016-08-23
CZ0530021,Bombina bombina,"15,""5861d""",2019-06-08
CZ0530021,Bombina bombina,"19,""5861d""",2025-05-03
CZ0530021,Bombina bombina,5961b,2025-05-03
CZ0530021,Hipparchia semele,NA,1995-01-01
CZ0530021,Lutra lutra,5961b,2023-04-30
CZ0530021,Lycaena dispar,"07,""5961b""",2023-08-04
CZ0530021,Lycaena dispar,"57,""5961b""",2008-07-31
CZ0530021,Lycaena dispar,5961b,2023-08-04
CZ0530021,Myotis myotis,5961b,2013-05-07
CZ0530021,Phengaris nausithous,"07,""5961b""",2023-08-11
CZ0530021,Phengaris nausithous,5961b,2023-07-14
CZ0530021,Phengaris teleius,"07,""5961b""",2023-08-11
CZ0530021,Phengaris teleius,5961b,2023-08-04
CZ0530021,Sanguisorba officinalis,"51,""5961b""",2012-08-10
CZ0530021,Sanguisorba officinalis,5961b,2023-08-11
CZ0530021,Succisa pratensis,5961b,2020-07-26
CZ0530021,Triturus cristatus,5961b,2025-07-05
CZ0530027,Barbastella barbastellus,6164b,2020-03-12
CZ0530027,Cucujus cinnaberinus,6164b,2014-01-01
CZ0530027,Cucujus cinnaberinus,6164d,2021-09-21
CZ0530027,Lemna trisulca,6164b,2022-05-25
CZ0530027,Lycaena dispar,6164b,2025-06-13
CZ0530027,Myotis myotis,6164d,2015-05-25
CZ0530027,Phengaris nausithous,6164b,2025-09-04
CZ0530027,Phengaris teleius,6164b,2025-07-30
CZ0530027,Sanguisorba officinalis,6164b,2022-07-15
CZ0530027,Succisa pratensis,6164b,2022-06-30
CZ0530027,Triturus cristatus,6164b,2020-06-11
CZ0530028,Cucujus cinnaberinus,6064b,2025-04-28
CZ0530028,Lampetra planeri,"44,""6064a""",2004-01-01
CZ0530028,Lampetra planeri,"53,""6064a""",2004-01-01
CZ0530028,Myotis emarginatus,6064b,2008-02-06
CZ0530028,Myotis myotis,"89,""6064b""",2015-05-17
CZ0530028,Phengaris nausithous,6064b,2020-07-23
CZ0530028,Phengaris nausithous,"85,""6064a""",2009-07-30
CZ0530028,Rhinolophus hipposideros,6064b,2013-02-10
CZ0530028,Salmo trutta,"44,""6064a""",2004-01-01
CZ0530028,Salmo trutta,"53,""6064a""",2004-01-01
CZ0530028,Sanguisorba officinalis,6064b,2016-04-26
CZ0530033,Cottus gobio,6266d,2013-09-23
CZ0530033,Euplagia quadripunctaria,6266d,2024-09-12
CZ0530033,Lampetra planeri,6266d,2013-09-23
CZ0530033,Lynx lynx,6266b,2004-12-15
CZ0530033,Phengaris nausithous,6266b,2022-08-04
CZ0530033,Phengaris nausithous,6266d,2022-08-06
CZ0530033,Salmo trutta,6266d,2013-09-23
CZ0530033,Salmo trutta,"7,""6266d""",2004-01-01
CZ0530033,Sanguisorba officinalis,6266b,2017-06-13
CZ0530033,Sanguisorba officinalis,6266d,2017-06-07
CZ0530033,Sanguisorba officinalis,"69,""6266b""",2017-06-13
CZ0530034,Cottus gobio,"05,""6065b""",2004-01-01
CZ0530034,Cottus gobio,"21,""6065b""",2004-01-01
CZ0530034,Cottus gobio,6065d,2013-09-23
CZ0530034,Lampetra planeri,"05,""6065b""",2004-01-01
CZ0530034,Lampetra planeri,"21,""6065b""",2004-01-01
CZ0530034,Lampetra planeri,6065d,2013-09-23
CZ0530034,Myotis myotis,"26,""6065d""",2015-05-16
CZ0530034,Salmo trutta,"05,""6065b""",2004-01-01
CZ0530034,Salmo trutta,"21,""6065b""",2004-01-01
CZ0530034,Salmo trutta,6065d,2013-09-23
CZ0530034,Sanguisorba officinalis,6065b,2005-09-15
CZ0530034,Sanguisorba officinalis,6065d,2013-09-18
CZ0530034,Scardinius erythrophthalmus,"21,""6065b""",2004-01-01
CZ0530064,Hipparchia semele,NA,1995-01-01
CZ0530064,Ophiogomphus cecilia,5861b,2019-08-03
CZ0530064,Phengaris nausithous,5861b,2023-08-04
CZ0530064,Phengaris teleius,5861b,2024-04-01
CZ0530064,Sanguisorba officinalis,5861b,2024-04-16
CZ0530064,Succisa pratensis,5861b,2023-05-04
CZ0530146,Barbastella barbastellus,"19,""5867a""",2015-05-16
CZ0530146,Barbastella barbastellus,5866b,1966-01-01
CZ0530146,Barbastella barbastellus,5867a,2003-02-16
CZ0530146,Barbastella barbastellus,"79,""5867a""",2013-05-01
CZ0530146,Barbastella barbastellus,"96,""5867a""",2011-12-21
CZ0530146,Barbastella barbastellus,"96,""5867b""",2011-12-21
CZ0530146,Barbastella barbastellus,"96,""5867c""",2011-12-21
CZ0530146,Barbastella barbastellus,"96,""5867d""",2011-12-21
CZ0530146,Buxbaumia viridis,5867a,2022-10-19
CZ0530146,Canis lupus,"26,""5866b""",2024-06-08
CZ0530146,Canis lupus,"49,""5867a""",2025-04-13
CZ0530146,Canis lupus,5866b,2025-11-08
CZ0530146,Canis lupus,5867a,2024-03-24
CZ0530146,Canis lupus,5867c,2025-04-26
CZ0530146,Carabus variolosus,"57,""5867a""",2003-01-01
CZ0530146,Carabus variolosus,5866b,2023-06-08
CZ0530146,Carabus variolosus,5867a,2017-05-07
CZ0530146,Castor fiber,"96,""5867a""",2022-06-01
CZ0530146,Castor fiber,"96,""5867b""",2022-06-01
CZ0530146,Castor fiber,"96,""5867c""",2022-06-01
CZ0530146,Castor fiber,"96,""5867d""",2022-06-01
CZ0530146,Lutra lutra,5866b,2011-01-01
CZ0530146,Lutra lutra,"96,""5867a""",2022-06-01
CZ0530146,Lutra lutra,"96,""5867b""",2022-06-01
CZ0530146,Lutra lutra,"96,""5867c""",2022-06-01
CZ0530146,Lutra lutra,"96,""5867d""",2022-06-01
CZ0530146,Lynx lynx,5867a,2014-09-01
CZ0530146,Lynx lynx,"59,""5867a""",2009-10-28
CZ0530146,Myotis bechsteinii,"96,""5867a""",2011-12-21
CZ0530146,Myotis bechsteinii,"96,""5867b""",2011-12-21
CZ0530146,Myotis bechsteinii,"96,""5867c""",2011-12-21
CZ0530146,Myotis bechsteinii,"96,""5867d""",2011-12-21
CZ0530146,Myotis emarginatus,5867a,2020-02-22
CZ0530146,Myotis emarginatus,"96,""5867a""",2011-12-21
CZ0530146,Myotis emarginatus,"96,""5867b""",2011-12-21
CZ0530146,Myotis emarginatus,"96,""5867c""",2011-12-21
CZ0530146,Myotis emarginatus,"96,""5867d""",2011-12-21
CZ0530146,Myotis myotis,5866b,1966-01-01
CZ0530146,Myotis myotis,5867a,2022-03-05
CZ0530146,Myotis myotis,"96,""5867a""",2012-06-21
CZ0530146,Myotis myotis,"96,""5867b""",2012-06-21
CZ0530146,Myotis myotis,"96,""5867c""",2012-06-21
CZ0530146,Myotis myotis,"96,""5867d""",2012-06-21
CZ0530146,Rhinolophus hipposideros,5867a,2022-03-05
CZ0530146,Rhinolophus hipposideros,"96,""5867a""",2011-12-21
CZ0530146,Rhinolophus hipposideros,"96,""5867b""",2011-12-21
CZ0530146,Rhinolophus hipposideros,"96,""5867c""",2011-12-21
CZ0530146,Rhinolophus hipposideros,"96,""5867d""",2011-12-21
CZ0530149,Sanguisorba officinalis,"34,""6165d""",2016-04-01
CZ0530149,Sanguisorba officinalis,6165d,2015-10-13
CZ0530174,Bombina bombina,6065c,2013-08-16
CZ0530174,Castor fiber,6065c,2021-05-06
CZ0530174,Lutra lutra,6065c,2024-04-27
CZ0530174,Lycaena dispar,6065c,2008-01-01
CZ0530174,Phengaris nausithous,6065c,2008-01-01
CZ0530174,Phengaris teleius,6065c,2008-01-01
CZ0530174,Sanguisorba officinalis,6065c,2026-03-08
CZ0530174,Succisa pratensis,6065c,2023-05-30
CZ0530174,Triturus cristatus,6065c,2006-06-11
CZ0530500,Barbastella barbastellus,"23,""6159b""",2012-01-24
CZ0530500,Barbastella barbastellus,6159b,2026-01-20
CZ0530500,Cucujus cinnaberinus,6159a,2025-05-13
CZ0530500,Cucujus cinnaberinus,6159b,2025-09-16
CZ0530500,Lutra lutra,"97,""6159b""",2004-01-01
CZ0530500,Lycaena dispar,6159b,2021-08-16
CZ0530500,Myotis bechsteinii,6159b,2022-01-21
CZ0530500,Myotis emarginatus,6159b,2023-02-04
CZ0530500,Myotis myotis,"23,""6159b""",2012-01-24
CZ0530500,Myotis myotis,6159b,2026-01-20
CZ0530500,Myotis myotis,"97,""6159b""",2004-01-01
CZ0530500,Rhinolophus hipposideros,"23,""6159b""",2012-01-24
CZ0530500,Rhinolophus hipposideros,6159b,2026-01-20
CZ0530500,Rhinolophus hipposideros,"97,""6159b""",2004-01-01
CZ0530500,Salmo trutta,"34,""6159a""",2004-01-01
CZ0530500,Salmo trutta,6159a,2000-01-01
CZ0530500,Salmo trutta,6159b,2025-10-08
CZ0530500,Salmo trutta,"97,""6159b""",2004-01-01
CZ0530500,Sanguisorba officinalis,6159a,2016-08-12
CZ0530500,Sanguisorba officinalis,6159b,2020-05-18
CZ0530501,Barbastella barbastellus,"3,""6063b""",2010-02-23
CZ0530501,Barbastella barbastellus,6063b,2021-02-15
CZ0530501,Barbastella barbastellus,"63,""6063b""",2015-05-01
CZ0530501,Barbastella barbastellus,"65,""5963d""",2008-02-20
CZ0530501,Myotis emarginatus,"63,""6063b""",2015-05-01
CZ0530501,Myotis myotis,"29,""6063b""",2012-02-13
CZ0530501,Myotis myotis,"3,""6063b""",2009-02-13
CZ0530501,Myotis myotis,6063b,2003-01-01
CZ0530501,Myotis myotis,"63,""6063b""",2015-05-01
CZ0530501,Myotis myotis,"65,""5963d""",2008-02-20
CZ0530501,Phengaris nausithous,6063b,2013-07-23
CZ0530501,Sanguisorba officinalis,6063b,2006-09-13
CZ0530501,Sanguisorba officinalis,"94,""6063b""",2015-05-19
CZ0530502,Lycaena dispar,5959a,2021-07-24
CZ0530503,Cucujus cinnaberinus,5964a,2021-05-30
CZ0530503,Lutra lutra,5964a,2012-03-01
CZ0530503,Salmo trutta,5964a,2019-08-06
CZ0530503,Sanguisorba officinalis,5964a,2008-08-27
CZ0530504,Hamatocaulis vernicosus,"01,""6260b""",2001-01-01
CZ0530504,Phengaris nausithous,"01,""6260b""",2019-08-18
CZ0530504,Phengaris nausithous,6260b,2025-07-06
CZ0530504,Phengaris teleius,"01,""6260b""",2019-07-20
CZ0530504,Phengaris teleius,6260b,2025-07-06
CZ0530504,Sanguisorba officinalis,6260b,2018-07-05
CZ0530504,Sanguisorba officinalis,"99,""6260b""",2009-06-08
CZ0530504,Succisa pratensis,6260b,2018-05-29
CZ0532131,Cypripedium calceolus,6364b,2024-05-22
CZ0532132,Cypripedium calceolus,6062c,2020-05-25
CZ0532132,Cypripedium calceolus,6162a,2020-05-02
CZ0532132,Cypripedium calceolus,"63,""6062c""",2023-05-07
CZ0532132,Cypripedium calceolus,"81,""6162a""",2000-01-01
CZ0532132,Cypripedium calceolus,"98,""6062c""",2001-08-01
CZ0532132,Cypripedium calceolus,"99,""6062c""",2021-05-26
CZ0532132,Dianthus lumnitzeri,6162a,2020-05-14
CZ0532132,Gentianella amarella,NA,2001-01-01
CZ0532132,Sanguisorba officinalis,6162a,2021-05-14
CZ0533002,Bombina bombina,6161a,2025-07-05
CZ0533002,Sanguisorba officinalis,6161a,2011-05-04
CZ0533002,Triturus cristatus,6161a,2024-07-29
CZ0533005,Cucujus cinnaberinus,"09,""5960a""",2005-04-07
CZ0533005,Cucujus cinnaberinus,5960a,2019-05-07
CZ0533005,Osmoderma barnabita,"19,""5960a""",2011-03-10
CZ0533012,Bombina bombina,5859d,2025-06-26
CZ0533012,Cobitis elongatoides,5859d,2023-05-23
CZ0533012,Lycaena dispar,5859d,2021-07-28
CZ0533012,Scardinius erythrophthalmus,5859d,2023-05-23
CZ0533012,Triturus cristatus,5859d,2025-06-26
CZ0533295,Bombina bombina,6159c,2009-07-04
CZ0533295,Cucujus cinnaberinus,6159d,2015-10-18
CZ0533295,Osmoderma barnabita,"19,""6159c""",2011-05-01
CZ0533295,Osmoderma barnabita,6159c,2012-06-27
CZ0533295,Osmoderma barnabita,6159d,2022-07-01
CZ0533295,Osmoderma barnabita,"74,""6159c""",2022-07-01
CZ0533296,Bombina bombina,6160b,2025-05-28
CZ0533296,Leucorrhinia pectoralis,6160b,2020-06-26
CZ0533296,Triturus cristatus,6160b,2021-07-12
CZ0533297,Cucujus cinnaberinus,5861d,2015-07-23
CZ0533297,Hipparchia semele,NA,1995-01-01
CZ0533297,Osmoderma barnabita,5861d,2015-07-23
CZ0533300,Barbastella barbastellus,6059d,2008-01-30
CZ0533300,Barbastella barbastellus,6060c,2026-01-15
CZ0533300,Cucujus cinnaberinus,6059d,2021-06-22
CZ0533300,Cucujus cinnaberinus,6060c,2021-06-22
CZ0533300,Myotis myotis,6060c,1993-01-01
CZ0533300,Osmoderma barnabita,"16,""6060c""",2009-08-01
CZ0533300,Osmoderma barnabita,6059d,2021-08-20
CZ0533300,Osmoderma barnabita,6060a,2021-08-04
CZ0533300,Osmoderma barnabita,6060c,2021-08-04
CZ0533300,Rhinolophus hipposideros,6060c,2026-01-15
CZ0533300,Sanguisorba officinalis,"26,""6060c""",2006-09-15
CZ0533300,Sanguisorba officinalis,"86,""6060c""",2006-09-15
CZ0533301,Abramis brama,"43,""6261d""",2004-01-01
CZ0533301,Cottus gobio,"43,""6261d""",2004-01-01
CZ0533301,Cottus gobio,6261d,2022-08-05
CZ0533301,Lampetra planeri,"43,""6261d""",2004-01-01
CZ0533301,Lampetra planeri,6261d,2023-10-15
CZ0533301,Phengaris nausithous,6261b,2022-07-20
CZ0533301,Salmo trutta,"43,""6261d""",2004-01-01
CZ0533301,Salmo trutta,6261d,2021-06-08
CZ0533301,Sanguisorba officinalis,6261d,2009-09-15
CZ0533302,Barbastella barbastellus,"94,""6059b""",2010-01-08
CZ0533302,Bombina bombina,6059b,2025-06-13
CZ0533302,Cucujus cinnaberinus,6059b,2021-05-10
CZ0533302,Lemna trisulca,6059b,2021-08-18
CZ0533302,Myotis emarginatus,"94,""6059b""",2011-01-04
CZ0533302,Myotis myotis,"94,""6059b""",1900-01-01
CZ0533302,Osmoderma barnabita,6059b,2021-07-15
CZ0533302,Rhinolophus hipposideros,"94,""6059b""",2009-01-16
CZ0533302,Salmo trutta,"01,""6059b""",2004-01-01
CZ0533302,Salmo trutta,"99,""6059b""",2004-01-01
CZ0533302,Triturus cristatus,6059b,2019-06-14
CZ0533303,Abramis brama,"45,""6260b""",2004-01-01
CZ0533303,Abramis brama,6160c,2005-07-20
CZ0533303,Abramis brama,"86,""6159d""",2008-01-01
CZ0533303,Ameiurus melas,6159d,2024-10-09
CZ0533303,Ameiurus melas,6160c,2024-10-15
CZ0533303,Ameiurus nebulosus,6159d,2024-10-09
CZ0533303,Ameiurus nebulosus,6160c,2024-10-15
CZ0533303,Ameiurus nebulosus,6260b,2024-05-13
CZ0533303,Barbastella barbastellus,"55,""6159d""",2015-05-01
CZ0533303,Blicca bjoerkna,"86,""6159d""",2008-01-01
CZ0533303,Castor fiber,6260b,2024-06-27
CZ0533303,Cobitis elongatoides,6260b,2013-09-06
CZ0533303,Cottus gobio,6159d,2000-01-01
CZ0533303,Cottus gobio,6160a,2019-11-04
CZ0533303,Cottus gobio,6160b,2000-01-01
CZ0533303,Cottus gobio,6160c,2022-10-05
CZ0533303,Cottus gobio,6160d,2022-08-03
CZ0533303,Cottus gobio,6260b,2022-08-17
CZ0533303,Cottus gobio,"69,""6160c""",2004-01-01
CZ0533303,Cottus gobio,"94,""6160c""",2001-01-01
CZ0533303,Lampetra planeri,"45,""6260b""",2004-01-01
CZ0533303,Lampetra planeri,"69,""6160c""",2004-01-01
CZ0533303,Leuciscus aspius,6160c,2005-07-20
CZ0533303,Leuciscus aspius,"86,""6159d""",2008-01-01
CZ0533303,Lutra lutra,6159d,2019-11-14
CZ0533303,Lutra lutra,6160a,2025-01-20
CZ0533303,Lutra lutra,6160b,2018-09-05
CZ0533303,Lutra lutra,6160c,2018-09-05
CZ0533303,Lutra lutra,6260b,2014-11-30
CZ0533303,Myotis myotis,"55,""6159d""",2015-05-01
CZ0533303,Ophiogomphus cecilia,6160c,2023-08-14
CZ0533303,Phengaris nausithous,6160c,2023-07-19
CZ0533303,Salmo trutta,"45,""6260b""",2004-01-01
CZ0533303,Salmo trutta,6159d,2000-01-01
CZ0533303,Salmo trutta,6160a,2021-08-12
CZ0533303,Salmo trutta,6160c,2019-11-05
CZ0533303,Salmo trutta,6160d,2015-10-06
CZ0533303,Salmo trutta,6260a,2000-10-09
CZ0533303,Salmo trutta,6260b,2016-11-10
CZ0533303,Salmo trutta,"69,""6160c""",2010-01-01
CZ0533303,Salmo trutta,"86,""6159d""",2004-01-01
CZ0533303,Sanguisorba officinalis,6160c,2011-06-01
CZ0533303,Sanguisorba officinalis,6160d,2012-07-12
CZ0533303,Sanguisorba officinalis,6260b,2018-06-14
CZ0533303,Sanguisorba officinalis,"79,""6160c""",2012-07-12
CZ0533303,Scardinius erythrophthalmus,6160c,2019-11-05
CZ0533303,Scardinius erythrophthalmus,"86,""6159d""",2008-01-01
CZ0533307,Osmoderma barnabita,5960b,2022-06-24
CZ0533307,Phengaris nausithous,5960b,2021-08-03
CZ0533307,Phengaris teleius,5960b,2021-08-03
CZ0533307,Sanguisorba officinalis,5960b,2022-08-03
CZ0533307,Succisa pratensis,5960b,2003-05-19
CZ0533308,Ameiurus nebulosus,5960a,2025-05-14
CZ0533308,Anisus vorticulus,"01,""5959b""",2002-05-04
CZ0533308,Anisus vorticulus,5959b,2025-04-26
CZ0533308,Blicca bjoerkna,5959b,2016-11-01
CZ0533308,Bombina bombina,"06,""5859d""",2024-05-15
CZ0533308,Bombina bombina,"13,""5960a""",2022-06-26
CZ0533308,Bombina bombina,"45,""5960a""",2024-05-15
CZ0533308,Bombina bombina,"56,""5960a""",2001-01-01
CZ0533308,Bombina bombina,"58,""5960a""",2011-05-19
CZ0533308,Bombina bombina,5859d,2024-06-05
CZ0533308,Bombina bombina,5959b,2025-06-10
CZ0533308,Bombina bombina,5960a,2025-06-10
CZ0533308,Bombina bombina,"6,""5960a""",2000-05-15
CZ0533308,Cobitis elongatoides,5859d,2019-09-25
CZ0533308,Cobitis elongatoides,5959b,2020-11-29
CZ0533308,Cobitis elongatoides,5960a,2024-05-15
CZ0533308,Cobitis sp.,5959b,2012-10-28
CZ0533308,Cobitis sp.,5960a,2015-05-01
CZ0533308,Cucujus cinnaberinus,5959b,2019-05-19
CZ0533308,Cucujus cinnaberinus,5960a,2019-05-19
CZ0533308,Cucujus cinnaberinus,"7,""5959b""",2006-01-08
CZ0533308,Lemna trisulca,"58,""5960a""",2005-01-01
CZ0533308,Lemna trisulca,5860c,2019-10-03
CZ0533308,Lemna trisulca,5959b,2019-08-28
CZ0533308,Lemna trisulca,5960a,2014-08-15
CZ0533308,Leucorrhinia pectoralis,"09,""5960a""",2000-05-26
CZ0533308,Leucorrhinia pectoralis,5959b,2019-06-30
CZ0533308,Leucorrhinia pectoralis,5960a,2019-08-11
CZ0533308,Leucorrhinia pectoralis,"6,""5960a""",2000-05-26
CZ0533308,Lucanus cervus,"87,""5960a""",2000-01-01
CZ0533308,Lutra lutra,"58,""5960a""",2012-01-01
CZ0533308,Lutra lutra,5959b,2019-04-04
CZ0533308,Lutra lutra,5960a,2021-08-12
CZ0533308,Lutra lutra,"96,""5960a""",2004-01-01
CZ0533308,Osmoderma barnabita,5959b,2014-05-20
CZ0533308,Phengaris nausithous,"58,""5960a""",2005-07-17
CZ0533308,Phengaris nausithous,5860c,2013-07-28
CZ0533308,Phengaris nausithous,5960a,2021-08-15
CZ0533308,Phengaris nausithous,"96,""5960a""",2004-07-25
CZ0533308,Rhodeus amarus,5960a,2016-11-01
CZ0533308,Sanguisorba officinalis,"49,""5959b""",2019-04-07
CZ0533308,Sanguisorba officinalis,"5,""5960a""",2019-04-07
CZ0533308,Sanguisorba officinalis,"58,""5960a""",2005-01-01
CZ0533308,Sanguisorba officinalis,5959b,2000-01-01
CZ0533308,Sanguisorba officinalis,5960a,2024-08-28
CZ0533308,Scardinius erythrophthalmus,5959b,2020-11-29
CZ0533308,Scardinius erythrophthalmus,5960a,2025-09-03
CZ0533308,Succisa pratensis,"58,""5960a""",2005-01-01
CZ0533308,Succisa pratensis,5960a,2021-08-28
CZ0533309,Cucujus cinnaberinus,5960d,2022-07-22
CZ0533309,Osmoderma barnabita,5960d,2022-07-22
CZ0533310,Bombina bombina,"24,""6161a""",2001-04-30
CZ0533310,Bombina bombina,6161a,2008-04-20
CZ0533310,Cucujus cinnaberinus,6161a,2021-05-24
CZ0533310,Osmoderma barnabita,"16,""6161a""",2007-03-04
CZ0533310,Osmoderma barnabita,6161a,2021-05-24
CZ0533310,Sanguisorba officinalis,"42,""6161a""",2008-07-02
CZ0533310,Sanguisorba officinalis,6161a,2023-06-29
CZ0533310,Succisa pratensis,6161a,2008-07-02
CZ0533312,Bombina bombina,6059a,2025-06-21
CZ0533312,Sanguisorba officinalis,6059a,2005-06-23
CZ0533312,Triturus cristatus,6059a,2000-04-01
CZ0533314,Abramis brama,"48,""5965c""",2004-01-01
CZ0533314,Barbastella barbastellus,"46,""5965b""",2015-05-27
CZ0533314,Cottus gobio,"04,""5965b""",2004-01-01
CZ0533314,Cottus gobio,"42,""5965d""",2004-01-01
CZ0533314,Cottus gobio,"48,""5965c""",2004-01-01
CZ0533314,Cottus gobio,5965b,2023-10-03
CZ0533314,Cottus gobio,5965c,2016-10-22
CZ0533314,Cottus gobio,5965d,2023-10-03
CZ0533314,Cottus gobio,5966a,2014-09-23
CZ0533314,Cottus gobio,"9,""5965d""",2004-01-01
CZ0533314,Lampetra planeri,"04,""5965b""",2004-01-01
CZ0533314,Lampetra planeri,"42,""5965d""",2004-01-01
CZ0533314,Lampetra planeri,"48,""5965c""",2004-01-01
CZ0533314,Lampetra planeri,"49,""5965c""",2000-01-01
CZ0533314,Lampetra planeri,5965b,2023-10-02
CZ0533314,Lampetra planeri,5965c,2022-10-15
CZ0533314,Lampetra planeri,5965d,2020-10-10
CZ0533314,Lampetra planeri,5966a,2023-10-02
CZ0533314,Lampetra planeri,5966b,2022-10-08
CZ0533314,Lampetra planeri,"9,""5965d""",2004-01-01
CZ0533314,Lutra lutra,"46,""5965b""",2015-05-27
CZ0533314,Lutra lutra,5965b,2018-12-19
CZ0533314,Lutra lutra,5965d,2011-10-13
CZ0533314,Myotis myotis,"46,""5965b""",2015-05-27
CZ0533314,Salmo trutta,"04,""5965b""",2004-01-01
CZ0533314,Salmo trutta,"42,""5965d""",2004-01-01
CZ0533314,Salmo trutta,"48,""5965c""",2004-01-01
CZ0533314,Salmo trutta,5965b,2018-10-03
CZ0533314,Salmo trutta,5965c,2016-10-22
CZ0533314,Salmo trutta,5965d,2018-10-03
CZ0533314,Salmo trutta,5966a,2016-10-16
CZ0533314,Salmo trutta,5966b,2007-10-04
CZ0533314,Salmo trutta,"9,""5965d""",2004-01-01
CZ0533314,Sanguisorba officinalis,"45,""5966a""",2003-05-08
CZ0533314,Sanguisorba officinalis,5965b,2010-08-10
CZ0533314,Sanguisorba officinalis,5965c,2008-08-28
CZ0533314,Sanguisorba officinalis,5966a,2016-06-18
CZ0533314,Sanguisorba officinalis,5966b,2003-05-08
CZ0533316,Bombina bombina,"5,""6062a""",2025-06-25
CZ0533316,Cucujus cinnaberinus,"54,""6062a""",2007-06-17
CZ0533316,Cucujus cinnaberinus,6062a,2021-09-16
CZ0533316,Lycaena dispar,6062a,2007-08-18
CZ0533316,Myotis myotis,"9,""6062a""",2008-05-15
CZ0533316,Osmoderma barnabita,6062a,2021-09-16
CZ0533316,Phengaris nausithous,6062a,2007-08-05
CZ0533316,Phengaris nausithous,"9,""6062a""",2002-07-06
CZ0533316,Phengaris teleius,6062a,2007-08-05
CZ0533316,Sanguisorba officinalis,6062a,2021-06-09
CZ0533316,Unio crassus,6062a,2024-07-11
CZ0533501,Osmoderma barnabita,6160b,2025-08-05
CZ0533501,Sanguisorba officinalis,6160b,2021-06-09
CZ0533684,Myotis emarginatus,6159d,2020-01-31
CZ0533684,Rhinolophus hipposideros,6159d,2026-01-20
CZ0533685,Rhinolophus hipposideros,6263c,2025-08-12
CZ0533686,Barbastella barbastellus,5966a,2022-02-26
CZ0533686,Myotis bechsteinii,5966a,2020-02-29
CZ0533686,Myotis emarginatus,5966a,2022-02-26
CZ0533686,Myotis myotis,5966a,2022-02-26
CZ0533687,Myotis emarginatus,6062c,2024-01-13
CZ0533687,Myotis myotis,6062c,2025-01-03
CZ0533687,Myotis sp.,6062c,2016-02-11
CZ0533687,Rhinolophus hipposideros,6062c,2025-01-03
CZ0533688,Myotis bechsteinii,6163c,2021-02-04
CZ0533688,Myotis emarginatus,6163c,2025-01-18
CZ0533688,Myotis myotis,6163c,2025-01-18
CZ0533688,Rhinolophus hipposideros,6163c,2025-01-18
CZ0533691,Barbastella barbastellus,6159c,2022-01-21
CZ0533691,Myotis myotis,6159c,2015-02-11
CZ0533693,Myotis bechsteinii,6159b,2022-02-06
CZ0533693,Myotis emarginatus,6159b,2023-02-05
CZ0533693,Myotis myotis,6159b,2023-02-05
CZ0533693,Rhinolophus hipposideros,6159b,2023-02-05
CZ0533694,Myotis myotis,6266d,2023-06-27
CZ0533696,Bombina bombina,"1,""6060d""",2025-04-29
CZ0533696,Bombina bombina,"23,""6060d""",2010-06-17
CZ0533696,Bombina bombina,"36,""6060d""",2002-05-05
CZ0533696,Bombina bombina,"42,""6060d""",2001-05-16
CZ0533696,Bombina bombina,6060d,2025-07-22
CZ0533696,Bombina bombina,6160b,2021-06-06
CZ0533696,Cucujus cinnaberinus,6060d,2026-03-11
CZ0533696,Leucorrhinia pectoralis,6060d,2012-05-30
CZ0533696,Lutra lutra,6060d,2025-02-21
CZ0533696,Lutra lutra,6160b,2024-10-02
CZ0533696,Myotis myotis,6060d,2014-09-04
CZ0533696,Osmoderma barnabita,"14,""6060d""",2000-04-16
CZ0533696,Osmoderma barnabita,6060d,2023-08-02
CZ0533696,Osmoderma barnabita,"72,""6060d""",2022-06-20
CZ0533696,Phengaris nausithous,6060d,2022-07-31
CZ0533696,Sanguisorba officinalis,"16,""6160b""",2011-06-27
CZ0533696,Sanguisorba officinalis,6060d,2016-06-21
CZ0533696,Sanguisorba officinalis,6160b,2011-06-27
CZ0533696,Triturus cristatus,"1,""6060d""",2025-04-29
CZ0533696,Triturus cristatus,6060d,2025-06-26
CZ0533696,Triturus cristatus,6160b,2021-06-06
CZ0533697,Bombina bombina,6059a,2025-06-21
CZ0533697,Triturus cristatus,6059a,2013-07-09
CZ0533698,Ameiurus nebulosus,5958d,2004-01-01
CZ0533698,Blicca bjoerkna,5958d,2004-01-01
CZ0533698,Bombina bombina,5958d,2002-07-01
CZ0533698,Bombina bombina,"76,""5958d""",2000-05-03
CZ0533698,Cobitis elongatoides,5958b,2024-08-29
CZ0533698,Cucujus cinnaberinus,"31,""5958b""",2005-03-23
CZ0533698,Cucujus cinnaberinus,5958b,2017-06-22
CZ0533698,Cucujus cinnaberinus,5958d,2022-02-10
CZ0533698,Lemna trisulca,5958b,2014-05-19
CZ0533698,Myotis myotis,"21,""5958b""",2010-07-20
CZ0533698,Myotis myotis,"42,""5958b""",2010-05-28
CZ0533698,Osmoderma barnabita,5958b,2017-06-22
CZ0533698,Osmoderma barnabita,5958d,2022-02-10
CZ0533698,Phengaris nausithous,5958d,2021-08-16
CZ0533698,Rhinolophus hipposideros,"21,""5958b""",2006-09-20
CZ0533698,Rhodeus amarus,5958d,2008-09-22
CZ0533698,Sanguisorba officinalis,"35,""5958b""",2014-05-19
CZ0533698,Sanguisorba officinalis,5958b,2023-06-05
CZ0533698,Sanguisorba officinalis,5958d,2023-06-05
CZ0533698,Scardinius erythrophthalmus,5958d,2004-01-01
CZ0533702,Hamatocaulis vernicosus,6261d,2023-09-28
CZ0533702,Phengaris nausithous,6261d,2019-07-15
CZ0533702,Phengaris teleius,6261d,2019-07-15
CZ0533702,Sanguisorba officinalis,6261d,2022-06-03
CZ0533702,Sanguisorba officinalis,"99,""6261d""",2018-04-01
CZ0533702,Succisa pratensis,6261d,2022-06-03
CZ0533702,Succisa pratensis,"99,""6261d""",2018-04-01
CZ0533702,Vertigo geyeri,6261d,2024-05-22
CZ0534050,Bombina bombina,"15,""5959a""",2001-01-01
CZ0534050,Bombina bombina,"47,""5959a""",2021-05-19
CZ0534050,Bombina bombina,5959a,2025-09-20
CZ0534050,Bombina bombina,5959b,2022-05-26
CZ0534050,Bombina bombina,"88,""5959a""",2025-09-20
CZ0534050,Coleanthus subtilis,"08,""5959a""",2008-04-24
CZ0534050,Coleanthus subtilis,"29,""5959a""",2022-05-26
CZ0534050,Coleanthus subtilis,"3,""5959a""",2023-05-10
CZ0534050,Coleanthus subtilis,"47,""5959a""",2021-05-19
CZ0534050,Coleanthus subtilis,"56,""5959a""",2019-06-05
CZ0534050,Coleanthus subtilis,5959a,2023-06-01
CZ0534050,Coleanthus subtilis,5959b,2022-05-26
CZ0534050,Coleanthus subtilis,"64,""5959a""",2002-06-01
CZ0534050,Lemna trisulca,5959a,2021-08-30
CZ0534050,Leucorrhinia pectoralis,5959a,2023-07-06
CZ0534051,Lycaena dispar,6161b,2024-07-18
CZ0534051,Phengaris nausithous,"42,""6161b""",2007-07-20
CZ0534051,Phengaris nausithous,6161b,2024-07-18
CZ0534051,Phengaris teleius,6161b,2021-07-17
CZ0534051,Sanguisorba officinalis,6161b,2024-08-15
CZ0534052,Abramis brama,5960d,2004-01-01
CZ0534052,Blicca bjoerkna,5960d,2004-01-01
CZ0534052,Castor fiber,5960d,2024-12-03
CZ0534052,Cucujus cinnaberinus,5960d,2008-02-27
CZ0534052,Cucujus cinnaberinus,5961c,2021-07-27
CZ0534052,Cucujus cinnaberinus,6061a,2021-04-27
CZ0534052,Leuciscus aspius,5960d,2004-01-01
CZ0534052,Lutra lutra,5960d,2017-01-09
CZ0534052,Lutra lutra,5961c,2020-12-27
CZ0534052,Lutra lutra,6061a,2016-11-03
CZ0534052,Ophiogomphus cecilia,5960d,2019-07-04
CZ0534052,Ophiogomphus cecilia,5961c,2019-07-04
CZ0534052,Ophiogomphus cecilia,6060b,2019-07-23
CZ0534052,Ophiogomphus cecilia,6061a,2019-07-23
CZ0534052,Rhodeus amarus,5960d,2008-09-15
CZ0534052,Salmo trutta,5960d,2004-01-01
CZ0534052,Sanguisorba officinalis,5961c,2023-05-09
CZ0534052,Sanguisorba officinalis,6061a,2022-05-14
CZ0534052,Scardinius erythrophthalmus,5960d,2014-09-17
CZ0534052,Unio crassus,5960d,2016-09-04
CZ0534052,Unio crassus,5961c,2025-09-09
CZ0534052,Unio crassus,6060b,2016-10-01
CZ0534052,Unio crassus,6061a,2021-10-30
CZ0534053,Cottus gobio,"01,""6160b""",2000-01-01
CZ0534053,Cottus gobio,6160b,2023-10-15
CZ0534053,Cottus gobio,"98,""6160b""",2000-01-01
CZ0534053,Cucujus cinnaberinus,6160b,2022-08-02
CZ0534053,Lampetra planeri,"01,""6160b""",2000-01-01
CZ0534053,Lampetra planeri,6160b,2018-10-17
CZ0534053,Lutra lutra,6160b,2026-01-16
CZ0534053,Lutra lutra,6160d,2025-06-30
CZ0534053,Myotis myotis,6160b,2018-09-08
CZ0534053,Osmoderma barnabita,6160b,2018-08-27
CZ0534053,Phengaris nausithous,6160b,2012-08-11
CZ0534053,Rhodeus amarus,6160b,2022-08-01
CZ0534053,Rumex sp.,6160b,2008-07-02
CZ0534053,Salmo trutta,6160b,2022-10-26
CZ0534053,Salmo trutta,6160d,2018-08-19
CZ0534053,Sanguisorba officinalis,"09,""6160b""",2019-05-10
CZ0534053,Sanguisorba officinalis,"13,""6160d""",2008-07-19
CZ0534053,Sanguisorba officinalis,6160b,2021-08-11
CZ0534053,Sanguisorba officinalis,6160d,2019-07-22
CZ0534053,Sanguisorba officinalis,"82,""6160b""",2008-08-20
CZ0534053,Succisa pratensis,6160d,2019-06-20
CZ0534053,Succisa pratensis,"82,""6160b""",2008-08-20
CZ0534054,Bombina bombina,6160d,2021-04-17
CZ0534054,Hamatocaulis vernicosus,6160d,2025-05-09
CZ0534054,Leucorrhinia pectoralis,6160d,2021-06-11
CZ0534054,Lutra lutra,6160d,2025-10-30
CZ0534054,Lutra lutra,6260b,2026-03-05
CZ0534054,Lycaena dispar,6160d,2022-08-06
CZ0534054,Myotis myotis,6160d,2022-08-25
CZ0534054,Phengaris nausithous,6160d,2024-07-23
CZ0534054,Phengaris nausithous,6260b,2017-08-09
CZ0534054,Phengaris teleius,6160d,2019-07-20
CZ0534054,Phengaris teleius,6260b,2017-08-04
CZ0534054,Salmo trutta,6160d,2002-01-01
CZ0534054,Salmo trutta,6260b,2002-08-01
CZ0534054,Sanguisorba officinalis,"11,""6260b""",2011-05-25
CZ0534054,Sanguisorba officinalis,6160d,2021-04-26
CZ0534054,Sanguisorba officinalis,6260b,2020-06-04
CZ0534054,Succisa pratensis,"11,""6260b""",2011-05-25
CZ0534054,Succisa pratensis,6160d,2021-04-26
CZ0534054,Triturus cristatus,6160d,2021-08-20
CZ0534054,Triturus cristatus,"67,""6160d""",2001-06-20
CZ0534054,Vertigo geyeri,6160d,2014-06-13
CZ0534055,Barbastella barbastellus,6261b,2023-08-21
CZ0534055,Hamatocaulis vernicosus,6261b,2025-05-09
CZ0534055,Lutra lutra,6261b,2025-02-08
CZ0534055,Myotis myotis,6261b,2023-07-05
CZ0534055,Myotis sp.,6261b,2023-07-04
CZ0534055,Phengaris nausithous,6261b,2021-07-19
CZ0534055,Phengaris teleius,6261b,2025-07-13
CZ0534055,Sanguisorba officinalis,6261b,2022-05-31
CZ0534055,Succisa pratensis,6261b,2022-05-31
CZ0534055,Vertigo geyeri,6261b,2022-09-24
CZ0537011,Bombina bombina,5958d,2021-04-21
CZ0537011,Bombina bombina,5959a,2021-07-29
CZ0537011,Bombina bombina,5959c,2023-04-21
CZ0537011,Castor fiber,5959a,2021-11-19
CZ0537011,Lemna trisulca,5958d,2023-06-06
CZ0537011,Lucanus cervus,5959c,2023-06-04
CZ0537011,Phengaris nausithous,5958d,2021-07-19
CZ0537011,Phengaris nausithous,5959a,2021-07-29
CZ0537011,Phengaris nausithous,5959c,2023-07-31
CZ0537011,Phengaris nausithous,5959d,2021-07-29
CZ0537011,Phengaris teleius,5959a,2021-07-29
CZ0537011,Phengaris teleius,5959c,2021-07-29
CZ0537011,Sanguisorba officinalis,5958d,2021-07-21
CZ0537011,Sanguisorba officinalis,5959a,2023-05-30
CZ0537011,Sanguisorba officinalis,5959c,2023-06-06
CZ0537011,Scardinius erythrophthalmus,5959a,2024-09-19
CZ0610003,Barbastella barbastellus,6559a,2015-08-18
CZ0610003,Lutra lutra,"13,""6559a""",2004-01-01
CZ0610003,Myotis bechsteinii,6559a,2015-08-18
CZ0610003,Phengaris nausithous,"1,""6559a""",1995-01-01
CZ0610005,Barbastella barbastellus,6464c,2001-02-14
CZ0610005,Cypripedium calceolus,6464c,2024-05-21
CZ0610005,Myotis emarginatus,6464c,2023-01-31
CZ0610005,Myotis myotis,6464c,2023-01-31
CZ0610005,Phengaris nausithous,6464c,2005-07-28
CZ0610005,Rhinolophus hipposideros,6464c,2026-01-14
CZ0610022,Phengaris nausithous,6259c,2011-08-14
CZ0610022,Phengaris teleius,6259c,2011-08-14
CZ0610022,Sanguisorba officinalis,6259c,2017-06-28
CZ0610022,Succisa pratensis,6259c,2017-06-28
CZ0610025,Cucujus cinnaberinus,7060b,2024-12-22
CZ0610025,Euplagia quadripunctaria,7060b,2014-07-31
CZ0610029,Leucorrhinia pectoralis,6758c,2024-05-25
CZ0610030,Anodonta sp.,6758d,2022-06-17
CZ0610030,Bombina bombina,6758d,2020-06-21
CZ0610030,Lutra lutra,6758d,2025-09-10
CZ0610030,Sanguisorba officinalis,6758d,2013-05-22
CZ0610056,Euplagia quadripunctaria,6464c,2024-08-24
CZ0610056,Lycaena dispar,6464c,2021-08-30
CZ0610056,Myotis emarginatus,6464c,2014-05-11
CZ0610056,Myotis myotis,6464c,2014-08-08
CZ0610056,Phengaris nausithous,6464c,2007-07-27
CZ0610056,Pulsatilla grandis,6464c,2025-04-06
CZ0610145,Castor fiber,6258a,2025-10-08
CZ0610145,Lutra lutra,6258a,2010-03-01
CZ0610145,Succisa pratensis,6258a,2015-06-09
CZ0610159,Barbastella barbastellus,6659c,2013-08-02
CZ0610159,Cucujus cinnaberinus,6659c,2022-05-07
CZ0610159,Dicranum viride,6659c,2023-11-19
CZ0610159,Hipparchia semele,NA,2004-07-01
CZ0610159,Myotis bechsteinii,6659c,2015-05-22
CZ0610159,Osmoderma barnabita,6659c,2022-07-22
CZ0610170,Abramis brama,6757d,2021-08-09
CZ0610170,Barbastella barbastellus,6757d,2013-09-20
CZ0610170,Hamatocaulis vernicosus,6757d,2012-05-03
CZ0610170,Leuciscus aspius,6757d,2021-08-09
CZ0610170,Lutra lutra,6757d,2005-05-16
CZ0610170,Salmo trutta,6757d,2007-01-01
CZ0610170,Scardinius erythrophthalmus,6757d,2021-08-09
CZ0610170,Succisa pratensis,6757d,2022-06-09
CZ0610175,Lutra lutra,6561a,2010-03-01
CZ0610179,Barbastella barbastellus,6961b,2021-02-02
CZ0610179,Castor fiber,6961b,2020-05-01
CZ0610179,Castor fiber,6961d,2025-10-03
CZ0610179,Cucujus cinnaberinus,6961b,2021-06-08
CZ0610179,Cucujus cinnaberinus,6961d,2022-10-30
CZ0610179,Euplagia quadripunctaria,6961b,2011-08-17
CZ0610179,Euplagia quadripunctaria,6961d,2008-08-06
CZ0610179,Lutra lutra,6961b,2013-02-01
CZ0610179,Lycaena dispar,6961b,2022-08-19
CZ0610179,Myotis bechsteinii,6961b,2016-02-05
CZ0610179,Myotis emarginatus,6961b,2011-07-14
CZ0610179,Myotis myotis,6961b,2025-01-29
CZ0610179,Myotis myotis,6961d,2011-07-14
CZ0610179,Osmoderma barnabita,6961b,2021-07-05
CZ0610179,Rhinolophus hipposideros,6961b,2025-01-29
CZ0610179,Sanguisorba officinalis,6961b,2025-08-20
CZ0610179,Sanguisorba officinalis,6961d,2025-08-18
CZ0610179,Sanguisorba officinalis,"75,""6961b""",2011-03-24
CZ0610401,Barbastella barbastellus,6361b,2022-09-09
CZ0610401,Cucujus cinnaberinus,6361b,2024-11-10
CZ0610401,Dicranum viride,6361b,2020-11-06
CZ0610401,Myotis alcathoe/emarginatus,6361b,2015-07-04
CZ0610401,Myotis bechsteinii,6361b,2022-09-09
CZ0610401,Myotis myotis,6361b,2022-09-09
CZ0610412,Myotis myotis,6360b,2013-09-22
CZ0610412,Rumex sp.,6360b,2023-08-17
CZ0610512,Abramis brama,6659a,2004-01-01
CZ0610512,Bombina bombina,6659a,2024-06-05
CZ0610512,Hipparchia semele,NA,2004-07-01
CZ0610512,Leuciscus aspius,6659a,2004-01-01
CZ0610512,Scardinius erythrophthalmus,6659a,2004-01-01
CZ0610512,Unio crassus,6659a,2022-07-27
CZ0610513,Phengaris nausithous,6361a,2018-07-15
CZ0610513,Sanguisorba officinalis,6361a,2022-06-01
CZ0610513,Succisa pratensis,6361a,2010-06-24
CZ0610514,Leucorrhinia pectoralis,6361c,2021-06-11
CZ0610514,Sanguisorba officinalis,6361c,2009-07-19
CZ0610514,Succisa pratensis,6361c,2020-08-20
CZ0610514,Triturus cristatus,6361c,2022-06-30
CZ0610515,Gentianella praecox subsp. bohemica,6760c,2023-08-25
CZ0610516,Ameiurus melas,6558b,2024-08-20
CZ0610516,Ameiurus nebulosus,6558b,2024-08-20
CZ0610516,Phengaris nausithous,6558b,2021-08-06
CZ0610516,Sanguisorba officinalis,6558b,2021-06-16
CZ0610516,Succisa pratensis,6558b,2021-06-16
CZ0610517,Ameiurus melas,6360b,2024-10-02
CZ0610517,Ameiurus nebulosus,6360b,2024-10-02
CZ0610517,Canis lupus,6360b,2024-07-17
CZ0610517,Lutra lutra,6360b,2018-04-01
CZ0610517,Phengaris nausithous,6360b,2022-07-27
CZ0610517,Phengaris teleius,6360b,2018-04-01
CZ0610517,Rumex sp.,6360b,2016-05-01
CZ0610517,Salmo trutta,"26,""6360b""",2004-01-01
CZ0610517,Sanguisorba officinalis,6360b,2022-09-21
CZ0610517,Succisa pratensis,6360b,2022-09-21
CZ0610517,Triturus cristatus,6360b,2025-05-03
CZ0610518,Hamatocaulis vernicosus,6859b,2001-01-01
CZ0610518,Lycaena dispar,6859b,2009-06-17
CZ0610519,Lutra lutra,6360b,2025-01-03
CZ0610519,Scardinius erythrophthalmus,6360b,2022-07-19
CZ0610519,Succisa pratensis,6360b,2001-07-01
CZ0610519,Triturus cristatus,6360b,2013-04-19
CZ0612133,Cypripedium calceolus,6464c,2024-05-21
CZ0612134,Coleanthus subtilis,6461c,2024-05-28
CZ0612135,Bombina bombina,6462c,2015-07-15
CZ0612135,Coleanthus subtilis,6462c,2025-06-04
CZ0612135,Lutra lutra,6462c,2015-05-25
CZ0612135,Succisa pratensis,6462c,2025-06-04
CZ0612136,Lycaena dispar,"11,""6761b""",2010-03-01
CZ0612136,Pulsatilla grandis,"11,""6761b""",2010-03-01
CZ0612136,Pulsatilla grandis,"13,""6761d""",2000-01-01
CZ0612136,Pulsatilla grandis,"53,""6761d""",2003-07-01
CZ0612136,Pulsatilla grandis,"56,""6761b""",2024-03-26
CZ0612136,Pulsatilla grandis,"59,""6761d""",2017-06-13
CZ0612136,Pulsatilla grandis,6761b,2025-03-08
CZ0612136,Pulsatilla grandis,6761d,2022-03-23
CZ0612137,Bombina bombina,6562d,2025-06-24
CZ0612137,Coleanthus subtilis,6562d,2024-06-06
CZ0612137,Phengaris nausithous,6562d,2022-07-20
CZ0612139,Coleanthus subtilis,6361c,2024-05-23
CZ0612139,Hamatocaulis vernicosus,6361c,2001-01-01
CZ0612139,Leucorrhinia pectoralis,6361c,2019-06-14
CZ0612139,Lutra lutra,6361c,2025-04-05
CZ0612139,Myotis bechsteinii,6361c,2015-07-31
CZ0612139,Myotis myotis,6361c,2015-07-31
CZ0612139,Phengaris nausithous,6361c,2010-03-01
CZ0612139,Sanguisorba officinalis,6361c,2010-06-11
CZ0612139,Succisa pratensis,6361c,2022-05-24
CZ0612140,Bombina bombina,"63,""6561b""",2019-06-16
CZ0612140,Bombina bombina,6561b,2001-06-26
CZ0612140,Coleanthus subtilis,"45,""6561b""",2001-01-01
CZ0612140,Coleanthus subtilis,"47,""6561b""",2001-01-01
CZ0612140,Coleanthus subtilis,6561b,2024-06-04
CZ0612140,Coleanthus subtilis,6561d,2015-06-09
CZ0612140,Lutra lutra,"63,""6561b""",2015-09-17
CZ0612140,Sanguisorba officinalis,6561d,2012-08-08
CZ0612140,Succisa pratensis,6561d,2012-08-08
CZ0612141,Lycaena dispar,6761d,2010-03-01
CZ0612141,Pulsatilla grandis,6761d,2024-03-26
CZ0612143,Coleanthus subtilis,6561d,2025-06-04
CZ0612145,Bombina bombina,6560d,2019-04-01
CZ0612145,Castor fiber,6560d,2025-05-24
CZ0612145,Coleanthus subtilis,6560d,2024-06-04
CZ0612145,Lutra lutra,6560d,2011-05-06
CZ0612145,Lycaena dispar,6560d,2011-08-16
CZ0612145,Myotis emarginatus,6560d,2015-09-15
CZ0612145,Succisa pratensis,6560d,2012-05-13
CZ0612147,Lycaena dispar,6762d,2010-03-01
CZ0612147,Pulsatilla grandis,6762d,2023-04-12
CZ0612149,Cerambyx cerdo,7059d,2021-10-31
CZ0612149,Dianthus moravicus,7059d,2024-06-06
CZ0612149,Euplagia quadripunctaria,7059d,2010-03-01
CZ0612149,Osmoderma barnabita,7059d,2021-10-31
CZ0613002,Barbastella barbastellus,"58,""6758b""",2015-07-29
CZ0613002,Barbastella barbastellus,6758b,2025-07-02
CZ0613002,Cucujus cinnaberinus,"58,""6758b""",2014-07-21
CZ0613002,Cucujus cinnaberinus,6758b,2020-09-10
CZ0613002,Dicranum viride,6758b,2023-12-19
CZ0613002,Myotis myotis,"58,""6758b""",2014-06-07
CZ0613002,Osmoderma barnabita,"58,""6758b""",2014-06-17
CZ0613002,Osmoderma barnabita,6758b,2014-05-21
CZ0613003,Bombina bombina,6762c,2025-09-15
CZ0613003,Leucorrhinia pectoralis,6762c,2006-06-01
CZ0613003,Lutra lutra,6762c,2019-04-27
CZ0613003,Lycaena dispar,6762c,2022-06-30
CZ0613003,Myotis bechsteinii,6762c,2002-01-01
CZ0613003,Myotis sp.,6762c,2018-08-29
CZ0613003,Triturus cristatus,6762c,2025-07-27
CZ0613004,Abramis brama,6359d,2010-10-07
CZ0613004,Cottus gobio,6359d,2023-10-25
CZ0613004,Lampetra planeri,6359d,2000-01-01
CZ0613004,Lutra lutra,6359d,2016-10-19
CZ0613004,Phengaris nausithous,6359d,2025-08-08
CZ0613004,Salmo trutta,6359d,2022-10-27
CZ0613004,Sanguisorba officinalis,6359d,2020-06-22
CZ0613005,Abramis brama,6456b,2004-01-01
CZ0613005,Abramis brama,6457a,2025-08-12
CZ0613005,Cottus gobio,6456a,2023-10-22
CZ0613005,Cottus gobio,6456b,2023-10-22
CZ0613005,Cottus gobio,6457a,2025-08-12
CZ0613005,Cottus gobio,"83,""6456b""",2004-01-01
CZ0613005,Lampetra planeri,6456a,2015-11-02
CZ0613005,Lampetra planeri,6456b,2021-08-13
CZ0613005,Lampetra planeri,6457a,2021-08-13
CZ0613005,Lutra lutra,"18,""6456a""",2004-01-01
CZ0613005,Lutra lutra,"32,""6456b""",2015-05-17
CZ0613005,Lutra lutra,6456a,2013-03-21
CZ0613005,Lutra lutra,6456b,2004-01-01
CZ0613005,Lutra lutra,6457a,2015-02-17
CZ0613005,Lutra lutra,"83,""6456b""",2004-01-01
CZ0613005,Salmo trutta,"18,""6456a""",2004-01-01
CZ0613005,Salmo trutta,6456a,2015-11-02
CZ0613005,Salmo trutta,6456b,2021-08-13
CZ0613005,Salmo trutta,6457a,2021-08-13
CZ0613005,Salmo trutta,"83,""6456b""",2004-01-01
CZ0613005,Scardinius erythrophthalmus,6456b,2021-08-13
CZ0613005,Unio crassus,"15,""6456b""",2006-09-01
CZ0613005,Unio crassus,6456b,2012-09-15
CZ0613005,Unio crassus,6457a,2023-10-28
CZ0613009,Gentianella amarella,NA,2008-09-23
CZ0613009,Phengaris nausithous,6362d,2021-07-15
CZ0613009,Salmo trutta,6362d,2021-04-21
CZ0613009,Sanguisorba officinalis,6362d,2022-09-13
CZ0613010,Cottus gobio,6363a,2013-09-24
CZ0613010,Phengaris nausithous,6362b,2019-07-29
CZ0613010,Salmo trutta,6362b,2021-06-15
CZ0613010,Salmo trutta,6363a,2020-11-11
CZ0613010,Sanguisorba officinalis,6362b,2012-07-17
CZ0613010,Sanguisorba officinalis,6363a,2012-07-18
CZ0613010,Sanguisorba officinalis,"99,""6363a""",2002-08-07
CZ0613012,Phengaris nausithous,6463b,2025-06-01
CZ0613012,Phengaris teleius,6463b,2010-08-04
CZ0613012,Sanguisorba officinalis,6463b,2025-05-07
CZ0613013,Ameiurus melas,6758d,2024-07-10
CZ0613013,Ameiurus nebulosus,6758d,2024-07-10
CZ0613013,Bombina bombina,6758d,2025-06-15
CZ0613013,Bombina variegata,6758d,2021-06-05
CZ0613013,Lutra lutra,6758d,2024-10-29
CZ0613013,Scardinius erythrophthalmus,6758d,2023-07-27
CZ0613013,Triturus cristatus,6758d,2024-07-13
CZ0613318,Abramis brama,6461c,2025-10-30
CZ0613318,Bombina bombina,6461c,2023-05-31
CZ0613318,Castor fiber,6461c,2025-10-30
CZ0613318,Coleanthus subtilis,6461c,2022-06-13
CZ0613318,Leucorrhinia pectoralis,6461c,2023-06-22
CZ0613318,Lutra lutra,6461c,2022-01-27
CZ0613318,Lycaena dispar,6461c,2019-08-15
CZ0613318,Phengaris nausithous,6461c,2024-07-16
CZ0613318,Sanguisorba officinalis,6461c,2016-07-30
CZ0613318,Scardinius erythrophthalmus,6461c,2025-10-30
CZ0613318,Succisa pratensis,6461c,2015-08-23
CZ0613319,Bombina bombina,6461d,2024-06-06
CZ0613319,Succisa pratensis,6461d,2003-07-16
CZ0613319,Triturus cristatus,6461d,2025-07-27
CZ0613321,Barbastella barbastellus,"24,""6558c""",2014-05-24
CZ0613321,Cottus gobio,6558a,2023-09-19
CZ0613321,Lampetra planeri,"56,""6558c""",2009-05-06
CZ0613321,Lampetra planeri,6558a,2023-09-19
CZ0613321,Lutra lutra,"33,""6457d""",2006-05-09
CZ0613321,Lutra lutra,6557b,2020-01-23
CZ0613321,Margaritifera margaritifera,"56,""6558c""",2009-05-06
CZ0613321,Phengaris nausithous,"24,""6558c""",2005-05-26
CZ0613321,Phengaris nausithous,6558a,2022-07-21
CZ0613321,Phengaris nausithous,6558c,2022-07-20
CZ0613321,Phengaris nausithous,"93,""6558c""",2005-07-29
CZ0613321,Salmo trutta,6558a,2017-09-21
CZ0613321,Salmo trutta,6558c,2015-09-30
CZ0613321,Sanguisorba officinalis,6557b,2004-05-08
CZ0613321,Sanguisorba officinalis,6558a,2014-05-10
CZ0613321,Sanguisorba officinalis,6558c,2022-06-06
CZ0613321,Succisa pratensis,6558a,2013-04-24
CZ0613321,Succisa pratensis,6558c,2022-06-06
CZ0613322,Ameiurus melas,6859d,2024-10-31
CZ0613322,Ameiurus nebulosus,6859d,2024-10-31
CZ0613322,Bombina bombina,6859d,2015-05-28
CZ0613322,Bombina bombina,"85,""6859d""",2015-05-28
CZ0613322,Lycaena dispar,6859d,2022-05-24
CZ0613322,Triturus cristatus,"45,""6859d""",2025-04-13
CZ0613322,Triturus cristatus,6859d,2025-07-04
CZ0613322,Triturus cristatus,"73,""6859d""",2022-03-01
CZ0613322,Triturus cristatus,"74,""6859d""",2011-07-15
CZ0613322,Triturus cristatus,"85,""6859d""",2015-04-20
CZ0613327,Abramis brama,6859a,2017-06-26
CZ0613327,Bombina bombina,6859a,2015-05-28
CZ0613327,Cobitis elongatoides,6859a,2023-10-24
CZ0613327,Cobitis sp.,6859a,2022-10-26
CZ0613327,Leuciscus aspius,6859a,2022-09-26
CZ0613327,Lutra lutra,6859a,2015-07-27
CZ0613327,Scardinius erythrophthalmus,6859a,2017-06-26
CZ0613328,Bombina bombina,6759c,2020-06-16
CZ0613328,Triturus cristatus,6759c,2025-07-19
CZ0613332,Abramis brama,"12,""6459b""",2004-01-01
CZ0613332,Castor fiber,"01,""6459b""",2022-02-21
CZ0613332,Castor fiber,"01,""6460c""",2021-03-12
CZ0613332,Castor fiber,"01,""6559b""",2018-02-27
CZ0613332,Castor fiber,"02,""6560a""",2017-03-21
CZ0613332,Castor fiber,"05,""6559b""",2022-02-14
CZ0613332,Castor fiber,"06,""6459d""",2015-05-07
CZ0613332,Castor fiber,"15,""6460c""",2022-02-21
CZ0613332,Castor fiber,"19,""6559b""",2023-01-13
CZ0613332,Castor fiber,"21,""6560a""",2023-01-06
CZ0613332,Castor fiber,"24,""6560a""",2019-01-22
CZ0613332,Castor fiber,"25,""6559b""",2021-03-02
CZ0613332,Castor fiber,"26,""6559b""",2021-03-02
CZ0613332,Castor fiber,"27,""6459b""",2020-03-17
CZ0613332,Castor fiber,"31,""6459d""",2021-03-12
CZ0613332,Castor fiber,"34,""6459b""",2023-02-06
CZ0613332,Castor fiber,"35,""6559b""",2017-03-07
CZ0613332,Castor fiber,"37,""6559b""",2017-03-07
CZ0613332,Castor fiber,"38,""6459b""",2023-02-06
CZ0613332,Castor fiber,"39,""6459d""",2020-02-20
CZ0613332,Castor fiber,"46,""6559b""",2012-03-13
CZ0613332,Castor fiber,"5,""6459d""",2020-02-20
CZ0613332,Castor fiber,"54,""6459d""",2025-02-05
CZ0613332,Castor fiber,"63,""6459b""",2017-02-20
CZ0613332,Castor fiber,6459b,2026-02-25
CZ0613332,Castor fiber,6459d,2025-02-19
CZ0613332,Castor fiber,6460c,2025-02-19
CZ0613332,Castor fiber,6559b,2025-02-05
CZ0613332,Castor fiber,6560a,2025-01-10
CZ0613332,Castor fiber,"67,""6460c""",2016-03-09
CZ0613332,Castor fiber,"67,""6559d""",2025-01-22
CZ0613332,Castor fiber,"67,""6560a""",2018-03-28
CZ0613332,Castor fiber,"68,""6459d""",2018-02-27
CZ0613332,Castor fiber,"69,""6459d""",2017-03-14
CZ0613332,Castor fiber,"7,""6560a""",2016-03-11
CZ0613332,Castor fiber,"77,""6559d""",2024-01-17
CZ0613332,Castor fiber,"78,""6459d""",2020-02-13
CZ0613332,Castor fiber,"79,""6559b""",2023-01-13
CZ0613332,Castor fiber,"82,""6459d""",2023-01-30
CZ0613332,Castor fiber,"82,""6560a""",2024-01-29
CZ0613332,Castor fiber,"84,""6560a""",2025-01-10
CZ0613332,Castor fiber,"86,""6559b""",2022-02-14
CZ0613332,Castor fiber,"92,""6460c""",2024-01-22
CZ0613332,Castor fiber,"93,""6559b""",2020-02-20
CZ0613332,Castor fiber,"95,""6459d""",2019-03-15
CZ0613332,Castor fiber,"98,""6460c""",2021-03-26
CZ0613332,Castor fiber,"99,""6459b""",2025-02-19
CZ0613332,Cottus gobio,"12,""6459b""",2004-01-01
CZ0613332,Cottus gobio,"83,""6459d""",2004-01-01
CZ0613332,Lutra lutra,"01,""6459b""",2008-01-07
CZ0613332,Lutra lutra,"15,""6559b""",2014-02-21
CZ0613332,Lutra lutra,"24,""6460c""",2016-03-09
CZ0613332,Lutra lutra,6459b,2026-02-25
CZ0613332,Lutra lutra,6459d,2026-02-04
CZ0613332,Lutra lutra,6460c,2026-02-04
CZ0613332,Lutra lutra,6559b,2026-01-14
CZ0613332,Lutra lutra,6559d,2026-01-14
CZ0613332,Lutra lutra,6560a,2025-01-10
CZ0613332,Lutra lutra,"8,""6459d""",2012-03-23
CZ0613332,Lutra lutra,"84,""6459b""",2013-04-09
CZ0613332,Lutra lutra,"87,""6459b""",2012-03-23
CZ0613332,Lutra lutra,"89,""6459b""",2008-01-07
CZ0613332,Rhodeus amarus,"13,""6459b""",1950-01-01
CZ0613332,Rhodeus amarus,6459b,2015-09-17
CZ0613332,Rhodeus amarus,6460c,2017-09-25
CZ0613332,Salmo trutta,"12,""6459b""",2004-01-01
CZ0613332,Salmo trutta,"83,""6459d""",2004-01-01
CZ0613332,Sanguisorba officinalis,6459b,2016-09-18
CZ0613332,Triturus cristatus,6459b,2021-07-11
CZ0613333,Cottus gobio,"54,""6461b""",2001-01-01
CZ0613333,Cottus gobio,6461b,2022-09-01
CZ0613333,Cottus gobio,6462a,2023-10-15
CZ0613333,Cottus gobio,"82,""6461b""",2004-01-01
CZ0613333,Lampetra planeri,"54,""6461b""",2001-01-01
CZ0613333,Lampetra planeri,6461b,2022-09-01
CZ0613333,Lampetra planeri,6462a,2019-11-06
CZ0613333,Lampetra planeri,"82,""6461b""",2004-01-01
CZ0613333,Lutra lutra,6461b,2014-02-18
CZ0613333,Salmo trutta,6461b,2022-09-01
CZ0613333,Salmo trutta,6462a,2003-01-01
CZ0613333,Salmo trutta,"82,""6461b""",2004-01-01
CZ0613333,Sanguisorba officinalis,6461b,2001-01-01
CZ0613333,Succisa pratensis,6461b,2001-01-01
CZ0613333,Succisa pratensis,6462a,2003-07-30
CZ0613334,Abramis brama,"55,""6456d""",2004-01-01
CZ0613334,Barbastella barbastellus,6456d,2020-01-30
CZ0613334,Cottus gobio,"55,""6456d""",2004-01-01
CZ0613334,Cottus gobio,6455d,2013-08-21
CZ0613334,Cottus gobio,6456d,2013-08-21
CZ0613334,Cottus gobio,6556a,2013-08-21
CZ0613334,Lampetra planeri,"55,""6456d""",2004-01-01
CZ0613334,Lampetra planeri,6456d,2013-08-21
CZ0613334,Leuciscus aspius,"55,""6456d""",2004-01-01
CZ0613334,Leuciscus aspius,6457c,2025-05-01
CZ0613334,Lutra lutra,"55,""6456d""",2004-01-01
CZ0613334,Lutra lutra,6456c,2006-10-11
CZ0613334,Lutra lutra,6456d,2013-04-30
CZ0613334,Lutra lutra,6556a,2018-09-05
CZ0613334,Misgurnus fossilis,"55,""6456d""",2004-01-01
CZ0613334,Myotis bechsteinii,6457c,2020-01-30
CZ0613334,Myotis sp.,6456d,2024-02-08
CZ0613334,Myotis sp.,6457c,2025-01-19
CZ0613334,Ophiogomphus cecilia,6456d,2020-07-15
CZ0613334,Ophiogomphus cecilia,6556a,2020-07-15
CZ0613334,Salmo trutta,"55,""6456d""",2004-01-01
CZ0613334,Salmo trutta,6455d,2013-08-21
CZ0613334,Salmo trutta,6456d,2013-08-21
CZ0613334,Salmo trutta,6556a,2013-08-21
CZ0613334,Sanguisorba officinalis,"57,""6456d""",2012-08-16
CZ0613334,Sanguisorba officinalis,"59,""6456d""",2012-06-26
CZ0613334,Sanguisorba officinalis,6456d,2012-06-28
CZ0613334,Sanguisorba officinalis,6457c,2018-09-06
CZ0613334,Sanguisorba officinalis,6556a,2012-08-16
CZ0613334,Sanguisorba officinalis,6556b,2012-08-16
CZ0613335,Bombina bombina,6858a,2025-07-23
CZ0613335,Coleanthus subtilis,6858a,2023-06-08
CZ0613335,Lutra lutra,6858a,2024-07-04
CZ0613335,Lycaena dispar,6858a,2011-08-24
CZ0613335,Sanguisorba officinalis,6858a,2024-06-11
CZ0613335,Succisa pratensis,6858a,2024-08-20
CZ0613335,Triturus cristatus,6858a,2025-07-23
CZ0613336,Bombina bombina,6858d,2025-07-27
CZ0613336,Lutra lutra,6858d,2025-07-15
CZ0613336,Triturus cristatus,6858d,2025-07-04
CZ0613338,Anodonta sp.,6461d,2018-10-31
CZ0613338,Bombina bombina,"01,""6461d""",2000-01-01
CZ0613338,Bombina bombina,6461d,2025-07-26
CZ0613338,Bombina bombina,"99,""6461d""",2025-07-26
CZ0613338,Castor fiber,6461d,2025-06-25
CZ0613338,Coleanthus subtilis,"01,""6461d""",2024-05-23
CZ0613338,Coleanthus subtilis,6461d,2025-06-04
CZ0613338,Lutra lutra,6461d,2022-05-20
CZ0613338,Phengaris nausithous,6461d,2020-08-13
CZ0613338,Sanguisorba officinalis,6461d,2012-07-15
CZ0613338,Succisa pratensis,6461d,2017-06-01
CZ0613338,Triturus cristatus,6461d,2025-07-26
CZ0613695,Myotis myotis,6962c,2025-07-02
CZ0613696,Myotis myotis,6962c,2025-07-02
CZ0613698,Myotis myotis,6259b,2025-07-01
CZ0613698,Myotis sp.,6259b,2021-06-29
CZ0613699,Myotis emarginatus,6762d,2012-07-24
CZ0613700,Myotis emarginatus,6461b,2024-07-01
CZ0613809,Bombina bombina,"51,""6461a""",2019-04-01
CZ0613809,Bombina bombina,6461a,2024-07-11
CZ0613809,Bombina bombina,6461b,2024-05-19
CZ0613809,Coleanthus subtilis,6461a,2024-05-23
CZ0613809,Lycaena dispar,6461a,2019-08-15
CZ0613809,Phengaris nausithous,6461b,2017-07-28
CZ0613809,Sanguisorba officinalis,6461a,2019-07-30
CZ0613809,Sanguisorba officinalis,6461b,2019-07-30
CZ0613809,Succisa pratensis,6461b,2002-07-18
CZ0613809,Triturus cristatus,"51,""6461a""",2019-04-01
CZ0613809,Triturus cristatus,6461a,2024-07-11
CZ0613816,Barbastella barbastellus,6763c,2018-08-21
CZ0613816,Cerambyx cerdo,"37,""6763c""",2008-09-23
CZ0613816,Cerambyx cerdo,"55,""6763c""",2010-03-01
CZ0613816,Cerambyx cerdo,6762d,2020-07-25
CZ0613816,Cerambyx cerdo,6763c,2024-11-28
CZ0613816,Cerambyx cerdo,6863a,2020-07-25
CZ0613816,Cucujus cinnaberinus,6763c,2024-11-28
CZ0613816,Limoniscus violaceus,"33,""6762d""",2012-07-16
CZ0613816,Limoniscus violaceus,"37,""6763c""",2000-04-07
CZ0613816,Limoniscus violaceus,"55,""6763c""",2010-03-01
CZ0613816,Limoniscus violaceus,6763c,2024-11-28
CZ0613816,Lucanus cervus,6762d,2025-06-24
CZ0613816,Lucanus cervus,6763c,2020-07-25
CZ0613816,Myotis alcathoe/emarginatus,6763c,2018-08-21
CZ0613816,Myotis myotis,6763c,2018-08-21
CZ0613816,Osmoderma barnabita,"37,""6763c""",2008-09-23
CZ0613816,Osmoderma barnabita,"55,""6763c""",2010-03-01
CZ0613816,Osmoderma barnabita,6762d,2020-07-25
CZ0613816,Osmoderma barnabita,6763c,2023-09-01
CZ0613816,Osmoderma barnabita,6863a,2020-07-25
CZ0614052,Bombina bombina,6561a,2025-06-28
CZ0614052,Coleanthus subtilis,6561a,2024-05-28
CZ0614052,Lutra lutra,6561a,2025-05-23
CZ0614052,Scardinius erythrophthalmus,6561a,2012-11-01
CZ0614052,Succisa pratensis,6561a,2013-05-01
CZ0614053,Ameiurus nebulosus,6361a,2015-10-28
CZ0614053,Barbastella barbastellus,6361c,2014-08-01
CZ0614053,Coleanthus subtilis,6361c,2024-05-23
CZ0614053,Gentianella praecox subsp. bohemica,6361c,2022-09-23
CZ0614053,Leucorrhinia pectoralis,6361a,2023-06-01
CZ0614053,Lutra lutra,6361a,2024-03-07
CZ0614053,Lutra lutra,6361c,2025-06-05
CZ0614053,Lycaena dispar,6361c,2019-08-18
CZ0614053,Phengaris nausithous,6361a,2025-07-19
CZ0614053,Phengaris nausithous,6361c,2021-07-27
CZ0614053,Phengaris teleius,6361a,2025-07-19
CZ0614053,Sanguisorba officinalis,"26,""6361c""",2008-06-12
CZ0614053,Sanguisorba officinalis,6361a,2022-05-23
CZ0614053,Sanguisorba officinalis,6361c,2022-05-21
CZ0614053,Succisa pratensis,"25,""6361c""",2008-06-22
CZ0614053,Succisa pratensis,"38,""6361c""",2022-05-22
CZ0614053,Succisa pratensis,6361a,2022-05-23
CZ0614053,Succisa pratensis,6361c,2022-05-22
CZ0614054,Hamatocaulis vernicosus,"06,""6658a""",2010-03-01
CZ0614054,Hamatocaulis vernicosus,"07,""6558c""",2013-08-14
CZ0614054,Hamatocaulis vernicosus,6558c,2021-11-18
CZ0614054,Hamatocaulis vernicosus,6658a,2021-11-18
CZ0614054,Hamatocaulis vernicosus,"68,""6558c""",2013-01-01
CZ0614054,Sanguisorba officinalis,6658a,2021-07-09
CZ0614054,Succisa pratensis,"06,""6658a""",2010-03-01
CZ0614054,Succisa pratensis,"52,""6558c""",2007-06-30
CZ0614054,Succisa pratensis,6558c,2020-06-12
CZ0614054,Succisa pratensis,6658a,2021-07-09
CZ0614054,Succisa pratensis,"68,""6558c""",2013-01-01
CZ0614054,Vertigo geyeri,"63,""6558c""",2013-01-01
CZ0614054,Vertigo geyeri,6558c,2024-08-13
CZ0614054,Vertigo geyeri,6658a,2024-08-13
CZ0614056,Hamatocaulis vernicosus,"56,""6757d""",2010-03-01
CZ0614056,Hamatocaulis vernicosus,6757d,2022-06-15
CZ0614056,Lutra lutra,6757d,2021-05-03
CZ0614056,Lycaena dispar,6757d,2023-06-27
CZ0614056,Phengaris nausithous,6757d,2014-07-27
CZ0614056,Sanguisorba officinalis,"22,""6757b""",2021-07-28
CZ0614056,Sanguisorba officinalis,"35,""6757d""",2001-09-20
CZ0614056,Sanguisorba officinalis,"5,""6757d""",2021-07-28
CZ0614056,Sanguisorba officinalis,"51,""6757d""",2008-05-27
CZ0614056,Sanguisorba officinalis,"56,""6757d""",2010-03-01
CZ0614056,Sanguisorba officinalis,"67,""6757d""",2021-07-28
CZ0614056,Sanguisorba officinalis,6757b,2021-07-28
CZ0614056,Sanguisorba officinalis,6757d,2021-07-28
CZ0614056,Sanguisorba officinalis,"7,""6757d""",2021-07-28
CZ0614056,Sanguisorba officinalis,"73,""6757b""",2008-06-23
CZ0614056,Sanguisorba officinalis,"97,""6757b""",2008-05-27
CZ0614056,Succisa pratensis,"56,""6757d""",2010-03-01
CZ0614056,Succisa pratensis,6757d,2021-07-28
CZ0614056,Succisa pratensis,"99,""6757b""",2021-07-28
CZ0614056,Triturus cristatus,6757b,2024-05-24
CZ0614056,Triturus cristatus,6757d,2024-05-01
CZ0614056,Vertigo geyeri,6757d,2024-10-02
CZ0614057,Bombina bombina,6561a,2025-06-02
CZ0614057,Bombina bombina,6561b,2025-06-02
CZ0614057,Bombina bombina,"8,""6561a""",2025-06-02
CZ0614057,Coleanthus subtilis,"29,""6561a""",2010-06-04
CZ0614057,Coleanthus subtilis,6561a,2024-06-04
CZ0614057,Coleanthus subtilis,6561b,2024-06-04
CZ0614057,Coleanthus subtilis,"66,""6561b""",2002-01-01
CZ0614057,Coleanthus subtilis,"73,""6561a""",2002-05-30
CZ0614057,Coleanthus subtilis,"77,""6561a""",2024-06-04
CZ0614057,Sanguisorba officinalis,6561b,2012-08-09
CZ0614057,Sanguisorba officinalis,"91,""6561b""",2013-05-01
CZ0614057,Scardinius erythrophthalmus,"4,""6561b""",2012-11-01
CZ0614057,Succisa pratensis,6561b,2024-06-04
CZ0614057,Succisa pratensis,"91,""6561b""",2013-05-01
CZ0614058,Bombina bombina,6759a,2025-10-25
CZ0614058,Coleanthus subtilis,6759a,2024-05-28
CZ0614058,Leucorrhinia pectoralis,6759a,2012-06-29
CZ0614058,Lutra lutra,6759a,2025-03-29
CZ0614058,Scardinius erythrophthalmus,6759a,2025-09-10
CZ0614058,Triturus cristatus,6759a,2021-07-27
CZ0614059,Barbastella barbastellus,6361a,2020-06-15
CZ0614059,Buxbaumia viridis,6361a,2024-09-29
CZ0614059,Castor fiber,6361a,2019-04-07
CZ0614059,Cottus gobio,6361a,2015-09-17
CZ0614059,Gentianella praecox subsp. bohemica,6361a,2023-09-11
CZ0614059,Hamatocaulis vernicosus,6361a,2022-09-21
CZ0614059,Myotis bechsteinii,6361a,2020-09-03
CZ0614059,Myotis emarginatus,6361a,2020-09-03
CZ0614059,Myotis myotis,6361a,2020-09-03
CZ0614059,Phengaris nausithous,6361a,2021-07-24
CZ0614059,Rumex sp.,6361a,2021-06-21
CZ0614059,Salmo trutta,"62,""6361a""",2004-01-01
CZ0614059,Salmo trutta,6361a,2018-04-17
CZ0614059,Sanguisorba officinalis,6361a,2024-07-14
CZ0614059,Succisa pratensis,6361a,2022-06-23
CZ0614059,Vertigo angustior,6361a,2024-07-29
CZ0614059,Vertigo geyeri,6361a,2024-07-29
CZ0614131,Abramis brama,"31,""6762d""",2004-01-01
CZ0614131,Abramis brama,6863c,2006-08-24
CZ0614131,Barbastella barbastellus,6862b,2012-07-28
CZ0614131,Barbastella barbastellus,6863a,2021-09-18
CZ0614131,Barbastella barbastellus,6863c,2021-09-14
CZ0614131,Barbastella barbastellus,"96,""6863a""",2011-12-21
CZ0614131,Barbastella barbastellus,"96,""6863b""",2011-12-21
CZ0614131,Barbastella barbastellus,"96,""6863c""",2011-12-21
CZ0614131,Barbastella barbastellus,"96,""6863d""",2011-12-21
CZ0614131,Castor fiber,6862b,2023-08-24
CZ0614131,Castor fiber,6863c,2017-05-07
CZ0614131,Castor fiber,6863d,2017-05-07
CZ0614131,Cerambyx cerdo,"03,""6863a""",2011-09-09
CZ0614131,Cerambyx cerdo,6862b,2023-01-25
CZ0614131,Cerambyx cerdo,6863a,2019-07-20
CZ0614131,Cerambyx cerdo,6863c,2016-05-09
CZ0614131,Cerambyx cerdo,"8,""6862b""",2012-03-09
CZ0614131,Cottus gobio,"31,""6762d""",2004-01-01
CZ0614131,Cottus gobio,"35,""6863c""",2012-10-23
CZ0614131,Cottus gobio,6862b,2023-10-14
CZ0614131,Cottus gobio,6863a,2023-10-14
CZ0614131,Cottus gobio,6863c,2023-10-14
CZ0614131,Cottus gobio,6863d,2023-10-14
CZ0614131,Cottus gobio,"72,""6863a""",2004-01-01
CZ0614131,Cucujus cinnaberinus,6862b,2020-05-01
CZ0614131,Cucujus cinnaberinus,6863c,2021-11-17
CZ0614131,Dicranum viride,6862b,2024-10-18
CZ0614131,Euplagia quadripunctaria,"3,""6863b""",2000-08-18
CZ0614131,Euplagia quadripunctaria,6862b,2021-07-20
CZ0614131,Euplagia quadripunctaria,6863a,2018-07-19
CZ0614131,Euplagia quadripunctaria,6863c,2020-08-10
CZ0614131,Euplagia quadripunctaria,6863d,2021-08-14
CZ0614131,Euplagia quadripunctaria,"73,""6863a""",2000-01-01
CZ0614131,Euplagia quadripunctaria,"73,""6863c""",2005-08-31
CZ0614131,Himantoglossum adriaticum,"42,""6863b""",2002-01-01
CZ0614131,Himantoglossum adriaticum,6863c,2024-07-11
CZ0614131,Himantoglossum adriaticum,6863d,2014-01-01
CZ0614131,Leuciscus aspius,6863c,2004-01-01
CZ0614131,Limoniscus violaceus,6862b,2021-02-26
CZ0614131,Limoniscus violaceus,6863a,2023-10-26
CZ0614131,Lucanus cervus,"03,""6863a""",2011-09-09
CZ0614131,Lucanus cervus,6863a,2011-09-09
CZ0614131,Lucanus cervus,6863c,2021-11-17
CZ0614131,Lucanus cervus,6863d,2019-03-13
CZ0614131,Lutra lutra,6862b,2010-09-25
CZ0614131,Lutra lutra,6863a,2016-10-08
CZ0614131,Lutra lutra,6863c,2015-06-13
CZ0614131,Lutra lutra,6863d,2011-05-01
CZ0614131,Lutra lutra,"96,""6863a""",2007-01-01
CZ0614131,Lutra lutra,"96,""6863b""",2007-01-01
CZ0614131,Lutra lutra,"96,""6863c""",2007-01-01
CZ0614131,Lutra lutra,"96,""6863d""",2007-01-01
CZ0614131,Lycaena dispar,6863a,2008-08-20
CZ0614131,Lycaena dispar,6863c,2019-06-05
CZ0614131,Lycaena dispar,6863d,2019-06-05
CZ0614131,Lycaena dispar,"96,""6863a""",2004-08-12
CZ0614131,Lycaena dispar,"96,""6863b""",2004-08-12
CZ0614131,Lycaena dispar,"96,""6863c""",2004-08-12
CZ0614131,Lycaena dispar,"96,""6863d""",2004-08-12
CZ0614131,Lynx lynx,"9,""6863a""",2000-01-01
CZ0614131,Myotis alcathoe/emarginatus,6863a,2021-09-11
CZ0614131,Myotis bechsteinii,6862b,2012-07-28
CZ0614131,Myotis bechsteinii,6863a,2021-09-11
CZ0614131,Myotis bechsteinii,6863c,2021-09-13
CZ0614131,Myotis emarginatus,6862b,2012-07-05
CZ0614131,Myotis emarginatus,6863a,2021-09-11
CZ0614131,Myotis emarginatus,"96,""6863a""",2011-06-21
CZ0614131,Myotis emarginatus,"96,""6863b""",2011-06-21
CZ0614131,Myotis emarginatus,"96,""6863c""",2011-06-21
CZ0614131,Myotis emarginatus,"96,""6863d""",2011-06-21
CZ0614131,Myotis myotis,"05,""6863a""",2003-01-01
CZ0614131,Myotis myotis,6862b,2012-07-28
CZ0614131,Myotis myotis,6863a,2012-07-31
CZ0614131,Myotis myotis,6863c,2012-07-06
CZ0614131,Myotis myotis,"96,""6863a""",2011-12-21
CZ0614131,Myotis myotis,"96,""6863b""",2011-12-21
CZ0614131,Myotis myotis,"96,""6863c""",2011-12-21
CZ0614131,Myotis myotis,"96,""6863d""",2011-12-21
CZ0614131,Osmoderma barnabita,"03,""6863a""",2011-09-09
CZ0614131,Osmoderma barnabita,6862b,2022-06-24
CZ0614131,Osmoderma barnabita,6863a,2011-10-14
CZ0614131,Osmoderma barnabita,"8,""6862b""",2012-03-09
CZ0614131,Phengaris nausithous,6863c,2024-08-04
CZ0614131,Pulsatilla grandis,6863c,2025-04-04
CZ0614131,Rhinolophus hipposideros,"96,""6863a""",2011-12-21
CZ0614131,Rhinolophus hipposideros,"96,""6863b""",2011-12-21
CZ0614131,Rhinolophus hipposideros,"96,""6863c""",2011-12-21
CZ0614131,Rhinolophus hipposideros,"96,""6863d""",2011-12-21
CZ0614131,Rhodeus amarus,6863c,2019-09-11
CZ0614131,Salmo trutta,"31,""6762d""",2004-01-01
CZ0614131,Salmo trutta,"35,""6863c""",2012-10-23
CZ0614131,Salmo trutta,6862b,2010-09-25
CZ0614131,Salmo trutta,6863a,2021-11-10
CZ0614131,Salmo trutta,6863c,2021-11-09
CZ0614131,Salmo trutta,6863d,2021-11-10
CZ0614131,Salmo trutta,"72,""6863a""",2004-01-01
CZ0614131,Sanguisorba officinalis,"07,""6863d""",2011-04-20
CZ0614131,Sanguisorba officinalis,"35,""6862b""",2010-04-20
CZ0614131,Sanguisorba officinalis,6863a,2011-05-01
CZ0614131,Sanguisorba officinalis,6863c,2013-06-06
CZ0614131,Sanguisorba officinalis,6863d,2013-05-14
CZ0614131,Scardinius erythrophthalmus,"31,""6762d""",2004-01-01
CZ0614131,Succisa pratensis,6863d,2010-05-30
CZ0614131,Unio crassus,"05,""6863a""",2012-09-04
CZ0614131,Unio crassus,6862b,2010-01-01
CZ0614131,Unio crassus,6863c,2017-10-01
CZ0614132,Bombina bombina,6458d,2019-05-19
CZ0614132,Coleanthus subtilis,6458d,2025-06-13
CZ0614132,Lutra lutra,6458d,2015-05-26
CZ0614133,Euplagia quadripunctaria,6863c,2014-07-30
CZ0614133,Lycaena dispar,6863c,2014-07-30
CZ0614133,Pulsatilla grandis,6863c,2025-06-06
CZ0614133,Succisa pratensis,6863c,2014-05-04
CZ0614134,Abramis brama,"71,""6863c""",2004-01-01
CZ0614134,Abramis brama,"84,""6863c""",2004-01-01
CZ0614134,Barbastella barbastellus,6963a,2003-01-01
CZ0614134,Castor fiber,"12,""6863c""",2018-05-03
CZ0614134,Castor fiber,"35,""6963b""",2002-01-01
CZ0614134,Castor fiber,"58,""6863c""",2017-05-08
CZ0614134,Castor fiber,"61,""6863c""",2002-01-01
CZ0614134,Castor fiber,"64,""6863c""",2015-03-05
CZ0614134,Castor fiber,6863c,2026-03-15
CZ0614134,Castor fiber,6963a,2026-03-15
CZ0614134,Castor fiber,6963b,2021-05-11
CZ0614134,Cerambyx cerdo,6862d,2021-08-08
CZ0614134,Cerambyx cerdo,6863c,2025-06-19
CZ0614134,Cerambyx cerdo,6963a,2025-10-26
CZ0614134,Chamaecytisus sp.,6862d,2013-08-31
CZ0614134,Chamaecytisus sp.,6962b,2013-09-29
CZ0614134,Chamaecytisus sp.,6963a,2013-07-04
CZ0614134,Cottus gobio,6963a,2022-08-04
CZ0614134,Cottus gobio,"84,""6863c""",2004-01-01
CZ0614134,Cucujus cinnaberinus,6863c,2023-05-20
CZ0614134,Cucujus cinnaberinus,6963a,2023-12-17
CZ0614134,Cucujus cinnaberinus,6963b,2016-04-16
CZ0614134,Euplagia quadripunctaria,"14,""6863c""",2014-08-01
CZ0614134,Euplagia quadripunctaria,"35,""6963b""",2008-08-05
CZ0614134,Euplagia quadripunctaria,"67,""6863c""",2014-07-24
CZ0614134,Euplagia quadripunctaria,6862d,2022-08-10
CZ0614134,Euplagia quadripunctaria,6863c,2025-08-13
CZ0614134,Euplagia quadripunctaria,6963a,2015-08-09
CZ0614134,Euplagia quadripunctaria,6963b,2023-07-31
CZ0614134,Limoniscus violaceus,6963a,2004-04-09
CZ0614134,Lucanus cervus,"14,""6863c""",2014-05-27
CZ0614134,Lucanus cervus,"59,""6863c""",2014-05-27
CZ0614134,Lucanus cervus,"63,""6863c""",2012-04-20
CZ0614134,Lucanus cervus,6862d,2021-08-08
CZ0614134,Lucanus cervus,6863c,2022-07-08
CZ0614134,Lucanus cervus,6963a,2023-05-12
CZ0614134,Lucanus cervus,6963b,2025-06-24
CZ0614134,Lutra lutra,"35,""6963b""",2005-09-10
CZ0614134,Lutra lutra,6863c,2022-12-30
CZ0614134,Lutra lutra,6963a,2016-10-08
CZ0614134,Lutra lutra,6963b,2016-09-11
CZ0614134,Lycaena dispar,"35,""6963b""",1995-01-01
CZ0614134,Lycaena dispar,6863c,2024-05-20
CZ0614134,Lycaena dispar,6963a,2024-08-04
CZ0614134,Lycaena dispar,6963b,2021-08-07
CZ0614134,Myotis emarginatus,6863c,2021-08-12
CZ0614134,Osmoderma barnabita,6862d,2006-11-27
CZ0614134,Osmoderma barnabita,6863c,2006-11-27
CZ0614134,Phengaris nausithous,6963b,2024-07-21
CZ0614134,Pulsatilla grandis,"01,""6863c""",2023-04-04
CZ0614134,Pulsatilla grandis,6863c,2023-04-04
CZ0614134,Pulsatilla grandis,6963a,2023-04-04
CZ0614134,Salmo trutta,6863c,2023-08-10
CZ0614134,Salmo trutta,6963a,2024-08-14
CZ0614134,Salmo trutta,6963b,2022-08-15
CZ0614134,Salmo trutta,"71,""6863c""",2004-01-01
CZ0614134,Salmo trutta,"84,""6863c""",2004-01-01
CZ0614134,Sanguisorba officinalis,"45,""6863c""",2013-09-29
CZ0614134,Sanguisorba officinalis,"59,""6863c""",2001-04-28
CZ0614134,Sanguisorba officinalis,6863c,2005-04-01
CZ0614134,Spermophilus citellus,"35,""6963b""",2002-01-01
CZ0614134,Spermophilus citellus,6863c,2025-07-02
CZ0614134,Spermophilus citellus,6963b,2022-06-22
CZ0614134,Unio crassus,6963a,2017-10-14
CZ0614135,Hamatocaulis vernicosus,6558c,2001-01-01
CZ0614135,Succisa pratensis,6558c,2007-06-08
CZ0614135,Vertigo geyeri,6558c,2022-10-10
CZ0614136,Phengaris teleius,6261d,2019-07-05
CZ0614136,Sanguisorba officinalis,6261d,2022-06-01
CZ0614136,Succisa pratensis,6261d,2021-06-29
CZ0614136,Vertigo geyeri,6261d,2024-07-04
CZ0614137,Sanguisorba officinalis,6260b,2023-05-28
CZ0614137,Succisa pratensis,6260b,2023-05-28
CZ0614137,Vertigo geyeri,6260b,2024-07-25
CZ0615001,Dicranum viride,6559c,2023-11-01
CZ0615014,Abramis brama,6461b,2021-06-30
CZ0615014,Castor fiber,6461b,2025-03-10
CZ0615014,Cottus gobio,6461b,2004-01-01
CZ0615014,Hamatocaulis vernicosus,6461b,2025-05-10
CZ0615014,Lutra lutra,6461b,2025-03-10
CZ0615014,Myotis emarginatus,6461b,2025-06-19
CZ0615014,Rumex sp.,6461b,2008-07-15
CZ0615014,Salmo trutta,6461b,2021-06-30
CZ0615014,Sanguisorba officinalis,6461b,2022-06-03
CZ0615014,Succisa pratensis,6461b,2022-06-03
CZ0615018,Hamatocaulis vernicosus,"17,""6558b""",2010-03-01
CZ0615018,Hamatocaulis vernicosus,6558b,2021-11-17
CZ0615018,Lutra lutra,"17,""6558b""",2010-03-01
CZ0615018,Phengaris nausithous,"62,""6558b""",2021-08-13
CZ0615018,Succisa pratensis,"05,""6558d""",2008-06-27
CZ0615018,Succisa pratensis,"13,""6558b""",2008-06-27
CZ0615018,Succisa pratensis,"17,""6558b""",2010-03-01
CZ0615018,Succisa pratensis,6558b,2020-06-23
CZ0615018,Succisa pratensis,6558d,2009-01-01
CZ0620001,Pulsatilla grandis,6965a,2025-03-18
CZ0620002,Coenagrion ornatum,6867d,2018-06-12
CZ0620002,Euplagia quadripunctaria,6867b,2024-08-07
CZ0620002,Lycaena dispar,6867b,2014-06-23
CZ0620002,Lycaena dispar,6867d,2018-06-12
CZ0620002,Lycaena dispar,"69,""6867b""",2009-05-01
CZ0620002,Pulsatilla grandis,6867b,2024-03-21
CZ0620002,Pulsatilla grandis,"69,""6867b""",2009-04-15
CZ0620003,Eriogaster catax,NA,2006-10-09
CZ0620003,Pulsatilla grandis,7162d,2023-03-29
CZ0620004,Cucujus cinnaberinus,7161d,2020-03-28
CZ0620004,Eriogaster catax,NA,2007-04-05
CZ0620004,Euplagia quadripunctaria,7161d,2009-07-17
CZ0620004,Hipparchia semele,NA,1995-01-01
CZ0620004,Lucanus cervus,7161d,2017-04-06
CZ0620004,Pulsatilla grandis,7161d,2025-05-29
CZ0620005,Crambe tataria,"24,""7066c""",2003-06-25
CZ0620005,Crambe tataria,7066c,2025-05-09
CZ0620005,Crambe tataria,"95,""7066c""",2009-04-13
CZ0620005,Cucujus cinnaberinus,7066c,2022-04-30
CZ0620005,Lucanus cervus,7066c,2022-04-30
CZ0620005,Lycaena dispar,"24,""7066c""",2003-08-07
CZ0620005,Lycaena dispar,7066c,2017-06-14
CZ0620006,Eriogaster catax,7266c,2025-04-23
CZ0620006,Pulsatilla grandis,7266c,2024-03-15
CZ0620007,Bombina bombina,7162d,2010-01-01
CZ0620007,Eriogaster catax,NA,2006-10-09
CZ0620007,Pulsatilla grandis,7162d,2022-03-29
CZ0620009,Abramis brama,7266a,2015-11-17
CZ0620009,Abramis brama,7266b,2015-10-27
CZ0620009,Barbastella barbastellus,7266b,2015-07-21
CZ0620009,Blicca bjoerkna,7266a,2015-11-17
CZ0620009,Blicca bjoerkna,7266b,2015-10-27
CZ0620009,Bombina bombina,7266a,2025-06-06
CZ0620009,Castor fiber,7266b,2026-01-01
CZ0620009,Castor fiber,"77,""7266b""",2003-01-01
CZ0620009,Cerambyx cerdo,7266a,2004-07-06
CZ0620009,Cerambyx cerdo,7266b,2024-04-15
CZ0620009,Coenagrion ornatum,7266a,2014-06-27
CZ0620009,Eriogaster catax,"01,""7266a""",2023-04-19
CZ0620009,Eriogaster catax,7266a,2023-05-10
CZ0620009,Eriogaster catax,NA,2004-01-01
CZ0620009,Lemna trisulca,7266b,2001-08-28
CZ0620009,Leuciscus aspius,7266a,2015-11-17
CZ0620009,Leuciscus aspius,7266b,2015-10-27
CZ0620009,Lucanus cervus,7266a,2025-06-29
CZ0620009,Lucanus cervus,7266b,2024-06-16
CZ0620009,Lutra lutra,"1,""7266b""",2015-07-10
CZ0620009,Lutra lutra,7266b,2026-02-16
CZ0620009,Lycaena dispar,"15,""7266a""",2005-05-21
CZ0620009,Lycaena dispar,7266a,2005-07-31
CZ0620009,Myotis emarginatus,7266b,2006-06-21
CZ0620009,Myotis sp.,7266a,2015-07-20
CZ0620009,Rosalia alpina,7266b,2024-06-29
CZ0620009,Sanguisorba officinalis,7266b,2003-06-07
CZ0620009,Scardinius erythrophthalmus,7266a,2015-11-17
CZ0620009,Scardinius erythrophthalmus,7266b,2015-10-27
CZ0620011,Crambe tataria,6965d,2024-03-27
CZ0620011,Crambe tataria,"76,""6965d""",2009-05-17
CZ0620011,Pulsatilla grandis,6965d,2024-03-27
CZ0620011,Succisa pratensis,"76,""6965d""",2009-05-17
CZ0620013,Barbastella barbastellus,7062b,2015-08-05
CZ0620013,Myotis myotis,7062b,2015-06-29
CZ0620014,Lycaena dispar,7066a,2009-06-15
CZ0620014,Pulsatilla grandis,7066a,2025-03-25
CZ0620016,Bombina bombina,6867d,2018-04-10
CZ0620016,Lycaena dispar,"01,""6867d""",2003-08-05
CZ0620016,Pulsatilla grandis,"01,""6867d""",2000-01-01
CZ0620016,Pulsatilla grandis,6867d,2023-03-19
CZ0620016,Pulsatilla grandis,"99,""6867d""",2011-03-27
CZ0620018,Lycaena dispar,6867b,2020-08-15
CZ0620018,Pulsatilla grandis,"58,""6867b""",2025-03-21
CZ0620018,Pulsatilla grandis,6867b,2023-05-04
CZ0620018,Pulsatilla grandis,"95,""6867b""",2012-05-11
CZ0620020,Euplagia quadripunctaria,7161d,2025-08-20
CZ0620020,Lycaena dispar,"46,""7161d""",2021-09-02
CZ0620020,Lycaena dispar,7161d,2024-05-25
CZ0620020,Pulsatilla grandis,"46,""7161d""",2022-06-14
CZ0620020,Pulsatilla grandis,7161d,2026-03-13
CZ0620020,Triturus carnifex,7161d,2023-08-10
CZ0620020,Triturus cristatus s. l.,7161d,2015-08-04
CZ0620024,Bombina bombina,7069d,2016-06-25
CZ0620024,Cerambyx cerdo,7069c,2023-06-26
CZ0620024,Euplagia quadripunctaria,7069c,2025-08-14
CZ0620024,Hipparchia semele,NA,1995-01-01
CZ0620024,Lemna trisulca,7069c,2003-04-01
CZ0620024,Lucanus cervus,7069c,2023-06-26
CZ0620024,Lucanus cervus,7069d,2024-06-20
CZ0620024,Myotis sp.,"59,""7069c""",2022-05-15
CZ0620024,Ophiogomphus cecilia,7069d,2010-07-13
CZ0620031,Lycaena dispar,7165c,2008-06-05
CZ0620037,Euplagia quadripunctaria,6766d,2006-01-01
CZ0620037,Lucanus cervus,6766d,2006-01-01
CZ0620037,Lycaena dispar,6766d,2006-06-12
CZ0620037,Pulsatilla grandis,"09,""6766d""",2001-06-01
CZ0620037,Pulsatilla grandis,6766d,2025-03-21
CZ0620037,Triturus cristatus,"21,""6766d""",2003-03-15
CZ0620048,Chamaecytisus sp.,7266a,2009-08-15
CZ0620048,Eriogaster catax,"01,""7266a""",2024-04-12
CZ0620048,Eriogaster catax,7266a,2025-10-14
CZ0620048,Eriogaster catax,NA,2004-01-01
CZ0620048,Euplagia quadripunctaria,7266a,2024-07-14
CZ0620048,Lucanus cervus,7266a,2025-06-24
CZ0620048,Lycaena dispar,7266a,2009-05-09
CZ0620049,Eriogaster catax,NA,2004-01-01
CZ0620049,Pulsatilla grandis,7266a,2025-04-27
CZ0620051,Pulsatilla grandis,6866a,2024-03-24
CZ0620055,Cerambyx cerdo,7067c,2020-06-21
CZ0620055,Lucanus cervus,"95,""7067c""",2019-06-13
CZ0620056,Pulsatilla grandis,7062d,2023-03-29
CZ0620073,Cerambyx cerdo,7069b,2013-07-19
CZ0620073,Euplagia quadripunctaria,7069b,2021-08-12
CZ0620073,Hipparchia semele,NA,1995-01-01
CZ0620078,Castor fiber,7069a,2023-02-28
CZ0620078,Hipparchia semele,NA,1995-01-01
CZ0620078,Lemna trisulca,7069a,2024-04-26
CZ0620078,Sanguisorba officinalis,"3,""7069a""",2012-01-01
CZ0620078,Sanguisorba officinalis,"49,""7069a""",2024-04-26
CZ0620078,Sanguisorba officinalis,7069a,2024-05-09
CZ0620078,Succisa pratensis,"3,""7069a""",2012-01-01
CZ0620078,Succisa pratensis,7069a,2024-05-09
CZ0620078,Succisa pratensis,"73,""7069a""",2024-04-26
CZ0620084,Bombina bombina,"04,""7065b""",2001-05-01
CZ0620084,Bombina bombina,"04,""7065d""",2001-04-12
CZ0620084,Bombina bombina,7065d,2021-09-19
CZ0620084,Castor fiber,7065b,2022-04-14
CZ0620084,Castor fiber,7065d,2017-04-09
CZ0620084,Cerambyx cerdo,"68,""7065d""",2000-05-20
CZ0620084,Cerambyx cerdo,7065b,2016-05-11
CZ0620084,Cerambyx cerdo,7065d,2015-11-10
CZ0620084,Cucujus cinnaberinus,7065d,2025-03-06
CZ0620084,Emys orbicularis,7065b,2010-01-01
CZ0620084,Hipparchia semele,NA,1995-01-01
CZ0620084,Lemna trisulca,"04,""7065d""",2015-01-01
CZ0620084,Lemna trisulca,7065d,2020-05-27
CZ0620084,Lucanus cervus,7065b,2010-01-01
CZ0620084,Lucanus cervus,7065d,2021-09-19
CZ0620084,Osmoderma barnabita,7065b,2011-01-01
CZ0620084,Osmoderma barnabita,7065d,2019-01-01
CZ0620084,Rumex sp.,7065b,2023-05-10
CZ0620084,Sanguisorba officinalis,7065b,2016-09-01
CZ0620084,Sanguisorba officinalis,7065d,2016-09-01
CZ0620084,Triturus dobrogicus,7065d,2018-06-17
CZ0620101,Barbastella barbastellus,7062b,2019-07-10
CZ0620101,Lucanus cervus,7062b,2019-09-29
CZ0620101,Myotis bechsteinii,7062b,2019-07-02
CZ0620103,Hipparchia semele,NA,2003-01-01
CZ0620120,Cypripedium calceolus,6665c,2022-04-26
CZ0620120,Pulsatilla grandis,6665c,2024-04-06
CZ0620132,Dicranum viride,6564a,2023-10-25
CZ0620132,Lutra lutra,6564a,2010-03-01
CZ0620132,Rumex sp.,6564a,2004-07-07
CZ0620132,Sanguisorba officinalis,6564a,2013-07-05
CZ0620139,Lucanus cervus,6967a,2018-06-30
CZ0620139,Lycaena dispar,6967a,2019-07-04
CZ0620147,Echium maculatum,7063d,2025-06-04
CZ0620147,Lucanus cervus,7063d,2024-06-23
CZ0620147,Lucanus cervus,"99,""7063d""",2015-06-05
CZ0620147,Myotis myotis,"99,""7063d""",2005-04-21
CZ0620147,Pulsatilla grandis,7063d,2025-03-20
CZ0620154,Eriogaster catax,NA,2006-10-09
CZ0620154,Euplagia quadripunctaria,7162d,2021-08-08
CZ0620154,Lucanus cervus,7162d,2022-06-16
CZ0620154,Lycaena dispar,7162d,2022-08-26
CZ0620154,Pulsatilla grandis,7162d,2023-03-20
CZ0620154,Sanguisorba officinalis,7162d,2022-06-02
CZ0620158,Bombina bombina,6966c,2018-08-02
CZ0620162,Cypripedium calceolus,7262b,2024-04-19
CZ0620162,Cypripedium calceolus,"97,""7262b""",2008-04-01
CZ0620162,Eriogaster catax,"48,""7262b""",2025-04-22
CZ0620162,Eriogaster catax,7262b,2024-04-09
CZ0620162,Eriogaster catax,7262d,2024-04-09
CZ0620162,Euplagia quadripunctaria,7262d,2024-07-22
CZ0620162,Spermophilus citellus,7262b,2021-05-04
CZ0620169,Lucanus cervus,7067a,2021-07-22
CZ0620169,Pulsatilla grandis,"46,""7066b""",2022-04-01
CZ0620169,Pulsatilla grandis,"62,""7066b""",2004-01-01
CZ0620169,Pulsatilla grandis,"63,""7067a""",2025-04-16
CZ0620177,Castor fiber,"99,""7168a""",2003-01-01
CZ0620177,Cerambyx cerdo,"64,""7168a""",2010-01-01
CZ0620177,Cerambyx cerdo,7167b,2019-05-10
CZ0620177,Cerambyx cerdo,7168a,2019-04-21
CZ0620177,Euplagia quadripunctaria,7167b,2017-08-02
CZ0620177,Lucanus cervus,"64,""7168a""",2010-01-01
CZ0620177,Lucanus cervus,7167b,2017-10-13
CZ0620177,Lucanus cervus,7168a,2025-05-18
CZ0620181,Cucujus cinnaberinus,7263a,2017-11-05
CZ0620181,Lucanus cervus,7263a,2016-06-10
CZ0620187,Bombina bombina,7164d,2024-05-06
CZ0620187,Graphoderus bilineatus,7164d,2013-04-30
CZ0620187,Lycaena dispar,7164d,2011-09-21
CZ0620191,Barbastella barbastellus,6564c,2015-02-14
CZ0620191,Castor fiber,6564c,2022-02-17
CZ0620191,Cottus gobio,"4,""6564c""",2004-01-01
CZ0620191,Euplagia quadripunctaria,6564c,2015-08-14
CZ0620191,Lutra lutra,6564c,2006-10-18
CZ0620191,Salmo trutta,"4,""6564c""",2004-01-01
CZ0620194,Barbastella barbastellus,6564a,2015-05-23
CZ0620194,Euplagia quadripunctaria,6464c,2015-08-12
CZ0620194,Euplagia quadripunctaria,6564a,2015-08-12
CZ0620194,Lutra lutra,6564a,2012-12-19
CZ0620194,Myotis bechsteinii,6564a,2015-05-23
CZ0620194,Myotis myotis,6564a,2015-05-23
CZ0620194,Rhinolophus hipposideros,6564a,2015-05-23
CZ0620194,Salmo trutta,"68,""6564a""",2004-01-01
CZ0620204,Cerambyx cerdo,7062c,2002-12-01
CZ0620204,Cucujus cinnaberinus,7062c,2021-04-06
CZ0620204,Euplagia quadripunctaria,7062c,2022-08-07
CZ0620204,Lucanus cervus,7062c,2022-08-12
CZ0620245,Castor fiber,6767a,2025-04-20
CZ0620245,Cottus gobio,6767a,2004-01-01
CZ0620245,Euplagia quadripunctaria,6767a,2022-08-20
CZ0620245,Lycaena dispar,6666d,2024-06-19
CZ0620245,Lycaena dispar,6767a,2022-05-31
CZ0620245,Phengaris nausithous,6767a,2025-08-12
CZ0620245,Phengaris teleius,6767a,2020-07-24
CZ0620245,Rumex sp.,"16,""6667c""",2007-06-14
CZ0620245,Salmo trutta,6767a,2004-01-01
CZ0620245,Sanguisorba officinalis,"04,""6666d""",2010-01-01
CZ0620245,Sanguisorba officinalis,"16,""6667c""",2007-06-14
CZ0620245,Sanguisorba officinalis,"46,""6767a""",2009-04-28
CZ0620245,Sanguisorba officinalis,"64,""6767a""",2009-04-28
CZ0620245,Sanguisorba officinalis,6666d,2009-04-28
CZ0620245,Sanguisorba officinalis,6767a,2025-08-12
CZ0620245,Succisa pratensis,"04,""6666d""",2010-01-01
CZ0620245,Succisa pratensis,"64,""6767a""",2009-04-28
CZ0620245,Succisa pratensis,6666d,2009-04-28
CZ0620245,Succisa pratensis,6767a,2009-04-28
CZ0620245,Vertigo angustior,6767a,2014-09-18
CZ0620414,Lycaena dispar,6564c,2023-07-12
CZ0620415,Hipparchia semele,NA,2003-01-01
CZ0620415,Lutra lutra,6968b,2016-03-30
CZ0620416,Bombina bombina,7263a,2024-05-09
CZ0620417,Lycaena dispar,7067d,2020-05-17
CZ0620418,Coenagrion ornatum,7262a,2016-06-07
CZ0620418,Cucujus cinnaberinus,7262a,2012-04-01
CZ0620419,Echium maculatum,"02,""6967d""",2020-03-01
CZ0620419,Echium maculatum,"6,""6968c""",2000-01-01
CZ0620419,Echium maculatum,"69,""6967d""",2020-03-01
CZ0620419,Echium maculatum,6967d,2025-06-06
CZ0620419,Echium maculatum,6968c,2025-06-06
CZ0620419,Echium maculatum,"75,""6967d""",2020-03-01
CZ0620419,Echium maculatum,"87,""6968c""",2001-06-01
CZ0620419,Euplagia quadripunctaria,6967d,2023-09-08
CZ0620419,Euplagia quadripunctaria,"96,""6968c""",2003-08-05
CZ0620419,Hipparchia semele,NA,2003-01-01
CZ0620419,Lycaena dispar,6968c,2013-08-03
CZ0620419,Pulsatilla grandis,"1,""6967d""",2017-04-01
CZ0620419,Pulsatilla grandis,"6,""6968c""",2000-01-01
CZ0620419,Pulsatilla grandis,6967d,2018-05-09
CZ0620419,Pulsatilla grandis,6968c,2025-03-25
CZ0620421,Bombina bombina,6967c,2011-06-15
CZ0620421,Lucanus cervus,6967a,2025-07-03
CZ0620421,Lucanus cervus,6967c,2014-05-20
CZ0622007,Echium maculatum,7068d,2025-06-19
CZ0622007,Eriogaster catax,NA,2005-01-01
CZ0622007,Lucanus cervus,7068d,2019-06-18
CZ0622007,Sanguisorba officinalis,7068d,2020-04-12
CZ0622009,Crambe tataria,7067b,2022-05-27
CZ0622009,Echium maculatum,7067b,2025-06-10
CZ0622009,Klasea lycopifolia,7067b,2024-05-06
CZ0622009,Pulsatilla grandis,7067b,2023-04-06
CZ0622009,Sanguisorba officinalis,7067b,2012-04-11
CZ0622017,Crambe tataria,7067b,2024-04-16
CZ0622017,Echium maculatum,7067b,2025-06-10
CZ0622017,Klasea lycopifolia,7067b,2024-05-06
CZ0622017,Lycaena dispar,7067b,2008-05-31
CZ0622017,Pulsatilla grandis,7067b,2025-03-25
CZ0622026,Anodonta sp.,7167a,2011-10-26
CZ0622026,Bombina bombina,7167a,2012-04-23
CZ0622026,Cirsium brachycephalum,"04,""7167a""",2011-06-20
CZ0622026,Cirsium brachycephalum,"27,""7166b""",2008-01-01
CZ0622026,Cirsium brachycephalum,"36,""7166b""",2011-05-27
CZ0622026,Cirsium brachycephalum,"48,""7166b""",2011-09-05
CZ0622026,Cirsium brachycephalum,"53,""7167a""",2011-05-27
CZ0622026,Cirsium brachycephalum,7166b,2024-03-01
CZ0622026,Cirsium brachycephalum,7167a,2025-08-03
CZ0622026,Cirsium brachycephalum,"73,""7166b""",2025-07-03
CZ0622026,Cirsium brachycephalum,"93,""7166b""",2021-06-06
CZ0622026,Lemna trisulca,7167a,2025-08-03
CZ0622026,Rumex sp.,"06,""7167a""",2024-03-01
CZ0622037,Bombina bombina,7167a,2025-06-01
CZ0622037,Cirsium brachycephalum,7167a,2024-07-07
CZ0622037,Lutra lutra,7167a,2011-10-06
CZ0622037,Lycaena dispar,7167a,2024-07-19
CZ0622037,Rumex sp.,7167a,2024-03-01
CZ0622142,Asplenium adulterinum,6663b,2024-06-12
CZ0622150,Euplagia quadripunctaria,6863d,2003-08-10
CZ0622150,Pulsatilla grandis,6863d,2024-03-28
CZ0622161,Lycaena dispar,6963a,2009-05-13
CZ0622161,Pulsatilla grandis,6963a,2025-03-20
CZ0622162,Pulsatilla grandis,7062c,2024-03-16
CZ0622166,Echium maculatum,7071c,2025-06-02
CZ0622166,Sanguisorba officinalis,7071c,2012-06-07
CZ0622167,Pulsatilla grandis,6964b,2025-04-21
CZ0622168,Cypripedium calceolus,"01,""6867d""",2001-01-01
CZ0622168,Cypripedium calceolus,6867d,2024-04-29
CZ0622169,Iris arenaria,"52,""7063a""",2011-01-01
CZ0622169,Iris arenaria,7063a,2022-05-09
CZ0622169,Pulsatilla grandis,"52,""7063a""",2011-01-01
CZ0622169,Pulsatilla grandis,7063a,2024-03-18
CZ0622169,Pulsatilla grandis,7063b,2024-03-18
CZ0622169,Pulsatilla grandis,"79,""7063b""",2003-04-23
CZ0622170,Pulsatilla grandis,6664d,2024-03-14
CZ0622172,Eriogaster catax,NA,2015-05-02
CZ0622172,Pulsatilla grandis,7171a,2025-03-21
CZ0622172,Sanguisorba officinalis,7171a,2020-09-06
CZ0622173,Pulsatilla grandis,6765c,2026-02-26
CZ0622173,Spermophilus citellus,6765c,2023-09-07
CZ0622174,Cypripedium calceolus,6464b,2025-05-24
CZ0622174,Sanguisorba officinalis,6464b,2002-09-21
CZ0622175,Dianthus moravicus,6964a,2021-06-02
CZ0622175,Pulsatilla grandis,6964a,2023-03-30
CZ0622179,Pulsatilla grandis,6963a,2024-08-15
CZ0622181,Dianthus moravicus,"18,""6964b""",2008-03-01
CZ0622181,Dianthus moravicus,6964b,2021-06-07
CZ0622181,Dianthus moravicus,"92,""6964b""",2023-09-15
CZ0622181,Lucanus cervus,"18,""6964b""",2008-01-01
CZ0622181,Lucanus cervus,6964b,2022-06-07
CZ0622184,Echium maculatum,6966d,2025-06-10
CZ0622184,Klasea lycopifolia,6966d,2022-07-20
CZ0622184,Lycaena dispar,6966d,2011-06-03
CZ0622184,Pulsatilla grandis,6966d,2025-03-25
CZ0622217,Lycaena dispar,6867b,2024-07-23
CZ0622217,Pulsatilla grandis,6867b,2025-03-21
CZ0622218,Artemisia pancicii,7165c,2024-09-11
CZ0622218,Chamaecytisus sp.,7165c,2019-05-23
CZ0622218,Crambe tataria,"31,""7165a""",2010-06-05
CZ0622218,Crambe tataria,"34,""7165c""",2000-01-01
CZ0622218,Crambe tataria,"37,""7165a""",2018-04-17
CZ0622218,Crambe tataria,"56,""7165a""",2002-07-01
CZ0622218,Crambe tataria,"57,""7165a""",2010-06-16
CZ0622218,Crambe tataria,7165a,2022-05-18
CZ0622218,Crambe tataria,7165c,2021-07-24
CZ0622218,Eriogaster catax,"01,""7165c""",2025-04-22
CZ0622218,Eriogaster catax,7165a,2025-10-13
CZ0622218,Eriogaster catax,7165c,2023-10-04
CZ0622218,Eriogaster catax,"76,""7165c""",2024-09-24
CZ0622218,Euplagia quadripunctaria,"34,""7165c""",2021-07-29
CZ0622218,Euplagia quadripunctaria,7165c,2018-07-25
CZ0622218,Klasea lycopifolia,7165c,2024-05-26
CZ0622218,Lucanus cervus,7165c,2024-06-09
CZ0622218,Lycaena dispar,"34,""7165c""",2013-06-10
CZ0622218,Lycaena dispar,7165a,2003-08-07
CZ0622218,Lycaena dispar,7165c,2020-09-10
CZ0622218,Pulsatilla grandis,7165c,2024-03-13
CZ0622218,Spermophilus citellus,7165c,2005-05-01
CZ0622219,Echium maculatum,7067b,2025-06-06
CZ0622219,Klasea lycopifolia,7067b,2021-10-15
CZ0622219,Lycaena dispar,7067b,2008-01-01
CZ0622221,Iris arenaria,7063b,2022-05-05
CZ0622223,Iris arenaria,7063b,2021-04-28
CZ0622223,Pulsatilla grandis,7063b,2024-08-02
CZ0622224,Iris arenaria,7064a,2017-05-10
CZ0622226,Pulsatilla grandis,6963a,2025-04-02
CZ0622227,Lycaena dispar,6867b,2020-05-17
CZ0622227,Pulsatilla grandis,6867b,2025-03-16
CZ0623003,Myotis myotis,7267a,2005-06-03
CZ0623004,Cucujus cinnaberinus,"64,""7163b""",2009-04-01
CZ0623004,Cucujus cinnaberinus,7163b,2017-10-13
CZ0623004,Vertigo angustior,"64,""7163b""",2009-01-01
CZ0623004,Vertigo angustior,7164a,2024-09-29
CZ0623004,Vertigo moulinsiana,"14,""7163b""",2003-01-01
CZ0623004,Vertigo moulinsiana,"64,""7163b""",2009-01-01
CZ0623004,Vertigo moulinsiana,7163b,2024-09-08
CZ0623004,Vertigo moulinsiana,7164a,2024-09-29
CZ0623010,Bombina bombina,7264a,2025-08-20
CZ0623010,Castor fiber,7264a,2024-02-06
CZ0623010,Lemna trisulca,7264a,2011-01-01
CZ0623010,Lycaena dispar,7264a,2006-08-03
CZ0623010,Misgurnus fossilis,7264a,2022-04-26
CZ0623011,Bombina bombina,7162d,2024-08-01
CZ0623011,Eriogaster catax,NA,2006-10-09
CZ0623011,Triturus carnifex,7162d,2025-08-07
CZ0623011,Triturus cristatus s. l.,7162d,2013-08-05
CZ0623016,Myotis emarginatus,7166d,2015-01-15
CZ0623016,Rhinolophus hipposideros,7166d,2025-01-16
CZ0623018,Eriogaster catax,NA,2005-01-01
CZ0623018,Spermophilus citellus,7068b,2025-06-25
CZ0623018,Spermophilus citellus,"99,""7068b""",2001-08-23
CZ0623019,Barbastella barbastellus,7063d,2015-08-25
CZ0623019,Bombina bombina,7063d,2020-07-21
CZ0623019,Castor fiber,7063d,2018-05-13
CZ0623019,Cobitis elongatoides,7063d,2020-04-28
CZ0623019,Cobitis sp.,7063d,2023-10-24
CZ0623019,Cucujus cinnaberinus,7063d,2017-10-20
CZ0623019,Misgurnus fossilis,7063d,2013-10-18
CZ0623019,Myotis bechsteinii,7063d,2015-08-25
CZ0623019,Myotis myotis,7063d,2015-08-25
CZ0623019,Pulsatilla grandis,7063d,2011-01-01
CZ0623021,Anisus vorticulus,7068b,2025-11-16
CZ0623021,Bombina bombina,7068b,2009-04-03
CZ0623021,Castor fiber,7068b,2023-02-28
CZ0623021,Eriogaster catax,NA,2005-01-01
CZ0623021,Lemna trisulca,7068b,2009-01-01
CZ0623021,Lutra lutra,7068b,2025-06-13
CZ0623021,Sanguisorba officinalis,7068b,2014-06-04
CZ0623021,Succisa pratensis,7068b,2006-06-23
CZ0623021,Vertigo angustior,7068b,2009-01-01
CZ0623022,Bombina bombina,7164b,2014-06-20
CZ0623022,Misgurnus fossilis,7164b,2023-10-06
CZ0623022,Misgurnus fossilis,7164d,2023-10-06
CZ0623022,Misgurnus fossilis,7165a,2020-09-09
CZ0623022,Misgurnus fossilis,7165c,2016-10-14
CZ0623022,Osmoderma barnabita,"17,""7164d""",2024-04-22
CZ0623022,Osmoderma barnabita,7164b,2024-04-22
CZ0623025,Myotis myotis,6867a,2006-06-28
CZ0623025,Osmoderma barnabita,"51,""6867a""",2002-08-01
CZ0623025,Osmoderma barnabita,"61,""6867a""",2003-01-01
CZ0623025,Osmoderma barnabita,6867a,2020-10-04
CZ0623025,Osmoderma barnabita,"99,""6867a""",2012-08-26
CZ0623026,Eriogaster catax,7266a,2025-10-14
CZ0623026,Eriogaster catax,NA,2004-01-01
CZ0623027,Bombina bombina,7064b,2025-07-18
CZ0623027,Bombina bombina,"99,""7064b""",2021-07-24
CZ0623027,Cucujus cinnaberinus,7064b,2025-03-05
CZ0623027,Lucanus cervus,7064b,2022-06-11
CZ0623027,Lutra lutra,7064b,2019-04-09
CZ0623027,Lycaena dispar,"99,""7064b""",2010-01-01
CZ0623030,Bombina bombina,7262b,2025-09-03
CZ0623030,Cucujus cinnaberinus,7262b,2014-05-14
CZ0623030,Lemna trisulca,7262b,2003-08-22
CZ0623030,Leucorrhinia pectoralis,7262b,2000-06-11
CZ0623030,Lycaena dispar,7262b,2011-05-25
CZ0623031,Abramis brama,"73,""7070a""",2004-01-01
CZ0623031,Blicca bjoerkna,"73,""7070a""",2004-01-01
CZ0623031,Bombina bombina,7069b,2025-06-14
CZ0623031,Hipparchia semele,NA,1995-01-01
CZ0623031,Lemna trisulca,7069b,2009-01-01
CZ0623031,Leuciscus aspius,"73,""7070a""",2004-01-01
CZ0623031,Lycaena dispar,7069b,2013-06-09
CZ0623031,Lycaena dispar,"97,""7069b""",2004-08-01
CZ0623031,Phengaris nausithous,7069b,2024-07-24
CZ0623031,Phengaris teleius,7069b,2024-07-24
CZ0623031,Scardinius erythrophthalmus,"73,""7070a""",2004-01-01
CZ0623031,Triturus dobrogicus,7069b,2025-06-14
CZ0623032,Cerambyx cerdo,6965d,2024-08-15
CZ0623032,Cucujus cinnaberinus,6965d,2008-01-01
CZ0623032,Lucanus cervus,6965d,2024-08-15
CZ0623032,Osmoderma barnabita,6965d,2016-10-27
CZ0623034,Myotis myotis,7162a,2006-06-27
CZ0623035,Bolbelasmus unicornis,7067d,2020-07-01
CZ0623035,Crambe tataria,7067d,2025-04-23
CZ0623035,Crambe tataria,"99,""7067d""",2009-04-16
CZ0623035,Euplagia quadripunctaria,7067d,2020-07-01
CZ0623035,Klasea lycopifolia,7067d,2022-07-12
CZ0623035,Klasea lycopifolia,"99,""7067d""",2009-04-16
CZ0623035,Lucanus cervus,7067d,2022-06-11
CZ0623040,Eriogaster catax,NA,2005-01-01
CZ0623040,Lucanus cervus,7068c,2024-07-18
CZ0623041,Abramis brama,7163a,2013-10-18
CZ0623041,Cobitis elongatoides,7163a,2013-10-18
CZ0623041,Cobitis sp.,"22,""7164c""",2000-01-01
CZ0623041,Cobitis sp.,7063c,2023-10-13
CZ0623041,Cobitis sp.,7163a,2023-10-13
CZ0623041,Cobitis sp.,7163d,2005-09-17
CZ0623041,Coenagrion ornatum,7163a,2015-07-01
CZ0623041,Leuciscus aspius,7164d,2015-09-16
CZ0623041,Lutra lutra,7163d,2006-10-22
CZ0623041,Lutra lutra,7164c,2015-07-09
CZ0623041,Lutra lutra,7164d,2024-01-27
CZ0623041,Ophiogomphus cecilia,7164c,2019-07-11
CZ0623041,Rhodeus amarus,7063c,2016-10-14
CZ0623041,Rhodeus amarus,7163a,2011-11-11
CZ0623041,Rhodeus amarus,7163d,2015-09-21
CZ0623041,Rhodeus amarus,7164d,2015-09-16
CZ0623041,Romanogobio vladykovi,7163d,2005-09-17
CZ0623041,Scardinius erythrophthalmus,7163a,2013-10-18
CZ0623041,Scardinius erythrophthalmus,7164d,2015-09-16
CZ0623045,Castor fiber,7266b,2020-04-21
CZ0623045,Cerambyx cerdo,"03,""7266d""",2004-07-22
CZ0623045,Cerambyx cerdo,"62,""7266d""",2023-06-24
CZ0623045,Cerambyx cerdo,7266b,2025-06-23
CZ0623045,Cerambyx cerdo,7266d,2024-06-18
CZ0623045,Cucujus cinnaberinus,"57,""7266d""",2014-05-10
CZ0623045,Cucujus cinnaberinus,7266b,2023-11-15
CZ0623045,Cucujus cinnaberinus,7266d,2017-10-28
CZ0623045,Eriogaster catax,7266d,2011-05-07
CZ0623045,Euplagia quadripunctaria,7266d,2024-07-31
CZ0623045,Lucanus cervus,"25,""7266d""",2011-04-22
CZ0623045,Lucanus cervus,"62,""7266d""",2023-06-24
CZ0623045,Lucanus cervus,7266b,2023-07-08
CZ0623045,Lucanus cervus,7266d,2025-07-28
CZ0623045,Lycaena dispar,"03,""7266d""",2005-07-20
CZ0623045,Lycaena dispar,7266d,2005-07-20
CZ0623045,Osmoderma barnabita,"25,""7266d""",2011-04-22
CZ0623045,Osmoderma barnabita,7266b,2014-07-10
CZ0623045,Osmoderma barnabita,7266d,2011-04-22
CZ0623046,Abramis brama,7264b,2015-09-19
CZ0623046,Bombina bombina,"53,""7264b""",2009-04-19
CZ0623046,Bombina bombina,7164d,2024-08-18
CZ0623046,Bombina bombina,7264b,2024-08-14
CZ0623046,Castor fiber,"53,""7264b""",2009-04-19
CZ0623046,Castor fiber,7264b,2025-10-07
CZ0623046,Cerambyx cerdo,7264b,2021-04-02
CZ0623046,Cucujus cinnaberinus,"53,""7264b""",2017-11-24
CZ0623046,Cucujus cinnaberinus,7164d,2017-11-24
CZ0623046,Cucujus cinnaberinus,7264b,2025-10-07
CZ0623046,Eriogaster catax,7264b,2024-04-09
CZ0623046,Euplagia quadripunctaria,7264b,2024-08-11
CZ0623046,Lemna trisulca,7164d,2007-07-09
CZ0623046,Lemna trisulca,"9,""7264b""",2024-03-01
CZ0623046,Leuciscus aspius,7264b,2022-08-16
CZ0623046,Lucanus cervus,7164d,2021-06-26
CZ0623046,Lucanus cervus,7264b,2025-06-25
CZ0623046,Lutra lutra,"53,""7264b""",2009-04-19
CZ0623046,Lycaena dispar,"53,""7264b""",2009-04-28
CZ0623046,Lycaena dispar,7264b,2010-06-12
CZ0623046,Misgurnus fossilis,"34,""7264b""",2002-01-01
CZ0623046,Misgurnus fossilis,7164d,2023-08-22
CZ0623046,Misgurnus fossilis,7264b,2023-08-22
CZ0623046,Ophiogomphus cecilia,"53,""7264b""",2009-04-28
CZ0623046,Ophiogomphus cecilia,7264b,2007-07-19
CZ0623046,Rhodeus amarus,"53,""7264b""",2009-04-29
CZ0623324,Castor fiber,6663b,2024-07-23
CZ0623324,Cottus gobio,6563d,2023-10-14
CZ0623324,Cottus gobio,6663b,2023-10-14
CZ0623324,Lutra lutra,"4,""6563d""",2015-05-20
CZ0623324,Salmo trutta,6663b,2023-10-06
CZ0623329,Myotis emarginatus,6564c,2024-07-31
CZ0623329,Rhinolophus hipposideros,6564c,2024-07-31
CZ0623344,Cerambyx cerdo,6764b,2025-06-29
CZ0623344,Chamaecytisus sp.,6764b,2018-06-12
CZ0623344,Euplagia quadripunctaria,6764b,2021-08-13
CZ0623344,Lucanus cervus,"41,""6764d""",1999-05-01
CZ0623344,Lucanus cervus,6764b,2019-07-18
CZ0623344,Lucanus cervus,6764d,2023-10-01
CZ0623344,Pulsatilla grandis,6764b,2023-03-20
CZ0623345,Lutra lutra,7161b,2018-04-03
CZ0623345,Lycaena dispar,7161b,2018-05-30
CZ0623345,Pulsatilla grandis,7161b,2023-03-29
CZ0623345,Triturus carnifex,7161b,2025-07-20
CZ0623348,Bombina bombina,7061b,2024-08-17
CZ0623348,Scardinius erythrophthalmus,7061b,2015-08-04
CZ0623348,Triturus cristatus,7061b,2024-08-17
CZ0623348,Triturus cristatus s. l.,7061b,2021-07-28
CZ0623349,Bombina variegata,7171a,2025-07-19
CZ0623349,Eriogaster catax,7171a,2025-04-23
CZ0623349,Eriogaster catax,NA,2024-10-11
CZ0623349,Euplagia quadripunctaria,7171a,2008-01-01
CZ0623349,Lycaena dispar,7171a,2008-06-01
CZ0623349,Phengaris nausithous,7171a,2020-08-20
CZ0623349,Phengaris teleius,7171a,2020-08-20
CZ0623349,Sanguisorba officinalis,7171a,2021-09-23
CZ0623354,Myotis myotis,6464d,2015-05-24
CZ0623354,Phengaris nausithous,6464d,2025-08-06
CZ0623354,Phengaris teleius,6464d,2020-08-01
CZ0623354,Sanguisorba officinalis,6464d,2024-09-28
CZ0623355,Castor fiber,6968a,2016-01-28
CZ0623355,Euplagia quadripunctaria,6968a,2015-08-13
CZ0623355,Euplagia quadripunctaria,"99,""6968a""",1985-01-01
CZ0623355,Hipparchia semele,NA,2003-01-01
CZ0623355,Lucanus cervus,6968a,2015-07-02
CZ0623355,Myotis bechsteinii,6968a,2015-05-13
CZ0623357,Bombina bombina,7161b,2024-04-07
CZ0623357,Scardinius erythrophthalmus,7161b,2025-04-04
CZ0623357,Triturus carnifex,7161b,2025-06-26
CZ0623357,Triturus cristatus s. l.,7161b,2013-08-05
CZ0623358,Bombina bombina,6867d,2025-08-25
CZ0623358,Lemna trisulca,6867d,2024-07-02
CZ0623359,Bombina bombina,7061d,2025-06-19
CZ0623359,Leucorrhinia pectoralis,7061d,2008-06-06
CZ0623359,Lycaena dispar,7061d,2008-06-06
CZ0623359,Triturus carnifex,7061d,2025-06-19
CZ0623359,Triturus cristatus,7061d,2014-05-03
CZ0623359,Triturus cristatus s. l.,7061d,2021-05-05
CZ0623360,Lycaena dispar,7161d,2022-06-11
CZ0623360,Sanguisorba officinalis,7161d,2023-05-27
CZ0623360,Succisa pratensis,7161d,2017-09-06
CZ0623360,Triturus carnifex,7161d,2025-05-19
CZ0623360,Triturus cristatus s. l.,7161d,2007-08-04
CZ0623365,Bombina bombina,"09,""6963d""",2010-05-11
CZ0623365,Bombina bombina,6963d,2025-06-29
CZ0623365,Bombina bombina,6964c,2024-07-15
CZ0623365,Castor fiber,6963d,2024-04-27
CZ0623365,Castor fiber,6964c,2021-05-15
CZ0623365,Cucujus cinnaberinus,6963d,2020-11-03
CZ0623365,Lemna trisulca,"09,""6963d""",2010-03-01
CZ0623365,Lemna trisulca,6963d,2021-07-23
CZ0623365,Lutra lutra,6964c,2024-04-27
CZ0623365,Lycaena dispar,"09,""6963d""",2010-03-01
CZ0623365,Lycaena dispar,6963d,2025-06-06
CZ0623365,Sanguisorba officinalis,6963d,2024-07-15
CZ0623365,Scardinius erythrophthalmus,6963d,2025-06-02
CZ0623365,Succisa pratensis,6963d,2010-05-19
CZ0623365,Triturus cristatus,"09,""6963d""",2010-05-11
CZ0623365,Triturus cristatus,6963d,2025-06-29
CZ0623365,Triturus cristatus,6964c,2025-06-29
CZ0623366,Castor fiber,6864d,2023-04-17
CZ0623366,Lemna trisulca,6864d,2009-08-14
CZ0623366,Leucorrhinia pectoralis,6864d,2001-05-27
CZ0623366,Triturus cristatus,6864d,2025-06-30
CZ0623367,Bombina bombina,"05,""7062a""",2021-06-02
CZ0623367,Bombina bombina,7061b,2024-05-01
CZ0623367,Bombina bombina,7062a,2015-07-23
CZ0623367,Lutra lutra,7062a,2025-04-01
CZ0623367,Sanguisorba officinalis,7061b,2013-04-04
CZ0623367,Triturus cristatus,"05,""7062a""",2025-07-09
CZ0623367,Triturus cristatus,"15,""7062a""",2024-08-22
CZ0623367,Triturus cristatus,7061b,2024-08-22
CZ0623367,Triturus cristatus s. l.,7061b,2021-07-28
CZ0623367,Triturus cristatus s. l.,7062a,2015-04-09
CZ0623368,Abramis brama,7162a,2004-01-01
CZ0623368,Bombina bombina,7162a,2024-05-14
CZ0623368,Eriogaster catax,NA,2006-10-09
CZ0623368,Scardinius erythrophthalmus,7162a,2004-01-01
CZ0623368,Triturus carnifex,7162a,2024-06-26
CZ0623368,Triturus cristatus s. l.,7162a,2007-08-04
CZ0623370,Spermophilus citellus,"07,""6768a""",2023-07-03
CZ0623370,Spermophilus citellus,"1,""6768a""",2011-07-12
CZ0623370,Spermophilus citellus,"27,""6768a""",2014-07-14
CZ0623370,Spermophilus citellus,"3,""6768a""",2009-07-09
CZ0623370,Spermophilus citellus,"31,""6768a""",2021-06-22
CZ0623370,Spermophilus citellus,"34,""6768a""",2024-05-13
CZ0623370,Spermophilus citellus,"35,""6768a""",2022-06-20
CZ0623370,Spermophilus citellus,"37,""6768a""",2014-03-28
CZ0623370,Spermophilus citellus,"47,""6768a""",2024-06-25
CZ0623370,Spermophilus citellus,"54,""6768a""",2008-07-15
CZ0623370,Spermophilus citellus,"59,""6768a""",2018-07-02
CZ0623370,Spermophilus citellus,"65,""6768a""",2016-07-03
CZ0623370,Spermophilus citellus,"66,""6768a""",2007-07-16
CZ0623370,Spermophilus citellus,6668c,2026-03-06
CZ0623370,Spermophilus citellus,6768a,2022-09-08
CZ0623370,Spermophilus citellus,"93,""6768a""",2025-06-25
CZ0623370,Spermophilus citellus,"95,""6768a""",2015-07-05
CZ0623370,Spermophilus citellus,"96,""6768a""",2010-07-12
CZ0623370,Spermophilus citellus,"98,""6768a""",2019-07-01
CZ0623372,Bombina bombina,7061d,2025-06-19
CZ0623372,Lycaena dispar,7061d,2008-06-11
CZ0623372,Triturus carnifex,7061d,2025-06-19
CZ0623372,Triturus cristatus,7061d,2009-08-14
CZ0623372,Triturus cristatus s. l.,7061d,2015-04-15
CZ0623697,Myotis myotis,6564c,2024-07-31
CZ0623701,Myotis myotis,6665b,2005-06-15
CZ0623702,Myotis myotis,6466a,2005-06-14
CZ0623703,Myotis myotis,6767b,2005-06-16
CZ0623704,Myotis myotis,6565c,2001-01-01
CZ0623704,Rhinolophus hipposideros,6565c,2001-06-14
CZ0623707,Myotis myotis,7061b,2025-07-03
CZ0623707,Myotis sp.,7061b,2020-01-21
CZ0623707,Rhinolophus hipposideros,7061b,2016-02-05
CZ0623708,Barbastella barbastellus,7061b,1958-01-01
CZ0623708,Myotis emarginatus,7061b,2005-06-27
CZ0623709,Myotis myotis,6465a,2005-06-17
CZ0623709,Rhinolophus hipposideros,6465a,2005-06-17
CZ0623710,Myotis emarginatus,6766a,1958-01-01
CZ0623710,Myotis myotis,6766a,2021-06-07
CZ0623710,Rhinolophus hipposideros,6766a,2021-06-07
CZ0623711,Myotis myotis,7070d,2025-07-11
CZ0623713,Myotis myotis,6864a,2005-06-16
CZ0623717,Myotis emarginatus,6962d,2025-07-03
CZ0623717,Myotis myotis,6962d,2021-07-09
CZ0623717,Rhinolophus hipposideros,6962d,2017-07-13
CZ0623718,Barbastella barbastellus,7059d,2022-02-03
CZ0623718,Myotis emarginatus,7059d,2025-01-29
CZ0623718,Myotis myotis,7059d,2025-01-29
CZ0623718,Rhinolophus hipposideros,7059d,2025-07-03
CZ0623719,Myotis emarginatus,7160b,2025-06-26
CZ0623719,Myotis myotis,7160b,2025-06-26
CZ0623719,Myotis sp.,7160b,2025-01-28
CZ0623719,Rhinolophus hipposideros,7160b,2022-02-02
CZ0623772,Bombina bombina,7163d,2025-08-20
CZ0623772,Lycaena dispar,7163d,2010-06-17
CZ0623772,Scardinius erythrophthalmus,7163d,2015-09-21
CZ0623772,Triturus carnifex,7163d,2010-04-27
CZ0623772,Vertigo angustior,7163d,2023-09-07
CZ0623772,Vertigo moulinsiana,7163d,2023-09-07
CZ0623775,Myotis myotis,6868c,2005-06-15
CZ0623778,Myotis myotis,7164c,2005-07-13
CZ0623781,Myotis myotis,7165d,2005-06-03
CZ0623782,Myotis emarginatus,7266b,2005-07-13
CZ0623788,Rhinolophus hipposideros,7162c,2005-06-28
CZ0623793,Bombina bombina,7266c,2025-05-10
CZ0623793,Lemna trisulca,7266c,2008-07-10
CZ0623793,Lucanus cervus,7266c,2024-07-05
CZ0623793,Lutra lutra,7266c,2021-04-21
CZ0623793,Sanguisorba officinalis,7266c,2009-06-06
CZ0623797,Abramis brama,7069d,2017-09-26
CZ0623797,Abramis brama,7169b,2017-09-26
CZ0623797,Bombina bombina,7169b,2009-04-11
CZ0623797,Bombina bombina,"91,""7169b""",2002-06-11
CZ0623797,Castor fiber,7169b,2024-12-26
CZ0623797,Hipparchia semele,NA,1995-01-01
CZ0623797,Lycaena dispar,"53,""7169b""",2005-09-01
CZ0623797,Lycaena dispar,7169b,2023-08-14
CZ0623797,Misgurnus fossilis,7169b,2017-09-26
CZ0623797,Phengaris nausithous,"53,""7169b""",2005-09-01
CZ0623797,Phengaris nausithous,7069d,2024-07-23
CZ0623797,Phengaris nausithous,7169b,2023-08-14
CZ0623797,Phengaris teleius,7069d,2024-07-23
CZ0623797,Phengaris teleius,7169b,2023-08-14
CZ0623797,Rhodeus amarus,7069d,2017-09-26
CZ0623797,Romanogobio vladykovi,7069d,2017-09-26
CZ0623797,Sanguisorba officinalis,"01,""7069d""",2009-06-24
CZ0623797,Sanguisorba officinalis,"39,""7169b""",2009-06-24
CZ0623797,Sanguisorba officinalis,7169b,2022-08-18
CZ0623797,Scardinius erythrophthalmus,7169b,2017-09-26
CZ0623798,Bombina bombina,7163d,2024-03-22
CZ0623798,Bombina bombina,"99,""7163d""",2021-05-21
CZ0623798,Cucujus cinnaberinus,"99,""7163d""",2009-04-01
CZ0623798,Euplagia quadripunctaria,7163d,2022-07-21
CZ0623798,Lucanus cervus,7163d,2022-07-21
CZ0623798,Lucanus cervus,"99,""7163d""",2009-04-01
CZ0623798,Misgurnus fossilis,7163d,2015-04-16
CZ0623798,Scardinius erythrophthalmus,7163d,2022-04-26
CZ0623798,Triturus cristatus s. l.,7163d,2010-04-27
CZ0623798,Vertigo angustior,7163d,2024-09-29
CZ0623798,Vertigo moulinsiana,7163d,2024-09-29
CZ0623798,Vertigo moulinsiana,"99,""7163d""",2009-07-29
CZ0623799,Bombina bombina,7164d,2025-06-22
CZ0623799,Cerambyx cerdo,7164d,2020-07-25
CZ0623799,Cucujus cinnaberinus,7164d,2017-11-28
CZ0623799,Euplagia quadripunctaria,7164d,2014-08-08
CZ0623799,Lucanus cervus,7164d,2025-07-03
CZ0623799,Lutra lutra,7164d,2020-03-15
CZ0623799,Lycaena dispar,7164d,2024-06-20
CZ0623800,Bombina bombina,"15,""7065b""",2009-05-12
CZ0623800,Bombina bombina,"26,""6965d""",2002-03-31
CZ0623800,Bombina bombina,"66,""6965d""",2025-04-03
CZ0623800,Bombina bombina,6965d,2024-04-03
CZ0623800,Bombina bombina,7065b,2025-03-30
CZ0623800,Bombina bombina,"76,""7065b""",2010-05-05
CZ0623800,Bombina bombina,"8,""6965d""",2019-08-09
CZ0623800,Emys orbicularis,7065b,2022-03-29
CZ0623800,Lemna trisulca,"84,""7065b""",2015-09-01
CZ0623800,Lutra lutra,7065b,2014-03-28
CZ0623800,Misgurnus fossilis,7065b,2021-05-12
CZ0623801,Bombina bombina,6965d,2025-06-21
CZ0623801,Cerambyx cerdo,6965d,2022-07-12
CZ0623801,Lucanus cervus,6965d,2025-05-25
CZ0623801,Osmoderma barnabita,6965d,2019-01-01
CZ0623801,Triturus cristatus,6965d,2024-06-15
CZ0623803,Osmoderma barnabita,7266b,2001-08-01
CZ0623807,Lucanus cervus,"6,""6765c""",1999-05-01
CZ0623808,Lucanus cervus,6865a,2013-07-07
CZ0623819,Abramis brama,6963b,2019-09-11
CZ0623819,Abramis brama,6963d,2004-01-01
CZ0623819,Castor fiber,6961d,2016-04-21
CZ0623819,Castor fiber,6963b,2025-04-13
CZ0623819,Castor fiber,6963d,2025-01-30
CZ0623819,Cottus gobio,"82,""6962d""",2004-01-01
CZ0623819,Cucujus cinnaberinus,6962c,2012-05-15
CZ0623819,Euplagia quadripunctaria,6963d,2025-08-03
CZ0623819,Leuciscus aspius,6963d,2004-01-01
CZ0623819,Leuciscus aspius,6964a,2004-01-01
CZ0623819,Limoniscus violaceus,6962d,2023-10-30
CZ0623819,Lutra lutra,6962c,2016-10-08
CZ0623819,Lutra lutra,6962d,2011-11-12
CZ0623819,Lutra lutra,6963b,2016-10-08
CZ0623819,Lutra lutra,6963c,2011-10-25
CZ0623819,Lutra lutra,6963d,2006-10-22
CZ0623819,Rhodeus amarus,6963b,2019-09-12
CZ0623819,Rhodeus amarus,6963c,2019-09-11
CZ0623819,Rhodeus amarus,6963d,2019-09-11
CZ0623819,Rhodeus amarus,6964a,2019-09-11
CZ0623819,Romanogobio vladykovi,"31,""6964a""",2000-01-01
CZ0623819,Romanogobio vladykovi,6963b,2023-08-24
CZ0623819,Romanogobio vladykovi,6963c,2023-08-24
CZ0623819,Romanogobio vladykovi,6963d,2023-08-24
CZ0623819,Romanogobio vladykovi,6964a,2023-08-24
CZ0623819,Sanguisorba officinalis,6962c,2018-04-20
CZ0623819,Unio crassus,6961d,2023-10-24
CZ0623819,Unio crassus,6962c,2023-10-24
CZ0623819,Unio crassus,6962d,2025-11-15
CZ0623819,Unio crassus,6963b,2015-09-12
CZ0623819,Unio crassus,6963c,2025-05-01
CZ0623819,Unio crassus,6963d,2023-10-08
CZ0623819,Unio crassus,6964a,2023-09-28
CZ0623820,Spermophilus citellus,6765c,2025-07-16
CZ0624001,Abramis brama,"54,""7263a""",2004-01-01
CZ0624001,Abramis brama,7163c,2025-04-18
CZ0624001,Abramis brama,"84,""7162d""",2004-01-01
CZ0624001,Ameiurus nebulosus,7163c,2024-08-30
CZ0624001,Blicca bjoerkna,"54,""7263a""",2004-01-01
CZ0624001,Blicca bjoerkna,7163c,2025-04-18
CZ0624001,Blicca bjoerkna,"84,""7162d""",2004-01-01
CZ0624001,Bombina bombina,7263a,2021-06-12
CZ0624001,Castor fiber,7162d,2021-01-15
CZ0624001,Castor fiber,7163c,2020-01-10
CZ0624001,Castor fiber,7263a,2023-01-11
CZ0624001,Castor fiber,7263b,2020-01-10
CZ0624001,Cobitis sp.,7263a,2015-09-19
CZ0624001,Cottus gobio,7162d,2014-10-30
CZ0624001,Cottus gobio,7163c,2015-10-12
CZ0624001,Cucujus cinnaberinus,7163c,2021-10-05
CZ0624001,Cucujus cinnaberinus,7263a,2020-01-10
CZ0624001,Eriogaster catax,NA,2006-10-09
CZ0624001,Leuciscus aspius,"54,""7263a""",2004-01-01
CZ0624001,Leuciscus aspius,"84,""7162d""",2004-01-01
CZ0624001,Lutra lutra,7162d,2011-11-12
CZ0624001,Lutra lutra,7163c,2022-09-10
CZ0624001,Lutra lutra,7263b,2006-10-22
CZ0624001,Ophiogomphus cecilia,7162d,2021-08-21
CZ0624001,Ophiogomphus cecilia,7163c,2023-07-07
CZ0624001,Ophiogomphus cecilia,7263a,2020-06-07
CZ0624001,Osmoderma barnabita,7163c,2016-05-24
CZ0624001,Rhodeus amarus,"41,""7163c""",2000-09-18
CZ0624001,Rhodeus amarus,7162d,2015-10-12
CZ0624001,Rhodeus amarus,7163c,2024-09-03
CZ0624001,Rhodeus amarus,7263a,2020-10-07
CZ0624001,Romanogobio vladykovi,7263a,2014-10-30
CZ0624001,Salmo trutta,"54,""7263a""",2004-01-01
CZ0624001,Salmo trutta,7162d,2014-10-30
CZ0624001,Salmo trutta,7163c,2015-10-12
CZ0624001,Salmo trutta,7263a,2015-09-19
CZ0624001,Salmo trutta,"84,""7162d""",2004-01-01
CZ0624001,Scardinius erythrophthalmus,"54,""7263a""",2004-01-01
CZ0624001,Scardinius erythrophthalmus,7163c,2019-08-21
CZ0624001,Scardinius erythrophthalmus,"84,""7162d""",2004-01-01
CZ0624001,Unio crassus,7162d,2021-09-26
CZ0624001,Unio crassus,7163c,2024-09-03
CZ0624020,Barbastella barbastellus,6866a,2021-01-13
CZ0624020,Euplagia quadripunctaria,6866a,2024-07-21
CZ0624020,Myotis myotis,6866a,2026-01-23
CZ0624020,Myotis sp.,6866a,2025-02-21
CZ0624020,Pulsatilla grandis,6866a,2024-10-01
CZ0624020,Rhinolophus hipposideros,6866a,2026-01-23
CZ0624020,Rumex sp.,6866a,2002-05-14
CZ0624043,Carabus hungaricus,"66,""7165d""",2010-09-09
CZ0624043,Carabus hungaricus,7165d,2020-09-22
CZ0624043,Cerambyx cerdo,"56,""7165d""",2009-05-23
CZ0624043,Cerambyx cerdo,"66,""7165d""",2009-05-09
CZ0624043,Cerambyx cerdo,7165d,2023-07-18
CZ0624043,Cucujus cinnaberinus,7165d,2007-02-04
CZ0624043,Dianthus lumnitzeri,7165d,2025-06-10
CZ0624043,Dianthus lumnitzeri,"85,""7165d""",2005-10-01
CZ0624043,Eriogaster catax,7165d,2025-04-23
CZ0624043,Euplagia quadripunctaria,"71,""7165d""",2003-08-01
CZ0624043,Euplagia quadripunctaria,7165d,2023-08-11
CZ0624043,Himantoglossum adriaticum,7165d,2025-06-16
CZ0624043,Hipparchia semele,NA,1995-01-01
CZ0624043,Iris arenaria,7165d,2024-04-26
CZ0624043,Lucanus cervus,7165d,2024-06-13
CZ0624043,Lycaena dispar,7165d,2007-05-24
CZ0624043,Myotis myotis,"66,""7165d""",2014-04-28
CZ0624043,Myotis myotis,7165d,2012-09-18
CZ0624043,Pulsatilla grandis,7165d,2025-03-19
CZ0624043,Pulsatilla grandis,"85,""7165d""",2005-10-01
CZ0624043,Rumex sp.,"85,""7165d""",2005-09-25
CZ0624043,Spermophilus citellus,"69,""7165d""",2001-05-14
CZ0624060,Artemisia pancicii,"32,""7065d""",2008-06-11
CZ0624060,Artemisia pancicii,7065d,2024-08-23
CZ0624060,Carabus hungaricus,"32,""7065d""",2015-09-24
CZ0624060,Carabus hungaricus,7065d,2025-08-29
CZ0624060,Cerambyx cerdo,7065b,2019-06-01
CZ0624060,Cerambyx cerdo,7065d,2022-04-23
CZ0624060,Crambe tataria,"32,""7065d""",2004-01-01
CZ0624060,Crambe tataria,"39,""7065b""",2017-04-01
CZ0624060,Crambe tataria,7065d,2025-06-02
CZ0624060,Cucujus cinnaberinus,7065d,2015-06-20
CZ0624060,Euplagia quadripunctaria,"55,""7065b""",2003-08-13
CZ0624060,Euplagia quadripunctaria,7065b,2015-08-11
CZ0624060,Euplagia quadripunctaria,7065d,2024-08-10
CZ0624060,Hipparchia semele,NA,1995-01-01
CZ0624060,Lucanus cervus,"15,""7065b""",2013-04-27
CZ0624060,Lucanus cervus,"55,""7065b""",2002-06-12
CZ0624060,Lucanus cervus,"68,""7065b""",2013-04-27
CZ0624060,Lucanus cervus,7065b,2017-07-18
CZ0624060,Lucanus cervus,7065d,2023-08-20
CZ0624060,Lycaena dispar,7065d,2017-07-19
CZ0624060,Pulsatilla grandis,"32,""7065d""",2004-01-01
CZ0624060,Pulsatilla grandis,"39,""7065b""",2017-04-01
CZ0624060,Pulsatilla grandis,7065d,2023-06-17
CZ0624062,Cypripedium calceolus,6868a,2022-05-22
CZ0624062,Lucanus cervus,"38,""6868a""",2000-05-20
CZ0624062,Lucanus cervus,6868a,2011-04-01
CZ0624062,Lucanus cervus,6868c,2015-07-11
CZ0624062,Pulsatilla grandis,6868a,2025-03-20
CZ0624062,Pulsatilla grandis,6868c,2025-03-12
CZ0624064,Anodonta sp.,6964c,2020-07-06
CZ0624064,Barbastella barbastellus,6964a,1998-01-01
CZ0624064,Barbastella barbastellus,6964c,2015-05-12
CZ0624064,Barbastella barbastellus,"96,""6964a""",2011-06-21
CZ0624064,Barbastella barbastellus,"96,""6964b""",2011-06-21
CZ0624064,Barbastella barbastellus,"96,""6964c""",2011-06-21
CZ0624064,Barbastella barbastellus,"96,""6964d""",2011-06-21
CZ0624064,Bombina bombina,"17,""6964a""",2003-03-15
CZ0624064,Bombina bombina,6964a,2024-05-04
CZ0624064,Bombina bombina,6964c,2024-06-29
CZ0624064,Cerambyx cerdo,6964a,2023-11-21
CZ0624064,Cerambyx cerdo,6964c,2023-11-21
CZ0624064,Cucujus cinnaberinus,6964c,2023-11-21
CZ0624064,Euplagia quadripunctaria,6964a,2022-07-27
CZ0624064,Lucanus cervus,6964a,2022-07-27
CZ0624064,Lucanus cervus,6964c,2024-06-29
CZ0624064,Lutra lutra,"96,""6964a""",2007-01-01
CZ0624064,Lutra lutra,"96,""6964b""",2007-01-01
CZ0624064,Lutra lutra,"96,""6964c""",2007-01-01
CZ0624064,Lutra lutra,"96,""6964d""",2007-01-01
CZ0624064,Myotis myotis,6964c,2015-05-12
CZ0624064,Myotis myotis,"96,""6964a""",2012-06-21
CZ0624064,Myotis myotis,"96,""6964b""",2012-06-21
CZ0624064,Myotis myotis,"96,""6964c""",2012-06-21
CZ0624064,Myotis myotis,"96,""6964d""",2012-06-21
CZ0624064,Phengaris nausithous,"96,""6964a""",1995-01-01
CZ0624064,Phengaris nausithous,"96,""6964b""",1995-01-01
CZ0624064,Phengaris nausithous,"96,""6964c""",1995-01-01
CZ0624064,Phengaris nausithous,"96,""6964d""",1995-01-01
CZ0624064,Phengaris teleius,"96,""6964a""",1995-01-01
CZ0624064,Phengaris teleius,"96,""6964b""",1995-01-01
CZ0624064,Phengaris teleius,"96,""6964c""",1995-01-01
CZ0624064,Phengaris teleius,"96,""6964d""",1995-01-01
CZ0624064,Sanguisorba officinalis,"05,""6964c""",2002-05-01
CZ0624064,Sanguisorba officinalis,6964c,2022-05-11
CZ0624064,Sanguisorba officinalis,"96,""6964c""",2002-05-01
CZ0624064,Succisa pratensis,"05,""6964c""",2002-05-01
CZ0624064,Succisa pratensis,"96,""6964c""",2002-05-01
CZ0624064,Triturus cristatus,"07,""6964c""",2024-06-29
CZ0624064,Triturus cristatus,"17,""6964a""",2003-03-15
CZ0624064,Triturus cristatus,6964a,2024-06-29
CZ0624064,Triturus cristatus,6964c,2024-06-29
CZ0624065,Barbastella barbastellus,"33,""6664d""",2002-02-28
CZ0624065,Barbastella barbastellus,6664a,2022-01-29
CZ0624065,Barbastella barbastellus,6664b,2025-01-17
CZ0624065,Himantoglossum adriaticum,6664b,2025-06-27
CZ0624065,Lucanus cervus,6664b,2014-05-17
CZ0624065,Myotis bechsteinii,6664a,2025-01-17
CZ0624065,Myotis bechsteinii,6664b,2021-01-30
CZ0624065,Myotis emarginatus,6664a,2025-01-17
CZ0624065,Myotis emarginatus,6664b,2021-01-30
CZ0624065,Myotis myotis,"33,""6664d""",2002-02-28
CZ0624065,Myotis myotis,6664a,2025-01-17
CZ0624065,Myotis myotis,6664b,2025-01-17
CZ0624065,Myotis sp.,"33,""6664d""",2000-03-03
CZ0624065,Myotis sp.,6664a,2020-02-15
CZ0624065,Rhinolophus hipposideros,"33,""6664d""",2002-02-28
CZ0624065,Rhinolophus hipposideros,6664a,2022-01-29
CZ0624065,Rhinolophus hipposideros,6664b,2025-01-17
CZ0624066,Echium maculatum,7071c,2025-06-25
CZ0624066,Echium maculatum,"99,""7071c""",2013-06-12
CZ0624066,Euplagia quadripunctaria,7071c,2022-08-15
CZ0624066,Sanguisorba officinalis,7071c,2023-06-22
CZ0624067,Euplagia quadripunctaria,6865a,2016-07-31
CZ0624067,Lucanus cervus,6865a,2023-08-19
CZ0624067,Pulsatilla grandis,6865a,2024-04-06
CZ0624068,Bombina bombina,"27,""7169a""",2002-01-01
CZ0624068,Bombina bombina,7069d,2020-06-03
CZ0624068,Bombina bombina,7169a,2024-04-26
CZ0624068,Bombina bombina,7169b,2013-04-19
CZ0624068,Bombina bombina,"79,""7169b""",2013-06-21
CZ0624068,Castor fiber,"04,""7169a""",2020-03-01
CZ0624068,Castor fiber,"15,""7069d""",2018-03-01
CZ0624068,Castor fiber,"18,""7169a""",2000-01-01
CZ0624068,Castor fiber,"2,""7169b""",2018-03-01
CZ0624068,Castor fiber,"33,""7169b""",2000-01-01
CZ0624068,Castor fiber,"38,""7069d""",2018-03-01
CZ0624068,Castor fiber,7069d,2020-03-01
CZ0624068,Castor fiber,7169a,2020-03-01
CZ0624068,Castor fiber,7169b,2023-04-15
CZ0624068,Castor fiber,"79,""7169b""",2020-03-01
CZ0624068,Castor fiber,"99,""7069d""",2018-03-01
CZ0624068,Cerambyx cerdo,"1,""7069d""",2010-01-01
CZ0624068,Cerambyx cerdo,7069d,2019-02-28
CZ0624068,Cucujus cinnaberinus,"61,""7069d""",2003-04-18
CZ0624068,Cucujus cinnaberinus,7069d,2020-10-26
CZ0624068,Euplagia quadripunctaria,7169a,2021-08-13
CZ0624068,Hipparchia semele,NA,1995-01-01
CZ0624068,Lemna trisulca,7169b,2003-04-01
CZ0624068,Lemna trisulca,"72,""7169b""",2009-06-27
CZ0624068,Lucanus cervus,7069d,2019-07-20
CZ0624068,Lucanus cervus,7169a,2023-05-27
CZ0624068,Lutra lutra,7069d,2005-04-20
CZ0624068,Lycaena dispar,7169a,2021-08-13
CZ0624068,Misgurnus fossilis,7069d,2023-08-23
CZ0624068,Misgurnus fossilis,7169a,2023-08-23
CZ0624068,Misgurnus fossilis,7169b,2023-08-23
CZ0624068,Misgurnus fossilis,"79,""7169b""",2000-01-01
CZ0624068,Ophiogomphus cecilia,"05,""7069d""",2006-07-26
CZ0624068,Ophiogomphus cecilia,7069d,2020-06-30
CZ0624068,Ophiogomphus cecilia,7169a,2019-07-26
CZ0624068,Phengaris nausithous,7069d,2024-07-23
CZ0624068,Phengaris teleius,7069d,2024-07-23
CZ0624068,Rhodeus amarus,7169a,2023-05-28
CZ0624068,Rhodeus amarus,7169b,2002-07-25
CZ0624068,Rhodeus amarus,"79,""7169b""",2013-06-21
CZ0624068,Romanogobio vladykovi,7069d,2005-01-01
CZ0624068,Sanguisorba officinalis,7069d,2009-06-18
CZ0624068,Scardinius erythrophthalmus,7169b,2002-07-25
CZ0624068,Triturus dobrogicus,7169a,2015-05-01
CZ0624068,Unio crassus,7069d,2008-10-18
CZ0624069,Barbastella barbastellus,6869a,2014-08-31
CZ0624069,Cypripedium calceolus,6869a,2025-05-26
CZ0624069,Myotis myotis,6869a,2014-08-31
CZ0624069,Pulsatilla grandis,6869a,2025-03-26
CZ0624070,Barbastella barbastellus,"45,""7168b""",2013-07-19
CZ0624070,Barbastella barbastellus,7168b,2015-08-28
CZ0624070,Bombina bombina,"01,""7068c""",2021-05-31
CZ0624070,Bombina bombina,"13,""7168a""",2022-07-02
CZ0624070,Bombina bombina,"17,""7068c""",1998-01-01
CZ0624070,Bombina bombina,"24,""7068c""",2025-05-03
CZ0624070,Bombina bombina,"27,""7068d""",2001-05-01
CZ0624070,Bombina bombina,"43,""7068d""",2021-05-31
CZ0624070,Bombina bombina,7068c,2025-06-25
CZ0624070,Bombina bombina,7068d,2024-05-13
CZ0624070,Bombina bombina,7168a,2025-05-31
CZ0624070,Bombina bombina,7168b,2025-04-19
CZ0624070,Castor fiber,"45,""7168b""",2012-05-15
CZ0624070,Castor fiber,"54,""7168b""",2001-01-01
CZ0624070,Castor fiber,7068c,2026-03-01
CZ0624070,Castor fiber,7168a,2026-03-01
CZ0624070,Castor fiber,"86,""7168a""",1996-01-01
CZ0624070,Castor fiber,"89,""7068d""",2004-01-01
CZ0624070,Cerambyx cerdo,"51,""7168b""",2014-06-16
CZ0624070,Cerambyx cerdo,7068c,2024-06-13
CZ0624070,Cerambyx cerdo,7168a,2025-07-23
CZ0624070,Cerambyx cerdo,7168b,2025-07-23
CZ0624070,Chamaecytisus sp.,7168b,2010-05-07
CZ0624070,Cucujus cinnaberinus,7068c,2023-05-22
CZ0624070,Cucujus cinnaberinus,7168b,2020-06-22
CZ0624070,Emys orbicularis,7068c,2025-07-21
CZ0624070,Eriogaster catax,NA,2005-01-01
CZ0624070,Euplagia quadripunctaria,"01,""7168b""",2005-07-29
CZ0624070,Euplagia quadripunctaria,"54,""7168b""",2004-07-25
CZ0624070,Euplagia quadripunctaria,7068c,2023-08-09
CZ0624070,Euplagia quadripunctaria,7168a,2023-08-19
CZ0624070,Euplagia quadripunctaria,7168b,2022-08-10
CZ0624070,Gladiolus palustris,"26,""7168a""",2001-08-01
CZ0624070,Gladiolus palustris,"29,""7168b""",2001-08-01
CZ0624070,Gladiolus palustris,"31,""7168a""",2014-03-01
CZ0624070,Gladiolus palustris,"35,""7168a""",2007-07-27
CZ0624070,Gladiolus palustris,"38,""7168b""",2014-03-01
CZ0624070,Gladiolus palustris,7168a,2025-07-26
CZ0624070,Gladiolus palustris,7168b,2025-07-02
CZ0624070,Gladiolus palustris,"76,""7168b""",2013-06-01
CZ0624070,Gladiolus palustris,"78,""7168a""",2014-03-01
CZ0624070,Lucanus cervus,"51,""7168b""",2014-06-16
CZ0624070,Lucanus cervus,7068c,2025-06-01
CZ0624070,Lucanus cervus,7068d,2013-06-30
CZ0624070,Lucanus cervus,7168a,2025-06-06
CZ0624070,Lucanus cervus,7168b,2025-05-30
CZ0624070,Lutra lutra,7068c,2025-07-04
CZ0624070,Lutra lutra,7168a,2026-03-01
CZ0624070,Lutra lutra,7168b,2024-06-16
CZ0624070,Lutra lutra,"96,""7168a""",2007-01-01
CZ0624070,Lutra lutra,"96,""7168b""",2007-01-01
CZ0624070,Lutra lutra,"96,""7168c""",2007-01-01
CZ0624070,Lutra lutra,"96,""7168d""",2007-01-01
CZ0624070,Lycaena dispar,"01,""7168b""",2003-07-21
CZ0624070,Lycaena dispar,"54,""7168b""",2011-01-01
CZ0624070,Lycaena dispar,"61,""7068c""",2001-07-26
CZ0624070,Lycaena dispar,7068c,2025-06-05
CZ0624070,Lycaena dispar,7168a,2017-08-03
CZ0624070,Lycaena dispar,7168b,2023-06-09
CZ0624070,Lycaena dispar,"96,""7168a""",2010-05-28
CZ0624070,Lycaena dispar,"96,""7168b""",2010-05-28
CZ0624070,Lycaena dispar,"96,""7168c""",2010-05-28
CZ0624070,Lycaena dispar,"96,""7168d""",2010-05-28
CZ0624070,Myotis alcathoe/emarginatus,7168b,2015-08-28
CZ0624070,Myotis bechsteinii,7168b,2015-08-28
CZ0624070,Myotis emarginatus,"45,""7168b""",2013-07-19
CZ0624070,Myotis myotis,"45,""7168b""",2013-07-19
CZ0624070,Myotis myotis,7168b,2015-07-31
CZ0624070,Myotis myotis,"96,""7168a""",2012-06-21
CZ0624070,Myotis myotis,"96,""7168b""",2012-06-21
CZ0624070,Myotis myotis,"96,""7168c""",2012-06-21
CZ0624070,Myotis myotis,"96,""7168d""",2012-06-21
CZ0624070,Ophiogomphus cecilia,"35,""7068c""",2003-05-01
CZ0624070,Ophiogomphus cecilia,7168a,2023-07-16
CZ0624070,Rumex sp.,7068c,2024-03-01
CZ0624070,Rumex sp.,7168a,2022-06-01
CZ0624070,Sanguisorba officinalis,"25,""7168b""",2007-07-28
CZ0624070,Sanguisorba officinalis,"31,""7168a""",2014-03-01
CZ0624070,Sanguisorba officinalis,"32,""7168b""",2014-03-01
CZ0624070,Sanguisorba officinalis,"33,""7068c""",2001-08-01
CZ0624070,Sanguisorba officinalis,"37,""7168b""",2014-03-01
CZ0624070,Sanguisorba officinalis,"38,""7168b""",2014-03-01
CZ0624070,Sanguisorba officinalis,"42,""7168a""",2014-03-01
CZ0624070,Sanguisorba officinalis,"54,""7168a""",2014-03-01
CZ0624070,Sanguisorba officinalis,"62,""7168b""",2001-08-01
CZ0624070,Sanguisorba officinalis,"69,""7068d""",2001-08-01
CZ0624070,Sanguisorba officinalis,7168a,2021-05-29
CZ0624070,Sanguisorba officinalis,7168b,2023-05-24
CZ0624070,Sanguisorba officinalis,"73,""7168a""",2014-03-01
CZ0624070,Sanguisorba officinalis,"76,""7168b""",2013-06-01
CZ0624070,Sanguisorba officinalis,"82,""7168a""",2008-07-27
CZ0624070,Sanguisorba officinalis,"9,""7168a""",2014-03-01
CZ0624070,Sanguisorba officinalis,"95,""7168b""",2008-08-04
CZ0624070,Succisa pratensis,"25,""7168b""",2007-07-28
CZ0624070,Succisa pratensis,"31,""7168a""",2014-03-01
CZ0624070,Succisa pratensis,"32,""7168b""",2014-03-01
CZ0624070,Succisa pratensis,"37,""7168b""",2014-03-01
CZ0624070,Succisa pratensis,"38,""7168b""",2014-03-01
CZ0624070,Succisa pratensis,"62,""7168b""",2001-08-01
CZ0624070,Succisa pratensis,7168a,2020-08-20
CZ0624070,Succisa pratensis,7168b,2014-03-01
CZ0624070,Succisa pratensis,"78,""7168a""",2014-03-01
CZ0624070,Succisa pratensis,"95,""7168b""",2008-08-04
CZ0624070,Triturus dobrogicus,7168a,2024-04-30
CZ0624071,Bombina bombina,7168b,2020-08-24
CZ0624071,Bombina bombina,7169a,2020-07-27
CZ0624071,Castor fiber,"45,""7169a""",2000-01-01
CZ0624071,Castor fiber,7169a,2019-02-21
CZ0624071,Cerambyx cerdo,7168b,2015-04-10
CZ0624071,Cucujus cinnaberinus,7168b,2008-04-24
CZ0624071,Cucujus cinnaberinus,7168d,2013-06-18
CZ0624071,Cucujus cinnaberinus,7169a,2020-10-26
CZ0624071,Lycaena dispar,7168b,2017-06-18
CZ0624071,Misgurnus fossilis,7169a,2014-09-03
CZ0624071,Ophiogomphus cecilia,7169a,2009-06-17
CZ0624071,Rhodeus amarus,7168b,2014-09-05
CZ0624071,Rhodeus amarus,7168d,2023-10-16
CZ0624071,Rhodeus amarus,7169a,2022-09-19
CZ0624071,Sanguisorba officinalis,"3,""7168b""",2001-08-01
CZ0624071,Sanguisorba officinalis,7168b,2025-05-16
CZ0624071,Sanguisorba officinalis,7169a,2025-05-16
CZ0624071,Triturus dobrogicus,7168b,2015-05-01
CZ0624071,Triturus dobrogicus,7169a,2015-05-01
CZ0624072,Barbastella barbastellus,"61,""7170b""",2013-05-29
CZ0624072,Barbastella barbastellus,"96,""7170a""",2010-01-01
CZ0624072,Barbastella barbastellus,"96,""7170b""",2010-01-01
CZ0624072,Barbastella barbastellus,"96,""7170c""",2010-01-01
CZ0624072,Barbastella barbastellus,"96,""7170d""",2010-01-01
CZ0624072,Bombina bombina,"45,""7170a""",2019-05-10
CZ0624072,Bombina bombina,7170a,2019-05-10
CZ0624072,Bombina bombina,7170b,2022-06-20
CZ0624072,Bombina bombina,7170c,2021-05-28
CZ0624072,Bombina variegata,"63,""7170b""",2007-06-07
CZ0624072,Bombina variegata,"65,""7170b""",2001-06-07
CZ0624072,Bombina variegata,7169d,2024-07-16
CZ0624072,Bombina variegata,7170a,2025-05-28
CZ0624072,Bombina variegata,7170b,2020-09-10
CZ0624072,Bombina variegata,7170c,2023-08-30
CZ0624072,Bombina variegata,7170d,2023-08-30
CZ0624072,Carabus variolosus,7169d,2005-07-17
CZ0624072,Carabus variolosus,7170a,2025-05-30
CZ0624072,Carabus variolosus,7170b,2022-06-15
CZ0624072,Carabus variolosus,7170c,2023-07-06
CZ0624072,Carabus variolosus,7170d,2005-05-01
CZ0624072,Carabus variolosus,"73,""7170b""",2005-09-24
CZ0624072,Cerambyx cerdo,7170c,2007-07-05
CZ0624072,Colias myrmidone,"23,""7170a""",1995-01-01
CZ0624072,Colias myrmidone,"27,""7170a""",2004-01-01
CZ0624072,Colias myrmidone,"61,""7170c""",2003-09-10
CZ0624072,Colias myrmidone,"63,""7170b""",2004-05-20
CZ0624072,Colias myrmidone,"65,""7170a""",2005-05-20
CZ0624072,Colias myrmidone,"67,""7170b""",2004-06-01
CZ0624072,Colias myrmidone,"7,""7170a""",2002-05-23
CZ0624072,Colias myrmidone,7170a,2010-08-02
CZ0624072,Colias myrmidone,7170b,2006-07-15
CZ0624072,Colias myrmidone,7170c,2004-07-25
CZ0624072,Colias myrmidone,"96,""7170a""",2009-05-01
CZ0624072,Colias myrmidone,"96,""7170b""",2009-05-01
CZ0624072,Colias myrmidone,"96,""7170c""",2009-05-01
CZ0624072,Colias myrmidone,"96,""7170d""",2009-05-01
CZ0624072,Cucujus cinnaberinus,7169d,2021-06-06
CZ0624072,Cucujus cinnaberinus,7170a,2022-04-23
CZ0624072,Cucujus cinnaberinus,7170c,2010-04-02
CZ0624072,Cypripedium calceolus,7170a,2023-06-13
CZ0624072,Cypripedium calceolus,7170c,2024-06-19
CZ0624072,Cypripedium calceolus,7170d,2024-08-08
CZ0624072,Eriogaster catax,"4,""7170a""",2004-05-09
CZ0624072,Eriogaster catax,"63,""7170b""",2006-04-28
CZ0624072,Eriogaster catax,7170a,2025-04-23
CZ0624072,Eriogaster catax,7170b,2004-04-28
CZ0624072,Eriogaster catax,7170c,2008-04-24
CZ0624072,Eriogaster catax,"96,""7170a""",2005-01-01
CZ0624072,Eriogaster catax,"96,""7170b""",2005-01-01
CZ0624072,Eriogaster catax,"96,""7170c""",2005-01-01
CZ0624072,Eriogaster catax,"96,""7170d""",2005-01-01
CZ0624072,Eriogaster catax,NA,2006-05-20
CZ0624072,Euplagia quadripunctaria,"01,""7170a""",2005-07-27
CZ0624072,Euplagia quadripunctaria,"35,""7170c""",2004-08-15
CZ0624072,Euplagia quadripunctaria,"63,""7170a""",2005-07-28
CZ0624072,Euplagia quadripunctaria,"63,""7170b""",2007-09-01
CZ0624072,Euplagia quadripunctaria,"67,""7170b""",2007-09-01
CZ0624072,Euplagia quadripunctaria,7169b,2023-08-20
CZ0624072,Euplagia quadripunctaria,7169d,2023-08-13
CZ0624072,Euplagia quadripunctaria,7170a,2025-07-29
CZ0624072,Euplagia quadripunctaria,7170b,2022-08-07
CZ0624072,Euplagia quadripunctaria,7170c,2022-08-12
CZ0624072,Euplagia quadripunctaria,7170d,2015-08-13
CZ0624072,Euplagia quadripunctaria,"74,""7170d""",2005-08-11
CZ0624072,Euplagia quadripunctaria,"88,""7170c""",1972-07-20
CZ0624072,Euplagia quadripunctaria,"96,""7170a""",2005-01-01
CZ0624072,Euplagia quadripunctaria,"96,""7170b""",2005-01-01
CZ0624072,Euplagia quadripunctaria,"96,""7170c""",2005-01-01
CZ0624072,Euplagia quadripunctaria,"96,""7170d""",2005-01-01
CZ0624072,Gladiolus palustris,7170d,2025-06-19
CZ0624072,Klasea lycopifolia,"01,""7170d""",2025-08-26
CZ0624072,Klasea lycopifolia,"02,""7170d""",2019-06-07
CZ0624072,Klasea lycopifolia,"09,""7170b""",2017-06-20
CZ0624072,Klasea lycopifolia,"29,""7170b""",2024-06-05
CZ0624072,Klasea lycopifolia,"67,""7170b""",2025-08-26
CZ0624072,Klasea lycopifolia,7170a,2024-06-05
CZ0624072,Klasea lycopifolia,7170b,2025-06-05
CZ0624072,Klasea lycopifolia,7170c,2023-06-14
CZ0624072,Klasea lycopifolia,7170d,2025-08-26
CZ0624072,Klasea lycopifolia,"74,""7170d""",2002-06-01
CZ0624072,Klasea lycopifolia,"87,""7170d""",2025-06-20
CZ0624072,Klasea lycopifolia,"93,""7170b""",2001-04-01
CZ0624072,Klasea lycopifolia,"94,""7170d""",2018-05-29
CZ0624072,Klasea lycopifolia,"98,""7170d""",2017-06-21
CZ0624072,Klasea lycopifolia,"99,""7170d""",2017-06-22
CZ0624072,Leuciscus aspius,7170a,2008-01-01
CZ0624072,Lucanus cervus,"61,""7170b""",2013-06-14
CZ0624072,Lucanus cervus,"63,""7170b""",2008-05-27
CZ0624072,Lucanus cervus,"67,""7170b""",2022-06-05
CZ0624072,Lucanus cervus,7169b,2013-06-17
CZ0624072,Lucanus cervus,7169d,2022-06-14
CZ0624072,Lucanus cervus,7170a,2025-05-30
CZ0624072,Lucanus cervus,7170b,2025-06-14
CZ0624072,Lucanus cervus,7170c,2008-06-07
CZ0624072,Lucanus cervus,7170d,2025-05-31
CZ0624072,Lucanus cervus,"98,""7170a""",2011-06-23
CZ0624072,Lutra lutra,7170a,2016-10-26
CZ0624072,Lycaena dispar,"1,""7170d""",2005-06-19
CZ0624072,Lycaena dispar,"23,""7170a""",2007-06-07
CZ0624072,Lycaena dispar,"35,""7170c""",2005-06-18
CZ0624072,Lycaena dispar,"44,""7170a""",2001-01-01
CZ0624072,Lycaena dispar,"56,""7170b""",2004-06-28
CZ0624072,Lycaena dispar,"61,""7170a""",2001-05-30
CZ0624072,Lycaena dispar,"63,""7170b""",2007-07-07
CZ0624072,Lycaena dispar,"67,""7170b""",2007-07-07
CZ0624072,Lycaena dispar,"7,""7170a""",1995-01-01
CZ0624072,Lycaena dispar,7169b,2017-05-29
CZ0624072,Lycaena dispar,7169d,2015-08-12
CZ0624072,Lycaena dispar,7170a,2022-08-01
CZ0624072,Lycaena dispar,7170b,2022-06-13
CZ0624072,Lycaena dispar,7170c,2022-08-12
CZ0624072,Lycaena dispar,7170d,2022-08-07
CZ0624072,Lycaena dispar,"83,""7170b""",1995-01-01
CZ0624072,Lycaena dispar,"96,""7170a""",2006-01-01
CZ0624072,Lycaena dispar,"96,""7170b""",2006-01-01
CZ0624072,Lycaena dispar,"96,""7170c""",2006-01-01
CZ0624072,Lycaena dispar,"96,""7170d""",2006-01-01
CZ0624072,Myotis bechsteinii,"61,""7170b""",2013-05-29
CZ0624072,Myotis bechsteinii,"96,""7170a""",2011-06-21
CZ0624072,Myotis bechsteinii,"96,""7170b""",2011-06-21
CZ0624072,Myotis bechsteinii,"96,""7170c""",2011-06-21
CZ0624072,Myotis bechsteinii,"96,""7170d""",2011-06-21
CZ0624072,Myotis blythii,"96,""7170a""",2012-06-21
CZ0624072,Myotis blythii,"96,""7170b""",2012-06-21
CZ0624072,Myotis blythii,"96,""7170c""",2012-06-21
CZ0624072,Myotis blythii,"96,""7170d""",2012-06-21
CZ0624072,Myotis emarginatus,"96,""7170a""",2011-06-21
CZ0624072,Myotis emarginatus,"96,""7170b""",2011-06-21
CZ0624072,Myotis emarginatus,"96,""7170c""",2011-06-21
CZ0624072,Myotis emarginatus,"96,""7170d""",2011-06-21
CZ0624072,Myotis myotis,"96,""7170a""",2012-06-21
CZ0624072,Myotis myotis,"96,""7170b""",2012-06-21
CZ0624072,Myotis myotis,"96,""7170c""",2012-06-21
CZ0624072,Myotis myotis,"96,""7170d""",2012-06-21
CZ0624072,Ophiogomphus cecilia,7170b,2017-06-11
CZ0624072,Phengaris nausithous,"1,""7170d""",2022-08-01
CZ0624072,Phengaris nausithous,7169d,2006-01-01
CZ0624072,Phengaris nausithous,7170b,2006-07-25
CZ0624072,Phengaris nausithous,7170c,2022-08-12
CZ0624072,Phengaris nausithous,7170d,2022-08-01
CZ0624072,Phengaris nausithous,"96,""7170a""",2006-07-25
CZ0624072,Phengaris nausithous,"96,""7170b""",2006-07-25
CZ0624072,Phengaris nausithous,"96,""7170c""",2006-07-25
CZ0624072,Phengaris nausithous,"96,""7170d""",2006-07-25
CZ0624072,Phengaris teleius,"23,""7170a""",2007-08-01
CZ0624072,Phengaris teleius,"35,""7170c""",2005-07-17
CZ0624072,Phengaris teleius,"63,""7170b""",2007-08-03
CZ0624072,Phengaris teleius,"67,""7170b""",2007-08-03
CZ0624072,Phengaris teleius,7170a,2013-07-09
CZ0624072,Phengaris teleius,7170b,2011-07-16
CZ0624072,Phengaris teleius,7170c,2022-08-12
CZ0624072,Phengaris teleius,7170d,2022-08-07
CZ0624072,Phengaris teleius,"83,""7170b""",2007-07-09
CZ0624072,Phengaris teleius,"87,""7170b""",2005-07-27
CZ0624072,Phengaris teleius,"96,""7170a""",2006-07-25
CZ0624072,Phengaris teleius,"96,""7170b""",2006-07-25
CZ0624072,Phengaris teleius,"96,""7170c""",2006-07-25
CZ0624072,Phengaris teleius,"96,""7170d""",2006-07-25
CZ0624072,Pulsatilla grandis,7169b,2024-04-01
CZ0624072,Pulsatilla grandis,7170a,2023-03-23
CZ0624072,Rumex sp.,7170a,2010-10-02
CZ0624072,Salmo trutta,7170c,2012-03-13
CZ0624072,Sanguisorba officinalis,"07,""7170d""",2013-06-10
CZ0624072,Sanguisorba officinalis,"1,""7170a""",2013-06-08
CZ0624072,Sanguisorba officinalis,"17,""7170b""",2013-06-08
CZ0624072,Sanguisorba officinalis,"39,""7170d""",2013-06-10
CZ0624072,Sanguisorba officinalis,"51,""7170c""",2002-09-03
CZ0624072,Sanguisorba officinalis,7170a,2022-05-31
CZ0624072,Sanguisorba officinalis,7170b,2025-05-21
CZ0624072,Sanguisorba officinalis,7170c,2020-06-30
CZ0624072,Sanguisorba officinalis,7170d,2022-06-20
CZ0624072,Sanguisorba officinalis,"72,""7170a""",2013-06-08
CZ0624072,Sanguisorba officinalis,"86,""7170a""",2013-06-08
CZ0624072,Sanguisorba officinalis,"91,""7170b""",2013-06-13
CZ0624072,Sanguisorba officinalis,"99,""7170c""",2013-05-08
CZ0624072,Succisa pratensis,7170a,2022-05-31
CZ0624072,Succisa pratensis,7170b,2022-08-03
CZ0624072,Succisa pratensis,7170c,2010-06-30
CZ0624072,Succisa pratensis,7170d,2021-08-10
CZ0624072,Vertigo angustior,7170a,2000-06-28
CZ0624072,Vertigo angustior,7170c,2018-09-24
CZ0624072,Vertigo angustior,7170d,2000-06-28
CZ0624094,Chamaecytisus sp.,6864b,2024-08-14
CZ0624094,Cypripedium calceolus,6865a,2024-06-23
CZ0624094,Euplagia quadripunctaria,6865a,2016-06-01
CZ0624094,Lucanus cervus,6864b,2025-08-20
CZ0624095,Barbastella barbastellus,7060c,2025-01-29
CZ0624095,Barbastella barbastellus,"96,""7060a""",2011-12-21
CZ0624095,Barbastella barbastellus,"96,""7060b""",2011-12-21
CZ0624095,Barbastella barbastellus,"96,""7060c""",2011-12-21
CZ0624095,Barbastella barbastellus,"96,""7060d""",2011-12-21
CZ0624095,Blicca bjoerkna,7159b,2019-09-09
CZ0624095,Bombina bombina,7060c,2010-06-13
CZ0624095,Castor fiber,7160a,2024-03-31
CZ0624095,Cerambyx cerdo,"49,""7060c""",2000-05-01
CZ0624095,Cerambyx cerdo,"66,""7060c""",2000-05-01
CZ0624095,Cerambyx cerdo,7060c,2025-08-02
CZ0624095,Cerambyx cerdo,7060d,2015-06-28
CZ0624095,Cerambyx cerdo,"91,""7060c""",2012-06-23
CZ0624095,Coleanthus subtilis,7060c,2005-10-18
CZ0624095,Cucujus cinnaberinus,7060c,2021-10-31
CZ0624095,Dianthus moravicus,"69,""7060c""",2011-01-01
CZ0624095,Dianthus moravicus,7060c,2020-06-24
CZ0624095,Euplagia quadripunctaria,"41,""7060a""",2005-08-12
CZ0624095,Euplagia quadripunctaria,7060c,2025-08-02
CZ0624095,Euplagia quadripunctaria,7060d,2012-08-13
CZ0624095,Leuciscus aspius,7159b,2005-09-30
CZ0624095,Limoniscus violaceus,7159b,2000-09-27
CZ0624095,Lucanus cervus,7060c,2023-06-11
CZ0624095,Lucanus cervus,7060d,2013-07-12
CZ0624095,Lutra lutra,"06,""7060b""",2005-11-01
CZ0624095,Lutra lutra,7060c,2006-10-09
CZ0624095,Lutra lutra,7060d,2016-10-08
CZ0624095,Lutra lutra,7159b,2016-10-08
CZ0624095,Lutra lutra,7160a,2006-10-09
CZ0624095,Lycaena dispar,7060c,2021-06-03
CZ0624095,Myotis emarginatus,7060c,2002-01-01
CZ0624095,Myotis emarginatus,"96,""7060a""",2011-12-21
CZ0624095,Myotis emarginatus,"96,""7060b""",2011-12-21
CZ0624095,Myotis emarginatus,"96,""7060c""",2011-12-21
CZ0624095,Myotis emarginatus,"96,""7060d""",2011-12-21
CZ0624095,Myotis myotis,7060c,2025-07-03
CZ0624095,Myotis myotis,"96,""7060a""",2012-06-21
CZ0624095,Myotis myotis,"96,""7060b""",2012-06-21
CZ0624095,Myotis myotis,"96,""7060c""",2012-06-21
CZ0624095,Myotis myotis,"96,""7060d""",2012-06-21
CZ0624095,Osmoderma barnabita,7060c,2023-07-06
CZ0624095,Osmoderma barnabita,7060d,2023-06-11
CZ0624095,Osmoderma barnabita,"91,""7060c""",2012-06-23
CZ0624095,Rhinolophus hipposideros,7060c,2025-01-29
CZ0624095,Rhinolophus hipposideros,"96,""7060a""",2012-06-21
CZ0624095,Rhinolophus hipposideros,"96,""7060b""",2012-06-21
CZ0624095,Rhinolophus hipposideros,"96,""7060c""",2012-06-21
CZ0624095,Rhinolophus hipposideros,"96,""7060d""",2012-06-21
CZ0624095,Rhodeus amarus,"6,""7159b""",1950-01-01
CZ0624095,Rhodeus amarus,7159b,2022-08-22
CZ0624095,Romanogobio vladykovi,"6,""7159b""",2000-01-01
CZ0624095,Romanogobio vladykovi,7159b,2023-09-24
CZ0624095,Sanguisorba officinalis,7060d,2009-05-02
CZ0624095,Triturus cristatus s. l.,7060c,2018-07-03
CZ0624095,Unio crassus,7060c,2008-08-31
CZ0624095,Unio crassus,7159b,2025-06-29
CZ0624095,Unio crassus,7160a,2011-10-28
CZ0624096,Abramis brama,"01,""7162c""",2004-01-01
CZ0624096,Abramis brama,"99,""7161d""",2004-01-01
CZ0624096,Barbastella barbastellus,7160b,2025-01-28
CZ0624096,Barbastella barbastellus,7161a,2025-01-27
CZ0624096,Barbastella barbastellus,7161b,2021-02-01
CZ0624096,Barbastella barbastellus,7161c,2025-01-28
CZ0624096,Barbastella barbastellus,7161d,2025-01-28
CZ0624096,Barbastella barbastellus,7162a,2020-01-20
CZ0624096,Barbastella barbastellus,"96,""7161a""",2011-12-21
CZ0624096,Barbastella barbastellus,"96,""7161b""",2011-12-21
CZ0624096,Barbastella barbastellus,"96,""7161c""",2011-12-21
CZ0624096,Barbastella barbastellus,"96,""7161d""",2011-12-21
CZ0624096,Blicca bjoerkna,"01,""7162c""",2004-01-01
CZ0624096,Blicca bjoerkna,"99,""7161d""",2004-01-01
CZ0624096,Bombina bombina,7061c,2020-06-30
CZ0624096,Bombina bombina,7160b,2010-05-13
CZ0624096,Bombina bombina,7161a,2023-04-30
CZ0624096,Bombina bombina,7161d,2010-06-27
CZ0624096,Bombina bombina,7162c,2020-06-23
CZ0624096,Buxbaumia viridis,7161a,2024-09-22
CZ0624096,Canis lupus,7160b,2025-02-17
CZ0624096,Canis lupus,7161a,2024-05-26
CZ0624096,Canis lupus,7161d,2025-05-26
CZ0624096,Castor fiber,7160b,2023-03-31
CZ0624096,Castor fiber,7161a,2023-11-01
CZ0624096,Castor fiber,7161c,2025-10-25
CZ0624096,Castor fiber,7161d,2021-05-03
CZ0624096,Castor fiber,7162c,2019-02-15
CZ0624096,Cerambyx cerdo,"49,""7162c""",2013-08-02
CZ0624096,Cerambyx cerdo,7161a,2023-06-18
CZ0624096,Cerambyx cerdo,7161d,2025-08-26
CZ0624096,Cerambyx cerdo,7162a,2023-10-29
CZ0624096,Cerambyx cerdo,7162c,2023-07-09
CZ0624096,Cottus gobio,"19,""7161a""",2004-01-01
CZ0624096,Cottus gobio,"21,""7160b""",2004-01-01
CZ0624096,Cottus gobio,"56,""7161a""",2000-01-01
CZ0624096,Cottus gobio,7160b,2023-10-12
CZ0624096,Cottus gobio,7161a,2023-10-12
CZ0624096,Cottus gobio,7161c,2023-10-12
CZ0624096,Cottus gobio,7161d,2023-10-12
CZ0624096,Cottus gobio,"82,""7161a""",2000-01-01
CZ0624096,Cottus gobio,"99,""7161d""",2004-01-01
CZ0624096,Cucujus cinnaberinus,7160b,2021-10-17
CZ0624096,Cucujus cinnaberinus,7161a,2023-01-12
CZ0624096,Cucujus cinnaberinus,7161c,2026-03-13
CZ0624096,Cucujus cinnaberinus,7161d,2023-03-19
CZ0624096,Cucujus cinnaberinus,7162c,2022-02-19
CZ0624096,Cypripedium calceolus,7161a,2024-04-22
CZ0624096,Cypripedium calceolus,7161d,2024-04-26
CZ0624096,Dicranum viride,7161d,2024-09-19
CZ0624096,Eriogaster catax,"07,""7161d""",2007-04-07
CZ0624096,Eriogaster catax,"28,""7162c""",2025-04-22
CZ0624096,Eriogaster catax,"37,""7161d""",2005-05-03
CZ0624096,Eriogaster catax,"39,""7162c""",2024-10-08
CZ0624096,Eriogaster catax,7161a,2024-04-09
CZ0624096,Eriogaster catax,7161d,2025-04-22
CZ0624096,Eriogaster catax,"91,""7161d""",2007-04-05
CZ0624096,Eriogaster catax,NA,2022-04-15
CZ0624096,Euplagia quadripunctaria,"25,""7161d""",1991-01-01
CZ0624096,Euplagia quadripunctaria,"37,""7161d""",2005-08-12
CZ0624096,Euplagia quadripunctaria,"62,""7162a""",2011-08-17
CZ0624096,Euplagia quadripunctaria,"69,""7161a""",2000-01-01
CZ0624096,Euplagia quadripunctaria,7061c,2016-08-06
CZ0624096,Euplagia quadripunctaria,7160b,2020-08-12
CZ0624096,Euplagia quadripunctaria,7161a,2025-08-12
CZ0624096,Euplagia quadripunctaria,7161c,2025-08-06
CZ0624096,Euplagia quadripunctaria,7161d,2025-08-09
CZ0624096,Euplagia quadripunctaria,7162a,2024-07-09
CZ0624096,Euplagia quadripunctaria,7162c,2022-08-04
CZ0624096,Euplagia quadripunctaria,"94,""7161c""",2005-08-31
CZ0624096,Euplagia quadripunctaria,"96,""7161a""",2006-07-27
CZ0624096,Euplagia quadripunctaria,"96,""7161b""",2006-07-27
CZ0624096,Euplagia quadripunctaria,"96,""7161c""",2006-07-27
CZ0624096,Euplagia quadripunctaria,"96,""7161d""",2006-07-27
CZ0624096,Euplagia quadripunctaria,"98,""7161a""",2009-07-18
CZ0624096,Euplagia quadripunctaria,"99,""7161a""",2001-01-01
CZ0624096,Leuciscus aspius,"01,""7162c""",2004-01-01
CZ0624096,Leuciscus aspius,"99,""7161d""",2004-01-01
CZ0624096,Lucanus cervus,7160b,2022-06-27
CZ0624096,Lucanus cervus,7161a,2025-08-02
CZ0624096,Lucanus cervus,7161b,2020-07-05
CZ0624096,Lucanus cervus,7161c,2021-06-14
CZ0624096,Lucanus cervus,7161d,2025-07-31
CZ0624096,Lucanus cervus,7162a,2019-07-07
CZ0624096,Lucanus cervus,7162c,2024-07-21
CZ0624096,Lutra lutra,"61,""7161d""",2005-06-01
CZ0624096,Lutra lutra,7161a,2024-08-22
CZ0624096,Lutra lutra,7161c,2025-01-18
CZ0624096,Lutra lutra,7161d,2025-01-18
CZ0624096,Lutra lutra,7162c,2018-02-23
CZ0624096,Lutra lutra,"9,""7161a""",2005-11-20
CZ0624096,Lutra lutra,"97,""7161a""",2005-12-03
CZ0624096,Lycaena dispar,"01,""7162c""",1995-01-01
CZ0624096,Lycaena dispar,"02,""7160b""",2007-05-13
CZ0624096,Lycaena dispar,"27,""7162c""",2001-06-06
CZ0624096,Lycaena dispar,"61,""7161d""",2007-07-24
CZ0624096,Lycaena dispar,7160b,2023-06-15
CZ0624096,Lycaena dispar,7161a,2024-05-22
CZ0624096,Lycaena dispar,7161c,2007-05-21
CZ0624096,Lycaena dispar,7161d,2021-05-29
CZ0624096,Lycaena dispar,7162a,2015-05-11
CZ0624096,Lycaena dispar,7162c,2018-05-13
CZ0624096,Lycaena dispar,7261b,2007-05-28
CZ0624096,Lycaena dispar,"88,""7162c""",2007-06-07
CZ0624096,Lycaena dispar,"94,""7160b""",2007-07-28
CZ0624096,Lycaena dispar,"96,""7161a""",2007-07-17
CZ0624096,Lycaena dispar,"96,""7161b""",2007-07-17
CZ0624096,Lycaena dispar,"96,""7161c""",2007-07-17
CZ0624096,Lycaena dispar,"96,""7161d""",2007-07-17
CZ0624096,Lycaena dispar,"98,""7161a""",2007-06-06
CZ0624096,Lynx lynx,"9,""7161a""",2013-01-01
CZ0624096,Myotis alcathoe/emarginatus,7161d,2015-06-23
CZ0624096,Myotis bechsteinii,"61,""7161d""",2003-01-01
CZ0624096,Myotis bechsteinii,7061c,1993-01-01
CZ0624096,Myotis bechsteinii,7161a,2023-08-31
CZ0624096,Myotis bechsteinii,7161c,2022-02-02
CZ0624096,Myotis bechsteinii,7161d,2015-06-23
CZ0624096,Myotis bechsteinii,"9,""7161a""",2000-01-01
CZ0624096,Myotis bechsteinii,"96,""7161a""",2011-12-21
CZ0624096,Myotis bechsteinii,"96,""7161b""",2011-12-21
CZ0624096,Myotis bechsteinii,"96,""7161c""",2011-12-21
CZ0624096,Myotis bechsteinii,"96,""7161d""",2011-12-21
CZ0624096,Myotis bechsteinii,"97,""7161a""",1999-01-01
CZ0624096,Myotis bechsteinii,"99,""7162c""",2000-01-01
CZ0624096,Myotis emarginatus,"68,""7162c""",2006-02-03
CZ0624096,Myotis emarginatus,7160b,2025-01-28
CZ0624096,Myotis emarginatus,7161a,2023-08-31
CZ0624096,Myotis emarginatus,7161c,2015-02-02
CZ0624096,Myotis emarginatus,"96,""7161a""",2011-06-21
CZ0624096,Myotis emarginatus,"96,""7161b""",2011-06-21
CZ0624096,Myotis emarginatus,"96,""7161c""",2011-06-21
CZ0624096,Myotis emarginatus,"96,""7161d""",2011-06-21
CZ0624096,Myotis myotis,7160b,2022-02-02
CZ0624096,Myotis myotis,7161a,2025-01-27
CZ0624096,Myotis myotis,7161b,2003-01-28
CZ0624096,Myotis myotis,7161c,2023-02-03
CZ0624096,Myotis myotis,7161d,2023-02-03
CZ0624096,Myotis myotis,7162a,2006-02-02
CZ0624096,Myotis myotis,7162c,2000-01-01
CZ0624096,Myotis myotis,"96,""7161a""",2012-06-21
CZ0624096,Myotis myotis,"96,""7161b""",2012-06-21
CZ0624096,Myotis myotis,"96,""7161c""",2012-06-21
CZ0624096,Myotis myotis,"96,""7161d""",2012-06-21
CZ0624096,Myotis sp.,7161a,2004-02-07
CZ0624096,Myotis sp.,7161c,2021-02-01
CZ0624096,Myotis sp.,7162a,2020-01-22
CZ0624096,Ophiogomphus cecilia,7161d,2021-08-21
CZ0624096,Osmoderma barnabita,7162a,2023-10-29
CZ0624096,Pulsatilla grandis,"27,""7161a""",2019-05-12
CZ0624096,Pulsatilla grandis,"46,""7161a""",2001-07-30
CZ0624096,Pulsatilla grandis,"56,""7161a""",2020-04-26
CZ0624096,Pulsatilla grandis,"69,""7161c""",2002-04-01
CZ0624096,Pulsatilla grandis,7160b,2025-03-22
CZ0624096,Pulsatilla grandis,7161a,2025-03-30
CZ0624096,Pulsatilla grandis,7161c,2025-03-27
CZ0624096,Pulsatilla grandis,7161d,2026-03-16
CZ0624096,Pulsatilla grandis,7162a,2025-05-16
CZ0624096,Pulsatilla grandis,7162c,2026-03-10
CZ0624096,Pulsatilla grandis,"85,""7162c""",2001-07-21
CZ0624096,Pulsatilla grandis,"94,""7161c""",2002-04-01
CZ0624096,Rhinolophus hipposideros,7160b,2025-07-02
CZ0624096,Rhinolophus hipposideros,7161a,2025-02-12
CZ0624096,Rhinolophus hipposideros,7161b,2025-01-28
CZ0624096,Rhinolophus hipposideros,7161c,2025-01-28
CZ0624096,Rhinolophus hipposideros,7161d,2025-07-02
CZ0624096,Rhinolophus hipposideros,7162a,2018-02-01
CZ0624096,Rhinolophus hipposideros,7162c,2025-07-02
CZ0624096,Rhinolophus hipposideros,"96,""7161a""",2012-06-21
CZ0624096,Rhinolophus hipposideros,"96,""7161b""",2012-06-21
CZ0624096,Rhinolophus hipposideros,"96,""7161c""",2012-06-21
CZ0624096,Rhinolophus hipposideros,"96,""7161d""",2012-06-21
CZ0624096,Rumex sp.,7160b,2011-06-14
CZ0624096,Salmo trutta,"19,""7161a""",2004-01-01
CZ0624096,Salmo trutta,"21,""7160b""",2004-01-01
CZ0624096,Salmo trutta,7161a,2012-09-11
CZ0624096,Salmo trutta,7161d,2021-05-03
CZ0624096,Salmo trutta,"99,""7161d""",2004-01-01
CZ0624096,Sanguisorba officinalis,"27,""7161a""",2019-05-12
CZ0624096,Sanguisorba officinalis,7061c,2020-05-30
CZ0624096,Sanguisorba officinalis,7160b,2020-07-31
CZ0624096,Sanguisorba officinalis,7161a,2025-08-01
CZ0624096,Sanguisorba officinalis,7161c,2020-07-18
CZ0624096,Sanguisorba officinalis,7161d,2023-10-12
CZ0624096,Sanguisorba officinalis,"99,""7161d""",2023-06-01
CZ0624096,Scardinius erythrophthalmus,"01,""7162c""",2004-01-01
CZ0624096,Scardinius erythrophthalmus,7160b,2023-05-04
CZ0624096,Scardinius erythrophthalmus,7161a,2020-06-04
CZ0624096,Spermophilus citellus,7161d,2026-03-14
CZ0624096,Succisa pratensis,7061c,2020-05-30
CZ0624096,Succisa pratensis,7161a,2025-07-28
CZ0624096,Succisa pratensis,7161d,2020-05-14
CZ0624096,Triturus carnifex,7061c,2023-08-10
CZ0624096,Triturus carnifex,7160b,2023-05-04
CZ0624096,Triturus carnifex,7161a,2025-04-13
CZ0624096,Triturus carnifex,7161d,2025-04-20
CZ0624096,Triturus carnifex,7162c,2024-06-19
CZ0624096,Triturus cristatus s. l.,7061c,2016-01-01
CZ0624096,Triturus cristatus s. l.,7160b,2015-04-25
CZ0624096,Triturus cristatus s. l.,7161a,2016-01-01
CZ0624096,Triturus cristatus s. l.,7161d,2013-09-01
CZ0624096,Triturus cristatus s. l.,7162c,2013-05-10
CZ0624096,Vertigo angustior,7161d,2007-08-14
CZ0624097,Pulsatilla grandis,6867d,2024-05-27
CZ0624098,Barbastella barbastellus,7165d,1991-01-01
CZ0624098,Cerambyx cerdo,7165d,2018-06-23
CZ0624098,Euplagia quadripunctaria,7165d,2022-07-20
CZ0624098,Iris arenaria,7165d,2024-04-26
CZ0624098,Lucanus cervus,7165d,2019-07-30
CZ0624098,Lycaena dispar,7165d,2018-05-24
CZ0624098,Myotis bechsteinii,7165d,2017-01-11
CZ0624098,Myotis emarginatus,7165d,2025-01-16
CZ0624098,Myotis myotis,7165d,2020-01-15
CZ0624098,Myotis sp.,7165d,2013-01-10
CZ0624098,Pulsatilla grandis,7165d,2023-03-22
CZ0624098,Rhinolophus hipposideros,7165d,2025-01-16
CZ0624099,Abramis brama,"01,""7166d""",2004-01-01
CZ0624099,Abramis brama,7166d,2019-10-30
CZ0624099,Abramis brama,7167c,2019-10-30
CZ0624099,Abramis brama,7267a,2016-06-01
CZ0624099,Anisus vorticulus,7166d,2021-03-20
CZ0624099,Ballerus ballerus,"01,""7166d""",2004-01-01
CZ0624099,Ballerus sapa,7267a,2017-05-09
CZ0624099,Barbastella barbastellus,7166a,2015-06-15
CZ0624099,Barbastella barbastellus,7267a,2015-06-13
CZ0624099,Barbastella barbastellus,"96,""7166a""",2011-12-21
CZ0624099,Barbastella barbastellus,"96,""7166b""",2011-12-21
CZ0624099,Barbastella barbastellus,"96,""7166c""",2011-12-21
CZ0624099,Barbastella barbastellus,"96,""7166d""",2011-12-21
CZ0624099,Blicca bjoerkna,"01,""7166d""",2004-01-01
CZ0624099,Blicca bjoerkna,7166d,2019-10-30
CZ0624099,Blicca bjoerkna,7167c,2019-10-30
CZ0624099,Blicca bjoerkna,7267a,2022-04-23
CZ0624099,Bombina bombina,"4,""7167c""",2018-06-29
CZ0624099,Bombina bombina,"56,""7166a""",2011-05-04
CZ0624099,Bombina bombina,7166a,2021-07-23
CZ0624099,Bombina bombina,7166c,2025-05-09
CZ0624099,Bombina bombina,7166d,2025-04-19
CZ0624099,Bombina bombina,7167c,2024-06-24
CZ0624099,Bombina bombina,7267a,2024-06-24
CZ0624099,Castor fiber,"01,""7267a""",2017-02-11
CZ0624099,Castor fiber,"06,""7267a""",2017-02-11
CZ0624099,Castor fiber,"13,""7167c""",2017-02-11
CZ0624099,Castor fiber,"4,""7166a""",2003-01-01
CZ0624099,Castor fiber,"48,""7166d""",2003-01-01
CZ0624099,Castor fiber,"5,""7166a""",2017-02-11
CZ0624099,Castor fiber,"56,""7166a""",2011-04-15
CZ0624099,Castor fiber,"58,""7166d""",2017-02-11
CZ0624099,Castor fiber,"64,""7166c""",1988-01-01
CZ0624099,Castor fiber,7166a,2026-01-02
CZ0624099,Castor fiber,7166c,2026-02-10
CZ0624099,Castor fiber,7166d,2026-01-15
CZ0624099,Castor fiber,7167c,2026-01-11
CZ0624099,Castor fiber,7266b,2013-02-01
CZ0624099,Castor fiber,7267a,2026-03-13
CZ0624099,Castor fiber,"81,""7166d""",2000-01-01
CZ0624099,Castor fiber,"87,""7166d""",2017-02-11
CZ0624099,Castor fiber,"96,""7167c""",2017-02-11
CZ0624099,Castor fiber,"99,""7267a""",2017-02-11
CZ0624099,Cerambyx cerdo,"56,""7166a""",2006-05-24
CZ0624099,Cerambyx cerdo,7166a,2023-11-11
CZ0624099,Cerambyx cerdo,7166c,2019-07-05
CZ0624099,Cerambyx cerdo,7166d,2025-07-16
CZ0624099,Cerambyx cerdo,7167c,2025-08-13
CZ0624099,Cerambyx cerdo,7266b,2025-05-22
CZ0624099,Cerambyx cerdo,7267a,2021-07-10
CZ0624099,Cerambyx cerdo,"78,""7166c""",2019-07-09
CZ0624099,Cerambyx cerdo,"99,""7166d""",2021-06-20
CZ0624099,Cottus gobio,7166a,2022-09-20
CZ0624099,Cottus gobio,7166c,2022-09-20
CZ0624099,Cucujus cinnaberinus,"07,""7166a""",2003-04-19
CZ0624099,Cucujus cinnaberinus,"07,""7166c""",2019-05-19
CZ0624099,Cucujus cinnaberinus,"56,""7166a""",2011-05-04
CZ0624099,Cucujus cinnaberinus,7166a,2023-11-11
CZ0624099,Cucujus cinnaberinus,7166c,2024-04-27
CZ0624099,Cucujus cinnaberinus,7166d,2023-11-08
CZ0624099,Cucujus cinnaberinus,7167c,2020-10-28
CZ0624099,Cucujus cinnaberinus,7267a,2022-04-23
CZ0624099,Emys orbicularis,7166d,2022-09-04
CZ0624099,Euphydryas maturna,NA,2004-05-20
CZ0624099,Euplagia quadripunctaria,7166c,2014-07-26
CZ0624099,Euplagia quadripunctaria,"75,""7267a""",2002-01-01
CZ0624099,Gymnocephalus schraetser,7166d,2005-05-12
CZ0624099,Gymnocephalus schraetser,7267a,2012-10-06
CZ0624099,Hipparchia semele,NA,1995-01-01
CZ0624099,Lemna trisulca,7166c,2021-06-25
CZ0624099,Lemna trisulca,7166d,2025-08-25
CZ0624099,Lemna trisulca,"73,""7166c""",2003-06-17
CZ0624099,Leuciscus aspius,"01,""7166d""",2004-01-01
CZ0624099,Leuciscus aspius,7267a,2023-08-16
CZ0624099,Leucorrhinia pectoralis,7166d,2021-05-15
CZ0624099,Limoniscus violaceus,7167c,2006-06-18
CZ0624099,Limoniscus violaceus,7267a,2015-01-01
CZ0624099,Lucanus cervus,"07,""7166c""",2019-07-09
CZ0624099,Lucanus cervus,"09,""7167c""",2001-06-23
CZ0624099,Lucanus cervus,7166a,2023-11-11
CZ0624099,Lucanus cervus,7166c,2023-08-10
CZ0624099,Lucanus cervus,7166d,2025-07-16
CZ0624099,Lucanus cervus,7167c,2020-04-15
CZ0624099,Lucanus cervus,7266b,2019-09-15
CZ0624099,Lucanus cervus,7267a,2024-04-06
CZ0624099,Lucanus cervus,"99,""7166d""",2021-06-20
CZ0624099,Lutra lutra,7166c,2016-10-21
CZ0624099,Lutra lutra,7166d,2026-01-15
CZ0624099,Lutra lutra,7167c,2006-10-19
CZ0624099,Lutra lutra,7266b,2006-10-20
CZ0624099,Lutra lutra,7267a,2026-03-02
CZ0624099,Lutra lutra,"96,""7166a""",2007-01-01
CZ0624099,Lutra lutra,"96,""7166b""",2007-01-01
CZ0624099,Lutra lutra,"96,""7166c""",2007-01-01
CZ0624099,Lutra lutra,"96,""7166d""",2007-01-01
CZ0624099,Lycaena dispar,"56,""7166d""",2001-06-01
CZ0624099,Lycaena dispar,"64,""7166c""",2007-05-01
CZ0624099,Lycaena dispar,7166c,2022-06-06
CZ0624099,Lycaena dispar,7166d,2024-08-19
CZ0624099,Lycaena dispar,7167c,2025-09-03
CZ0624099,Lycaena dispar,7267a,2025-08-13
CZ0624099,Lycaena dispar,"96,""7166a""",2005-05-25
CZ0624099,Lycaena dispar,"96,""7166b""",2005-05-25
CZ0624099,Lycaena dispar,"96,""7166c""",2005-05-25
CZ0624099,Lycaena dispar,"96,""7166d""",2005-05-25
CZ0624099,Misgurnus fossilis,"07,""7166a""",2002-01-01
CZ0624099,Misgurnus fossilis,7166a,2023-08-24
CZ0624099,Misgurnus fossilis,7166c,2013-10-21
CZ0624099,Misgurnus fossilis,7166d,2023-10-18
CZ0624099,Misgurnus fossilis,7167c,2022-09-23
CZ0624099,Misgurnus fossilis,7267a,2023-08-24
CZ0624099,Myotis alcathoe/emarginatus,7166d,2015-07-21
CZ0624099,Myotis bechsteinii,"48,""7166d""",2001-01-01
CZ0624099,Myotis bechsteinii,7166a,2015-06-16
CZ0624099,Myotis bechsteinii,7166d,2015-07-21
CZ0624099,Myotis bechsteinii,7267a,2015-06-13
CZ0624099,Myotis bechsteinii,"95,""7267a""",2001-01-01
CZ0624099,Myotis bechsteinii,"96,""7166a""",2011-06-21
CZ0624099,Myotis bechsteinii,"96,""7166b""",2011-06-21
CZ0624099,Myotis bechsteinii,"96,""7166c""",2011-06-21
CZ0624099,Myotis bechsteinii,"96,""7166d""",2011-06-21
CZ0624099,Myotis blythii,"96,""7166a""",2012-06-21
CZ0624099,Myotis blythii,"96,""7166b""",2012-06-21
CZ0624099,Myotis blythii,"96,""7166c""",2012-06-21
CZ0624099,Myotis blythii,"96,""7166d""",2012-06-21
CZ0624099,Myotis emarginatus,"04,""7166a""",2002-10-16
CZ0624099,Myotis emarginatus,7166a,2013-05-01
CZ0624099,Myotis emarginatus,"96,""7166a""",2011-06-21
CZ0624099,Myotis emarginatus,"96,""7166b""",2011-06-21
CZ0624099,Myotis emarginatus,"96,""7166c""",2011-06-21
CZ0624099,Myotis emarginatus,"96,""7166d""",2011-06-21
CZ0624099,Myotis myotis,7166a,2015-06-15
CZ0624099,Myotis myotis,7267a,2015-06-13
CZ0624099,Myotis myotis,"96,""7166a""",2012-06-21
CZ0624099,Myotis myotis,"96,""7166b""",2012-06-21
CZ0624099,Myotis myotis,"96,""7166c""",2012-06-21
CZ0624099,Myotis myotis,"96,""7166d""",2012-06-21
CZ0624099,Myotis sp.,7166d,2015-07-20
CZ0624099,Ophiogomphus cecilia,"56,""7166a""",2014-06-27
CZ0624099,Ophiogomphus cecilia,7166a,2020-07-07
CZ0624099,Ophiogomphus cecilia,7166c,2023-07-08
CZ0624099,Ophiogomphus cecilia,7166d,2020-07-07
CZ0624099,Osmoderma barnabita,"07,""7166c""",2019-05-01
CZ0624099,Osmoderma barnabita,"26,""7167c""",2001-08-01
CZ0624099,Osmoderma barnabita,7166a,2013-04-27
CZ0624099,Osmoderma barnabita,7166c,2013-04-27
CZ0624099,Osmoderma barnabita,7166d,2022-04-11
CZ0624099,Osmoderma barnabita,7167c,2022-04-11
CZ0624099,Osmoderma barnabita,7267a,2022-04-11
CZ0624099,Pelecus cultratus,7166d,2006-08-01
CZ0624099,Rhinolophus hipposideros,7166a,2013-05-01
CZ0624099,Rhinolophus hipposideros,7166c,2006-07-13
CZ0624099,Rhinolophus hipposideros,7166d,2025-01-16
CZ0624099,Rhinolophus hipposideros,"96,""7166a""",2012-06-21
CZ0624099,Rhinolophus hipposideros,"96,""7166b""",2012-06-21
CZ0624099,Rhinolophus hipposideros,"96,""7166c""",2012-06-21
CZ0624099,Rhinolophus hipposideros,"96,""7166d""",2012-06-21
CZ0624099,Rhodeus amarus,7166a,2021-09-22
CZ0624099,Rhodeus amarus,7166c,2013-10-21
CZ0624099,Rhodeus amarus,7166d,2023-10-18
CZ0624099,Rhodeus amarus,7167c,2023-08-23
CZ0624099,Rhodeus amarus,7266b,2016-06-01
CZ0624099,Rhodeus amarus,7267a,2023-08-24
CZ0624099,Romanogobio vladykovi,7166d,2014-05-15
CZ0624099,Romanogobio vladykovi,7167c,2015-09-15
CZ0624099,Romanogobio vladykovi,7267a,2015-08-27
CZ0624099,Rosalia alpina,7167c,2025-06-25
CZ0624099,Rosalia alpina,7267a,2022-04-23
CZ0624099,Rumex sp.,7166c,2004-06-13
CZ0624099,Rumex sp.,7166d,2003-01-01
CZ0624099,Rumex sp.,7267a,2024-03-01
CZ0624099,Sanguisorba officinalis,"07,""7166d""",2005-10-06
CZ0624099,Sanguisorba officinalis,"55,""7166d""",2011-09-10
CZ0624099,Sanguisorba officinalis,7166a,2025-04-28
CZ0624099,Sanguisorba officinalis,7166c,2025-08-02
CZ0624099,Sanguisorba officinalis,7166d,2025-08-26
CZ0624099,Sanguisorba officinalis,7167c,2025-08-13
CZ0624099,Sanguisorba officinalis,7267a,2025-08-13
CZ0624099,Sanguisorba officinalis,"8,""7166d""",2014-07-18
CZ0624099,Sanguisorba officinalis,"85,""7267a""",2003-09-09
CZ0624099,Sanguisorba officinalis,"89,""7166d""",2011-09-10
CZ0624099,Scardinius erythrophthalmus,"01,""7166d""",2004-01-01
CZ0624099,Scardinius erythrophthalmus,7166d,2022-05-22
CZ0624099,Scardinius erythrophthalmus,7167c,2019-10-30
CZ0624099,Scardinius erythrophthalmus,7267a,2022-04-23
CZ0624099,Succisa pratensis,7267a,2025-09-22
CZ0624099,Triturus dobrogicus,"4,""7167c""",2018-06-29
CZ0624099,Triturus dobrogicus,7166c,2022-04-24
CZ0624099,Triturus dobrogicus,7166d,2018-04-07
CZ0624099,Triturus dobrogicus,7267a,2025-04-25
CZ0624099,Zingel streber,7166d,2005-05-12
CZ0624100,Barbastella barbastellus,7166c,2015-06-03
CZ0624100,Barbastella barbastellus,"96,""7166a""",2011-12-21
CZ0624100,Barbastella barbastellus,"96,""7166b""",2011-12-21
CZ0624100,Barbastella barbastellus,"96,""7166c""",2011-12-21
CZ0624100,Barbastella barbastellus,"96,""7166d""",2011-12-21
CZ0624100,Bombina bombina,7166c,2018-04-10
CZ0624100,Bombina bombina,7266a,2025-04-12
CZ0624100,Castor fiber,"54,""7166a""",2002-01-01
CZ0624100,Castor fiber,"64,""7166c""",1988-01-01
CZ0624100,Castor fiber,7266a,2014-04-04
CZ0624100,Cerambyx cerdo,"14,""7166c""",2002-03-15
CZ0624100,Cerambyx cerdo,7165d,2015-06-19
CZ0624100,Cerambyx cerdo,7166c,2025-05-25
CZ0624100,Cerambyx cerdo,"74,""7166c""",2013-07-05
CZ0624100,Chamaecytisus sp.,7166c,2002-04-26
CZ0624100,Cucujus cinnaberinus,"14,""7166c""",2002-03-15
CZ0624100,Cucujus cinnaberinus,7166c,2019-10-24
CZ0624100,Cucujus cinnaberinus,7266a,2023-05-10
CZ0624100,Eriogaster catax,7166c,2025-05-02
CZ0624100,Eriogaster catax,7266a,2025-04-23
CZ0624100,Eriogaster catax,NA,2004-01-01
CZ0624100,Euplagia quadripunctaria,"39,""7166c""",2000-01-01
CZ0624100,Euplagia quadripunctaria,7166c,2025-08-20
CZ0624100,Euplagia quadripunctaria,7266a,2024-08-16
CZ0624100,Euplagia quadripunctaria,"94,""7166c""",2020-08-06
CZ0624100,Lemna trisulca,"73,""7166c""",2003-06-17
CZ0624100,Lucanus cervus,"14,""7166c""",2002-03-15
CZ0624100,Lucanus cervus,7165d,2015-07-01
CZ0624100,Lucanus cervus,7166a,2023-11-11
CZ0624100,Lucanus cervus,7166c,2025-07-29
CZ0624100,Lucanus cervus,7266a,2025-06-29
CZ0624100,Lucanus cervus,"74,""7166c""",2013-07-20
CZ0624100,Lucanus cervus,"76,""7166c""",2018-04-18
CZ0624100,Lucanus cervus,"77,""7166c""",2018-05-20
CZ0624100,Lucanus cervus,"8,""7166c""",2018-05-11
CZ0624100,Lucanus cervus,"91,""7166c""",2018-05-31
CZ0624100,Lucanus cervus,"97,""7166c""",2014-06-18
CZ0624100,Lutra lutra,7266a,2020-03-26
CZ0624100,Lutra lutra,"96,""7166a""",2007-01-01
CZ0624100,Lutra lutra,"96,""7166b""",2007-01-01
CZ0624100,Lutra lutra,"96,""7166c""",2007-01-01
CZ0624100,Lutra lutra,"96,""7166d""",2007-01-01
CZ0624100,Lycaena dispar,"28,""7165d""",2007-05-01
CZ0624100,Lycaena dispar,"64,""7166c""",2007-05-01
CZ0624100,Lycaena dispar,7166c,2020-09-05
CZ0624100,Lycaena dispar,"96,""7166a""",2005-05-25
CZ0624100,Lycaena dispar,"96,""7166b""",2005-05-25
CZ0624100,Lycaena dispar,"96,""7166c""",2005-05-25
CZ0624100,Lycaena dispar,"96,""7166d""",2005-05-25
CZ0624100,Myotis bechsteinii,"96,""7166a""",2011-06-21
CZ0624100,Myotis bechsteinii,"96,""7166b""",2011-06-21
CZ0624100,Myotis bechsteinii,"96,""7166c""",2011-06-21
CZ0624100,Myotis bechsteinii,"96,""7166d""",2011-06-21
CZ0624100,Myotis blythii,"96,""7166a""",2012-06-21
CZ0624100,Myotis blythii,"96,""7166b""",2012-06-21
CZ0624100,Myotis blythii,"96,""7166c""",2012-06-21
CZ0624100,Myotis blythii,"96,""7166d""",2012-06-21
CZ0624100,Myotis emarginatus,"96,""7166a""",2011-06-21
CZ0624100,Myotis emarginatus,"96,""7166b""",2011-06-21
CZ0624100,Myotis emarginatus,"96,""7166c""",2011-06-21
CZ0624100,Myotis emarginatus,"96,""7166d""",2011-06-21
CZ0624100,Myotis myotis,7165d,2001-01-01
CZ0624100,Myotis myotis,7166c,2015-05-11
CZ0624100,Myotis myotis,"96,""7166a""",2012-06-21
CZ0624100,Myotis myotis,"96,""7166b""",2012-06-21
CZ0624100,Myotis myotis,"96,""7166c""",2012-06-21
CZ0624100,Myotis myotis,"96,""7166d""",2012-06-21
CZ0624100,Osmoderma barnabita,7166c,2011-05-06
CZ0624100,Pulsatilla grandis,7266a,2024-03-15
CZ0624100,Rhinolophus hipposideros,"96,""7166a""",2012-06-21
CZ0624100,Rhinolophus hipposideros,"96,""7166b""",2012-06-21
CZ0624100,Rhinolophus hipposideros,"96,""7166c""",2012-06-21
CZ0624100,Rhinolophus hipposideros,"96,""7166d""",2012-06-21
CZ0624100,Spermophilus citellus,"28,""7165d""",2002-01-01
CZ0624101,Cerambyx cerdo,"45,""7067c""",2015-06-02
CZ0624101,Cerambyx cerdo,7067c,2021-09-26
CZ0624101,Cucujus cinnaberinus,7066b,2021-09-26
CZ0624101,Cucujus cinnaberinus,7067c,2021-09-26
CZ0624101,Cypripedium calceolus,"3,""7067a""",2002-06-01
CZ0624101,Cypripedium calceolus,7067a,2023-05-19
CZ0624101,Dracocephalum austriacum,7067c,2025-05-07
CZ0624101,Echium maculatum,7067a,2025-07-01
CZ0624101,Euplagia quadripunctaria,7067a,2006-08-19
CZ0624101,Euplagia quadripunctaria,7067c,2023-08-19
CZ0624101,Euplagia quadripunctaria,"99,""7067c""",2005-07-28
CZ0624101,Lucanus cervus,"45,""7067c""",2015-06-02
CZ0624101,Lucanus cervus,7066b,2023-11-09
CZ0624101,Lucanus cervus,7066d,2021-09-26
CZ0624101,Lucanus cervus,7067a,2021-09-26
CZ0624101,Lucanus cervus,7067c,2021-09-26
CZ0624101,Pulsatilla grandis,7067a,2025-03-25
CZ0624101,Pulsatilla grandis,7067c,2025-03-25
CZ0624102,Bombina bombina,7266a,2016-04-21
CZ0624102,Coenagrion ornatum,7266a,2014-06-27
CZ0624102,Cucujus cinnaberinus,7266a,2011-04-21
CZ0624102,Eriogaster catax,NA,2004-01-01
CZ0624102,Euplagia quadripunctaria,7266a,2024-07-27
CZ0624102,Lucanus cervus,7266a,2025-06-29
CZ0624102,Lycaena dispar,7266a,2022-08-12
CZ0624102,Myotis alcathoe/emarginatus,7266a,2015-07-20
CZ0624102,Scardinius erythrophthalmus,7266a,2015-11-17
CZ0624102,Vertigo angustior,7266a,2023-09-19
CZ0624103,Abramis brama,7065a,2016-07-19
CZ0624103,Abramis brama,7065c,2019-09-26
CZ0624103,Abramis brama,"72,""7065c""",2025-08-11
CZ0624103,Ballerus ballerus,7065a,2004-01-01
CZ0624103,Blicca bjoerkna,7065a,2004-10-18
CZ0624103,Blicca bjoerkna,7065c,2017-09-11
CZ0624103,Bombina bombina,7065a,2009-07-12
CZ0624103,Bombina bombina,7065c,2018-04-30
CZ0624103,Bombina bombina,7065d,2018-06-19
CZ0624103,Castor fiber,7065c,2000-01-01
CZ0624103,Castor fiber,7065d,2011-12-28
CZ0624103,Cerambyx cerdo,7065c,2025-05-10
CZ0624103,Cerambyx cerdo,7065d,2022-07-01
CZ0624103,Cerambyx cerdo,"82,""7065c""",2012-04-02
CZ0624103,Cucujus cinnaberinus,7065a,2025-03-20
CZ0624103,Cucujus cinnaberinus,7065c,2025-06-03
CZ0624103,Cucujus cinnaberinus,7065d,2023-04-08
CZ0624103,Cucujus cinnaberinus,"82,""7065c""",2012-04-02
CZ0624103,Emys orbicularis,7065c,2024-05-01
CZ0624103,Emys orbicularis,7065d,2024-06-09
CZ0624103,Lemna trisulca,7065d,2024-08-27
CZ0624103,Leuciscus aspius,7065a,2016-07-19
CZ0624103,Leuciscus aspius,7065c,2017-09-11
CZ0624103,Leuciscus aspius,"72,""7065c""",2025-08-11
CZ0624103,Lucanus cervus,7065c,2025-05-10
CZ0624103,Lucanus cervus,7065d,2023-06-12
CZ0624103,Lucanus cervus,"82,""7065c""",2012-04-02
CZ0624103,Lutra lutra,7065c,2010-12-09
CZ0624103,Lutra lutra,7065d,2010-12-09
CZ0624103,Lycaena dispar,7065c,2018-05-20
CZ0624103,Misgurnus fossilis,7065a,2004-01-01
CZ0624103,Ophiogomphus cecilia,7065a,2019-08-25
CZ0624103,Ophiogomphus cecilia,7065c,2019-09-06
CZ0624103,Rhodeus amarus,7065a,2019-09-26
CZ0624103,Rhodeus amarus,7065c,2021-09-22
CZ0624103,Rhodeus amarus,"72,""7065c""",2025-08-11
CZ0624103,Romanogobio vladykovi,7065a,2023-10-05
CZ0624103,Romanogobio vladykovi,7065c,2023-10-05
CZ0624103,Romanogobio vladykovi,"72,""7065c""",2025-08-11
CZ0624103,Sabanejewia balcanica,7065c,2019-09-26
CZ0624103,Sabanejewia balcanica,"72,""7065c""",2025-08-11
CZ0624103,Salmo trutta,"72,""7065c""",2025-08-11
CZ0624103,Scardinius erythrophthalmus,7065a,2004-01-01
CZ0624103,Scardinius erythrophthalmus,7065c,2018-06-19
CZ0624103,Triturus dobrogicus,7065c,2018-06-19
CZ0624103,Triturus dobrogicus,7065d,2018-06-22
CZ0624103,Unio crassus,7065c,2009-10-04
CZ0624104,Barbastella barbastellus,7165b,2014-04-28
CZ0624104,Carabus hungaricus,7165b,2024-09-20
CZ0624104,Carabus hungaricus,"99,""7165b""",2000-08-01
CZ0624104,Cerambyx cerdo,7165b,2023-07-11
CZ0624104,Chazara briseis,NA,1995-01-01
CZ0624104,Cucujus cinnaberinus,7165b,2015-03-24
CZ0624104,Dianthus lumnitzeri,"01,""7165b""",2015-03-21
CZ0624104,Dianthus lumnitzeri,7165b,2025-05-20
CZ0624104,Eriogaster catax,7165b,2025-04-23
CZ0624104,Euplagia quadripunctaria,7165b,2025-08-01
CZ0624104,Iris arenaria,7165b,2023-05-04
CZ0624104,Lucanus cervus,7165b,2025-08-04
CZ0624104,Lycaena dispar,"28,""7165d""",2007-05-01
CZ0624104,Myotis bechsteinii,7165b,2012-05-23
CZ0624104,Myotis blythii,7165b,2000-01-01
CZ0624104,Myotis emarginatus,7165b,2006-08-14
CZ0624104,Myotis myotis,7165b,2015-09-08
CZ0624104,Pulsatilla grandis,"01,""7165b""",2015-03-21
CZ0624104,Pulsatilla grandis,7165b,2024-03-31
CZ0624104,Rhinolophus hipposideros,7165b,2006-08-14
CZ0624104,Rumex sp.,7165b,2004-04-20
CZ0624104,Spermophilus citellus,"28,""7165d""",2002-01-01
CZ0624104,Triturus dobrogicus,7165b,2018-04-17
CZ0624106,Barbastella barbastellus,7062d,2015-07-13
CZ0624106,Barbastella barbastellus,7162b,2015-08-13
CZ0624106,Bombina bombina,7062d,2008-04-22
CZ0624106,Bombina bombina,7162b,2025-04-21
CZ0624106,Cerambyx cerdo,7062d,2023-05-13
CZ0624106,Cerambyx cerdo,7162b,2023-05-13
CZ0624106,Echium maculatum,7162b,2005-01-01
CZ0624106,Eriogaster catax,NA,2006-10-09
CZ0624106,Euplagia quadripunctaria,7162b,2012-08-10
CZ0624106,Lucanus cervus,7062d,2023-05-13
CZ0624106,Lucanus cervus,7162b,2023-07-05
CZ0624106,Myotis bechsteinii,7162b,2015-08-13
CZ0624106,Myotis emarginatus,7162b,2014-08-13
CZ0624106,Myotis myotis,7062d,2015-07-13
CZ0624106,Myotis myotis,7162b,2015-07-23
CZ0624106,Rhinolophus hipposideros,7162b,2015-08-10
CZ0624108,Crambe tataria,7167a,2025-11-07
CZ0624108,Euplagia quadripunctaria,7167a,2008-08-01
CZ0624112,Crambe tataria,"01,""6866d""",2000-01-01
CZ0624112,Crambe tataria,6866d,2025-05-14
CZ0624112,Crambe tataria,"99,""6866d""",2008-09-01
CZ0624112,Lycaena dispar,6866d,2015-06-04
CZ0624112,Pulsatilla grandis,6866d,2004-01-01
CZ0624112,Spermophilus citellus,6866d,2000-01-01
CZ0624114,Cucujus cinnaberinus,7066b,2023-11-09
CZ0624114,Echium maculatum,7066b,2001-06-06
CZ0624114,Euplagia quadripunctaria,7066b,2021-08-21
CZ0624114,Lucanus cervus,7066b,2023-11-09
CZ0624114,Lycaena dispar,7066b,2017-06-01
CZ0624114,Pulsatilla grandis,7066b,2023-03-23
CZ0624115,Colias myrmidone,7066b,2003-05-23
CZ0624115,Cucujus cinnaberinus,7066a,2018-11-01
CZ0624115,Cypripedium calceolus,7066a,2024-05-02
CZ0624115,Echium maculatum,"03,""7066a""",2009-01-01
CZ0624115,Echium maculatum,7066b,2025-06-04
CZ0624115,Euplagia quadripunctaria,7066b,2024-08-04
CZ0624115,Lycaena dispar,"03,""7066a""",2009-06-15
CZ0624115,Lycaena dispar,7066b,2011-08-17
CZ0624115,Pulsatilla grandis,"01,""7066a""",2022-04-07
CZ0624115,Pulsatilla grandis,"03,""7066a""",2009-01-01
CZ0624115,Pulsatilla grandis,7066a,2025-03-31
CZ0624115,Pulsatilla grandis,7066b,2025-04-06
CZ0624116,Artemisia pancicii,7067d,2024-09-03
CZ0624116,Artemisia pancicii,"99,""7067d""",2008-01-01
CZ0624116,Carabus hungaricus,7067d,2002-03-20
CZ0624116,Crambe tataria,7067d,2025-04-23
CZ0624116,Crambe tataria,"99,""7067d""",2008-01-01
CZ0624116,Echium maculatum,7067d,2025-06-11
CZ0624116,Klasea lycopifolia,7067d,2024-05-06
CZ0624116,Klasea lycopifolia,"99,""7067d""",2008-01-01
CZ0624116,Lucanus cervus,7067d,2015-06-29
CZ0624116,Lycaena dispar,7067d,2021-06-02
CZ0624116,Pulsatilla grandis,7067d,2023-03-21
CZ0624116,Pulsatilla grandis,"99,""7067d""",2008-01-01
CZ0624118,Eriogaster catax,"56,""7162c""",2022-04-15
CZ0624118,Eriogaster catax,7162c,2025-04-22
CZ0624118,Eriogaster catax,NA,2007-04-13
CZ0624118,Pulsatilla grandis,"41,""7262a""",2008-03-16
CZ0624118,Pulsatilla grandis,"69,""7162c""",2012-01-01
CZ0624118,Pulsatilla grandis,7162c,2025-04-01
CZ0624118,Pulsatilla grandis,"92,""7262a""",2013-06-22
CZ0624119,Abramis brama,7168c,2004-10-21
CZ0624119,Abramis brama,7267a,2012-07-09
CZ0624119,Abramis brama,7267c,2025-07-07
CZ0624119,Abramis brama,7267d,2016-09-07
CZ0624119,Abramis brama,7268a,2004-10-22
CZ0624119,Abramis brama,7268c,2004-01-01
CZ0624119,Abramis brama,7367b,2020-09-22
CZ0624119,Abramis brama,7367d,2019-11-08
CZ0624119,Acipenser ruthenus,7267a,2018-11-03
CZ0624119,Acipenser ruthenus,7267c,2021-06-10
CZ0624119,Acipenser ruthenus,7268b,2019-09-09
CZ0624119,Ameiurus melas,7367d,2024-08-27
CZ0624119,Ameiurus nebulosus,7367d,2024-08-27
CZ0624119,Anisus vorticulus,7267c,2019-07-21
CZ0624119,Anisus vorticulus,7267d,2025-09-08
CZ0624119,Anisus vorticulus,7268a,2025-05-10
CZ0624119,Anisus vorticulus,7268c,2025-05-10
CZ0624119,Anisus vorticulus,7367b,2025-09-08
CZ0624119,Anisus vorticulus,7367d,2025-06-05
CZ0624119,Anodonta sp.,7367d,2018-10-04
CZ0624119,Ballerus ballerus,7267a,2011-10-26
CZ0624119,Ballerus ballerus,7267d,2004-08-27
CZ0624119,Ballerus ballerus,7367b,2011-09-07
CZ0624119,Ballerus ballerus,7367d,2012-08-28
CZ0624119,Ballerus sapa,7267a,2012-07-09
CZ0624119,Ballerus sapa,7367d,2019-11-08
CZ0624119,Barbastella barbastellus,7267c,1990-01-01
CZ0624119,Barbastella barbastellus,7367b,2015-06-24
CZ0624119,Barbastella barbastellus,"96,""7267a""",2011-06-21
CZ0624119,Barbastella barbastellus,"96,""7267b""",2011-06-21
CZ0624119,Barbastella barbastellus,"96,""7267c""",2011-06-21
CZ0624119,Barbastella barbastellus,"96,""7267d""",2011-06-21
CZ0624119,Barbastella barbastellus,"96,""7367a""",2011-06-21
CZ0624119,Barbastella barbastellus,"96,""7367b""",2011-06-21
CZ0624119,Barbastella barbastellus,"96,""7367c""",2011-06-21
CZ0624119,Barbastella barbastellus,"96,""7367d""",2011-06-21
CZ0624119,Blicca bjoerkna,7168c,2004-10-21
CZ0624119,Blicca bjoerkna,7168d,2002-07-25
CZ0624119,Blicca bjoerkna,7267a,2014-05-14
CZ0624119,Blicca bjoerkna,7267c,2025-09-30
CZ0624119,Blicca bjoerkna,7267d,2016-09-07
CZ0624119,Blicca bjoerkna,7268a,2013-10-27
CZ0624119,Blicca bjoerkna,7268c,2019-10-31
CZ0624119,Blicca bjoerkna,7367a,2019-08-28
CZ0624119,Blicca bjoerkna,7367b,2021-08-17
CZ0624119,Blicca bjoerkna,7367d,2019-11-08
CZ0624119,Bombina bombina,"18,""7268c""",2025-07-20
CZ0624119,Bombina bombina,"52,""7268c""",2002-05-15
CZ0624119,Bombina bombina,"63,""7267a""",2002-01-01
CZ0624119,Bombina bombina,7168c,2018-06-29
CZ0624119,Bombina bombina,7168d,2025-07-20
CZ0624119,Bombina bombina,7267c,2024-05-12
CZ0624119,Bombina bombina,7267d,2024-03-03
CZ0624119,Bombina bombina,7268a,2025-07-20
CZ0624119,Bombina bombina,7268c,2025-05-21
CZ0624119,Bombina bombina,7367b,2025-07-20
CZ0624119,Bombina bombina,7367d,2025-07-20
CZ0624119,Castor fiber,"01,""7267d""",2017-02-11
CZ0624119,Castor fiber,"01,""7268a""",2017-02-11
CZ0624119,Castor fiber,"01,""7367b""",2020-02-01
CZ0624119,Castor fiber,"01,""7367d""",2020-02-01
CZ0624119,Castor fiber,"06,""7367d""",2020-02-01
CZ0624119,Castor fiber,"07,""7268a""",1999-01-01
CZ0624119,Castor fiber,"15,""7268c""",2017-02-11
CZ0624119,Castor fiber,"17,""7367b""",2020-02-01
CZ0624119,Castor fiber,"19,""7268a""",2017-02-11
CZ0624119,Castor fiber,"19,""7367b""",2017-02-11
CZ0624119,Castor fiber,"25,""7267d""",2018-03-01
CZ0624119,Castor fiber,"26,""7267d""",2018-03-01
CZ0624119,Castor fiber,"29,""7367a""",2017-02-11
CZ0624119,Castor fiber,"32,""7267d""",2017-02-11
CZ0624119,Castor fiber,"34,""7268c""",2017-02-11
CZ0624119,Castor fiber,"35,""7267b""",1999-01-01
CZ0624119,Castor fiber,"37,""7367d""",2018-03-01
CZ0624119,Castor fiber,"4,""7367b""",2020-02-01
CZ0624119,Castor fiber,"42,""7268a""",2017-02-11
CZ0624119,Castor fiber,"43,""7367a""",2018-03-01
CZ0624119,Castor fiber,"43,""7367b""",2020-02-01
CZ0624119,Castor fiber,"44,""7268c""",2018-03-01
CZ0624119,Castor fiber,"48,""7367b""",2017-02-11
CZ0624119,Castor fiber,"52,""7268c""",1999-01-01
CZ0624119,Castor fiber,"52,""7367b""",2017-02-11
CZ0624119,Castor fiber,"54,""7367d""",2018-03-01
CZ0624119,Castor fiber,"55,""7367a""",2020-02-01
CZ0624119,Castor fiber,"57,""7367b""",2020-02-01
CZ0624119,Castor fiber,"61,""7267d""",2017-02-11
CZ0624119,Castor fiber,"63,""7267a""",2002-01-01
CZ0624119,Castor fiber,"63,""7367d""",2000-01-01
CZ0624119,Castor fiber,"64,""7367b""",2017-02-11
CZ0624119,Castor fiber,"7,""7367a""",2017-02-11
CZ0624119,Castor fiber,"7,""7367b""",2020-02-01
CZ0624119,Castor fiber,7168c,2017-02-11
CZ0624119,Castor fiber,7168d,2025-10-01
CZ0624119,Castor fiber,7267a,2011-01-01
CZ0624119,Castor fiber,7267c,2026-02-16
CZ0624119,Castor fiber,7267d,2026-03-15
CZ0624119,Castor fiber,7268a,2018-11-07
CZ0624119,Castor fiber,7268c,2025-11-25
CZ0624119,Castor fiber,7367a,2018-03-01
CZ0624119,Castor fiber,7367b,2026-01-03
CZ0624119,Castor fiber,7367d,2026-03-09
CZ0624119,Castor fiber,"97,""7268a""",2017-02-11
CZ0624119,Castor fiber,"98,""7267d""",2018-03-01
CZ0624119,Castor fiber,"98,""7268c""",2017-02-11
CZ0624119,Castor fiber,"99,""7267d""",2000-01-01
CZ0624119,Castor fiber,"99,""7268a""",2018-03-01
CZ0624119,Castor fiber,"99,""7367b""",2020-02-01
CZ0624119,Cerambyx cerdo,"01,""7267b""",2008-09-23
CZ0624119,Cerambyx cerdo,"69,""7267c""",2000-05-11
CZ0624119,Cerambyx cerdo,7168c,2023-09-07
CZ0624119,Cerambyx cerdo,7168d,2023-09-13
CZ0624119,Cerambyx cerdo,7267c,2025-07-29
CZ0624119,Cerambyx cerdo,7267d,2025-06-01
CZ0624119,Cerambyx cerdo,7268a,2023-10-14
CZ0624119,Cerambyx cerdo,7268b,2023-11-25
CZ0624119,Cerambyx cerdo,7268c,2023-10-17
CZ0624119,Cerambyx cerdo,7367a,2014-05-27
CZ0624119,Cerambyx cerdo,7367b,2023-06-25
CZ0624119,Cerambyx cerdo,7367d,2025-05-31
CZ0624119,Cerambyx cerdo,"94,""7267a""",2001-06-05
CZ0624119,Cobitis elongatoides,7267c,2014-06-13
CZ0624119,Cobitis elongatoides,7367b,2015-06-12
CZ0624119,Cobitis elongatoides,7367d,2019-10-31
CZ0624119,Cobitis sp.,"72,""7267c""",2000-01-01
CZ0624119,Cobitis sp.,7267c,2020-11-24
CZ0624119,Cobitis sp.,7268c,2011-06-30
CZ0624119,Cobitis sp.,7367b,2022-04-14
CZ0624119,Cobitis sp.,7367d,2023-09-07
CZ0624119,Cucujus cinnaberinus,7168d,2020-05-05
CZ0624119,Cucujus cinnaberinus,7267c,2024-05-11
CZ0624119,Cucujus cinnaberinus,7267d,2020-07-03
CZ0624119,Cucujus cinnaberinus,7268a,2023-03-10
CZ0624119,Cucujus cinnaberinus,7268c,2020-06-21
CZ0624119,Cucujus cinnaberinus,7367a,2020-07-03
CZ0624119,Cucujus cinnaberinus,7367b,2020-07-03
CZ0624119,Cucujus cinnaberinus,7367d,2020-07-03
CZ0624119,Emys orbicularis,7267c,2019-07-01
CZ0624119,Emys orbicularis,7268a,2015-08-20
CZ0624119,Emys orbicularis,7268c,2013-05-12
CZ0624119,Emys orbicularis,7367d,2018-07-14
CZ0624119,Eriogaster catax,7267d,2023-12-19
CZ0624119,Euphydryas maturna,7268a,2006-08-17
CZ0624119,Euphydryas maturna,"96,""7267c""",2004-05-20
CZ0624119,Euplagia quadripunctaria,"12,""7168d""",2024-07-26
CZ0624119,Euplagia quadripunctaria,"52,""7367b""",2005-08-11
CZ0624119,Euplagia quadripunctaria,7267c,2024-07-27
CZ0624119,Euplagia quadripunctaria,7267d,2005-07-30
CZ0624119,Euplagia quadripunctaria,7268a,2024-07-19
CZ0624119,Euplagia quadripunctaria,7367b,2021-08-18
CZ0624119,Euplagia quadripunctaria,7367d,2021-08-18
CZ0624119,Euplagia quadripunctaria,"83,""7168c""",2024-07-19
CZ0624119,Graphoderus bilineatus,7367b,2013-08-28
CZ0624119,Graphoderus bilineatus,7367d,2021-05-21
CZ0624119,Gymnocephalus baloni,"65,""7367b""",2001-01-01
CZ0624119,Gymnocephalus baloni,"72,""7267c""",2001-01-01
CZ0624119,Gymnocephalus baloni,7267c,2015-06-12
CZ0624119,Gymnocephalus baloni,7367a,2018-09-19
CZ0624119,Gymnocephalus baloni,7367b,2018-09-19
CZ0624119,Gymnocephalus baloni,7367d,2019-11-08
CZ0624119,Gymnocephalus baloni,"81,""7367b""",2001-01-01
CZ0624119,Gymnocephalus schraetser,"65,""7367b""",2001-01-01
CZ0624119,Gymnocephalus schraetser,"72,""7267c""",2001-01-01
CZ0624119,Gymnocephalus schraetser,7267a,2012-11-01
CZ0624119,Gymnocephalus schraetser,7367a,2018-09-19
CZ0624119,Gymnocephalus schraetser,7367b,2019-01-03
CZ0624119,Gymnocephalus schraetser,7367d,2012-08-28
CZ0624119,Lemna trisulca,7267c,2014-08-25
CZ0624119,Lemna trisulca,7267d,2025-07-14
CZ0624119,Lemna trisulca,7268a,2006-09-28
CZ0624119,Lemna trisulca,7268c,2025-05-10
CZ0624119,Lemna trisulca,7367b,2025-07-23
CZ0624119,Lemna trisulca,7367d,2017-06-17
CZ0624119,Lemna trisulca,"76,""7267d""",2019-04-01
CZ0624119,Lemna trisulca,"96,""7268c""",2025-07-23
CZ0624119,Leuciscus aspius,"4,""7268c""",1995-01-01
CZ0624119,Leuciscus aspius,7168c,2004-10-21
CZ0624119,Leuciscus aspius,7168d,2002-07-25
CZ0624119,Leuciscus aspius,"72,""7267c""",2000-01-01
CZ0624119,Leuciscus aspius,7267a,2012-07-09
CZ0624119,Leuciscus aspius,7267c,2025-09-30
CZ0624119,Leuciscus aspius,7268a,2012-10-05
CZ0624119,Leuciscus aspius,7268c,2019-10-31
CZ0624119,Leuciscus aspius,7367a,2014-06-13
CZ0624119,Leuciscus aspius,7367b,2023-09-08
CZ0624119,Leuciscus aspius,7367d,2023-07-03
CZ0624119,Limoniscus violaceus,7267c,2002-03-05
CZ0624119,Lucanus cervus,7168c,2015-01-01
CZ0624119,Lucanus cervus,7168d,2020-07-10
CZ0624119,Lucanus cervus,7267c,2025-06-26
CZ0624119,Lucanus cervus,7267d,2025-06-10
CZ0624119,Lucanus cervus,7268a,2023-05-21
CZ0624119,Lucanus cervus,7268b,2024-06-01
CZ0624119,Lucanus cervus,7268c,2025-06-17
CZ0624119,Lucanus cervus,7367a,2014-05-27
CZ0624119,Lucanus cervus,7367b,2025-05-21
CZ0624119,Lucanus cervus,7367d,2025-05-31
CZ0624119,Lutra lutra,"52,""7268c""",2004-07-01
CZ0624119,Lutra lutra,7168c,2016-10-21
CZ0624119,Lutra lutra,7168d,2025-10-01
CZ0624119,Lutra lutra,7267a,2006-10-20
CZ0624119,Lutra lutra,7267b,2025-11-12
CZ0624119,Lutra lutra,7267c,2026-03-08
CZ0624119,Lutra lutra,7267d,2026-03-15
CZ0624119,Lutra lutra,7268a,2025-11-25
CZ0624119,Lutra lutra,7268c,2026-01-04
CZ0624119,Lutra lutra,7367b,2026-03-09
CZ0624119,Lutra lutra,7367d,2026-02-26
CZ0624119,Lutra lutra,"96,""7267a""",2007-01-01
CZ0624119,Lutra lutra,"96,""7267b""",2007-01-01
CZ0624119,Lutra lutra,"96,""7267c""",2007-01-01
CZ0624119,Lutra lutra,"96,""7267d""",2007-01-01
CZ0624119,Lutra lutra,"96,""7367a""",2007-01-01
CZ0624119,Lutra lutra,"96,""7367b""",2007-01-01
CZ0624119,Lutra lutra,"96,""7367c""",2007-01-01
CZ0624119,Lutra lutra,"96,""7367d""",2007-01-01
CZ0624119,Lycaena dispar,"03,""7267c""",2005-08-30
CZ0624119,Lycaena dispar,"15,""7367d""",2005-08-30
CZ0624119,Lycaena dispar,"32,""7367b""",2005-08-30
CZ0624119,Lycaena dispar,"45,""7367d""",2001-05-01
CZ0624119,Lycaena dispar,"52,""7168d""",2024-07-26
CZ0624119,Lycaena dispar,"67,""7267d""",2023-08-11
CZ0624119,Lycaena dispar,7267c,2024-07-05
CZ0624119,Lycaena dispar,7267d,2024-09-02
CZ0624119,Lycaena dispar,7268a,2023-08-23
CZ0624119,Lycaena dispar,7268c,2025-05-03
CZ0624119,Lycaena dispar,7367b,2023-09-11
CZ0624119,Lycaena dispar,7367d,2021-09-06
CZ0624119,Lycaena dispar,"75,""7268a""",2024-07-19
CZ0624119,Lycaena dispar,"76,""7267d""",2005-08-30
CZ0624119,Lycaena dispar,"83,""7168c""",2024-08-15
CZ0624119,Lycaena dispar,"96,""7267a""",2008-05-31
CZ0624119,Lycaena dispar,"96,""7267b""",2008-05-31
CZ0624119,Lycaena dispar,"96,""7267c""",2008-05-31
CZ0624119,Lycaena dispar,"96,""7267d""",2008-05-31
CZ0624119,Lycaena dispar,"96,""7367a""",1995-01-01
CZ0624119,Lycaena dispar,"96,""7367b""",1995-01-01
CZ0624119,Lycaena dispar,"96,""7367c""",1995-01-01
CZ0624119,Lycaena dispar,"96,""7367d""",1995-01-01
CZ0624119,Lycaena dispar,"99,""7267d""",1995-01-01
CZ0624119,Misgurnus fossilis,"18,""7367d""",2000-01-01
CZ0624119,Misgurnus fossilis,7168d,2000-01-01
CZ0624119,Misgurnus fossilis,7267c,2023-06-05
CZ0624119,Misgurnus fossilis,7267d,2022-05-16
CZ0624119,Misgurnus fossilis,7268a,2020-05-23
CZ0624119,Misgurnus fossilis,7268c,2023-05-02
CZ0624119,Misgurnus fossilis,7367b,2023-09-08
CZ0624119,Misgurnus fossilis,7367d,2023-07-03
CZ0624119,Misgurnus fossilis,"89,""7367a""",2000-01-01
CZ0624119,Misgurnus fossilis,"92,""7367d""",2000-01-01
CZ0624119,Myotis alcathoe/emarginatus,7367b,2015-07-23
CZ0624119,Myotis bechsteinii,"52,""7367b""",1989-01-01
CZ0624119,Myotis bechsteinii,7367b,2015-07-23
CZ0624119,Myotis bechsteinii,"96,""7267a""",2011-06-21
CZ0624119,Myotis bechsteinii,"96,""7267b""",2011-06-21
CZ0624119,Myotis bechsteinii,"96,""7267c""",2011-06-21
CZ0624119,Myotis bechsteinii,"96,""7267d""",2011-06-21
CZ0624119,Myotis bechsteinii,"96,""7367a""",2011-06-21
CZ0624119,Myotis bechsteinii,"96,""7367b""",2011-06-21
CZ0624119,Myotis bechsteinii,"96,""7367c""",2011-06-21
CZ0624119,Myotis bechsteinii,"96,""7367d""",2011-06-21
CZ0624119,Myotis dasycneme,"52,""7367b""",2000-01-01
CZ0624119,Myotis dasycneme,"96,""7367a""",2011-06-21
CZ0624119,Myotis dasycneme,"96,""7367b""",2011-06-21
CZ0624119,Myotis dasycneme,"96,""7367c""",2011-06-21
CZ0624119,Myotis dasycneme,"96,""7367d""",2011-06-21
CZ0624119,Myotis emarginatus,7367b,2014-05-21
CZ0624119,Myotis emarginatus,"96,""7267a""",2011-06-21
CZ0624119,Myotis emarginatus,"96,""7267b""",2011-06-21
CZ0624119,Myotis emarginatus,"96,""7267c""",2011-06-21
CZ0624119,Myotis emarginatus,"96,""7267d""",2011-06-21
CZ0624119,Myotis emarginatus,"96,""7367a""",2011-06-21
CZ0624119,Myotis emarginatus,"96,""7367b""",2011-06-21
CZ0624119,Myotis emarginatus,"96,""7367c""",2011-06-21
CZ0624119,Myotis emarginatus,"96,""7367d""",2011-06-21
CZ0624119,Myotis myotis,7367b,2015-06-24
CZ0624119,Myotis myotis,"96,""7267a""",2012-06-21
CZ0624119,Myotis myotis,"96,""7267b""",2012-06-21
CZ0624119,Myotis myotis,"96,""7267c""",2012-06-21
CZ0624119,Myotis myotis,"96,""7267d""",2012-06-21
CZ0624119,Ophiogomphus cecilia,"41,""7367b""",2003-07-02
CZ0624119,Ophiogomphus cecilia,7267c,2019-08-15
CZ0624119,Ophiogomphus cecilia,7267d,2008-07-22
CZ0624119,Ophiogomphus cecilia,7268a,2020-06-30
CZ0624119,Ophiogomphus cecilia,7268b,2019-07-26
CZ0624119,Ophiogomphus cecilia,7268c,2020-06-30
CZ0624119,Ophiogomphus cecilia,7367b,2019-07-25
CZ0624119,Ophiogomphus cecilia,7367d,2019-08-15
CZ0624119,Osmoderma barnabita,"01,""7267b""",2008-09-23
CZ0624119,Osmoderma barnabita,7168c,2009-09-25
CZ0624119,Osmoderma barnabita,7168d,2023-08-24
CZ0624119,Osmoderma barnabita,7267a,2014-12-04
CZ0624119,Osmoderma barnabita,7267c,2022-04-11
CZ0624119,Osmoderma barnabita,7267d,2022-04-11
CZ0624119,Osmoderma barnabita,7268a,2022-04-10
CZ0624119,Osmoderma barnabita,7268c,2022-04-10
CZ0624119,Osmoderma barnabita,7367b,2022-04-11
CZ0624119,Osmoderma barnabita,7367d,2022-04-11
CZ0624119,Pelecus cultratus,"22,""7367d""",2001-01-01
CZ0624119,Pelecus cultratus,"72,""7267c""",2001-01-01
CZ0624119,Pelecus cultratus,7267a,2010-06-14
CZ0624119,Pelecus cultratus,7267c,2009-06-15
CZ0624119,Pelecus cultratus,7367d,2012-08-28
CZ0624119,Phengaris nausithous,7267c,2012-08-09
CZ0624119,Phengaris nausithous,"99,""7267d""",2007-08-09
CZ0624119,Phengaris teleius,"75,""7268a""",2024-07-19
CZ0624119,Rhinolophus hipposideros,7267d,2006-07-07
CZ0624119,Rhinolophus hipposideros,"96,""7267a""",2012-06-21
CZ0624119,Rhinolophus hipposideros,"96,""7267b""",2012-06-21
CZ0624119,Rhinolophus hipposideros,"96,""7267c""",2012-06-21
CZ0624119,Rhinolophus hipposideros,"96,""7267d""",2012-06-21
CZ0624119,Rhodeus amarus,"01,""7268a""",2000-01-01
CZ0624119,Rhodeus amarus,"14,""7367b""",2000-01-01
CZ0624119,Rhodeus amarus,"4,""7268c""",2002-01-01
CZ0624119,Rhodeus amarus,"53,""7267b""",2000-01-01
CZ0624119,Rhodeus amarus,"69,""7367b""",1999-01-01
CZ0624119,Rhodeus amarus,7168c,2004-10-21
CZ0624119,Rhodeus amarus,7168d,2002-07-25
CZ0624119,Rhodeus amarus,"72,""7267c""",2000-01-01
CZ0624119,Rhodeus amarus,7267a,2020-10-10
CZ0624119,Rhodeus amarus,7267c,2025-09-30
CZ0624119,Rhodeus amarus,7267d,2023-06-05
CZ0624119,Rhodeus amarus,7268a,2021-04-23
CZ0624119,Rhodeus amarus,7268b,2014-07-28
CZ0624119,Rhodeus amarus,7268c,2021-05-23
CZ0624119,Rhodeus amarus,7367a,2019-08-28
CZ0624119,Rhodeus amarus,7367b,2023-09-12
CZ0624119,Rhodeus amarus,7367d,2023-07-03
CZ0624119,Rhodeus amarus,"89,""7367a""",1999-01-01
CZ0624119,Rhodeus amarus,"92,""7367d""",2000-01-01
CZ0624119,Rhysodes sulcatus,7168d,2015-01-01
CZ0624119,Rhysodes sulcatus,7267d,2015-01-01
CZ0624119,Rhysodes sulcatus,7268a,2020-06-22
CZ0624119,Rhysodes sulcatus,"9,""7168d""",2020-06-22
CZ0624119,Romanogobio vladykovi,"37,""7367b""",2000-01-01
CZ0624119,Romanogobio vladykovi,"65,""7367b""",2000-01-01
CZ0624119,Romanogobio vladykovi,7168c,2004-10-21
CZ0624119,Romanogobio vladykovi,"72,""7267c""",2000-01-01
CZ0624119,Romanogobio vladykovi,7267a,2011-10-26
CZ0624119,Romanogobio vladykovi,7267c,2025-09-30
CZ0624119,Romanogobio vladykovi,7267d,2023-06-05
CZ0624119,Romanogobio vladykovi,7268a,2020-05-12
CZ0624119,Romanogobio vladykovi,7268c,2020-05-12
CZ0624119,Romanogobio vladykovi,7367b,2023-06-05
CZ0624119,Romanogobio vladykovi,7367d,2022-09-07
CZ0624119,Rosalia alpina,7168d,2023-11-25
CZ0624119,Rosalia alpina,7267c,2025-07-29
CZ0624119,Rosalia alpina,7267d,2021-07-21
CZ0624119,Rosalia alpina,7268a,2023-10-14
CZ0624119,Rosalia alpina,7268b,2022-06-26
CZ0624119,Rosalia alpina,7268c,2025-06-10
CZ0624119,Rosalia alpina,7367a,2020-07-03
CZ0624119,Rosalia alpina,7367b,2024-06-22
CZ0624119,Rosalia alpina,7367d,2025-05-31
CZ0624119,Rosalia alpina,"79,""7268b""",2001-07-01
CZ0624119,Rumex sp.,7367b,2001-08-02
CZ0624119,Rutilus virgo,7267a,2016-01-31
CZ0624119,Salmo trutta,7267c,2019-01-01
CZ0624119,Sanguisorba officinalis,"01,""7267c""",2025-05-26
CZ0624119,Sanguisorba officinalis,"11,""7168c""",2024-05-13
CZ0624119,Sanguisorba officinalis,"13,""7268c""",2025-05-10
CZ0624119,Sanguisorba officinalis,"28,""7267d""",2010-08-29
CZ0624119,Sanguisorba officinalis,"39,""7168c""",2010-08-13
CZ0624119,Sanguisorba officinalis,"4,""7268c""",2025-05-10
CZ0624119,Sanguisorba officinalis,"5,""7168c""",2024-05-13
CZ0624119,Sanguisorba officinalis,"5,""7267d""",2025-05-01
CZ0624119,Sanguisorba officinalis,"54,""7268c""",2025-05-10
CZ0624119,Sanguisorba officinalis,"62,""7268c""",2010-08-29
CZ0624119,Sanguisorba officinalis,"66,""7267d""",2012-09-05
CZ0624119,Sanguisorba officinalis,"67,""7267c""",2012-09-06
CZ0624119,Sanguisorba officinalis,"68,""7267d""",2025-05-10
CZ0624119,Sanguisorba officinalis,"71,""7268c""",2025-05-10
CZ0624119,Sanguisorba officinalis,7168c,2010-08-13
CZ0624119,Sanguisorba officinalis,7168d,2024-10-17
CZ0624119,Sanguisorba officinalis,7267c,2025-05-26
CZ0624119,Sanguisorba officinalis,7267d,2025-08-14
CZ0624119,Sanguisorba officinalis,7268a,2025-09-29
CZ0624119,Sanguisorba officinalis,7268c,2019-06-04
CZ0624119,Sanguisorba officinalis,"73,""7267c""",2004-09-12
CZ0624119,Sanguisorba officinalis,7367b,2025-07-23
CZ0624119,Sanguisorba officinalis,7367d,2012-08-27
CZ0624119,Sanguisorba officinalis,"76,""7267d""",2019-04-01
CZ0624119,Sanguisorba officinalis,"76,""7268a""",2024-05-13
CZ0624119,Sanguisorba officinalis,"77,""7268c""",2025-05-10
CZ0624119,Sanguisorba officinalis,"86,""7168c""",2010-08-13
CZ0624119,Sanguisorba officinalis,"88,""7268c""",2010-08-29
CZ0624119,Sanguisorba officinalis,"89,""7268a""",2010-08-13
CZ0624119,Sanguisorba officinalis,"96,""7268c""",2025-07-23
CZ0624119,Sanguisorba officinalis,"99,""7267d""",2010-08-29
CZ0624119,Scardinius erythrophthalmus,7267a,2010-08-04
CZ0624119,Scardinius erythrophthalmus,7267c,2025-08-12
CZ0624119,Scardinius erythrophthalmus,7267d,2021-04-23
CZ0624119,Scardinius erythrophthalmus,7268a,2021-04-25
CZ0624119,Scardinius erythrophthalmus,7268c,2004-01-01
CZ0624119,Scardinius erythrophthalmus,7367a,2019-08-28
CZ0624119,Scardinius erythrophthalmus,7367b,2021-05-22
CZ0624119,Scardinius erythrophthalmus,7367d,2024-06-22
CZ0624119,Spermophilus citellus,"01,""7367b""",2001-08-15
CZ0624119,Spermophilus citellus,"99,""7267d""",2002-01-01
CZ0624119,Triturus dobrogicus,"18,""7268c""",2025-07-20
CZ0624119,Triturus dobrogicus,7168c,2018-06-29
CZ0624119,Triturus dobrogicus,7168d,2025-07-20
CZ0624119,Triturus dobrogicus,7267c,2024-05-12
CZ0624119,Triturus dobrogicus,7267d,2023-04-17
CZ0624119,Triturus dobrogicus,7268a,2025-07-20
CZ0624119,Triturus dobrogicus,7268c,2024-07-11
CZ0624119,Triturus dobrogicus,7367b,2025-07-20
CZ0624119,Triturus dobrogicus,7367d,2025-07-20
CZ0624119,Unio crassus,7267a,2023-11-25
CZ0624119,Unio crassus,7267c,2023-11-25
CZ0624119,Unio crassus,7268a,2012-09-26
CZ0624119,Unio crassus,7367b,2025-11-22
CZ0624119,Unio crassus,7367d,2023-10-07
CZ0624119,Zingel streber,7267a,2011-08-14
CZ0624119,Zingel streber,7267c,2009-08-24
CZ0624119,Zingel streber,7367b,2011-08-27
CZ0624119,Zingel streber,7367d,2019-10-31
CZ0624119,Zingel zingel,"65,""7367b""",2001-01-01
CZ0624119,Zingel zingel,"72,""7267c""",2001-01-01
CZ0624119,Zingel zingel,7267a,2020-11-15
CZ0624119,Zingel zingel,7267c,2014-05-14
CZ0624119,Zingel zingel,7367a,2018-09-19
CZ0624119,Zingel zingel,7367b,2020-09-22
CZ0624119,Zingel zingel,7367d,2012-08-28
CZ0624128,Cerambyx cerdo,"43,""6963b""",2004-01-01
CZ0624128,Cerambyx cerdo,6963b,2025-04-22
CZ0624128,Cerambyx cerdo,6963d,2024-08-27
CZ0624128,Cerambyx cerdo,6964a,2016-02-02
CZ0624128,Cerambyx cerdo,"77,""6963b""",2012-06-22
CZ0624128,Cucujus cinnaberinus,6964a,2015-05-11
CZ0624128,Dianthus moravicus,6963b,2022-05-28
CZ0624128,Dianthus moravicus,6963d,2022-06-09
CZ0624128,Euplagia quadripunctaria,6963b,2023-08-16
CZ0624128,Euplagia quadripunctaria,6964a,2016-07-29
CZ0624128,Lucanus cervus,"43,""6963b""",2004-01-01
CZ0624128,Lucanus cervus,6963b,2025-06-25
CZ0624128,Lucanus cervus,6963d,2021-07-05
CZ0624128,Lucanus cervus,6964a,2015-05-11
CZ0624128,Lucanus cervus,"77,""6963b""",2012-06-22
CZ0624128,Lutra lutra,6963b,2006-10-22
CZ0624128,Myotis myotis,"43,""6963b""",2005-04-14
CZ0624128,Pulsatilla grandis,"41,""6963b""",2011-05-04
CZ0624128,Pulsatilla grandis,"46,""6964a""",2022-05-29
CZ0624128,Pulsatilla grandis,"6,""6963b""",2009-04-01
CZ0624128,Pulsatilla grandis,6963b,2024-04-16
CZ0624128,Pulsatilla grandis,6963d,2024-04-16
CZ0624128,Pulsatilla grandis,6964a,2024-04-04
CZ0624128,Pulsatilla grandis,"91,""6964a""",2003-06-01
CZ0624128,Rhinolophus hipposideros,"43,""6963b""",2014-05-21
CZ0624128,Spermophilus citellus,"43,""6963b""",2005-04-14
CZ0624128,Unio crassus,6963b,2000-06-07
CZ0624129,Anodonta sp.,6666d,2021-04-26
CZ0624129,Bombina bombina,6666c,2013-08-02
CZ0624129,Cucujus cinnaberinus,6666c,2026-02-20
CZ0624129,Lutra lutra,6666c,2024-11-15
CZ0624129,Lycaena dispar,6666c,2025-08-06
CZ0624129,Phengaris nausithous,6666c,2025-08-06
CZ0624129,Sanguisorba officinalis,6666c,2025-07-22
CZ0624129,Triturus cristatus,6666c,2025-03-19
CZ0624129,Triturus cristatus,6666d,2021-05-27
CZ0624129,Triturus cristatus,"89,""6666c""",2022-04-27
CZ0624129,Vertigo angustior,6666c,2014-09-23
CZ0624130,Abramis brama,6666c,2022-03-23
CZ0624130,Anodonta sp.,6666c,2022-03-23
CZ0624130,Barbastella barbastellus,"53,""6666a""",2001-02-20
CZ0624130,Barbastella barbastellus,6566c,2026-03-03
CZ0624130,Barbastella barbastellus,6566d,2026-02-02
CZ0624130,Barbastella barbastellus,6666a,2026-02-06
CZ0624130,Barbastella barbastellus,6666b,2026-01-29
CZ0624130,Barbastella barbastellus,6666c,2026-01-30
CZ0624130,Barbastella barbastellus,6766a,2025-02-22
CZ0624130,Barbastella barbastellus,6766c,2026-01-23
CZ0624130,Barbastella barbastellus,6766d,2022-10-11
CZ0624130,Barbastella barbastellus,"96,""6666a""",2011-12-21
CZ0624130,Barbastella barbastellus,"96,""6666b""",2011-12-21
CZ0624130,Barbastella barbastellus,"96,""6666c""",2011-12-21
CZ0624130,Barbastella barbastellus,"96,""6666d""",2011-12-21
CZ0624130,Barbastella barbastellus,"96,""6766a""",2011-12-21
CZ0624130,Barbastella barbastellus,"96,""6766b""",2011-12-21
CZ0624130,Barbastella barbastellus,"96,""6766c""",2011-12-21
CZ0624130,Barbastella barbastellus,"96,""6766d""",2011-12-21
CZ0624130,Bombina bombina,6666b,2010-04-20
CZ0624130,Buxbaumia viridis,6566d,2025-12-11
CZ0624130,Buxbaumia viridis,6666a,2025-12-18
CZ0624130,Buxbaumia viridis,6666b,2025-12-11
CZ0624130,Buxbaumia viridis,6766a,2014-10-19
CZ0624130,Canis lupus,6666a,2025-11-07
CZ0624130,Castor fiber,6666a,2026-01-28
CZ0624130,Castor fiber,6666c,2024-05-05
CZ0624130,Castor fiber,6765d,2026-02-19
CZ0624130,Castor fiber,6766c,2026-02-19
CZ0624130,Cerambyx cerdo,6766c,1995-06-01
CZ0624130,Chamaecytisus sp.,6766c,2002-07-06
CZ0624130,Cottus gobio,"18,""6666c""",2001-01-01
CZ0624130,Cottus gobio,"21,""6666c""",2000-01-01
CZ0624130,Cottus gobio,6665d,2025-03-08
CZ0624130,Cottus gobio,6666a,2023-10-27
CZ0624130,Cottus gobio,6666b,2022-10-27
CZ0624130,Cottus gobio,6666c,2025-03-08
CZ0624130,Cottus gobio,6766a,2022-10-27
CZ0624130,Cottus gobio,6766c,2023-10-27
CZ0624130,Cottus gobio,6766d,2022-10-01
CZ0624130,Cucujus cinnaberinus,6566d,2022-10-17
CZ0624130,Cucujus cinnaberinus,6666b,2022-10-17
CZ0624130,Cucujus cinnaberinus,6766c,2021-10-30
CZ0624130,Cypripedium calceolus,6666a,2024-06-05
CZ0624130,Cypripedium calceolus,"99,""6666a""",2018-04-01
CZ0624130,Dicranum viride,6666a,2024-11-26
CZ0624130,Dicranum viride,6666c,2020-10-28
CZ0624130,Echium maculatum,6766c,2025-06-04
CZ0624130,Euplagia quadripunctaria,"13,""6766d""",2018-07-24
CZ0624130,Euplagia quadripunctaria,"18,""6666c""",2002-01-01
CZ0624130,Euplagia quadripunctaria,"23,""6666c""",2019-08-13
CZ0624130,Euplagia quadripunctaria,"25,""6766c""",2000-01-01
CZ0624130,Euplagia quadripunctaria,"27,""6766c""",1999-01-01
CZ0624130,Euplagia quadripunctaria,"4,""6766c""",2002-01-01
CZ0624130,Euplagia quadripunctaria,"62,""6666a""",2002-01-01
CZ0624130,Euplagia quadripunctaria,6566c,2018-08-11
CZ0624130,Euplagia quadripunctaria,6566d,2020-08-06
CZ0624130,Euplagia quadripunctaria,6665d,2025-08-26
CZ0624130,Euplagia quadripunctaria,6666a,2025-08-29
CZ0624130,Euplagia quadripunctaria,6666b,2021-08-21
CZ0624130,Euplagia quadripunctaria,6666c,2025-08-26
CZ0624130,Euplagia quadripunctaria,6765d,2022-08-19
CZ0624130,Euplagia quadripunctaria,6766a,2025-08-26
CZ0624130,Euplagia quadripunctaria,6766b,2025-08-19
CZ0624130,Euplagia quadripunctaria,6766c,2025-08-19
CZ0624130,Euplagia quadripunctaria,6766d,2020-08-12
CZ0624130,Euplagia quadripunctaria,"82,""6566d""",1999-01-01
CZ0624130,Euplagia quadripunctaria,"96,""6766a""",2002-08-06
CZ0624130,Euplagia quadripunctaria,"96,""6766b""",2002-08-06
CZ0624130,Euplagia quadripunctaria,"96,""6766c""",2002-08-06
CZ0624130,Euplagia quadripunctaria,"96,""6766d""",2002-08-06
CZ0624130,Lemna trisulca,6666c,2007-06-01
CZ0624130,Limoniscus violaceus,"18,""6666c""",2016-05-06
CZ0624130,Limoniscus violaceus,6666c,2023-11-18
CZ0624130,Limoniscus violaceus,6766a,2018-06-06
CZ0624130,Lucanus cervus,"18,""6666c""",2016-05-06
CZ0624130,Lucanus cervus,6666a,2021-06-23
CZ0624130,Lucanus cervus,6666c,2025-07-30
CZ0624130,Lucanus cervus,6765d,2017-06-15
CZ0624130,Lucanus cervus,6766a,2021-07-13
CZ0624130,Lucanus cervus,6766c,2019-09-12
CZ0624130,Lutra lutra,6566d,2025-08-29
CZ0624130,Lutra lutra,6666a,2025-04-04
CZ0624130,Lutra lutra,6666c,2024-04-18
CZ0624130,Lutra lutra,"96,""6666a""",2007-01-01
CZ0624130,Lutra lutra,"96,""6666b""",2007-01-01
CZ0624130,Lutra lutra,"96,""6666c""",2007-01-01
CZ0624130,Lutra lutra,"96,""6666d""",2007-01-01
CZ0624130,Lutra lutra,"96,""6766a""",2007-01-01
CZ0624130,Lutra lutra,"96,""6766b""",2007-01-01
CZ0624130,Lutra lutra,"96,""6766c""",2007-01-01
CZ0624130,Lutra lutra,"96,""6766d""",2007-01-01
CZ0624130,Lycaena dispar,"25,""6766c""",2000-01-01
CZ0624130,Lycaena dispar,"65,""6666a""",2002-06-05
CZ0624130,Lycaena dispar,6566c,2022-08-16
CZ0624130,Lycaena dispar,6566d,2022-06-21
CZ0624130,Lycaena dispar,6666a,2023-08-16
CZ0624130,Lycaena dispar,6666b,2025-08-11
CZ0624130,Lycaena dispar,6666c,2025-08-15
CZ0624130,Lycaena dispar,6766a,2023-08-17
CZ0624130,Lycaena dispar,6766c,2023-06-10
CZ0624130,Lycaena dispar,"77,""6766a""",1995-01-01
CZ0624130,Lycaena dispar,"96,""6666a""",1995-01-01
CZ0624130,Lycaena dispar,"96,""6666b""",1995-01-01
CZ0624130,Lycaena dispar,"96,""6666c""",1995-01-01
CZ0624130,Lycaena dispar,"96,""6666d""",1995-01-01
CZ0624130,Lycaena dispar,"96,""6766a""",2009-06-19
CZ0624130,Lycaena dispar,"96,""6766b""",2009-06-19
CZ0624130,Lycaena dispar,"96,""6766c""",2009-06-19
CZ0624130,Lycaena dispar,"96,""6766d""",2009-06-19
CZ0624130,Lynx lynx,6665d,2017-09-30
CZ0624130,Lynx lynx,6666a,2019-02-01
CZ0624130,Lynx lynx,6666c,2018-06-15
CZ0624130,Lynx lynx,6766a,2018-06-03
CZ0624130,Myotis alcathoe/emarginatus,"31,""6666c""",2019-09-05
CZ0624130,Myotis alcathoe/emarginatus,6566d,2018-06-23
CZ0624130,Myotis alcathoe/emarginatus,6666a,2018-06-16
CZ0624130,Myotis alcathoe/emarginatus,6766c,2024-08-08
CZ0624130,Myotis bechsteinii,"31,""6666c""",2019-07-18
CZ0624130,Myotis bechsteinii,"53,""6666a""",2001-02-20
CZ0624130,Myotis bechsteinii,6566c,2024-01-29
CZ0624130,Myotis bechsteinii,6566d,2025-01-30
CZ0624130,Myotis bechsteinii,6666a,2026-02-06
CZ0624130,Myotis bechsteinii,6666b,2025-01-30
CZ0624130,Myotis bechsteinii,6666c,2025-03-02
CZ0624130,Myotis bechsteinii,6766a,2025-02-22
CZ0624130,Myotis bechsteinii,6766c,2024-08-08
CZ0624130,Myotis bechsteinii,6766d,2025-02-21
CZ0624130,Myotis bechsteinii,"96,""6666a""",2011-12-21
CZ0624130,Myotis bechsteinii,"96,""6666b""",2011-12-21
CZ0624130,Myotis bechsteinii,"96,""6666c""",2011-12-21
CZ0624130,Myotis bechsteinii,"96,""6666d""",2011-12-21
CZ0624130,Myotis bechsteinii,"96,""6766a""",2011-12-21
CZ0624130,Myotis bechsteinii,"96,""6766b""",2011-12-21
CZ0624130,Myotis bechsteinii,"96,""6766c""",2011-12-21
CZ0624130,Myotis bechsteinii,"96,""6766d""",2011-12-21
CZ0624130,Myotis blythii,"96,""6666a""",2012-06-21
CZ0624130,Myotis blythii,"96,""6666b""",2012-06-21
CZ0624130,Myotis blythii,"96,""6666c""",2012-06-21
CZ0624130,Myotis blythii,"96,""6666d""",2012-06-21
CZ0624130,Myotis blythii,"96,""6766a""",2011-12-21
CZ0624130,Myotis blythii,"96,""6766b""",2011-12-21
CZ0624130,Myotis blythii,"96,""6766c""",2011-12-21
CZ0624130,Myotis blythii,"96,""6766d""",2011-12-21
CZ0624130,Myotis dasycneme,6566c,2025-02-07
CZ0624130,Myotis dasycneme,6566d,2020-01-31
CZ0624130,Myotis dasycneme,6666a,2026-02-06
CZ0624130,Myotis dasycneme,6666b,2025-01-24
CZ0624130,Myotis dasycneme,6666c,2025-02-23
CZ0624130,Myotis dasycneme,6766a,2025-02-22
CZ0624130,Myotis dasycneme,6766c,2025-12-20
CZ0624130,Myotis dasycneme,6766d,2025-02-21
CZ0624130,Myotis dasycneme,"96,""6766a""",2011-12-21
CZ0624130,Myotis dasycneme,"96,""6766b""",2011-12-21
CZ0624130,Myotis dasycneme,"96,""6766c""",2011-12-21
CZ0624130,Myotis dasycneme,"96,""6766d""",2011-12-21
CZ0624130,Myotis emarginatus,"53,""6666a""",2001-02-20
CZ0624130,Myotis emarginatus,6566c,2025-02-07
CZ0624130,Myotis emarginatus,6566d,2025-01-30
CZ0624130,Myotis emarginatus,6666a,2026-02-06
CZ0624130,Myotis emarginatus,6666b,2026-02-09
CZ0624130,Myotis emarginatus,6666c,2025-12-28
CZ0624130,Myotis emarginatus,6766a,2025-11-28
CZ0624130,Myotis emarginatus,6766c,2025-02-21
CZ0624130,Myotis emarginatus,6766d,2025-02-21
CZ0624130,Myotis emarginatus,"7,""6766a""",1950-01-01
CZ0624130,Myotis emarginatus,"96,""6666a""",2011-12-21
CZ0624130,Myotis emarginatus,"96,""6666b""",2011-12-21
CZ0624130,Myotis emarginatus,"96,""6666c""",2011-12-21
CZ0624130,Myotis emarginatus,"96,""6666d""",2011-12-21
CZ0624130,Myotis emarginatus,"96,""6766a""",2011-12-21
CZ0624130,Myotis emarginatus,"96,""6766b""",2011-12-21
CZ0624130,Myotis emarginatus,"96,""6766c""",2011-12-21
CZ0624130,Myotis emarginatus,"96,""6766d""",2011-12-21
CZ0624130,Myotis myotis,"18,""6666c""",1957-01-01
CZ0624130,Myotis myotis,"31,""6666c""",2019-09-05
CZ0624130,Myotis myotis,"53,""6666a""",2001-02-20
CZ0624130,Myotis myotis,6566c,2026-03-03
CZ0624130,Myotis myotis,6566d,2026-02-02
CZ0624130,Myotis myotis,6666a,2026-02-06
CZ0624130,Myotis myotis,6666b,2026-02-09
CZ0624130,Myotis myotis,6666c,2026-02-20
CZ0624130,Myotis myotis,6766a,2025-11-28
CZ0624130,Myotis myotis,6766c,2026-01-23
CZ0624130,Myotis myotis,6766d,2025-02-21
CZ0624130,Myotis myotis,"7,""6766a""",1957-01-01
CZ0624130,Myotis myotis,"96,""6666a""",2012-06-21
CZ0624130,Myotis myotis,"96,""6666b""",2012-06-21
CZ0624130,Myotis myotis,"96,""6666c""",2012-06-21
CZ0624130,Myotis myotis,"96,""6666d""",2012-06-21
CZ0624130,Myotis myotis,"96,""6766a""",2012-06-21
CZ0624130,Myotis myotis,"96,""6766b""",2012-06-21
CZ0624130,Myotis myotis,"96,""6766c""",2012-06-21
CZ0624130,Myotis myotis,"96,""6766d""",2012-06-21
CZ0624130,Myotis sp.,"53,""6666a""",2001-02-20
CZ0624130,Myotis sp.,6566c,2026-03-03
CZ0624130,Myotis sp.,6566d,2026-02-02
CZ0624130,Myotis sp.,6666a,2026-02-05
CZ0624130,Myotis sp.,6666b,2026-02-09
CZ0624130,Myotis sp.,6666c,2025-02-23
CZ0624130,Myotis sp.,6766a,2025-02-03
CZ0624130,Myotis sp.,6766c,2025-11-24
CZ0624130,Myotis sp.,6766d,2025-02-21
CZ0624130,Osmoderma barnabita,"18,""6666c""",2000-09-25
CZ0624130,Osmoderma barnabita,6666c,2024-04-07
CZ0624130,Phengaris nausithous,"11,""6666a""",2022-07-22
CZ0624130,Phengaris nausithous,"65,""6666a""",2004-08-04
CZ0624130,Phengaris nausithous,6566d,2025-08-11
CZ0624130,Phengaris nausithous,6666a,2025-08-11
CZ0624130,Phengaris nausithous,6666b,2025-08-11
CZ0624130,Phengaris nausithous,6666c,2025-07-25
CZ0624130,Phengaris nausithous,6766a,2025-07-22
CZ0624130,Phengaris nausithous,"85,""6666a""",2023-07-24
CZ0624130,Phengaris nausithous,"96,""6666a""",2008-08-07
CZ0624130,Phengaris nausithous,"96,""6666b""",2008-08-07
CZ0624130,Phengaris nausithous,"96,""6666c""",2008-08-07
CZ0624130,Phengaris nausithous,"96,""6666d""",2008-08-07
CZ0624130,Phengaris teleius,6666a,2020-07-31
CZ0624130,Pulsatilla grandis,"08,""6766c""",2001-06-01
CZ0624130,Pulsatilla grandis,"64,""6766d""",2001-06-01
CZ0624130,Pulsatilla grandis,6765d,2025-03-21
CZ0624130,Pulsatilla grandis,6766a,2025-03-26
CZ0624130,Pulsatilla grandis,6766c,2025-03-26
CZ0624130,Pulsatilla grandis,"96,""6766c""",2001-06-01
CZ0624130,Rhinolophus hipposideros,"31,""6666c""",2019-08-15
CZ0624130,Rhinolophus hipposideros,"53,""6666a""",2001-02-20
CZ0624130,Rhinolophus hipposideros,6566c,2026-03-03
CZ0624130,Rhinolophus hipposideros,6566d,2026-02-02
CZ0624130,Rhinolophus hipposideros,6666a,2026-02-06
CZ0624130,Rhinolophus hipposideros,6666b,2026-02-09
CZ0624130,Rhinolophus hipposideros,6666c,2026-02-20
CZ0624130,Rhinolophus hipposideros,6766a,2026-02-26
CZ0624130,Rhinolophus hipposideros,6766c,2025-12-20
CZ0624130,Rhinolophus hipposideros,6766d,2025-02-21
CZ0624130,Rhinolophus hipposideros,"96,""6666a""",2012-06-21
CZ0624130,Rhinolophus hipposideros,"96,""6666b""",2012-06-21
CZ0624130,Rhinolophus hipposideros,"96,""6666c""",2012-06-21
CZ0624130,Rhinolophus hipposideros,"96,""6666d""",2012-06-21
CZ0624130,Rhinolophus hipposideros,"96,""6766a""",2012-06-21
CZ0624130,Rhinolophus hipposideros,"96,""6766b""",2012-06-21
CZ0624130,Rhinolophus hipposideros,"96,""6766c""",2012-06-21
CZ0624130,Rhinolophus hipposideros,"96,""6766d""",2012-06-21
CZ0624130,Rumex sp.,6666a,2007-12-07
CZ0624130,Salmo trutta,"62,""6666d""",2004-01-01
CZ0624130,Salmo trutta,6566d,2021-09-15
CZ0624130,Salmo trutta,6665d,2021-11-15
CZ0624130,Salmo trutta,6666a,2022-07-26
CZ0624130,Salmo trutta,6666c,2021-11-15
CZ0624130,Salmo trutta,6766c,2022-10-08
CZ0624130,Salmo trutta,6766d,2022-10-08
CZ0624130,Sanguisorba officinalis,"64,""6666b""",2023-07-24
CZ0624130,Sanguisorba officinalis,6566c,2022-08-15
CZ0624130,Sanguisorba officinalis,6566d,2025-08-11
CZ0624130,Sanguisorba officinalis,6666a,2025-08-29
CZ0624130,Sanguisorba officinalis,6666b,2025-08-11
CZ0624130,Sanguisorba officinalis,6666c,2025-08-15
CZ0624130,Sanguisorba officinalis,6766a,2025-07-22
CZ0624130,Sanguisorba officinalis,6766c,2023-07-18
CZ0624130,Sanguisorba officinalis,"77,""6666a""",2013-07-11
CZ0624130,Sanguisorba officinalis,"83,""6666b""",2022-07-13
CZ0624130,Sanguisorba officinalis,"9,""6566d""",2010-07-25
CZ0624130,Sanguisorba officinalis,"95,""6666a""",2025-08-11
CZ0624130,Sanguisorba officinalis,"99,""6666a""",2018-04-01
CZ0624130,Scardinius erythrophthalmus,"39,""6766c""",2004-01-01
CZ0624130,Scardinius erythrophthalmus,6766c,2024-10-11
CZ0624130,Triturus cristatus,6666b,2024-09-18
CZ0624132,Barbastella barbastellus,6665d,2017-12-02
CZ0624132,Canis lupus,6765b,2022-01-08
CZ0624132,Castor fiber,6665d,2026-01-28
CZ0624132,Castor fiber,6766a,2025-11-26
CZ0624132,Euplagia quadripunctaria,6665d,2021-07-31
CZ0624132,Euplagia quadripunctaria,6765b,2020-08-23
CZ0624132,Limoniscus violaceus,6665d,2015-04-16
CZ0624132,Limoniscus violaceus,"81,""6765b""",2000-01-01
CZ0624132,Lutra lutra,6665d,2006-10-20
CZ0624132,Lutra lutra,6766a,2006-10-07
CZ0624132,Lycaena dispar,6765b,2022-08-19
CZ0624132,Lynx lynx,6665d,2018-06-16
CZ0624132,Lynx lynx,6765b,2021-01-21
CZ0624132,Lynx lynx,6766a,2018-06-14
CZ0624132,Ophiogomphus cecilia,6665d,2012-07-03
CZ0624132,Phengaris nausithous,6665d,2020-07-31
CZ0624132,Phengaris teleius,6665d,2020-07-31
CZ0624132,Rhinolophus hipposideros,6665d,2024-10-28
CZ0624132,Rumex sp.,6765b,2013-04-01
CZ0624234,Cerambyx cerdo,7165d,2025-07-21
CZ0624234,Cucujus cinnaberinus,7165d,2019-05-06
CZ0624234,Euplagia quadripunctaria,7165d,2025-08-02
CZ0624234,Iris arenaria,7165d,2024-04-29
CZ0624234,Lucanus cervus,7165d,2025-08-03
CZ0624234,Lycaena dispar,7165d,2007-05-21
CZ0624234,Pulsatilla grandis,7165d,2000-09-20
CZ0624234,Spermophilus citellus,7165d,2001-05-15
CZ0624235,Lycaena dispar,6664d,2018-06-10
CZ0624235,Pulsatilla grandis,6664d,2025-04-21
CZ0624236,Echium maculatum,6766c,2025-06-06
CZ0624236,Euplagia quadripunctaria,"4,""6766c""",2002-01-01
CZ0624236,Euplagia quadripunctaria,6766c,2024-07-30
CZ0624236,Lucanus cervus,6766c,2021-07-07
CZ0624236,Lycaena dispar,6766c,2015-08-18
CZ0624236,Pulsatilla grandis,6766c,2025-03-20
CZ0624236,Pulsatilla grandis,"98,""6766c""",2000-01-01
CZ0624238,Abramis brama,6965c,2025-08-11
CZ0624238,Blicca bjoerkna,6965c,2025-08-11
CZ0624238,Castor fiber,6965c,2024-06-02
CZ0624238,Cucujus cinnaberinus,6965c,2025-04-07
CZ0624238,Leuciscus aspius,6964b,2004-08-17
CZ0624238,Leuciscus aspius,6965c,2025-08-11
CZ0624238,Lutra lutra,6964b,2019-04-19
CZ0624238,Lutra lutra,6965c,2016-10-21
CZ0624238,Ophiogomphus cecilia,6964b,2017-07-31
CZ0624238,Ophiogomphus cecilia,6964d,2017-08-10
CZ0624238,Ophiogomphus cecilia,6965c,2019-08-25
CZ0624238,Rhodeus amarus,6964b,2016-07-19
CZ0624238,Rhodeus amarus,6964d,2016-07-19
CZ0624238,Rhodeus amarus,6965c,2025-08-11
CZ0624238,Romanogobio vladykovi,6964b,2023-10-05
CZ0624238,Romanogobio vladykovi,6964d,2015-08-24
CZ0624238,Romanogobio vladykovi,6965c,2025-08-11
CZ0624238,Sabanejewia balcanica,6965c,2025-08-11
CZ0624238,Salmo trutta,6964b,2014-08-08
CZ0624238,Unio crassus,6965c,2025-07-13
CZ0625020,Buxbaumia viridis,6563d,2023-12-14
CZ0625020,Dicranum viride,6563d,2023-12-14
CZ0710004,Euplagia quadripunctaria,6167b,2020-08-21
CZ0710004,Lucanus cervus,6167b,2020-08-05
CZ0710004,Lycaena dispar,6167b,2003-01-01
CZ0710004,Myotis bechsteinii,6167b,2021-07-17
CZ0710004,Sanguisorba officinalis,6167b,2022-03-29
CZ0710004,Succisa pratensis,6167b,2022-03-29
CZ0710006,Euplagia quadripunctaria,6571d,2022-08-04
CZ0710006,Lycaena dispar,6571d,2011-08-03
CZ0710006,Phengaris nausithous,6571d,2010-08-10
CZ0710006,Sanguisorba officinalis,6571d,2022-08-23
CZ0710007,Euplagia quadripunctaria,6571a,2021-08-11
CZ0710148,Cucujus cinnaberinus,6670b,2021-04-03
CZ0710148,Euplagia quadripunctaria,6570d,2021-08-11
CZ0710148,Euplagia quadripunctaria,6670b,2021-08-11
CZ0710148,Lutra lutra,6570d,2016-04-29
CZ0710161,Bombina bombina,"23,""6469d""",2006-01-01
CZ0710161,Cucujus cinnaberinus,6469d,2022-05-21
CZ0710161,Dicranum viride,"01,""6469d""",2024-04-06
CZ0710161,Dicranum viride,6469d,2024-04-06
CZ0710161,Dicranum viride,"7,""6469d""",2023-11-05
CZ0710161,Lemna trisulca,"01,""6469d""",2021-03-03
CZ0710161,Lemna trisulca,"23,""6469d""",2006-01-01
CZ0710161,Lemna trisulca,6469d,2021-03-03
CZ0710161,Lutra lutra,6469d,2011-01-03
CZ0710161,Lycaena dispar,"02,""6469d""",2011-01-01
CZ0710161,Lycaena dispar,"23,""6469d""",2003-09-01
CZ0710161,Lycaena dispar,6469d,2024-08-29
CZ0710161,Succisa pratensis,"23,""6469d""",2006-01-01
CZ0710161,Triturus cristatus,6469d,2024-04-06
CZ0710182,Bombina variegata,6473c,2008-07-26
CZ0710182,Castor fiber,6473c,2021-05-20
CZ0710182,Castor fiber,"94,""6473c""",2011-10-10
CZ0710182,Cucujus cinnaberinus,6473c,2018-04-22
CZ0710182,Leucorrhinia pectoralis,6473c,2021-06-17
CZ0710182,Lycaena dispar,6473c,2024-07-23
CZ0710182,Phengaris nausithous,6473c,2021-07-27
CZ0710182,Phengaris teleius,6473c,2010-08-17
CZ0710182,Sanguisorba officinalis,6473c,2017-07-06
CZ0710182,Succisa pratensis,6473c,2017-06-02
CZ0710182,Triturus cristatus,6473c,2018-05-01
CZ0710183,Barbastella barbastellus,5667b,2020-08-08
CZ0710183,Buxbaumia viridis,5667b,2015-09-24
CZ0710183,Buxbaumia viridis,5667d,2015-05-31
CZ0710183,Canis lupus,5667b,2023-02-04
CZ0710183,Canis lupus,5667d,2016-02-14
CZ0710183,Carabus variolosus,5667d,2012-11-08
CZ0710183,Lutra lutra,5667b,2016-11-18
CZ0710183,Lutra lutra,5667d,2011-10-14
CZ0710183,Myotis bechsteinii,5667b,2020-08-08
CZ0710183,Salmo trutta,"09,""5667b""",2004-01-01
CZ0710183,Salmo trutta,5667b,2024-11-25
CZ0710183,Salmo trutta,"59,""5668a""",2004-01-01
CZ0710505,Euplagia quadripunctaria,6567b,2020-08-06
CZ0710505,Pulsatilla grandis,6567b,2023-06-14
CZ0712186,Abramis brama,6569a,2020-09-20
CZ0712186,Angelica palustris,6569a,2024-04-24
CZ0712186,Blicca bjoerkna,6569a,2005-09-07
CZ0712186,Bombina bombina,6569a,2024-04-05
CZ0712186,Castor fiber,6569a,2023-01-26
CZ0712186,Cucujus cinnaberinus,6569a,2022-10-28
CZ0712186,Lemna trisulca,6569a,2017-09-18
CZ0712186,Lycaena dispar,6569a,2018-08-05
CZ0712186,Lycaena dispar,"99,""6569a""",2007-07-18
CZ0712186,Misgurnus fossilis,6569a,2020-09-20
CZ0712186,Myotis myotis,6569a,2014-08-28
CZ0712186,Phengaris nausithous,6569a,2017-07-16
CZ0712186,Rhodeus amarus,6569a,2000-01-01
CZ0712186,Scardinius erythrophthalmus,6569a,2020-09-20
CZ0712186,Triturus cristatus,6569a,2024-04-10
CZ0712187,Asplenium adulterinum,5867d,2022-04-10
CZ0712187,Sanguisorba officinalis,5867d,2021-04-30
CZ0712189,Barbastella barbastellus,5867d,2000-01-22
CZ0712189,Cypripedium calceolus,5867d,2023-06-13
CZ0712189,Myotis myotis,5867d,2001-01-27
CZ0712189,Rhinolophus hipposideros,5867d,2001-01-27
CZ0712191,Gentianella praecox subsp. bohemica,6566b,2023-09-25
CZ0712191,Gentianella praecox subsp. bohemica,NA,2002-01-01
CZ0712191,Succisa pratensis,6566b,2001-08-23
CZ0712192,Lycaena dispar,6469d,2004-01-01
CZ0712192,Pulsatilla grandis,6469d,2025-03-20
CZ0712193,Lycaena dispar,6469d,2017-09-10
CZ0712193,Pulsatilla grandis,6469d,2024-04-15
CZ0712197,Asplenium adulterinum,6067a,2024-10-16
CZ0712225,Pulsatilla grandis,6567b,2024-04-08
CZ0712226,Cypripedium calceolus,5967b,2023-06-08
CZ0713004,Cottus gobio,5968c,2017-09-29
CZ0713004,Eudontomyzon mariae,5968c,2023-10-01
CZ0713004,Lampetra planeri,5968c,2013-09-23
CZ0713004,Lutra lutra,5968c,2015-09-16
CZ0713004,Myotis myotis,5968c,2015-09-16
CZ0713004,Salmo trutta,5968c,2019-08-14
CZ0713008,Bombina bombina,6469c,2025-08-29
CZ0713008,Triturus cristatus,6469c,2025-08-29
CZ0713374,Abramis brama,"86,""6067c""",2004-01-01
CZ0713374,Castor fiber,6067d,2022-09-22
CZ0713374,Cottus gobio,"12,""6067c""",1999-01-01
CZ0713374,Cottus gobio,6067c,2025-09-03
CZ0713374,Cottus gobio,6067d,2025-09-03
CZ0713374,Cottus gobio,"86,""6067c""",2004-01-01
CZ0713374,Lampetra planeri,"12,""6067c""",2002-01-01
CZ0713374,Lampetra planeri,6067c,2025-09-03
CZ0713374,Lampetra planeri,6067d,2025-09-03
CZ0713374,Lampetra planeri,"86,""6067c""",2004-01-01
CZ0713374,Lutra lutra,6067c,2015-09-27
CZ0713374,Lutra lutra,6067d,2015-09-27
CZ0713374,Salmo trutta,"12,""6067c""",1999-01-01
CZ0713374,Salmo trutta,6067c,2025-09-03
CZ0713374,Salmo trutta,6067d,2025-09-03
CZ0713374,Salmo trutta,"86,""6067c""",2004-01-01
CZ0713375,Castor fiber,6472d,2025-12-07
CZ0713375,Castor fiber,6473c,2024-04-28
CZ0713375,Cucujus cinnaberinus,6473c,2024-12-20
CZ0713375,Lutra lutra,6473c,2016-10-24
CZ0713383,Triturus cristatus,6568a,2024-05-23
CZ0713385,Bombina bombina,"2,""5769b""",2021-04-27
CZ0713385,Bombina variegata,"2,""5769b""",2022-06-23
CZ0713385,Bombina variegata,5769b,2025-06-04
CZ0713385,Bombina variegata,"72,""5769b""",2024-06-07
CZ0713385,Leucorrhinia pectoralis,5769b,2022-06-03
CZ0713385,Lutra lutra,5769b,2016-04-13
CZ0713385,Myotis myotis,5769b,2015-10-09
CZ0713385,Salmo trutta,5769b,2015-10-23
CZ0713385,Triturus cristatus,5769b,2025-06-08
CZ0713388,Lycaena dispar,6567a,2020-08-20
CZ0713388,Phengaris nausithous,6567a,2022-08-22
CZ0713388,Sanguisorba officinalis,6567a,2021-07-29
CZ0713391,Anisus vorticulus,6471d,2025-08-02
CZ0713391,Lemna trisulca,6471d,2015-06-10
CZ0713394,Abramis brama,6470d,2020-09-16
CZ0713394,Bombina bombina,6470d,2026-05-07
CZ0713394,Rumex sp.,6470d,2020-05-17
CZ0713394,Scardinius erythrophthalmus,6470d,2020-09-16
CZ0713394,Triturus cristatus,6470d,2015-08-08
CZ0713395,Bombina variegata,5669a,2005-06-11
CZ0713395,Castor fiber,5669a,2024-04-12
CZ0713395,Lemna trisulca,5669a,2020-07-19
CZ0713395,Leucorrhinia pectoralis,5669a,2020-09-05
CZ0713395,Lycaena dispar,5669a,2020-07-04
CZ0713395,Phengaris nausithous,5669a,2020-08-13
CZ0713395,Phengaris teleius,5669a,2020-08-13
CZ0713395,Sanguisorba officinalis,5669a,2022-07-27
CZ0713395,Succisa pratensis,5669a,2022-07-27
CZ0713395,Triturus cristatus,5669a,2006-06-13
CZ0713395,Vertigo geyeri,5669a,2024-06-11
CZ0713397,Carabus variolosus,5770c,2013-08-03
CZ0713397,Lissotriton montandoni,"15,""5770c""",2024-06-03
CZ0713397,Lissotriton montandoni,5770a,2024-06-23
CZ0713397,Lissotriton montandoni,5770c,2025-08-24
CZ0713397,Lutra lutra,5770c,2015-04-21
CZ0713397,Lynx lynx,5770c,2007-02-01
CZ0713397,Salmo trutta,5770c,2025-08-24
CZ0713397,Scardinius erythrophthalmus,5770c,2025-08-24
CZ0713397,Triturus cristatus,5770a,2025-05-06
CZ0713398,Bombina bombina,5770a,2023-05-23
CZ0713398,Bombina variegata,5770a,2025-09-22
CZ0713398,Castor fiber,5770a,2025-09-19
CZ0713398,Lampetra planeri,5770a,2020-09-07
CZ0713398,Leucorrhinia pectoralis,5770a,2023-06-01
CZ0713398,Lissotriton montandoni,5770a,2024-04-11
CZ0713398,Lutra lutra,5770a,2015-08-23
CZ0713398,Lycaena dispar,5770a,2013-06-12
CZ0713398,Myotis emarginatus,5770a,2015-08-23
CZ0713398,Myotis myotis,5770a,2015-08-23
CZ0713398,Scardinius erythrophthalmus,5770a,2020-09-07
CZ0713398,Triturus cristatus,5770a,2025-06-04
CZ0713526,Barbastella barbastellus,6370b,2022-01-23
CZ0713526,Myotis bechsteinii,6370b,2022-01-23
CZ0713526,Myotis emarginatus,6370b,2022-01-23
CZ0713526,Myotis myotis,6370b,2022-01-23
CZ0713526,Rhinolophus hipposideros,6370b,2022-01-23
CZ0713720,Myotis myotis,6267d,2021-07-22
CZ0713722,Barbastella barbastellus,5868a,2025-02-03
CZ0713722,Myotis emarginatus,5868a,2025-07-29
CZ0713722,Rhinolophus hipposideros,5868a,2025-07-29
CZ0713723,Barbastella barbastellus,6468c,2017-01-25
CZ0713723,Myotis myotis,6468c,2021-01-19
CZ0713723,Myotis sp.,6468c,2019-02-15
CZ0713723,Rhinolophus hipposideros,6468c,2021-07-15
CZ0713723,Rhinolophus hipposideros,"99,""6468c""",2005-06-30
CZ0713724,Rhinolophus hipposideros,5668d,2011-07-20
CZ0713725,Myotis emarginatus,5668d,2011-07-20
CZ0713726,Myotis myotis,5967b,2006-06-24
CZ0713728,Myotis myotis,6368a,2005-07-01
CZ0713730,Barbastella barbastellus,"37,""5769b""",2025-08-22
CZ0713730,Barbastella barbastellus,"38,""5769b""",2001-01-23
CZ0713730,Barbastella barbastellus,5769a,2014-09-27
CZ0713730,Barbastella barbastellus,5769b,2016-08-27
CZ0713730,Bombina variegata,"4,""5769a""",2001-06-19
CZ0713730,Myotis bechsteinii,5769a,2004-08-02
CZ0713730,Myotis emarginatus,5769a,2014-09-27
CZ0713730,Myotis emarginatus,5769b,2025-01-25
CZ0713730,Myotis myotis,"38,""5769b""",2001-01-23
CZ0713730,Myotis myotis,5769a,2006-02-01
CZ0713730,Myotis myotis,5769b,2025-01-25
CZ0713730,Myotis sp.,5769b,2024-01-26
CZ0713730,Rhinolophus hipposideros,"37,""5769b""",2025-08-22
CZ0713730,Rhinolophus hipposideros,"38,""5769b""",2001-01-23
CZ0713730,Rhinolophus hipposideros,5769a,2014-09-27
CZ0713730,Rhinolophus hipposideros,5769b,2025-01-25
CZ0713730,Triturus cristatus,"4,""5769a""",2001-06-19
CZ0713730,Triturus cristatus,5769b,2008-09-05
CZ0713734,Myotis emarginatus,6168a,2011-07-08
CZ0713735,Rhinolophus hipposideros,5768d,2021-08-02
CZ0713736,Myotis myotis,6668a,2006-06-28
CZ0713739,Barbastella barbastellus,6067a,2004-12-31
CZ0713739,Myotis myotis,6067a,2021-07-26
CZ0713739,Rhinolophus hipposideros,6067a,2021-07-26
CZ0713740,Myotis myotis,5968c,2021-07-30
CZ0713740,Rhinolophus hipposideros,5968c,2021-07-30
CZ0713741,Barbastella barbastellus,6372c,2022-01-17
CZ0713741,Myotis bechsteinii,6372c,2021-01-18
CZ0713741,Myotis emarginatus,6372c,2022-01-17
CZ0713741,Myotis myotis,6372c,2022-01-17
CZ0713741,Myotis sp.,6372c,2024-11-16
CZ0713741,Rhinolophus hipposideros,6372c,2024-11-16
CZ0713742,Barbastella barbastellus,5770c,2024-01-13
CZ0713742,Myotis bechsteinii,5770c,2025-02-16
CZ0713742,Myotis emarginatus,5770c,2025-02-16
CZ0713742,Myotis myotis,5770c,2025-02-16
CZ0713742,Rhinolophus hipposideros,5770c,2025-02-16
CZ0713743,Barbastella barbastellus,5967c,2022-01-21
CZ0713743,Myotis emarginatus,5967c,2022-01-21
CZ0713743,Myotis myotis,5967c,2022-01-21
CZ0713743,Rhinolophus hipposideros,5967c,2022-01-21
CZ0713745,Barbastella barbastellus,5968c,2001-02-10
CZ0713745,Myotis emarginatus,5968c,2001-02-10
CZ0713746,Myotis myotis,6471c,2021-06-14
CZ0713747,Myotis emarginatus,6670b,2011-07-05
CZ0713827,Barbastella barbastellus,"6,""5669c""",2004-03-16
CZ0713827,Bombina variegata,5669a,2024-07-31
CZ0713827,Bombina variegata,5669c,2024-06-17
CZ0713827,Castor fiber,5669c,2023-12-16
CZ0713827,Cottus gobio,"7,""5669c""",2004-01-01
CZ0713827,Lampetra planeri,"7,""5669c""",2004-01-01
CZ0713827,Salmo trutta,"7,""5669c""",2004-01-01
CZ0713827,Triturus cristatus,5669a,2024-05-27
CZ0713827,Triturus cristatus,5669c,2024-06-17
CZ0714073,Abramis brama,"01,""6369c""",2004-01-01
CZ0714073,Abramis brama,"07,""6167b""",2018-07-11
CZ0714073,Abramis brama,"3,""6268c""",2004-01-01
CZ0714073,Abramis brama,"57,""6369a""",2003-01-01
CZ0714073,Abramis brama,"61,""6369a""",2004-01-01
CZ0714073,Abramis brama,6167a,2018-07-01
CZ0714073,Abramis brama,6267b,2012-06-08
CZ0714073,Abramis brama,6268c,2004-01-01
CZ0714073,Abramis brama,6369a,2018-09-23
CZ0714073,Abramis brama,6369c,2023-11-04
CZ0714073,Abramis brama,6369d,2004-01-01
CZ0714073,Ameiurus nebulosus,6369c,2004-01-01
CZ0714073,Ameiurus nebulosus,6369d,2016-04-21
CZ0714073,Angelica palustris,"95,""6369a""",2003-01-01
CZ0714073,Anisus vorticulus,6369c,2025-11-01
CZ0714073,Barbastella barbastellus,"08,""6268c""",2012-08-03
CZ0714073,Barbastella barbastellus,"2,""6268c""",2015-09-02
CZ0714073,Barbastella barbastellus,6267b,2015-07-01
CZ0714073,Barbastella barbastellus,6267d,2020-09-08
CZ0714073,Barbastella barbastellus,6268a,2020-09-22
CZ0714073,Barbastella barbastellus,6268c,2025-12-17
CZ0714073,Barbastella barbastellus,6369a,2022-06-02
CZ0714073,Barbastella barbastellus,6369c,2020-08-20
CZ0714073,Barbastella barbastellus,"71,""6268a""",2015-06-11
CZ0714073,Barbastella barbastellus,"96,""6267a""",2011-06-21
CZ0714073,Barbastella barbastellus,"96,""6267b""",2011-06-21
CZ0714073,Barbastella barbastellus,"96,""6267c""",2011-06-21
CZ0714073,Barbastella barbastellus,"96,""6267d""",2011-06-21
CZ0714073,Barbastella barbastellus,"96,""6268a""",2011-12-21
CZ0714073,Barbastella barbastellus,"96,""6268b""",2011-12-21
CZ0714073,Barbastella barbastellus,"96,""6268c""",2011-12-21
CZ0714073,Barbastella barbastellus,"96,""6268d""",2011-12-21
CZ0714073,Barbastella barbastellus,"96,""6369a""",2011-06-21
CZ0714073,Barbastella barbastellus,"96,""6369b""",2011-06-21
CZ0714073,Barbastella barbastellus,"96,""6369c""",2011-06-21
CZ0714073,Barbastella barbastellus,"96,""6369d""",2011-06-21
CZ0714073,Blicca bjoerkna,"3,""6268c""",2004-01-01
CZ0714073,Blicca bjoerkna,6267b,2004-01-01
CZ0714073,Blicca bjoerkna,6268c,2004-01-01
CZ0714073,Blicca bjoerkna,6369a,2004-01-01
CZ0714073,Blicca bjoerkna,6369c,2004-01-01
CZ0714073,Bombina bombina,"03,""6267b""",2006-04-26
CZ0714073,Bombina bombina,"38,""6267b""",2016-05-05
CZ0714073,Bombina bombina,"46,""6267b""",2023-06-24
CZ0714073,Bombina bombina,"49,""6267d""",2010-03-25
CZ0714073,Bombina bombina,"54,""6268a""",2016-05-31
CZ0714073,Bombina bombina,6267b,2025-05-31
CZ0714073,Bombina bombina,6267d,2018-04-18
CZ0714073,Bombina bombina,6268a,2023-06-24
CZ0714073,Bombina bombina,6268c,2026-02-05
CZ0714073,Bombina bombina,6268d,2006-07-29
CZ0714073,Bombina bombina,6368b,2013-06-12
CZ0714073,Bombina bombina,6369a,2020-03-15
CZ0714073,Bombina bombina,6369c,2025-06-17
CZ0714073,Bombina bombina,"8,""6268a""",2016-05-05
CZ0714073,Bombina bombina,"95,""6267b""",2025-08-11
CZ0714073,Bombina bombina,"95,""6369a""",2010-05-13
CZ0714073,Canis lupus,6268c,2017-12-28
CZ0714073,Castor fiber,"02,""6167d""",2025-03-11
CZ0714073,Castor fiber,"04,""6268c""",2000-01-01
CZ0714073,Castor fiber,"06,""6167d""",2001-01-01
CZ0714073,Castor fiber,"12,""6369c""",2003-01-01
CZ0714073,Castor fiber,"16,""6369a""",2019-01-14
CZ0714073,Castor fiber,"2,""6268d""",2019-01-14
CZ0714073,Castor fiber,"28,""6268c""",2019-01-14
CZ0714073,Castor fiber,"35,""6369a""",2019-01-14
CZ0714073,Castor fiber,"37,""6368b""",2019-01-14
CZ0714073,Castor fiber,"44,""6369a""",2019-01-14
CZ0714073,Castor fiber,"44,""6369c""",2019-01-14
CZ0714073,Castor fiber,"51,""6267d""",2019-01-14
CZ0714073,Castor fiber,"51,""6368a""",2019-04-01
CZ0714073,Castor fiber,"55,""6369a""",2019-01-14
CZ0714073,Castor fiber,"6,""6369c""",2019-01-14
CZ0714073,Castor fiber,"61,""6267b""",2000-01-01
CZ0714073,Castor fiber,6167a,2025-04-05
CZ0714073,Castor fiber,6167b,2019-01-14
CZ0714073,Castor fiber,6167d,2025-03-19
CZ0714073,Castor fiber,6267b,2026-01-19
CZ0714073,Castor fiber,6267d,2026-01-19
CZ0714073,Castor fiber,6268c,2026-01-20
CZ0714073,Castor fiber,6268d,2019-07-18
CZ0714073,Castor fiber,6368a,2012-05-24
CZ0714073,Castor fiber,6368b,2025-03-26
CZ0714073,Castor fiber,6369a,2026-03-04
CZ0714073,Castor fiber,6369c,2023-04-22
CZ0714073,Castor fiber,6369d,2019-01-14
CZ0714073,Castor fiber,"65,""6268c""",2012-05-02
CZ0714073,Castor fiber,"68,""6267b""",2002-01-01
CZ0714073,Castor fiber,"71,""6267b""",2002-01-01
CZ0714073,Castor fiber,"78,""6268c""",2002-01-01
CZ0714073,Castor fiber,"81,""6167a""",2019-01-14
CZ0714073,Castor fiber,"85,""6369a""",2019-01-14
CZ0714073,Castor fiber,"86,""6167d""",2000-01-01
CZ0714073,Castor fiber,"9,""6267b""",2019-01-14
CZ0714073,Castor fiber,"95,""6368a""",2020-04-01
CZ0714073,Castor fiber,"95,""6369a""",2000-01-01
CZ0714073,Castor fiber,"97,""6268c""",2019-01-14
CZ0714073,Castor fiber,"98,""6368b""",2012-04-22
CZ0714073,Castor fiber,"99,""6167d""",2002-01-01
CZ0714073,Castor fiber,"99,""6267b""",2019-01-14
CZ0714073,Castor fiber,"99,""6369c""",2020-05-01
CZ0714073,Cottus gobio,"07,""6167b""",2018-07-11
CZ0714073,Cottus gobio,6167a,2018-07-01
CZ0714073,Cottus gobio,6167b,2013-09-23
CZ0714073,Cottus gobio,6167d,2013-09-23
CZ0714073,Cottus gobio,6267b,2023-10-05
CZ0714073,Cottus gobio,6267d,2023-10-05
CZ0714073,Cottus gobio,6268c,2023-10-04
CZ0714073,Cottus gobio,6368b,2023-10-05
CZ0714073,Cottus gobio,6369a,2023-10-04
CZ0714073,Cottus gobio,6369c,2023-10-02
CZ0714073,Cucujus cinnaberinus,"08,""6368a""",2022-11-03
CZ0714073,Cucujus cinnaberinus,"35,""6268c""",2022-11-03
CZ0714073,Cucujus cinnaberinus,6267b,2021-05-14
CZ0714073,Cucujus cinnaberinus,6267d,2018-05-16
CZ0714073,Cucujus cinnaberinus,6268a,2021-07-08
CZ0714073,Cucujus cinnaberinus,6268c,2022-07-19
CZ0714073,Cucujus cinnaberinus,6268d,2022-02-05
CZ0714073,Cucujus cinnaberinus,6368a,2022-11-03
CZ0714073,Cucujus cinnaberinus,6368b,2020-04-15
CZ0714073,Cucujus cinnaberinus,6369a,2024-03-17
CZ0714073,Cucujus cinnaberinus,6369c,2020-07-01
CZ0714073,Euplagia quadripunctaria,6267d,2018-08-08
CZ0714073,Euplagia quadripunctaria,6268c,2020-08-02
CZ0714073,Euplagia quadripunctaria,6268d,2019-08-06
CZ0714073,Euplagia quadripunctaria,6368b,2019-08-10
CZ0714073,Euplagia quadripunctaria,6369a,2013-08-06
CZ0714073,Lampetra planeri,6167b,2013-09-23
CZ0714073,Lampetra planeri,6167d,2013-09-23
CZ0714073,Lampetra planeri,6267b,2013-09-23
CZ0714073,Lampetra planeri,6267d,2015-09-01
CZ0714073,Lampetra planeri,6268c,2015-09-01
CZ0714073,Lemna trisulca,"42,""6267b""",2001-09-01
CZ0714073,Lemna trisulca,6267d,2013-11-27
CZ0714073,Lemna trisulca,6268c,2021-06-10
CZ0714073,Lemna trisulca,6368b,2005-07-07
CZ0714073,Lemna trisulca,6369c,2024-07-03
CZ0714073,Leuciscus aspius,"3,""6268c""",2004-01-01
CZ0714073,Leuciscus aspius,"61,""6369a""",2004-01-01
CZ0714073,Leuciscus aspius,6267b,2012-06-08
CZ0714073,Leuciscus aspius,6268c,2004-01-01
CZ0714073,Leuciscus aspius,6369a,2004-01-01
CZ0714073,Leuciscus aspius,6369c,2004-01-01
CZ0714073,Leuciscus aspius,6369d,2004-01-01
CZ0714073,Leucorrhinia pectoralis,6267b,2017-06-24
CZ0714073,Leucorrhinia pectoralis,6268c,2021-07-18
CZ0714073,Leucorrhinia pectoralis,6369c,2021-06-17
CZ0714073,Lucanus cervus,6267b,2015-06-06
CZ0714073,Lucanus cervus,6268c,2010-06-01
CZ0714073,Lutra lutra,"02,""6167d""",2025-03-11
CZ0714073,Lutra lutra,"49,""6267d""",2005-08-01
CZ0714073,Lutra lutra,6167a,2023-03-16
CZ0714073,Lutra lutra,6167d,2021-02-14
CZ0714073,Lutra lutra,6267b,2026-01-19
CZ0714073,Lutra lutra,6267d,2025-03-17
CZ0714073,Lutra lutra,6268c,2024-08-29
CZ0714073,Lutra lutra,6268d,2018-01-21
CZ0714073,Lutra lutra,6368b,2025-11-07
CZ0714073,Lutra lutra,6369a,2021-07-25
CZ0714073,Lutra lutra,6369c,2024-11-06
CZ0714073,Lutra lutra,6369d,2015-05-24
CZ0714073,Lutra lutra,"68,""6267b""",2005-08-01
CZ0714073,Lutra lutra,"86,""6369c""",2008-11-29
CZ0714073,Lutra lutra,"95,""6368a""",2020-04-01
CZ0714073,Lutra lutra,"96,""6268a""",2007-01-01
CZ0714073,Lutra lutra,"96,""6268b""",2007-01-01
CZ0714073,Lutra lutra,"96,""6268c""",2007-01-01
CZ0714073,Lutra lutra,"96,""6268d""",2007-01-01
CZ0714073,Lutra lutra,"98,""6368b""",2012-04-22
CZ0714073,Lycaena dispar,"02,""6167d""",2025-03-11
CZ0714073,Lycaena dispar,"59,""6267b""",2000-01-01
CZ0714073,Lycaena dispar,6167a,2022-08-16
CZ0714073,Lycaena dispar,6167b,2001-08-03
CZ0714073,Lycaena dispar,6167d,2004-01-01
CZ0714073,Lycaena dispar,6267b,2024-08-01
CZ0714073,Lycaena dispar,6267d,2018-07-14
CZ0714073,Lycaena dispar,6268c,2025-06-02
CZ0714073,Lycaena dispar,6268d,2019-07-21
CZ0714073,Lycaena dispar,6368b,2018-06-15
CZ0714073,Lycaena dispar,6369a,2019-07-30
CZ0714073,Lycaena dispar,6369c,2020-06-04
CZ0714073,Lycaena dispar,6369d,1995-01-01
CZ0714073,Lycaena dispar,"68,""6267b""",2004-05-29
CZ0714073,Lycaena dispar,"96,""6267a""",2007-01-01
CZ0714073,Lycaena dispar,"96,""6267b""",2007-01-01
CZ0714073,Lycaena dispar,"96,""6267c""",2007-01-01
CZ0714073,Lycaena dispar,"96,""6267d""",2007-01-01
CZ0714073,Lycaena dispar,"96,""6268a""",1995-01-01
CZ0714073,Lycaena dispar,"96,""6268b""",1995-01-01
CZ0714073,Lycaena dispar,"96,""6268c""",1995-01-01
CZ0714073,Lycaena dispar,"96,""6268d""",1995-01-01
CZ0714073,Lycaena dispar,"96,""6369a""",2007-05-29
CZ0714073,Lycaena dispar,"96,""6369b""",2007-05-29
CZ0714073,Lycaena dispar,"96,""6369c""",2007-05-29
CZ0714073,Lycaena dispar,"96,""6369d""",2007-05-29
CZ0714073,Lycaena dispar,"99,""6268c""",2013-08-08
CZ0714073,Lycaena dispar,"99,""6368b""",2003-06-11
CZ0714073,Misgurnus fossilis,6267b,2020-09-16
CZ0714073,Misgurnus fossilis,6267d,2022-09-01
CZ0714073,Misgurnus fossilis,6369a,2020-05-01
CZ0714073,Misgurnus fossilis,6369c,2020-05-10
CZ0714073,Myotis alcathoe/emarginatus,6267b,2019-07-10
CZ0714073,Myotis alcathoe/emarginatus,6267d,2020-07-14
CZ0714073,Myotis alcathoe/emarginatus,6268a,2020-09-22
CZ0714073,Myotis alcathoe/emarginatus,6268c,2021-10-05
CZ0714073,Myotis alcathoe/emarginatus,6369a,2022-06-02
CZ0714073,Myotis alcathoe/emarginatus,6369c,2021-05-25
CZ0714073,Myotis bechsteinii,6267d,2020-08-12
CZ0714073,Myotis bechsteinii,6268a,2020-10-13
CZ0714073,Myotis bechsteinii,6268c,2022-10-05
CZ0714073,Myotis bechsteinii,6369a,2021-05-25
CZ0714073,Myotis bechsteinii,"96,""6268a""",2011-12-21
CZ0714073,Myotis bechsteinii,"96,""6268b""",2011-12-21
CZ0714073,Myotis bechsteinii,"96,""6268c""",2011-12-21
CZ0714073,Myotis bechsteinii,"96,""6268d""",2011-12-21
CZ0714073,Myotis blythii,"96,""6268a""",2012-06-21
CZ0714073,Myotis blythii,"96,""6268b""",2012-06-21
CZ0714073,Myotis blythii,"96,""6268c""",2012-06-21
CZ0714073,Myotis blythii,"96,""6268d""",2012-06-21
CZ0714073,Myotis dasycneme,6369a,2022-06-02
CZ0714073,Myotis emarginatus,6267d,2023-01-31
CZ0714073,Myotis emarginatus,6268c,2023-02-16
CZ0714073,Myotis emarginatus,"96,""6267a""",2011-12-21
CZ0714073,Myotis emarginatus,"96,""6267b""",2011-12-21
CZ0714073,Myotis emarginatus,"96,""6267c""",2011-12-21
CZ0714073,Myotis emarginatus,"96,""6267d""",2011-12-21
CZ0714073,Myotis emarginatus,"96,""6268a""",2011-12-21
CZ0714073,Myotis emarginatus,"96,""6268b""",2011-12-21
CZ0714073,Myotis emarginatus,"96,""6268c""",2011-12-21
CZ0714073,Myotis emarginatus,"96,""6268d""",2011-12-21
CZ0714073,Myotis myotis,"01,""6368b""",2014-08-12
CZ0714073,Myotis myotis,"2,""6268c""",2015-07-27
CZ0714073,Myotis myotis,6267b,2019-07-29
CZ0714073,Myotis myotis,6267d,2023-01-31
CZ0714073,Myotis myotis,6268a,2020-07-07
CZ0714073,Myotis myotis,6268c,2023-12-06
CZ0714073,Myotis myotis,6369a,2022-06-02
CZ0714073,Myotis myotis,6369c,2020-08-20
CZ0714073,Myotis myotis,"96,""6267a""",2012-06-21
CZ0714073,Myotis myotis,"96,""6267b""",2012-06-21
CZ0714073,Myotis myotis,"96,""6267c""",2012-06-21
CZ0714073,Myotis myotis,"96,""6267d""",2012-06-21
CZ0714073,Myotis myotis,"96,""6268a""",2012-06-21
CZ0714073,Myotis myotis,"96,""6268b""",2012-06-21
CZ0714073,Myotis myotis,"96,""6268c""",2012-06-21
CZ0714073,Myotis myotis,"96,""6268d""",2012-06-21
CZ0714073,Myotis myotis,"96,""6369a""",2012-06-21
CZ0714073,Myotis myotis,"96,""6369b""",2012-06-21
CZ0714073,Myotis myotis,"96,""6369c""",2012-06-21
CZ0714073,Myotis myotis,"96,""6369d""",2012-06-21
CZ0714073,Myotis sp.,6268c,2004-01-30
CZ0714073,Ophiogomphus cecilia,"02,""6167d""",2025-03-11
CZ0714073,Ophiogomphus cecilia,6167d,2020-08-14
CZ0714073,Ophiogomphus cecilia,6267b,2020-08-14
CZ0714073,Ophiogomphus cecilia,6267d,2024-06-18
CZ0714073,Ophiogomphus cecilia,6268c,2024-06-18
CZ0714073,Ophiogomphus cecilia,6268d,2019-08-01
CZ0714073,Ophiogomphus cecilia,6368b,2019-08-08
CZ0714073,Ophiogomphus cecilia,6369a,2025-08-07
CZ0714073,Ophiogomphus cecilia,6369c,2020-06-04
CZ0714073,Ophiogomphus cecilia,"98,""6368b""",2013-06-22
CZ0714073,Phengaris nausithous,"02,""6167d""",2025-03-11
CZ0714073,Phengaris nausithous,"16,""6369c""",1995-01-01
CZ0714073,Phengaris nausithous,"27,""6267d""",2005-08-05
CZ0714073,Phengaris nausithous,6167a,2023-08-04
CZ0714073,Phengaris nausithous,6167b,2023-08-04
CZ0714073,Phengaris nausithous,6167d,2023-08-10
CZ0714073,Phengaris nausithous,6267b,2025-08-10
CZ0714073,Phengaris nausithous,6267d,2025-08-10
CZ0714073,Phengaris nausithous,6268c,2019-07-28
CZ0714073,Phengaris nausithous,6268d,2024-07-26
CZ0714073,Phengaris nausithous,6368a,2023-07-19
CZ0714073,Phengaris nausithous,6368b,2023-07-19
CZ0714073,Phengaris nausithous,6369a,2019-07-30
CZ0714073,Phengaris nausithous,6369c,2025-08-05
CZ0714073,Phengaris nausithous,6369d,2007-07-18
CZ0714073,Phengaris nausithous,"68,""6267b""",1995-01-01
CZ0714073,Phengaris nausithous,"86,""6369c""",2000-07-31
CZ0714073,Phengaris nausithous,"87,""6368a""",2023-07-19
CZ0714073,Phengaris nausithous,"96,""6267a""",2007-01-01
CZ0714073,Phengaris nausithous,"96,""6267b""",2007-01-01
CZ0714073,Phengaris nausithous,"96,""6267c""",2007-01-01
CZ0714073,Phengaris nausithous,"96,""6267d""",2007-01-01
CZ0714073,Phengaris nausithous,"96,""6268a""",1995-01-01
CZ0714073,Phengaris nausithous,"96,""6268b""",1995-01-01
CZ0714073,Phengaris nausithous,"96,""6268c""",1995-01-01
CZ0714073,Phengaris nausithous,"96,""6268d""",1995-01-01
CZ0714073,Phengaris nausithous,"96,""6369a""",2006-07-03
CZ0714073,Phengaris nausithous,"96,""6369b""",2006-07-03
CZ0714073,Phengaris nausithous,"96,""6369c""",2006-07-03
CZ0714073,Phengaris nausithous,"96,""6369d""",2006-07-03
CZ0714073,Phengaris nausithous,"99,""6268c""",2013-08-08
CZ0714073,Phengaris teleius,6167d,2004-07-17
CZ0714073,Phengaris teleius,"96,""6268a""",1995-01-01
CZ0714073,Phengaris teleius,"96,""6268b""",1995-01-01
CZ0714073,Phengaris teleius,"96,""6268c""",1995-01-01
CZ0714073,Phengaris teleius,"96,""6268d""",1995-01-01
CZ0714073,Rhinolophus hipposideros,"2,""6268c""",2015-09-02
CZ0714073,Rhinolophus hipposideros,6267b,2019-07-10
CZ0714073,Rhinolophus hipposideros,6267d,2023-01-31
CZ0714073,Rhinolophus hipposideros,6268c,2025-12-17
CZ0714073,Rhinolophus hipposideros,"96,""6267a""",2012-06-21
CZ0714073,Rhinolophus hipposideros,"96,""6267b""",2012-06-21
CZ0714073,Rhinolophus hipposideros,"96,""6267c""",2012-06-21
CZ0714073,Rhinolophus hipposideros,"96,""6267d""",2012-06-21
CZ0714073,Rhinolophus hipposideros,"96,""6268a""",2012-06-21
CZ0714073,Rhinolophus hipposideros,"96,""6268b""",2012-06-21
CZ0714073,Rhinolophus hipposideros,"96,""6268c""",2012-06-21
CZ0714073,Rhinolophus hipposideros,"96,""6268d""",2012-06-21
CZ0714073,Rhodeus amarus,6267b,2004-01-01
CZ0714073,Rhodeus amarus,6268c,2018-09-23
CZ0714073,Rhodeus amarus,6268d,2013-10-29
CZ0714073,Rhodeus amarus,6368a,2022-10-19
CZ0714073,Rhodeus amarus,6368b,2018-09-23
CZ0714073,Rhodeus amarus,6369a,2018-09-23
CZ0714073,Rhodeus amarus,6369c,2023-11-04
CZ0714073,Rumex sp.,6267d,2015-08-31
CZ0714073,Rumex sp.,6268c,2008-07-29
CZ0714073,Rumex sp.,6368b,2009-06-22
CZ0714073,Rumex sp.,6369d,2022-09-30
CZ0714073,Salmo trutta,"07,""6167b""",2018-07-11
CZ0714073,Salmo trutta,"3,""6268c""",2004-01-01
CZ0714073,Salmo trutta,6167a,2010-09-17
CZ0714073,Salmo trutta,6167b,2013-09-23
CZ0714073,Salmo trutta,6167d,2013-09-23
CZ0714073,Salmo trutta,6267b,2014-09-09
CZ0714073,Salmo trutta,6267d,2015-09-01
CZ0714073,Salmo trutta,6268c,2018-09-23
CZ0714073,Salmo trutta,6368b,2018-09-23
CZ0714073,Salmo trutta,6369a,2004-01-01
CZ0714073,Sanguisorba officinalis,"01,""6369c""",2009-07-14
CZ0714073,Sanguisorba officinalis,"37,""6369c""",2019-04-05
CZ0714073,Sanguisorba officinalis,"38,""6267b""",2007-05-21
CZ0714073,Sanguisorba officinalis,6167a,2023-03-16
CZ0714073,Sanguisorba officinalis,6167b,2024-07-17
CZ0714073,Sanguisorba officinalis,6167d,2022-08-04
CZ0714073,Sanguisorba officinalis,6267b,2022-09-13
CZ0714073,Sanguisorba officinalis,6267d,2020-07-29
CZ0714073,Sanguisorba officinalis,6268c,2023-07-19
CZ0714073,Sanguisorba officinalis,6268d,2024-07-26
CZ0714073,Sanguisorba officinalis,6368b,2023-07-19
CZ0714073,Sanguisorba officinalis,6369a,2022-06-08
CZ0714073,Sanguisorba officinalis,6369c,2024-05-20
CZ0714073,Sanguisorba officinalis,"64,""6369a""",2019-04-05
CZ0714073,Sanguisorba officinalis,"65,""6268c""",2006-04-25
CZ0714073,Sanguisorba officinalis,"69,""6369a""",2003-01-01
CZ0714073,Sanguisorba officinalis,"99,""6167d""",2022-09-23
CZ0714073,Sanguisorba officinalis,"99,""6268c""",2019-04-12
CZ0714073,Scardinius erythrophthalmus,"01,""6369c""",2004-01-01
CZ0714073,Scardinius erythrophthalmus,"04,""6369a""",2004-01-01
CZ0714073,Scardinius erythrophthalmus,"57,""6369a""",2003-01-01
CZ0714073,Scardinius erythrophthalmus,"61,""6369a""",2004-01-01
CZ0714073,Scardinius erythrophthalmus,6267b,2012-06-08
CZ0714073,Scardinius erythrophthalmus,6268c,2004-01-01
CZ0714073,Scardinius erythrophthalmus,6368b,2007-08-23
CZ0714073,Scardinius erythrophthalmus,6369a,2004-01-01
CZ0714073,Scardinius erythrophthalmus,6369c,2022-09-01
CZ0714073,Scardinius erythrophthalmus,6369d,2004-01-01
CZ0714073,Succisa pratensis,"01,""6369c""",2009-07-14
CZ0714073,Succisa pratensis,6167d,2022-08-04
CZ0714073,Succisa pratensis,6369a,2022-06-08
CZ0714073,Succisa pratensis,6369c,2024-07-26
CZ0714073,Triturus cristatus,"03,""6267b""",2006-04-26
CZ0714073,Triturus cristatus,"38,""6267b""",2015-04-06
CZ0714073,Triturus cristatus,"46,""6267b""",2023-06-24
CZ0714073,Triturus cristatus,"54,""6268a""",2016-05-31
CZ0714073,Triturus cristatus,6267b,2025-05-08
CZ0714073,Triturus cristatus,6268a,2023-06-24
CZ0714073,Triturus cristatus,6268c,2026-02-05
CZ0714073,Triturus cristatus,6368b,2005-01-01
CZ0714073,Triturus cristatus,6369a,2020-03-15
CZ0714073,Triturus cristatus,6369c,2025-07-02
CZ0714073,Triturus cristatus,"95,""6267b""",2025-08-11
CZ0714073,Triturus cristatus,"99,""6369c""",2010-03-31
CZ0714073,Unio crassus,6268c,2025-05-02
CZ0714073,Unio crassus,6369a,2025-08-18
CZ0714075,Barbastella barbastellus,"96,""5868a""",2011-12-21
CZ0714075,Barbastella barbastellus,"96,""5868b""",2011-12-21
CZ0714075,Barbastella barbastellus,"96,""5868c""",2011-12-21
CZ0714075,Barbastella barbastellus,"96,""5868d""",2011-12-21
CZ0714075,Buxbaumia viridis,5868d,2024-08-22
CZ0714075,Canis lupus,"09,""5868a""",2001-11-01
CZ0714075,Canis lupus,"1,""5868d""",2024-08-15
CZ0714075,Canis lupus,5868b,2026-02-19
CZ0714075,Carabus variolosus,5868b,2015-06-18
CZ0714075,Carabus variolosus,5868d,2021-06-29
CZ0714075,Cottus gobio,"61,""5868d""",2004-01-01
CZ0714075,Lissotriton montandoni,5868b,2012-07-07
CZ0714075,Lutra lutra,5868d,2016-01-31
CZ0714075,Lutra lutra,"96,""5868a""",2007-01-01
CZ0714075,Lutra lutra,"96,""5868b""",2007-01-01
CZ0714075,Lutra lutra,"96,""5868c""",2007-01-01
CZ0714075,Lutra lutra,"96,""5868d""",2007-01-01
CZ0714075,Lynx lynx,5868d,2013-01-26
CZ0714075,Myotis emarginatus,"96,""5868a""",2011-12-21
CZ0714075,Myotis emarginatus,"96,""5868b""",2011-12-21
CZ0714075,Myotis emarginatus,"96,""5868c""",2011-12-21
CZ0714075,Myotis emarginatus,"96,""5868d""",2011-12-21
CZ0714075,Myotis myotis,"96,""5868a""",2012-06-21
CZ0714075,Myotis myotis,"96,""5868b""",2012-06-21
CZ0714075,Myotis myotis,"96,""5868c""",2012-06-21
CZ0714075,Myotis myotis,"96,""5868d""",2012-06-21
CZ0714075,Rhinolophus hipposideros,"96,""5868a""",2012-06-21
CZ0714075,Rhinolophus hipposideros,"96,""5868b""",2012-06-21
CZ0714075,Rhinolophus hipposideros,"96,""5868c""",2012-06-21
CZ0714075,Rhinolophus hipposideros,"96,""5868d""",2012-06-21
CZ0714075,Salmo trutta,"61,""5868d""",2004-01-01
CZ0714076,Bombina bombina,6468d,2011-04-21
CZ0714076,Euplagia quadripunctaria,"16,""6468d""",2005-08-01
CZ0714076,Euplagia quadripunctaria,6468d,2023-08-20
CZ0714076,Lycaena dispar,6468c,2023-06-08
CZ0714076,Lycaena dispar,6468d,2000-05-23
CZ0714076,Pulsatilla grandis,"43,""6468d""",2007-08-24
CZ0714076,Pulsatilla grandis,6468d,2025-05-25
CZ0714076,Spermophilus citellus,6468d,2001-08-15
CZ0714076,Triturus cristatus,6468d,2011-07-05
CZ0714077,Barbastella barbastellus,5869c,2022-08-11
CZ0714077,Barbastella barbastellus,5969b,2015-08-01
CZ0714077,Barbastella barbastellus,5969c,2021-09-14
CZ0714077,Barbastella barbastellus,"96,""5969a""",2011-12-21
CZ0714077,Barbastella barbastellus,"96,""5969b""",2011-12-21
CZ0714077,Barbastella barbastellus,"96,""5969c""",2011-12-21
CZ0714077,Barbastella barbastellus,"96,""5969d""",2011-12-21
CZ0714077,Buxbaumia viridis,5869c,2021-09-19
CZ0714077,Buxbaumia viridis,5968d,2021-07-25
CZ0714077,Buxbaumia viridis,5969a,2021-10-30
CZ0714077,Buxbaumia viridis,5969b,2013-10-07
CZ0714077,Buxbaumia viridis,5969c,2021-11-01
CZ0714077,Buxbaumia viridis,6068b,2011-10-24
CZ0714077,Campanula gelida,"52,""5969a""",2004-07-01
CZ0714077,Campanula gelida,"54,""5969a""",2005-03-17
CZ0714077,Campanula gelida,5969a,2024-07-25
CZ0714077,Campanula gelida,"6,""5969a""",2003-01-01
CZ0714077,Canis lupus,5869c,2025-01-30
CZ0714077,Canis lupus,5969a,2026-03-04
CZ0714077,Canis lupus,5969c,2025-04-20
CZ0714077,Canis lupus,6068b,2024-05-08
CZ0714077,Canis lupus,"68,""5869c""",2024-06-30
CZ0714077,Carabus variolosus,"5,""5969c""",2003-01-01
CZ0714077,Carabus variolosus,"54,""5969a""",2010-08-10
CZ0714077,Carabus variolosus,5869c,2020-06-04
CZ0714077,Carabus variolosus,5969a,2023-06-28
CZ0714077,Carabus variolosus,5969b,2012-08-08
CZ0714077,Carabus variolosus,5969c,2019-06-03
CZ0714077,Carabus variolosus,6068b,2000-06-26
CZ0714077,Carabus variolosus,"98,""5969a""",2023-06-11
CZ0714077,Cottus gobio,"53,""5969a""",2004-01-01
CZ0714077,Lutra lutra,"45,""5869a""",2008-01-01
CZ0714077,Lutra lutra,5968d,2015-03-10
CZ0714077,Lutra lutra,5969a,2014-03-08
CZ0714077,Lynx lynx,"01,""5969b""",2000-08-23
CZ0714077,Lynx lynx,"11,""5968b""",2000-12-10
CZ0714077,Lynx lynx,5869c,2010-04-01
CZ0714077,Lynx lynx,5969a,2011-02-06
CZ0714077,Lynx lynx,5969b,2007-02-17
CZ0714077,Myotis bechsteinii,5969b,2015-08-01
CZ0714077,Myotis bechsteinii,5969c,2021-09-14
CZ0714077,Myotis bechsteinii,"96,""5969a""",2011-12-21
CZ0714077,Myotis bechsteinii,"96,""5969b""",2011-12-21
CZ0714077,Myotis bechsteinii,"96,""5969c""",2011-12-21
CZ0714077,Myotis bechsteinii,"96,""5969d""",2011-12-21
CZ0714077,Myotis emarginatus,"96,""5969a""",2011-12-21
CZ0714077,Myotis emarginatus,"96,""5969b""",2011-12-21
CZ0714077,Myotis emarginatus,"96,""5969c""",2011-12-21
CZ0714077,Myotis emarginatus,"96,""5969d""",2011-12-21
CZ0714077,Myotis myotis,5869c,2021-12-30
CZ0714077,Myotis myotis,5969a,2022-07-24
CZ0714077,Myotis myotis,5969c,2021-09-14
CZ0714077,Myotis myotis,"96,""5969a""",2012-06-21
CZ0714077,Myotis myotis,"96,""5969b""",2012-06-21
CZ0714077,Myotis myotis,"96,""5969c""",2012-06-21
CZ0714077,Myotis myotis,"96,""5969d""",2012-06-21
CZ0714077,Myotis sp.,5869c,2002-03-09
CZ0714077,Poa riphaea,"52,""5969a""",2004-07-01
CZ0714077,Poa riphaea,"54,""5969a""",2005-03-17
CZ0714077,Poa riphaea,5969a,2024-08-27
CZ0714077,Poa riphaea,"6,""5969a""",2003-01-01
CZ0714077,Rhinolophus hipposideros,5969a,2022-07-24
CZ0714077,Rhinolophus hipposideros,"96,""5969a""",2012-06-21
CZ0714077,Rhinolophus hipposideros,"96,""5969b""",2012-06-21
CZ0714077,Rhinolophus hipposideros,"96,""5969c""",2012-06-21
CZ0714077,Rhinolophus hipposideros,"96,""5969d""",2012-06-21
CZ0714077,Salmo trutta,"53,""5969a""",2004-01-01
CZ0714077,Salmo trutta,5869c,2001-10-02
CZ0714077,Salmo trutta,5969b,2001-10-02
CZ0714078,Barbastella barbastellus,"28,""6068b""",2015-05-06
CZ0714078,Buxbaumia viridis,6068b,2021-06-03
CZ0714078,Carabus variolosus,"74,""6068d""",2003-01-01
CZ0714078,Lutra lutra,6068b,2015-05-17
CZ0714078,Lynx lynx,6068d,2005-02-01
CZ0714078,Salmo trutta,6068b,2001-05-22
CZ0714080,Barbastella barbastellus,"32,""6367b""",2005-01-01
CZ0714080,Barbastella barbastellus,6367a,2026-03-03
CZ0714080,Cypripedium calceolus,"05,""6367a""",2017-05-25
CZ0714080,Cypripedium calceolus,6367a,2024-05-15
CZ0714080,Euplagia quadripunctaria,6367a,2022-08-03
CZ0714080,Lutra lutra,6367a,2012-05-09
CZ0714080,Myotis bechsteinii,"32,""6367b""",2003-01-01
CZ0714080,Myotis bechsteinii,6367a,2021-02-05
CZ0714080,Myotis emarginatus,"05,""6367a""",2003-01-01
CZ0714080,Myotis emarginatus,"32,""6367b""",2006-07-04
CZ0714080,Myotis emarginatus,6367a,2026-03-03
CZ0714080,Myotis emarginatus,6367b,2022-01-15
CZ0714080,Myotis emarginatus,"99,""6367a""",2000-01-01
CZ0714080,Myotis myotis,"05,""6367a""",2003-01-01
CZ0714080,Myotis myotis,"16,""6367b""",2000-08-01
CZ0714080,Myotis myotis,"32,""6367b""",2006-07-04
CZ0714080,Myotis myotis,6367a,2026-03-03
CZ0714080,Myotis myotis,6367b,2022-01-15
CZ0714080,Myotis sp.,6367a,2026-01-17
CZ0714080,Myotis sp.,6367b,2021-01-16
CZ0714080,Rhinolophus ferrumequinum,"32,""6367b""",2007-07-16
CZ0714080,Rhinolophus hipposideros,"05,""6367a""",2003-01-01
CZ0714080,Rhinolophus hipposideros,"32,""6367b""",2005-02-12
CZ0714080,Rhinolophus hipposideros,6367a,2026-03-03
CZ0714080,Rhinolophus hipposideros,6367b,2022-01-15
CZ0714081,Buxbaumia viridis,5769d,2020-10-08
CZ0714081,Canis lupus,"57,""5769d""",2024-11-09
CZ0714081,Canis lupus,5769d,2024-05-08
CZ0714081,Carabus variolosus,5769d,2022-06-07
CZ0714081,Carabus variolosus,"99,""5769d""",2010-05-06
CZ0714081,Castor fiber,5769d,2025-01-10
CZ0714081,Lampetra planeri,5769d,2025-09-11
CZ0714081,Leucorrhinia pectoralis,5769d,2020-06-27
CZ0714081,Lissotriton montandoni,5769d,2025-07-26
CZ0714081,Lynx lynx,5769d,2007-01-01
CZ0714081,Myotis myotis,5769d,1982-01-01
CZ0714081,Salmo trutta,5769d,2025-09-11
CZ0714082,Abramis brama,6471d,2017-08-07
CZ0714082,Abramis brama,6472c,2008-10-18
CZ0714082,Abramis brama,"73,""6570b""",2004-01-01
CZ0714082,Blicca bjoerkna,"73,""6570b""",2004-01-01
CZ0714082,Bombina bombina,"01,""6570b""",2001-05-07
CZ0714082,Bombina bombina,6570b,2025-05-14
CZ0714082,Castor fiber,6471c,2014-01-12
CZ0714082,Castor fiber,6570b,2014-01-03
CZ0714082,Cobitis sp.,6471c,2019-10-28
CZ0714082,Cobitis sp.,6570b,2015-09-14
CZ0714082,Cucujus cinnaberinus,"01,""6570b""",2013-04-06
CZ0714082,Cucujus cinnaberinus,6570b,2024-10-28
CZ0714082,Euplagia quadripunctaria,6570b,2019-08-04
CZ0714082,Lemna trisulca,6570b,2005-04-01
CZ0714082,Leuciscus aspius,"56,""6471d""",1950-01-01
CZ0714082,Leuciscus aspius,6472c,2012-10-17
CZ0714082,Lucanus cervus,6570b,2024-05-22
CZ0714082,Lutra lutra,6471c,2001-03-08
CZ0714082,Lutra lutra,6472c,2020-11-22
CZ0714082,Lutra lutra,6570b,2025-01-12
CZ0714082,Misgurnus fossilis,"79,""6471d""",2004-01-01
CZ0714082,Myotis bechsteinii,6570b,2014-08-29
CZ0714082,Myotis myotis,6570b,2014-08-29
CZ0714082,Osmoderma barnabita,6570b,2013-04-06
CZ0714082,Phengaris nausithous,6570b,2004-07-19
CZ0714082,Rhodeus amarus,6471c,2015-09-14
CZ0714082,Rhodeus amarus,6471d,2020-11-14
CZ0714082,Rhodeus amarus,6570b,2022-09-01
CZ0714082,Romanogobio banaticus,6471c,2020-11-14
CZ0714082,Romanogobio banaticus,6471d,2023-09-21
CZ0714082,Romanogobio banaticus,6472c,2023-09-21
CZ0714082,Romanogobio banaticus,"65,""6471d""",2001-01-01
CZ0714082,Salmo trutta,6471d,2024-07-09
CZ0714082,Salmo trutta,6472c,2000-09-12
CZ0714082,Scardinius erythrophthalmus,"73,""6570b""",2004-01-01
CZ0714082,Triturus cristatus,6570b,2025-05-06
CZ0714082,Unio crassus,"15,""6570b""",2007-02-01
CZ0714082,Unio crassus,6471c,2023-10-03
CZ0714082,Unio crassus,6471d,2024-07-09
CZ0714082,Unio crassus,6570b,2013-05-29
CZ0714083,Bombina bombina,6468b,2004-05-30
CZ0714083,Euplagia quadripunctaria,6468b,2022-08-15
CZ0714083,Lemna trisulca,6468b,2007-08-21
CZ0714083,Lycaena dispar,6468b,2004-01-01
CZ0714083,Triturus cristatus,6468b,2011-04-21
CZ0714084,Asplenium adulterinum,"07,""5967c""",2002-09-01
CZ0714084,Asplenium adulterinum,"15,""5967c""",2008-07-22
CZ0714084,Asplenium adulterinum,"19,""5967c""",2000-02-21
CZ0714084,Asplenium adulterinum,"33,""5967c""",2008-07-25
CZ0714084,Asplenium adulterinum,5967a,2003-05-28
CZ0714084,Asplenium adulterinum,5967b,2024-10-14
CZ0714084,Asplenium adulterinum,5967c,2025-03-26
CZ0714084,Asplenium adulterinum,"61,""5967c""",2023-07-18
CZ0714084,Asplenium adulterinum,"71,""5967a""",2001-01-01
CZ0714084,Asplenium adulterinum,"75,""5967c""",2017-09-26
CZ0714084,Asplenium adulterinum,"92,""5967c""",2020-07-13
CZ0714084,Lynx lynx,5967a,2013-08-01
CZ0714085,Abramis brama,"01,""6569d""",2004-01-01
CZ0714085,Abramis brama,"14,""6569d""",2004-01-01
CZ0714085,Abramis brama,"16,""6669b""",2004-01-01
CZ0714085,Abramis brama,"34,""6569b""",2004-01-01
CZ0714085,Abramis brama,6469b,2004-01-01
CZ0714085,Abramis brama,6469d,2019-01-01
CZ0714085,Abramis brama,6569b,2021-06-08
CZ0714085,Abramis brama,6569d,2004-01-01
CZ0714085,Abramis brama,6669b,2019-09-30
CZ0714085,Abramis brama,6670a,2011-11-09
CZ0714085,Ameiurus nebulosus,6670a,2004-01-01
CZ0714085,Blicca bjoerkna,6469b,2004-01-01
CZ0714085,Blicca bjoerkna,6569b,2025-08-19
CZ0714085,Blicca bjoerkna,6569d,2017-08-07
CZ0714085,Blicca bjoerkna,6669b,2022-09-01
CZ0714085,Blicca bjoerkna,6670a,2011-05-25
CZ0714085,Blicca bjoerkna,6670c,2011-05-25
CZ0714085,Bombina bombina,"12,""6569d""",2018-04-07
CZ0714085,Bombina bombina,6469d,2024-04-14
CZ0714085,Bombina bombina,6569d,2024-04-14
CZ0714085,Bombina bombina,6670a,2025-07-24
CZ0714085,Bombina bombina,6670c,2025-05-11
CZ0714085,Canis lupus,6569d,2025-02-05
CZ0714085,Castor fiber,"07,""6670a""",2001-01-01
CZ0714085,Castor fiber,"1,""6670c""",2018-03-01
CZ0714085,Castor fiber,"12,""6569d""",2018-04-07
CZ0714085,Castor fiber,"25,""6569d""",2012-04-15
CZ0714085,Castor fiber,"26,""6469d""",2012-11-20
CZ0714085,Castor fiber,"27,""6469d""",2018-03-01
CZ0714085,Castor fiber,"36,""6469d""",2018-03-01
CZ0714085,Castor fiber,"42,""6569d""",2020-03-04
CZ0714085,Castor fiber,"57,""6569d""",2003-01-01
CZ0714085,Castor fiber,"61,""6570c""",2002-11-15
CZ0714085,Castor fiber,"63,""6569b""",2018-03-01
CZ0714085,Castor fiber,6469b,2018-03-01
CZ0714085,Castor fiber,6469d,2025-06-25
CZ0714085,Castor fiber,6569b,2025-06-02
CZ0714085,Castor fiber,6569d,2025-12-19
CZ0714085,Castor fiber,6669b,2018-03-01
CZ0714085,Castor fiber,6670a,2024-12-04
CZ0714085,Castor fiber,6670c,2012-01-01
CZ0714085,Castor fiber,"78,""6670c""",2012-01-01
CZ0714085,Castor fiber,"86,""6669b""",2004-01-01
CZ0714085,Castor fiber,"96,""6669b""",2012-01-01
CZ0714085,Cerambyx cerdo,"07,""6569d""",2013-02-10
CZ0714085,Cottus gobio,6669b,2010-01-01
CZ0714085,Cucujus cinnaberinus,6569d,2022-10-27
CZ0714085,Cucujus cinnaberinus,6570c,2022-10-27
CZ0714085,Cucujus cinnaberinus,6669b,2017-09-06
CZ0714085,Cucujus cinnaberinus,6670a,2022-11-15
CZ0714085,Cucujus cinnaberinus,6670c,2023-09-07
CZ0714085,Euplagia quadripunctaria,6569d,2015-08-02
CZ0714085,Lemna trisulca,6669b,2000-02-21
CZ0714085,Lemna trisulca,6670a,2015-06-21
CZ0714085,Lemna trisulca,6670c,2014-04-07
CZ0714085,Lemna trisulca,"84,""6670a""",2001-08-08
CZ0714085,Lemna trisulca,"85,""6670a""",2020-04-01
CZ0714085,Leuciscus aspius,"01,""6569d""",2004-01-01
CZ0714085,Leuciscus aspius,"14,""6569d""",2004-01-01
CZ0714085,Leuciscus aspius,"16,""6669b""",2004-01-01
CZ0714085,Leuciscus aspius,"25,""6669b""",2025-08-19
CZ0714085,Leuciscus aspius,"34,""6569b""",2004-01-01
CZ0714085,Leuciscus aspius,6469b,2004-01-01
CZ0714085,Leuciscus aspius,6569d,2022-09-01
CZ0714085,Leuciscus aspius,6669b,2004-01-01
CZ0714085,Leuciscus aspius,6670a,2011-11-09
CZ0714085,Lutra lutra,"25,""6569d""",2012-04-15
CZ0714085,Lutra lutra,"42,""6569d""",2020-03-04
CZ0714085,Lutra lutra,"57,""6569d""",2005-04-20
CZ0714085,Lutra lutra,6469b,2017-03-12
CZ0714085,Lutra lutra,6469d,2026-01-21
CZ0714085,Lutra lutra,6569b,2025-06-02
CZ0714085,Lutra lutra,6569d,2023-12-05
CZ0714085,Lutra lutra,6669b,2021-01-23
CZ0714085,Lutra lutra,6670a,2017-08-23
CZ0714085,Lutra lutra,6670c,2016-10-30
CZ0714085,Lycaena dispar,"11,""6670a""",1995-01-01
CZ0714085,Lycaena dispar,"12,""6569d""",2004-09-04
CZ0714085,Lycaena dispar,"25,""6670a""",2001-01-01
CZ0714085,Lycaena dispar,"27,""6670a""",2000-01-01
CZ0714085,Lycaena dispar,"56,""6569d""",2005-08-12
CZ0714085,Lycaena dispar,6569b,2017-07-16
CZ0714085,Lycaena dispar,6569d,2018-08-05
CZ0714085,Lycaena dispar,6669b,2023-08-16
CZ0714085,Lycaena dispar,6670a,2022-08-25
CZ0714085,Misgurnus fossilis,"14,""6569d""",2004-01-01
CZ0714085,Misgurnus fossilis,"16,""6669b""",2004-01-01
CZ0714085,Misgurnus fossilis,"34,""6569b""",2004-01-01
CZ0714085,Misgurnus fossilis,6469d,2020-05-06
CZ0714085,Misgurnus fossilis,6569d,2013-10-30
CZ0714085,Misgurnus fossilis,6669b,2013-10-14
CZ0714085,Misgurnus fossilis,6670a,2016-05-29
CZ0714085,Ophiogomphus cecilia,"01,""6569d""",2014-04-01
CZ0714085,Ophiogomphus cecilia,6469b,2011-06-22
CZ0714085,Ophiogomphus cecilia,6469d,2014-09-22
CZ0714085,Ophiogomphus cecilia,6569b,2011-06-08
CZ0714085,Ophiogomphus cecilia,6569d,2020-08-08
CZ0714085,Ophiogomphus cecilia,6669b,2020-06-25
CZ0714085,Osmoderma barnabita,6569d,2022-10-27
CZ0714085,Phengaris nausithous,"01,""6670a""",2015-08-10
CZ0714085,Phengaris nausithous,"11,""6670a""",1995-01-01
CZ0714085,Phengaris nausithous,"17,""6670a""",2014-07-24
CZ0714085,Phengaris nausithous,"56,""6569d""",1995-01-01
CZ0714085,Phengaris nausithous,6569b,2024-07-31
CZ0714085,Phengaris nausithous,6569d,2014-08-07
CZ0714085,Phengaris nausithous,6669b,2023-08-16
CZ0714085,Phengaris nausithous,6670a,2025-07-24
CZ0714085,Phengaris nausithous,6670c,2023-08-16
CZ0714085,Phengaris teleius,"01,""6670a""",1995-01-01
CZ0714085,Phengaris teleius,"56,""6569d""",1995-01-01
CZ0714085,Phengaris teleius,6670a,2001-01-01
CZ0714085,Rhodeus amarus,"25,""6669b""",2025-08-19
CZ0714085,Rhodeus amarus,6469d,2021-08-18
CZ0714085,Rhodeus amarus,6569b,2025-08-19
CZ0714085,Rhodeus amarus,6569d,2022-09-01
CZ0714085,Rhodeus amarus,6669b,2022-09-01
CZ0714085,Rhodeus amarus,6670a,2025-05-11
CZ0714085,Rhodeus amarus,6670c,2025-08-19
CZ0714085,Romanogobio banaticus,6469d,2005-01-01
CZ0714085,Romanogobio banaticus,6569b,2025-08-19
CZ0714085,Romanogobio banaticus,6569d,2023-09-22
CZ0714085,Romanogobio banaticus,6669b,2023-09-22
CZ0714085,Romanogobio vladykovi,"25,""6669b""",2025-08-19
CZ0714085,Romanogobio vladykovi,6469d,2021-08-18
CZ0714085,Romanogobio vladykovi,6569b,2025-08-19
CZ0714085,Romanogobio vladykovi,6569d,2022-09-01
CZ0714085,Romanogobio vladykovi,6669b,2022-09-01
CZ0714085,Romanogobio vladykovi,6670c,2004-07-27
CZ0714085,Salmo trutta,6670a,2004-01-01
CZ0714085,Sanguisorba officinalis,"01,""6670a""",2015-08-10
CZ0714085,Sanguisorba officinalis,6469d,2021-06-23
CZ0714085,Sanguisorba officinalis,6569b,2022-05-03
CZ0714085,Sanguisorba officinalis,6569d,2014-03-26
CZ0714085,Sanguisorba officinalis,6669b,2022-08-05
CZ0714085,Sanguisorba officinalis,6670a,2022-08-14
CZ0714085,Sanguisorba officinalis,6670c,2014-05-02
CZ0714085,Sanguisorba officinalis,"67,""6669b""",2008-05-17
CZ0714085,Sanguisorba officinalis,"85,""6670a""",2020-04-01
CZ0714085,Sanguisorba officinalis,"96,""6669b""",2001-08-08
CZ0714085,Scardinius erythrophthalmus,"14,""6569d""",2004-01-01
CZ0714085,Scardinius erythrophthalmus,"16,""6669b""",2004-01-01
CZ0714085,Scardinius erythrophthalmus,"34,""6569b""",2004-01-01
CZ0714085,Scardinius erythrophthalmus,6469b,2004-01-01
CZ0714085,Scardinius erythrophthalmus,6469d,2020-05-06
CZ0714085,Scardinius erythrophthalmus,6569d,2022-09-01
CZ0714085,Scardinius erythrophthalmus,6669b,2022-09-01
CZ0714085,Scardinius erythrophthalmus,6670a,2011-11-09
CZ0714085,Scardinius erythrophthalmus,6670c,2010-09-03
CZ0714085,Succisa pratensis,6670a,2022-08-07
CZ0714085,Succisa pratensis,6670c,2001-08-08
CZ0714085,Triturus carnifex,6670a,2024-08-10
CZ0714085,Triturus cristatus,6469d,2024-08-10
CZ0714085,Triturus cristatus,6670a,2025-07-05
CZ0714085,Triturus cristatus,"77,""6670a""",2010-07-03
CZ0714085,Unio crassus,"26,""6669b""",2004-04-01
CZ0714085,Unio crassus,6569d,2007-06-03
CZ0714085,Unio crassus,6669b,2007-06-03
CZ0714085,Unio crassus,6670a,2007-07-14
CZ0714085,Unio crassus,6670c,2007-07-14
CZ0714086,Barbastella barbastellus,5768b,2014-01-25
CZ0714086,Barbastella barbastellus,5768d,2004-08-01
CZ0714086,Barbastella barbastellus,"96,""5768a""",2011-12-21
CZ0714086,Barbastella barbastellus,"96,""5768b""",2011-12-21
CZ0714086,Barbastella barbastellus,"96,""5768c""",2011-12-21
CZ0714086,Barbastella barbastellus,"96,""5768d""",2011-12-21
CZ0714086,Barbastella barbastellus,"96,""5769a""",2011-12-21
CZ0714086,Barbastella barbastellus,"96,""5769b""",2011-12-21
CZ0714086,Barbastella barbastellus,"96,""5769c""",2011-12-21
CZ0714086,Barbastella barbastellus,"96,""5769d""",2011-12-21
CZ0714086,Buxbaumia viridis,5768c,2015-09-24
CZ0714086,Buxbaumia viridis,5768d,2015-04-12
CZ0714086,Canis lupus,"09,""5768d""",2025-01-22
CZ0714086,Canis lupus,"37,""5669c""",2024-07-27
CZ0714086,Canis lupus,"42,""5768a""",2025-03-28
CZ0714086,Canis lupus,5768a,2025-04-18
CZ0714086,Canis lupus,5768c,2026-02-19
CZ0714086,Canis lupus,"58,""5768c""",2025-01-23
CZ0714086,Carabus variolosus,"46,""5768c""",2003-01-01
CZ0714086,Carabus variolosus,5768a,2002-07-03
CZ0714086,Carabus variolosus,5768b,2014-02-21
CZ0714086,Carabus variolosus,5768c,2020-05-27
CZ0714086,Carabus variolosus,5769a,2011-03-01
CZ0714086,Cottus gobio,"7,""5669c""",2004-01-01
CZ0714086,Cottus gobio,"88,""5768b""",2004-01-01
CZ0714086,Lampetra planeri,"7,""5669c""",2004-01-01
CZ0714086,Lampetra planeri,"88,""5768b""",2004-01-01
CZ0714086,Lutra lutra,5768a,2018-12-02
CZ0714086,Lutra lutra,5768d,2016-02-14
CZ0714086,Lutra lutra,"96,""5768a""",2007-01-01
CZ0714086,Lutra lutra,"96,""5768b""",2007-01-01
CZ0714086,Lutra lutra,"96,""5768c""",2007-01-01
CZ0714086,Lutra lutra,"96,""5768d""",2007-01-01
CZ0714086,Lutra lutra,"96,""5769a""",2007-01-01
CZ0714086,Lutra lutra,"96,""5769b""",2007-01-01
CZ0714086,Lutra lutra,"96,""5769c""",2007-01-01
CZ0714086,Lutra lutra,"96,""5769d""",2007-01-01
CZ0714086,Lycaena dispar,5768c,2013-07-09
CZ0714086,Lynx lynx,5768b,2013-07-06
CZ0714086,Myotis bechsteinii,5768b,2014-01-25
CZ0714086,Myotis bechsteinii,5768d,2021-01-30
CZ0714086,Myotis bechsteinii,"85,""5769c""",2005-02-12
CZ0714086,Myotis bechsteinii,"96,""5768a""",2011-12-21
CZ0714086,Myotis bechsteinii,"96,""5768b""",2011-12-21
CZ0714086,Myotis bechsteinii,"96,""5768c""",2011-12-21
CZ0714086,Myotis bechsteinii,"96,""5768d""",2011-12-21
CZ0714086,Myotis bechsteinii,"96,""5769a""",2011-12-21
CZ0714086,Myotis bechsteinii,"96,""5769b""",2011-12-21
CZ0714086,Myotis bechsteinii,"96,""5769c""",2011-12-21
CZ0714086,Myotis bechsteinii,"96,""5769d""",2011-12-21
CZ0714086,Myotis emarginatus,"48,""5768b""",1990-01-01
CZ0714086,Myotis emarginatus,5768b,2025-02-01
CZ0714086,Myotis emarginatus,5768d,2025-01-26
CZ0714086,Myotis emarginatus,"86,""5768c""",2006-06-26
CZ0714086,Myotis emarginatus,"96,""5768a""",2011-12-21
CZ0714086,Myotis emarginatus,"96,""5768b""",2011-12-21
CZ0714086,Myotis emarginatus,"96,""5768c""",2011-12-21
CZ0714086,Myotis emarginatus,"96,""5768d""",2011-12-21
CZ0714086,Myotis emarginatus,"96,""5769a""",2011-12-21
CZ0714086,Myotis emarginatus,"96,""5769b""",2011-12-21
CZ0714086,Myotis emarginatus,"96,""5769c""",2011-12-21
CZ0714086,Myotis emarginatus,"96,""5769d""",2011-12-21
CZ0714086,Myotis myotis,"41,""5769a""",2004-08-02
CZ0714086,Myotis myotis,"48,""5768b""",2004-08-01
CZ0714086,Myotis myotis,5768b,2025-02-01
CZ0714086,Myotis myotis,5768d,2025-01-26
CZ0714086,Myotis myotis,"96,""5768a""",2012-06-21
CZ0714086,Myotis myotis,"96,""5768b""",2012-06-21
CZ0714086,Myotis myotis,"96,""5768c""",2012-06-21
CZ0714086,Myotis myotis,"96,""5768d""",2012-06-21
CZ0714086,Myotis myotis,"96,""5769a""",2012-06-21
CZ0714086,Myotis myotis,"96,""5769b""",2012-06-21
CZ0714086,Myotis myotis,"96,""5769c""",2012-06-21
CZ0714086,Myotis myotis,"96,""5769d""",2012-06-21
CZ0714086,Myotis sp.,5768d,2018-01-26
CZ0714086,Rhinolophus hipposideros,5768b,2025-02-01
CZ0714086,Rhinolophus hipposideros,5768c,2005-03-26
CZ0714086,Rhinolophus hipposideros,5768d,2025-01-26
CZ0714086,Rhinolophus hipposideros,"96,""5768a""",2012-06-21
CZ0714086,Rhinolophus hipposideros,"96,""5768b""",2012-06-21
CZ0714086,Rhinolophus hipposideros,"96,""5768c""",2012-06-21
CZ0714086,Rhinolophus hipposideros,"96,""5768d""",2012-06-21
CZ0714086,Rhinolophus hipposideros,"96,""5769a""",2012-06-21
CZ0714086,Rhinolophus hipposideros,"96,""5769b""",2012-06-21
CZ0714086,Rhinolophus hipposideros,"96,""5769c""",2012-06-21
CZ0714086,Rhinolophus hipposideros,"96,""5769d""",2012-06-21
CZ0714086,Salmo trutta,"44,""5768b""",2004-01-01
CZ0714086,Salmo trutta,5768b,2003-01-01
CZ0714086,Salmo trutta,5768c,2018-10-03
CZ0714086,Salmo trutta,5768d,2015-10-23
CZ0714086,Salmo trutta,"69,""5768a""",2004-01-01
CZ0714086,Salmo trutta,"7,""5669c""",2004-01-01
CZ0714086,Salmo trutta,"88,""5768b""",2004-01-01
CZ0714086,Sanguisorba officinalis,5768d,2019-04-21
CZ0714086,Triturus cristatus,5769c,2025-02-24
CZ0714133,Barbastella barbastellus,6370a,2022-01-23
CZ0714133,Barbastella barbastellus,6370b,2025-01-19
CZ0714133,Barbastella barbastellus,6471a,2024-07-05
CZ0714133,Barbastella barbastellus,6471b,2025-01-26
CZ0714133,Barbastella barbastellus,"96,""6370a""",2011-12-21
CZ0714133,Barbastella barbastellus,"96,""6370b""",2011-12-21
CZ0714133,Barbastella barbastellus,"96,""6370c""",2011-12-21
CZ0714133,Barbastella barbastellus,"96,""6370d""",2011-12-21
CZ0714133,Barbastella barbastellus,"96,""6471a""",2011-12-21
CZ0714133,Barbastella barbastellus,"96,""6471b""",2011-12-21
CZ0714133,Barbastella barbastellus,"96,""6471c""",2011-12-21
CZ0714133,Barbastella barbastellus,"96,""6471d""",2011-12-21
CZ0714133,Bombina variegata,6370b,2012-06-10
CZ0714133,Bombina variegata,6370d,2021-04-01
CZ0714133,Bombina variegata,6371a,2012-05-30
CZ0714133,Bombina variegata,6471a,2025-06-02
CZ0714133,Canis lupus,6371c,2023-08-11
CZ0714133,Canis lupus,6371d,2024-11-05
CZ0714133,Canis lupus,6471b,2024-04-28
CZ0714133,Canis lupus,"96,""6371a""",2022-05-01
CZ0714133,Canis lupus,"96,""6371b""",2022-05-01
CZ0714133,Canis lupus,"96,""6371c""",2022-05-01
CZ0714133,Canis lupus,"96,""6371d""",2022-05-01
CZ0714133,Carabus variolosus,"09,""6371c""",2003-01-01
CZ0714133,Carabus variolosus,6370b,2018-05-01
CZ0714133,Carabus variolosus,6370d,2023-05-19
CZ0714133,Carabus variolosus,6371c,2001-06-19
CZ0714133,Carabus variolosus,6371d,2001-06-19
CZ0714133,Carabus variolosus,6471a,2014-02-15
CZ0714133,Carabus variolosus,6471b,2023-05-19
CZ0714133,Castor fiber,"23,""6371a""",2004-08-01
CZ0714133,Castor fiber,"47,""6371b""",2000-01-01
CZ0714133,Castor fiber,6370b,2017-05-14
CZ0714133,Castor fiber,6371d,2020-04-17
CZ0714133,Castor fiber,"96,""6371a""",2022-05-01
CZ0714133,Castor fiber,"96,""6371b""",2022-05-01
CZ0714133,Castor fiber,"96,""6371c""",2022-05-01
CZ0714133,Castor fiber,"96,""6371d""",2022-05-01
CZ0714133,Cottus gobio,"13,""6470b""",2004-01-01
CZ0714133,Cottus gobio,6271d,2023-10-21
CZ0714133,Cottus gobio,6272c,2023-10-21
CZ0714133,Cottus gobio,6370b,2016-09-23
CZ0714133,Cottus gobio,6371a,2023-10-21
CZ0714133,Cottus gobio,6371c,2016-09-23
CZ0714133,Cottus gobio,6470b,2016-09-23
CZ0714133,Cottus gobio,6471b,2016-09-23
CZ0714133,Cucujus cinnaberinus,6471b,2025-06-01
CZ0714133,Euplagia quadripunctaria,6272c,2003-07-01
CZ0714133,Euplagia quadripunctaria,6370a,2023-08-15
CZ0714133,Euplagia quadripunctaria,6370d,2021-08-14
CZ0714133,Euplagia quadripunctaria,6471a,2024-08-18
CZ0714133,Euplagia quadripunctaria,6471b,2013-08-03
CZ0714133,Euplagia quadripunctaria,"99,""6272c""",2003-08-01
CZ0714133,Lampetra planeri,6271d,2016-09-23
CZ0714133,Lampetra planeri,6272c,2016-09-23
CZ0714133,Lampetra planeri,6371a,2016-09-23
CZ0714133,Lampetra planeri,6371c,2016-09-23
CZ0714133,Lampetra planeri,"97,""6271c""",2012-05-30
CZ0714133,Lemna trisulca,6370b,2013-07-21
CZ0714133,Leucorrhinia pectoralis,"24,""6371a""",2011-06-21
CZ0714133,Leucorrhinia pectoralis,"24,""6371c""",2011-06-21
CZ0714133,Leucorrhinia pectoralis,6370b,2016-06-24
CZ0714133,Leucorrhinia pectoralis,6370d,2016-06-24
CZ0714133,Leucorrhinia pectoralis,6371a,2005-07-14
CZ0714133,Leucorrhinia pectoralis,6371c,2017-06-18
CZ0714133,Lucanus cervus,6370d,2022-07-29
CZ0714133,Lucanus cervus,6471a,2017-04-19
CZ0714133,Lucanus cervus,6471b,2025-06-01
CZ0714133,Lutra lutra,6270d,2025-10-15
CZ0714133,Lutra lutra,6271d,2025-10-09
CZ0714133,Lutra lutra,6272c,2019-04-07
CZ0714133,Lutra lutra,6370d,2011-11-08
CZ0714133,Lutra lutra,6371a,2017-04-23
CZ0714133,Lutra lutra,6371c,2019-06-15
CZ0714133,Lutra lutra,6371d,2022-01-22
CZ0714133,Lutra lutra,6471a,2011-11-06
CZ0714133,Lutra lutra,"96,""6370a""",2021-05-01
CZ0714133,Lutra lutra,"96,""6370b""",2021-05-01
CZ0714133,Lutra lutra,"96,""6370c""",2021-05-01
CZ0714133,Lutra lutra,"96,""6370d""",2021-05-01
CZ0714133,Lutra lutra,"96,""6371a""",2022-05-01
CZ0714133,Lutra lutra,"96,""6371b""",2022-05-01
CZ0714133,Lutra lutra,"96,""6371c""",2022-05-01
CZ0714133,Lutra lutra,"96,""6371d""",2022-05-01
CZ0714133,Lutra lutra,"96,""6471a""",2007-01-01
CZ0714133,Lutra lutra,"96,""6471b""",2007-01-01
CZ0714133,Lutra lutra,"96,""6471c""",2007-01-01
CZ0714133,Lutra lutra,"96,""6471d""",2007-01-01
CZ0714133,Lycaena dispar,6370b,2015-08-15
CZ0714133,Lycaena dispar,6370d,2013-08-16
CZ0714133,Lycaena dispar,6371a,2017-06-11
CZ0714133,Lycaena dispar,6471b,2018-05-27
CZ0714133,Lycaena dispar,"96,""6370a""",2006-01-01
CZ0714133,Lycaena dispar,"96,""6370b""",2006-01-01
CZ0714133,Lycaena dispar,"96,""6370c""",2006-01-01
CZ0714133,Lycaena dispar,"96,""6370d""",2006-01-01
CZ0714133,Lynx lynx,6271c,2003-02-01
CZ0714133,Lynx lynx,6371c,2004-12-01
CZ0714133,Lynx lynx,6371d,2014-08-01
CZ0714133,Lynx lynx,6471b,2014-11-01
CZ0714133,Lynx lynx,"69,""6370d""",2000-12-01
CZ0714133,Myotis bechsteinii,6370a,2019-01-27
CZ0714133,Myotis bechsteinii,6370b,2016-02-13
CZ0714133,Myotis bechsteinii,6471a,2001-01-29
CZ0714133,Myotis bechsteinii,6471b,2021-01-18
CZ0714133,Myotis bechsteinii,"96,""6370a""",2011-12-21
CZ0714133,Myotis bechsteinii,"96,""6370b""",2011-12-21
CZ0714133,Myotis bechsteinii,"96,""6370c""",2011-12-21
CZ0714133,Myotis bechsteinii,"96,""6370d""",2011-12-21
CZ0714133,Myotis bechsteinii,"96,""6471a""",2011-12-21
CZ0714133,Myotis bechsteinii,"96,""6471b""",2011-12-21
CZ0714133,Myotis bechsteinii,"96,""6471c""",2011-12-21
CZ0714133,Myotis bechsteinii,"96,""6471d""",2011-12-21
CZ0714133,Myotis emarginatus,6370a,2021-01-24
CZ0714133,Myotis emarginatus,6370b,2025-01-19
CZ0714133,Myotis emarginatus,6471b,2024-02-18
CZ0714133,Myotis emarginatus,"96,""6370a""",2011-12-21
CZ0714133,Myotis emarginatus,"96,""6370b""",2011-12-21
CZ0714133,Myotis emarginatus,"96,""6370c""",2011-12-21
CZ0714133,Myotis emarginatus,"96,""6370d""",2011-12-21
CZ0714133,Myotis emarginatus,"96,""6471a""",2011-12-21
CZ0714133,Myotis emarginatus,"96,""6471b""",2011-12-21
CZ0714133,Myotis emarginatus,"96,""6471c""",2011-12-21
CZ0714133,Myotis emarginatus,"96,""6471d""",2011-12-21
CZ0714133,Myotis myotis,6370a,2019-01-27
CZ0714133,Myotis myotis,6370b,2025-01-19
CZ0714133,Myotis myotis,6471a,2024-07-05
CZ0714133,Myotis myotis,6471b,2025-02-08
CZ0714133,Myotis myotis,"96,""6370a""",2012-06-21
CZ0714133,Myotis myotis,"96,""6370b""",2012-06-21
CZ0714133,Myotis myotis,"96,""6370c""",2012-06-21
CZ0714133,Myotis myotis,"96,""6370d""",2012-06-21
CZ0714133,Myotis myotis,"96,""6471a""",2012-06-21
CZ0714133,Myotis myotis,"96,""6471b""",2012-06-21
CZ0714133,Myotis myotis,"96,""6471c""",2012-06-21
CZ0714133,Myotis myotis,"96,""6471d""",2012-06-21
CZ0714133,Myotis sp.,6370b,2023-01-23
CZ0714133,Myotis sp.,6471b,2024-02-04
CZ0714133,Phengaris nausithous,"24,""6371a""",2011-06-21
CZ0714133,Phengaris nausithous,"24,""6371c""",2011-06-21
CZ0714133,Phengaris nausithous,"3,""6371a""",1995-01-01
CZ0714133,Phengaris nausithous,6271d,2022-08-07
CZ0714133,Phengaris nausithous,6272c,2021-08-18
CZ0714133,Phengaris nausithous,6370b,2015-07-27
CZ0714133,Phengaris nausithous,6370d,2010-04-01
CZ0714133,Phengaris nausithous,6371a,2015-07-27
CZ0714133,Phengaris nausithous,6371c,2022-07-17
CZ0714133,Phengaris nausithous,"96,""6471a""",1995-01-01
CZ0714133,Phengaris nausithous,"96,""6471b""",1995-01-01
CZ0714133,Phengaris nausithous,"96,""6471c""",1995-01-01
CZ0714133,Phengaris nausithous,"96,""6471d""",1995-01-01
CZ0714133,Rhinolophus hipposideros,6370a,2025-04-12
CZ0714133,Rhinolophus hipposideros,6370b,2025-01-19
CZ0714133,Rhinolophus hipposideros,6471a,2006-02-27
CZ0714133,Rhinolophus hipposideros,6471b,2025-02-08
CZ0714133,Rhinolophus hipposideros,"96,""6370a""",2011-12-21
CZ0714133,Rhinolophus hipposideros,"96,""6370b""",2011-12-21
CZ0714133,Rhinolophus hipposideros,"96,""6370c""",2011-12-21
CZ0714133,Rhinolophus hipposideros,"96,""6370d""",2011-12-21
CZ0714133,Rhinolophus hipposideros,"96,""6471a""",2011-12-21
CZ0714133,Rhinolophus hipposideros,"96,""6471b""",2011-12-21
CZ0714133,Rhinolophus hipposideros,"96,""6471c""",2011-12-21
CZ0714133,Rhinolophus hipposideros,"96,""6471d""",2011-12-21
CZ0714133,Salmo trutta,"13,""6470b""",2004-01-01
CZ0714133,Salmo trutta,6271c,2025-08-06
CZ0714133,Salmo trutta,6271d,2016-09-23
CZ0714133,Salmo trutta,6272c,2016-09-23
CZ0714133,Salmo trutta,6370b,2016-09-23
CZ0714133,Salmo trutta,6370d,2005-09-23
CZ0714133,Salmo trutta,6371a,2016-09-23
CZ0714133,Salmo trutta,6371c,2016-09-23
CZ0714133,Salmo trutta,6470b,2016-09-23
CZ0714133,Salmo trutta,6471b,2016-09-23
CZ0714133,Sanguisorba officinalis,"24,""6371a""",2011-03-20
CZ0714133,Sanguisorba officinalis,"24,""6371c""",2011-03-20
CZ0714133,Sanguisorba officinalis,"5,""6371b""",2013-06-21
CZ0714133,Sanguisorba officinalis,"61,""6271d""",2001-08-15
CZ0714133,Sanguisorba officinalis,6271d,2020-08-26
CZ0714133,Sanguisorba officinalis,6272c,2025-10-22
CZ0714133,Sanguisorba officinalis,6370b,2013-07-26
CZ0714133,Sanguisorba officinalis,6370d,2015-10-05
CZ0714133,Sanguisorba officinalis,6371a,2015-06-21
CZ0714133,Sanguisorba officinalis,6371c,2013-06-18
CZ0714133,Sanguisorba officinalis,6371d,2013-05-20
CZ0714133,Sanguisorba officinalis,6470b,2012-07-24
CZ0714133,Sanguisorba officinalis,6471a,2012-07-30
CZ0714133,Sanguisorba officinalis,6471b,2020-06-16
CZ0714133,Sanguisorba officinalis,"74,""6272c""",2001-08-15
CZ0714133,Sanguisorba officinalis,"96,""6271d""",2001-08-15
CZ0714133,Succisa pratensis,"02,""6271c""",2001-08-22
CZ0714133,Succisa pratensis,"14,""6370b""",2013-07-21
CZ0714133,Succisa pratensis,"15,""6370b""",2001-08-22
CZ0714133,Succisa pratensis,"24,""6371a""",2011-03-20
CZ0714133,Succisa pratensis,"24,""6371c""",2011-03-20
CZ0714133,Succisa pratensis,"36,""6371a""",2001-08-22
CZ0714133,Succisa pratensis,"43,""6371a""",2001-08-22
CZ0714133,Succisa pratensis,"46,""6271d""",2004-06-19
CZ0714133,Succisa pratensis,"47,""6371a""",2013-06-10
CZ0714133,Succisa pratensis,"58,""6370b""",2013-07-26
CZ0714133,Succisa pratensis,"6,""6371a""",2013-07-31
CZ0714133,Succisa pratensis,6271c,2013-07-31
CZ0714133,Succisa pratensis,6271d,2001-08-15
CZ0714133,Succisa pratensis,6272c,2001-08-15
CZ0714133,Succisa pratensis,6370b,2015-10-10
CZ0714133,Succisa pratensis,6370d,2015-10-10
CZ0714133,Succisa pratensis,6371a,2015-06-21
CZ0714133,Succisa pratensis,6371d,2013-05-20
CZ0714133,Succisa pratensis,6470b,2002-08-15
CZ0714133,Succisa pratensis,"68,""6271c""",2001-08-22
CZ0714133,Succisa pratensis,"7,""6370b""",2001-08-22
CZ0714133,Succisa pratensis,"74,""6272c""",2001-08-15
CZ0714133,Succisa pratensis,"76,""6370b""",2001-08-22
CZ0714133,Succisa pratensis,"78,""6271c""",2013-07-13
CZ0714133,Succisa pratensis,"88,""6371a""",2001-08-22
CZ0714133,Succisa pratensis,"93,""6370b""",2001-08-22
CZ0714133,Succisa pratensis,"93,""6371a""",2001-08-22
CZ0714133,Succisa pratensis,"96,""6271d""",2001-08-15
CZ0714133,Triturus cristatus,6272c,2020-07-07
CZ0714133,Triturus cristatus,6370d,2021-04-01
CZ0714771,Barbastella barbastellus,6472c,2011-08-05
CZ0714771,Barbastella barbastellus,6472d,2015-08-27
CZ0714771,Euplagia quadripunctaria,6472c,2021-08-29
CZ0714771,Euplagia quadripunctaria,6472d,2012-07-12
CZ0714771,Miniopterus schreibersii,6472d,2011-04-21
CZ0714771,Myotis bechsteinii,"11,""6472c""",2004-01-01
CZ0714771,Myotis bechsteinii,6472d,2012-08-30
CZ0714771,Myotis emarginatus,6472c,2005-02-04
CZ0714771,Myotis emarginatus,6472d,2007-09-19
CZ0714771,Myotis myotis,6472c,2011-08-04
CZ0714771,Myotis myotis,6472d,2024-03-30
CZ0714771,Rhinolophus hipposideros,6472c,2011-08-04
CZ0714771,Rhinolophus hipposideros,6472d,2010-06-26
CZ0714772,Barbastella barbastellus,"44,""6370b""",2015-05-08
CZ0714772,Barbastella barbastellus,"7,""6370a""",2005-01-29
CZ0714772,Bombina bombina,6370b,2006-05-23
CZ0714772,Carabus variolosus,6370a,2015-06-19
CZ0714772,Carabus variolosus,6370b,2023-05-19
CZ0714772,Castor fiber,"7,""6370a""",2006-01-01
CZ0714772,Euplagia quadripunctaria,6370a,2023-08-15
CZ0714772,Euplagia quadripunctaria,6370b,2024-08-11
CZ0714772,Lutra lutra,6370a,2001-03-08
CZ0714772,Lutra lutra,6370b,2025-10-15
CZ0714772,Lycaena dispar,"77,""6370a""",1995-01-01
CZ0714772,Myotis bechsteinii,"44,""6370b""",2015-05-08
CZ0714772,Myotis bechsteinii,6370a,2024-01-21
CZ0714772,Myotis bechsteinii,"7,""6370a""",2003-01-01
CZ0714772,Myotis emarginatus,6370a,2022-01-23
CZ0714772,Myotis emarginatus,"7,""6370a""",2003-01-22
CZ0714772,Myotis myotis,"44,""6370b""",2015-05-08
CZ0714772,Myotis myotis,6370a,2025-04-12
CZ0714772,Myotis myotis,6370b,2003-01-22
CZ0714772,Myotis myotis,"7,""6370a""",2001-01-24
CZ0714772,Myotis sp.,"7,""6370a""",2001-01-24
CZ0714772,Phengaris nausithous,6370a,2016-08-18
CZ0714772,Phengaris teleius,6370a,2010-08-05
CZ0714772,Rhinolophus hipposideros,6370a,2025-04-12
CZ0714772,Rhinolophus hipposideros,6370b,2003-01-22
CZ0714772,Rhinolophus hipposideros,"7,""6370a""",2003-01-22
CZ0714772,Salmo trutta,6370a,2010-01-01
CZ0715024,Buxbaumia viridis,5868b,2024-05-11
CZ0715024,Mannia triandra,5868b,2022-05-17
CZ0715025,Buxbaumia viridis,6068a,2013-09-18
CZ0715025,Buxbaumia viridis,6068c,2020-10-11
CZ0715025,Carabus variolosus,"31,""6068c""",2003-01-01
CZ0715025,Carabus variolosus,6068a,2015-06-18
CZ0715025,Carabus variolosus,6068c,2015-11-30
CZ0720013,Colias myrmidone,7071a,2005-03-20
CZ0720013,Euplagia quadripunctaria,7071a,2005-03-20
CZ0720013,Lycaena dispar,7071a,2005-03-20
CZ0720013,Phengaris nausithous,7071a,2024-07-21
CZ0720013,Phengaris teleius,7071a,2024-07-21
CZ0720013,Pulsatilla grandis,7071a,2001-04-20
CZ0720013,Sanguisorba officinalis,7071a,2012-06-06
CZ0720013,Sanguisorba officinalis,"85,""7071a""",2005-05-31
CZ0720016,Bombina variegata,6971d,2001-05-15
CZ0720016,Colias myrmidone,"69,""6971d""",1995-01-01
CZ0720016,Eriogaster catax,NA,2008-04-01
CZ0720016,Euplagia quadripunctaria,6971c,1995-01-01
CZ0720016,Hipparchia semele,NA,1995-01-01
CZ0720016,Lucanus cervus,6971c,2006-04-03
CZ0720016,Lycaena dispar,"69,""6971d""",1995-01-01
CZ0720016,Pulsatilla grandis,6971c,2023-03-24
CZ0720016,Sanguisorba officinalis,6971c,2013-07-25
CZ0720016,Succisa pratensis,6971c,2007-03-11
CZ0720033,Bombina variegata,6673b,2010-07-08
CZ0720033,Bombina variegata,6673c,2022-05-10
CZ0720033,Bombina variegata,6673d,2025-08-05
CZ0720033,Bombina variegata,"99,""6673d""",2010-07-01
CZ0720033,Canis lupus,"33,""6673b""",2025-01-29
CZ0720033,Carabus variolosus,6673d,2019-10-09
CZ0720033,Castor fiber,6673b,2018-05-22
CZ0720033,Euplagia quadripunctaria,6673c,2020-08-28
CZ0720033,Euplagia quadripunctaria,6673d,2013-08-05
CZ0720033,Myotis emarginatus,6673d,2002-02-24
CZ0720033,Phengaris nausithous,"09,""6673d""",2009-08-05
CZ0720033,Phengaris nausithous,6673c,2025-07-22
CZ0720033,Phengaris nausithous,6673d,2025-07-05
CZ0720033,Phengaris teleius,"09,""6673d""",2009-08-05
CZ0720033,Phengaris teleius,6673c,2025-07-22
CZ0720033,Phengaris teleius,6673d,2025-07-22
CZ0720033,Rhinolophus hipposideros,6673d,2003-02-17
CZ0720033,Sanguisorba officinalis,6673c,2021-07-27
CZ0720033,Sanguisorba officinalis,6673d,2024-05-21
CZ0720033,Succisa pratensis,6673d,2024-05-21
CZ0720033,Vertigo angustior,6673d,2025-12-05
CZ0720058,Sanguisorba officinalis,6772b,2016-06-02
CZ0720058,Succisa pratensis,6772b,2016-06-02
CZ0720153,Cucujus cinnaberinus,6769b,2023-09-26
CZ0720185,Bombina variegata,6672a,2014-06-14
CZ0720185,Phengaris nausithous,6672a,2010-07-29
CZ0720185,Phengaris teleius,6672a,2010-07-29
CZ0720185,Sanguisorba officinalis,6672a,2023-05-31
CZ0720190,Bombina variegata,6672c,2025-04-29
CZ0720190,Carabus variolosus,6672c,2017-09-18
CZ0720190,Cucujus cinnaberinus,6672c,2021-05-26
CZ0720190,Rhysodes sulcatus,6672c,2021-05-26
CZ0720192,Bombina variegata,6672c,2005-04-01
CZ0720192,Carabus variolosus,6672c,2018-08-10
CZ0720192,Cucujus cinnaberinus,6672c,2021-10-28
CZ0720192,Salmo trutta,"26,""6772a""",2004-01-01
CZ0720192,Sanguisorba officinalis,6672c,2014-08-05
CZ0720420,Eriogaster catax,NA,2010-05-02
CZ0720420,Euplagia quadripunctaria,6972b,2005-09-04
CZ0720420,Euplagia quadripunctaria,6972d,2011-08-07
CZ0720420,Lycaena dispar,6972b,2023-09-06
CZ0720420,Lycaena dispar,6972d,2013-06-14
CZ0720420,Phengaris nausithous,6972b,2013-08-02
CZ0720420,Phengaris teleius,6972b,2013-08-02
CZ0720420,Phengaris teleius,6972d,2015-07-24
CZ0720420,Sanguisorba officinalis,6972b,2012-09-20
CZ0720420,Sanguisorba officinalis,6972d,2012-07-24
CZ0720422,Bombina variegata,"01,""7072b""",2008-07-31
CZ0720422,Bombina variegata,6972d,2010-04-13
CZ0720422,Bombina variegata,7072a,2010-04-26
CZ0720422,Bombina variegata,7072b,2016-08-16
CZ0720422,Eriogaster catax,"19,""7072a""",2008-04-26
CZ0720422,Eriogaster catax,NA,2010-05-02
CZ0720422,Euplagia quadripunctaria,6972d,2022-08-09
CZ0720422,Euplagia quadripunctaria,7072b,2022-07-22
CZ0720422,Lycaena dispar,6972d,2015-09-12
CZ0720422,Lycaena dispar,7072b,2011-06-27
CZ0720422,Phengaris nausithous,"4,""7072a""",2024-07-21
CZ0720422,Phengaris nausithous,6972d,2013-08-03
CZ0720422,Phengaris teleius,"4,""7072a""",2024-07-21
CZ0720422,Phengaris teleius,6972d,2015-07-25
CZ0720422,Sanguisorba officinalis,"25,""6972d""",2021-07-15
CZ0720422,Sanguisorba officinalis,6972d,2021-07-16
CZ0720422,Sanguisorba officinalis,7072b,2021-07-17
CZ0720428,Bombina variegata,6973c,2025-05-22
CZ0720428,Canis lupus,6973d,2023-12-09
CZ0720428,Carabus variolosus,6973c,2005-06-01
CZ0720428,Euplagia quadripunctaria,6973c,2022-08-09
CZ0720428,Euplagia quadripunctaria,6973d,2023-08-11
CZ0720428,Euplagia quadripunctaria,"96,""6973a""",2009-08-24
CZ0720428,Euplagia quadripunctaria,"96,""6973b""",2009-08-24
CZ0720428,Euplagia quadripunctaria,"96,""6973c""",2009-08-24
CZ0720428,Euplagia quadripunctaria,"96,""6973d""",2009-08-24
CZ0720428,Lutra lutra,"96,""6973a""",2007-01-01
CZ0720428,Lutra lutra,"96,""6973b""",2007-01-01
CZ0720428,Lutra lutra,"96,""6973c""",2007-01-01
CZ0720428,Lutra lutra,"96,""6973d""",2007-01-01
CZ0720428,Lycaena dispar,6973c,2013-08-18
CZ0720428,Lycaena dispar,6973d,2013-09-03
CZ0720428,Lycaena dispar,"96,""6973a""",2004-08-24
CZ0720428,Lycaena dispar,"96,""6973b""",2004-08-24
CZ0720428,Lycaena dispar,"96,""6973c""",2004-08-24
CZ0720428,Lycaena dispar,"96,""6973d""",2004-08-24
CZ0720428,Lycaena dispar,"99,""6973d""",2000-01-01
CZ0720428,Myotis emarginatus,"96,""6973a""",2011-06-21
CZ0720428,Myotis emarginatus,"96,""6973b""",2011-06-21
CZ0720428,Myotis emarginatus,"96,""6973c""",2011-06-21
CZ0720428,Myotis emarginatus,"96,""6973d""",2011-06-21
CZ0720428,Myotis myotis,"96,""6973a""",2012-06-21
CZ0720428,Myotis myotis,"96,""6973b""",2012-06-21
CZ0720428,Myotis myotis,"96,""6973c""",2012-06-21
CZ0720428,Myotis myotis,"96,""6973d""",2012-06-21
CZ0720428,Phengaris nausithous,"26,""6973a""",2009-07-26
CZ0720428,Phengaris nausithous,"63,""6973a""",2021-07-22
CZ0720428,Phengaris nausithous,6973a,2021-08-02
CZ0720428,Phengaris nausithous,6973c,2015-08-01
CZ0720428,Phengaris nausithous,"96,""6973a""",2005-07-31
CZ0720428,Phengaris nausithous,"96,""6973b""",2005-07-31
CZ0720428,Phengaris nausithous,"96,""6973c""",2005-07-31
CZ0720428,Phengaris nausithous,"96,""6973d""",2005-07-31
CZ0720428,Phengaris teleius,"63,""6973a""",2021-07-22
CZ0720428,Phengaris teleius,6973a,2023-07-11
CZ0720428,Phengaris teleius,6973c,2023-08-11
CZ0720428,Phengaris teleius,6973d,2015-07-23
CZ0720428,Phengaris teleius,"7,""6973c""",1995-01-01
CZ0720428,Phengaris teleius,"96,""6973a""",2005-07-31
CZ0720428,Phengaris teleius,"96,""6973b""",2005-07-31
CZ0720428,Phengaris teleius,"96,""6973c""",2005-07-31
CZ0720428,Phengaris teleius,"96,""6973d""",2005-07-31
CZ0720428,Salmo trutta,6973c,2000-08-11
CZ0720428,Sanguisorba officinalis,6973a,2023-07-18
CZ0720428,Sanguisorba officinalis,6973c,2023-09-13
CZ0720428,Sanguisorba officinalis,6973d,2013-08-15
CZ0720428,Succisa pratensis,6973d,2005-07-14
CZ0720435,Barbastella barbastellus,6874c,2021-10-03
CZ0720435,Bombina variegata,6874c,2024-07-14
CZ0720435,Cucujus cinnaberinus,6874c,2023-05-07
CZ0720435,Euplagia quadripunctaria,"21,""6874d""",2008-08-11
CZ0720435,Euplagia quadripunctaria,6874c,2023-07-16
CZ0720435,Euplagia quadripunctaria,6874d,2022-08-08
CZ0720435,Lycaena dispar,"21,""6874d""",2008-07-11
CZ0720435,Lycaena dispar,6874c,2022-06-14
CZ0720435,Lycaena dispar,6874d,2022-08-08
CZ0720435,Myotis alcathoe/emarginatus,6874c,2021-07-22
CZ0720435,Myotis bechsteinii,6874c,2021-08-07
CZ0720435,Myotis myotis,6874c,2021-07-22
CZ0720435,Myotis sp.,6874c,2021-08-07
CZ0720435,Phengaris nausithous,6874c,2013-08-15
CZ0720435,Phengaris nausithous,6874d,2021-08-13
CZ0720435,Phengaris teleius,"21,""6874d""",2007-07-26
CZ0720435,Phengaris teleius,6874c,2022-07-05
CZ0720435,Phengaris teleius,6874d,2021-08-13
CZ0720435,Rumex sp.,6874c,2003-06-18
CZ0720435,Sanguisorba officinalis,6874c,2014-06-29
CZ0720435,Sanguisorba officinalis,6874d,2004-08-22
CZ0720435,Succisa pratensis,6874c,2002-08-07
CZ0720437,Bombina variegata,6973b,2022-08-10
CZ0720437,Euplagia quadripunctaria,6973b,2011-08-06
CZ0720437,Euplagia quadripunctaria,6973d,2022-08-09
CZ0720437,Lutra lutra,6973d,2016-10-09
CZ0720437,Lycaena dispar,6973b,2023-08-15
CZ0720437,Lycaena dispar,6973d,2013-09-03
CZ0720437,Lycaena dispar,"99,""6973d""",2000-01-01
CZ0720437,Phengaris nausithous,6973d,2021-07-22
CZ0720437,Phengaris teleius,6973b,2015-07-24
CZ0720437,Phengaris teleius,6973d,2015-07-23
CZ0720437,Rosalia alpina,6973d,2021-07-22
CZ0720437,Salmo trutta,6973d,2004-07-13
CZ0720437,Sanguisorba officinalis,"69,""6973d""",2013-08-16
CZ0720437,Sanguisorba officinalis,6973b,2013-08-24
CZ0720437,Sanguisorba officinalis,6973d,2024-07-25
CZ0720437,Sanguisorba officinalis,"95,""6973d""",2024-07-25
CZ0720437,Succisa pratensis,6973b,2005-08-19
CZ0720437,Succisa pratensis,6973d,2005-07-14
CZ0720441,Bombina variegata,6874c,2023-06-15
CZ0720441,Carabus variolosus,6874c,2019-05-02
CZ0720441,Cottus gobio,"43,""6874c""",2004-01-01
CZ0720441,Euplagia quadripunctaria,6874c,2009-08-15
CZ0720441,Hipparchia semele,NA,1995-01-01
CZ0720441,Lycaena dispar,6874c,2022-07-05
CZ0720441,Phengaris nausithous,6874c,2022-08-08
CZ0720441,Phengaris teleius,6874c,2022-08-08
CZ0720441,Rosalia alpina,6874c,2024-07-02
CZ0720441,Salmo trutta,"43,""6874c""",2004-01-01
CZ0720441,Salmo trutta,6874c,2004-08-16
CZ0720441,Sanguisorba officinalis,6874c,2019-07-31
CZ0720441,Sanguisorba officinalis,6974a,2004-07-09
CZ0720441,Succisa pratensis,6874c,2005-09-11
CZ0720441,Tephroseris longifolia subsp. moravica,6874c,2014-06-29
CZ0720441,Vertigo angustior,6874c,2005-07-01
CZ0720454,Bombina bombina,6874d,2023-06-15
CZ0720454,Bombina variegata,6874d,2021-05-26
CZ0720454,Euplagia quadripunctaria,"59,""6874d""",2010-08-10
CZ0720454,Euplagia quadripunctaria,6874d,2021-08-13
CZ0720454,Hipparchia semele,NA,1995-01-01
CZ0720454,Lissotriton montandoni,6874d,2019-06-13
CZ0720454,Lycaena dispar,6874d,2005-09-04
CZ0720454,Phengaris teleius,6874d,2007-08-02
CZ0720454,Sanguisorba officinalis,6874d,2019-05-08
CZ0720454,Sanguisorba officinalis,"86,""6874d""",2019-05-08
CZ0720454,Succisa pratensis,6874d,2014-06-18
CZ0722198,Hipparchia semele,NA,1995-01-01
CZ0722198,Sanguisorba officinalis,6974a,2021-06-16
CZ0722198,Tephroseris longifolia subsp. moravica,6974a,2022-07-15
CZ0722199,Bombina variegata,6874d,2019-06-12
CZ0722199,Euplagia quadripunctaria,6874d,2011-08-03
CZ0722199,Lycaena dispar,"02,""6874d""",1995-01-01
CZ0722199,Lycaena dispar,6874d,2013-08-20
CZ0722199,Phengaris nausithous,6874d,2013-08-20
CZ0722199,Phengaris teleius,"02,""6874d""",2007-08-15
CZ0722199,Phengaris teleius,6874d,2013-08-20
CZ0722199,Sanguisorba officinalis,6874d,2019-06-28
CZ0722199,Succisa pratensis,6874d,2010-09-23
CZ0722199,Tephroseris longifolia subsp. moravica,6874d,2022-07-01
CZ0722201,Echium maculatum,7071a,2025-06-25
CZ0722201,Eriogaster catax,7071a,2005-03-20
CZ0722201,Euplagia quadripunctaria,7071a,2005-03-20
CZ0722201,Lycaena dispar,7071a,2005-03-20
CZ0722201,Pulsatilla grandis,7071a,2025-04-02
CZ0723007,Abramis brama,"37,""6970b""",2004-01-01
CZ0723007,Blicca bjoerkna,6970b,2011-05-26
CZ0723007,Bombina bombina,6970b,2001-03-11
CZ0723007,Castor fiber,6970b,2010-01-01
CZ0723007,Eriogaster catax,NA,2008-04-01
CZ0723007,Leuciscus aspius,"37,""6970b""",2004-01-01
CZ0723007,Rhodeus amarus,"37,""6970b""",2004-01-01
CZ0723007,Rhodeus amarus,6970b,2022-09-24
CZ0723007,Scardinius erythrophthalmus,"37,""6970b""",2004-01-01
CZ0723012,Blicca bjoerkna,6970c,2011-05-26
CZ0723012,Bombina bombina,6970c,2001-03-11
CZ0723012,Castor fiber,6970c,2001-03-11
CZ0723012,Rhodeus amarus,6970c,2023-08-22
CZ0723020,Eriogaster catax,7070b,2021-05-01
CZ0723020,Lycaena dispar,7070b,2023-05-01
CZ0723024,Eriogaster catax,"59,""6970b""",2012-04-14
CZ0723024,Eriogaster catax,6970b,2025-04-25
CZ0723024,Eriogaster catax,"79,""6970b""",2022-04-15
CZ0723024,Eriogaster catax,NA,2008-04-01
CZ0723024,Hipparchia semele,NA,1995-01-01
CZ0723024,Lycaena dispar,"59,""6970b""",2008-01-01
CZ0723024,Lycaena dispar,6970b,2021-06-27
CZ0723024,Lycaena dispar,"93,""6970b""",2021-08-03
CZ0723024,Rumex sp.,"93,""6970b""",2022-05-01
CZ0723401,Vertigo angustior,6871b,2024-09-07
CZ0723403,Bombina variegata,"1,""6872a""",2006-05-21
CZ0723403,Bombina variegata,6872a,2024-04-11
CZ0723403,Bombina variegata,"71,""6872a""",2010-03-01
CZ0723403,Euplagia quadripunctaria,6872a,2018-08-03
CZ0723403,Lycaena dispar,"64,""6872a""",2000-01-01
CZ0723403,Lycaena dispar,6872a,2018-07-21
CZ0723403,Phengaris nausithous,"27,""6872a""",2013-07-24
CZ0723403,Phengaris nausithous,"38,""6872a""",2010-07-16
CZ0723403,Phengaris nausithous,"5,""6872a""",2002-08-01
CZ0723403,Phengaris nausithous,6872a,2025-07-23
CZ0723403,Phengaris nausithous,6872c,2020-07-24
CZ0723403,Phengaris nausithous,"73,""6872a""",2011-07-28
CZ0723403,Phengaris nausithous,"79,""6872a""",2009-07-23
CZ0723403,Phengaris teleius,"27,""6872a""",2013-07-24
CZ0723403,Phengaris teleius,"38,""6872a""",2010-07-16
CZ0723403,Phengaris teleius,6872a,2025-07-23
CZ0723403,Phengaris teleius,6872c,2020-07-24
CZ0723403,Phengaris teleius,"73,""6872a""",2011-07-28
CZ0723403,Phengaris teleius,"79,""6872a""",2009-07-23
CZ0723403,Sanguisorba officinalis,"57,""6872c""",2012-06-23
CZ0723403,Sanguisorba officinalis,"58,""6872a""",2012-06-23
CZ0723403,Sanguisorba officinalis,6872a,2015-09-19
CZ0723403,Sanguisorba officinalis,"85,""6872c""",2002-08-18
CZ0723403,Succisa pratensis,6872a,2005-01-01
CZ0723406,Bombina variegata,6672a,2015-06-11
CZ0723406,Lissotriton montandoni,6672a,2015-07-31
CZ0723406,Triturus cristatus,6672a,2026-03-11
CZ0723409,Bombina bombina,6771a,2025-06-13
CZ0723409,Bombina bombina,"99,""6771a""",2016-04-21
CZ0723409,Bombina variegata,6771a,2023-06-01
CZ0723409,Bombina variegata,"99,""6771a""",2011-04-22
CZ0723409,Echium maculatum,6771a,2012-06-03
CZ0723409,Euplagia quadripunctaria,6771a,2021-08-22
CZ0723409,Lucanus cervus,6771a,2008-04-03
CZ0723409,Lycaena dispar,6771a,2018-08-11
CZ0723409,Scardinius erythrophthalmus,"99,""6771a""",2011-12-01
CZ0723409,Triturus cristatus,6771a,2024-07-29
CZ0723409,Triturus cristatus,"99,""6771a""",2016-04-21
CZ0723410,Bombina bombina,6670d,2025-04-14
CZ0723410,Leucorrhinia pectoralis,6670d,2002-05-18
CZ0723410,Lycaena dispar,6670d,2002-05-18
CZ0723410,Triturus cristatus,6670d,2025-07-11
CZ0723412,Abramis brama,6971d,2015-10-01
CZ0723412,Bombina variegata,"68,""6971d""",2025-05-08
CZ0723412,Bombina variegata,6971d,2025-04-28
CZ0723412,Bombina variegata,7071b,2010-05-05
CZ0723412,Eriogaster catax,NA,2008-04-01
CZ0723412,Euplagia quadripunctaria,6971d,2008-08-13
CZ0723412,Hipparchia semele,NA,1995-01-01
CZ0723412,Myotis myotis,6971d,2015-05-08
CZ0723412,Phengaris nausithous,6971d,2018-07-19
CZ0723412,Scardinius erythrophthalmus,6971d,2016-05-12
CZ0723412,Triturus cristatus,6971d,2025-05-08
CZ0723413,Bombina bombina,6972c,2025-05-13
CZ0723413,Bombina variegata,6972c,2020-06-15
CZ0723413,Castor fiber,6972c,2024-03-06
CZ0723413,Eriogaster catax,NA,2010-05-02
CZ0723413,Triturus cristatus,6972c,2015-07-31
CZ0723414,Eriogaster catax,6972a,2008-01-01
CZ0723414,Eriogaster catax,NA,2010-05-02
CZ0723414,Lycaena dispar,6972a,2008-01-01
CZ0723415,Eriogaster catax,NA,2010-05-02
CZ0723416,Bombina bombina,6971a,2015-06-20
CZ0723416,Bombina variegata,6971a,2025-05-08
CZ0723416,Castor fiber,"52,""6971a""",2003-01-01
CZ0723416,Castor fiber,6971a,2025-03-27
CZ0723416,Cucujus cinnaberinus,6971a,2024-09-13
CZ0723416,Eriogaster catax,"52,""6971a""",2012-04-14
CZ0723416,Eriogaster catax,NA,2008-04-01
CZ0723416,Euplagia quadripunctaria,6971a,2015-08-20
CZ0723416,Hipparchia semele,NA,1995-01-01
CZ0723416,Lucanus cervus,6971a,2015-05-29
CZ0723416,Lycaena dispar,6971a,2021-09-10
CZ0723416,Myotis myotis,6971a,2015-05-07
CZ0723416,Rhodeus amarus,6971a,2025-05-06
CZ0723416,Triturus cristatus,6971a,2025-04-25
CZ0723417,Phengaris nausithous,6773d,2020-08-10
CZ0723417,Phengaris teleius,6773d,2009-07-26
CZ0723417,Vertigo angustior,6773d,2025-09-05
CZ0723421,Eriogaster catax,"19,""7072a""",2008-04-26
CZ0723421,Eriogaster catax,7072a,2011-04-15
CZ0723421,Eriogaster catax,NA,2015-05-07
CZ0723421,Euplagia quadripunctaria,7072a,2008-01-01
CZ0723421,Lycaena dispar,7072a,2021-07-25
CZ0723421,Phengaris nausithous,7072a,2024-07-21
CZ0723421,Phengaris teleius,7072a,2024-07-21
CZ0723421,Triturus cristatus,7072a,2010-04-08
CZ0723423,Bombina bombina,6770b,2025-06-13
CZ0723423,Castor fiber,6770b,2023-02-23
CZ0723423,Leucorrhinia pectoralis,6770b,2002-06-16
CZ0723423,Misgurnus fossilis,6770b,2020-05-16
CZ0723423,Scardinius erythrophthalmus,6770b,1975-01-01
CZ0723423,Triturus cristatus,6770b,2025-05-24
CZ0723424,Ameiurus nebulosus,"77,""6670d""",2000-03-05
CZ0723424,Bombina bombina,"32,""6670d""",2000-06-20
CZ0723424,Bombina bombina,"58,""6670d""",2019-07-22
CZ0723424,Bombina bombina,6670d,2025-06-13
CZ0723424,Bombina bombina,"77,""6670d""",2015-07-04
CZ0723424,Bombina bombina,"84,""6670d""",2002-03-13
CZ0723424,Castor fiber,6670d,2014-04-04
CZ0723424,Castor fiber,"77,""6670d""",2015-04-06
CZ0723424,Cucujus cinnaberinus,6670d,2024-09-05
CZ0723424,Lucanus cervus,"04,""6670d""",2007-04-03
CZ0723424,Lucanus cervus,"84,""6670d""",2008-04-03
CZ0723424,Sanguisorba officinalis,"3,""6670d""",2002-01-01
CZ0723424,Sanguisorba officinalis,6670d,2025-08-19
CZ0723424,Sanguisorba officinalis,"73,""6670d""",2008-04-13
CZ0723424,Scardinius erythrophthalmus,"77,""6670d""",2000-03-05
CZ0723424,Triturus cristatus,"32,""6670d""",2000-08-01
CZ0723424,Triturus cristatus,6670d,2002-06-08
CZ0723424,Triturus cristatus,"77,""6670d""",2015-05-16
CZ0723424,Triturus cristatus,"84,""6670d""",2002-03-13
CZ0723425,Castor fiber,"52,""6971a""",2003-01-01
CZ0723425,Castor fiber,6971c,2012-01-01
CZ0723425,Cucujus cinnaberinus,6971c,2022-06-14
CZ0723425,Eriogaster catax,"52,""6971a""",2012-04-14
CZ0723425,Eriogaster catax,"58,""6971c""",2008-04-13
CZ0723425,Eriogaster catax,6971a,2008-01-01
CZ0723425,Eriogaster catax,6971c,2025-04-16
CZ0723425,Eriogaster catax,"94,""6971c""",2011-04-29
CZ0723425,Eriogaster catax,NA,2014-04-09
CZ0723425,Euplagia quadripunctaria,6971a,2008-01-01
CZ0723425,Euplagia quadripunctaria,6971c,2008-01-01
CZ0723425,Hipparchia semele,NA,1995-01-01
CZ0723425,Lucanus cervus,"58,""6971c""",2007-04-14
CZ0723425,Lycaena dispar,"58,""6971c""",2007-04-14
CZ0723425,Lycaena dispar,6971a,2008-01-01
CZ0723425,Lycaena dispar,6971c,2021-05-26
CZ0723426,Bombina bombina,"07,""6770b""",2020-04-09
CZ0723426,Bombina bombina,"1,""6770b""",2010-07-04
CZ0723426,Bombina bombina,"15,""6770b""",2025-06-13
CZ0723426,Bombina bombina,"33,""6770b""",2002-03-13
CZ0723426,Bombina bombina,6770b,2024-09-01
CZ0723426,Bombina bombina,6770d,2024-05-15
CZ0723426,Lycaena dispar,"08,""6770b""",2007-04-01
CZ0723426,Lycaena dispar,"56,""6770b""",2007-04-01
CZ0723426,Misgurnus fossilis,6770d,2019-04-20
CZ0723426,Rhodeus amarus,6770d,2019-04-20
CZ0723426,Triturus cristatus,"33,""6770b""",2002-03-13
CZ0723426,Triturus cristatus,6770b,2015-06-12
CZ0723426,Triturus cristatus,6770d,2005-06-05
CZ0723430,Bombina bombina,6972c,2015-07-05
CZ0723430,Bombina variegata,6972c,2023-06-11
CZ0723430,Bombina variegata,"99,""6972c""",2025-07-22
CZ0723430,Eriogaster catax,6972c,2017-04-23
CZ0723430,Eriogaster catax,"77,""6972c""",2000-01-01
CZ0723430,Eriogaster catax,"99,""6972c""",2008-01-01
CZ0723430,Eriogaster catax,NA,2010-05-02
CZ0723430,Lycaena dispar,"68,""6972c""",2000-01-01
CZ0723430,Lycaena dispar,"99,""6972c""",2008-01-01
CZ0723430,Phengaris nausithous,6972c,2018-07-28
CZ0723430,Phengaris nausithous,"77,""6972c""",2000-01-01
CZ0723430,Phengaris teleius,6972c,2009-07-19
CZ0723430,Phengaris teleius,"77,""6972c""",2000-01-01
CZ0723430,Sanguisorba officinalis,6972c,2022-09-10
CZ0723434,Abramis brama,"16,""6974c""",2025-08-11
CZ0723434,Bombina variegata,6974a,2022-05-13
CZ0723434,Castor fiber,6974a,2023-03-23
CZ0723434,Cottus gobio,"16,""6974c""",2025-08-11
CZ0723434,Cottus gobio,"22,""6974a""",2000-01-01
CZ0723434,Cottus gobio,"64,""6973b""",2004-01-01
CZ0723434,Cottus gobio,6974a,2019-09-16
CZ0723434,Cottus gobio,6974c,2017-09-29
CZ0723434,Hipparchia semele,NA,1995-01-01
CZ0723434,Lutra lutra,"55,""6974a""",2015-05-12
CZ0723434,Lutra lutra,6974c,2016-10-09
CZ0723434,Rhodeus amarus,"16,""6974c""",2025-08-11
CZ0723434,Rhodeus amarus,6974c,2017-09-29
CZ0723434,Sabanejewia balcanica,"16,""6974c""",2025-08-11
CZ0723434,Sabanejewia balcanica,6974a,2023-09-08
CZ0723434,Sabanejewia balcanica,6974c,2023-08-25
CZ0723434,Salmo trutta,"16,""6974c""",2025-08-11
CZ0723434,Salmo trutta,"64,""6973b""",2004-01-01
CZ0723434,Salmo trutta,6974a,2017-09-29
CZ0723434,Salmo trutta,6974c,2017-09-29
CZ0723434,Sanguisorba officinalis,6974c,2009-06-17
CZ0723750,Myotis myotis,6870a,2015-07-01
CZ0723751,Myotis myotis,7072b,2025-07-22
CZ0723752,Myotis myotis,6774c,2005-06-21
CZ0723753,Myotis myotis,6972a,2025-07-22
CZ0723753,Rhinolophus hipposideros,6972a,2025-07-22
CZ0723754,Rhinolophus hipposideros,6773d,2015-07-01
CZ0723755,Myotis myotis,6672a,2024-07-11
CZ0723756,Myotis myotis,6973a,2025-07-10
CZ0723757,Myotis emarginatus,6973a,2025-07-10
CZ0723758,Myotis emarginatus,6772d,2022-08-01
CZ0723758,Myotis myotis,6772d,2025-06-23
CZ0723759,Myotis emarginatus,6773a,2012-01-26
CZ0723759,Myotis myotis,6773a,2012-01-26
CZ0723759,Rhinolophus hipposideros,6773a,2012-01-26
CZ0723813,Euplagia quadripunctaria,6674a,2020-08-08
CZ0723813,Phengaris nausithous,6674a,2020-08-08
CZ0723813,Phengaris teleius,6674a,2020-08-08
CZ0723813,Succisa pratensis,6674a,2015-07-28
CZ0723813,Vertigo angustior,6674a,2024-09-07
CZ0724087,Bombina variegata,"59,""6972a""",2001-09-16
CZ0724087,Bombina variegata,6972a,2017-07-13
CZ0724087,Chamaecytisus sp.,"13,""6971d""",2022-05-09
CZ0724087,Colias myrmidone,"79,""6971b""",1995-01-01
CZ0724087,Eriogaster catax,"03,""6972c""",2022-04-13
CZ0724087,Eriogaster catax,"04,""6972c""",2024-10-11
CZ0724087,Eriogaster catax,"05,""6972c""",2007-04-24
CZ0724087,Eriogaster catax,"12,""6972c""",2024-04-10
CZ0724087,Eriogaster catax,"14,""6972c""",2000-01-01
CZ0724087,Eriogaster catax,"24,""6971d""",2000-01-01
CZ0724087,Eriogaster catax,"5,""6972c""",2011-04-23
CZ0724087,Eriogaster catax,"65,""6972c""",2022-04-14
CZ0724087,Eriogaster catax,6972a,2017-04-16
CZ0724087,Eriogaster catax,6972c,2020-04-21
CZ0724087,Eriogaster catax,"86,""6972c""",2023-05-01
CZ0724087,Eriogaster catax,"97,""6972c""",2023-05-01
CZ0724087,Eriogaster catax,NA,2012-04-15
CZ0724087,Euplagia quadripunctaria,"65,""6972c""",2008-01-01
CZ0724087,Euplagia quadripunctaria,6971b,2018-08-02
CZ0724087,Euplagia quadripunctaria,6971d,2018-08-03
CZ0724087,Euplagia quadripunctaria,6972a,2025-08-13
CZ0724087,Euplagia quadripunctaria,6972c,2025-08-13
CZ0724087,Euplagia quadripunctaria,"79,""6971b""",2005-01-01
CZ0724087,Hipparchia semele,NA,1995-01-01
CZ0724087,Lucanus cervus,"05,""6972c""",2007-04-24
CZ0724087,Lycaena dispar,"05,""6972c""",2007-04-24
CZ0724087,Lycaena dispar,"65,""6972c""",2008-01-01
CZ0724087,Lycaena dispar,6972c,2025-08-13
CZ0724087,Lycaena dispar,"79,""6971b""",1995-01-01
CZ0724087,Lycaena dispar,"94,""6972c""",2013-06-18
CZ0724087,Osmoderma barnabita,"05,""6972c""",2007-04-24
CZ0724087,Osmoderma barnabita,"2,""6972c""",2004-07-08
CZ0724087,Osmoderma barnabita,6972a,2024-07-26
CZ0724087,Osmoderma barnabita,6972c,2024-07-26
CZ0724087,Phengaris nausithous,"65,""6972c""",2008-01-01
CZ0724087,Phengaris nausithous,"79,""6971b""",1995-01-01
CZ0724087,Phengaris teleius,"65,""6972c""",2008-01-01
CZ0724087,Phengaris teleius,"79,""6971b""",1995-01-01
CZ0724089,Aconitum firmum subsp. moravicum,"01,""6476c""",2001-06-15
CZ0724089,Aconitum firmum subsp. moravicum,"01,""6575b""",2013-08-07
CZ0724089,Aconitum firmum subsp. moravicum,"03,""6576a""",2025-08-20
CZ0724089,Aconitum firmum subsp. moravicum,"11,""6476c""",2013-07-11
CZ0724089,Aconitum firmum subsp. moravicum,"13,""6575b""",2001-10-01
CZ0724089,Aconitum firmum subsp. moravicum,"13,""6576a""",2022-08-04
CZ0724089,Aconitum firmum subsp. moravicum,"23,""6476c""",2018-05-01
CZ0724089,Aconitum firmum subsp. moravicum,"25,""6577c""",2000-09-03
CZ0724089,Aconitum firmum subsp. moravicum,"32,""6575b""",2001-10-01
CZ0724089,Aconitum firmum subsp. moravicum,"32,""6576b""",2001-06-15
CZ0724089,Aconitum firmum subsp. moravicum,"36,""6476c""",2018-05-01
CZ0724089,Aconitum firmum subsp. moravicum,"46,""6575b""",2013-05-28
CZ0724089,Aconitum firmum subsp. moravicum,"47,""6676b""",2000-09-03
CZ0724089,Aconitum firmum subsp. moravicum,"5,""6575a""",2017-08-20
CZ0724089,Aconitum firmum subsp. moravicum,"5,""6576d""",2000-09-03
CZ0724089,Aconitum firmum subsp. moravicum,"64,""6575a""",2001-10-01
CZ0724089,Aconitum firmum subsp. moravicum,6474c,2008-01-01
CZ0724089,Aconitum firmum subsp. moravicum,6474d,2024-08-12
CZ0724089,Aconitum firmum subsp. moravicum,6475c,2024-08-01
CZ0724089,Aconitum firmum subsp. moravicum,6475d,2025-08-03
CZ0724089,Aconitum firmum subsp. moravicum,6476c,2025-08-26
CZ0724089,Aconitum firmum subsp. moravicum,6477c,2023-08-04
CZ0724089,Aconitum firmum subsp. moravicum,6575a,2025-11-21
CZ0724089,Aconitum firmum subsp. moravicum,6575b,2025-09-01
CZ0724089,Aconitum firmum subsp. moravicum,6576a,2025-11-20
CZ0724089,Aconitum firmum subsp. moravicum,6576b,2025-08-15
CZ0724089,Aconitum firmum subsp. moravicum,6576c,2025-08-16
CZ0724089,Aconitum firmum subsp. moravicum,6576d,2024-08-15
CZ0724089,Aconitum firmum subsp. moravicum,6676b,2023-08-02
CZ0724089,Aconitum firmum subsp. moravicum,6775a,2001-05-24
CZ0724089,Aconitum firmum subsp. moravicum,"69,""6575a""",2001-07-30
CZ0724089,Aconitum firmum subsp. moravicum,"72,""6575b""",2013-08-07
CZ0724089,Aconitum firmum subsp. moravicum,"81,""6576a""",2018-05-01
CZ0724089,Aconitum firmum subsp. moravicum,"86,""6575a""",2001-10-01
CZ0724089,Aconitum firmum subsp. moravicum,"88,""6576a""",2001-06-15
CZ0724089,Aconitum firmum subsp. moravicum,"89,""6575b""",2018-07-02
CZ0724089,Aconitum firmum subsp. moravicum,"93,""6476d""",2001-06-15
CZ0724089,Aconitum firmum subsp. moravicum,"96,""6575a""",2017-08-20
CZ0724089,Aconitum firmum subsp. moravicum,"98,""6575a""",2013-06-01
CZ0724089,Aconitum firmum subsp. moravicum,"99,""6476c""",2021-05-01
CZ0724089,Ameiurus melas,"54,""6574d""",2024-08-07
CZ0724089,Ameiurus melas,6475d,2024-10-14
CZ0724089,Ameiurus melas,6575b,2024-09-05
CZ0724089,Ameiurus melas,6575c,2024-10-14
CZ0724089,Ameiurus melas,6674b,2024-10-07
CZ0724089,Ameiurus melas,6675a,2024-09-30
CZ0724089,Ameiurus melas,6675c,2024-08-05
CZ0724089,Ameiurus nebulosus,"54,""6574d""",2024-08-07
CZ0724089,Ameiurus nebulosus,6475d,2024-10-14
CZ0724089,Ameiurus nebulosus,6575b,2024-09-05
CZ0724089,Ameiurus nebulosus,6575c,2024-10-14
CZ0724089,Ameiurus nebulosus,6674b,2024-10-07
CZ0724089,Ameiurus nebulosus,6675a,2024-09-30
CZ0724089,Ameiurus nebulosus,6675c,2024-08-05
CZ0724089,Barbastella barbastellus,"01,""6675a""",2021-06-18
CZ0724089,Barbastella barbastellus,"02,""6774b""",2018-05-04
CZ0724089,Barbastella barbastellus,"33,""6478c""",2018-05-04
CZ0724089,Barbastella barbastellus,"33,""6576d""",2013-05-19
CZ0724089,Barbastella barbastellus,"37,""6476b""",2018-05-01
CZ0724089,Barbastella barbastellus,"47,""6575b""",2013-07-01
CZ0724089,Barbastella barbastellus,"58,""6477d""",2013-05-20
CZ0724089,Barbastella barbastellus,6477d,2015-07-07
CZ0724089,Barbastella barbastellus,6478c,2026-01-23
CZ0724089,Barbastella barbastellus,6576d,2015-07-06
CZ0724089,Barbastella barbastellus,6774c,2022-02-02
CZ0724089,Barbastella barbastellus,"77,""6377c""",2020-04-28
CZ0724089,Barbastella barbastellus,"96,""6774a""",2011-06-21
CZ0724089,Barbastella barbastellus,"96,""6774b""",2011-06-21
CZ0724089,Barbastella barbastellus,"96,""6774c""",2011-06-21
CZ0724089,Barbastella barbastellus,"96,""6774d""",2011-06-21
CZ0724089,Barbastella barbastellus,"99,""6575a""",2013-06-17
CZ0724089,Bombina bombina,6476d,2021-06-29
CZ0724089,Bombina bombina,6575a,2022-05-25
CZ0724089,Bombina bombina,6575b,2021-09-04
CZ0724089,Bombina bombina,6576a,2020-06-28
CZ0724089,Bombina variegata,"01,""6675c""",2022-08-15
CZ0724089,Bombina variegata,"01,""6774b""",2003-07-20
CZ0724089,Bombina variegata,"25,""6774d""",2022-08-01
CZ0724089,Bombina variegata,"33,""6576d""",2003-07-03
CZ0724089,Bombina variegata,"4,""6574a""",2003-06-01
CZ0724089,Bombina variegata,"43,""6574b""",2010-06-05
CZ0724089,Bombina variegata,"47,""6575b""",2003-01-01
CZ0724089,Bombina variegata,6376d,2022-06-14
CZ0724089,Bombina variegata,6377a,2014-07-06
CZ0724089,Bombina variegata,6377c,2025-07-16
CZ0724089,Bombina variegata,6377d,2019-08-28
CZ0724089,Bombina variegata,6378c,2025-08-19
CZ0724089,Bombina variegata,"64,""6575d""",2005-05-15
CZ0724089,Bombina variegata,6474c,2025-10-09
CZ0724089,Bombina variegata,6474d,2025-06-01
CZ0724089,Bombina variegata,6475c,2025-05-21
CZ0724089,Bombina variegata,6475d,2005-05-06
CZ0724089,Bombina variegata,6476a,2022-08-03
CZ0724089,Bombina variegata,6476b,2024-06-06
CZ0724089,Bombina variegata,6476c,2025-06-11
CZ0724089,Bombina variegata,6476d,2024-09-11
CZ0724089,Bombina variegata,6477a,2024-07-16
CZ0724089,Bombina variegata,6477b,2024-05-06
CZ0724089,Bombina variegata,6477c,2024-09-04
CZ0724089,Bombina variegata,6477d,2025-07-22
CZ0724089,Bombina variegata,6478a,2025-07-31
CZ0724089,Bombina variegata,6478c,2025-07-22
CZ0724089,Bombina variegata,6574a,2010-05-29
CZ0724089,Bombina variegata,6574b,2025-07-04
CZ0724089,Bombina variegata,6574c,2024-07-27
CZ0724089,Bombina variegata,6574d,2025-07-04
CZ0724089,Bombina variegata,6575a,2025-08-29
CZ0724089,Bombina variegata,6575b,2024-08-18
CZ0724089,Bombina variegata,6575c,2025-07-06
CZ0724089,Bombina variegata,6575d,2025-06-13
CZ0724089,Bombina variegata,6576a,2025-06-14
CZ0724089,Bombina variegata,6576b,2025-05-03
CZ0724089,Bombina variegata,6576c,2025-07-31
CZ0724089,Bombina variegata,6576d,2025-07-11
CZ0724089,Bombina variegata,6577a,2023-08-19
CZ0724089,Bombina variegata,6577b,2024-07-08
CZ0724089,Bombina variegata,6674a,2025-07-23
CZ0724089,Bombina variegata,6674b,2025-07-23
CZ0724089,Bombina variegata,6674c,2023-05-21
CZ0724089,Bombina variegata,6674d,2025-05-25
CZ0724089,Bombina variegata,6675a,2025-08-28
CZ0724089,Bombina variegata,6675b,2025-07-02
CZ0724089,Bombina variegata,6675c,2025-06-11
CZ0724089,Bombina variegata,6675d,2022-06-02
CZ0724089,Bombina variegata,6676a,2025-06-30
CZ0724089,Bombina variegata,6676b,2023-07-08
CZ0724089,Bombina variegata,6676c,2021-08-22
CZ0724089,Bombina variegata,6774a,2022-06-09
CZ0724089,Bombina variegata,6774b,2025-06-10
CZ0724089,Bombina variegata,6774c,2024-07-12
CZ0724089,Bombina variegata,6774d,2025-07-15
CZ0724089,Bombina variegata,6775a,2024-06-15
CZ0724089,Bombina variegata,6775b,2023-06-30
CZ0724089,Bombina variegata,6874a,2014-04-24
CZ0724089,Bombina variegata,6874b,2025-06-19
CZ0724089,Bombina variegata,"73,""6574a""",2010-06-12
CZ0724089,Bombina variegata,"75,""6576d""",2003-07-03
CZ0724089,Bombina variegata,"98,""6476b""",2008-05-17
CZ0724089,Buxbaumia viridis,"38,""6475d""",2022-06-01
CZ0724089,Buxbaumia viridis,6476c,2022-08-20
CZ0724089,Buxbaumia viridis,6476d,2023-05-12
CZ0724089,Buxbaumia viridis,6477d,2015-10-06
CZ0724089,Buxbaumia viridis,6478c,2009-09-15
CZ0724089,Buxbaumia viridis,6575b,2024-02-16
CZ0724089,Buxbaumia viridis,6576a,2022-05-31
CZ0724089,Buxbaumia viridis,6576b,2024-10-18
CZ0724089,Buxbaumia viridis,6576c,2013-10-23
CZ0724089,Buxbaumia viridis,6576d,2019-09-10
CZ0724089,Buxbaumia viridis,6577a,2022-05-13
CZ0724089,Buxbaumia viridis,6674b,2022-05-01
CZ0724089,Buxbaumia viridis,6675a,2024-04-27
CZ0724089,Buxbaumia viridis,6675c,2020-05-19
CZ0724089,Buxbaumia viridis,6675d,2002-07-24
CZ0724089,Buxbaumia viridis,6676c,2020-04-16
CZ0724089,Buxbaumia viridis,6774b,2011-10-14
CZ0724089,Buxbaumia viridis,"76,""6476c""",2003-08-01
CZ0724089,Canis lupus,"01,""6476b""",2001-07-01
CZ0724089,Canis lupus,"01,""6477d""",2005-01-03
CZ0724089,Canis lupus,"01,""6478c""",2004-01-01
CZ0724089,Canis lupus,"01,""6577b""",2023-08-26
CZ0724089,Canis lupus,"01,""6675b""",2005-10-28
CZ0724089,Canis lupus,"01,""6675d""",2005-10-06
CZ0724089,Canis lupus,"01,""6775b""",2025-03-27
CZ0724089,Canis lupus,"04,""6474d""",2003-03-01
CZ0724089,Canis lupus,"06,""6674d""",2020-03-13
CZ0724089,Canis lupus,"07,""6475c""",2001-04-29
CZ0724089,Canis lupus,"1,""6477b""",2004-07-21
CZ0724089,Canis lupus,"12,""6675a""",2004-09-18
CZ0724089,Canis lupus,"13,""6674b""",2025-01-27
CZ0724089,Canis lupus,"14,""6376d""",2001-04-01
CZ0724089,Canis lupus,"17,""6476a""",2003-05-24
CZ0724089,Canis lupus,"17,""6675a""",2004-09-09
CZ0724089,Canis lupus,"2,""6574c""",2004-08-01
CZ0724089,Canis lupus,"21,""6575c""",2004-07-23
CZ0724089,Canis lupus,"23,""6774b""",2024-12-21
CZ0724089,Canis lupus,"24,""6676a""",2000-06-03
CZ0724089,Canis lupus,"25,""6476b""",2005-06-14
CZ0724089,Canis lupus,"25,""6576d""",2001-01-13
CZ0724089,Canis lupus,"27,""6874b""",2025-02-22
CZ0724089,Canis lupus,"28,""6676a""",2003-07-23
CZ0724089,Canis lupus,"29,""6475d""",2002-10-01
CZ0724089,Canis lupus,"29,""6674b""",2025-02-08
CZ0724089,Canis lupus,"3,""6477b""",2002-04-04
CZ0724089,Canis lupus,"3,""6574d""",2004-05-01
CZ0724089,Canis lupus,"3,""6576d""",2025-04-22
CZ0724089,Canis lupus,"32,""6476b""",2002-01-01
CZ0724089,Canis lupus,"32,""6476d""",2003-12-20
CZ0724089,Canis lupus,"35,""6478c""",2007-08-27
CZ0724089,Canis lupus,"37,""6476c""",2004-01-01
CZ0724089,Canis lupus,"39,""6576a""",2002-12-20
CZ0724089,Canis lupus,"39,""6675a""",2025-03-20
CZ0724089,Canis lupus,"42,""6477a""",2005-06-01
CZ0724089,Canis lupus,"44,""6576c""",2018-12-01
CZ0724089,Canis lupus,"47,""6475c""",2001-08-25
CZ0724089,Canis lupus,"47,""6575b""",2012-06-05
CZ0724089,Canis lupus,"47,""6674d""",2025-01-24
CZ0724089,Canis lupus,"48,""6775a""",2025-03-08
CZ0724089,Canis lupus,"49,""6377d""",2021-08-07
CZ0724089,Canis lupus,"49,""6576a""",2025-04-22
CZ0724089,Canis lupus,"5,""6478c""",2015-03-22
CZ0724089,Canis lupus,"52,""6474c""",2025-04-23
CZ0724089,Canis lupus,"52,""6774b""",2025-04-16
CZ0724089,Canis lupus,"53,""6575d""",2004-06-17
CZ0724089,Canis lupus,"56,""6575d""",2020-04-27
CZ0724089,Canis lupus,"56,""6676c""",2000-05-17
CZ0724089,Canis lupus,"57,""6477a""",2004-05-29
CZ0724089,Canis lupus,"58,""6477d""",2004-02-21
CZ0724089,Canis lupus,"58,""6774c""",2025-01-13
CZ0724089,Canis lupus,"59,""6377d""",2000-08-14
CZ0724089,Canis lupus,"62,""6476c""",2020-03-23
CZ0724089,Canis lupus,6376d,2004-10-01
CZ0724089,Canis lupus,6377c,2026-02-06
CZ0724089,Canis lupus,6377d,2026-02-20
CZ0724089,Canis lupus,"64,""6377d""",2000-08-19
CZ0724089,Canis lupus,6474c,2024-11-25
CZ0724089,Canis lupus,6474d,2024-07-01
CZ0724089,Canis lupus,6475c,2025-02-07
CZ0724089,Canis lupus,6475d,2025-10-23
CZ0724089,Canis lupus,6476a,2004-05-29
CZ0724089,Canis lupus,6476b,2025-02-10
CZ0724089,Canis lupus,6476c,2026-02-06
CZ0724089,Canis lupus,6476d,2026-01-29
CZ0724089,Canis lupus,6477a,2026-02-06
CZ0724089,Canis lupus,6477b,2026-02-20
CZ0724089,Canis lupus,6477c,2025-09-19
CZ0724089,Canis lupus,6477d,2025-12-29
CZ0724089,Canis lupus,6478a,2023-10-09
CZ0724089,Canis lupus,6478c,2026-01-23
CZ0724089,Canis lupus,"65,""6577a""",2001-04-01
CZ0724089,Canis lupus,6574b,2013-09-10
CZ0724089,Canis lupus,6574c,2024-05-17
CZ0724089,Canis lupus,6574d,2023-10-19
CZ0724089,Canis lupus,6575a,2026-02-26
CZ0724089,Canis lupus,6575b,2026-02-06
CZ0724089,Canis lupus,6575c,2024-03-30
CZ0724089,Canis lupus,6575d,2026-01-01
CZ0724089,Canis lupus,6576a,2026-02-06
CZ0724089,Canis lupus,6576b,2026-02-07
CZ0724089,Canis lupus,6576c,2026-02-07
CZ0724089,Canis lupus,6576d,2026-02-07
CZ0724089,Canis lupus,6577a,2025-04-20
CZ0724089,Canis lupus,6577b,2026-01-23
CZ0724089,Canis lupus,6577c,2003-02-22
CZ0724089,Canis lupus,6578a,2024-08-01
CZ0724089,Canis lupus,6674a,2023-12-16
CZ0724089,Canis lupus,6674b,2025-09-08
CZ0724089,Canis lupus,6674c,2024-07-23
CZ0724089,Canis lupus,6674d,2024-08-22
CZ0724089,Canis lupus,6675a,2026-03-12
CZ0724089,Canis lupus,6675b,2026-03-12
CZ0724089,Canis lupus,6675c,2026-01-07
CZ0724089,Canis lupus,6675d,2024-09-12
CZ0724089,Canis lupus,6676a,2024-05-10
CZ0724089,Canis lupus,6676b,2023-01-01
CZ0724089,Canis lupus,6676c,2024-08-29
CZ0724089,Canis lupus,"67,""6774a""",2025-02-22
CZ0724089,Canis lupus,6774a,2025-05-09
CZ0724089,Canis lupus,6774b,2025-02-08
CZ0724089,Canis lupus,6774c,2024-12-25
CZ0724089,Canis lupus,6774d,2025-08-24
CZ0724089,Canis lupus,6775a,2024-02-17
CZ0724089,Canis lupus,6775b,2015-09-24
CZ0724089,Canis lupus,"68,""6675b""",2025-01-07
CZ0724089,Canis lupus,6874b,2022-06-15
CZ0724089,Canis lupus,"7,""6477a""",2000-09-19
CZ0724089,Canis lupus,"7,""6576d""",2000-01-14
CZ0724089,Canis lupus,"72,""6676c""",2025-04-10
CZ0724089,Canis lupus,"73,""6575c""",2004-05-28
CZ0724089,Canis lupus,"74,""6575a""",2003-08-30
CZ0724089,Canis lupus,"77,""6478c""",2004-01-01
CZ0724089,Canis lupus,"78,""6478a""",2003-12-27
CZ0724089,Canis lupus,"79,""6476d""",2000-01-01
CZ0724089,Canis lupus,"8,""6676b""",2023-02-03
CZ0724089,Canis lupus,"81,""6675a""",2004-06-22
CZ0724089,Canis lupus,"83,""6477b""",2003-03-22
CZ0724089,Canis lupus,"86,""6577a""",2004-04-22
CZ0724089,Canis lupus,"89,""6675d""",2006-02-01
CZ0724089,Canis lupus,"9,""6376d""",2001-05-10
CZ0724089,Canis lupus,"92,""6474c""",2003-02-22
CZ0724089,Canis lupus,"93,""6476d""",2002-01-01
CZ0724089,Canis lupus,"93,""6576c""",2004-09-14
CZ0724089,Canis lupus,"93,""6774b""",2003-07-08
CZ0724089,Canis lupus,"94,""6576d""",2005-08-01
CZ0724089,Canis lupus,"94,""6577a""",2002-04-02
CZ0724089,Canis lupus,"95,""6477d""",2001-04-01
CZ0724089,Canis lupus,"95,""6478a""",1999-06-01
CZ0724089,Canis lupus,"95,""6574a""",2002-12-01
CZ0724089,Canis lupus,"96,""6575b""",2003-02-23
CZ0724089,Canis lupus,"97,""6775a""",2005-06-29
CZ0724089,Canis lupus,"98,""6576b""",2002-12-20
CZ0724089,Canis lupus,"99,""6377d""",2004-01-01
CZ0724089,Canis lupus,"99,""6676c""",2023-03-19
CZ0724089,Carabus variolosus,"12,""6578a""",2014-06-19
CZ0724089,Carabus variolosus,"32,""6477d""",2015-06-05
CZ0724089,Carabus variolosus,"33,""6478a""",2011-07-06
CZ0724089,Carabus variolosus,"37,""6676c""",2003-01-01
CZ0724089,Carabus variolosus,"41,""6378c""",2003-01-01
CZ0724089,Carabus variolosus,"44,""6474c""",2003-01-01
CZ0724089,Carabus variolosus,"47,""6575b""",2003-01-01
CZ0724089,Carabus variolosus,"5,""6576a""",2003-01-01
CZ0724089,Carabus variolosus,"62,""6477d""",2004-04-26
CZ0724089,Carabus variolosus,6377d,2023-06-14
CZ0724089,Carabus variolosus,6378c,2024-06-11
CZ0724089,Carabus variolosus,"64,""6576b""",2020-09-22
CZ0724089,Carabus variolosus,6473d,2021-08-18
CZ0724089,Carabus variolosus,6474c,2021-05-08
CZ0724089,Carabus variolosus,6474d,2021-08-18
CZ0724089,Carabus variolosus,6475c,2022-05-01
CZ0724089,Carabus variolosus,6475d,2019-07-20
CZ0724089,Carabus variolosus,6476d,2024-06-08
CZ0724089,Carabus variolosus,6477a,2021-06-15
CZ0724089,Carabus variolosus,6477b,2021-07-08
CZ0724089,Carabus variolosus,6477c,2021-06-10
CZ0724089,Carabus variolosus,6477d,2024-08-23
CZ0724089,Carabus variolosus,6478a,2022-05-17
CZ0724089,Carabus variolosus,6478c,2024-09-04
CZ0724089,Carabus variolosus,6574a,2023-09-07
CZ0724089,Carabus variolosus,6574b,2021-08-18
CZ0724089,Carabus variolosus,6574d,2025-05-04
CZ0724089,Carabus variolosus,6575a,2024-06-14
CZ0724089,Carabus variolosus,6575b,2023-08-19
CZ0724089,Carabus variolosus,6575c,2022-07-10
CZ0724089,Carabus variolosus,6575d,2022-08-14
CZ0724089,Carabus variolosus,6576a,2023-07-11
CZ0724089,Carabus variolosus,6576b,2024-06-08
CZ0724089,Carabus variolosus,6576c,2020-07-05
CZ0724089,Carabus variolosus,6576d,2023-06-06
CZ0724089,Carabus variolosus,6577a,2020-09-10
CZ0724089,Carabus variolosus,6577b,2022-05-17
CZ0724089,Carabus variolosus,6674b,2025-09-07
CZ0724089,Carabus variolosus,6674c,2018-10-01
CZ0724089,Carabus variolosus,6674d,2019-10-20
CZ0724089,Carabus variolosus,6675a,2022-05-27
CZ0724089,Carabus variolosus,6675b,2019-10-20
CZ0724089,Carabus variolosus,6675c,2020-06-01
CZ0724089,Carabus variolosus,6675d,2021-07-28
CZ0724089,Carabus variolosus,6676a,2022-05-26
CZ0724089,Carabus variolosus,6676c,2021-09-01
CZ0724089,Carabus variolosus,6774a,2021-06-14
CZ0724089,Carabus variolosus,6774b,2021-06-14
CZ0724089,Carabus variolosus,6774c,2025-11-01
CZ0724089,Carabus variolosus,6775a,2021-09-01
CZ0724089,Castor fiber,"01,""6477a""",2023-01-12
CZ0724089,Castor fiber,"35,""6575a""",2011-09-28
CZ0724089,Castor fiber,"35,""6674c""",2011-09-22
CZ0724089,Castor fiber,"52,""6574b""",2011-09-28
CZ0724089,Castor fiber,"53,""6575d""",2011-06-16
CZ0724089,Castor fiber,"55,""6576b""",2022-01-14
CZ0724089,Castor fiber,6475c,2024-06-26
CZ0724089,Castor fiber,6476c,2026-01-28
CZ0724089,Castor fiber,6477a,2024-07-16
CZ0724089,Castor fiber,6574b,2026-03-03
CZ0724089,Castor fiber,6575a,2026-01-16
CZ0724089,Castor fiber,6575c,2026-01-16
CZ0724089,Castor fiber,6575d,2025-09-18
CZ0724089,Castor fiber,6576b,2026-01-18
CZ0724089,Castor fiber,6576c,2020-11-12
CZ0724089,Castor fiber,6577a,2023-06-15
CZ0724089,Castor fiber,6674c,2022-03-29
CZ0724089,Castor fiber,6674d,2025-09-09
CZ0724089,Castor fiber,6675b,2025-10-12
CZ0724089,Castor fiber,6675c,2025-10-21
CZ0724089,Castor fiber,6676a,2015-03-21
CZ0724089,Castor fiber,6874a,2025-09-30
CZ0724089,Castor fiber,"73,""6574a""",2011-09-28
CZ0724089,Castor fiber,"87,""6576b""",2023-01-13
CZ0724089,Castor fiber,"89,""6675d""",2002-01-01
CZ0724089,Castor fiber,"95,""6574b""",2011-09-28
CZ0724089,Cottus gobio,"12,""6674c""",2001-01-01
CZ0724089,Cottus gobio,"36,""6774c""",2004-01-01
CZ0724089,Cottus gobio,"49,""6475d""",2004-01-01
CZ0724089,Cottus gobio,"59,""6675a""",2004-01-01
CZ0724089,Cottus gobio,6377c,2014-10-31
CZ0724089,Cottus gobio,6476d,2025-07-03
CZ0724089,Cottus gobio,6574b,2024-07-22
CZ0724089,Cottus gobio,6574c,2003-01-01
CZ0724089,Cottus gobio,6575a,2023-04-01
CZ0724089,Cottus gobio,6575c,2022-04-10
CZ0724089,Cottus gobio,6575d,2021-07-31
CZ0724089,Cottus gobio,6674c,2010-09-20
CZ0724089,Cottus gobio,6674d,2011-01-01
CZ0724089,Cottus gobio,6675c,2001-01-01
CZ0724089,Cottus gobio,"67,""6376d""",2004-01-01
CZ0724089,Cottus gobio,6874a,2021-10-18
CZ0724089,Cottus gobio,"7,""6774a""",2004-01-01
CZ0724089,Cucujus cinnaberinus,"01,""6576d""",2013-05-02
CZ0724089,Cucujus cinnaberinus,"15,""6676b""",2021-10-21
CZ0724089,Cucujus cinnaberinus,"61,""6477d""",2000-10-18
CZ0724089,Cucujus cinnaberinus,"62,""6477d""",2014-05-23
CZ0724089,Cucujus cinnaberinus,6376d,2024-06-11
CZ0724089,Cucujus cinnaberinus,6378c,2017-10-26
CZ0724089,Cucujus cinnaberinus,6474c,2020-05-27
CZ0724089,Cucujus cinnaberinus,6474d,2024-02-09
CZ0724089,Cucujus cinnaberinus,6476d,2021-10-21
CZ0724089,Cucujus cinnaberinus,6477d,2025-04-14
CZ0724089,Cucujus cinnaberinus,6478a,2025-07-15
CZ0724089,Cucujus cinnaberinus,6478c,2023-06-14
CZ0724089,Cucujus cinnaberinus,6574b,2024-04-28
CZ0724089,Cucujus cinnaberinus,6575a,2006-10-25
CZ0724089,Cucujus cinnaberinus,6575c,2024-05-11
CZ0724089,Cucujus cinnaberinus,6576b,2024-05-26
CZ0724089,Cucujus cinnaberinus,6576c,2021-10-21
CZ0724089,Cucujus cinnaberinus,6576d,2021-10-21
CZ0724089,Cucujus cinnaberinus,6577b,2024-06-11
CZ0724089,Cucujus cinnaberinus,6674b,2020-06-04
CZ0724089,Cucujus cinnaberinus,6674c,2022-07-01
CZ0724089,Cucujus cinnaberinus,6674d,2022-07-17
CZ0724089,Cucujus cinnaberinus,6675a,2022-06-18
CZ0724089,Cucujus cinnaberinus,6675c,2025-02-24
CZ0724089,Cucujus cinnaberinus,6675d,2022-08-13
CZ0724089,Cucujus cinnaberinus,6774c,2021-09-14
CZ0724089,Cucujus cinnaberinus,6774d,2021-09-14
CZ0724089,Cucujus cinnaberinus,6775a,2023-12-31
CZ0724089,Cucujus cinnaberinus,"87,""6774c""",2013-05-01
CZ0724089,Cypripedium calceolus,6674d,2024-06-27
CZ0724089,Cypripedium calceolus,6675c,2011-08-10
CZ0724089,Cypripedium calceolus,6774a,2024-07-03
CZ0724089,Dicranum viride,6576d,2020-10-26
CZ0724089,Dicranum viride,6675a,2020-10-26
CZ0724089,Euplagia quadripunctaria,6376d,2025-08-25
CZ0724089,Euplagia quadripunctaria,6377a,2025-08-26
CZ0724089,Euplagia quadripunctaria,6377c,2025-08-18
CZ0724089,Euplagia quadripunctaria,6377d,2025-08-18
CZ0724089,Euplagia quadripunctaria,6474c,2020-08-08
CZ0724089,Euplagia quadripunctaria,6474d,2025-08-22
CZ0724089,Euplagia quadripunctaria,6475c,2025-08-08
CZ0724089,Euplagia quadripunctaria,6477b,2025-08-15
CZ0724089,Euplagia quadripunctaria,6477d,2025-08-16
CZ0724089,Euplagia quadripunctaria,6478a,2025-08-15
CZ0724089,Euplagia quadripunctaria,6478c,2025-08-20
CZ0724089,Euplagia quadripunctaria,6574b,2024-08-14
CZ0724089,Euplagia quadripunctaria,6575a,2020-08-14
CZ0724089,Euplagia quadripunctaria,6575c,2025-08-20
CZ0724089,Euplagia quadripunctaria,6575d,2024-08-20
CZ0724089,Euplagia quadripunctaria,6576b,2023-08-25
CZ0724089,Euplagia quadripunctaria,6576c,2021-08-04
CZ0724089,Euplagia quadripunctaria,6576d,2022-07-20
CZ0724089,Euplagia quadripunctaria,6578a,2025-08-05
CZ0724089,Euplagia quadripunctaria,6674a,2025-07-20
CZ0724089,Euplagia quadripunctaria,6674b,2024-08-12
CZ0724089,Euplagia quadripunctaria,6674c,2020-08-13
CZ0724089,Euplagia quadripunctaria,6674d,2025-08-27
CZ0724089,Euplagia quadripunctaria,6675a,2022-08-13
CZ0724089,Euplagia quadripunctaria,6675c,2024-08-13
CZ0724089,Euplagia quadripunctaria,6675d,2022-08-09
CZ0724089,Euplagia quadripunctaria,6774a,2025-08-27
CZ0724089,Euplagia quadripunctaria,6774b,2021-09-10
CZ0724089,Euplagia quadripunctaria,6774c,2022-08-17
CZ0724089,Euplagia quadripunctaria,6774d,2018-08-20
CZ0724089,Euplagia quadripunctaria,6775a,2025-08-17
CZ0724089,Euplagia quadripunctaria,6874b,2025-08-12
CZ0724089,Euplagia quadripunctaria,"72,""6775a""",2021-08-26
CZ0724089,Euplagia quadripunctaria,"85,""6474c""",2009-07-28
CZ0724089,Euplagia quadripunctaria,"96,""6474a""",2009-07-28
CZ0724089,Euplagia quadripunctaria,"96,""6474b""",2009-07-28
CZ0724089,Euplagia quadripunctaria,"96,""6474c""",2009-07-28
CZ0724089,Euplagia quadripunctaria,"96,""6474d""",2009-07-28
CZ0724089,Hamatocaulis vernicosus,6477c,2023-08-23
CZ0724089,Hamatocaulis vernicosus,6477d,2024-06-20
CZ0724089,Lampetra planeri,"11,""6576a""",2004-01-01
CZ0724089,Lemna trisulca,6574a,2021-06-26
CZ0724089,Lemna trisulca,6576b,2003-06-15
CZ0724089,Lemna trisulca,6676a,2008-07-06
CZ0724089,Leucorrhinia pectoralis,6574a,2021-07-15
CZ0724089,Leucorrhinia pectoralis,6575d,2006-06-20
CZ0724089,Leucorrhinia pectoralis,"99,""6478a""",2000-08-20
CZ0724089,Lissotriton montandoni,6377d,2019-05-31
CZ0724089,Lissotriton montandoni,6378c,2024-04-13
CZ0724089,Lissotriton montandoni,6474c,2009-01-01
CZ0724089,Lissotriton montandoni,6476b,2000-05-23
CZ0724089,Lissotriton montandoni,6476c,2008-07-11
CZ0724089,Lissotriton montandoni,6476d,2022-06-14
CZ0724089,Lissotriton montandoni,6477a,2009-06-27
CZ0724089,Lissotriton montandoni,6477b,2025-05-09
CZ0724089,Lissotriton montandoni,6477c,2025-05-21
CZ0724089,Lissotriton montandoni,6477d,2025-07-02
CZ0724089,Lissotriton montandoni,6478a,2025-07-02
CZ0724089,Lissotriton montandoni,6478c,2020-06-16
CZ0724089,Lissotriton montandoni,6575b,2025-06-23
CZ0724089,Lissotriton montandoni,6575d,2022-09-12
CZ0724089,Lissotriton montandoni,6576a,2024-08-01
CZ0724089,Lissotriton montandoni,6576b,2022-06-14
CZ0724089,Lissotriton montandoni,6576c,2025-06-18
CZ0724089,Lissotriton montandoni,6576d,2025-06-30
CZ0724089,Lissotriton montandoni,6577a,2024-05-30
CZ0724089,Lissotriton montandoni,6577b,2025-07-21
CZ0724089,Lissotriton montandoni,6577c,2025-06-02
CZ0724089,Lissotriton montandoni,6674a,2025-05-08
CZ0724089,Lissotriton montandoni,6674b,2022-08-11
CZ0724089,Lissotriton montandoni,6675a,2024-06-08
CZ0724089,Lissotriton montandoni,6675b,2024-09-08
CZ0724089,Lissotriton montandoni,6676a,2025-05-14
CZ0724089,Lissotriton montandoni,6774b,2025-05-14
CZ0724089,Lutra lutra,"01,""6376d""",2005-06-16
CZ0724089,Lutra lutra,"01,""6377c""",2009-01-17
CZ0724089,Lutra lutra,"01,""6575b""",2023-01-15
CZ0724089,Lutra lutra,"11,""6378c""",2005-11-01
CZ0724089,Lutra lutra,"13,""6874a""",2006-03-12
CZ0724089,Lutra lutra,"15,""6477a""",2024-01-13
CZ0724089,Lutra lutra,"3,""6477b""",2008-12-21
CZ0724089,Lutra lutra,"34,""6475a""",2005-01-01
CZ0724089,Lutra lutra,"35,""6478c""",2005-08-01
CZ0724089,Lutra lutra,"45,""6576b""",2011-04-03
CZ0724089,Lutra lutra,"57,""6377c""",2005-01-01
CZ0724089,Lutra lutra,"57,""6477a""",2009-02-12
CZ0724089,Lutra lutra,"58,""6474d""",2023-02-16
CZ0724089,Lutra lutra,"58,""6477d""",2005-01-01
CZ0724089,Lutra lutra,"61,""6675c""",2021-04-04
CZ0724089,Lutra lutra,"63,""6675c""",2021-04-18
CZ0724089,Lutra lutra,6376d,2024-08-10
CZ0724089,Lutra lutra,6377a,2000-06-30
CZ0724089,Lutra lutra,6377c,2026-01-16
CZ0724089,Lutra lutra,6377d,2025-05-27
CZ0724089,Lutra lutra,6378c,2013-01-17
CZ0724089,Lutra lutra,6474c,2023-01-10
CZ0724089,Lutra lutra,6474d,2020-02-26
CZ0724089,Lutra lutra,6475c,2025-10-20
CZ0724089,Lutra lutra,6475d,2024-05-04
CZ0724089,Lutra lutra,6476a,2013-10-26
CZ0724089,Lutra lutra,6476b,2026-03-02
CZ0724089,Lutra lutra,6476c,2023-06-25
CZ0724089,Lutra lutra,6476d,2025-02-07
CZ0724089,Lutra lutra,6477a,2026-01-16
CZ0724089,Lutra lutra,6477b,2016-10-25
CZ0724089,Lutra lutra,6477c,2025-05-10
CZ0724089,Lutra lutra,6477d,2025-03-26
CZ0724089,Lutra lutra,6478a,2016-10-25
CZ0724089,Lutra lutra,6478c,2024-05-31
CZ0724089,Lutra lutra,6574b,2026-01-20
CZ0724089,Lutra lutra,6574c,2025-07-01
CZ0724089,Lutra lutra,6574d,2024-12-15
CZ0724089,Lutra lutra,6575a,2025-10-08
CZ0724089,Lutra lutra,6575b,2025-05-24
CZ0724089,Lutra lutra,6575c,2026-03-06
CZ0724089,Lutra lutra,6575d,2025-04-26
CZ0724089,Lutra lutra,6576a,2022-02-11
CZ0724089,Lutra lutra,6576b,2026-01-18
CZ0724089,Lutra lutra,6576c,2025-07-01
CZ0724089,Lutra lutra,6576d,2023-02-12
CZ0724089,Lutra lutra,6577a,2023-03-21
CZ0724089,Lutra lutra,6577b,2012-04-10
CZ0724089,Lutra lutra,6674b,2025-05-12
CZ0724089,Lutra lutra,6674c,2025-01-24
CZ0724089,Lutra lutra,6674d,2021-07-23
CZ0724089,Lutra lutra,6675a,2025-03-13
CZ0724089,Lutra lutra,6675b,2025-02-24
CZ0724089,Lutra lutra,6675c,2025-02-23
CZ0724089,Lutra lutra,6675d,2025-02-28
CZ0724089,Lutra lutra,6676a,2024-05-28
CZ0724089,Lutra lutra,6676c,2016-12-30
CZ0724089,Lutra lutra,6774b,2016-11-26
CZ0724089,Lutra lutra,6774c,2021-04-17
CZ0724089,Lutra lutra,6774d,2021-04-17
CZ0724089,Lutra lutra,6775a,2016-10-24
CZ0724089,Lutra lutra,6874a,2021-04-05
CZ0724089,Lutra lutra,6874b,2016-10-09
CZ0724089,Lutra lutra,"74,""6476c""",2005-02-01
CZ0724089,Lutra lutra,"78,""6478a""",2005-06-01
CZ0724089,Lutra lutra,"83,""6378a""",2005-01-01
CZ0724089,Lutra lutra,"87,""6576b""",2023-01-13
CZ0724089,Lutra lutra,"9,""6376d""",2005-01-01
CZ0724089,Lutra lutra,"91,""6477a""",2025-01-17
CZ0724089,Lutra lutra,"94,""6576d""",2005-11-10
CZ0724089,Lutra lutra,"94,""6675b""",2004-01-01
CZ0724089,Lutra lutra,"95,""6478a""",2005-11-01
CZ0724089,Lutra lutra,"96,""6377a""",2007-01-01
CZ0724089,Lutra lutra,"96,""6377b""",2007-01-01
CZ0724089,Lutra lutra,"96,""6377c""",2007-01-01
CZ0724089,Lutra lutra,"96,""6377d""",2007-01-01
CZ0724089,Lutra lutra,"96,""6474a""",2007-01-01
CZ0724089,Lutra lutra,"96,""6474b""",2007-01-01
CZ0724089,Lutra lutra,"96,""6474c""",2007-01-01
CZ0724089,Lutra lutra,"96,""6474d""",2007-01-01
CZ0724089,Lutra lutra,"96,""6574a""",2007-01-01
CZ0724089,Lutra lutra,"96,""6574b""",2007-01-01
CZ0724089,Lutra lutra,"96,""6574c""",2007-01-01
CZ0724089,Lutra lutra,"96,""6574d""",2007-01-01
CZ0724089,Lutra lutra,"96,""6575a""",2007-01-01
CZ0724089,Lutra lutra,"96,""6575b""",2007-01-01
CZ0724089,Lutra lutra,"96,""6575c""",2007-01-01
CZ0724089,Lutra lutra,"96,""6575d""",2007-01-01
CZ0724089,Lutra lutra,"96,""6577a""",2007-01-01
CZ0724089,Lutra lutra,"96,""6577b""",2007-01-01
CZ0724089,Lutra lutra,"96,""6577c""",2007-01-01
CZ0724089,Lutra lutra,"96,""6577d""",2007-01-01
CZ0724089,Lutra lutra,"96,""6676a""",2007-01-01
CZ0724089,Lutra lutra,"96,""6676b""",2007-01-01
CZ0724089,Lutra lutra,"96,""6676c""",2007-01-01
CZ0724089,Lutra lutra,"96,""6676d""",2007-01-01
CZ0724089,Lutra lutra,"96,""6774a""",2007-01-01
CZ0724089,Lutra lutra,"96,""6774b""",2007-01-01
CZ0724089,Lutra lutra,"96,""6774c""",2007-01-01
CZ0724089,Lutra lutra,"96,""6774d""",2007-01-01
CZ0724089,Lutra lutra,"98,""6674c""",2009-03-06
CZ0724089,Lycaena dispar,"01,""6774c""",2013-08-16
CZ0724089,Lycaena dispar,"16,""6674d""",2009-07-15
CZ0724089,Lycaena dispar,"48,""6474c""",2009-05-23
CZ0724089,Lycaena dispar,"55,""6774c""",2006-06-15
CZ0724089,Lycaena dispar,6376d,2017-06-27
CZ0724089,Lycaena dispar,6474c,2018-07-11
CZ0724089,Lycaena dispar,6474d,2024-07-29
CZ0724089,Lycaena dispar,6475c,2018-07-11
CZ0724089,Lycaena dispar,6477c,2022-07-04
CZ0724089,Lycaena dispar,6477d,2019-06-22
CZ0724089,Lycaena dispar,6478c,2025-08-16
CZ0724089,Lycaena dispar,6574a,2020-07-14
CZ0724089,Lycaena dispar,6574b,2025-08-15
CZ0724089,Lycaena dispar,6574d,2020-05-09
CZ0724089,Lycaena dispar,6575a,2022-06-13
CZ0724089,Lycaena dispar,6575b,2010-08-02
CZ0724089,Lycaena dispar,6575c,2022-06-29
CZ0724089,Lycaena dispar,6575d,2021-08-04
CZ0724089,Lycaena dispar,6576b,2011-06-03
CZ0724089,Lycaena dispar,6674a,2021-08-15
CZ0724089,Lycaena dispar,6674b,2025-06-15
CZ0724089,Lycaena dispar,6674c,2025-08-17
CZ0724089,Lycaena dispar,6674d,2025-08-27
CZ0724089,Lycaena dispar,6675a,2025-06-23
CZ0724089,Lycaena dispar,6675b,2022-06-15
CZ0724089,Lycaena dispar,6675c,2025-08-27
CZ0724089,Lycaena dispar,6675d,2022-06-15
CZ0724089,Lycaena dispar,6774a,2025-09-07
CZ0724089,Lycaena dispar,6774b,2023-09-05
CZ0724089,Lycaena dispar,6774c,2022-09-05
CZ0724089,Lycaena dispar,6774d,2018-06-05
CZ0724089,Lycaena dispar,6775a,2013-08-15
CZ0724089,Lycaena dispar,6874a,2023-09-02
CZ0724089,Lycaena dispar,"69,""6475c""",2007-07-26
CZ0724089,Lycaena dispar,"83,""6477b""",2008-07-01
CZ0724089,Lycaena dispar,"89,""6674d""",2009-07-01
CZ0724089,Lycaena dispar,"92,""6774c""",2007-08-01
CZ0724089,Lycaena dispar,"96,""6474a""",2009-05-25
CZ0724089,Lycaena dispar,"96,""6474b""",2009-05-25
CZ0724089,Lycaena dispar,"96,""6474c""",2009-05-25
CZ0724089,Lycaena dispar,"96,""6474d""",2009-05-25
CZ0724089,Lycaena dispar,"96,""6574a""",2007-05-27
CZ0724089,Lycaena dispar,"96,""6574b""",2007-05-27
CZ0724089,Lycaena dispar,"96,""6574c""",2007-05-27
CZ0724089,Lycaena dispar,"96,""6574d""",2007-05-27
CZ0724089,Lycaena dispar,"96,""6674a""",2008-08-31
CZ0724089,Lycaena dispar,"96,""6674b""",2008-08-31
CZ0724089,Lycaena dispar,"96,""6674c""",2008-08-31
CZ0724089,Lycaena dispar,"96,""6674d""",2008-08-31
CZ0724089,Lycaena dispar,"96,""6774a""",2006-08-19
CZ0724089,Lycaena dispar,"96,""6774b""",2006-08-19
CZ0724089,Lycaena dispar,"96,""6774c""",2006-08-19
CZ0724089,Lycaena dispar,"96,""6774d""",2006-08-19
CZ0724089,Lynx lynx,"01,""6676a""",2019-03-20
CZ0724089,Lynx lynx,"01,""6775b""",2025-03-27
CZ0724089,Lynx lynx,"02,""6674b""",2004-11-29
CZ0724089,Lynx lynx,"1,""6477d""",2019-02-17
CZ0724089,Lynx lynx,"12,""6474d""",2019-03-18
CZ0724089,Lynx lynx,"12,""6576b""",2000-01-01
CZ0724089,Lynx lynx,"13,""6477b""",2018-04-16
CZ0724089,Lynx lynx,"13,""6478a""",2000-12-01
CZ0724089,Lynx lynx,"17,""6476a""",2000-08-18
CZ0724089,Lynx lynx,"23,""6476b""",2000-07-27
CZ0724089,Lynx lynx,"23,""6774b""",2019-02-25
CZ0724089,Lynx lynx,"24,""6676a""",2001-10-01
CZ0724089,Lynx lynx,"25,""6476c""",2000-03-01
CZ0724089,Lynx lynx,"26,""6574b""",2001-02-01
CZ0724089,Lynx lynx,"27,""6874b""",2018-01-05
CZ0724089,Lynx lynx,"29,""6674b""",2020-04-09
CZ0724089,Lynx lynx,"3,""6576d""",2020-02-13
CZ0724089,Lynx lynx,"32,""6675c""",2025-01-04
CZ0724089,Lynx lynx,"34,""6578a""",2020-03-10
CZ0724089,Lynx lynx,"41,""6475d""",2008-03-01
CZ0724089,Lynx lynx,"43,""6476a""",2020-04-20
CZ0724089,Lynx lynx,"44,""6576c""",2025-02-07
CZ0724089,Lynx lynx,"47,""6575b""",2003-01-01
CZ0724089,Lynx lynx,"48,""6775a""",2025-02-21
CZ0724089,Lynx lynx,"49,""6576a""",2025-01-23
CZ0724089,Lynx lynx,"51,""6477c""",2020-03-05
CZ0724089,Lynx lynx,"52,""6477a""",2022-02-27
CZ0724089,Lynx lynx,"52,""6774b""",2020-05-07
CZ0724089,Lynx lynx,"56,""6575d""",2020-02-27
CZ0724089,Lynx lynx,"58,""6477d""",2019-05-17
CZ0724089,Lynx lynx,"58,""6774c""",2025-04-16
CZ0724089,Lynx lynx,"58,""6775a""",2020-04-30
CZ0724089,Lynx lynx,"61,""6477d""",2000-03-01
CZ0724089,Lynx lynx,"62,""6476c""",2020-04-21
CZ0724089,Lynx lynx,6376d,2004-02-21
CZ0724089,Lynx lynx,6377c,2025-04-16
CZ0724089,Lynx lynx,6377d,2026-02-20
CZ0724089,Lynx lynx,6378c,2025-02-21
CZ0724089,Lynx lynx,"64,""6476d""",2018-11-20
CZ0724089,Lynx lynx,"64,""6576a""",2001-02-01
CZ0724089,Lynx lynx,6474c,2022-02-11
CZ0724089,Lynx lynx,6474d,2021-03-07
CZ0724089,Lynx lynx,6475c,2022-12-26
CZ0724089,Lynx lynx,6475d,2026-02-06
CZ0724089,Lynx lynx,6476a,2026-01-07
CZ0724089,Lynx lynx,6476b,2025-05-30
CZ0724089,Lynx lynx,6476c,2026-02-06
CZ0724089,Lynx lynx,6476d,2026-01-29
CZ0724089,Lynx lynx,6477a,2026-02-06
CZ0724089,Lynx lynx,6477b,2026-01-18
CZ0724089,Lynx lynx,6477c,2026-02-20
CZ0724089,Lynx lynx,6477d,2025-12-06
CZ0724089,Lynx lynx,6478a,2024-04-19
CZ0724089,Lynx lynx,6478c,2026-02-21
CZ0724089,Lynx lynx,6574a,2015-04-01
CZ0724089,Lynx lynx,6574b,2022-06-26
CZ0724089,Lynx lynx,6574d,2015-04-01
CZ0724089,Lynx lynx,6575a,2026-01-05
CZ0724089,Lynx lynx,6575b,2026-02-26
CZ0724089,Lynx lynx,6575c,2016-10-12
CZ0724089,Lynx lynx,6575d,2025-06-07
CZ0724089,Lynx lynx,6576a,2025-07-18
CZ0724089,Lynx lynx,6576b,2025-02-08
CZ0724089,Lynx lynx,6576c,2026-01-26
CZ0724089,Lynx lynx,6576d,2018-02-27
CZ0724089,Lynx lynx,6577a,2025-02-17
CZ0724089,Lynx lynx,6577b,2024-02-17
CZ0724089,Lynx lynx,6674b,2020-07-31
CZ0724089,Lynx lynx,6674d,2010-10-06
CZ0724089,Lynx lynx,6675a,2026-02-17
CZ0724089,Lynx lynx,6675b,2014-06-10
CZ0724089,Lynx lynx,6675c,2019-02-15
CZ0724089,Lynx lynx,6675d,2020-02-14
CZ0724089,Lynx lynx,6676a,2025-01-07
CZ0724089,Lynx lynx,6676b,2003-03-01
CZ0724089,Lynx lynx,6676c,2025-02-06
CZ0724089,Lynx lynx,"67,""6774a""",2025-02-18
CZ0724089,Lynx lynx,6774a,2006-12-16
CZ0724089,Lynx lynx,6774b,2024-01-25
CZ0724089,Lynx lynx,6774c,2022-02-12
CZ0724089,Lynx lynx,6774d,2014-03-28
CZ0724089,Lynx lynx,6775a,2022-02-17
CZ0724089,Lynx lynx,6775b,2018-03-28
CZ0724089,Lynx lynx,"68,""6476b""",2005-01-09
CZ0724089,Lynx lynx,6874b,2015-08-15
CZ0724089,Lynx lynx,"71,""6476d""",2022-03-02
CZ0724089,Lynx lynx,"72,""6676c""",2025-04-10
CZ0724089,Lynx lynx,"78,""6577b""",2020-04-25
CZ0724089,Lynx lynx,"79,""6476c""",2001-02-01
CZ0724089,Lynx lynx,"79,""6476d""",2020-04-09
CZ0724089,Lynx lynx,"82,""6676a""",2019-04-01
CZ0724089,Lynx lynx,"84,""6477a""",2004-05-21
CZ0724089,Lynx lynx,"87,""6774b""",2000-12-30
CZ0724089,Lynx lynx,"87,""6774c""",2008-10-04
CZ0724089,Lynx lynx,"88,""6477c""",2020-04-18
CZ0724089,Lynx lynx,"89,""6576b""",2019-03-22
CZ0724089,Lynx lynx,"93,""6475d""",2001-02-01
CZ0724089,Lynx lynx,"93,""6575a""",2020-02-24
CZ0724089,Lynx lynx,"93,""6577a""",2020-05-04
CZ0724089,Lynx lynx,"94,""6577a""",2009-07-01
CZ0724089,Lynx lynx,"95,""6575b""",2020-02-07
CZ0724089,Lynx lynx,"97,""6775a""",2020-03-02
CZ0724089,Lynx lynx,"99,""6575b""",2023-09-13
CZ0724089,Myotis alcathoe/emarginatus,"01,""6675a""",2021-06-18
CZ0724089,Myotis alcathoe/emarginatus,"37,""6476b""",2018-05-01
CZ0724089,Myotis alcathoe/emarginatus,6576d,2015-07-06
CZ0724089,Myotis bechsteinii,"02,""6774b""",2018-05-04
CZ0724089,Myotis bechsteinii,"29,""6475d""",2022-08-11
CZ0724089,Myotis bechsteinii,"33,""6478c""",2018-05-04
CZ0724089,Myotis bechsteinii,"33,""6576d""",2013-05-19
CZ0724089,Myotis bechsteinii,"47,""6575b""",2013-07-01
CZ0724089,Myotis bechsteinii,6476d,2013-06-27
CZ0724089,Myotis bechsteinii,6575b,2025-09-20
CZ0724089,Myotis bechsteinii,6676a,2013-05-16
CZ0724089,Myotis bechsteinii,"77,""6377c""",2020-04-28
CZ0724089,Myotis bechsteinii,"87,""6774c""",2013-07-03
CZ0724089,Myotis bechsteinii,"96,""6474a""",2011-06-21
CZ0724089,Myotis bechsteinii,"96,""6474b""",2011-06-21
CZ0724089,Myotis bechsteinii,"96,""6474c""",2011-06-21
CZ0724089,Myotis bechsteinii,"96,""6474d""",2011-06-21
CZ0724089,Myotis bechsteinii,"96,""6478a""",2011-06-21
CZ0724089,Myotis bechsteinii,"96,""6478b""",2011-06-21
CZ0724089,Myotis bechsteinii,"96,""6478c""",2011-06-21
CZ0724089,Myotis bechsteinii,"96,""6478d""",2011-06-21
CZ0724089,Myotis bechsteinii,"96,""6574a""",2011-12-21
CZ0724089,Myotis bechsteinii,"96,""6574b""",2011-12-21
CZ0724089,Myotis bechsteinii,"96,""6574c""",2011-12-21
CZ0724089,Myotis bechsteinii,"96,""6574d""",2011-12-21
CZ0724089,Myotis bechsteinii,"96,""6575a""",2011-06-21
CZ0724089,Myotis bechsteinii,"96,""6575b""",2011-06-21
CZ0724089,Myotis bechsteinii,"96,""6575c""",2011-06-21
CZ0724089,Myotis bechsteinii,"96,""6575d""",2011-06-21
CZ0724089,Myotis bechsteinii,"96,""6774a""",2011-12-21
CZ0724089,Myotis bechsteinii,"96,""6774b""",2011-12-21
CZ0724089,Myotis bechsteinii,"96,""6774c""",2011-12-21
CZ0724089,Myotis bechsteinii,"96,""6774d""",2011-12-21
CZ0724089,Myotis bechsteinii,"99,""6575a""",2013-06-17
CZ0724089,Myotis emarginatus,"29,""6475d""",2022-08-11
CZ0724089,Myotis emarginatus,"47,""6575b""",2013-07-01
CZ0724089,Myotis emarginatus,"52,""6574b""",2001-01-01
CZ0724089,Myotis emarginatus,6475c,2025-07-14
CZ0724089,Myotis emarginatus,6476b,2025-01-04
CZ0724089,Myotis emarginatus,6478c,2024-08-11
CZ0724089,Myotis emarginatus,6575b,2025-09-20
CZ0724089,Myotis emarginatus,6576d,2015-07-06
CZ0724089,Myotis emarginatus,6774c,2025-02-02
CZ0724089,Myotis emarginatus,"76,""6476c""",2021-05-27
CZ0724089,Myotis emarginatus,"77,""6377c""",2020-04-28
CZ0724089,Myotis emarginatus,"96,""6474a""",2011-06-21
CZ0724089,Myotis emarginatus,"96,""6474b""",2011-06-21
CZ0724089,Myotis emarginatus,"96,""6474c""",2011-06-21
CZ0724089,Myotis emarginatus,"96,""6474d""",2011-06-21
CZ0724089,Myotis emarginatus,"96,""6476a""",2011-12-21
CZ0724089,Myotis emarginatus,"96,""6476b""",2011-12-21
CZ0724089,Myotis emarginatus,"96,""6476c""",2011-12-21
CZ0724089,Myotis emarginatus,"96,""6476d""",2011-12-21
CZ0724089,Myotis emarginatus,"96,""6477a""",2011-06-21
CZ0724089,Myotis emarginatus,"96,""6477b""",2011-06-21
CZ0724089,Myotis emarginatus,"96,""6477c""",2011-06-21
CZ0724089,Myotis emarginatus,"96,""6477d""",2011-06-21
CZ0724089,Myotis emarginatus,"96,""6574a""",2011-06-21
CZ0724089,Myotis emarginatus,"96,""6574b""",2011-06-21
CZ0724089,Myotis emarginatus,"96,""6574c""",2011-06-21
CZ0724089,Myotis emarginatus,"96,""6574d""",2011-06-21
CZ0724089,Myotis emarginatus,"96,""6575a""",2011-12-21
CZ0724089,Myotis emarginatus,"96,""6575b""",2011-12-21
CZ0724089,Myotis emarginatus,"96,""6575c""",2011-12-21
CZ0724089,Myotis emarginatus,"96,""6575d""",2011-12-21
CZ0724089,Myotis emarginatus,"96,""6774a""",2011-12-21
CZ0724089,Myotis emarginatus,"96,""6774b""",2011-12-21
CZ0724089,Myotis emarginatus,"96,""6774c""",2011-12-21
CZ0724089,Myotis emarginatus,"96,""6774d""",2011-12-21
CZ0724089,Myotis myotis,"01,""6675a""",2021-06-18
CZ0724089,Myotis myotis,"02,""6774b""",2018-05-04
CZ0724089,Myotis myotis,"29,""6475d""",2022-08-11
CZ0724089,Myotis myotis,"33,""6478c""",2018-05-04
CZ0724089,Myotis myotis,"33,""6576d""",2013-05-19
CZ0724089,Myotis myotis,"37,""6476b""",2018-05-01
CZ0724089,Myotis myotis,"41,""6475d""",2008-03-01
CZ0724089,Myotis myotis,"47,""6575b""",2013-07-01
CZ0724089,Myotis myotis,"58,""6477d""",2013-05-20
CZ0724089,Myotis myotis,6376d,2008-01-26
CZ0724089,Myotis myotis,6475c,2004-09-07
CZ0724089,Myotis myotis,6475d,2024-11-17
CZ0724089,Myotis myotis,6476b,2025-01-04
CZ0724089,Myotis myotis,6476c,2008-03-01
CZ0724089,Myotis myotis,6476d,2020-10-09
CZ0724089,Myotis myotis,6477a,2018-08-07
CZ0724089,Myotis myotis,6477d,2020-05-17
CZ0724089,Myotis myotis,6478c,2026-01-23
CZ0724089,Myotis myotis,6574a,2001-01-01
CZ0724089,Myotis myotis,6575b,2025-09-20
CZ0724089,Myotis myotis,6575c,1977-01-01
CZ0724089,Myotis myotis,6575d,2025-03-16
CZ0724089,Myotis myotis,6576b,2005-06-28
CZ0724089,Myotis myotis,6576d,2015-07-06
CZ0724089,Myotis myotis,6674d,2015-07-01
CZ0724089,Myotis myotis,6675d,2001-01-01
CZ0724089,Myotis myotis,6676a,2013-05-16
CZ0724089,Myotis myotis,6774a,2011-01-01
CZ0724089,Myotis myotis,6774b,1995-01-01
CZ0724089,Myotis myotis,6774c,2025-02-02
CZ0724089,Myotis myotis,"76,""6476c""",2021-05-27
CZ0724089,Myotis myotis,"77,""6377c""",2020-04-28
CZ0724089,Myotis myotis,"87,""6774c""",2013-07-03
CZ0724089,Myotis myotis,"96,""6474a""",2012-06-21
CZ0724089,Myotis myotis,"96,""6474b""",2012-06-21
CZ0724089,Myotis myotis,"96,""6474c""",2012-06-21
CZ0724089,Myotis myotis,"96,""6474d""",2012-06-21
CZ0724089,Myotis myotis,"96,""6475a""",2012-06-21
CZ0724089,Myotis myotis,"96,""6475b""",2012-06-21
CZ0724089,Myotis myotis,"96,""6475c""",2012-06-21
CZ0724089,Myotis myotis,"96,""6475d""",2012-06-21
CZ0724089,Myotis myotis,"96,""6476a""",2012-06-21
CZ0724089,Myotis myotis,"96,""6476b""",2012-06-21
CZ0724089,Myotis myotis,"96,""6476c""",2012-06-21
CZ0724089,Myotis myotis,"96,""6476d""",2012-06-21
CZ0724089,Myotis myotis,"96,""6574a""",2012-06-21
CZ0724089,Myotis myotis,"96,""6574b""",2012-06-21
CZ0724089,Myotis myotis,"96,""6574c""",2012-06-21
CZ0724089,Myotis myotis,"96,""6574d""",2012-06-21
CZ0724089,Myotis myotis,"96,""6575a""",2012-06-21
CZ0724089,Myotis myotis,"96,""6575b""",2012-06-21
CZ0724089,Myotis myotis,"96,""6575c""",2012-06-21
CZ0724089,Myotis myotis,"96,""6575d""",2012-06-21
CZ0724089,Myotis myotis,"96,""6576a""",2012-06-21
CZ0724089,Myotis myotis,"96,""6576b""",2012-06-21
CZ0724089,Myotis myotis,"96,""6576c""",2012-06-21
CZ0724089,Myotis myotis,"96,""6576d""",2012-06-21
CZ0724089,Myotis myotis,"96,""6674a""",2012-06-21
CZ0724089,Myotis myotis,"96,""6674b""",2012-06-21
CZ0724089,Myotis myotis,"96,""6674c""",2012-06-21
CZ0724089,Myotis myotis,"96,""6674d""",2012-06-21
CZ0724089,Myotis myotis,"96,""6675a""",2012-06-21
CZ0724089,Myotis myotis,"96,""6675b""",2012-06-21
CZ0724089,Myotis myotis,"96,""6675c""",2012-06-21
CZ0724089,Myotis myotis,"96,""6675d""",2012-06-21
CZ0724089,Myotis myotis,"96,""6676a""",2012-06-21
CZ0724089,Myotis myotis,"96,""6676b""",2012-06-21
CZ0724089,Myotis myotis,"96,""6676c""",2012-06-21
CZ0724089,Myotis myotis,"96,""6676d""",2012-06-21
CZ0724089,Myotis myotis,"96,""6774a""",2012-06-21
CZ0724089,Myotis myotis,"96,""6774b""",2012-06-21
CZ0724089,Myotis myotis,"96,""6774c""",2012-06-21
CZ0724089,Myotis myotis,"96,""6774d""",2012-06-21
CZ0724089,Myotis sp.,6475d,2023-08-21
CZ0724089,Ophiogomphus cecilia,6478c,2006-08-31
CZ0724089,Ophiogomphus cecilia,6675b,2022-07-20
CZ0724089,Ophiogomphus cecilia,"99,""6478a""",2000-08-20
CZ0724089,Phengaris nausithous,"01,""6774c""",2013-07-21
CZ0724089,Phengaris nausithous,"11,""6774b""",2008-08-01
CZ0724089,Phengaris nausithous,"16,""6674d""",1995-01-01
CZ0724089,Phengaris nausithous,"18,""6377c""",2024-07-18
CZ0724089,Phengaris nausithous,"24,""6575a""",2000-01-01
CZ0724089,Phengaris nausithous,"39,""6575b""",2023-07-27
CZ0724089,Phengaris nausithous,"61,""6377c""",2022-07-13
CZ0724089,Phengaris nausithous,6377c,2024-07-17
CZ0724089,Phengaris nausithous,6474d,2018-08-03
CZ0724089,Phengaris nausithous,6475c,2025-08-08
CZ0724089,Phengaris nausithous,6475d,2020-07-20
CZ0724089,Phengaris nausithous,6574b,2021-08-03
CZ0724089,Phengaris nausithous,6574c,2020-07-20
CZ0724089,Phengaris nausithous,6574d,2023-07-24
CZ0724089,Phengaris nausithous,6575a,2023-07-27
CZ0724089,Phengaris nausithous,6575b,2023-07-27
CZ0724089,Phengaris nausithous,6575c,2025-08-19
CZ0724089,Phengaris nausithous,6575d,2025-08-07
CZ0724089,Phengaris nausithous,6576a,2023-07-12
CZ0724089,Phengaris nausithous,6576c,2025-07-14
CZ0724089,Phengaris nausithous,6674a,2021-08-15
CZ0724089,Phengaris nausithous,6674b,2025-08-02
CZ0724089,Phengaris nausithous,6674c,2021-08-16
CZ0724089,Phengaris nausithous,6674d,2025-08-08
CZ0724089,Phengaris nausithous,6675a,2020-07-19
CZ0724089,Phengaris nausithous,6675b,2020-07-19
CZ0724089,Phengaris nausithous,6675c,2025-08-17
CZ0724089,Phengaris nausithous,6675d,2020-08-03
CZ0724089,Phengaris nausithous,6676a,2020-08-03
CZ0724089,Phengaris nausithous,6676c,2023-08-19
CZ0724089,Phengaris nausithous,6774a,2025-07-18
CZ0724089,Phengaris nausithous,6774b,2021-08-17
CZ0724089,Phengaris nausithous,6774c,2023-08-27
CZ0724089,Phengaris nausithous,6774d,2023-07-20
CZ0724089,Phengaris nausithous,6775a,2023-07-31
CZ0724089,Phengaris nausithous,6874a,2023-05-20
CZ0724089,Phengaris nausithous,6874b,2023-07-20
CZ0724089,Phengaris nausithous,"69,""6475c""",2007-07-26
CZ0724089,Phengaris nausithous,"82,""6376d""",2022-07-13
CZ0724089,Phengaris nausithous,"89,""6674d""",2010-08-05
CZ0724089,Phengaris nausithous,"92,""6774c""",2007-08-01
CZ0724089,Phengaris nausithous,"95,""6574b""",1995-01-01
CZ0724089,Phengaris nausithous,"96,""6474a""",2009-07-27
CZ0724089,Phengaris nausithous,"96,""6474b""",2009-07-27
CZ0724089,Phengaris nausithous,"96,""6474c""",2009-07-27
CZ0724089,Phengaris nausithous,"96,""6474d""",2009-07-27
CZ0724089,Phengaris nausithous,"96,""6574a""",2004-08-15
CZ0724089,Phengaris nausithous,"96,""6574b""",2004-08-15
CZ0724089,Phengaris nausithous,"96,""6574c""",2004-08-15
CZ0724089,Phengaris nausithous,"96,""6574d""",2004-08-15
CZ0724089,Phengaris nausithous,"96,""6674a""",2010-07-21
CZ0724089,Phengaris nausithous,"96,""6674b""",2010-07-21
CZ0724089,Phengaris nausithous,"96,""6674c""",2010-07-21
CZ0724089,Phengaris nausithous,"96,""6674d""",2010-07-21
CZ0724089,Phengaris nausithous,"96,""6774a""",2007-07-26
CZ0724089,Phengaris nausithous,"96,""6774b""",2007-07-26
CZ0724089,Phengaris nausithous,"96,""6774c""",2007-07-26
CZ0724089,Phengaris nausithous,"96,""6774d""",2007-07-26
CZ0724089,Phengaris teleius,"01,""6774c""",2013-08-01
CZ0724089,Phengaris teleius,"11,""6774b""",2008-08-01
CZ0724089,Phengaris teleius,"18,""6574a""",2009-07-04
CZ0724089,Phengaris teleius,"34,""6477a""",2009-06-17
CZ0724089,Phengaris teleius,6376d,2017-06-27
CZ0724089,Phengaris teleius,6474c,2009-07-04
CZ0724089,Phengaris teleius,6474d,2009-08-25
CZ0724089,Phengaris teleius,6475c,2025-08-08
CZ0724089,Phengaris teleius,6475d,2020-07-20
CZ0724089,Phengaris teleius,6476c,2009-06-08
CZ0724089,Phengaris teleius,6477a,2009-07-04
CZ0724089,Phengaris teleius,6477c,2009-08-01
CZ0724089,Phengaris teleius,6477d,2009-07-10
CZ0724089,Phengaris teleius,6478c,2025-06-24
CZ0724089,Phengaris teleius,6574c,2020-07-20
CZ0724089,Phengaris teleius,6575a,2020-07-20
CZ0724089,Phengaris teleius,6575b,2020-08-14
CZ0724089,Phengaris teleius,6575c,2024-07-27
CZ0724089,Phengaris teleius,6575d,2024-07-24
CZ0724089,Phengaris teleius,6576a,2020-08-14
CZ0724089,Phengaris teleius,6576c,2021-08-04
CZ0724089,Phengaris teleius,6674b,2025-08-18
CZ0724089,Phengaris teleius,6674c,2021-08-16
CZ0724089,Phengaris teleius,6674d,2025-08-08
CZ0724089,Phengaris teleius,6675a,2020-07-19
CZ0724089,Phengaris teleius,6675b,2020-07-19
CZ0724089,Phengaris teleius,6675c,2025-07-26
CZ0724089,Phengaris teleius,6675d,2020-08-03
CZ0724089,Phengaris teleius,6676a,2020-08-03
CZ0724089,Phengaris teleius,6676c,2020-08-03
CZ0724089,Phengaris teleius,6774a,2024-07-17
CZ0724089,Phengaris teleius,6774b,2021-08-16
CZ0724089,Phengaris teleius,6774c,2022-07-25
CZ0724089,Phengaris teleius,6774d,2021-07-22
CZ0724089,Phengaris teleius,6775a,2009-08-15
CZ0724089,Phengaris teleius,6874a,2023-05-20
CZ0724089,Phengaris teleius,6874b,2023-07-20
CZ0724089,Phengaris teleius,"79,""6475c""",2009-06-09
CZ0724089,Phengaris teleius,"89,""6674d""",2010-08-21
CZ0724089,Phengaris teleius,"96,""6474a""",2009-08-25
CZ0724089,Phengaris teleius,"96,""6474b""",2009-08-25
CZ0724089,Phengaris teleius,"96,""6474c""",2009-08-25
CZ0724089,Phengaris teleius,"96,""6474d""",2009-08-25
CZ0724089,Phengaris teleius,"96,""6674a""",2010-07-21
CZ0724089,Phengaris teleius,"96,""6674b""",2010-07-21
CZ0724089,Phengaris teleius,"96,""6674c""",2010-07-21
CZ0724089,Phengaris teleius,"96,""6674d""",2010-07-21
CZ0724089,Phengaris teleius,"96,""6774a""",2007-07-26
CZ0724089,Phengaris teleius,"96,""6774b""",2007-07-26
CZ0724089,Phengaris teleius,"96,""6774c""",2007-07-26
CZ0724089,Phengaris teleius,"96,""6774d""",2007-07-26
CZ0724089,Rhinolophus hipposideros,"01,""6675a""",2021-06-18
CZ0724089,Rhinolophus hipposideros,"29,""6475d""",2022-08-11
CZ0724089,Rhinolophus hipposideros,"47,""6575b""",2013-07-01
CZ0724089,Rhinolophus hipposideros,6377c,2006-11-28
CZ0724089,Rhinolophus hipposideros,6475c,2024-10-11
CZ0724089,Rhinolophus hipposideros,6476b,2025-01-04
CZ0724089,Rhinolophus hipposideros,6575a,2024-03-17
CZ0724089,Rhinolophus hipposideros,6575b,2025-09-20
CZ0724089,Rhinolophus hipposideros,6575c,2015-09-18
CZ0724089,Rhinolophus hipposideros,6774c,2025-02-02
CZ0724089,Rhinolophus hipposideros,"74,""6575a""",2009-04-25
CZ0724089,Rhinolophus hipposideros,"76,""6476c""",2021-05-27
CZ0724089,Rhinolophus hipposideros,"77,""6377c""",2020-04-28
CZ0724089,Rhinolophus hipposideros,"87,""6774c""",2013-07-03
CZ0724089,Rhinolophus hipposideros,"96,""6377a""",2011-12-21
CZ0724089,Rhinolophus hipposideros,"96,""6377b""",2011-12-21
CZ0724089,Rhinolophus hipposideros,"96,""6377c""",2011-12-21
CZ0724089,Rhinolophus hipposideros,"96,""6377d""",2011-12-21
CZ0724089,Rhinolophus hipposideros,"96,""6474a""",2012-06-21
CZ0724089,Rhinolophus hipposideros,"96,""6474b""",2012-06-21
CZ0724089,Rhinolophus hipposideros,"96,""6474c""",2012-06-21
CZ0724089,Rhinolophus hipposideros,"96,""6474d""",2012-06-21
CZ0724089,Rhinolophus hipposideros,"96,""6475a""",2012-06-21
CZ0724089,Rhinolophus hipposideros,"96,""6475b""",2012-06-21
CZ0724089,Rhinolophus hipposideros,"96,""6475c""",2012-06-21
CZ0724089,Rhinolophus hipposideros,"96,""6475d""",2012-06-21
CZ0724089,Rhinolophus hipposideros,"96,""6476a""",2012-06-21
CZ0724089,Rhinolophus hipposideros,"96,""6476b""",2012-06-21
CZ0724089,Rhinolophus hipposideros,"96,""6476c""",2012-06-21
CZ0724089,Rhinolophus hipposideros,"96,""6476d""",2012-06-21
CZ0724089,Rhinolophus hipposideros,"96,""6574a""",2012-06-21
CZ0724089,Rhinolophus hipposideros,"96,""6574b""",2012-06-21
CZ0724089,Rhinolophus hipposideros,"96,""6574c""",2012-06-21
CZ0724089,Rhinolophus hipposideros,"96,""6574d""",2012-06-21
CZ0724089,Rhinolophus hipposideros,"96,""6575a""",2012-06-21
CZ0724089,Rhinolophus hipposideros,"96,""6575b""",2012-06-21
CZ0724089,Rhinolophus hipposideros,"96,""6575c""",2012-06-21
CZ0724089,Rhinolophus hipposideros,"96,""6575d""",2012-06-21
CZ0724089,Rhinolophus hipposideros,"96,""6774a""",2012-06-21
CZ0724089,Rhinolophus hipposideros,"96,""6774b""",2012-06-21
CZ0724089,Rhinolophus hipposideros,"96,""6774c""",2012-06-21
CZ0724089,Rhinolophus hipposideros,"96,""6774d""",2012-06-21
CZ0724089,Rhinolophus hipposideros,"99,""6575a""",2013-06-17
CZ0724089,Rhysodes sulcatus,"58,""6477d""",2004-01-01
CZ0724089,Rhysodes sulcatus,"62,""6477d""",2014-06-10
CZ0724089,Rhysodes sulcatus,6477d,2019-06-07
CZ0724089,Rhysodes sulcatus,6478c,2019-06-07
CZ0724089,Rhysodes sulcatus,"8,""6477d""",2000-08-30
CZ0724089,Rosalia alpina,6674b,2003-01-01
CZ0724089,Rumex sp.,6376d,2007-07-24
CZ0724089,Rumex sp.,6476b,2017-06-30
CZ0724089,Rumex sp.,6476d,2010-08-11
CZ0724089,Rumex sp.,6575a,2005-07-01
CZ0724089,Rumex sp.,6575b,2019-10-08
CZ0724089,Rumex sp.,6576a,2011-08-12
CZ0724089,Rumex sp.,6576d,2019-07-04
CZ0724089,Rumex sp.,6675b,2000-07-25
CZ0724089,Salmo trutta,"01,""6477a""",2012-01-01
CZ0724089,Salmo trutta,"08,""6475a""",2004-01-01
CZ0724089,Salmo trutta,"1,""6575b""",2004-01-01
CZ0724089,Salmo trutta,"11,""6576a""",2004-01-01
CZ0724089,Salmo trutta,"12,""6674c""",2001-01-01
CZ0724089,Salmo trutta,"24,""6474d""",2004-01-01
CZ0724089,Salmo trutta,"3,""6475c""",2004-01-01
CZ0724089,Salmo trutta,"31,""6774a""",2001-01-01
CZ0724089,Salmo trutta,"33,""6474a""",2004-01-01
CZ0724089,Salmo trutta,"34,""6476b""",2004-01-01
CZ0724089,Salmo trutta,"36,""6774c""",2004-01-01
CZ0724089,Salmo trutta,"39,""6474a""",2004-01-01
CZ0724089,Salmo trutta,"41,""6674c""",2011-01-01
CZ0724089,Salmo trutta,"42,""6377d""",2004-01-01
CZ0724089,Salmo trutta,"49,""6475d""",2004-01-01
CZ0724089,Salmo trutta,"49,""6576a""",2004-01-01
CZ0724089,Salmo trutta,"56,""6477a""",2004-01-01
CZ0724089,Salmo trutta,"59,""6675a""",2004-01-01
CZ0724089,Salmo trutta,6377c,2014-10-31
CZ0724089,Salmo trutta,6474d,2024-11-17
CZ0724089,Salmo trutta,6475c,2004-01-01
CZ0724089,Salmo trutta,6475d,2015-07-17
CZ0724089,Salmo trutta,6476c,2018-06-05
CZ0724089,Salmo trutta,6476d,2001-01-01
CZ0724089,Salmo trutta,6477a,2020-04-10
CZ0724089,Salmo trutta,6477c,2001-01-01
CZ0724089,Salmo trutta,6477d,2025-03-21
CZ0724089,Salmo trutta,6478a,2009-10-09
CZ0724089,Salmo trutta,6478c,2025-04-14
CZ0724089,Salmo trutta,6574b,2024-11-03
CZ0724089,Salmo trutta,6574c,2003-01-01
CZ0724089,Salmo trutta,6574d,2023-06-03
CZ0724089,Salmo trutta,6575a,2024-08-24
CZ0724089,Salmo trutta,6575b,2024-05-23
CZ0724089,Salmo trutta,6575c,2024-07-14
CZ0724089,Salmo trutta,6575d,2023-09-02
CZ0724089,Salmo trutta,6576a,2018-09-26
CZ0724089,Salmo trutta,6576b,2022-08-11
CZ0724089,Salmo trutta,6576d,2022-08-23
CZ0724089,Salmo trutta,6577a,2009-10-10
CZ0724089,Salmo trutta,6674c,2022-05-15
CZ0724089,Salmo trutta,6674d,2022-07-17
CZ0724089,Salmo trutta,6675b,2020-09-15
CZ0724089,Salmo trutta,6675c,2024-07-22
CZ0724089,Salmo trutta,6675d,2001-01-01
CZ0724089,Salmo trutta,6676a,2007-08-27
CZ0724089,Salmo trutta,"67,""6376d""",2004-01-01
CZ0724089,Salmo trutta,6774a,2002-01-01
CZ0724089,Salmo trutta,6774b,2002-01-01
CZ0724089,Salmo trutta,6774c,2001-01-01
CZ0724089,Salmo trutta,6774d,2001-01-01
CZ0724089,Salmo trutta,6874a,2018-09-21
CZ0724089,Salmo trutta,"7,""6774a""",2004-01-01
CZ0724089,Salmo trutta,"99,""6674d""",2001-01-01
CZ0724089,Sanguisorba officinalis,"01,""6674b""",2017-08-06
CZ0724089,Sanguisorba officinalis,"06,""6475c""",2014-05-27
CZ0724089,Sanguisorba officinalis,"14,""6874b""",2015-09-10
CZ0724089,Sanguisorba officinalis,"2,""6774b""",2015-10-02
CZ0724089,Sanguisorba officinalis,"21,""6377c""",2007-07-30
CZ0724089,Sanguisorba officinalis,"28,""6674d""",2019-05-31
CZ0724089,Sanguisorba officinalis,"5,""6774c""",2017-09-13
CZ0724089,Sanguisorba officinalis,"52,""6674c""",2017-08-30
CZ0724089,Sanguisorba officinalis,"61,""6774d""",2015-09-10
CZ0724089,Sanguisorba officinalis,6376d,2008-08-04
CZ0724089,Sanguisorba officinalis,6377a,2008-04-25
CZ0724089,Sanguisorba officinalis,6377c,2011-07-16
CZ0724089,Sanguisorba officinalis,6377d,2007-09-02
CZ0724089,Sanguisorba officinalis,6378c,2024-09-08
CZ0724089,Sanguisorba officinalis,6474c,2010-07-29
CZ0724089,Sanguisorba officinalis,6474d,2007-06-13
CZ0724089,Sanguisorba officinalis,6475c,2025-11-03
CZ0724089,Sanguisorba officinalis,6475d,2018-05-08
CZ0724089,Sanguisorba officinalis,6476b,2008-08-03
CZ0724089,Sanguisorba officinalis,6476c,2008-09-10
CZ0724089,Sanguisorba officinalis,6476d,2008-09-10
CZ0724089,Sanguisorba officinalis,6477a,2024-08-16
CZ0724089,Sanguisorba officinalis,6477c,2020-06-30
CZ0724089,Sanguisorba officinalis,6477d,2025-08-28
CZ0724089,Sanguisorba officinalis,6478a,2007-09-02
CZ0724089,Sanguisorba officinalis,6574a,2025-05-13
CZ0724089,Sanguisorba officinalis,6574b,2025-04-27
CZ0724089,Sanguisorba officinalis,6574c,2023-07-20
CZ0724089,Sanguisorba officinalis,6574d,2017-10-07
CZ0724089,Sanguisorba officinalis,6575a,2025-09-04
CZ0724089,Sanguisorba officinalis,6575b,2008-08-23
CZ0724089,Sanguisorba officinalis,6575c,2024-08-30
CZ0724089,Sanguisorba officinalis,6575d,2024-04-11
CZ0724089,Sanguisorba officinalis,6576a,2022-05-03
CZ0724089,Sanguisorba officinalis,6576b,2025-08-22
CZ0724089,Sanguisorba officinalis,6576c,2012-11-23
CZ0724089,Sanguisorba officinalis,6576d,2008-06-10
CZ0724089,Sanguisorba officinalis,6578a,2024-08-23
CZ0724089,Sanguisorba officinalis,6674a,2007-07-22
CZ0724089,Sanguisorba officinalis,6674b,2024-10-07
CZ0724089,Sanguisorba officinalis,6674c,2023-05-04
CZ0724089,Sanguisorba officinalis,6674d,2025-08-08
CZ0724089,Sanguisorba officinalis,6675a,2012-06-19
CZ0724089,Sanguisorba officinalis,6675b,2021-07-16
CZ0724089,Sanguisorba officinalis,6675c,2019-08-28
CZ0724089,Sanguisorba officinalis,6676a,2023-06-19
CZ0724089,Sanguisorba officinalis,6676c,2021-05-05
CZ0724089,Sanguisorba officinalis,6774a,2025-09-12
CZ0724089,Sanguisorba officinalis,6774b,2015-10-03
CZ0724089,Sanguisorba officinalis,6774c,2018-06-22
CZ0724089,Sanguisorba officinalis,6774d,2024-05-02
CZ0724089,Sanguisorba officinalis,6775a,2022-09-05
CZ0724089,Sanguisorba officinalis,6874a,2019-07-26
CZ0724089,Sanguisorba officinalis,6874b,2022-06-09
CZ0724089,Sanguisorba officinalis,"7,""6774a""",2015-09-25
CZ0724089,Sanguisorba officinalis,"94,""6576c""",2015-07-23
CZ0724089,Sanguisorba officinalis,"99,""6774a""",2017-09-06
CZ0724089,Scardinius erythrophthalmus,6475c,2025-06-26
CZ0724089,Succisa pratensis,6376d,2010-08-01
CZ0724089,Succisa pratensis,6475c,2014-05-27
CZ0724089,Succisa pratensis,6475d,2017-06-12
CZ0724089,Succisa pratensis,6476b,2023-08-04
CZ0724089,Succisa pratensis,6476d,2008-08-12
CZ0724089,Succisa pratensis,6477c,2025-06-12
CZ0724089,Succisa pratensis,6477d,2025-08-28
CZ0724089,Succisa pratensis,6478a,2007-05-01
CZ0724089,Succisa pratensis,6574a,2008-08-31
CZ0724089,Succisa pratensis,6574b,2022-09-01
CZ0724089,Succisa pratensis,6574c,2007-08-01
CZ0724089,Succisa pratensis,6574d,2007-08-25
CZ0724089,Succisa pratensis,6575a,2010-06-25
CZ0724089,Succisa pratensis,6575c,2024-07-19
CZ0724089,Succisa pratensis,6575d,2025-09-11
CZ0724089,Succisa pratensis,6576a,2013-07-11
CZ0724089,Succisa pratensis,6576b,2013-07-11
CZ0724089,Succisa pratensis,6576c,2016-08-12
CZ0724089,Succisa pratensis,6578a,2023-07-11
CZ0724089,Succisa pratensis,6674c,2011-06-22
CZ0724089,Succisa pratensis,6675a,2006-05-16
CZ0724089,Succisa pratensis,6676c,2006-09-16
CZ0724089,Triturus cristatus,6377d,2020-05-09
CZ0724089,Triturus cristatus,6574a,2024-08-23
CZ0724089,Triturus cristatus,6574b,2025-04-26
CZ0724089,Triturus cristatus,6574d,2025-07-07
CZ0724089,Triturus cristatus,6675a,2025-07-31
CZ0724089,Triturus cristatus,"88,""6574a""",2008-04-20
CZ0724089,Triturus cristatus,"99,""6573b""",2008-05-29
CZ0724089,Unio crassus,6674c,2025-05-21
CZ0724089,Unio crassus,6674d,2007-03-24
CZ0724089,Ursus arctos,"01,""6775b""",2024-05-25
CZ0724089,Ursus arctos,"02,""6774b""",2001-06-08
CZ0724089,Ursus arctos,"08,""6576a""",2004-11-06
CZ0724089,Ursus arctos,"14,""6576a""",2004-05-14
CZ0724089,Ursus arctos,"24,""6676a""",2001-07-01
CZ0724089,Ursus arctos,"25,""6576d""",2001-01-06
CZ0724089,Ursus arctos,"26,""6574b""",2001-07-01
CZ0724089,Ursus arctos,"29,""6574a""",2001-07-01
CZ0724089,Ursus arctos,"29,""6674b""",2018-10-06
CZ0724089,Ursus arctos,"3,""6476c""",2001-06-27
CZ0724089,Ursus arctos,"35,""6477d""",2003-05-01
CZ0724089,Ursus arctos,"42,""6576d""",2004-01-01
CZ0724089,Ursus arctos,"44,""6575b""",2001-04-01
CZ0724089,Ursus arctos,"45,""6574a""",2001-05-13
CZ0724089,Ursus arctos,"47,""6475c""",2012-04-29
CZ0724089,Ursus arctos,"47,""6575b""",2003-01-01
CZ0724089,Ursus arctos,"5,""6478c""",2001-09-25
CZ0724089,Ursus arctos,"58,""6477d""",2018-12-13
CZ0724089,Ursus arctos,"61,""6774c""",2001-06-08
CZ0724089,Ursus arctos,"62,""6476c""",2019-05-23
CZ0724089,Ursus arctos,6377c,2011-04-07
CZ0724089,Ursus arctos,6377d,2021-09-11
CZ0724089,Ursus arctos,6474c,2020-04-22
CZ0724089,Ursus arctos,6474d,2002-07-01
CZ0724089,Ursus arctos,6475c,2002-06-30
CZ0724089,Ursus arctos,6475d,2019-03-10
CZ0724089,Ursus arctos,6476a,2019-06-11
CZ0724089,Ursus arctos,6476b,2019-09-18
CZ0724089,Ursus arctos,6476c,2025-08-09
CZ0724089,Ursus arctos,6476d,2019-04-10
CZ0724089,Ursus arctos,6477a,2018-12-10
CZ0724089,Ursus arctos,6477b,2020-06-18
CZ0724089,Ursus arctos,6477c,2018-09-30
CZ0724089,Ursus arctos,6477d,2015-08-02
CZ0724089,Ursus arctos,6478a,2008-08-10
CZ0724089,Ursus arctos,6478c,2022-04-22
CZ0724089,Ursus arctos,6574a,2015-07-27
CZ0724089,Ursus arctos,6574b,2025-07-05
CZ0724089,Ursus arctos,6574c,2020-07-31
CZ0724089,Ursus arctos,6575a,2025-07-16
CZ0724089,Ursus arctos,6575b,2025-06-25
CZ0724089,Ursus arctos,6575c,2024-02-07
CZ0724089,Ursus arctos,6575d,2010-07-26
CZ0724089,Ursus arctos,6576a,2019-07-05
CZ0724089,Ursus arctos,6576b,2019-03-29
CZ0724089,Ursus arctos,6576c,2025-04-04
CZ0724089,Ursus arctos,6576d,2014-08-10
CZ0724089,Ursus arctos,6577a,2003-01-01
CZ0724089,Ursus arctos,6674a,2014-09-02
CZ0724089,Ursus arctos,6674b,2021-04-11
CZ0724089,Ursus arctos,6674c,2019-05-14
CZ0724089,Ursus arctos,6674d,2015-08-19
CZ0724089,Ursus arctos,6675a,2025-08-09
CZ0724089,Ursus arctos,6675b,2008-11-08
CZ0724089,Ursus arctos,6675c,2020-04-25
CZ0724089,Ursus arctos,6675d,2016-02-28
CZ0724089,Ursus arctos,6676a,2023-05-13
CZ0724089,Ursus arctos,6676c,2025-09-24
CZ0724089,Ursus arctos,6774a,2025-08-08
CZ0724089,Ursus arctos,6774b,2025-09-30
CZ0724089,Ursus arctos,6774c,2025-05-12
CZ0724089,Ursus arctos,6774d,2025-09-20
CZ0724089,Ursus arctos,6775a,2014-09-06
CZ0724089,Ursus arctos,6775b,2015-09-24
CZ0724089,Ursus arctos,"7,""6475c""",2001-07-01
CZ0724089,Ursus arctos,"71,""6478c""",2005-05-20
CZ0724089,Ursus arctos,"73,""6477b""",2000-07-06
CZ0724089,Ursus arctos,"76,""6675d""",2000-06-01
CZ0724089,Ursus arctos,"79,""6476c""",2001-03-01
CZ0724089,Ursus arctos,"82,""6675c""",2000-06-01
CZ0724089,Ursus arctos,"85,""6674b""",2004-07-20
CZ0724089,Ursus arctos,"91,""6774b""",2001-03-01
CZ0724089,Ursus arctos,"99,""6475d""",2004-11-01
CZ0724089,Ursus arctos,"99,""6575a""",2001-04-13
CZ0724089,Ursus arctos,"99,""6575d""",2001-06-01
CZ0724089,Vertigo angustior,6574d,2014-08-26
CZ0724089,Vertigo angustior,6575c,2005-06-23
CZ0724090,Barbastella barbastellus,"11,""7171c""",2007-07-19
CZ0724090,Barbastella barbastellus,"19,""7172a""",2013-06-22
CZ0724090,Barbastella barbastellus,7071d,2019-08-31
CZ0724090,Barbastella barbastellus,7072c,2021-05-29
CZ0724090,Barbastella barbastellus,7072d,2021-09-06
CZ0724090,Barbastella barbastellus,7171b,2019-08-18
CZ0724090,Barbastella barbastellus,"96,""7073a""",2011-06-21
CZ0724090,Barbastella barbastellus,"96,""7073b""",2011-06-21
CZ0724090,Barbastella barbastellus,"96,""7073c""",2011-06-21
CZ0724090,Barbastella barbastellus,"96,""7073d""",2011-06-21
CZ0724090,Barbastella barbastellus,"96,""7171a""",2011-06-21
CZ0724090,Barbastella barbastellus,"96,""7171b""",2011-06-21
CZ0724090,Barbastella barbastellus,"96,""7171c""",2011-06-21
CZ0724090,Barbastella barbastellus,"96,""7171d""",2011-06-21
CZ0724090,Bombina bombina,7071d,2013-04-15
CZ0724090,Bombina bombina,7072d,2022-05-17
CZ0724090,Bombina bombina,7171b,2023-06-08
CZ0724090,Bombina variegata,"25,""7072c""",2010-04-26
CZ0724090,Bombina variegata,"31,""7072c""",2017-06-06
CZ0724090,Bombina variegata,"45,""7073c""",2017-05-16
CZ0724090,Bombina variegata,"54,""7072b""",2017-07-09
CZ0724090,Bombina variegata,"55,""7071c""",2010-06-22
CZ0724090,Bombina variegata,7071d,2024-05-28
CZ0724090,Bombina variegata,7072a,2025-05-03
CZ0724090,Bombina variegata,7072b,2025-05-27
CZ0724090,Bombina variegata,7072c,2025-07-01
CZ0724090,Bombina variegata,7072d,2025-05-29
CZ0724090,Bombina variegata,7073a,2024-07-25
CZ0724090,Bombina variegata,7073c,2022-06-14
CZ0724090,Bombina variegata,7171a,2025-06-02
CZ0724090,Bombina variegata,7171b,2025-06-02
CZ0724090,Bombina variegata,7171c,2025-07-17
CZ0724090,Bombina variegata,7172a,2025-05-31
CZ0724090,Bombina variegata,"79,""7172a""",2010-05-29
CZ0724090,Canis lupus,7071d,2022-10-14
CZ0724090,Canis lupus,7171a,2025-08-29
CZ0724090,Canis lupus,7171b,2024-07-17
CZ0724090,Canis lupus,7171d,2025-06-25
CZ0724090,Carabus variolosus,"12,""7071d""",2003-01-01
CZ0724090,Carabus variolosus,"14,""7171b""",2003-01-01
CZ0724090,Carabus variolosus,"38,""7072c""",1984-01-01
CZ0724090,Carabus variolosus,"53,""7071d""",2000-12-18
CZ0724090,Carabus variolosus,6973c,2005-06-01
CZ0724090,Carabus variolosus,7071d,2022-05-15
CZ0724090,Carabus variolosus,7072a,2020-03-13
CZ0724090,Carabus variolosus,7072b,2003-05-04
CZ0724090,Carabus variolosus,7072c,2021-09-21
CZ0724090,Carabus variolosus,7072d,2021-09-21
CZ0724090,Carabus variolosus,7073a,2018-05-30
CZ0724090,Carabus variolosus,7073c,2022-05-15
CZ0724090,Carabus variolosus,7171a,2022-11-18
CZ0724090,Carabus variolosus,7171b,2025-06-07
CZ0724090,Carabus variolosus,7171c,2023-06-16
CZ0724090,Carabus variolosus,7171d,2005-06-01
CZ0724090,Carabus variolosus,7172a,2022-05-21
CZ0724090,Carabus variolosus,"88,""7171b""",2000-12-18
CZ0724090,Carabus variolosus,"9,""7171b""",2000-01-01
CZ0724090,Castor fiber,7072c,2025-12-07
CZ0724090,Castor fiber,7072d,2024-06-05
CZ0724090,Castor fiber,7073c,2025-03-30
CZ0724090,Castor fiber,7171a,2022-09-05
CZ0724090,Castor fiber,7171b,2023-05-25
CZ0724090,Castor fiber,7171c,2025-05-09
CZ0724090,Chamaecytisus sp.,7071d,2012-06-05
CZ0724090,Chamaecytisus sp.,7171a,2010-06-17
CZ0724090,Chamaecytisus sp.,7171b,2017-09-07
CZ0724090,Chamaecytisus sp.,7171c,2010-05-15
CZ0724090,Colias myrmidone,"01,""7171a""",2004-07-15
CZ0724090,Colias myrmidone,"09,""7071d""",1995-01-01
CZ0724090,Colias myrmidone,"12,""7072a""",1995-01-01
CZ0724090,Colias myrmidone,"12,""7171b""",2001-01-01
CZ0724090,Colias myrmidone,"46,""7072c""",1995-01-01
CZ0724090,Colias myrmidone,"54,""7072d""",2002-01-01
CZ0724090,Colias myrmidone,7071d,1995-01-01
CZ0724090,Colias myrmidone,7171a,2010-08-01
CZ0724090,Colias myrmidone,7171b,1995-01-01
CZ0724090,Colias myrmidone,7171c,2005-06-05
CZ0724090,Colias myrmidone,7172a,2005-08-18
CZ0724090,Colias myrmidone,"8,""7071c""",2007-05-26
CZ0724090,Colias myrmidone,"89,""7172a""",1995-01-01
CZ0724090,Colias myrmidone,"9,""7171a""",2001-01-01
CZ0724090,Colias myrmidone,"93,""7171b""",1995-01-01
CZ0724090,Colias myrmidone,"96,""7071a""",1995-01-01
CZ0724090,Colias myrmidone,"96,""7071b""",1995-01-01
CZ0724090,Colias myrmidone,"96,""7071c""",1995-01-01
CZ0724090,Colias myrmidone,"96,""7071d""",1995-01-01
CZ0724090,Colias myrmidone,"96,""7072a""",1995-01-01
CZ0724090,Colias myrmidone,"96,""7072b""",1995-01-01
CZ0724090,Colias myrmidone,"96,""7072c""",1995-01-01
CZ0724090,Colias myrmidone,"96,""7072d""",1995-01-01
CZ0724090,Colias myrmidone,"96,""7171a""",2004-05-29
CZ0724090,Colias myrmidone,"96,""7171b""",2004-05-29
CZ0724090,Colias myrmidone,"96,""7171c""",2004-05-29
CZ0724090,Colias myrmidone,"96,""7171d""",2004-05-29
CZ0724090,Colias myrmidone,"96,""7172a""",2004-08-11
CZ0724090,Colias myrmidone,"96,""7172b""",2004-08-11
CZ0724090,Colias myrmidone,"96,""7172c""",2004-08-11
CZ0724090,Colias myrmidone,"96,""7172d""",2004-08-11
CZ0724090,Colias myrmidone,"98,""7171a""",2002-05-31
CZ0724090,Colias myrmidone,"99,""7171b""",1995-01-01
CZ0724090,Cottus gobio,7073a,2015-07-18
CZ0724090,Cucujus cinnaberinus,"19,""7172a""",2014-05-28
CZ0724090,Cucujus cinnaberinus,"35,""7172a""",2009-12-02
CZ0724090,Cucujus cinnaberinus,7071d,2022-06-24
CZ0724090,Cucujus cinnaberinus,7072c,2021-06-21
CZ0724090,Cucujus cinnaberinus,7072d,2021-06-21
CZ0724090,Cucujus cinnaberinus,7073c,2022-06-14
CZ0724090,Cucujus cinnaberinus,7171a,2021-06-21
CZ0724090,Cucujus cinnaberinus,7171b,2023-05-27
CZ0724090,Cucujus cinnaberinus,7172a,2022-06-14
CZ0724090,Cypripedium calceolus,7072c,2023-06-07
CZ0724090,Cypripedium calceolus,7171b,2023-06-12
CZ0724090,Eriogaster catax,"01,""7071d""",2004-10-03
CZ0724090,Eriogaster catax,"11,""7071d""",2022-04-14
CZ0724090,Eriogaster catax,"62,""7071d""",2006-05-13
CZ0724090,Eriogaster catax,7071c,2024-10-11
CZ0724090,Eriogaster catax,7071d,2025-04-24
CZ0724090,Eriogaster catax,7171a,2015-05-02
CZ0724090,Eriogaster catax,7171b,2021-05-06
CZ0724090,Eriogaster catax,7171c,2007-04-14
CZ0724090,Eriogaster catax,"96,""7171a""",2007-04-17
CZ0724090,Eriogaster catax,"96,""7171b""",2007-04-17
CZ0724090,Eriogaster catax,"96,""7171c""",2007-04-17
CZ0724090,Eriogaster catax,"96,""7171d""",2007-04-17
CZ0724090,Eriogaster catax,NA,2004-04-18
CZ0724090,Euphydryas maturna,7072c,2018-05-26
CZ0724090,Euplagia quadripunctaria,"01,""7171a""",2007-08-12
CZ0724090,Euplagia quadripunctaria,"01,""7171c""",2010-08-13
CZ0724090,Euplagia quadripunctaria,"27,""7071d""",2001-01-01
CZ0724090,Euplagia quadripunctaria,"32,""7071c""",2011-04-29
CZ0724090,Euplagia quadripunctaria,"54,""7072d""",2006-07-31
CZ0724090,Euplagia quadripunctaria,7071c,2015-08-22
CZ0724090,Euplagia quadripunctaria,7071d,2015-08-14
CZ0724090,Euplagia quadripunctaria,7072b,2023-08-23
CZ0724090,Euplagia quadripunctaria,7072c,2023-08-23
CZ0724090,Euplagia quadripunctaria,7072d,2023-08-23
CZ0724090,Euplagia quadripunctaria,7073a,2023-08-16
CZ0724090,Euplagia quadripunctaria,7073c,2025-08-24
CZ0724090,Euplagia quadripunctaria,"71,""7172a""",2013-08-15
CZ0724090,Euplagia quadripunctaria,7171a,2015-08-16
CZ0724090,Euplagia quadripunctaria,7171b,2020-08-15
CZ0724090,Euplagia quadripunctaria,7171c,2020-07-25
CZ0724090,Euplagia quadripunctaria,7171d,2015-08-08
CZ0724090,Euplagia quadripunctaria,7172a,2021-08-03
CZ0724090,Euplagia quadripunctaria,"8,""7071c""",2007-08-19
CZ0724090,Euplagia quadripunctaria,"88,""7072c""",2001-01-01
CZ0724090,Euplagia quadripunctaria,"96,""7072a""",2007-08-16
CZ0724090,Euplagia quadripunctaria,"96,""7072b""",2007-08-16
CZ0724090,Euplagia quadripunctaria,"96,""7072c""",2007-08-16
CZ0724090,Euplagia quadripunctaria,"96,""7072d""",2007-08-16
CZ0724090,Euplagia quadripunctaria,"96,""7171a""",2007-09-17
CZ0724090,Euplagia quadripunctaria,"96,""7171b""",2007-09-17
CZ0724090,Euplagia quadripunctaria,"96,""7171c""",2007-09-17
CZ0724090,Euplagia quadripunctaria,"96,""7171d""",2007-09-17
CZ0724090,Euplagia quadripunctaria,"96,""7172a""",2007-08-11
CZ0724090,Euplagia quadripunctaria,"96,""7172b""",2007-08-11
CZ0724090,Euplagia quadripunctaria,"96,""7172c""",2007-08-11
CZ0724090,Euplagia quadripunctaria,"96,""7172d""",2007-08-11
CZ0724090,Euplagia quadripunctaria,"98,""7171a""",2008-07-17
CZ0724090,Klasea lycopifolia,"01,""7171a""",2015-06-26
CZ0724090,Klasea lycopifolia,7171a,2024-07-31
CZ0724090,Klasea lycopifolia,7171b,2025-04-23
CZ0724090,Liparis loeselii,7072c,2024-06-18
CZ0724090,Lucanus cervus,7072d,2024-07-15
CZ0724090,Lucanus cervus,7171a,2013-06-15
CZ0724090,Lucanus cervus,7171c,2023-06-30
CZ0724090,Lutra lutra,7072c,2025-10-08
CZ0724090,Lutra lutra,7072d,2016-10-22
CZ0724090,Lutra lutra,7073a,2016-10-09
CZ0724090,Lutra lutra,7073c,2016-10-09
CZ0724090,Lutra lutra,7171a,2016-10-22
CZ0724090,Lutra lutra,7171b,2016-10-22
CZ0724090,Lutra lutra,7171c,2026-02-22
CZ0724090,Lycaena dispar,"01,""7171a""",2007-08-26
CZ0724090,Lycaena dispar,"01,""7171c""",2005-08-13
CZ0724090,Lycaena dispar,"04,""7171b""",2005-06-19
CZ0724090,Lycaena dispar,"05,""7073c""",1995-01-01
CZ0724090,Lycaena dispar,"09,""7071d""",2011-01-01
CZ0724090,Lycaena dispar,"12,""7072a""",1995-01-01
CZ0724090,Lycaena dispar,"13,""7073a""",2001-07-23
CZ0724090,Lycaena dispar,"14,""7073a""",2005-01-01
CZ0724090,Lycaena dispar,"47,""7072c""",2001-06-06
CZ0724090,Lycaena dispar,"54,""7072d""",2003-01-01
CZ0724090,Lycaena dispar,7071c,2015-08-22
CZ0724090,Lycaena dispar,7071d,2023-09-07
CZ0724090,Lycaena dispar,7072a,2020-03-13
CZ0724090,Lycaena dispar,7072b,2024-06-15
CZ0724090,Lycaena dispar,7072c,2025-06-06
CZ0724090,Lycaena dispar,7072d,2025-08-26
CZ0724090,Lycaena dispar,7073a,2025-06-15
CZ0724090,Lycaena dispar,7073c,2025-08-24
CZ0724090,Lycaena dispar,7171a,2024-08-05
CZ0724090,Lycaena dispar,7171b,2023-08-13
CZ0724090,Lycaena dispar,7171c,2023-08-15
CZ0724090,Lycaena dispar,7171d,2013-08-09
CZ0724090,Lycaena dispar,7172a,2024-07-27
CZ0724090,Lycaena dispar,"79,""7072d""",2001-01-01
CZ0724090,Lycaena dispar,"8,""7071c""",2006-08-09
CZ0724090,Lycaena dispar,"89,""7172a""",1995-01-01
CZ0724090,Lycaena dispar,"91,""7072c""",2000-01-01
CZ0724090,Lycaena dispar,"95,""7171b""",2000-01-01
CZ0724090,Lycaena dispar,"96,""7071a""",2007-07-27
CZ0724090,Lycaena dispar,"96,""7071b""",2007-07-27
CZ0724090,Lycaena dispar,"96,""7071c""",2007-07-27
CZ0724090,Lycaena dispar,"96,""7071d""",2007-07-27
CZ0724090,Lycaena dispar,"96,""7072a""",2007-05-16
CZ0724090,Lycaena dispar,"96,""7072b""",2007-05-16
CZ0724090,Lycaena dispar,"96,""7072c""",2007-05-16
CZ0724090,Lycaena dispar,"96,""7072d""",2007-05-16
CZ0724090,Lycaena dispar,"96,""7073a""",1995-01-01
CZ0724090,Lycaena dispar,"96,""7073b""",1995-01-01
CZ0724090,Lycaena dispar,"96,""7073c""",1995-01-01
CZ0724090,Lycaena dispar,"96,""7073d""",1995-01-01
CZ0724090,Lycaena dispar,"96,""7171a""",2007-08-26
CZ0724090,Lycaena dispar,"96,""7171b""",2007-08-26
CZ0724090,Lycaena dispar,"96,""7171c""",2007-08-26
CZ0724090,Lycaena dispar,"96,""7171d""",2007-08-26
CZ0724090,Lycaena dispar,"96,""7172a""",2004-09-03
CZ0724090,Lycaena dispar,"96,""7172b""",2004-09-03
CZ0724090,Lycaena dispar,"96,""7172c""",2004-09-03
CZ0724090,Lycaena dispar,"96,""7172d""",2004-09-03
CZ0724090,Lycaena dispar,"98,""7171a""",2007-07-09
CZ0724090,Lycaena dispar,"99,""7171c""",2001-06-15
CZ0724090,Lynx lynx,"07,""7073a""",2000-07-01
CZ0724090,Lynx lynx,7171a,2005-02-18
CZ0724090,Lynx lynx,7171b,2008-11-23
CZ0724090,Lynx lynx,7172a,2015-06-30
CZ0724090,Lynx lynx,"8,""7172a""",2001-01-01
CZ0724090,Mustela eversmanii,7171b,2001-05-01
CZ0724090,Myotis alcathoe/emarginatus,7071d,2019-08-31
CZ0724090,Myotis alcathoe/emarginatus,7072c,2021-06-28
CZ0724090,Myotis alcathoe/emarginatus,7072d,2021-09-06
CZ0724090,Myotis alcathoe/emarginatus,7171b,2019-09-14
CZ0724090,Myotis alcathoe/emarginatus,7172a,2023-09-05
CZ0724090,Myotis bechsteinii,"01,""7171a""",2013-06-23
CZ0724090,Myotis bechsteinii,"11,""7171c""",2007-07-19
CZ0724090,Myotis bechsteinii,"19,""7172a""",2013-06-22
CZ0724090,Myotis bechsteinii,7071d,2019-08-31
CZ0724090,Myotis bechsteinii,7072c,2019-09-13
CZ0724090,Myotis bechsteinii,7072d,2021-09-06
CZ0724090,Myotis bechsteinii,7171b,2019-09-28
CZ0724090,Myotis bechsteinii,"96,""7171a""",2011-06-21
CZ0724090,Myotis bechsteinii,"96,""7171b""",2011-06-21
CZ0724090,Myotis bechsteinii,"96,""7171c""",2011-06-21
CZ0724090,Myotis bechsteinii,"96,""7171d""",2011-06-21
CZ0724090,Myotis blythii,"11,""7171c""",2007-07-19
CZ0724090,Myotis blythii,7171b,2019-05-26
CZ0724090,Myotis blythii,7171c,2007-07-19
CZ0724090,Myotis blythii,"96,""7171a""",2012-06-21
CZ0724090,Myotis blythii,"96,""7171b""",2012-06-21
CZ0724090,Myotis blythii,"96,""7171c""",2012-06-21
CZ0724090,Myotis blythii,"96,""7171d""",2012-06-21
CZ0724090,Myotis emarginatus,7172a,2023-05-13
CZ0724090,Myotis myotis,"01,""7171a""",2013-06-23
CZ0724090,Myotis myotis,"11,""7171c""",2007-07-19
CZ0724090,Myotis myotis,"19,""7172a""",2013-06-22
CZ0724090,Myotis myotis,7071d,2019-08-31
CZ0724090,Myotis myotis,7072c,2021-09-26
CZ0724090,Myotis myotis,7072d,2021-08-21
CZ0724090,Myotis myotis,7171a,2013-05-31
CZ0724090,Myotis myotis,7171b,2019-09-21
CZ0724090,Myotis myotis,7172a,2023-05-13
CZ0724090,Myotis myotis,"96,""7071a""",2012-06-21
CZ0724090,Myotis myotis,"96,""7071b""",2012-06-21
CZ0724090,Myotis myotis,"96,""7071c""",2012-06-21
CZ0724090,Myotis myotis,"96,""7071d""",2012-06-21
CZ0724090,Myotis myotis,"96,""7072a""",2012-06-21
CZ0724090,Myotis myotis,"96,""7072b""",2012-06-21
CZ0724090,Myotis myotis,"96,""7072c""",2012-06-21
CZ0724090,Myotis myotis,"96,""7072d""",2012-06-21
CZ0724090,Myotis myotis,"96,""7171a""",2012-06-21
CZ0724090,Myotis myotis,"96,""7171b""",2012-06-21
CZ0724090,Myotis myotis,"96,""7171c""",2012-06-21
CZ0724090,Myotis myotis,"96,""7171d""",2012-06-21
CZ0724090,Myotis sp.,7071d,2019-08-31
CZ0724090,Myotis sp.,7072c,2021-08-06
CZ0724090,Myotis sp.,7072d,2021-08-21
CZ0724090,Myotis sp.,7171b,2019-09-28
CZ0724090,Phengaris nausithous,"01,""7072c""",2001-07-22
CZ0724090,Phengaris nausithous,"01,""7073a""",2001-05-16
CZ0724090,Phengaris nausithous,"01,""7171c""",2010-08-13
CZ0724090,Phengaris nausithous,"05,""7073c""",1995-01-01
CZ0724090,Phengaris nausithous,"09,""7071d""",1995-01-01
CZ0724090,Phengaris nausithous,"14,""7073a""",1995-01-01
CZ0724090,Phengaris nausithous,"15,""7072b""",2001-07-23
CZ0724090,Phengaris nausithous,"16,""7073a""",2000-01-01
CZ0724090,Phengaris nausithous,"28,""7171b""",2000-01-01
CZ0724090,Phengaris nausithous,"35,""7072c""",2001-06-01
CZ0724090,Phengaris nausithous,"46,""7072c""",1995-01-01
CZ0724090,Phengaris nausithous,"54,""7072d""",2000-01-01
CZ0724090,Phengaris nausithous,7071c,2023-08-10
CZ0724090,Phengaris nausithous,7071d,2023-08-10
CZ0724090,Phengaris nausithous,7072a,2024-07-21
CZ0724090,Phengaris nausithous,7072b,2025-07-25
CZ0724090,Phengaris nausithous,7072c,2025-08-09
CZ0724090,Phengaris nausithous,7072d,2025-08-09
CZ0724090,Phengaris nausithous,7073a,2024-07-20
CZ0724090,Phengaris nausithous,7073c,2022-08-05
CZ0724090,Phengaris nausithous,7171a,2023-08-11
CZ0724090,Phengaris nausithous,7171b,2023-07-20
CZ0724090,Phengaris nausithous,7171c,2020-08-20
CZ0724090,Phengaris nausithous,7171d,2020-08-20
CZ0724090,Phengaris nausithous,7172a,2023-08-06
CZ0724090,Phengaris nausithous,"78,""7072b""",2001-01-01
CZ0724090,Phengaris nausithous,"8,""7071c""",2006-08-09
CZ0724090,Phengaris nausithous,"82,""7072d""",2001-01-01
CZ0724090,Phengaris nausithous,"92,""7072b""",2004-08-17
CZ0724090,Phengaris nausithous,"96,""7071a""",1995-01-01
CZ0724090,Phengaris nausithous,"96,""7071b""",1995-01-01
CZ0724090,Phengaris nausithous,"96,""7071c""",1995-01-01
CZ0724090,Phengaris nausithous,"96,""7071d""",1995-01-01
CZ0724090,Phengaris nausithous,"96,""7072a""",1995-01-01
CZ0724090,Phengaris nausithous,"96,""7072b""",1995-01-01
CZ0724090,Phengaris nausithous,"96,""7072c""",1995-01-01
CZ0724090,Phengaris nausithous,"96,""7072d""",1995-01-01
CZ0724090,Phengaris nausithous,"96,""7073a""",1995-01-01
CZ0724090,Phengaris nausithous,"96,""7073b""",1995-01-01
CZ0724090,Phengaris nausithous,"96,""7073c""",1995-01-01
CZ0724090,Phengaris nausithous,"96,""7073d""",1995-01-01
CZ0724090,Phengaris nausithous,"96,""7171a""",2007-08-16
CZ0724090,Phengaris nausithous,"96,""7171b""",2007-08-16
CZ0724090,Phengaris nausithous,"96,""7171c""",2007-08-16
CZ0724090,Phengaris nausithous,"96,""7171d""",2007-08-16
CZ0724090,Phengaris nausithous,"96,""7172a""",2004-08-04
CZ0724090,Phengaris nausithous,"96,""7172b""",2004-08-04
CZ0724090,Phengaris nausithous,"96,""7172c""",2004-08-04
CZ0724090,Phengaris nausithous,"96,""7172d""",2004-08-04
CZ0724090,Phengaris nausithous,"98,""7073a""",2000-01-01
CZ0724090,Phengaris nausithous,"98,""7171a""",2007-07-17
CZ0724090,Phengaris teleius,"01,""7073a""",2001-07-23
CZ0724090,Phengaris teleius,"01,""7171a""",2012-06-29
CZ0724090,Phengaris teleius,"01,""7171c""",2001-01-01
CZ0724090,Phengaris teleius,"05,""7073c""",1995-01-01
CZ0724090,Phengaris teleius,"09,""7071d""",1995-01-01
CZ0724090,Phengaris teleius,"12,""7072a""",1995-01-01
CZ0724090,Phengaris teleius,"14,""7073a""",1995-01-01
CZ0724090,Phengaris teleius,"15,""7072b""",2001-07-23
CZ0724090,Phengaris teleius,"16,""7073a""",2000-01-01
CZ0724090,Phengaris teleius,"28,""7171b""",2000-07-01
CZ0724090,Phengaris teleius,"32,""7071c""",2011-04-29
CZ0724090,Phengaris teleius,"35,""7072c""",2001-06-01
CZ0724090,Phengaris teleius,"46,""7072c""",1995-01-01
CZ0724090,Phengaris teleius,"54,""7072d""",2004-07-31
CZ0724090,Phengaris teleius,7071c,2023-08-10
CZ0724090,Phengaris teleius,7071d,2023-08-11
CZ0724090,Phengaris teleius,7072a,2024-07-21
CZ0724090,Phengaris teleius,7072b,2025-07-25
CZ0724090,Phengaris teleius,7072c,2025-07-25
CZ0724090,Phengaris teleius,7072d,2025-08-09
CZ0724090,Phengaris teleius,7073a,2024-07-20
CZ0724090,Phengaris teleius,7073c,2021-08-07
CZ0724090,Phengaris teleius,7171a,2025-07-19
CZ0724090,Phengaris teleius,7171b,2023-08-13
CZ0724090,Phengaris teleius,7171c,2023-08-15
CZ0724090,Phengaris teleius,7171d,2023-08-15
CZ0724090,Phengaris teleius,7172a,2023-08-11
CZ0724090,Phengaris teleius,"78,""7072b""",2001-01-01
CZ0724090,Phengaris teleius,"82,""7072b""",2009-07-22
CZ0724090,Phengaris teleius,"82,""7072d""",2001-01-01
CZ0724090,Phengaris teleius,"89,""7172a""",1995-01-01
CZ0724090,Phengaris teleius,"92,""7072b""",2004-08-17
CZ0724090,Phengaris teleius,"96,""7071a""",1995-01-01
CZ0724090,Phengaris teleius,"96,""7071b""",1995-01-01
CZ0724090,Phengaris teleius,"96,""7071c""",1995-01-01
CZ0724090,Phengaris teleius,"96,""7071d""",1995-01-01
CZ0724090,Phengaris teleius,"96,""7072a""",1995-01-01
CZ0724090,Phengaris teleius,"96,""7072b""",1995-01-01
CZ0724090,Phengaris teleius,"96,""7072c""",1995-01-01
CZ0724090,Phengaris teleius,"96,""7072d""",1995-01-01
CZ0724090,Phengaris teleius,"96,""7073a""",1995-01-01
CZ0724090,Phengaris teleius,"96,""7073b""",1995-01-01
CZ0724090,Phengaris teleius,"96,""7073c""",1995-01-01
CZ0724090,Phengaris teleius,"96,""7073d""",1995-01-01
CZ0724090,Phengaris teleius,"96,""7171a""",2007-07-26
CZ0724090,Phengaris teleius,"96,""7171b""",2007-07-26
CZ0724090,Phengaris teleius,"96,""7171c""",2007-07-26
CZ0724090,Phengaris teleius,"96,""7171d""",2007-07-26
CZ0724090,Phengaris teleius,"96,""7172a""",2008-07-14
CZ0724090,Phengaris teleius,"96,""7172b""",2008-07-14
CZ0724090,Phengaris teleius,"96,""7172c""",2008-07-14
CZ0724090,Phengaris teleius,"96,""7172d""",2008-07-14
CZ0724090,Phengaris teleius,"98,""7073a""",2000-01-01
CZ0724090,Phengaris teleius,"98,""7171a""",2007-07-17
CZ0724090,Pulsatilla grandis,7071c,2025-04-02
CZ0724090,Pulsatilla grandis,7071d,2003-01-01
CZ0724090,Pulsatilla grandis,7171a,2025-03-21
CZ0724090,Pulsatilla grandis,7171c,2025-03-28
CZ0724090,Pulsatilla grandis,"99,""7071c""",2001-04-01
CZ0724090,Rosalia alpina,7072d,2025-07-18
CZ0724090,Rosalia alpina,7073c,2021-07-22
CZ0724090,Rosalia alpina,7171c,2020-06-27
CZ0724090,Rumex sp.,7073a,2004-06-19
CZ0724090,Salmo trutta,"01,""7171c""",2004-01-01
CZ0724090,Salmo trutta,7071c,2010-07-08
CZ0724090,Salmo trutta,7072c,2001-10-22
CZ0724090,Salmo trutta,7072d,2001-10-22
CZ0724090,Salmo trutta,7073a,2010-11-10
CZ0724090,Salmo trutta,7171a,2021-10-13
CZ0724090,Salmo trutta,7171c,2001-08-23
CZ0724090,Salmo trutta,7172a,2020-06-13
CZ0724090,Sanguisorba officinalis,"01,""7072c""",2018-09-24
CZ0724090,Sanguisorba officinalis,"01,""7171a""",2015-06-26
CZ0724090,Sanguisorba officinalis,"01,""7171c""",2019-06-25
CZ0724090,Sanguisorba officinalis,"11,""7071c""",2015-06-10
CZ0724090,Sanguisorba officinalis,"22,""7072c""",2012-05-22
CZ0724090,Sanguisorba officinalis,"22,""7171b""",2017-06-05
CZ0724090,Sanguisorba officinalis,"26,""7072c""",2008-07-05
CZ0724090,Sanguisorba officinalis,"41,""7072c""",2016-06-29
CZ0724090,Sanguisorba officinalis,"45,""7071d""",2017-06-05
CZ0724090,Sanguisorba officinalis,"53,""7071c""",2014-07-29
CZ0724090,Sanguisorba officinalis,"55,""7071c""",2009-08-14
CZ0724090,Sanguisorba officinalis,"6,""7172a""",2012-05-02
CZ0724090,Sanguisorba officinalis,"67,""7071d""",2012-05-21
CZ0724090,Sanguisorba officinalis,"69,""7073a""",2015-09-02
CZ0724090,Sanguisorba officinalis,6973c,2004-07-08
CZ0724090,Sanguisorba officinalis,7071c,2021-05-31
CZ0724090,Sanguisorba officinalis,7071d,2025-07-15
CZ0724090,Sanguisorba officinalis,7072a,2023-05-18
CZ0724090,Sanguisorba officinalis,7072b,2022-06-17
CZ0724090,Sanguisorba officinalis,7072c,2023-07-05
CZ0724090,Sanguisorba officinalis,7072d,2023-06-20
CZ0724090,Sanguisorba officinalis,7073a,2024-07-20
CZ0724090,Sanguisorba officinalis,7073c,2020-06-14
CZ0724090,Sanguisorba officinalis,7171a,2022-06-07
CZ0724090,Sanguisorba officinalis,7171b,2025-08-04
CZ0724090,Sanguisorba officinalis,7171c,2025-07-11
CZ0724090,Sanguisorba officinalis,7171d,2005-05-07
CZ0724090,Sanguisorba officinalis,7172a,2025-08-06
CZ0724090,Sanguisorba officinalis,"78,""7171a""",2014-07-29
CZ0724090,Sanguisorba officinalis,"89,""7171b""",2017-06-02
CZ0724090,Sanguisorba officinalis,"91,""7072d""",2008-07-05
CZ0724090,Sanguisorba officinalis,"92,""7071d""",2017-06-05
CZ0724090,Sanguisorba officinalis,"92,""7171b""",2018-04-30
CZ0724090,Sanguisorba officinalis,"98,""7171b""",2012-05-16
CZ0724090,Sanguisorba officinalis,"99,""7071c""",2009-07-23
CZ0724090,Sanguisorba officinalis,"99,""7072c""",2018-08-06
CZ0724090,Sanguisorba officinalis,"99,""7171a""",2010-06-04
CZ0724090,Sanguisorba officinalis,"99,""7171c""",2010-05-21
CZ0724090,Scardinius erythrophthalmus,7072a,2019-06-04
CZ0724090,Scardinius erythrophthalmus,7072c,2019-06-04
CZ0724090,Succisa pratensis,"01,""7171c""",2019-04-04
CZ0724090,Succisa pratensis,"11,""7071c""",2015-06-10
CZ0724090,Succisa pratensis,"66,""7071d""",2019-06-04
CZ0724090,Succisa pratensis,7071d,2021-05-31
CZ0724090,Succisa pratensis,7072a,2004-09-14
CZ0724090,Succisa pratensis,7072b,2019-06-09
CZ0724090,Succisa pratensis,7072c,2023-05-16
CZ0724090,Succisa pratensis,7073a,2022-09-06
CZ0724090,Succisa pratensis,7171a,2024-06-20
CZ0724090,Succisa pratensis,7171b,2025-07-15
CZ0724090,Succisa pratensis,7171c,2019-10-18
CZ0724090,Succisa pratensis,7172a,2005-06-03
CZ0724090,Succisa pratensis,"99,""7071c""",2009-07-23
CZ0724090,Ursus arctos,7073a,2005-09-01
CZ0724090,Ursus arctos,7171a,2005-06-14
CZ0724090,Ursus arctos,7171b,2021-11-26
CZ0724090,Ursus arctos,7171d,2024-09-20
CZ0724090,Vertigo angustior,7071d,2000-06-29
CZ0724090,Vertigo angustior,7072c,2025-07-29
CZ0724090,Vertigo angustior,7072d,2025-07-29
CZ0724090,Vertigo angustior,7073a,2010-07-01
CZ0724090,Vertigo angustior,7073c,2000-08-08
CZ0724090,Vertigo angustior,7171a,2023-05-24
CZ0724090,Vertigo angustior,7171b,2022-10-29
CZ0724090,Vertigo angustior,7171c,2025-09-05
CZ0724090,Vertigo moulinsiana,7072c,2025-07-29
CZ0724090,Vertigo moulinsiana,7073a,2024-09-07
CZ0724091,Barbastella barbastellus,6869b,2021-01-16
CZ0724091,Barbastella barbastellus,6870a,2021-01-16
CZ0724091,Barbastella barbastellus,"96,""6770a""",2011-06-21
CZ0724091,Barbastella barbastellus,"96,""6770b""",2011-06-21
CZ0724091,Barbastella barbastellus,"96,""6770c""",2011-06-21
CZ0724091,Barbastella barbastellus,"96,""6770d""",2011-06-21
CZ0724091,Barbastella barbastellus,"96,""6869a""",2011-12-21
CZ0724091,Barbastella barbastellus,"96,""6869b""",2011-12-21
CZ0724091,Barbastella barbastellus,"96,""6869c""",2011-12-21
CZ0724091,Barbastella barbastellus,"96,""6869d""",2011-12-21
CZ0724091,Barbastella barbastellus,"96,""6969a""",2011-06-21
CZ0724091,Barbastella barbastellus,"96,""6969b""",2011-06-21
CZ0724091,Barbastella barbastellus,"96,""6969c""",2011-06-21
CZ0724091,Barbastella barbastellus,"96,""6969d""",2011-06-21
CZ0724091,Bombina bombina,6869c,2002-05-02
CZ0724091,Bombina bombina,6869d,2011-03-01
CZ0724091,Bombina bombina,6870b,2025-06-17
CZ0724091,Bombina bombina,6969a,2011-03-01
CZ0724091,Bombina variegata,"01,""6870c""",2001-08-09
CZ0724091,Bombina variegata,6770c,2016-07-04
CZ0724091,Bombina variegata,6770d,2015-04-24
CZ0724091,Bombina variegata,6869b,2011-07-27
CZ0724091,Bombina variegata,6869c,2015-05-17
CZ0724091,Bombina variegata,6869d,2021-08-11
CZ0724091,Bombina variegata,6870a,2015-06-20
CZ0724091,Bombina variegata,6870b,2025-08-13
CZ0724091,Bombina variegata,6870c,2010-06-05
CZ0724091,Bombina variegata,6969a,2025-04-29
CZ0724091,Bombina variegata,6969b,2002-09-08
CZ0724091,Carabus variolosus,"38,""6869b""",2006-05-19
CZ0724091,Carabus variolosus,6870a,2006-05-18
CZ0724091,Carabus variolosus,6969a,2006-05-20
CZ0724091,Castor fiber,"01,""6869c""",2002-01-01
CZ0724091,Castor fiber,6869c,2021-04-28
CZ0724091,Castor fiber,6870a,2020-04-05
CZ0724091,Castor fiber,6870c,2025-04-09
CZ0724091,Cordulegaster heros,"19,""6870a""",2021-05-01
CZ0724091,Cordulegaster heros,"2,""6869d""",2021-05-01
CZ0724091,Cordulegaster heros,"44,""6870a""",2021-05-01
CZ0724091,Cordulegaster heros,"57,""6969b""",2021-05-01
CZ0724091,Cordulegaster heros,6869b,2021-05-01
CZ0724091,Cordulegaster heros,6869c,2025-06-15
CZ0724091,Cordulegaster heros,6870a,2025-06-22
CZ0724091,Cordulegaster heros,6870b,2014-07-23
CZ0724091,Cordulegaster heros,"71,""6769d""",2021-05-01
CZ0724091,Cordulegaster heros,"82,""6770c""",2021-05-01
CZ0724091,Cordulegaster heros,"88,""6869b""",2021-05-01
CZ0724091,Cucujus cinnaberinus,6869d,2022-02-14
CZ0724091,Cucujus cinnaberinus,6969a,2021-11-10
CZ0724091,Cucujus cinnaberinus,6969b,2021-06-07
CZ0724091,Dicranum viride,6869b,2020-10-27
CZ0724091,Euplagia quadripunctaria,"39,""6870d""",2009-09-20
CZ0724091,Euplagia quadripunctaria,"54,""6869d""",2017-07-30
CZ0724091,Euplagia quadripunctaria,6769d,2024-08-14
CZ0724091,Euplagia quadripunctaria,6770c,2018-08-05
CZ0724091,Euplagia quadripunctaria,6869b,2022-08-19
CZ0724091,Euplagia quadripunctaria,6869c,2006-01-01
CZ0724091,Euplagia quadripunctaria,6869d,2024-08-12
CZ0724091,Euplagia quadripunctaria,6870a,2023-08-16
CZ0724091,Euplagia quadripunctaria,6870b,2025-08-13
CZ0724091,Euplagia quadripunctaria,6968b,2001-08-10
CZ0724091,Euplagia quadripunctaria,6969a,2025-08-16
CZ0724091,Euplagia quadripunctaria,6969b,2010-08-13
CZ0724091,Euplagia quadripunctaria,"9,""6969b""",2005-01-01
CZ0724091,Euplagia quadripunctaria,"91,""6870a""",2009-08-16
CZ0724091,Euplagia quadripunctaria,"93,""6969a""",2005-01-01
CZ0724091,Euplagia quadripunctaria,"96,""6969a""",2006-01-01
CZ0724091,Euplagia quadripunctaria,"96,""6969b""",2006-01-01
CZ0724091,Euplagia quadripunctaria,"96,""6969c""",2006-01-01
CZ0724091,Euplagia quadripunctaria,"96,""6969d""",2006-01-01
CZ0724091,Euplagia quadripunctaria,"98,""6870c""",2003-08-08
CZ0724091,Hipparchia semele,NA,2003-01-01
CZ0724091,Lucanus cervus,"54,""6869d""",2010-08-11
CZ0724091,Lucanus cervus,6770c,2010-10-01
CZ0724091,Lucanus cervus,6869c,2020-08-02
CZ0724091,Lucanus cervus,6869d,2024-07-20
CZ0724091,Lucanus cervus,6870a,2012-07-22
CZ0724091,Lucanus cervus,6870b,2015-05-29
CZ0724091,Lucanus cervus,6870c,2020-06-28
CZ0724091,Lucanus cervus,6968b,2017-06-06
CZ0724091,Lucanus cervus,6969a,2020-08-05
CZ0724091,Lutra lutra,6869c,2006-10-06
CZ0724091,Lutra lutra,6869d,2016-10-20
CZ0724091,Lutra lutra,6870b,2020-04-29
CZ0724091,Lutra lutra,6870c,2024-02-16
CZ0724091,Lutra lutra,"96,""6770a""",2007-01-01
CZ0724091,Lutra lutra,"96,""6770b""",2007-01-01
CZ0724091,Lutra lutra,"96,""6770c""",2007-01-01
CZ0724091,Lutra lutra,"96,""6770d""",2007-01-01
CZ0724091,Lycaena dispar,"14,""6870b""",2000-01-01
CZ0724091,Lycaena dispar,"19,""6870b""",2005-08-30
CZ0724091,Lycaena dispar,"27,""6969a""",2001-09-01
CZ0724091,Lycaena dispar,"46,""6870b""",2007-07-17
CZ0724091,Lycaena dispar,"62,""6870a""",2005-09-08
CZ0724091,Lycaena dispar,"64,""6869d""",2005-09-02
CZ0724091,Lycaena dispar,6770c,2021-08-04
CZ0724091,Lycaena dispar,"68,""6969b""",2000-01-01
CZ0724091,Lycaena dispar,6869c,2005-08-31
CZ0724091,Lycaena dispar,6869d,2024-08-17
CZ0724091,Lycaena dispar,6870a,2010-06-03
CZ0724091,Lycaena dispar,6870b,2005-08-30
CZ0724091,Lycaena dispar,6870c,2010-08-13
CZ0724091,Lycaena dispar,6969b,2023-08-13
CZ0724091,Lycaena dispar,"73,""6869d""",2005-08-31
CZ0724091,Lycaena dispar,"82,""6869d""",2000-01-01
CZ0724091,Lycaena dispar,"86,""6870a""",2000-01-01
CZ0724091,Lycaena dispar,"89,""6870a""",2005-08-30
CZ0724091,Lycaena dispar,"91,""6870a""",2005-08-30
CZ0724091,Lycaena dispar,"96,""6770a""",2007-01-01
CZ0724091,Lycaena dispar,"96,""6770b""",2007-01-01
CZ0724091,Lycaena dispar,"96,""6770c""",2007-01-01
CZ0724091,Lycaena dispar,"96,""6770d""",2007-01-01
CZ0724091,Lycaena dispar,"96,""6969a""",2007-07-26
CZ0724091,Lycaena dispar,"96,""6969b""",2007-07-26
CZ0724091,Lycaena dispar,"96,""6969c""",2007-07-26
CZ0724091,Lycaena dispar,"96,""6969d""",2007-07-26
CZ0724091,Myotis emarginatus,"96,""6869a""",2011-06-21
CZ0724091,Myotis emarginatus,"96,""6869b""",2011-06-21
CZ0724091,Myotis emarginatus,"96,""6869c""",2011-06-21
CZ0724091,Myotis emarginatus,"96,""6869d""",2011-06-21
CZ0724091,Myotis emarginatus,"96,""6870a""",2011-12-21
CZ0724091,Myotis emarginatus,"96,""6870b""",2011-12-21
CZ0724091,Myotis emarginatus,"96,""6870c""",2011-12-21
CZ0724091,Myotis emarginatus,"96,""6870d""",2011-12-21
CZ0724091,Myotis myotis,"73,""6968b""",2006-06-01
CZ0724091,Myotis myotis,"96,""6770a""",2012-06-21
CZ0724091,Myotis myotis,"96,""6770b""",2012-06-21
CZ0724091,Myotis myotis,"96,""6770c""",2012-06-21
CZ0724091,Myotis myotis,"96,""6770d""",2012-06-21
CZ0724091,Myotis myotis,"96,""6869a""",2012-06-21
CZ0724091,Myotis myotis,"96,""6869b""",2012-06-21
CZ0724091,Myotis myotis,"96,""6869c""",2012-06-21
CZ0724091,Myotis myotis,"96,""6869d""",2012-06-21
CZ0724091,Myotis myotis,"96,""6870a""",2012-06-21
CZ0724091,Myotis myotis,"96,""6870b""",2012-06-21
CZ0724091,Myotis myotis,"96,""6870c""",2012-06-21
CZ0724091,Myotis myotis,"96,""6870d""",2012-06-21
CZ0724091,Ophiogomphus cecilia,6770c,2013-06-27
CZ0724091,Ophiogomphus cecilia,6870a,2021-07-04
CZ0724091,Phengaris nausithous,"19,""6870b""",2005-08-30
CZ0724091,Phengaris nausithous,"39,""6870d""",2010-07-23
CZ0724091,Phengaris nausithous,6770c,2019-07-28
CZ0724091,Phengaris nausithous,6870a,2023-08-16
CZ0724091,Phengaris nausithous,6969b,2023-08-13
CZ0724091,Phengaris nausithous,"91,""6870a""",2009-08-16
CZ0724091,Phengaris nausithous,"96,""6969a""",2007-07-26
CZ0724091,Phengaris nausithous,"96,""6969b""",2007-07-26
CZ0724091,Phengaris nausithous,"96,""6969c""",2007-07-26
CZ0724091,Phengaris nausithous,"96,""6969d""",2007-07-26
CZ0724091,Phengaris teleius,"39,""6870d""",2010-07-23
CZ0724091,Phengaris teleius,6770c,2019-07-20
CZ0724091,Phengaris teleius,6870a,2010-07-23
CZ0724091,Phengaris teleius,"96,""6969a""",2007-07-26
CZ0724091,Phengaris teleius,"96,""6969b""",2007-07-26
CZ0724091,Phengaris teleius,"96,""6969c""",2007-07-26
CZ0724091,Phengaris teleius,"96,""6969d""",2007-07-26
CZ0724091,Rhinolophus hipposideros,"01,""6869c""",2005-01-01
CZ0724091,Rhinolophus hipposideros,"96,""6770a""",2012-06-21
CZ0724091,Rhinolophus hipposideros,"96,""6770b""",2012-06-21
CZ0724091,Rhinolophus hipposideros,"96,""6770c""",2012-06-21
CZ0724091,Rhinolophus hipposideros,"96,""6770d""",2012-06-21
CZ0724091,Rhinolophus hipposideros,"96,""6869a""",2012-06-21
CZ0724091,Rhinolophus hipposideros,"96,""6869b""",2012-06-21
CZ0724091,Rhinolophus hipposideros,"96,""6869c""",2012-06-21
CZ0724091,Rhinolophus hipposideros,"96,""6869d""",2012-06-21
CZ0724091,Rhinolophus hipposideros,"96,""6870a""",2012-06-21
CZ0724091,Rhinolophus hipposideros,"96,""6870b""",2012-06-21
CZ0724091,Rhinolophus hipposideros,"96,""6870c""",2012-06-21
CZ0724091,Rhinolophus hipposideros,"96,""6870d""",2012-06-21
CZ0724091,Rhinolophus hipposideros,"96,""6969a""",2011-12-21
CZ0724091,Rhinolophus hipposideros,"96,""6969b""",2011-12-21
CZ0724091,Rhinolophus hipposideros,"96,""6969c""",2011-12-21
CZ0724091,Rhinolophus hipposideros,"96,""6969d""",2011-12-21
CZ0724091,Rosalia alpina,6869b,2025-07-19
CZ0724091,Rosalia alpina,6869d,2024-07-20
CZ0724091,Rosalia alpina,6969a,2021-04-12
CZ0724091,Rosalia alpina,6969b,2021-03-31
CZ0724091,Rumex sp.,6869d,2023-09-04
CZ0724091,Rumex sp.,6870a,2015-05-28
CZ0724091,Salmo trutta,6869c,2020-10-20
CZ0724091,Sanguisorba officinalis,"67,""6869d""",2024-08-16
CZ0724091,Sanguisorba officinalis,6770d,2014-03-30
CZ0724091,Sanguisorba officinalis,6869d,2008-08-23
CZ0724091,Sanguisorba officinalis,6870a,2023-04-01
CZ0724091,Sanguisorba officinalis,6870c,2024-08-11
CZ0724091,Sanguisorba officinalis,6969a,2019-06-06
CZ0724091,Sanguisorba officinalis,6969b,2019-08-19
CZ0724091,Spermophilus citellus,"01,""6770c""",2002-01-01
CZ0724091,Succisa pratensis,6969a,2019-06-06
CZ0724091,Succisa pratensis,6969b,2010-07-19
CZ0724091,Triturus cristatus,6770d,2013-08-07
CZ0724091,Triturus cristatus,6869d,2003-05-01
CZ0724091,Triturus cristatus,6870b,2009-04-23
CZ0724091,Vertigo angustior,6969b,2024-09-06
CZ0724107,Abramis brama,"41,""6970a""",2004-01-01
CZ0724107,Abramis brama,"43,""6969b""",2004-01-01
CZ0724107,Abramis brama,6970b,2020-09-23
CZ0724107,Abramis brama,6970c,2011-05-26
CZ0724107,Abramis brama,6970d,2020-09-22
CZ0724107,Ameiurus nebulosus,6970b,2004-01-01
CZ0724107,Blicca bjoerkna,"43,""6969b""",2004-01-01
CZ0724107,Blicca bjoerkna,6970b,2004-01-01
CZ0724107,Blicca bjoerkna,6970c,2011-05-26
CZ0724107,Bombina bombina,6970b,2021-05-11
CZ0724107,Bombina bombina,6970c,2025-06-17
CZ0724107,Bombina variegata,6970c,2011-03-01
CZ0724107,Castor fiber,"32,""6970c""",2003-01-01
CZ0724107,Castor fiber,"67,""6970d""",2003-01-01
CZ0724107,Castor fiber,6970c,2012-01-01
CZ0724107,Castor fiber,7070a,2012-01-01
CZ0724107,Castor fiber,"95,""7070a""",1995-01-01
CZ0724107,Cucujus cinnaberinus,6970b,2013-06-01
CZ0724107,Cucujus cinnaberinus,6970c,2020-05-01
CZ0724107,Eriogaster catax,"96,""6970a""",2008-04-01
CZ0724107,Eriogaster catax,"96,""6970b""",2008-04-01
CZ0724107,Eriogaster catax,"96,""6970c""",2008-04-01
CZ0724107,Eriogaster catax,"96,""6970d""",2008-04-01
CZ0724107,Euplagia quadripunctaria,"67,""6970d""",2011-08-01
CZ0724107,Leuciscus aspius,6970b,2020-09-23
CZ0724107,Leuciscus aspius,6970d,2020-09-22
CZ0724107,Lucanus cervus,6970b,2021-06-18
CZ0724107,Lucanus cervus,6970c,2021-06-16
CZ0724107,Lutra lutra,6970c,2006-10-06
CZ0724107,Lutra lutra,6970d,2011-10-22
CZ0724107,Lutra lutra,"96,""6970a""",2007-01-01
CZ0724107,Lutra lutra,"96,""6970b""",2007-01-01
CZ0724107,Lutra lutra,"96,""6970c""",2007-01-01
CZ0724107,Lutra lutra,"96,""6970d""",2007-01-01
CZ0724107,Lycaena dispar,"32,""6970c""",2005-07-28
CZ0724107,Lycaena dispar,"67,""6970d""",2007-07-19
CZ0724107,Lycaena dispar,6970b,2007-07-17
CZ0724107,Lycaena dispar,7070a,2001-03-11
CZ0724107,Lycaena dispar,"95,""7070a""",2003-08-01
CZ0724107,Lycaena dispar,"96,""6970a""",2007-07-17
CZ0724107,Lycaena dispar,"96,""6970b""",2007-07-17
CZ0724107,Lycaena dispar,"96,""6970c""",2007-07-17
CZ0724107,Lycaena dispar,"96,""6970d""",2007-07-17
CZ0724107,Myotis myotis,"96,""6970a""",2012-06-21
CZ0724107,Myotis myotis,"96,""6970b""",2012-06-21
CZ0724107,Myotis myotis,"96,""6970c""",2012-06-21
CZ0724107,Myotis myotis,"96,""6970d""",2012-06-21
CZ0724107,Ophiogomphus cecilia,6970b,2014-07-25
CZ0724107,Ophiogomphus cecilia,6970c,2020-06-25
CZ0724107,Phengaris nausithous,"95,""7070a""",2006-07-25
CZ0724107,Phengaris teleius,"95,""7070a""",2006-07-25
CZ0724107,Rhodeus amarus,"41,""6970a""",2004-01-01
CZ0724107,Rhodeus amarus,6970b,2023-08-22
CZ0724107,Rhodeus amarus,6970c,2023-08-22
CZ0724107,Rhodeus amarus,6970d,2023-08-22
CZ0724107,Romanogobio vladykovi,6970c,2006-09-05
CZ0724107,Romanogobio vladykovi,6970d,2005-01-01
CZ0724107,Salmo trutta,6970b,2004-01-01
CZ0724107,Salmo trutta,6970d,2010-09-21
CZ0724107,Sanguisorba officinalis,6970b,2019-10-04
CZ0724107,Scardinius erythrophthalmus,6970b,2018-09-12
CZ0724107,Scardinius erythrophthalmus,6970c,2011-05-26
CZ0724107,Scardinius erythrophthalmus,6970d,2015-09-09
CZ0724120,Abramis brama,6870d,2011-05-27
CZ0724120,Abramis brama,6970b,2011-04-27
CZ0724120,Blicca bjoerkna,6870d,2011-05-27
CZ0724120,Blicca bjoerkna,6970b,2011-04-27
CZ0724120,Bombina bombina,"28,""6870d""",2001-03-11
CZ0724120,Bombina bombina,"58,""6870d""",2002-06-22
CZ0724120,Bombina bombina,6870d,2019-04-19
CZ0724120,Bombina bombina,6871c,2010-04-04
CZ0724120,Bombina bombina,6970b,2023-04-30
CZ0724120,Bombina variegata,"36,""6870d""",2001-09-02
CZ0724120,Bombina variegata,"58,""6870d""",2002-09-01
CZ0724120,Bombina variegata,6870d,2001-05-26
CZ0724120,Castor fiber,"38,""6870d""",2012-01-01
CZ0724120,Castor fiber,"57,""6870d""",2012-01-01
CZ0724120,Castor fiber,6870d,2025-05-17
CZ0724120,Castor fiber,6871c,2002-01-01
CZ0724120,Castor fiber,6970b,2024-03-05
CZ0724120,Cucujus cinnaberinus,6870d,2022-06-15
CZ0724120,Eriogaster catax,NA,2008-04-01
CZ0724120,Hipparchia semele,NA,1995-01-01
CZ0724120,Leuciscus aspius,6870d,2001-03-11
CZ0724120,Lucanus cervus,6870d,2019-06-01
CZ0724120,Lucanus cervus,6970b,2019-06-19
CZ0724120,Lycaena dispar,6870d,2000-01-01
CZ0724120,Lycaena dispar,6871c,2023-08-02
CZ0724120,Ophiogomphus cecilia,6870d,2001-03-11
CZ0724120,Osmoderma barnabita,"29,""6870d""",2000-01-01
CZ0724120,Osmoderma barnabita,6870d,2022-06-15
CZ0724120,Osmoderma barnabita,6871c,2015-04-21
CZ0724120,Phengaris nausithous,6870d,2009-07-23
CZ0724120,Rhodeus amarus,6870d,2023-04-30
CZ0724120,Rhodeus amarus,6970b,2021-09-23
CZ0724120,Sanguisorba officinalis,6870d,2019-07-17
CZ0724120,Sanguisorba officinalis,6871c,2007-08-01
CZ0724120,Scardinius erythrophthalmus,6870d,2023-04-30
CZ0724120,Scardinius erythrophthalmus,6970b,2011-04-27
CZ0724120,Triturus cristatus,6970b,2011-03-01
CZ0724121,Bombina variegata,6673b,2018-05-28
CZ0724121,Canis lupus,"33,""6673b""",2025-01-29
CZ0724121,Castor fiber,"97,""6673b""",2011-10-01
CZ0724121,Cucujus cinnaberinus,6673b,2020-12-14
CZ0724121,Euplagia quadripunctaria,6673b,2016-08-05
CZ0724121,Lycaena dispar,6673b,2019-08-01
CZ0724121,Lycaena dispar,"97,""6673b""",2004-06-17
CZ0724121,Myotis emarginatus,"97,""6673b""",2004-07-19
CZ0724121,Phengaris nausithous,"09,""6673d""",2009-08-05
CZ0724121,Phengaris nausithous,6673b,2019-08-01
CZ0724121,Phengaris nausithous,"95,""6673b""",2007-07-24
CZ0724121,Phengaris teleius,"09,""6673d""",2009-08-05
CZ0724121,Phengaris teleius,6673b,2019-08-01
CZ0724121,Sanguisorba officinalis,"01,""6673b""",2008-06-17
CZ0724121,Sanguisorba officinalis,6673b,2013-06-01
CZ0724121,Sanguisorba officinalis,6673d,2024-03-31
CZ0724121,Succisa pratensis,6673b,2013-06-01
CZ0724121,Triturus cristatus,6673b,2005-05-23
CZ0724121,Vertigo angustior,6673b,2016-10-10
CZ0724121,Vertigo moulinsiana,6673b,2024-09-07
CZ0724429,Barbastella barbastellus,6672b,2000-02-04
CZ0724429,Barbastella barbastellus,"96,""6672a""",2011-12-21
CZ0724429,Barbastella barbastellus,"96,""6672b""",2011-12-21
CZ0724429,Barbastella barbastellus,"96,""6672c""",2011-12-21
CZ0724429,Barbastella barbastellus,"96,""6672d""",2011-12-21
CZ0724429,Bombina variegata,6672a,2022-06-03
CZ0724429,Bombina variegata,6672b,2025-08-12
CZ0724429,Buxbaumia viridis,6572d,2015-10-29
CZ0724429,Buxbaumia viridis,6672b,2015-09-27
CZ0724429,Canis lupus,6672b,2026-01-07
CZ0724429,Carabus variolosus,"21,""6572d""",2003-01-01
CZ0724429,Carabus variolosus,"32,""6672a""",2003-01-01
CZ0724429,Carabus variolosus,"4,""6672b""",2003-01-01
CZ0724429,Carabus variolosus,6572d,2021-06-19
CZ0724429,Carabus variolosus,6672a,2023-07-06
CZ0724429,Carabus variolosus,6672b,2025-10-29
CZ0724429,Cucujus cinnaberinus,6572d,2021-05-27
CZ0724429,Cucujus cinnaberinus,6672b,2025-07-15
CZ0724429,Dicranum viride,6672b,2020-10-27
CZ0724429,Euplagia quadripunctaria,6672a,2017-08-18
CZ0724429,Euplagia quadripunctaria,6672b,2025-08-12
CZ0724429,Lemna trisulca,6672b,2020-06-04
CZ0724429,Leucorrhinia pectoralis,6672b,2022-06-23
CZ0724429,Lissotriton montandoni,6572d,2015-05-10
CZ0724429,Lissotriton montandoni,6672a,2025-04-18
CZ0724429,Lissotriton montandoni,6672b,2025-04-15
CZ0724429,Lutra lutra,6672a,2006-10-31
CZ0724429,Lycaena dispar,6672a,2025-06-17
CZ0724429,Lycaena dispar,"96,""6672a""",2009-01-01
CZ0724429,Lycaena dispar,"96,""6672b""",2009-01-01
CZ0724429,Lycaena dispar,"96,""6672c""",2009-01-01
CZ0724429,Lycaena dispar,"96,""6672d""",2009-01-01
CZ0724429,Myotis bechsteinii,6672b,2021-08-18
CZ0724429,Myotis bechsteinii,"96,""6672a""",2011-12-21
CZ0724429,Myotis bechsteinii,"96,""6672b""",2011-12-21
CZ0724429,Myotis bechsteinii,"96,""6672c""",2011-12-21
CZ0724429,Myotis bechsteinii,"96,""6672d""",2011-12-21
CZ0724429,Myotis emarginatus,6672b,2021-08-18
CZ0724429,Myotis emarginatus,"96,""6672a""",2011-12-21
CZ0724429,Myotis emarginatus,"96,""6672b""",2011-12-21
CZ0724429,Myotis emarginatus,"96,""6672c""",2011-12-21
CZ0724429,Myotis emarginatus,"96,""6672d""",2011-12-21
CZ0724429,Myotis myotis,6672b,1999-01-01
CZ0724429,Myotis myotis,"96,""6672a""",2012-06-21
CZ0724429,Myotis myotis,"96,""6672b""",2012-06-21
CZ0724429,Myotis myotis,"96,""6672c""",2012-06-21
CZ0724429,Myotis myotis,"96,""6672d""",2012-06-21
CZ0724429,Myotis myotis,"99,""6572d""",2010-07-16
CZ0724429,Rhinolophus hipposideros,6672b,2021-08-18
CZ0724429,Rhinolophus hipposideros,"96,""6672a""",2012-06-21
CZ0724429,Rhinolophus hipposideros,"96,""6672b""",2012-06-21
CZ0724429,Rhinolophus hipposideros,"96,""6672c""",2012-06-21
CZ0724429,Rhinolophus hipposideros,"96,""6672d""",2012-06-21
CZ0724429,Rhysodes sulcatus,6672b,2020-06-03
CZ0724429,Sanguisorba officinalis,6672a,2023-05-26
CZ0724429,Triturus cristatus,6672a,2015-06-11
CZ0724430,Barbastella barbastellus,6974a,2021-09-04
CZ0724430,Barbastella barbastellus,6974c,2021-09-05
CZ0724430,Bombina variegata,6974a,2025-04-22
CZ0724430,Bombina variegata,6974b,2022-06-28
CZ0724430,Bombina variegata,6974c,2025-08-14
CZ0724430,Bombina variegata,"99,""6974c""",2017-05-17
CZ0724430,Canis lupus,6974a,2021-02-18
CZ0724430,Canis lupus,6974b,2024-01-20
CZ0724430,Canis lupus,6974c,2025-03-09
CZ0724430,Carabus variolosus,"49,""6974c""",2000-05-27
CZ0724430,Carabus variolosus,"52,""6974a""",2000-01-01
CZ0724430,Carabus variolosus,"66,""6974b""",2003-01-01
CZ0724430,Carabus variolosus,6974a,2022-07-12
CZ0724430,Carabus variolosus,6974b,2020-06-13
CZ0724430,Carabus variolosus,6974c,2020-06-13
CZ0724430,Carabus variolosus,"99,""6974c""",2000-12-18
CZ0724430,Cottus gobio,6974c,2005-10-12
CZ0724430,Cucujus cinnaberinus,6974a,2024-06-27
CZ0724430,Cucujus cinnaberinus,6974b,2019-04-24
CZ0724430,Cucujus cinnaberinus,6974c,2025-04-22
CZ0724430,Cucujus cinnaberinus,"85,""6974a""",2018-06-21
CZ0724430,Cucujus cinnaberinus,"99,""6974c""",2017-05-30
CZ0724430,Euplagia quadripunctaria,6973d,2023-08-20
CZ0724430,Euplagia quadripunctaria,6974a,2023-07-26
CZ0724430,Euplagia quadripunctaria,6974b,2023-08-26
CZ0724430,Euplagia quadripunctaria,6974c,2025-08-05
CZ0724430,Lucanus cervus,"15,""6974c""",2015-06-10
CZ0724430,Lucanus cervus,6974a,2023-06-25
CZ0724430,Lucanus cervus,6974b,2023-06-28
CZ0724430,Lucanus cervus,6974c,2025-06-25
CZ0724430,Lucanus cervus,"83,""6974c""",2021-07-05
CZ0724430,Lucanus cervus,"85,""6974a""",2018-06-20
CZ0724430,Lucanus cervus,"99,""6974c""",2017-07-19
CZ0724430,Lutra lutra,"52,""6974a""",2004-10-01
CZ0724430,Lycaena dispar,"17,""6974a""",1995-01-01
CZ0724430,Lycaena dispar,6974a,2023-08-26
CZ0724430,Lycaena dispar,6974b,2013-08-15
CZ0724430,Lycaena dispar,6974c,2023-08-26
CZ0724430,Lycaena dispar,"96,""6974a""",2007-07-08
CZ0724430,Lycaena dispar,"96,""6974b""",2007-07-08
CZ0724430,Lycaena dispar,"96,""6974c""",2007-07-08
CZ0724430,Lycaena dispar,"96,""6974d""",2007-07-08
CZ0724430,Lynx lynx,6974a,2019-10-23
CZ0724430,Myotis alcathoe/emarginatus,6974a,2021-09-04
CZ0724430,Myotis alcathoe/emarginatus,6974c,2023-04-21
CZ0724430,Myotis bechsteinii,6974a,2021-09-04
CZ0724430,Myotis bechsteinii,6974c,2023-08-31
CZ0724430,Myotis blythii,"96,""6974a""",2012-06-21
CZ0724430,Myotis blythii,"96,""6974b""",2012-06-21
CZ0724430,Myotis blythii,"96,""6974c""",2012-06-21
CZ0724430,Myotis blythii,"96,""6974d""",2012-06-21
CZ0724430,Myotis myotis,6974a,2021-05-27
CZ0724430,Myotis myotis,6974c,2023-08-31
CZ0724430,Myotis myotis,"96,""6974a""",2012-06-21
CZ0724430,Myotis myotis,"96,""6974b""",2012-06-21
CZ0724430,Myotis myotis,"96,""6974c""",2012-06-21
CZ0724430,Myotis myotis,"96,""6974d""",2012-06-21
CZ0724430,Myotis sp.,6974a,2021-09-03
CZ0724430,Myotis sp.,6974c,2021-09-05
CZ0724430,Phengaris nausithous,6974a,2015-07-28
CZ0724430,Phengaris nausithous,6974b,2011-08-21
CZ0724430,Phengaris nausithous,6974c,2011-08-15
CZ0724430,Phengaris nausithous,"95,""6974a""",2024-06-25
CZ0724430,Phengaris nausithous,"96,""6974a""",2007-07-08
CZ0724430,Phengaris nausithous,"96,""6974b""",2007-07-08
CZ0724430,Phengaris nausithous,"96,""6974c""",2007-07-08
CZ0724430,Phengaris nausithous,"96,""6974d""",2007-07-08
CZ0724430,Phengaris teleius,6974a,2022-08-07
CZ0724430,Phengaris teleius,6974b,2015-07-28
CZ0724430,Phengaris teleius,6974c,2011-07-12
CZ0724430,Phengaris teleius,"96,""6974a""",2007-07-08
CZ0724430,Phengaris teleius,"96,""6974b""",2007-07-08
CZ0724430,Phengaris teleius,"96,""6974c""",2007-07-08
CZ0724430,Phengaris teleius,"96,""6974d""",2007-07-08
CZ0724430,Rhinolophus hipposideros,6974c,2012-07-11
CZ0724430,Rhinolophus hipposideros,"96,""6974a""",2012-06-21
CZ0724430,Rhinolophus hipposideros,"96,""6974b""",2012-06-21
CZ0724430,Rhinolophus hipposideros,"96,""6974c""",2012-06-21
CZ0724430,Rhinolophus hipposideros,"96,""6974d""",2012-06-21
CZ0724430,Rhysodes sulcatus,6974a,2020-05-22
CZ0724430,Rhysodes sulcatus,6974c,2020-06-23
CZ0724430,Rhysodes sulcatus,"85,""6974a""",2018-06-19
CZ0724430,Rhysodes sulcatus,"99,""6974c""",2017-05-30
CZ0724430,Rosalia alpina,6973d,2025-07-21
CZ0724430,Rosalia alpina,6974a,2022-07-19
CZ0724430,Rosalia alpina,6974b,2021-07-25
CZ0724430,Rosalia alpina,6974c,2025-07-24
CZ0724430,Rosalia alpina,"83,""6974c""",2021-07-04
CZ0724430,Rosalia alpina,"85,""6974a""",2018-06-21
CZ0724430,Rosalia alpina,"99,""6974c""",2017-07-19
CZ0724430,Sabanejewia balcanica,6974c,2005-10-12
CZ0724430,Salmo trutta,"64,""6973b""",2004-01-01
CZ0724430,Salmo trutta,6974b,2004-07-14
CZ0724430,Salmo trutta,6974c,2005-10-12
CZ0724430,Sanguisorba officinalis,6974a,2024-06-18
CZ0724430,Sanguisorba officinalis,6974b,2024-06-18
CZ0724430,Sanguisorba officinalis,6974c,2024-05-30
CZ0724430,Succisa pratensis,6974a,2007-09-30
CZ0724430,Succisa pratensis,6974b,2005-09-13
CZ0724430,Tephroseris longifolia subsp. moravica,6974a,2023-07-04
CZ0724430,Ursus arctos,6974a,2025-08-19
CZ0724430,Ursus arctos,6974b,2019-10-31
CZ0724430,Ursus arctos,6974c,2005-08-01
CZ0724430,Vertigo angustior,6974a,2012-11-12
CZ0810001,Euplagia quadripunctaria,"13,""6474b""",2019-08-17
CZ0810001,Euplagia quadripunctaria,6475a,2016-08-07
CZ0810001,Leucorrhinia pectoralis,6474b,2016-06-07
CZ0810001,Lycaena dispar,6475a,2016-08-07
CZ0810001,Myotis bechsteinii,"9,""6474b""",2013-08-15
CZ0810001,Sanguisorba officinalis,"38,""6474b""",2016-04-13
CZ0810004,Barbastella barbastellus,"63,""6376d""",2013-05-28
CZ0810004,Bombina variegata,"63,""6376d""",2009-05-21
CZ0810004,Bombina variegata,6376a,2021-09-06
CZ0810004,Bombina variegata,6376b,2025-06-11
CZ0810004,Bombina variegata,6376d,2020-06-07
CZ0810004,Bombina variegata,"89,""6376b""",2000-07-11
CZ0810004,Canis lupus,"88,""6376a""",2001-01-01
CZ0810004,Castor fiber,6376d,2025-01-26
CZ0810004,Cottus gobio,6376d,2017-09-27
CZ0810004,Cottus gobio,"67,""6376d""",2004-01-01
CZ0810004,Cucujus cinnaberinus,6376a,2023-05-05
CZ0810004,Cucujus cinnaberinus,6376b,2023-04-27
CZ0810004,Cucujus cinnaberinus,6376d,2024-06-11
CZ0810004,Euplagia quadripunctaria,6376d,2025-08-10
CZ0810004,Lampetra planeri,6376a,2015-07-27
CZ0810004,Lampetra planeri,6376b,2015-07-27
CZ0810004,Lampetra planeri,6376d,2017-10-02
CZ0810004,Lutra lutra,"63,""6376d""",2012-05-28
CZ0810004,Lutra lutra,6376a,2022-01-13
CZ0810004,Lutra lutra,6376b,2026-01-16
CZ0810004,Lutra lutra,6376d,2026-01-16
CZ0810004,Myotis bechsteinii,"63,""6376d""",2013-05-28
CZ0810004,Myotis emarginatus,"63,""6376d""",2013-05-28
CZ0810004,Ophiogomphus cecilia,"52,""6376d""",2000-08-01
CZ0810004,Phengaris nausithous,6376d,2024-08-09
CZ0810004,Rhinolophus hipposideros,"63,""6376d""",2013-05-28
CZ0810004,Rumex sp.,6376d,2021-08-22
CZ0810004,Salmo trutta,6376a,2015-07-27
CZ0810004,Salmo trutta,6376b,2015-07-27
CZ0810004,Salmo trutta,6376d,2018-05-21
CZ0810004,Salmo trutta,"67,""6376d""",2004-01-01
CZ0810004,Sanguisorba officinalis,"01,""6376d""",2022-04-26
CZ0810004,Sanguisorba officinalis,6376d,2022-04-26
CZ0810014,Carabus variolosus,"45,""6069a""",2003-01-01
CZ0810014,Carabus variolosus,6069c,2015-06-17
CZ0810014,Hamatocaulis vernicosus,6069a,2025-09-30
CZ0810014,Myotis bechsteinii,6069a,2015-05-05
CZ0810014,Myotis myotis,6069a,2015-05-05
CZ0810018,Barbastella barbastellus,"35,""6169a""",2009-12-29
CZ0810018,Barbastella barbastellus,"45,""6169a""",2005-03-05
CZ0810018,Barbastella barbastellus,6169a,2023-03-04
CZ0810018,Barbastella barbastellus,"96,""6169a""",2011-12-21
CZ0810018,Barbastella barbastellus,"96,""6169b""",2011-12-21
CZ0810018,Barbastella barbastellus,"96,""6169c""",2011-12-21
CZ0810018,Barbastella barbastellus,"96,""6169d""",2011-12-21
CZ0810018,Bombina variegata,6169b,2012-06-05
CZ0810018,Buxbaumia viridis,"35,""6169a""",2010-10-08
CZ0810018,Buxbaumia viridis,6169a,2018-06-01
CZ0810018,Euplagia quadripunctaria,6169a,2022-08-18
CZ0810018,Leptidea morsei,"96,""6169a""",1995-01-01
CZ0810018,Leptidea morsei,"96,""6169b""",1995-01-01
CZ0810018,Leptidea morsei,"96,""6169c""",1995-01-01
CZ0810018,Leptidea morsei,"96,""6169d""",1995-01-01
CZ0810018,Lutra lutra,6169a,2016-10-23
CZ0810018,Lutra lutra,6169b,2016-01-27
CZ0810018,Lutra lutra,"83,""6169c""",2004-10-01
CZ0810018,Lycaena dispar,6169a,2001-01-01
CZ0810018,Lycaena dispar,"96,""6169a""",2007-05-24
CZ0810018,Lycaena dispar,"96,""6169b""",2007-05-24
CZ0810018,Lycaena dispar,"96,""6169c""",2007-05-24
CZ0810018,Lycaena dispar,"96,""6169d""",2007-05-24
CZ0810018,Myotis bechsteinii,"96,""6169a""",2011-12-21
CZ0810018,Myotis bechsteinii,"96,""6169b""",2011-12-21
CZ0810018,Myotis bechsteinii,"96,""6169c""",2011-12-21
CZ0810018,Myotis bechsteinii,"96,""6169d""",2011-12-21
CZ0810018,Myotis emarginatus,"35,""6169a""",2009-12-29
CZ0810018,Myotis emarginatus,6169a,2024-02-24
CZ0810018,Myotis myotis,"35,""6169a""",2009-12-29
CZ0810018,Myotis myotis,"45,""6169a""",2010-06-12
CZ0810018,Myotis myotis,6169a,2025-01-30
CZ0810018,Myotis myotis,"96,""6169a""",2012-06-21
CZ0810018,Myotis myotis,"96,""6169b""",2012-06-21
CZ0810018,Myotis myotis,"96,""6169c""",2012-06-21
CZ0810018,Myotis myotis,"96,""6169d""",2012-06-21
CZ0810018,Ophiogomphus cecilia,6169a,2002-01-01
CZ0810018,Phengaris nausithous,6169a,2014-07-20
CZ0810018,Phengaris nausithous,"96,""6169a""",2005-01-01
CZ0810018,Phengaris nausithous,"96,""6169b""",2005-01-01
CZ0810018,Phengaris nausithous,"96,""6169c""",2005-01-01
CZ0810018,Phengaris nausithous,"96,""6169d""",2005-01-01
CZ0810018,Rhinolophus hipposideros,"35,""6169a""",2009-12-29
CZ0810018,Rhinolophus hipposideros,"45,""6169a""",1983-01-30
CZ0810018,Rhinolophus hipposideros,6169a,2025-01-30
CZ0810018,Rhinolophus hipposideros,"96,""6169a""",2012-06-21
CZ0810018,Rhinolophus hipposideros,"96,""6169b""",2012-06-21
CZ0810018,Rhinolophus hipposideros,"96,""6169c""",2012-06-21
CZ0810018,Rhinolophus hipposideros,"96,""6169d""",2012-06-21
CZ0810018,Salmo trutta,6169a,2014-09-19
CZ0810018,Sanguisorba officinalis,6169a,2022-09-26
CZ0810018,Sanguisorba officinalis,6169b,2022-09-25
CZ0810018,Sanguisorba officinalis,6169c,2014-07-22
CZ0810018,Triturus cristatus,6169b,2012-06-05
CZ0810031,Barbastella barbastellus,"71,""6375c""",2015-05-31
CZ0810031,Rhinolophus hipposideros,"48,""6375d""",2010-08-25
CZ0810032,Barbastella barbastellus,5971c,2015-05-07
CZ0810032,Myotis myotis,5971c,2015-05-07
CZ0810035,Bombina variegata,6473b,2015-07-01
CZ0810035,Salmo trutta,"55,""6473d""",2004-01-01
CZ0810035,Sanguisorba officinalis,6473d,2013-08-01
CZ0810036,Barbastella barbastellus,6474b,2012-02-24
CZ0810036,Bombina variegata,6474b,2025-05-01
CZ0810036,Euplagia quadripunctaria,6474b,2021-08-13
CZ0810036,Leucorrhinia pectoralis,6474b,2022-06-23
CZ0810036,Lycaena dispar,6474b,2022-08-10
CZ0810036,Phengaris nausithous,6474b,2013-08-05
CZ0810036,Sanguisorba officinalis,6474b,2016-04-06
CZ0810036,Triturus cristatus,6474b,2025-04-12
CZ0810423,Euplagia quadripunctaria,6073b,2025-08-22
CZ0810424,Bombina bombina,6176a,2020-05-08
CZ0810424,Bombina bombina,"99,""6176a""",2010-03-16
CZ0810424,Bombina variegata,6176a,2001-05-22
CZ0810424,Lemna trisulca,"01,""6176a""",2025-04-04
CZ0810424,Lemna trisulca,6176a,2025-04-04
CZ0810424,Lemna trisulca,"99,""6176a""",2010-01-01
CZ0810424,Leucorrhinia pectoralis,"99,""6176a""",2010-03-16
CZ0810424,Lutra lutra,6176a,2023-03-23
CZ0810424,Lycaena dispar,"99,""6176a""",2025-06-17
CZ0810424,Misgurnus fossilis,6176a,2020-05-11
CZ0810424,Triturus cristatus,"99,""6176a""",2010-03-16
CZ0810425,Bombina variegata,6276d,2016-07-21
CZ0810425,Lutra lutra,6276d,2023-08-11
CZ0810425,Triturus cristatus,6276d,2009-05-31
CZ0813438,Bombina bombina,6373d,2024-07-25
CZ0813438,Bombina variegata,6373d,2025-07-20
CZ0813438,Leucorrhinia pectoralis,6373d,2025-06-17
CZ0813438,Lycaena dispar,6373d,2024-07-19
CZ0813438,Triturus cristatus,6373d,2025-08-13
CZ0813439,Abramis brama,"22,""6175a""",2004-01-01
CZ0813439,Abramis brama,6175a,2010-08-12
CZ0813439,Ameiurus melas,6175a,2024-06-06
CZ0813439,Ameiurus nebulosus,6175a,2024-06-06
CZ0813439,Bombina bombina,6175a,2025-05-24
CZ0813439,Bombina bombina,"99,""6175a""",2010-03-25
CZ0813439,Castor fiber,6175a,2025-04-12
CZ0813439,Cucujus cinnaberinus,6175a,2021-03-30
CZ0813439,Emys orbicularis,6175a,2023-05-12
CZ0813439,Lemna trisulca,6175a,2024-06-06
CZ0813439,Lemna trisulca,"99,""6175a""",2010-03-25
CZ0813439,Leuciscus aspius,"22,""6175a""",2004-01-01
CZ0813439,Leucorrhinia pectoralis,6175a,2024-05-28
CZ0813439,Leucorrhinia pectoralis,"99,""6175a""",2019-06-07
CZ0813439,Lutra lutra,6175a,2025-04-08
CZ0813439,Lycaena dispar,6175a,2018-08-01
CZ0813439,Misgurnus fossilis,6175a,2021-10-15
CZ0813439,Ophiogomphus cecilia,6175a,2006-09-09
CZ0813439,Phengaris nausithous,6175a,2022-07-03
CZ0813439,Phengaris nausithous,"99,""6175a""",1993-01-01
CZ0813439,Rhodeus amarus,"22,""6175a""",1950-01-01
CZ0813439,Rhodeus amarus,6175a,2020-10-30
CZ0813439,Sanguisorba officinalis,"99,""6175a""",2010-03-25
CZ0813439,Scardinius erythrophthalmus,6175a,2024-06-06
CZ0813439,Triturus cristatus,6175a,2025-07-31
CZ0813442,Bombina bombina,"5,""6177a""",2024-10-17
CZ0813442,Bombina bombina,"53,""6177a""",2021-10-04
CZ0813442,Bombina bombina,6077c,2025-07-20
CZ0813442,Bombina bombina,"61,""6177a""",2025-07-20
CZ0813442,Bombina bombina,6177a,2025-07-20
CZ0813442,Bombina bombina,"67,""6177a""",2002-06-08
CZ0813442,Bombina variegata,"5,""6177a""",2010-04-22
CZ0813442,Bombina variegata,6077c,2008-08-01
CZ0813442,Bombina variegata,6177a,2009-09-03
CZ0813442,Bombina variegata,"67,""6177a""",1995-01-01
CZ0813442,Castor fiber,6177a,2020-05-29
CZ0813442,Emys orbicularis,6177a,2009-05-03
CZ0813442,Lutra lutra,6077c,2021-10-04
CZ0813442,Lutra lutra,6177a,2020-03-13
CZ0813442,Misgurnus fossilis,6177a,2020-06-03
CZ0813442,Myotis myotis,6177a,2018-08-22
CZ0813442,Ophiogomphus cecilia,6177a,2006-07-31
CZ0813444,Abramis brama,"32,""6176a""",2004-01-01
CZ0813444,Abramis brama,6175b,2010-09-01
CZ0813444,Abramis brama,6176a,2015-11-27
CZ0813444,Abramis brama,"82,""6176a""",2004-01-01
CZ0813444,Ameiurus melas,6175b,2024-09-19
CZ0813444,Ameiurus nebulosus,6175b,2024-09-19
CZ0813444,Blicca bjoerkna,"32,""6176a""",2004-01-01
CZ0813444,Blicca bjoerkna,6175b,2010-09-01
CZ0813444,Blicca bjoerkna,"82,""6176a""",2004-01-01
CZ0813444,Bombina bombina,"04,""6175b""",2000-01-01
CZ0813444,Bombina bombina,"22,""6176a""",2010-04-19
CZ0813444,Bombina bombina,6175b,2025-06-06
CZ0813444,Bombina bombina,6176a,2024-06-20
CZ0813444,Bombina variegata,6176a,2002-04-28
CZ0813444,Castor fiber,6175b,2024-01-21
CZ0813444,Castor fiber,6176a,2022-12-03
CZ0813444,Lemna trisulca,6176a,2008-04-01
CZ0813444,Lutra lutra,6175b,2017-12-27
CZ0813444,Misgurnus fossilis,6175b,2019-07-30
CZ0813444,Misgurnus fossilis,6176a,2020-06-03
CZ0813444,Rhodeus amarus,"82,""6176a""",2004-01-01
CZ0813444,Scardinius erythrophthalmus,"32,""6176a""",2004-01-01
CZ0813444,Scardinius erythrophthalmus,6175b,2010-09-01
CZ0813444,Scardinius erythrophthalmus,6176a,2015-11-27
CZ0813444,Scardinius erythrophthalmus,"82,""6176a""",2004-01-01
CZ0813444,Triturus cristatus,"22,""6176a""",2010-04-19
CZ0813444,Triturus cristatus,"34,""6176a""",2021-09-30
CZ0813444,Triturus cristatus,"59,""6176a""",2025-09-20
CZ0813444,Triturus cristatus,6175b,2025-09-08
CZ0813444,Triturus cristatus,6176a,2025-09-20
CZ0813444,Triturus cristatus,"67,""6175b""",2025-07-16
CZ0813444,Triturus cristatus,"72,""6176a""",2026-09-20
CZ0813445,Lissotriton montandoni,5770c,2026-09-22
CZ0813447,Lycaena dispar,6375c,2022-08-10
CZ0813447,Osmoderma barnabita,6375c,2019-07-31
CZ0813448,Lycaena dispar,"54,""6072c""",2010-07-28
CZ0813448,Lycaena dispar,6072c,2018-08-01
CZ0813448,Phengaris nausithous,6072c,2022-08-04
CZ0813448,Phengaris nausithous,6172a,2020-08-16
CZ0813448,Phengaris nausithous,"77,""6172a""",2005-07-24
CZ0813448,Phengaris teleius,6072c,2020-08-14
CZ0813448,Phengaris teleius,6172a,2020-08-16
CZ0813449,Bombina bombina,6175a,2018-04-25
CZ0813449,Bombina bombina,"75,""6175a""",2023-06-01
CZ0813449,Lemna trisulca,6175a,2018-08-15
CZ0813449,Leucorrhinia pectoralis,6175a,2009-07-25
CZ0813449,Lycaena dispar,6174b,2013-08-01
CZ0813449,Ophiogomphus cecilia,6175a,2006-09-09
CZ0813449,Osmoderma barnabita,6175a,2015-08-03
CZ0813449,Phengaris nausithous,"52,""6174b""",2004-08-03
CZ0813449,Phengaris nausithous,6174b,2025-08-02
CZ0813449,Phengaris nausithous,6175a,2025-08-02
CZ0813449,Phengaris nausithous,"99,""6174b""",2005-07-25
CZ0813449,Sanguisorba officinalis,6174b,2022-08-15
CZ0813450,Bombina bombina,5969b,2025-06-15
CZ0813450,Carabus variolosus,5969b,2014-05-07
CZ0813450,Lissotriton montandoni,5969b,2025-09-22
CZ0813450,Lutra lutra,5969b,2015-04-12
CZ0813450,Lynx lynx,5969b,2009-11-01
CZ0813450,Sanguisorba officinalis,5969b,2022-09-07
CZ0813451,Bombina variegata,"99,""6177a""",2002-05-23
CZ0813451,Osmoderma barnabita,"21,""6177a""",2010-07-08
CZ0813451,Osmoderma barnabita,"39,""6177a""",2010-07-21
CZ0813451,Osmoderma barnabita,"45,""6177a""",2019-06-21
CZ0813451,Osmoderma barnabita,6176b,2025-07-25
CZ0813451,Osmoderma barnabita,6177a,2025-04-28
CZ0813455,Bombina bombina,6276a,2014-03-20
CZ0813455,Bombina variegata,6276a,2006-05-06
CZ0813455,Castor fiber,6276a,2021-05-21
CZ0813455,Leucorrhinia pectoralis,6276a,2022-06-03
CZ0813455,Triturus cristatus,6276a,2025-04-19
CZ0813456,Barbastella barbastellus,"02,""6070c""",2015-05-06
CZ0813456,Castor fiber,6070c,2016-12-17
CZ0813456,Cottus gobio,"55,""6070c""",2010-08-04
CZ0813456,Cottus gobio,6069b,2023-10-24
CZ0813456,Cottus gobio,6070c,2023-10-24
CZ0813456,Cottus gobio,6070d,2023-10-24
CZ0813456,Lampetra planeri,"55,""6070c""",2010-08-04
CZ0813456,Lampetra planeri,6069b,2023-10-24
CZ0813456,Lampetra planeri,6070a,2023-10-24
CZ0813456,Lampetra planeri,6070c,2023-10-24
CZ0813456,Lampetra planeri,6070d,2010-08-18
CZ0813456,Lampetra planeri,"67,""6069b""",2000-01-01
CZ0813456,Lutra lutra,"18,""6070c""",2010-02-09
CZ0813456,Lutra lutra,5969d,2006-10-16
CZ0813456,Lutra lutra,6069b,2022-06-06
CZ0813456,Lutra lutra,6070a,2021-08-15
CZ0813456,Lutra lutra,6070c,2018-09-08
CZ0813456,Lutra lutra,"72,""6070a""",2005-03-31
CZ0813456,Lycaena dispar,6070c,2025-08-16
CZ0813456,Myotis myotis,"02,""6070c""",2015-05-06
CZ0813456,Phengaris nausithous,6070c,2025-08-16
CZ0813456,Rumex sp.,6070a,2016-06-09
CZ0813456,Salmo trutta,"55,""6070c""",2010-08-04
CZ0813456,Salmo trutta,6069b,2018-10-20
CZ0813456,Salmo trutta,6070a,2015-07-21
CZ0813456,Salmo trutta,6070c,2018-10-20
CZ0813456,Salmo trutta,6070d,2010-08-18
CZ0813456,Sanguisorba officinalis,6070c,2025-08-16
CZ0813457,Abramis brama,"64,""6076c""",2004-01-01
CZ0813457,Blicca bjoerkna,"64,""6076c""",2004-01-01
CZ0813457,Bombina bombina,"59,""6076d""",2010-04-01
CZ0813457,Bombina bombina,6076d,2016-05-23
CZ0813457,Bombina variegata,"15,""6076c""",2025-09-21
CZ0813457,Bombina variegata,"22,""6076d""",2025-09-23
CZ0813457,Bombina variegata,"49,""6076d""",2023-09-29
CZ0813457,Bombina variegata,"56,""6076d""",2022-09-22
CZ0813457,Bombina variegata,"59,""6076d""",2010-04-01
CZ0813457,Bombina variegata,6076c,2017-07-17
CZ0813457,Bombina variegata,6076d,2025-09-21
CZ0813457,Bombina variegata,"76,""6076c""",2021-06-10
CZ0813457,Bombina variegata,"79,""6076d""",2002-06-23
CZ0813457,Bombina variegata,"99,""6076c""",2025-09-20
CZ0813457,Canis lupus,6076c,2022-06-19
CZ0813457,Castor fiber,"49,""6076d""",2023-09-29
CZ0813457,Castor fiber,6076c,2024-03-16
CZ0813457,Castor fiber,6076d,2020-07-05
CZ0813457,Cucujus cinnaberinus,"36,""6076c""",2024-04-06
CZ0813457,Cucujus cinnaberinus,"48,""6076d""",2018-01-10
CZ0813457,Cucujus cinnaberinus,6076d,2022-05-26
CZ0813457,Cucujus cinnaberinus,"71,""6076c""",2024-04-06
CZ0813457,Lutra lutra,"49,""6076d""",2023-09-29
CZ0813457,Lutra lutra,6076d,2021-10-09
CZ0813457,Lycaena dispar,"49,""6076d""",2023-09-29
CZ0813457,Lycaena dispar,6076d,2019-07-16
CZ0813457,Misgurnus fossilis,6076c,2020-05-11
CZ0813457,Misgurnus fossilis,6076d,2020-06-03
CZ0813457,Ophiogomphus cecilia,"49,""6076d""",2023-09-29
CZ0813457,Ophiogomphus cecilia,6076c,2017-07-04
CZ0813457,Ophiogomphus cecilia,6076d,2025-07-15
CZ0813457,Osmoderma barnabita,6076c,2025-07-30
CZ0813457,Osmoderma barnabita,6076d,2025-07-30
CZ0813457,Osmoderma barnabita,"99,""6076c""",2019-08-01
CZ0813457,Phengaris nausithous,"49,""6076d""",2023-09-29
CZ0813457,Phengaris nausithous,6076c,2020-08-07
CZ0813457,Phengaris teleius,6076c,2020-08-07
CZ0813457,Salmo trutta,"64,""6076c""",2004-01-01
CZ0813457,Sanguisorba officinalis,"38,""6076c""",2006-04-22
CZ0813457,Scardinius erythrophthalmus,"64,""6076c""",2004-01-01
CZ0813457,Succisa pratensis,6076d,2010-01-01
CZ0813457,Triturus cristatus,6076c,2009-06-08
CZ0813457,Triturus cristatus,6076d,2022-05-14
CZ0813460,Abramis brama,"02,""5672c""",2004-01-01
CZ0813460,Abramis brama,"18,""5771b""",2004-01-01
CZ0813460,Abramis brama,5772a,2004-01-01
CZ0813460,Blicca bjoerkna,"02,""5672c""",2004-01-01
CZ0813460,Blicca bjoerkna,"18,""5771b""",2004-01-01
CZ0813460,Blicca bjoerkna,5772a,2004-01-01
CZ0813460,Bombina bombina,"49,""5772a""",2025-08-22
CZ0813460,Bombina bombina,5672c,2025-05-04
CZ0813460,Bombina bombina,5772a,2025-05-27
CZ0813460,Bombina bombina,"85,""5672c""",2025-08-22
CZ0813460,Bombina bombina,"96,""5672c""",2025-08-22
CZ0813460,Castor fiber,5672c,2012-03-14
CZ0813460,Coleanthus subtilis,5672c,2004-05-17
CZ0813460,Misgurnus fossilis,5672c,1996-01-01
CZ0813460,Ophiogomphus cecilia,"01,""5672c""",2003-07-12
CZ0813460,Ophiogomphus cecilia,5672c,2021-08-10
CZ0813460,Osmoderma barnabita,5672c,2021-08-10
CZ0813460,Salmo trutta,"02,""5672c""",2004-01-01
CZ0813460,Salmo trutta,"18,""5771b""",2004-01-01
CZ0813460,Salmo trutta,5672c,2019-10-08
CZ0813460,Scardinius erythrophthalmus,"02,""5672c""",2004-01-01
CZ0813460,Scardinius erythrophthalmus,"18,""5771b""",2004-01-01
CZ0813460,Scardinius erythrophthalmus,5772a,2004-01-01
CZ0813461,Barbastella barbastellus,"01,""6075d""",2023-04-27
CZ0813461,Bombina variegata,6075d,2002-08-21
CZ0813461,Myotis alcathoe/emarginatus,"01,""6075d""",2023-04-27
CZ0813461,Myotis bechsteinii,"01,""6075d""",2023-04-27
CZ0813461,Myotis myotis,"01,""6075d""",2023-04-27
CZ0813461,Osmoderma barnabita,6075d,2019-09-02
CZ0813462,Abramis brama,"24,""6275d""",2004-01-01
CZ0813462,Bombina bombina,6275d,2003-06-09
CZ0813462,Castor fiber,6275d,2021-02-10
CZ0813462,Castor fiber,6376a,2023-01-14
CZ0813462,Castor fiber,6376c,2026-01-26
CZ0813462,Castor fiber,6476a,2026-01-28
CZ0813462,Castor fiber,6476c,2026-01-28
CZ0813462,Cottus gobio,"24,""6275d""",2004-01-01
CZ0813462,Cottus gobio,"33,""6376c""",2004-01-01
CZ0813462,Cottus gobio,"34,""6476a""",2010-09-17
CZ0813462,Cottus gobio,6275d,2023-08-18
CZ0813462,Cottus gobio,6376a,2023-08-18
CZ0813462,Cottus gobio,6376c,2023-08-18
CZ0813462,Cottus gobio,6476a,2023-08-18
CZ0813462,Cottus gobio,6476c,2022-09-30
CZ0813462,Lampetra planeri,"16,""6376c""",2000-06-08
CZ0813462,Lampetra planeri,"33,""6376c""",2004-01-01
CZ0813462,Lampetra planeri,"34,""6476a""",2010-09-17
CZ0813462,Lampetra planeri,6376a,2010-08-11
CZ0813462,Lampetra planeri,6376c,2000-06-01
CZ0813462,Lampetra planeri,6476a,2019-02-17
CZ0813462,Lampetra planeri,6476c,2004-01-01
CZ0813462,Leuciscus aspius,"24,""6275d""",2004-01-01
CZ0813462,Lutra lutra,6275d,2003-06-09
CZ0813462,Lutra lutra,6376a,2020-03-16
CZ0813462,Lutra lutra,6376c,2016-10-24
CZ0813462,Lutra lutra,6476a,2020-02-10
CZ0813462,Lutra lutra,6476c,2026-01-28
CZ0813462,Salmo trutta,"24,""6275d""",2004-01-01
CZ0813462,Salmo trutta,"33,""6376c""",2004-01-01
CZ0813462,Salmo trutta,"34,""6476a""",2010-09-17
CZ0813462,Salmo trutta,6275d,2002-05-01
CZ0813462,Salmo trutta,6376a,2013-09-23
CZ0813462,Salmo trutta,6376c,2000-01-01
CZ0813462,Salmo trutta,6476a,2014-09-22
CZ0813462,Salmo trutta,6476c,2004-01-01
CZ0813462,Sanguisorba officinalis,6376a,2012-08-17
CZ0813463,Osmoderma barnabita,6275d,2019-07-10
CZ0813468,Barbastella barbastellus,5870a,2015-05-15
CZ0813468,Carabus variolosus,5870a,2020-09-03
CZ0813468,Salmo trutta,5870a,2015-07-20
CZ0813469,Bombina variegata,5872c,2023-07-27
CZ0813469,Triturus cristatus,5872c,2025-09-26
CZ0813472,Myotis bechsteinii,5970a,2025-02-22
CZ0813472,Myotis emarginatus,5970a,2025-02-22
CZ0813472,Myotis myotis,5970a,2025-02-22
CZ0813472,Rhinolophus hipposideros,5970a,2025-02-22
CZ0813472,Triturus cristatus,5970a,2025-09-22
CZ0813474,Barbastella barbastellus,6173c,2014-08-05
CZ0813474,Barbastella barbastellus,"95,""6173c""",2015-05-05
CZ0813474,Carabus variolosus,"59,""6173c""",2010-07-07
CZ0813474,Carabus variolosus,6173c,2025-07-29
CZ0813474,Cottus gobio,"1,""6173a""",2001-01-01
CZ0813474,Cottus gobio,"22,""6173a""",2004-01-01
CZ0813474,Cottus gobio,6172d,2010-08-18
CZ0813474,Cottus gobio,6173a,2023-10-24
CZ0813474,Cottus gobio,6173c,2023-10-24
CZ0813474,Cottus gobio,"65,""6172d""",2004-01-01
CZ0813474,Euplagia quadripunctaria,6173a,2023-08-13
CZ0813474,Euplagia quadripunctaria,6173c,2025-08-23
CZ0813474,Euplagia quadripunctaria,"99,""6173c""",2010-07-07
CZ0813474,Lutra lutra,6173a,2006-11-01
CZ0813474,Lutra lutra,"95,""6173c""",2015-05-05
CZ0813474,Myotis bechsteinii,6173c,2014-08-05
CZ0813474,Myotis bechsteinii,"95,""6173c""",2015-05-05
CZ0813474,Ophiogomphus cecilia,6173a,2020-07-05
CZ0813474,Ophiogomphus cecilia,6173c,2015-07-14
CZ0813474,Salmo trutta,"22,""6173a""",2004-01-01
CZ0813474,Salmo trutta,6172d,2010-08-18
CZ0813474,Salmo trutta,6173a,2015-07-29
CZ0813474,Salmo trutta,6173c,2015-07-29
CZ0813474,Salmo trutta,"65,""6172d""",2004-01-01
CZ0813474,Sanguisorba officinalis,6173a,2020-07-14
CZ0813475,Bombina bombina,6276a,2020-06-15
CZ0813475,Bombina variegata,6276a,2025-06-22
CZ0813475,Triturus cristatus,6276a,2025-08-24
CZ0813516,Abramis brama,"75,""6478b""",2004-01-01
CZ0813516,Bombina bombina,6478b,2025-06-02
CZ0813516,Bombina variegata,6378c,2016-04-17
CZ0813516,Bombina variegata,6478b,2025-06-02
CZ0813516,Bombina variegata,6479a,2007-04-01
CZ0813516,Castor fiber,6378c,2023-06-11
CZ0813516,Castor fiber,6478a,2021-01-10
CZ0813516,Castor fiber,6478b,2025-06-24
CZ0813516,Castor fiber,6479a,2023-05-07
CZ0813516,Cottus gobio,"43,""6378a""",2004-01-01
CZ0813516,Cottus gobio,6378a,2005-09-29
CZ0813516,Cottus gobio,6378c,2018-10-06
CZ0813516,Cottus gobio,"74,""6378c""",1996-01-01
CZ0813516,Cucujus cinnaberinus,6378c,2023-06-19
CZ0813516,Lampetra planeri,"48,""6478b""",1950-01-01
CZ0813516,Lampetra planeri,6378a,2023-08-18
CZ0813516,Lampetra planeri,6378c,2023-08-18
CZ0813516,Lampetra planeri,6478a,2020-03-01
CZ0813516,Lampetra planeri,6478b,2025-08-18
CZ0813516,Lampetra planeri,6479a,2010-07-04
CZ0813516,Lampetra planeri,"75,""6478b""",2004-01-01
CZ0813516,Lutra lutra,6378a,2011-12-18
CZ0813516,Lutra lutra,6378c,2024-05-13
CZ0813516,Lutra lutra,6478a,2016-10-16
CZ0813516,Lutra lutra,6478b,2025-07-14
CZ0813516,Lutra lutra,6479a,2016-04-02
CZ0813516,Lutra lutra,"96,""6378c""",2010-02-08
CZ0813516,Salmo trutta,"43,""6378a""",2004-01-01
CZ0813516,Salmo trutta,6378a,2010-09-14
CZ0813516,Salmo trutta,6378c,2020-09-01
CZ0813516,Salmo trutta,6478a,2016-10-16
CZ0813516,Salmo trutta,6478b,2025-09-22
CZ0813516,Salmo trutta,6479a,2007-04-01
CZ0813516,Salmo trutta,"74,""6378c""",1996-01-01
CZ0813516,Salmo trutta,"75,""6478b""",2004-01-01
CZ0813760,Barbastella barbastellus,6272a,2025-01-18
CZ0813760,Myotis emarginatus,6272a,2025-01-18
CZ0813760,Myotis myotis,6272a,2025-01-18
CZ0813760,Rhinolophus hipposideros,6272a,2025-01-18
CZ0813763,Barbastella barbastellus,"53,""5969d""",2006-02-05
CZ0813763,Barbastella barbastellus,5969b,2024-02-10
CZ0813763,Barbastella barbastellus,5969d,2025-02-15
CZ0813763,Carabus variolosus,5969d,2020-06-04
CZ0813763,Myotis bechsteinii,"53,""5969d""",2004-02-07
CZ0813763,Myotis bechsteinii,5969b,2019-08-16
CZ0813763,Myotis bechsteinii,5969d,2021-02-06
CZ0813763,Myotis dasycneme,5969d,2020-02-08
CZ0813763,Myotis emarginatus,"53,""5969d""",2005-02-05
CZ0813763,Myotis emarginatus,5969b,2025-02-15
CZ0813763,Myotis emarginatus,5969d,2025-02-15
CZ0813763,Myotis myotis,"53,""5969d""",2006-02-05
CZ0813763,Myotis myotis,5969b,2025-02-15
CZ0813763,Myotis myotis,5969d,2025-02-15
CZ0813763,Myotis sp.,5969d,2024-02-10
CZ0813763,Rhinolophus hipposideros,"53,""5969d""",2006-02-05
CZ0813763,Rhinolophus hipposideros,5969b,2023-01-28
CZ0813763,Rhinolophus hipposideros,5969d,2025-02-15
CZ0813764,Barbastella barbastellus,6271b,2008-01-06
CZ0813764,Myotis emarginatus,6271b,2009-12-27
CZ0813764,Myotis myotis,6271b,2009-12-27
CZ0813764,Rhinolophus hipposideros,6271b,2009-12-27
CZ0813765,Barbastella barbastellus,6069b,2018-02-10
CZ0813765,Myotis bechsteinii,6069b,2017-02-04
CZ0813765,Myotis emarginatus,6069b,2022-02-12
CZ0813765,Myotis myotis,6069b,2022-02-12
CZ0813765,Rhinolophus hipposideros,6069b,2022-02-12
CZ0813766,Barbastella barbastellus,6071d,2024-12-21
CZ0813766,Myotis emarginatus,6071d,2024-12-21
CZ0813766,Myotis myotis,6071d,2024-12-21
CZ0813766,Rhinolophus hipposideros,6071d,2024-12-21
CZ0813767,Barbastella barbastellus,6172c,2010-02-20
CZ0813767,Myotis emarginatus,6172c,2010-02-20
CZ0813767,Myotis myotis,6172c,2010-02-20
CZ0813767,Rhinolophus hipposideros,6172c,2010-02-20
CZ0813770,Barbastella barbastellus,6272a,2025-01-18
CZ0813770,Myotis bechsteinii,6272a,2023-01-28
CZ0813770,Myotis emarginatus,6272a,2025-01-18
CZ0813770,Myotis myotis,6272a,2025-01-18
CZ0813770,Rhinolophus hipposideros,6272a,2024-01-15
CZ0813810,Cottus gobio,"46,""6272c""",2001-01-01
CZ0813810,Cottus gobio,6272c,2023-10-21
CZ0813810,Cottus gobio,6272d,2015-08-09
CZ0813810,Cottus gobio,6372b,2018-10-13
CZ0813810,Lampetra planeri,6272c,2018-10-12
CZ0813810,Lampetra planeri,6272d,2004-01-01
CZ0813810,Lutra lutra,"74,""6272c""",2015-05-08
CZ0813810,Myotis myotis,"74,""6272c""",2015-05-08
CZ0813810,Phengaris nausithous,6272c,2021-08-18
CZ0813810,Salmo trutta,6272c,2015-08-09
CZ0813810,Salmo trutta,6272d,2015-08-09
CZ0814092,Abramis brama,6175c,2014-06-11
CZ0814092,Abramis brama,6274d,2014-07-25
CZ0814092,Abramis brama,6275a,2004-01-01
CZ0814092,Abramis brama,6275c,2021-06-04
CZ0814092,Abramis brama,6373d,1997-01-01
CZ0814092,Abramis brama,6374a,2014-07-25
CZ0814092,Abramis brama,"95,""6473a""",2004-01-01
CZ0814092,Ameiurus melas,6373b,2024-08-27
CZ0814092,Ameiurus nebulosus,6373b,2024-08-27
CZ0814092,Ameiurus nebulosus,6373c,2025-10-20
CZ0814092,Anisus vorticulus,6274c,2020-07-07
CZ0814092,Anisus vorticulus,6274d,2024-08-21
CZ0814092,Barbastella barbastellus,6274d,2015-06-05
CZ0814092,Barbastella barbastellus,6275a,2015-06-03
CZ0814092,Barbastella barbastellus,6374a,2015-06-05
CZ0814092,Barbastella barbastellus,"96,""6274a""",2011-06-21
CZ0814092,Barbastella barbastellus,"96,""6274b""",2011-06-21
CZ0814092,Barbastella barbastellus,"96,""6274c""",2011-06-21
CZ0814092,Barbastella barbastellus,"96,""6274d""",2011-06-21
CZ0814092,Barbastella barbastellus,"99,""6374a""",2019-04-01
CZ0814092,Blicca bjoerkna,6274d,2004-01-01
CZ0814092,Blicca bjoerkna,6275a,2004-01-01
CZ0814092,Bombina bombina,"01,""6274d""",2011-04-20
CZ0814092,Bombina bombina,"01,""6275a""",2023-05-12
CZ0814092,Bombina bombina,"01,""6374a""",2011-04-09
CZ0814092,Bombina bombina,"06,""6274d""",2025-06-27
CZ0814092,Bombina bombina,"09,""6274c""",2020-07-26
CZ0814092,Bombina bombina,"17,""6274d""",2021-08-22
CZ0814092,Bombina bombina,"28,""6374a""",2019-04-07
CZ0814092,Bombina bombina,"3,""6374a""",2024-06-27
CZ0814092,Bombina bombina,"48,""6275c""",2025-04-17
CZ0814092,Bombina bombina,"5,""6175c""",2024-06-26
CZ0814092,Bombina bombina,"56,""6274d""",2025-06-27
CZ0814092,Bombina bombina,"57,""6274c""",2015-05-05
CZ0814092,Bombina bombina,"59,""6274d""",2021-08-22
CZ0814092,Bombina bombina,6175c,2008-05-09
CZ0814092,Bombina bombina,6274b,2010-04-30
CZ0814092,Bombina bombina,6274c,2024-05-20
CZ0814092,Bombina bombina,6274d,2025-06-27
CZ0814092,Bombina bombina,6275a,2025-09-12
CZ0814092,Bombina bombina,6275c,2023-05-12
CZ0814092,Bombina bombina,"63,""6274d""",2015-06-12
CZ0814092,Bombina bombina,6374a,2025-07-20
CZ0814092,Bombina bombina,6374b,2013-05-27
CZ0814092,Bombina bombina,"7,""6274d""",2025-06-25
CZ0814092,Bombina bombina,"84,""6374a""",2021-09-05
CZ0814092,Bombina bombina,"98,""6274d""",2024-10-20
CZ0814092,Bombina bombina,"99,""6274d""",2022-04-14
CZ0814092,Bombina bombina,"99,""6275a""",2014-03-08
CZ0814092,Bombina variegata,6274d,2014-06-27
CZ0814092,Bombina variegata,6275a,2022-09-04
CZ0814092,Bombina variegata,"8,""6275a""",2002-04-10
CZ0814092,Castor fiber,"01,""6274d""",2021-02-27
CZ0814092,Castor fiber,"01,""6374a""",2016-03-07
CZ0814092,Castor fiber,"09,""6374a""",2017-02-15
CZ0814092,Castor fiber,"12,""6274d""",2017-02-08
CZ0814092,Castor fiber,"21,""6274c""",2016-02-29
CZ0814092,Castor fiber,"24,""6275a""",2021-01-12
CZ0814092,Castor fiber,"25,""6274c""",2014-02-01
CZ0814092,Castor fiber,"25,""6274d""",2021-05-06
CZ0814092,Castor fiber,"25,""6373d""",2025-01-20
CZ0814092,Castor fiber,"36,""6374a""",2016-03-07
CZ0814092,Castor fiber,"46,""6275c""",2016-02-28
CZ0814092,Castor fiber,"48,""6275c""",2017-02-20
CZ0814092,Castor fiber,"51,""6373c""",2016-03-10
CZ0814092,Castor fiber,6175c,2025-09-09
CZ0814092,Castor fiber,6274c,2022-09-20
CZ0814092,Castor fiber,6274d,2026-02-26
CZ0814092,Castor fiber,6275a,2025-07-09
CZ0814092,Castor fiber,6275c,2021-10-11
CZ0814092,Castor fiber,6373b,2026-01-19
CZ0814092,Castor fiber,6373c,2023-02-24
CZ0814092,Castor fiber,6373d,2026-01-19
CZ0814092,Castor fiber,6374a,2025-02-28
CZ0814092,Castor fiber,"65,""6275c""",2014-02-01
CZ0814092,Castor fiber,"71,""6373b""",2016-03-09
CZ0814092,Castor fiber,"8,""6373c""",2021-04-28
CZ0814092,Castor fiber,"83,""6275c""",2016-02-28
CZ0814092,Castor fiber,"86,""6373c""",2021-05-31
CZ0814092,Castor fiber,"86,""6373d""",2019-08-04
CZ0814092,Castor fiber,"98,""6275a""",2005-01-01
CZ0814092,Castor fiber,"99,""6373b""",2015-03-16
CZ0814092,Castor fiber,"99,""6374a""",2015-03-17
CZ0814092,Cottus gobio,6175c,2022-10-18
CZ0814092,Cottus gobio,6274c,2022-10-19
CZ0814092,Cottus gobio,6274d,2022-10-19
CZ0814092,Cottus gobio,6275a,2022-10-19
CZ0814092,Cottus gobio,6275c,2022-10-19
CZ0814092,Cottus gobio,6373b,2022-08-17
CZ0814092,Cottus gobio,6373c,2022-08-15
CZ0814092,Cottus gobio,6373d,2022-08-17
CZ0814092,Cottus gobio,6374a,2022-08-19
CZ0814092,Cucujus cinnaberinus,6175c,2012-04-04
CZ0814092,Cucujus cinnaberinus,6274c,2019-05-07
CZ0814092,Cucujus cinnaberinus,6274d,2022-06-01
CZ0814092,Cucujus cinnaberinus,6275a,2018-06-21
CZ0814092,Cucujus cinnaberinus,6373b,2012-05-18
CZ0814092,Cucujus cinnaberinus,6373d,2024-03-30
CZ0814092,Cucujus cinnaberinus,6374a,2019-06-07
CZ0814092,Cucujus cinnaberinus,"74,""6374a""",2009-04-01
CZ0814092,Cucujus cinnaberinus,"99,""6275a""",2020-02-10
CZ0814092,Lampetra planeri,6274c,2015-09-01
CZ0814092,Lampetra planeri,6274d,2015-09-01
CZ0814092,Lampetra planeri,6275c,2015-09-01
CZ0814092,Lampetra planeri,6373b,2015-09-01
CZ0814092,Lampetra planeri,6373c,2015-09-01
CZ0814092,Lampetra planeri,6373d,2015-09-01
CZ0814092,Lampetra planeri,6374a,2015-09-01
CZ0814092,Lemna trisulca,"01,""6374a""",2001-07-28
CZ0814092,Lemna trisulca,"27,""6274c""",2001-07-31
CZ0814092,Lemna trisulca,"37,""6374a""",2002-07-13
CZ0814092,Lemna trisulca,6274c,2021-04-16
CZ0814092,Lemna trisulca,6274d,2024-06-19
CZ0814092,Lemna trisulca,6275a,2024-08-08
CZ0814092,Lemna trisulca,6373b,2009-06-17
CZ0814092,Lemna trisulca,6373d,2008-06-26
CZ0814092,Lemna trisulca,6374a,2019-08-23
CZ0814092,Lemna trisulca,"99,""6374a""",2011-05-01
CZ0814092,Leuciscus aspius,6274d,2004-01-01
CZ0814092,Leuciscus aspius,6275a,2004-01-01
CZ0814092,Leuciscus aspius,6275c,2004-01-01
CZ0814092,Leuciscus aspius,6373d,2004-01-01
CZ0814092,Leuciscus aspius,6374a,2004-01-01
CZ0814092,Leucorrhinia pectoralis,6274d,2024-06-06
CZ0814092,Leucorrhinia pectoralis,6275a,2023-06-05
CZ0814092,Leucorrhinia pectoralis,6374a,2019-06-08
CZ0814092,Lutra lutra,"01,""6373b""",2006-01-23
CZ0814092,Lutra lutra,"04,""6374a""",2005-10-21
CZ0814092,Lutra lutra,"38,""6274d""",2007-03-18
CZ0814092,Lutra lutra,6175c,2025-09-09
CZ0814092,Lutra lutra,6274b,2007-03-17
CZ0814092,Lutra lutra,6274c,2016-10-26
CZ0814092,Lutra lutra,6274d,2025-01-25
CZ0814092,Lutra lutra,6275a,2025-07-09
CZ0814092,Lutra lutra,6275c,2019-02-12
CZ0814092,Lutra lutra,6373b,2026-01-19
CZ0814092,Lutra lutra,6373c,2023-05-10
CZ0814092,Lutra lutra,6373d,2023-01-14
CZ0814092,Lutra lutra,6374a,2025-02-28
CZ0814092,Lutra lutra,"98,""6275a""",2005-01-01
CZ0814092,Lycaena dispar,"01,""6373b""",2000-08-12
CZ0814092,Lycaena dispar,"01,""6374a""",2003-01-01
CZ0814092,Lycaena dispar,"22,""6274c""",2003-01-01
CZ0814092,Lycaena dispar,6274c,2015-08-07
CZ0814092,Lycaena dispar,6274d,2024-07-26
CZ0814092,Lycaena dispar,6275a,2013-06-09
CZ0814092,Lycaena dispar,6275c,2003-01-01
CZ0814092,Lycaena dispar,6373b,2012-08-04
CZ0814092,Lycaena dispar,6373c,2024-07-25
CZ0814092,Lycaena dispar,6373d,2012-08-04
CZ0814092,Lycaena dispar,6374a,2024-08-02
CZ0814092,Lycaena dispar,"8,""6275a""",1989-01-01
CZ0814092,Lycaena dispar,"98,""6275a""",2006-08-01
CZ0814092,Lycaena dispar,"99,""6275a""",1995-01-01
CZ0814092,Lycaena dispar,"99,""6374a""",2011-08-20
CZ0814092,Misgurnus fossilis,6175c,2014-06-11
CZ0814092,Misgurnus fossilis,6274c,2023-06-19
CZ0814092,Misgurnus fossilis,6274d,2025-10-31
CZ0814092,Misgurnus fossilis,6275a,2025-09-29
CZ0814092,Misgurnus fossilis,6275c,2014-06-27
CZ0814092,Misgurnus fossilis,6373b,2024-04-03
CZ0814092,Misgurnus fossilis,6373d,2025-06-16
CZ0814092,Misgurnus fossilis,6374a,2025-09-16
CZ0814092,Misgurnus fossilis,"89,""6274d""",2001-01-01
CZ0814092,Myotis alcathoe/emarginatus,6274d,2015-06-05
CZ0814092,Myotis alcathoe/emarginatus,6275a,2015-06-03
CZ0814092,Myotis alcathoe/emarginatus,6374a,2024-08-14
CZ0814092,Myotis bechsteinii,6274d,2015-06-04
CZ0814092,Myotis bechsteinii,6275a,2015-06-03
CZ0814092,Myotis bechsteinii,6374a,2015-06-04
CZ0814092,Myotis bechsteinii,"96,""6274a""",2011-06-21
CZ0814092,Myotis bechsteinii,"96,""6274b""",2011-06-21
CZ0814092,Myotis bechsteinii,"96,""6274c""",2011-06-21
CZ0814092,Myotis bechsteinii,"96,""6274d""",2011-06-21
CZ0814092,Myotis emarginatus,6275c,2005-04-22
CZ0814092,Myotis myotis,6274d,2015-06-04
CZ0814092,Myotis myotis,6275a,2015-06-02
CZ0814092,Myotis myotis,6275c,2005-04-22
CZ0814092,Myotis myotis,6374a,2015-06-04
CZ0814092,Myotis myotis,"96,""6274a""",2011-12-21
CZ0814092,Myotis myotis,"96,""6274b""",2011-12-21
CZ0814092,Myotis myotis,"96,""6274c""",2011-12-21
CZ0814092,Myotis myotis,"96,""6274d""",2011-12-21
CZ0814092,Myotis myotis,"96,""6373a""",2012-06-21
CZ0814092,Myotis myotis,"96,""6373b""",2012-06-21
CZ0814092,Myotis myotis,"96,""6373c""",2012-06-21
CZ0814092,Myotis myotis,"96,""6373d""",2012-06-21
CZ0814092,Myotis myotis,"99,""6275a""",2005-07-01
CZ0814092,Ophiogomphus cecilia,6274d,2022-07-07
CZ0814092,Ophiogomphus cecilia,6275a,2022-08-16
CZ0814092,Ophiogomphus cecilia,6373b,2022-06-24
CZ0814092,Ophiogomphus cecilia,6373d,2022-06-21
CZ0814092,Ophiogomphus cecilia,6374a,2006-05-23
CZ0814092,Osmoderma barnabita,"01,""6374a""",2003-01-01
CZ0814092,Osmoderma barnabita,"05,""6373b""",2001-06-17
CZ0814092,Osmoderma barnabita,"1,""6275c""",2001-06-01
CZ0814092,Osmoderma barnabita,"22,""6175c""",2000-01-01
CZ0814092,Osmoderma barnabita,6274c,2022-05-02
CZ0814092,Osmoderma barnabita,6274d,2023-02-21
CZ0814092,Osmoderma barnabita,6275a,2015-10-29
CZ0814092,Osmoderma barnabita,6275c,2023-01-17
CZ0814092,Osmoderma barnabita,6373b,2020-02-20
CZ0814092,Osmoderma barnabita,6373c,2014-08-20
CZ0814092,Osmoderma barnabita,6373d,2023-01-03
CZ0814092,Osmoderma barnabita,6374a,2023-02-21
CZ0814092,Phengaris nausithous,"01,""6374a""",2003-01-01
CZ0814092,Phengaris nausithous,"13,""6374a""",2023-08-11
CZ0814092,Phengaris nausithous,"22,""6274c""",2003-01-01
CZ0814092,Phengaris nausithous,"28,""6274c""",2023-07-29
CZ0814092,Phengaris nausithous,6175c,2023-08-08
CZ0814092,Phengaris nausithous,6274c,2024-08-07
CZ0814092,Phengaris nausithous,6274d,2024-07-23
CZ0814092,Phengaris nausithous,6275a,2025-07-22
CZ0814092,Phengaris nausithous,6275c,2022-08-01
CZ0814092,Phengaris nausithous,6373b,2019-07-25
CZ0814092,Phengaris nausithous,6373c,2024-07-17
CZ0814092,Phengaris nausithous,6373d,2025-07-31
CZ0814092,Phengaris nausithous,6374a,2025-07-22
CZ0814092,Phengaris nausithous,"8,""6275a""",1989-01-01
CZ0814092,Phengaris nausithous,"98,""6275a""",2004-07-18
CZ0814092,Phengaris nausithous,"99,""6274d""",2024-07-23
CZ0814092,Phengaris nausithous,"99,""6275a""",1995-01-01
CZ0814092,Phengaris teleius,6175c,2020-07-28
CZ0814092,Phengaris teleius,6374a,2023-07-25
CZ0814092,Rhinolophus hipposideros,6373d,2016-04-23
CZ0814092,Rhodeus amarus,"41,""6374a""",1950-01-01
CZ0814092,Rhodeus amarus,"57,""6275a""",1950-01-01
CZ0814092,Rhodeus amarus,6175c,2023-11-02
CZ0814092,Rhodeus amarus,6274d,2025-05-23
CZ0814092,Rhodeus amarus,6275a,2024-10-18
CZ0814092,Rhodeus amarus,6275c,2023-11-02
CZ0814092,Rhodeus amarus,6373b,2024-03-08
CZ0814092,Rhodeus amarus,6373c,2015-09-01
CZ0814092,Rhodeus amarus,6373d,2025-05-30
CZ0814092,Rhodeus amarus,6374a,2025-06-19
CZ0814092,Rumex sp.,"29,""6373c""",2021-04-01
CZ0814092,Rumex sp.,"33,""6373d""",2008-06-21
CZ0814092,Rumex sp.,"61,""6373d""",2008-08-08
CZ0814092,Rumex sp.,6274d,2009-08-10
CZ0814092,Rumex sp.,6275a,2006-08-11
CZ0814092,Rumex sp.,6275c,2008-08-23
CZ0814092,Rumex sp.,6373b,2008-04-04
CZ0814092,Rumex sp.,6373d,2008-08-08
CZ0814092,Rumex sp.,6374a,2009-08-21
CZ0814092,Salmo trutta,"01,""6373c""",2004-01-01
CZ0814092,Salmo trutta,"52,""6373d""",2004-01-01
CZ0814092,Salmo trutta,6274c,1997-01-01
CZ0814092,Salmo trutta,6275c,2004-01-01
CZ0814092,Salmo trutta,6373c,1997-01-01
CZ0814092,Salmo trutta,6373d,2004-01-01
CZ0814092,Salmo trutta,6374a,2019-10-17
CZ0814092,Salmo trutta,"95,""6473a""",2004-01-01
CZ0814092,Sanguisorba officinalis,"01,""6274d""",2011-08-13
CZ0814092,Sanguisorba officinalis,"01,""6373b""",2008-08-03
CZ0814092,Sanguisorba officinalis,"04,""6274c""",2012-05-19
CZ0814092,Sanguisorba officinalis,"04,""6373d""",2021-04-01
CZ0814092,Sanguisorba officinalis,"08,""6274c""",2012-05-19
CZ0814092,Sanguisorba officinalis,"08,""6374a""",2019-05-31
CZ0814092,Sanguisorba officinalis,"2,""6374a""",2009-06-08
CZ0814092,Sanguisorba officinalis,"28,""6275a""",2024-05-23
CZ0814092,Sanguisorba officinalis,"29,""6274c""",2009-08-19
CZ0814092,Sanguisorba officinalis,"29,""6373c""",2021-04-01
CZ0814092,Sanguisorba officinalis,"3,""6274c""",2012-05-19
CZ0814092,Sanguisorba officinalis,"48,""6373d""",2021-04-01
CZ0814092,Sanguisorba officinalis,"53,""6374a""",2012-05-19
CZ0814092,Sanguisorba officinalis,"55,""6274c""",2009-08-17
CZ0814092,Sanguisorba officinalis,"57,""6373b""",2022-05-18
CZ0814092,Sanguisorba officinalis,"58,""6274c""",2009-08-17
CZ0814092,Sanguisorba officinalis,6175c,2023-08-08
CZ0814092,Sanguisorba officinalis,6274c,2019-08-23
CZ0814092,Sanguisorba officinalis,6274d,2024-05-22
CZ0814092,Sanguisorba officinalis,6275a,2024-06-19
CZ0814092,Sanguisorba officinalis,6275c,2024-06-19
CZ0814092,Sanguisorba officinalis,6373b,2022-05-20
CZ0814092,Sanguisorba officinalis,6373c,2018-07-12
CZ0814092,Sanguisorba officinalis,6373d,2022-05-18
CZ0814092,Sanguisorba officinalis,6374a,2023-08-11
CZ0814092,Sanguisorba officinalis,"66,""6274b""",2006-07-25
CZ0814092,Sanguisorba officinalis,"66,""6274c""",2019-08-23
CZ0814092,Sanguisorba officinalis,"69,""6373d""",2022-05-18
CZ0814092,Sanguisorba officinalis,"71,""6274c""",2009-08-19
CZ0814092,Sanguisorba officinalis,"72,""6274c""",2019-05-31
CZ0814092,Sanguisorba officinalis,"75,""6274c""",2009-07-10
CZ0814092,Sanguisorba officinalis,"76,""6275c""",2024-05-23
CZ0814092,Sanguisorba officinalis,"81,""6274c""",2009-06-06
CZ0814092,Sanguisorba officinalis,"81,""6275a""",2006-08-10
CZ0814092,Sanguisorba officinalis,"99,""6275c""",2006-08-10
CZ0814092,Sanguisorba officinalis,"99,""6373b""",2022-05-21
CZ0814092,Sanguisorba officinalis,"99,""6374a""",2011-05-01
CZ0814092,Scardinius erythrophthalmus,6175c,2010-08-12
CZ0814092,Scardinius erythrophthalmus,6274c,2010-09-07
CZ0814092,Scardinius erythrophthalmus,6274d,2014-07-17
CZ0814092,Scardinius erythrophthalmus,6275a,2025-05-03
CZ0814092,Scardinius erythrophthalmus,6275c,2004-01-01
CZ0814092,Scardinius erythrophthalmus,6373d,1997-01-01
CZ0814092,Scardinius erythrophthalmus,6374a,2014-07-25
CZ0814092,Scardinius erythrophthalmus,"95,""6473a""",2004-01-01
CZ0814092,Triturus cristatus,"06,""6274d""",2025-09-21
CZ0814092,Triturus cristatus,"17,""6274d""",2021-08-22
CZ0814092,Triturus cristatus,"19,""6274d""",2021-09-30
CZ0814092,Triturus cristatus,"3,""6374a""",2024-06-27
CZ0814092,Triturus cristatus,"5,""6175c""",2025-08-01
CZ0814092,Triturus cristatus,"56,""6274d""",2025-09-21
CZ0814092,Triturus cristatus,"59,""6274d""",2021-05-22
CZ0814092,Triturus cristatus,6175c,2008-06-28
CZ0814092,Triturus cristatus,6274d,2025-09-21
CZ0814092,Triturus cristatus,6275a,2025-07-04
CZ0814092,Triturus cristatus,6373b,2024-05-04
CZ0814092,Triturus cristatus,6373d,2025-07-20
CZ0814092,Triturus cristatus,6374a,2026-07-20
CZ0814092,Triturus cristatus,"7,""6274d""",2025-07-30
CZ0814092,Triturus cristatus,"8,""6275a""",2025-05-23
CZ0814092,Triturus cristatus,"84,""6374a""",2021-09-05
CZ0814092,Triturus cristatus,"98,""6274d""",2024-10-20
CZ0814092,Unio crassus,6274c,2024-09-16
CZ0814092,Unio crassus,6274d,2025-10-27
CZ0814092,Unio crassus,6275a,2025-10-27
CZ0814092,Unio crassus,6373b,2024-08-27
CZ0814092,Unio crassus,6373c,2023-10-19
CZ0814092,Unio crassus,6373d,2025-01-20
CZ0814092,Unio crassus,6374a,2025-02-28
CZ0814092,Unio crassus,"83,""6374a""",2004-09-01
CZ0814093,Abramis brama,"16,""6076c""",2004-01-01
CZ0814093,Abramis brama,"43,""6076c""",2010-09-17
CZ0814093,Abramis brama,"96,""6076c""",2004-01-01
CZ0814093,Blicca bjoerkna,"16,""6076c""",2004-01-01
CZ0814093,Blicca bjoerkna,"96,""6076c""",2004-01-01
CZ0814093,Bombina bombina,6076c,2009-05-24
CZ0814093,Bombina variegata,"42,""6076c""",2025-09-20
CZ0814093,Bombina variegata,"43,""6076c""",2022-09-22
CZ0814093,Bombina variegata,"46,""6076c""",2002-08-06
CZ0814093,Bombina variegata,6075d,2013-07-09
CZ0814093,Bombina variegata,6076c,2025-09-20
CZ0814093,Bombina variegata,"97,""6076c""",2025-09-26
CZ0814093,Castor fiber,"43,""6076c""",2010-04-30
CZ0814093,Castor fiber,6076c,2023-09-24
CZ0814093,Cucujus cinnaberinus,"09,""6076c""",2003-04-15
CZ0814093,Cucujus cinnaberinus,"44,""6076c""",2024-03-08
CZ0814093,Cucujus cinnaberinus,6076c,2024-03-08
CZ0814093,Leuciscus aspius,"16,""6076c""",2004-01-01
CZ0814093,Leuciscus aspius,"43,""6076c""",2010-09-17
CZ0814093,Leuciscus aspius,"83,""6175b""",1950-01-01
CZ0814093,Lutra lutra,6076c,2025-06-05
CZ0814093,Misgurnus fossilis,6076c,2020-06-03
CZ0814093,Ophiogomphus cecilia,6075d,2009-07-21
CZ0814093,Ophiogomphus cecilia,6076c,2015-09-04
CZ0814093,Osmoderma barnabita,"44,""6076c""",2024-03-08
CZ0814093,Osmoderma barnabita,6076c,2024-03-08
CZ0814093,Osmoderma barnabita,"86,""6076c""",2002-03-01
CZ0814093,Phengaris nausithous,6076c,2020-08-07
CZ0814093,Phengaris teleius,6076c,2020-08-07
CZ0814093,Rhodeus amarus,"43,""6076c""",2010-09-17
CZ0814093,Rhodeus amarus,6075d,2023-07-18
CZ0814093,Rhodeus amarus,6076c,2025-06-03
CZ0814093,Scardinius erythrophthalmus,"16,""6076c""",2004-01-01
CZ0814093,Scardinius erythrophthalmus,6076c,2019-07-30
CZ0814093,Scardinius erythrophthalmus,"96,""6076c""",2004-01-01
CZ0815031,Bombina bombina,6069c,2025-04-27
CZ0815031,Hamatocaulis vernicosus,6069c,2021-09-16
CZ0815031,Leucorrhinia pectoralis,6069c,2014-07-13
NA,Chazara briseis,NA,2025-08-07
NA,Eriogaster catax,NA,2025-12-07
NA,Euphydryas aurinia,NA,2025-09-24
NA,Euphydryas maturna,NA,2025-06-22
NA,Gentianella amarella,NA,2025-09-09
NA,Gentianella obtusifolia subsp. sturmiana,NA,2017-09-21
NA,Gentianella praecox subsp. bohemica,NA,2025-10-12
NA,Gladiolus palustris,NA,2025-06-29
NA,Hipparchia semele,NA,2025-09-20
NA,Ornithogalum pyrenaicum subsp. sphaerocarpum,NA,2025-07-29
NA,Pulsatilla patens,NA,2025-05-16
