kod_chu,DRUH,ID_IND,KLIC,ROK,POLE,NAZEV_LOK,ID_ND_AKCE,ID_ND_LOK,HOD_IND,TYP_IND,LIM_IND,JEDNOTKA,LIM_INDLIST,STAV_IND,UROVEN,IND_GRP,CILMON_CHU
CZ0210027,Rhinolophus hipposideros,POP_PRESENCE,ano,2014,"15,""6054b""",NPR Voděradské bučiny,9140888,991635,ano,val,ano,přítomnost druhu,ano,dobrý,chu,val,0
CZ0210027,Rhinolophus hipposideros,CELKOVE_HODNOCENI,NA,2014,"15,""6054b""",NPR Voděradské bučiny,9140888,991635,dobrý,NA,NA,NA,NA,dobrý,chu,NA,0
CZ0210421,Rhinolophus hipposideros,POP_PRESENCE,ano,"2014, 2015","6050d, 6150b","Na Mramoru, Na Mramoru - štola, jeskyně Na Mramoru","9371298, 9544997, 9173015","5668057, 5062715, 998643",ano,val,ano,přítomnost druhu,ano,dobrý,chu,val,1
CZ0210421,Rhinolophus hipposideros,CELKOVE_HODNOCENI,NA,"2014, 2015","6050d, 6150b","Na Mramoru, Na Mramoru - štola, jeskyně Na Mramoru","9371298, 9544997, 9173015","5668057, 5062715, 998643",dobrý,NA,NA,NA,NA,dobrý,chu,NA,1
CZ0213613,Rhinolophus hipposideros,POP_PRESENCE,ano,2015,6057c,Malešov,9173818,5505163,ano,val,ano,přítomnost druhu,ano,dobrý,chu,val,0
CZ0213613,Rhinolophus hipposideros,CELKOVE_HODNOCENI,NA,2015,6057c,Malešov,9173818,5505163,dobrý,NA,NA,NA,NA,dobrý,chu,NA,0
CZ0213615,Rhinolophus hipposideros,POP_PRESENCE,ano,2025,6452a,Jarnice - štola,15620446,5063510,ano,val,ano,přítomnost druhu,ano,dobrý,chu,val,0
CZ0213615,Rhinolophus hipposideros,CELKOVE_HODNOCENI,NA,2025,6452a,Jarnice - štola,15620446,5063510,dobrý,NA,NA,NA,NA,dobrý,chu,NA,0
CZ0213621,Rhinolophus hipposideros,POP_PRESENCE,ano,"2026, 2016, 2014, 2021",6051a,"Anděrova štola, Maršálkova štola, Mořina - Gotická chodba v lomu Mexiko, Mořina - Tichá štola - Velká Amerika, Velká Amerika, Zbytovského štola, vodní štola ve Velké Americe, štola Feministka","15546230, 15546611, 15546610, 15545588, 9778518, 9371423, 11299665, 9371359","998560, 998557, 7284026, 7073126, 5902607, 5668100, 5517604, 5668078",ano,val,ano,přítomnost druhu,ano,dobrý,chu,val,1
CZ0213621,Rhinolophus hipposideros,CELKOVE_HODNOCENI,NA,"2026, 2016, 2014, 2021",6051a,"Anděrova štola, Maršálkova štola, Mořina - Gotická chodba v lomu Mexiko, Mořina - Tichá štola - Velká Amerika, Velká Amerika, Zbytovského štola, vodní štola ve Velké Americe, štola Feministka","15546230, 15546611, 15546610, 15545588, 9778518, 9371423, 11299665, 9371359","998560, 998557, 7284026, 7073126, 5902607, 5668100, 5517604, 5668078",dobrý,NA,NA,NA,NA,dobrý,chu,NA,1
CZ0213626,Rhinolophus hipposideros,POP_PRESENCE,ano,2015,6150a,DEL0170 - Suchomasty 1 - zámeček,9475181,1172831,ano,val,ano,přítomnost druhu,ano,dobrý,chu,val,0
CZ0213626,Rhinolophus hipposideros,CELKOVE_HODNOCENI,NA,2015,6150a,DEL0170 - Suchomasty 1 - zámeček,9475181,1172831,dobrý,NA,NA,NA,NA,dobrý,chu,NA,0
CZ0213792,Rhinolophus hipposideros,POP_PRESENCE,ano,2023,6058a,"Platanový můstek, Nové Dvory",14934299,12071872,ano,val,ano,přítomnost druhu,ano,dobrý,chu,val,0
CZ0213792,Rhinolophus hipposideros,CELKOVE_HODNOCENI,NA,2023,6058a,"Platanový můstek, Nové Dvory",14934299,12071872,dobrý,NA,NA,NA,NA,dobrý,chu,NA,0
CZ0214002,Rhinolophus hipposideros,POP_PRESENCE,ano,2018,6051c,Karlické údolí,10544182,4937894,ano,val,ano,přítomnost druhu,ano,dobrý,chu,val,0
CZ0214002,Rhinolophus hipposideros,CELKOVE_HODNOCENI,NA,2018,6051c,Karlické údolí,10544182,4937894,dobrý,NA,NA,NA,NA,dobrý,chu,NA,0
CZ0214003,Rhinolophus hipposideros,POP_PRESENCE,ano,"2016, 2018, 2014, 2024, 2025",6050c,"Jeskyně Zlomená, Jeskyně Žába, Koněpruské jeskyně, Koněprusy - Bonzákova slůj, NPP Zlatý kůň, Koněpruské jeskyně, jeskyně Zlomená, jeskyně Žába","9807806, 10730116, 9371264, 12835098, 14087885, 9639714, 9371253","5062657, 5062663, 5668046, 9684984, 11142875, 998552, 5668042",ano,val,ano,přítomnost druhu,ano,dobrý,chu,val,1
CZ0214003,Rhinolophus hipposideros,CELKOVE_HODNOCENI,NA,"2016, 2018, 2014, 2024, 2025",6050c,"Jeskyně Zlomená, Jeskyně Žába, Koněpruské jeskyně, Koněprusy - Bonzákova slůj, NPP Zlatý kůň, Koněpruské jeskyně, jeskyně Zlomená, jeskyně Žába","9807806, 10730116, 9371264, 12835098, 14087885, 9639714, 9371253","5062657, 5062663, 5668046, 9684984, 11142875, 998552, 5668042",dobrý,NA,NA,NA,NA,dobrý,chu,NA,1
CZ0214012,Rhinolophus hipposideros,POP_PRESENCE,ano,"2021, 2015, 2016, 2019, 2025",5456c,"Branžež, Dneboh, EVL Příhrazské skála - B5 Krtola, EVL Příhrazské skály - A6 Hynšta, Hynšta, Jenčova sluj, Krtola, Krtola u Příhraz - jeskyně, Mužský, jeskyně Racák, Žďár u Mnichova Hradiště","11747977, 11748677, 11746061, 11747954, 9547035, 9547075, 9547060, 9807673, 11222903, 9789933, 15620351, 11748676, 9547082, 11746090","8277711, 8273607, 5835685, 5835146, 5375454, 5375455, 4929536, 5062270, 8278616, 5835706, 8273673",ano,val,ano,přítomnost druhu,ano,dobrý,chu,val,0
CZ0214012,Rhinolophus hipposideros,CELKOVE_HODNOCENI,NA,"2021, 2015, 2016, 2019, 2025",5456c,"Branžež, Dneboh, EVL Příhrazské skála - B5 Krtola, EVL Příhrazské skály - A6 Hynšta, Hynšta, Jenčova sluj, Krtola, Krtola u Příhraz - jeskyně, Mužský, jeskyně Racák, Žďár u Mnichova Hradiště","11747977, 11748677, 11746061, 11747954, 9547035, 9547075, 9547060, 9807673, 11222903, 9789933, 15620351, 11748676, 9547082, 11746090","8277711, 8273607, 5835685, 5835146, 5375454, 5375455, 4929536, 5062270, 8278616, 5835706, 8273673",dobrý,NA,NA,NA,NA,dobrý,chu,NA,0
CZ0214013,Rhinolophus hipposideros,POP_PRESENCE,ano,"2012, 2019, 2025, 2023, 2026, 2017, 2016, 2021, 2015, 2018","96,""5453a"", 5453c, 5553b, 5553c, 5552b, 5553a","5453, Dražejov u Dubé, Houska, sklepy zámku Houska, Klemperka, Kokořín, Pivovarské sklepy ve Vojtěchově, Pivovarské sklepy, Vojtěchov, Truskavna – jeskyně Klemperka, Tupadly - hotel Sv. Kryštof, Vidim, Vidim - pivovarský sklep, Vidim - sklep bývalého pivovaru, Vidim, pivovarský sklep, Vojtěchov - pivovarské sklepy, Vojtěchov pivovar, Vojtěchov – pivovarský sklep, pivovarské sklepy Vojtěchov, spodní místnost jeskyně Klemperka","9010824, 10857097, 13455987, 13732460, 12226915, 15547416, 15547418, 10085859, 15620514, 9790171, 9791172, 11725578, 9173198, 15620513, 13455988, 15447654, 9173191, 10395510, 15620481, 9801492, 15532838","1790809, 7171072, 1009098, 10769517, 8951298, 968549, 969331, 9874649, 6048218, 8242908, 5517795, 9874648, 6337930, 4951646, 6666193, 7050237, 968347, 968546",ano,val,ano,přítomnost druhu,ano,dobrý,chu,val,0
CZ0214013,Rhinolophus hipposideros,CELKOVE_HODNOCENI,NA,"2012, 2019, 2025, 2023, 2026, 2017, 2016, 2021, 2015, 2018","96,""5453a"", 5453c, 5553b, 5553c, 5552b, 5553a","5453, Dražejov u Dubé, Houska, sklepy zámku Houska, Klemperka, Kokořín, Pivovarské sklepy ve Vojtěchově, Pivovarské sklepy, Vojtěchov, Truskavna – jeskyně Klemperka, Tupadly - hotel Sv. Kryštof, Vidim, Vidim - pivovarský sklep, Vidim - sklep bývalého pivovaru, Vidim, pivovarský sklep, Vojtěchov - pivovarské sklepy, Vojtěchov pivovar, Vojtěchov – pivovarský sklep, pivovarské sklepy Vojtěchov, spodní místnost jeskyně Klemperka","9010824, 10857097, 13455987, 13732460, 12226915, 15547416, 15547418, 10085859, 15620514, 9790171, 9791172, 11725578, 9173198, 15620513, 13455988, 15447654, 9173191, 10395510, 15620481, 9801492, 15532838","1790809, 7171072, 1009098, 10769517, 8951298, 968549, 969331, 9874649, 6048218, 8242908, 5517795, 9874648, 6337930, 4951646, 6666193, 7050237, 968347, 968546",dobrý,NA,NA,NA,NA,dobrý,chu,NA,0
CZ0214017,Rhinolophus hipposideros,POP_PRESENCE,ano,"2022, 2012, 2016, 2013, 2015, 2014, 2023, 2026, 2021, 2025, 2024, 2017, 2019","6050d, 96,""6050b"", 6050b, 6051a, 6051c, 9,""6050b""","3. štola u trati, 6050, Alkazar, Alkazar - Kozel, Amerika II., Aragonitová jeskyně, Barrandova jeskyně, Beranův lom - štola, Budňany - Rudolfka, Budňany - sklep pod konírnou na hradě Karlštejn, Chlumské jeskyně, Devítikorunová jeskyně, Gaislerova štola, Gaislerova štola, Liščí lom, Hostim u Berouna - lom Alkazar, Hostim u Berouna - lom Alkazar prostřední štola (štola B), Hostim, štola Alkazar západ, Houmelesí štola, Houmelesí štoly, Jeskyně Arnoldka, Jeskyně Dynamitka, Jeskyně Marie, Jeskyně Nad Kačákem, Jeskyně Oblézačka, Korno - Podtraťová jeskyně, Krápníková jeskyně v Šanově koutě, Krápníková v Pšanově koutě, Loděnice, Lom Alkazar, Malá Amerika, Marie, Metro, Na Jarnici, Na Jarnici - štola, Oblézačka, Palachova propast, Podtraťová jeskyně - Korno, Propast Čeřinka, Průtahová štola, Romanovského štola, Rudolfova jeskyně, Sedmisálová jeskyně, Srbsko u Karlštejna, Srbsko u Karlštejna - Chlumské jeskyně, Srbsko-Karlštejn, Silnice Bez Názvu, Srbské jeskyně, Srbské jeskyně a jeskyně Netopýrka, Stará Aragonitka, Stará aragonitová jeskyně, Sv.Jan p.Skalou, půda kláštera, Svatý Jan pod Skalou - jeskyně V kostele, Svatý Jan pod Skalou - klášter půda, Svatý Jan pod Skalou - půda kostela, Svatý Jan pod skalou - sklepy v klášteře, Svážná Rešna, Terasová jeskyně, Tetínská chodba, Tetínská propástka II, Tomáškova propast, V Kodském polesí, Velikonoční štola, jeskyně Arnoldka, jeskyně Dynamitka, jeskyně Kádelnice, jeskyně Metro, jeskyně Na Jarnici, jeskyně Nad Kačákem, jeskyně Oblézačka, jeskyně V Kodském polesí, propast Amerika II., propast Čeřinka, Štola v rokli, štola Alkazar západ, štola Modlitebna, štola v Beranově lomu, štoly v lomu Kozel - Alkazar","11740875, 9010860, 9777683, 9777684, 9777686, 9778120, 8903286, 9371163, 9544962, 9371175, 9371179, 8902940, 9371182, 12226840, 15534170, 9371225, 15546243, 9371215, 11309016, 12036136, 15314217, 13772047, 9371221, 12800252, 15555330, 9544980, 11298162, 9544989, 9544919, 15547125, 15546216, 9371271, 9649164, 12983493, 12983909, 12983912, 12246778, 9371285, 9371289, 9371294, 9544996, 9371307, 9371312, 13455658, 9544884, 9371325, 9371329, 9371333, 9371343, 12983494, 15546612, 14998457, 10087398, 11740712, 15555328, 9544878, 9371353, 9371354, 15544269, 15013282, 15013283, 15544270, 15540575, 15543128, 9371388, 15547139, 9371395, 8903421, 9371409, 8522391, 9371415, 9371156, 9371238, 9172179, 11297359, 15546242, 9371242, 15541446, 12800851, 15540583, 15555329, 15546615, 15532022, 10753196, 15540588, 15543125","998672, 998160, 5902481, 5062706, 5062343, 5668018, 5668019, 5062322, 6839204, 6063083, 5668034, 5517096, 5668030, 7778940, 1848161, 12696213, 10809081, 5668033, 998568, 998515, 5062320, 1257843, 5068732, 5068737, 5496625, 998605, 5668049, 5382356, 9945131, 5901649, 5668053, 5668054, 5668056, 5062333, 5668060, 5668062, 10693594, 5068730, 5668066, 5668067, 5668068, 5668072, 9945134, 5496630, 12172454, 5062686, 998567, 998583, 5062695, 5668076, 4944347, 1003763, 5466818, 5517561, 5517399, 998662, 5668087, 998660, 5668089, 5062718, 5062654, 5668013, 5668038, 998674, 998666, 998536, 5668039, 998659, 998624, 998544, 998527, 998569, 12879952, 5517594, 998532, 998603",ano,val,ano,přítomnost druhu,ano,dobrý,chu,val,1
CZ0214017,Rhinolophus hipposideros,CELKOVE_HODNOCENI,NA,"2022, 2012, 2016, 2013, 2015, 2014, 2023, 2026, 2021, 2025, 2024, 2017, 2019","6050d, 96,""6050b"", 6050b, 6051a, 6051c, 9,""6050b""","3. štola u trati, 6050, Alkazar, Alkazar - Kozel, Amerika II., Aragonitová jeskyně, Barrandova jeskyně, Beranův lom - štola, Budňany - Rudolfka, Budňany - sklep pod konírnou na hradě Karlštejn, Chlumské jeskyně, Devítikorunová jeskyně, Gaislerova štola, Gaislerova štola, Liščí lom, Hostim u Berouna - lom Alkazar, Hostim u Berouna - lom Alkazar prostřední štola (štola B), Hostim, štola Alkazar západ, Houmelesí štola, Houmelesí štoly, Jeskyně Arnoldka, Jeskyně Dynamitka, Jeskyně Marie, Jeskyně Nad Kačákem, Jeskyně Oblézačka, Korno - Podtraťová jeskyně, Krápníková jeskyně v Šanově koutě, Krápníková v Pšanově koutě, Loděnice, Lom Alkazar, Malá Amerika, Marie, Metro, Na Jarnici, Na Jarnici - štola, Oblézačka, Palachova propast, Podtraťová jeskyně - Korno, Propast Čeřinka, Průtahová štola, Romanovského štola, Rudolfova jeskyně, Sedmisálová jeskyně, Srbsko u Karlštejna, Srbsko u Karlštejna - Chlumské jeskyně, Srbsko-Karlštejn, Silnice Bez Názvu, Srbské jeskyně, Srbské jeskyně a jeskyně Netopýrka, Stará Aragonitka, Stará aragonitová jeskyně, Sv.Jan p.Skalou, půda kláštera, Svatý Jan pod Skalou - jeskyně V kostele, Svatý Jan pod Skalou - klášter půda, Svatý Jan pod Skalou - půda kostela, Svatý Jan pod skalou - sklepy v klášteře, Svážná Rešna, Terasová jeskyně, Tetínská chodba, Tetínská propástka II, Tomáškova propast, V Kodském polesí, Velikonoční štola, jeskyně Arnoldka, jeskyně Dynamitka, jeskyně Kádelnice, jeskyně Metro, jeskyně Na Jarnici, jeskyně Nad Kačákem, jeskyně Oblézačka, jeskyně V Kodském polesí, propast Amerika II., propast Čeřinka, Štola v rokli, štola Alkazar západ, štola Modlitebna, štola v Beranově lomu, štoly v lomu Kozel - Alkazar","11740875, 9010860, 9777683, 9777684, 9777686, 9778120, 8903286, 9371163, 9544962, 9371175, 9371179, 8902940, 9371182, 12226840, 15534170, 9371225, 15546243, 9371215, 11309016, 12036136, 15314217, 13772047, 9371221, 12800252, 15555330, 9544980, 11298162, 9544989, 9544919, 15547125, 15546216, 9371271, 9649164, 12983493, 12983909, 12983912, 12246778, 9371285, 9371289, 9371294, 9544996, 9371307, 9371312, 13455658, 9544884, 9371325, 9371329, 9371333, 9371343, 12983494, 15546612, 14998457, 10087398, 11740712, 15555328, 9544878, 9371353, 9371354, 15544269, 15013282, 15013283, 15544270, 15540575, 15543128, 9371388, 15547139, 9371395, 8903421, 9371409, 8522391, 9371415, 9371156, 9371238, 9172179, 11297359, 15546242, 9371242, 15541446, 12800851, 15540583, 15555329, 15546615, 15532022, 10753196, 15540588, 15543125","998672, 998160, 5902481, 5062706, 5062343, 5668018, 5668019, 5062322, 6839204, 6063083, 5668034, 5517096, 5668030, 7778940, 1848161, 12696213, 10809081, 5668033, 998568, 998515, 5062320, 1257843, 5068732, 5068737, 5496625, 998605, 5668049, 5382356, 9945131, 5901649, 5668053, 5668054, 5668056, 5062333, 5668060, 5668062, 10693594, 5068730, 5668066, 5668067, 5668068, 5668072, 9945134, 5496630, 12172454, 5062686, 998567, 998583, 5062695, 5668076, 4944347, 1003763, 5466818, 5517561, 5517399, 998662, 5668087, 998660, 5668089, 5062718, 5062654, 5668013, 5668038, 998674, 998666, 998536, 5668039, 998659, 998624, 998544, 998527, 998569, 12879952, 5517594, 998532, 998603",dobrý,NA,NA,NA,NA,dobrý,chu,NA,1
CZ0214037,Rhinolophus hipposideros,POP_PRESENCE,ano,2012,6050c,NPP Kotýz,8800448,5177822,ano,val,ano,přítomnost druhu,ano,dobrý,chu,val,0
CZ0214037,Rhinolophus hipposideros,CELKOVE_HODNOCENI,NA,2012,6050c,NPP Kotýz,8800448,5177822,dobrý,NA,NA,NA,NA,dobrý,chu,NA,0
CZ0214042,Rhinolophus hipposideros,POP_PRESENCE,ano,2021,6348b,EVL Padrťsko,11777177,5061994,ano,val,ano,přítomnost druhu,ano,dobrý,chu,val,0
CZ0214042,Rhinolophus hipposideros,CELKOVE_HODNOCENI,NA,2021,6348b,EVL Padrťsko,11777177,5061994,dobrý,NA,NA,NA,NA,dobrý,chu,NA,0
CZ0314024,Rhinolophus hipposideros,POP_PRESENCE,ano,"2017, 2012, 2022, 2018, 2025, 2024","6847c, 96,""6746d"", 96,""6846d"", 96,""6847d"", 6847d, 6947b","341 92 Kašperské Hory, Kašperské Hory, Regio Plzeň CZ, 6746, 6846, 6847, 6847-344, 6847-433, Amálino údolí, Amálino údolí - štola A, Amálino údolí - štola Bedřich, Amálino údolí - štola Kristýna, Amálino údolí - štola Myší díra, Chalupa v osadě Jirkalov (k. ú. Stachy)., Kašperské Hory, Klatovy, Krkonošská národní park, CZ-PK, CZ, Rejštejn, Stachy, Stachy (Jirkalov), Červená 18, 341 92 Kašperské Hory, Česko","10285381, 9010936, 9010949, 9010950, 12515101, 12515119, 12515094, 8917824, 8524729, 8524730, 8524731, 8524794, 8524797, 8524814, 10587594, 14892142, 10287543, 11788209, 14090376, 10075694, 10287541","6557015, 1850846, 1349738, 1350058, 7038450, 8155972, 5385666, 5063962, 5063963, 5064005, 5064019, 6866490, 12010179, 6559045, 8350291, 11147319, 6318859, 6559043",ano,val,ano,přítomnost druhu,ano,dobrý,chu,val,0
CZ0314024,Rhinolophus hipposideros,CELKOVE_HODNOCENI,NA,"2017, 2012, 2022, 2018, 2025, 2024","6847c, 96,""6746d"", 96,""6846d"", 96,""6847d"", 6847d, 6947b","341 92 Kašperské Hory, Kašperské Hory, Regio Plzeň CZ, 6746, 6846, 6847, 6847-344, 6847-433, Amálino údolí, Amálino údolí - štola A, Amálino údolí - štola Bedřich, Amálino údolí - štola Kristýna, Amálino údolí - štola Myší díra, Chalupa v osadě Jirkalov (k. ú. Stachy)., Kašperské Hory, Klatovy, Krkonošská národní park, CZ-PK, CZ, Rejštejn, Stachy, Stachy (Jirkalov), Červená 18, 341 92 Kašperské Hory, Česko","10285381, 9010936, 9010949, 9010950, 12515101, 12515119, 12515094, 8917824, 8524729, 8524730, 8524731, 8524794, 8524797, 8524814, 10587594, 14892142, 10287543, 11788209, 14090376, 10075694, 10287541","6557015, 1850846, 1349738, 1350058, 7038450, 8155972, 5385666, 5063962, 5063963, 5064005, 5064019, 6866490, 12010179, 6559045, 8350291, 11147319, 6318859, 6559043",dobrý,NA,NA,NA,NA,dobrý,chu,NA,0
CZ0314124,Rhinolophus hipposideros,POP_PRESENCE,ano,"2012, 2013","96,""7051a"", 22,""7152a""","7051, EVL Blanský les (projekt JCK)","9010964, 9150602","1000466, 5496503",ano,val,ano,přítomnost druhu,ano,dobrý,chu,val,0
CZ0314124,Rhinolophus hipposideros,CELKOVE_HODNOCENI,NA,"2012, 2013","96,""7051a"", 22,""7152a""","7051, EVL Blanský les (projekt JCK)","9010964, 9150602","1000466, 5496503",dobrý,NA,NA,NA,NA,dobrý,chu,NA,0
CZ0320023,Rhinolophus hipposideros,POP_PRESENCE,ano,2019,6747b,štola,10575573,6856156,ano,val,ano,přítomnost druhu,ano,dobrý,chu,val,0
CZ0320023,Rhinolophus hipposideros,CELKOVE_HODNOCENI,NA,2019,6747b,štola,10575573,6856156,dobrý,NA,NA,NA,NA,dobrý,chu,NA,0
CZ0323648,Rhinolophus hipposideros,POP_PRESENCE,ano,2014,6747d,EVL Žihobce - zámek,9649124,9899763,ano,val,ano,přítomnost druhu,ano,dobrý,chu,val,0
CZ0323648,Rhinolophus hipposideros,CELKOVE_HODNOCENI,NA,2014,6747d,EVL Žihobce - zámek,9649124,9899763,dobrý,NA,NA,NA,NA,dobrý,chu,NA,0
CZ0420015,Rhinolophus hipposideros,POP_PRESENCE,ano,2023,5650a,PR Myslivna - transekt č. 4,12542700,9358791,ano,val,ano,přítomnost druhu,ano,dobrý,chu,val,0
CZ0420015,Rhinolophus hipposideros,CELKOVE_HODNOCENI,NA,2023,5650a,PR Myslivna - transekt č. 4,12542700,9358791,dobrý,NA,NA,NA,NA,dobrý,chu,NA,0
CZ0420021,Rhinolophus hipposideros,POP_PRESENCE,ano,2025,5545d,Hasištejn - sklepení hradu,15620341,5068724,ano,val,ano,přítomnost druhu,ano,dobrý,chu,val,0
CZ0420021,Rhinolophus hipposideros,CELKOVE_HODNOCENI,NA,2025,5545d,Hasištejn - sklepení hradu,15620341,5068724,dobrý,NA,NA,NA,NA,dobrý,chu,NA,0
CZ0420026,Rhinolophus hipposideros,POP_PRESENCE,ano,2013,5448d,NPR Bořeň,"9003714, 9003726, 9003733",1011443,ano,val,ano,přítomnost druhu,ano,dobrý,chu,val,0
CZ0420026,Rhinolophus hipposideros,CELKOVE_HODNOCENI,NA,2013,5448d,NPR Bořeň,"9003714, 9003726, 9003733",1011443,dobrý,NA,NA,NA,NA,dobrý,chu,NA,0
CZ0420416,Rhinolophus hipposideros,POP_PRESENCE,ano,2013,5449b,NPR Milešovka,"9005290, 9005306",1011441,ano,val,ano,přítomnost druhu,ano,dobrý,chu,val,0
CZ0420416,Rhinolophus hipposideros,CELKOVE_HODNOCENI,NA,2013,5449b,NPR Milešovka,"9005290, 9005306",1011441,dobrý,NA,NA,NA,NA,dobrý,chu,NA,0
CZ0420449,Rhinolophus hipposideros,POP_PRESENCE,ano,2013,"86,""5451b""",NPR Sedlo,"9005395, 9005402, 9005413",1011440,ano,val,ano,přítomnost druhu,ano,dobrý,chu,val,0
CZ0420449,Rhinolophus hipposideros,CELKOVE_HODNOCENI,NA,2013,"86,""5451b""",NPR Sedlo,"9005395, 9005402, 9005413",1011440,dobrý,NA,NA,NA,NA,dobrý,chu,NA,0
CZ0422075,Rhinolophus hipposideros,POP_PRESENCE,ano,2012,5449d,NPP Borečský vrch,"9003500, 9003511, 9003583, 9003584",1005604,ano,val,ano,přítomnost druhu,ano,dobrý,chu,val,0
CZ0422075,Rhinolophus hipposideros,CELKOVE_HODNOCENI,NA,2012,5449d,NPP Borečský vrch,"9003500, 9003511, 9003583, 9003584",1005604,dobrý,NA,NA,NA,NA,dobrý,chu,NA,0
CZ0423224,Rhinolophus hipposideros,POP_PRESENCE,ano,"2025, 2024",5451a,"Zámek Ploskovice - podzemní štola s potokem, Zámek Ploskovice – grotty a sklepení, Zámek Ploskovice – věž (kopule)","15620715, 14119424, 15620932","9874646, 11876425, 11876426",ano,val,ano,přítomnost druhu,ano,dobrý,chu,val,0
CZ0423224,Rhinolophus hipposideros,CELKOVE_HODNOCENI,NA,"2025, 2024",5451a,"Zámek Ploskovice - podzemní štola s potokem, Zámek Ploskovice – grotty a sklepení, Zámek Ploskovice – věž (kopule)","15620715, 14119424, 15620932","9874646, 11876425, 11876426",dobrý,NA,NA,NA,NA,dobrý,chu,NA,0
CZ0424031,Rhinolophus hipposideros,POP_PRESENCE,ano,"2012, 2024, 2023, 2022, 2025","96,""5151d"", 5151b, 5152a","5151, Hřensko, NP České Švýcarsko, Vysoká Lípa - Zámeček, Vysoká Lípa – Zámeček – bývalá hájovna","9009787, 12825006, 13112674, 13112749, 13112787, 13112863, 13112906, 11932282, 15620854","1802038, 9663104, 10200092, 8562898, 6062835",ano,val,ano,přítomnost druhu,ano,dobrý,chu,val,0
CZ0424031,Rhinolophus hipposideros,CELKOVE_HODNOCENI,NA,"2012, 2024, 2023, 2022, 2025","96,""5151d"", 5151b, 5152a","5151, Hřensko, NP České Švýcarsko, Vysoká Lípa - Zámeček, Vysoká Lípa – Zámeček – bývalá hájovna","9009787, 12825006, 13112674, 13112749, 13112787, 13112863, 13112906, 11932282, 15620854","1802038, 9663104, 10200092, 8562898, 6062835",dobrý,NA,NA,NA,NA,dobrý,chu,NA,0
CZ0424037,Rhinolophus hipposideros,POP_PRESENCE,ano,2013,5450c,NPR Lovoš,9005467,1818401,ano,val,ano,přítomnost druhu,ano,dobrý,chu,val,0
CZ0424037,Rhinolophus hipposideros,CELKOVE_HODNOCENI,NA,2013,5450c,NPR Lovoš,9005467,1818401,dobrý,NA,NA,NA,NA,dobrý,chu,NA,0
CZ0424039,Rhinolophus hipposideros,POP_PRESENCE,ano,2013,5548d,NPR Oblík,9003324,5398886,ano,val,ano,přítomnost druhu,ano,dobrý,chu,val,0
CZ0424039,Rhinolophus hipposideros,CELKOVE_HODNOCENI,NA,2013,5548d,NPR Oblík,9003324,5398886,dobrý,NA,NA,NA,NA,dobrý,chu,NA,0
CZ0424111,Rhinolophus hipposideros,POP_PRESENCE,ano,"2019, 2023, 2026, 2024, 2018, 2015, 2021, 2025, 2022, 2017","5151a, 5151c, 47,""5151c""","Bivaková Jeskyně, Bivaková jeskyně, NPR Kaňon Labe, Cipískova jeskyně, Cipískova jeskyně, NPR Kaňon Labe, Dámská, Dámská jeskyně, Dámská jeskyně, NPR Kaňon Labe, Hřensko, Hřensko, jeskyně Pŕátelství, Hřensko. Mechova jeskyně, Jeskyně Nadějí, Jeskyně Otto Mörtzsche (Liščí nora), NPR Kaňon Labe, Jeskyně Přátel Přírody, Jeskyně Přátel přírody, Jeskyně Přátelství, Jeskyně nadějí, NPR Kaňon Labe, Jeskyně přátel přírody, NPR Kaňon Labe, Kaňon Labe, Krakonošova, Krakonošova jeskyně, Krakonošova jeskyně, NPR Kaňon Labe, Lesní díra, NPR Kaňon Labe, Loupežnická - Pytlácká jeskyně, NPR Kaňon Labe, Loupežnická j., Loupežnická jeskyně, Loupežnická jeskyně, NPR Kaňon Labe, Mechová, Mechová jeskyně, Mechová jeskyně, NPR Kaňon Labe, Máslová díra, Máslová díra, NPR Kaňon Labe, NPR Kaňon Labe, NPR Kaňon Labe - Mechová jeskyně, NPR Kaňon Labe, Cipískova jeskyne, NPR Kaňon Labe, Dámská jeskyně, NPR Kaňon Labe, jeskyně Přátel prirody, NPR Kaňon Labe.  Cipískova jeskyně, NPR Kaňon Labe.  Krakonošova jeskyně, NPR Kaňon Labe.  Mechová jeskyně, NPR Kaňon Labe.  Netopýří jeskyně, NPR Kaňon Labe.  Stelzigova jeskyně, NPR Kaňon Labe.  jeskyně  nadějí, NPR Kaňon Labe.  jeskyně přátel přírody, NPR Kaňon Labe.  loupežnická jeskyně, NPR Kaňon Labe. Dámská jeskyně, NPR Kaňon Labe. Netopýří jeskyně, NPR Kaňon Labe. jeskyně Nadějí, NPR Kaňon Labe. jeskyně Přátel přírody, NPR Kaňon Labe. krakonošova jeskyně, NPR Kaňon Labe.jeskyne Nadějí, Nadějí, Netopýří j., Netopýří jeskyně, Netopýří jeskyně, NPR Kaňon Labe, Pytlácká jeskyně, Pytlácká jeskyně, NPR Kaňon Labe, Přátel přírody, Stelzigova jeskyně, Stelzigova jeskyně, NPR Kaňon Labe, jeskyně Krakonošova a j. Netopýří, kaňon Labe","10867488, 10581407, 12227406, 10550396, 12244388, 10867502, 10576231, 15597875, 12227077, 12795118, 10867497, 10541907, 10867500, 9547207, 12244319, 10576230, 10576232, 11478372, 12244345, 13770372, 10576223, 10541911, 10543146, 12244314, 13821740, 10554647, 12244281, 11739470, 10581405, 10867494, 10576227, 12820662, 13730574, 13820118, 12808732, 12808733, 15596364, 15568165, 15552020, 12808731, 15541227, 15583319, 15583318, 15595510, 13455683, 15568164, 13455685, 13455684, 12808730, 12808734, 12244403, 12244282, 13770371, 10576224, 10867506, 10554644, 12244423, 13446793, 10543155, 10069478, 12956732","7182907, 6859985, 8951829, 6311121, 8977895, 7182916, 6830501, 12954099, 8951460, 9619825, 7182913, 6830498, 7182915, 5835806, 8977826, 6311124, 6311123, 7886442, 8977852, 10806211, 6311125, 6311135, 6831389, 8977821, 10848499, 6311122, 8977788, 8267819, 6311132, 7182912, 6856923, 9653147, 10765621, 10844470, 9640571, 9640572, 12951847, 12915192, 12905312, 9640570, 12892108, 12933696, 12933695, 12949385, 10693743, 12915191, 10693745, 10693744, 9640569, 9640573, 8977910, 8977789, 10806210, 6311126, 7182917, 6842765, 8977930, 10681933, 6312249, 6311082, 5061293",ano,val,ano,přítomnost druhu,ano,dobrý,chu,val,0
CZ0424111,Rhinolophus hipposideros,CELKOVE_HODNOCENI,NA,"2019, 2023, 2026, 2024, 2018, 2015, 2021, 2025, 2022, 2017","5151a, 5151c, 47,""5151c""","Bivaková Jeskyně, Bivaková jeskyně, NPR Kaňon Labe, Cipískova jeskyně, Cipískova jeskyně, NPR Kaňon Labe, Dámská, Dámská jeskyně, Dámská jeskyně, NPR Kaňon Labe, Hřensko, Hřensko, jeskyně Pŕátelství, Hřensko. Mechova jeskyně, Jeskyně Nadějí, Jeskyně Otto Mörtzsche (Liščí nora), NPR Kaňon Labe, Jeskyně Přátel Přírody, Jeskyně Přátel přírody, Jeskyně Přátelství, Jeskyně nadějí, NPR Kaňon Labe, Jeskyně přátel přírody, NPR Kaňon Labe, Kaňon Labe, Krakonošova, Krakonošova jeskyně, Krakonošova jeskyně, NPR Kaňon Labe, Lesní díra, NPR Kaňon Labe, Loupežnická - Pytlácká jeskyně, NPR Kaňon Labe, Loupežnická j., Loupežnická jeskyně, Loupežnická jeskyně, NPR Kaňon Labe, Mechová, Mechová jeskyně, Mechová jeskyně, NPR Kaňon Labe, Máslová díra, Máslová díra, NPR Kaňon Labe, NPR Kaňon Labe, NPR Kaňon Labe - Mechová jeskyně, NPR Kaňon Labe, Cipískova jeskyne, NPR Kaňon Labe, Dámská jeskyně, NPR Kaňon Labe, jeskyně Přátel prirody, NPR Kaňon Labe.  Cipískova jeskyně, NPR Kaňon Labe.  Krakonošova jeskyně, NPR Kaňon Labe.  Mechová jeskyně, NPR Kaňon Labe.  Netopýří jeskyně, NPR Kaňon Labe.  Stelzigova jeskyně, NPR Kaňon Labe.  jeskyně  nadějí, NPR Kaňon Labe.  jeskyně přátel přírody, NPR Kaňon Labe.  loupežnická jeskyně, NPR Kaňon Labe. Dámská jeskyně, NPR Kaňon Labe. Netopýří jeskyně, NPR Kaňon Labe. jeskyně Nadějí, NPR Kaňon Labe. jeskyně Přátel přírody, NPR Kaňon Labe. krakonošova jeskyně, NPR Kaňon Labe.jeskyne Nadějí, Nadějí, Netopýří j., Netopýří jeskyně, Netopýří jeskyně, NPR Kaňon Labe, Pytlácká jeskyně, Pytlácká jeskyně, NPR Kaňon Labe, Přátel přírody, Stelzigova jeskyně, Stelzigova jeskyně, NPR Kaňon Labe, jeskyně Krakonošova a j. Netopýří, kaňon Labe","10867488, 10581407, 12227406, 10550396, 12244388, 10867502, 10576231, 15597875, 12227077, 12795118, 10867497, 10541907, 10867500, 9547207, 12244319, 10576230, 10576232, 11478372, 12244345, 13770372, 10576223, 10541911, 10543146, 12244314, 13821740, 10554647, 12244281, 11739470, 10581405, 10867494, 10576227, 12820662, 13730574, 13820118, 12808732, 12808733, 15596364, 15568165, 15552020, 12808731, 15541227, 15583319, 15583318, 15595510, 13455683, 15568164, 13455685, 13455684, 12808730, 12808734, 12244403, 12244282, 13770371, 10576224, 10867506, 10554644, 12244423, 13446793, 10543155, 10069478, 12956732","7182907, 6859985, 8951829, 6311121, 8977895, 7182916, 6830501, 12954099, 8951460, 9619825, 7182913, 6830498, 7182915, 5835806, 8977826, 6311124, 6311123, 7886442, 8977852, 10806211, 6311125, 6311135, 6831389, 8977821, 10848499, 6311122, 8977788, 8267819, 6311132, 7182912, 6856923, 9653147, 10765621, 10844470, 9640571, 9640572, 12951847, 12915192, 12905312, 9640570, 12892108, 12933696, 12933695, 12949385, 10693743, 12915191, 10693745, 10693744, 9640569, 9640573, 8977910, 8977789, 10806210, 6311126, 7182917, 6842765, 8977930, 10681933, 6312249, 6311082, 5061293",dobrý,NA,NA,NA,NA,dobrý,chu,NA,0
CZ0424125,Rhinolophus hipposideros,POP_PRESENCE,ano,2023,5645a,"Lestkov, bývalý objekt rekreačního střediska, Lestkov, u vodní nádrže","12957258, 12957259","8787733, 8787734",ano,val,ano,přítomnost druhu,ano,dobrý,chu,val,0
CZ0424125,Rhinolophus hipposideros,CELKOVE_HODNOCENI,NA,2023,5645a,"Lestkov, bývalý objekt rekreačního střediska, Lestkov, u vodní nádrže","12957258, 12957259","8787733, 8787734",dobrý,NA,NA,NA,NA,dobrý,chu,NA,0
CZ0424127,Rhinolophus hipposideros,POP_PRESENCE,ano,"2012, 2014, 2019, 2016, 2017, 2021, 2020, 2015, 2022","96,""5249a"", 96,""5347a"", 96,""5348c"", 99,""5348a"", 5347d, 5446d, 5447a, 5349a, 5348a, 5348c, 75,""5347d""","5249, 5347, 5348, Buky na Bouřňáku, Buky pod Mikulovem, Dlouhá Louka - štola, Dlouhá Louka - štola, J od obce (u silnice na Osek), Drmaly, Hovězí skály, Jezeří - štola, Jezeří – odvodňovací štola pod zámkem, Jánský vrch - Jezeří, Krupka - štola 1 (""Stříbrná""), S od obce (rev.Knédl), Krupka - štola 3 (u borovice), S od obce (rev.Knédl), Loučná - štola, Loučná u lomu - štola, Mikulov - štola 2 (Sv. Kříže), J od obce, Mikulov - štola 3, Mikulov - štola 7 (Liščí), J od obce, Mikulov - štola 8, Nové Město u Mikulova, Osek - štola ""Pod Stropníkem"" (S od zast. ČD), Unčín u Krupky, VD Jirkov - Červený hrádek, Vlčí důl, zámek Jezeří a okolí, Štola jezeří","9010807, 9010813, 9010814, 10141040, 10141041, 11290208, 9643193, 10141048, 10141078, 8130249, 8528820, 10446492, 5610897, 5610896, 11777533, 10857522, 5610882, 11290568, 9628571, 11223601, 5605746, 5605747, 9643187, 12065822, 10141049, 10141035, 9929665, 11321838","1802110, 1307204, 1810429, 6072419, 5836465, 5062305, 1256372, 5836459, 5836460, 4951563, 5064825, 6692208, 1227553, 1227551, 7581961, 7171492, 1229771, 7581962, 1729273, 7581965, 4944378, 1258636, 8785443, 6078119, 5836466, 6178408, 7787001",ano,val,ano,přítomnost druhu,ano,dobrý,chu,val,0
CZ0424127,Rhinolophus hipposideros,CELKOVE_HODNOCENI,NA,"2012, 2014, 2019, 2016, 2017, 2021, 2020, 2015, 2022","96,""5249a"", 96,""5347a"", 96,""5348c"", 99,""5348a"", 5347d, 5446d, 5447a, 5349a, 5348a, 5348c, 75,""5347d""","5249, 5347, 5348, Buky na Bouřňáku, Buky pod Mikulovem, Dlouhá Louka - štola, Dlouhá Louka - štola, J od obce (u silnice na Osek), Drmaly, Hovězí skály, Jezeří - štola, Jezeří – odvodňovací štola pod zámkem, Jánský vrch - Jezeří, Krupka - štola 1 (""Stříbrná""), S od obce (rev.Knédl), Krupka - štola 3 (u borovice), S od obce (rev.Knédl), Loučná - štola, Loučná u lomu - štola, Mikulov - štola 2 (Sv. Kříže), J od obce, Mikulov - štola 3, Mikulov - štola 7 (Liščí), J od obce, Mikulov - štola 8, Nové Město u Mikulova, Osek - štola ""Pod Stropníkem"" (S od zast. ČD), Unčín u Krupky, VD Jirkov - Červený hrádek, Vlčí důl, zámek Jezeří a okolí, Štola jezeří","9010807, 9010813, 9010814, 10141040, 10141041, 11290208, 9643193, 10141048, 10141078, 8130249, 8528820, 10446492, 5610897, 5610896, 11777533, 10857522, 5610882, 11290568, 9628571, 11223601, 5605746, 5605747, 9643187, 12065822, 10141049, 10141035, 9929665, 11321838","1802110, 1307204, 1810429, 6072419, 5836465, 5062305, 1256372, 5836459, 5836460, 4951563, 5064825, 6692208, 1227553, 1227551, 7581961, 7171492, 1229771, 7581962, 1729273, 7581965, 4944378, 1258636, 8785443, 6078119, 5836466, 6178408, 7787001",dobrý,NA,NA,NA,NA,dobrý,chu,NA,0
CZ0424141,Rhinolophus hipposideros,POP_PRESENCE,ano,"2026, 2023, 2015, 2022, 2025, 2021, 2020","5251a, 5350b, 5350c","Děčín, Kvádrberk, Kvádrberk - štola, Loubí - štola, Loupežnická jeskyně, Olešnice - jeskyně, Olešnice u Svádova, Olešnice, PP Loupežnická jeskyně, PP Loupežnická jeskyně, PP Loupežnická jeskyně 2144, Prostřední Žleb, Ústecký","15567605, 12225809, 12956721, 9544820, 12494698, 12956672, 15574116, 15288654, 11298013, 10991531, 13445684, 15299328, 11580603","12914423, 8948902, 5061314, 5061296, 5480517, 5061310, 12923511, 9633798, 7675472, 1297831, 10679657, 8068842",ano,val,ano,přítomnost druhu,ano,dobrý,chu,val,0
CZ0424141,Rhinolophus hipposideros,CELKOVE_HODNOCENI,NA,"2026, 2023, 2015, 2022, 2025, 2021, 2020","5251a, 5350b, 5350c","Děčín, Kvádrberk, Kvádrberk - štola, Loubí - štola, Loupežnická jeskyně, Olešnice - jeskyně, Olešnice u Svádova, Olešnice, PP Loupežnická jeskyně, PP Loupežnická jeskyně, PP Loupežnická jeskyně 2144, Prostřední Žleb, Ústecký","15567605, 12225809, 12956721, 9544820, 12494698, 12956672, 15574116, 15288654, 11298013, 10991531, 13445684, 15299328, 11580603","12914423, 8948902, 5061314, 5061296, 5480517, 5061310, 12923511, 9633798, 7675472, 1297831, 10679657, 8068842",dobrý,NA,NA,NA,NA,dobrý,chu,NA,0
CZ0510164,Rhinolophus hipposideros,POP_PRESENCE,ano,"2025, 2021",5458c,"Kozlov, štola, Košov, Lomnice nad Popelkou","15620382, 11960702","10667064, 8626112",ano,val,ano,přítomnost druhu,ano,dobrý,chu,val,0
CZ0510164,Rhinolophus hipposideros,CELKOVE_HODNOCENI,NA,"2025, 2021",5458c,"Kozlov, štola, Košov, Lomnice nad Popelkou","15620382, 11960702","10667064, 8626112",dobrý,NA,NA,NA,NA,dobrý,chu,NA,0
CZ0510191,Rhinolophus hipposideros,POP_PRESENCE,ano,"2020, 2025, 2024, 2023, 2018","5457a, 5357c","Jeskyně Husova kaple, Jeskyně Postojna, Jeskyně Semikraska, Jeskyně pod Kalichem, Kalich a Pod Kalichem - transekt č. 1, Kalich a Pod Kalichem - transekt č. 2, Kalich a Pod Kalichem - transekt č. 4, Kalich a Pod Kalichem - transekt č. 6, Kalich a Pod Kalichem - transekt č. 7, Klokočí 14 (Tunčov), Kristova jeskyně - Klokočské skály, PR Klokočské skály, Postojná jeskyně, Pseudovrstevní jeskyně - Betlémské skály, Sloupová jeskyně - Klokočské skály, jeskyně Meta Menardi","11290318, 15620376, 15620569, 15288651, 13116360, 13116351, 13116355, 13116353, 13116356, 13116348, 13116364, 13116365, 15620870, 12256568, 10405758, 12256558, 12256559, 12256560, 12256571, 12256564, 15620363","7050227, 7050221, 7050233, 1337122, 10205918, 10205920, 10205924, 10205914, 10205916, 8787731, 9011152, 6677664, 6048108, 9011181, 9011146, 9011185",ano,val,ano,přítomnost druhu,ano,dobrý,chu,val,0
CZ0510191,Rhinolophus hipposideros,CELKOVE_HODNOCENI,NA,"2020, 2025, 2024, 2023, 2018","5457a, 5357c","Jeskyně Husova kaple, Jeskyně Postojna, Jeskyně Semikraska, Jeskyně pod Kalichem, Kalich a Pod Kalichem - transekt č. 1, Kalich a Pod Kalichem - transekt č. 2, Kalich a Pod Kalichem - transekt č. 4, Kalich a Pod Kalichem - transekt č. 6, Kalich a Pod Kalichem - transekt č. 7, Klokočí 14 (Tunčov), Kristova jeskyně - Klokočské skály, PR Klokočské skály, Postojná jeskyně, Pseudovrstevní jeskyně - Betlémské skály, Sloupová jeskyně - Klokočské skály, jeskyně Meta Menardi","11290318, 15620376, 15620569, 15288651, 13116360, 13116351, 13116355, 13116353, 13116356, 13116348, 13116364, 13116365, 15620870, 12256568, 10405758, 12256558, 12256559, 12256560, 12256571, 12256564, 15620363","7050227, 7050221, 7050233, 1337122, 10205918, 10205920, 10205924, 10205914, 10205916, 8787731, 9011152, 6677664, 6048108, 9011181, 9011146, 9011185",dobrý,NA,NA,NA,NA,dobrý,chu,NA,0
CZ0512100,Rhinolophus hipposideros,POP_PRESENCE,ano,2020,5452b,Tuhanec,11277765,7652214,ano,val,ano,přítomnost druhu,ano,dobrý,chu,val,0
CZ0512100,Rhinolophus hipposideros,CELKOVE_HODNOCENI,NA,2020,5452b,Tuhanec,11277765,7652214,dobrý,NA,NA,NA,NA,dobrý,chu,NA,0
CZ0513659,Rhinolophus hipposideros,POP_PRESENCE,ano,2014,5453b,Doksy,9648459,5378050,ano,val,ano,přítomnost druhu,ano,dobrý,chu,val,0
CZ0513659,Rhinolophus hipposideros,CELKOVE_HODNOCENI,NA,2014,5453b,Doksy,9648459,5378050,dobrý,NA,NA,NA,NA,dobrý,chu,NA,0
CZ0513662,Rhinolophus hipposideros,POP_PRESENCE,ano,2025,5254b,"Lemberk, Lemberk - zámek","15620788, 15620572","5378056, 5062991",ano,val,ano,přítomnost druhu,ano,dobrý,chu,val,0
CZ0513662,Rhinolophus hipposideros,CELKOVE_HODNOCENI,NA,2025,5254b,"Lemberk, Lemberk - zámek","15620788, 15620572","5378056, 5062991",dobrý,NA,NA,NA,NA,dobrý,chu,NA,0
CZ0513663,Rhinolophus hipposideros,POP_PRESENCE,ano,2022,5457c,EVL Podhájí - chalupa,"12068173, 12068272",9561120,ano,val,ano,přítomnost druhu,ano,dobrý,chu,val,0
CZ0513663,Rhinolophus hipposideros,CELKOVE_HODNOCENI,NA,2022,5457c,EVL Podhájí - chalupa,"12068173, 12068272",9561120,dobrý,NA,NA,NA,NA,dobrý,chu,NA,0
CZ0513665,Rhinolophus hipposideros,POP_PRESENCE,ano,2022,5253c,EVL Skalice u České Lípy,12495272,1215123,ano,val,ano,přítomnost druhu,ano,dobrý,chu,val,0
CZ0513665,Rhinolophus hipposideros,CELKOVE_HODNOCENI,NA,2022,5253c,EVL Skalice u České Lípy,12495272,1215123,dobrý,NA,NA,NA,NA,dobrý,chu,NA,0
CZ0514041,Rhinolophus hipposideros,POP_PRESENCE,ano,2025,5153d,Trávník u Cvikova - jeskyně Milštejn,15620504,5067780,ano,val,ano,přítomnost druhu,ano,dobrý,chu,val,0
CZ0514041,Rhinolophus hipposideros,CELKOVE_HODNOCENI,NA,2025,5153d,Trávník u Cvikova - jeskyně Milštejn,15620504,5067780,dobrý,NA,NA,NA,NA,dobrý,chu,NA,0
CZ0514042,Rhinolophus hipposideros,POP_PRESENCE,ano,2012,"96,""5353c""",5353,9010816,1790501,ano,val,ano,přítomnost druhu,ano,dobrý,chu,val,0
CZ0514042,Rhinolophus hipposideros,CELKOVE_HODNOCENI,NA,2012,"96,""5353c""",5353,9010816,1790501,dobrý,NA,NA,NA,NA,dobrý,chu,NA,0
CZ0514113,Rhinolophus hipposideros,POP_PRESENCE,ano,"2025, 2021, 2020, 2017, 2015","5457c, 5457a, 99,""5457c""","Hrubá Skála, Hrubá Skála - zámek, Jeskyně U Hlavatice, Karlovice, Podsemín, Věžák","15620631, 15620875, 11777173, 11292677, 10087787, 9649133","5378076, 5068320, 5062039, 7667867, 5378075, 5382020",ano,val,ano,přítomnost druhu,ano,dobrý,chu,val,0
CZ0514113,Rhinolophus hipposideros,CELKOVE_HODNOCENI,NA,"2025, 2021, 2020, 2017, 2015","5457c, 5457a, 99,""5457c""","Hrubá Skála, Hrubá Skála - zámek, Jeskyně U Hlavatice, Karlovice, Podsemín, Věžák","15620631, 15620875, 11777173, 11292677, 10087787, 9649133","5378076, 5068320, 5062039, 7667867, 5378075, 5382020",dobrý,NA,NA,NA,NA,dobrý,chu,NA,0
CZ0514243,Rhinolophus hipposideros,POP_PRESENCE,ano,"2022, 2025",5454c,"Bezděz jeskyně, Paledová jeskyně Na Bezdězu","12956617, 15288646, 15288656","5379528, 6048111",ano,val,ano,přítomnost druhu,ano,dobrý,chu,val,0
CZ0514243,Rhinolophus hipposideros,CELKOVE_HODNOCENI,NA,"2022, 2025",5454c,"Bezděz jeskyně, Paledová jeskyně Na Bezdězu","12956617, 15288646, 15288656","5379528, 6048111",dobrý,NA,NA,NA,NA,dobrý,chu,NA,0
CZ0514667,Rhinolophus hipposideros,POP_PRESENCE,ano,"2013, 2025",5255a,"Jitrava - PR Velký Vápenný - Západní jeskyně, Jítrava,Západní jeskyně","8901481, 15620543","1336567, 5062036",ano,val,ano,přítomnost druhu,ano,dobrý,chu,val,0
CZ0514667,Rhinolophus hipposideros,CELKOVE_HODNOCENI,NA,"2013, 2025",5255a,"Jitrava - PR Velký Vápenný - Západní jeskyně, Jítrava,Západní jeskyně","8901481, 15620543","1336567, 5062036",dobrý,NA,NA,NA,NA,dobrý,chu,NA,0
CZ0514668,Rhinolophus hipposideros,POP_PRESENCE,ano,"2019, 2025","5256c, 5255d","Malá Basa - jeskyně, Malá Basa - propast, Vápenice","11223263, 15620304, 10767945","5062029, 9238855, 1233946",ano,val,ano,přítomnost druhu,ano,dobrý,chu,val,0
CZ0514668,Rhinolophus hipposideros,CELKOVE_HODNOCENI,NA,"2019, 2025","5256c, 5255d","Malá Basa - jeskyně, Malá Basa - propast, Vápenice","11223263, 15620304, 10767945","5062029, 9238855, 1233946",dobrý,NA,NA,NA,NA,dobrý,chu,NA,0
CZ0514670,Rhinolophus hipposideros,POP_PRESENCE,ano,2020,"45,""5352d"", 56,""5352d""","PR Vlhošť 1908, PR Vlhošť- Detektor 7","11234810, 11246128","5355869, 7612662",ano,val,ano,přítomnost druhu,ano,dobrý,chu,val,0
CZ0514670,Rhinolophus hipposideros,CELKOVE_HODNOCENI,NA,2020,"45,""5352d"", 56,""5352d""","PR Vlhošť 1908, PR Vlhošť- Detektor 7","11234810, 11246128","5355869, 7612662",dobrý,NA,NA,NA,NA,dobrý,chu,NA,0
CZ0520518,Rhinolophus hipposideros,POP_PRESENCE,ano,2013,"4,""5463d"", 45,""5463d""","NPP Polické stěny 5325, NPR Broumovské stěny","9015094, 8915904, 8915908","5405071, 1011466",ano,val,ano,přítomnost druhu,ano,dobrý,chu,val,0
CZ0520518,Rhinolophus hipposideros,CELKOVE_HODNOCENI,NA,2013,"4,""5463d"", 45,""5463d""","NPP Polické stěny 5325, NPR Broumovské stěny","9015094, 8915904, 8915908","5405071, 1011466",dobrý,NA,NA,NA,NA,dobrý,chu,NA,0
CZ0520519,Rhinolophus hipposideros,POP_PRESENCE,ano,2013,"73,""5462b""",NPR Adršpašsko-teplické skály 2401,8917494,1262315,ano,val,ano,přítomnost druhu,ano,dobrý,chu,val,0
CZ0520519,Rhinolophus hipposideros,CELKOVE_HODNOCENI,NA,2013,"73,""5462b""",NPR Adršpašsko-teplické skály 2401,8917494,1262315,dobrý,NA,NA,NA,NA,dobrý,chu,NA,0
CZ0520604,Rhinolophus hipposideros,POP_PRESENCE,ano,"2018, 2025, 2014, 2023",5864a,"Erzloch, KÚ: Nebeská Rybná, Orlické hory, štola Erzloch, Popelov - štola Erzloch, Popelov – štola Erzloch","10279137, 11189614, 15587417, 9173423, 12820083","6329800, 7528015, 5691722, 5518014, 6329936",ano,val,ano,přítomnost druhu,ano,dobrý,chu,val,0
CZ0520604,Rhinolophus hipposideros,CELKOVE_HODNOCENI,NA,"2018, 2025, 2014, 2023",5864a,"Erzloch, KÚ: Nebeská Rybná, Orlické hory, štola Erzloch, Popelov - štola Erzloch, Popelov – štola Erzloch","10279137, 11189614, 15587417, 9173423, 12820083","6329800, 7528015, 5691722, 5518014, 6329936",dobrý,NA,NA,NA,NA,dobrý,chu,NA,0
CZ0523009,Rhinolophus hipposideros,POP_PRESENCE,ano,"2023, 2025",5863c,"EVL Zámek v Kostelci nad Orlicí, Kostelec nad Orlicí - sklep pod zámeckým skleníkem","12956693, 15620674","9892831, 5061318",ano,val,ano,přítomnost druhu,ano,dobrý,chu,val,0
CZ0523009,Rhinolophus hipposideros,CELKOVE_HODNOCENI,NA,"2023, 2025",5863c,"EVL Zámek v Kostelci nad Orlicí, Kostelec nad Orlicí - sklep pod zámeckým skleníkem","12956693, 15620674","9892831, 5061318",dobrý,NA,NA,NA,NA,dobrý,chu,NA,0
CZ0523288,Rhinolophus hipposideros,POP_PRESENCE,ano,2016,5661d,"Ptačí park Josefovské louky, vstupní areál",13111098,10197660,ano,val,ano,přítomnost druhu,ano,dobrý,chu,val,0
CZ0523288,Rhinolophus hipposideros,CELKOVE_HODNOCENI,NA,2016,5661d,"Ptačí park Josefovské louky, vstupní areál",13111098,10197660,dobrý,NA,NA,NA,NA,dobrý,chu,NA,0
CZ0523669,Rhinolophus hipposideros,POP_PRESENCE,ano,2017,5560b,EVL Bílá Třemešná,10729314,9713669,ano,val,ano,přítomnost druhu,ano,dobrý,chu,val,0
CZ0523669,Rhinolophus hipposideros,CELKOVE_HODNOCENI,NA,2017,5560b,EVL Bílá Třemešná,10729314,9713669,dobrý,NA,NA,NA,NA,dobrý,chu,NA,0
CZ0523675,Rhinolophus hipposideros,POP_PRESENCE,ano,"2022, 2025",5658a,"EVL Jičíněves - zámek, Jičíněves","12068230, 15620732","9874511, 5378083",ano,val,ano,přítomnost druhu,ano,dobrý,chu,val,0
CZ0523675,Rhinolophus hipposideros,CELKOVE_HODNOCENI,NA,"2022, 2025",5658a,"EVL Jičíněves - zámek, Jičíněves","12068230, 15620732","9874511, 5378083",dobrý,NA,NA,NA,NA,dobrý,chu,NA,0
CZ0523676,Rhinolophus hipposideros,POP_PRESENCE,ano,"2025, 2026, 2024, 2014",5661d,"EVL Josefov - pevnost, EVL Josefov - pevnost, Jaroměř, Bastion IV - SZ kasemata a chodba, EVL Josefov - pevnost, Jaroměř, Bastion XII, EVL Josefov - pevnost, Jaroměř, Předbastion VIII, podzemní chodby, EVL Josefov - pevnost, Jaroměř, Sklepy pod Zbrojnicí, EVL Josefov - pevnost, Josefov u Jaroměře, Okružní 245, EVL Josefov - pevnost, Josefov u Jaroměře, Okružní 34, EVL Josefov - pevnost, Josefov u Jaroměře, Zdeňka Němečka 178, Josefov u Jaroměře, Josefov u Jaroměře Předbastion VI, Josefov u Jaroměře Ravelin XIV, Josefov u Jaroměře, Bastion IV, SZ (galerie soch a chodba), Josefov u Jaroměře, Předbastion VI, Josefov, pevnost - přístupná část (EVL)","14931314, 13825265, 15602338, 15577334, 15621018, 15071458, 15071459, 15071461, 13062474, 13062475, 13062476, 13732231, 15602347, 15602341, 15602348, 10091720","1215093, 10857198, 12697211, 10857840, 12985175, 12264680, 12264719, 12264724, 7167754, 10769327, 10769295, 12697133, 10102709, 6333365",ano,val,ano,přítomnost druhu,ano,dobrý,chu,val,0
CZ0523676,Rhinolophus hipposideros,CELKOVE_HODNOCENI,NA,"2025, 2026, 2024, 2014",5661d,"EVL Josefov - pevnost, EVL Josefov - pevnost, Jaroměř, Bastion IV - SZ kasemata a chodba, EVL Josefov - pevnost, Jaroměř, Bastion XII, EVL Josefov - pevnost, Jaroměř, Předbastion VIII, podzemní chodby, EVL Josefov - pevnost, Jaroměř, Sklepy pod Zbrojnicí, EVL Josefov - pevnost, Josefov u Jaroměře, Okružní 245, EVL Josefov - pevnost, Josefov u Jaroměře, Okružní 34, EVL Josefov - pevnost, Josefov u Jaroměře, Zdeňka Němečka 178, Josefov u Jaroměře, Josefov u Jaroměře Předbastion VI, Josefov u Jaroměře Ravelin XIV, Josefov u Jaroměře, Bastion IV, SZ (galerie soch a chodba), Josefov u Jaroměře, Předbastion VI, Josefov, pevnost - přístupná část (EVL)","14931314, 13825265, 15602338, 15577334, 15621018, 15071458, 15071459, 15071461, 13062474, 13062475, 13062476, 13732231, 15602347, 15602341, 15602348, 10091720","1215093, 10857198, 12697211, 10857840, 12985175, 12264680, 12264719, 12264724, 7167754, 10769327, 10769295, 12697133, 10102709, 6333365",dobrý,NA,NA,NA,NA,dobrý,chu,NA,0
CZ0523677,Rhinolophus hipposideros,POP_PRESENCE,ano,2025,5556b,"Kost, Kost - hrad","15620731, 15620357","5378062, 5062987",ano,val,ano,přítomnost druhu,ano,dobrý,chu,val,0
CZ0523677,Rhinolophus hipposideros,CELKOVE_HODNOCENI,NA,2025,5556b,"Kost, Kost - hrad","15620731, 15620357","5378062, 5062987",dobrý,NA,NA,NA,NA,dobrý,chu,NA,0
CZ0523680,Rhinolophus hipposideros,POP_PRESENCE,ano,"2026, 2024, 2023",5563c,"Dobrošov, Dobrošov - Pevnost Dobrošov, EVL Pevnost Dobrošov","15567733, 14119098, 12956708","12914612, 1849578, 9892621",ano,val,ano,přítomnost druhu,ano,dobrý,chu,val,0
CZ0523680,Rhinolophus hipposideros,CELKOVE_HODNOCENI,NA,"2026, 2024, 2023",5563c,"Dobrošov, Dobrošov - Pevnost Dobrošov, EVL Pevnost Dobrošov","15567733, 14119098, 12956708","12914612, 1849578, 9892621",dobrý,NA,NA,NA,NA,dobrý,chu,NA,0
CZ0523682,Rhinolophus hipposideros,POP_PRESENCE,ano,"2017, 2025",5657a,"EVL Staré Hrady - zámek, Staré Hrady","10087301, 15620733","1215130, 5378084",ano,val,ano,přítomnost druhu,ano,dobrý,chu,val,0
CZ0523682,Rhinolophus hipposideros,CELKOVE_HODNOCENI,NA,"2017, 2025",5657a,"EVL Staré Hrady - zámek, Staré Hrady","10087301, 15620733","1215130, 5378084",dobrý,NA,NA,NA,NA,dobrý,chu,NA,0
CZ0523683,Rhinolophus hipposideros,POP_PRESENCE,ano,2020,5663d,EVL Štola Portál,13440392,9892686,ano,val,ano,přítomnost druhu,ano,dobrý,chu,val,0
CZ0523683,Rhinolophus hipposideros,CELKOVE_HODNOCENI,NA,2020,5663d,EVL Štola Portál,13440392,9892686,dobrý,NA,NA,NA,NA,dobrý,chu,NA,0
CZ0524044,Rhinolophus hipposideros,POP_PRESENCE,ano,"2024, 2012, 2018, 2023, 2013, 2016, 2017, 2025","5359b, 96,""5359c"", 5361a, 5360b, 5358b, 5359a, 5361c","295, Vrchlabí - Hořejší Vrchlabí, 5359, Herlíkovice - štoly, Herlíkovické štoly - dolní štola, Herlíkovické štoly - střední štola, Horní Albeřice – Albeřická jeskyně, Horní Maršov – jeskyně Trucovna, Horní Maršov – zámek, Poniklá – jeskyně, Strážné – štola, Údolí Jizerky (štoly), Žacléř","14934303, 14934304, 9010818, 10729322, 14934256, 12241173, 10729327, 10729328, 10729427, 10729339, 10729347, 14934258, 15567724","12071876, 1801376, 7050202, 12071829, 8967039, 7050203, 7050204, 7050285, 7050206, 7050207, 12071831, 12914603",ano,val,ano,přítomnost druhu,ano,dobrý,chu,val,0
CZ0524044,Rhinolophus hipposideros,CELKOVE_HODNOCENI,NA,"2024, 2012, 2018, 2023, 2013, 2016, 2017, 2025","5359b, 96,""5359c"", 5361a, 5360b, 5358b, 5359a, 5361c","295, Vrchlabí - Hořejší Vrchlabí, 5359, Herlíkovice - štoly, Herlíkovické štoly - dolní štola, Herlíkovické štoly - střední štola, Horní Albeřice – Albeřická jeskyně, Horní Maršov – jeskyně Trucovna, Horní Maršov – zámek, Poniklá – jeskyně, Strážné – štola, Údolí Jizerky (štoly), Žacléř","14934303, 14934304, 9010818, 10729322, 14934256, 12241173, 10729327, 10729328, 10729427, 10729339, 10729347, 14934258, 15567724","12071876, 1801376, 7050202, 12071829, 8967039, 7050203, 7050204, 7050285, 7050206, 7050207, 12071831, 12914603",dobrý,NA,NA,NA,NA,dobrý,chu,NA,0
CZ0530020,Rhinolophus hipposideros,POP_PRESENCE,ano,"2025, 2022","6265c, 18,""6265d""","Jeskyně Pod Mariánským obrazem, NPR Rohová","15620519, 12076907","5063545, 8797203",ano,val,ano,přítomnost druhu,ano,dobrý,chu,val,0
CZ0530020,Rhinolophus hipposideros,CELKOVE_HODNOCENI,NA,"2025, 2022","6265c, 18,""6265d""","Jeskyně Pod Mariánským obrazem, NPR Rohová","15620519, 12076907","5063545, 8797203",dobrý,NA,NA,NA,NA,dobrý,chu,NA,0
CZ0530028,Rhinolophus hipposideros,POP_PRESENCE,ano,2013,6064b,Lanšperk - jeskyně,8911243,5063542,ano,val,ano,přítomnost druhu,ano,dobrý,chu,val,0
CZ0530028,Rhinolophus hipposideros,CELKOVE_HODNOCENI,NA,2013,6064b,Lanšperk - jeskyně,8911243,5063542,dobrý,NA,NA,NA,NA,dobrý,chu,NA,0
CZ0530146,Rhinolophus hipposideros,POP_PRESENCE,ano,2022,5867a,Tvarožné díry,11919366,8521992,ano,val,ano,přítomnost druhu,ano,dobrý,chu,val,0
CZ0530146,Rhinolophus hipposideros,CELKOVE_HODNOCENI,NA,2022,5867a,Tvarožné díry,11919366,8521992,dobrý,NA,NA,NA,NA,dobrý,chu,NA,0
CZ0530500,Rhinolophus hipposideros,POP_PRESENCE,ano,"2023, 2026, 2012, 2021, 2025, 2019, 2018","6159b, 23,""6159b""","Lichnice - hrad, CHKO Železné hory, Lichnice - sklepení hradu, Lichnice, sklepení velké, CHKO Železné hory, NPR Lichnice-Kaňkovy hory 211, Podhradí, hrad Lichnice, CHKO Železné hory, Třemošnice, Třemošnice - Podhradí v Železných horách, CHKO Železné hory, hrad Lichnice, sklepení, zřícenina hradu Lichnice, CHKO Železné hory","12504499, 15547856, 15545120, 8907620, 11664468, 13828047, 10606480, 13826867, 10398567","9264867, 5479301, 12897272, 5379656, 8185893, 10863104, 6890634, 10860848, 6669057",ano,val,ano,přítomnost druhu,ano,dobrý,chu,val,0
CZ0530500,Rhinolophus hipposideros,CELKOVE_HODNOCENI,NA,"2023, 2026, 2012, 2021, 2025, 2019, 2018","6159b, 23,""6159b""","Lichnice - hrad, CHKO Železné hory, Lichnice - sklepení hradu, Lichnice, sklepení velké, CHKO Železné hory, NPR Lichnice-Kaňkovy hory 211, Podhradí, hrad Lichnice, CHKO Železné hory, Třemošnice, Třemošnice - Podhradí v Železných horách, CHKO Železné hory, hrad Lichnice, sklepení, zřícenina hradu Lichnice, CHKO Železné hory","12504499, 15547856, 15545120, 8907620, 11664468, 13828047, 10606480, 13826867, 10398567","9264867, 5479301, 12897272, 5379656, 8185893, 10863104, 6890634, 10860848, 6669057",dobrý,NA,NA,NA,NA,dobrý,chu,NA,0
CZ0533300,Rhinolophus hipposideros,POP_PRESENCE,ano,"2021, 2026",6060c,"Heřmanův Městec - ""lednice"" v zámeckém parku, Heřmanův Městec - sklep Lednice v zámeckém parku","11777288, 15547968","5067152, 5479314",ano,val,ano,přítomnost druhu,ano,dobrý,chu,val,0
CZ0533300,Rhinolophus hipposideros,CELKOVE_HODNOCENI,NA,"2021, 2026",6060c,"Heřmanův Městec - ""lednice"" v zámeckém parku, Heřmanův Městec - sklep Lednice v zámeckém parku","11777288, 15547968","5067152, 5479314",dobrý,NA,NA,NA,NA,dobrý,chu,NA,0
CZ0533684,Rhinolophus hipposideros,POP_PRESENCE,ano,"2012, 2013, 2026, 2025",6159d,"Běstvina - kostel, Běstvina - krypta kostela, Běstvina, krypta kostela, EVL Běstvina - krypta","8901853, 8906471, 15545122, 13451729","5375992, 5378886, 12897274, 9676314",ano,val,ano,přítomnost druhu,ano,dobrý,chu,val,0
CZ0533684,Rhinolophus hipposideros,CELKOVE_HODNOCENI,NA,"2012, 2013, 2026, 2025",6159d,"Běstvina - kostel, Běstvina - krypta kostela, Běstvina, krypta kostela, EVL Běstvina - krypta","8901853, 8906471, 15545122, 13451729","5375992, 5378886, 12897274, 9676314",dobrý,NA,NA,NA,NA,dobrý,chu,NA,0
CZ0533685,Rhinolophus hipposideros,POP_PRESENCE,ano,"2025, 2012, 2024, 2014, 2015",6263c,"Borová, Borová u Poličky (EVL), Borová u Poličky, kostel sv.Markéty, Kostel sv. Markéty, Kostel sv.Markéty","15345313, 8913907, 14119264, 9371444, 9548703","12746227, 5383428, 5917217, 5668115, 5836955",ano,val,ano,přítomnost druhu,ano,dobrý,chu,val,0
CZ0533685,Rhinolophus hipposideros,CELKOVE_HODNOCENI,NA,"2025, 2012, 2024, 2014, 2015",6263c,"Borová, Borová u Poličky (EVL), Borová u Poličky, kostel sv.Markéty, Kostel sv. Markéty, Kostel sv.Markéty","15345313, 8913907, 14119264, 9371444, 9548703","12746227, 5383428, 5917217, 5668115, 5836955",dobrý,NA,NA,NA,NA,dobrý,chu,NA,0
CZ0533687,Rhinolophus hipposideros,POP_PRESENCE,ano,2025,6062c,EVL Jeskyně Bětník,15620306,5938419,ano,val,ano,přítomnost druhu,ano,dobrý,chu,val,0
CZ0533687,Rhinolophus hipposideros,CELKOVE_HODNOCENI,NA,2025,6062c,EVL Jeskyně Bětník,15620306,5938419,dobrý,NA,NA,NA,NA,dobrý,chu,NA,0
CZ0533688,Rhinolophus hipposideros,POP_PRESENCE,ano,2025,6163c,EVL Jeskyně u Horního Újezda,15620397,5943320,ano,val,ano,přítomnost druhu,ano,dobrý,chu,val,0
CZ0533688,Rhinolophus hipposideros,CELKOVE_HODNOCENI,NA,2025,6163c,EVL Jeskyně u Horního Újezda,15620397,5943320,dobrý,NA,NA,NA,NA,dobrý,chu,NA,0
CZ0533693,Rhinolophus hipposideros,POP_PRESENCE,ano,2023,6159b,EVL Podolská a Páterova jeskyně,12956897,1215121,ano,val,ano,přítomnost druhu,ano,dobrý,chu,val,0
CZ0533693,Rhinolophus hipposideros,CELKOVE_HODNOCENI,NA,2023,6159b,EVL Podolská a Páterova jeskyně,12956897,1215121,dobrý,NA,NA,NA,NA,dobrý,chu,NA,0
CZ0610005,Rhinolophus hipposideros,POP_PRESENCE,ano,"2014, 2015, 2016, 2026, 2023",6464c,"Boží Požehnání, Boží požehnání, Štěpánov nad Svratkou, šachta Boží požehnání, šachta Boží požehnání a štola Bárov","9371135, 9173053, 9641655, 15593965, 12956847","5668000, 5517664, 5909872, 12946467, 5090775",ano,val,ano,přítomnost druhu,ano,dobrý,chu,val,0
CZ0610005,Rhinolophus hipposideros,CELKOVE_HODNOCENI,NA,"2014, 2015, 2016, 2026, 2023",6464c,"Boží Požehnání, Boží požehnání, Štěpánov nad Svratkou, šachta Boží požehnání, šachta Boží požehnání a štola Bárov","9371135, 9173053, 9641655, 15593965, 12956847","5668000, 5517664, 5909872, 12946467, 5090775",dobrý,NA,NA,NA,NA,dobrý,chu,NA,0
CZ0610179,Rhinolophus hipposideros,POP_PRESENCE,ano,2025,6961b,Pulkov - štola,15620486,5067529,ano,val,ano,přítomnost druhu,ano,dobrý,chu,val,0
CZ0610179,Rhinolophus hipposideros,CELKOVE_HODNOCENI,NA,2025,6961b,Pulkov - štola,15620486,5067529,dobrý,NA,NA,NA,NA,dobrý,chu,NA,0
CZ0620194,Rhinolophus hipposideros,POP_PRESENCE,ano,"2015, 2013",6564a,"EVL Čepičkův vrch a údolí Hodonínky, Čtyři Dvory","9822641, 8814460","6077920, 5356004",ano,val,ano,přítomnost druhu,ano,dobrý,chu,val,0
CZ0620194,Rhinolophus hipposideros,CELKOVE_HODNOCENI,NA,"2015, 2013",6564a,"EVL Čepičkův vrch a údolí Hodonínky, Čtyři Dvory","9822641, 8814460","6077920, 5356004",dobrý,NA,NA,NA,NA,dobrý,chu,NA,0
CZ0623016,Rhinolophus hipposideros,POP_PRESENCE,ano,2025,7166d,"Lednice - sklepy pod zámeckým skleníkem, Lednice - sklepy pod zámkem a Licht. jeskyně","15620349, 15620348","5061813, 5061811",ano,val,ano,přítomnost druhu,ano,dobrý,chu,val,0
CZ0623016,Rhinolophus hipposideros,CELKOVE_HODNOCENI,NA,2025,7166d,"Lednice - sklepy pod zámeckým skleníkem, Lednice - sklepy pod zámkem a Licht. jeskyně","15620349, 15620348","5061813, 5061811",dobrý,NA,NA,NA,NA,dobrý,chu,NA,0
CZ0623329,Rhinolophus hipposideros,POP_PRESENCE,ano,"2015, 2024",6564c,"Prudká č.p.257, Prudká č.p.257, areál papírny","9548649, 14119397","5836918, 5917309",ano,val,ano,přítomnost druhu,ano,dobrý,chu,val,0
CZ0623329,Rhinolophus hipposideros,CELKOVE_HODNOCENI,NA,"2015, 2024",6564c,"Prudká č.p.257, Prudká č.p.257, areál papírny","9548649, 14119397","5836918, 5917309",dobrý,NA,NA,NA,NA,dobrý,chu,NA,0
CZ0623707,Rhinolophus hipposideros,POP_PRESENCE,ano,2016,7061b,Jevišovice - starý zámek,9807864,5067538,ano,val,ano,přítomnost druhu,ano,dobrý,chu,val,0
CZ0623707,Rhinolophus hipposideros,CELKOVE_HODNOCENI,NA,2016,7061b,Jevišovice - starý zámek,9807864,5067538,dobrý,NA,NA,NA,NA,dobrý,chu,NA,0
CZ0623710,Rhinolophus hipposideros,POP_PRESENCE,ano,2021,6766a,Křtiny,11777630,5377513,ano,val,ano,přítomnost druhu,ano,dobrý,chu,val,0
CZ0623710,Rhinolophus hipposideros,CELKOVE_HODNOCENI,NA,2021,6766a,Křtiny,11777630,5377513,dobrý,NA,NA,NA,NA,dobrý,chu,NA,0
CZ0623717,Rhinolophus hipposideros,POP_PRESENCE,ano,2017,6962d,Tavíkovice,10087753,5379135,ano,val,ano,přítomnost druhu,ano,dobrý,chu,val,0
CZ0623717,Rhinolophus hipposideros,CELKOVE_HODNOCENI,NA,2017,6962d,Tavíkovice,10087753,5379135,dobrý,NA,NA,NA,NA,dobrý,chu,NA,0
CZ0623718,Rhinolophus hipposideros,POP_PRESENCE,ano,2025,7059d,"Uherčice, Uherčice - zámek","15620842, 15620484","5379146, 5061822",ano,val,ano,přítomnost druhu,ano,dobrý,chu,val,0
CZ0623718,Rhinolophus hipposideros,CELKOVE_HODNOCENI,NA,2025,7059d,"Uherčice, Uherčice - zámek","15620842, 15620484","5379146, 5061822",dobrý,NA,NA,NA,NA,dobrý,chu,NA,0
CZ0623719,Rhinolophus hipposideros,POP_PRESENCE,ano,2022,7160b,Vranov nad Dyjí - škola,12494714,5061825,ano,val,ano,přítomnost druhu,ano,dobrý,chu,val,0
CZ0623719,Rhinolophus hipposideros,CELKOVE_HODNOCENI,NA,2022,7160b,Vranov nad Dyjí - škola,12494714,5061825,dobrý,NA,NA,NA,NA,dobrý,chu,NA,0
CZ0624020,Rhinolophus hipposideros,POP_PRESENCE,ano,"2026, 2014, 2023, 2025, 2020, 2012, 2024, 2021",6866a,"Horní štola, NPP Stránská skála, Spodní štola, Stránská skála - dolní patro, Stránská skála - dolní štola, Stránská skála - hlavní štola, Stránská skála - hlavní štola (Atomák), Stránská skála - hlavní štoly, Stránská skála - horní patro, Stránská skála - horní patro štol, Stránská skála - horní štola, Stránská skála - štola proti nádraží, Stránská skála, Hlavní štola, Trnkova, Brno - Líšeň, západní štola","15546562, 9143964, 15546563, 12242638, 13771827, 12242658, 15620642, 15546564, 12242637, 10997915, 13771826, 15620643, 8521801, 12826033, 12826034, 11299796","12899075, 992047, 12899076, 8971105, 10808498, 8971125, 7665522, 12899077, 8971104, 7295802, 10808497, 7665523, 5062296, 9665996, 7768528",ano,val,ano,přítomnost druhu,ano,dobrý,chu,val,0
CZ0624020,Rhinolophus hipposideros,CELKOVE_HODNOCENI,NA,"2026, 2014, 2023, 2025, 2020, 2012, 2024, 2021",6866a,"Horní štola, NPP Stránská skála, Spodní štola, Stránská skála - dolní patro, Stránská skála - dolní štola, Stránská skála - hlavní štola, Stránská skála - hlavní štola (Atomák), Stránská skála - hlavní štoly, Stránská skála - horní patro, Stránská skála - horní patro štol, Stránská skála - horní štola, Stránská skála - štola proti nádraží, Stránská skála, Hlavní štola, Trnkova, Brno - Líšeň, západní štola","15546562, 9143964, 15546563, 12242638, 13771827, 12242658, 15620642, 15546564, 12242637, 10997915, 13771826, 15620643, 8521801, 12826033, 12826034, 11299796","12899075, 992047, 12899076, 8971105, 10808498, 8971125, 7665522, 12899077, 8971104, 7295802, 10808497, 7665523, 5062296, 9665996, 7768528",dobrý,NA,NA,NA,NA,dobrý,chu,NA,0
CZ0624065,Rhinolophus hipposideros,POP_PRESENCE,ano,"2017, 2025, 2022","6664b, 6664a","Květnice - propast, Květnice - Čtyřpatrová štola, Květnice - štola Královna, Květnice – jeskyně Pod křížem","10087534, 15620369, 15620370, 12494700","5068729, 5062301, 5062302, 5834893",ano,val,ano,přítomnost druhu,ano,dobrý,chu,val,0
CZ0624065,Rhinolophus hipposideros,CELKOVE_HODNOCENI,NA,"2017, 2025, 2022","6664b, 6664a","Květnice - propast, Květnice - Čtyřpatrová štola, Květnice - štola Královna, Květnice – jeskyně Pod křížem","10087534, 15620369, 15620370, 12494700","5068729, 5062301, 5062302, 5834893",dobrý,NA,NA,NA,NA,dobrý,chu,NA,0
CZ0624095,Rhinolophus hipposideros,POP_PRESENCE,ano,"2012, 2025, 2020","96,""7060c"", 7060c","7060, Bítov - hrad, Cornštejn - sklepy hradu","9010966, 15620487, 11290400","1850277, 5067530, 5061824",ano,val,ano,přítomnost druhu,ano,dobrý,chu,val,0
CZ0624095,Rhinolophus hipposideros,CELKOVE_HODNOCENI,NA,"2012, 2025, 2020","96,""7060c"", 7060c","7060, Bítov - hrad, Cornštejn - sklepy hradu","9010966, 15620487, 11290400","1850277, 5067530, 5061824",dobrý,NA,NA,NA,NA,dobrý,chu,NA,0
CZ0624096,Rhinolophus hipposideros,POP_PRESENCE,ano,"2012, 2025, 2023, 2015, 2018","96,""7161b"", 7161d, 7162c, 7161a, 7161c, 7160b, 7161b, 7162a","7161, Devět mlýnů - sklepy, Havraníky, Silnice bez názvu, Hradiště u Znojma, Králův stolec, Ledové sluje, Novohrádecký mlýn - sklep, Novohrádecký mlýn - štola, Nový Hrádek - sklepy, Podmolí, Podmolí – roubenka u lesní správy, Vranov nad Dyjí, Vranov nad Dyjí - zámek, chata NP Podyjí, Čertův mlýn - náhon, Čížov, Ledové sluje, jeskyně Nová, štola u Znojemské ú. n., štoly u Pivovarského potoka","9010970, 15620475, 12256363, 15620833, 14934276, 15620462, 15620476, 15620470, 15620471, 15620834, 15620835, 9648659, 15620474, 15620831, 14934277, 15620472, 13747529, 10730139, 10730140","1809665, 5067545, 9010428, 5379142, 12071849, 5061830, 5069784, 5061828, 5061829, 5379143, 7665484, 5379145, 5067544, 12071850, 5061831, 10780405, 5061833, 5061834",ano,val,ano,přítomnost druhu,ano,dobrý,chu,val,0
CZ0624096,Rhinolophus hipposideros,CELKOVE_HODNOCENI,NA,"2012, 2025, 2023, 2015, 2018","96,""7161b"", 7161d, 7162c, 7161a, 7161c, 7160b, 7161b, 7162a","7161, Devět mlýnů - sklepy, Havraníky, Silnice bez názvu, Hradiště u Znojma, Králův stolec, Ledové sluje, Novohrádecký mlýn - sklep, Novohrádecký mlýn - štola, Nový Hrádek - sklepy, Podmolí, Podmolí – roubenka u lesní správy, Vranov nad Dyjí, Vranov nad Dyjí - zámek, chata NP Podyjí, Čertův mlýn - náhon, Čížov, Ledové sluje, jeskyně Nová, štola u Znojemské ú. n., štoly u Pivovarského potoka","9010970, 15620475, 12256363, 15620833, 14934276, 15620462, 15620476, 15620470, 15620471, 15620834, 15620835, 9648659, 15620474, 15620831, 14934277, 15620472, 13747529, 10730139, 10730140","1809665, 5067545, 9010428, 5379142, 12071849, 5061830, 5069784, 5061828, 5061829, 5379143, 7665484, 5379145, 5067544, 12071850, 5061831, 10780405, 5061833, 5061834",dobrý,NA,NA,NA,NA,dobrý,chu,NA,0
CZ0624098,Rhinolophus hipposideros,POP_PRESENCE,ano,2025,7165d,Na Turoldu - jeskyně,15620350,5061820,ano,val,ano,přítomnost druhu,ano,dobrý,chu,val,0
CZ0624098,Rhinolophus hipposideros,CELKOVE_HODNOCENI,NA,2025,7165d,Na Turoldu - jeskyně,15620350,5061820,dobrý,NA,NA,NA,NA,dobrý,chu,NA,0
CZ0624099,Rhinolophus hipposideros,POP_PRESENCE,ano,"2012, 2013, 2025","96,""7166a"", 7166a, 7166d","7166, Bulhary (distr. Břeclav): rez. Křivé jezero, záp. od Křivého jezera, Lednice - umělá jeskyně","9010973, 8915088, 15620358","1809925, 1774295, 6062754",ano,val,ano,přítomnost druhu,ano,dobrý,chu,val,0
CZ0624099,Rhinolophus hipposideros,CELKOVE_HODNOCENI,NA,"2012, 2013, 2025","96,""7166a"", 7166a, 7166d","7166, Bulhary (distr. Břeclav): rez. Křivé jezero, záp. od Křivého jezera, Lednice - umělá jeskyně","9010973, 8915088, 15620358","1809925, 1774295, 6062754",dobrý,NA,NA,NA,NA,dobrý,chu,NA,0
CZ0624106,Rhinolophus hipposideros,POP_PRESENCE,ano,2015,7162b,Tvořihráz 2,9535786,5827391,ano,val,ano,přítomnost druhu,ano,dobrý,chu,val,0
CZ0624106,Rhinolophus hipposideros,CELKOVE_HODNOCENI,NA,2015,7162b,Tvořihráz 2,9535786,5827391,dobrý,NA,NA,NA,NA,dobrý,chu,NA,0
CZ0624119,Rhinolophus hipposideros,POP_PRESENCE,ano,2012,"96,""7267c""",7267,9010978,1722079,ano,val,ano,přítomnost druhu,ano,dobrý,chu,val,0
CZ0624119,Rhinolophus hipposideros,CELKOVE_HODNOCENI,NA,2012,"96,""7267c""",7267,9010978,1722079,dobrý,NA,NA,NA,NA,dobrý,chu,NA,0
CZ0624128,Rhinolophus hipposideros,POP_PRESENCE,ano,2014,"43,""6963b""",NPR Krumlovsko-rokytenské slepence,9143973,1009658,ano,val,ano,přítomnost druhu,ano,dobrý,chu,val,0
CZ0624128,Rhinolophus hipposideros,CELKOVE_HODNOCENI,NA,2014,"43,""6963b""",NPR Krumlovsko-rokytenské slepence,9143973,1009658,dobrý,NA,NA,NA,NA,dobrý,chu,NA,0
CZ0624130,Rhinolophus hipposideros,POP_PRESENCE,ano,"2021, 2012, 2016, 2026, 2025, 2023, 2020, 2019, 2024, 2022, 2018, 2017, 2014, 2013","6666c, 96,""6666a"", 96,""6766a"", 6766a, 6666b, 6666a, 31,""6666c"", 6566d, 6766c, 6566c, 6766d","37445, Habrůvka, 6666, 6766, Babice nad Svitavou, Babice nad Svitavou, 37445, Babická jeskyně, Balcarka, Balcarka - muzeum, Balcarka Muzeum a okolí, Barová jeskyně, Bertalánka, Bobrovského jeskyně, Býčí skála, Býčí skála - mimo monitoring, Býčí skála - transekt, Býčí skála - štola 1, Býčí skála - štola 2, Býčí skála, mimo základní monitoring, Císařská jeskyně, Dolní suchodolská jeskyně, Drobná jeskyně, Dámský závrt, Erichova jeskyně, Feryho tajná, Habrůvka, Habrůvka, 37445, Hedvábná - Meiselův závrt, Holštejnská jeskyně, Jedovnice, Salajna 94, Jeskyně Balcarka, Jeskyně Lidomorna, Jeskyně Mastný flek, Jeskyně Nad Švýcárnou, Jeskyně Netopýrka, Jeskyně Netopýrka, Ochoz u Brna, Jeskyně Pekárna, Ochoz u Brna, Jeskyně netopýrka - Ochoz u Brna, Jeskyně Štajgrovka, Jestřábka, Josefovská, Olomučany, Josefovské údolí - štola 1, Josefovské údolí - štola č. 2, Josefovské údolí - štola č. 4, Jáchymka, Jáchymka, Adamov - Adamov, Kalova jeskyně, Kalovy jeskyně, Kalovy propasti, Kalová díra, Kanibalka, Kanice, Kateřinská jeskyně, Kolíbky, Komínová jeskyně, Koudelkova propast, Koudelkova propast I, Koňská jáma, Králova jeskyně, KÚ: Sloup v Moravském krasu, Křtiny, Křížova jeskyně, Lidomorna, Lipovecká ventarola, Lipovecká ventarola, Jiná dimenze, Jeskyně pravěkých symbolů, Maiselův závrt, Malá Dratenická jeskyně, Malčina jeskyně, Mariánská jeskyně, Meiselův závrt, Málčina jeskyně, NPP Rudické propadání - letouni, NPR Habrůvecká bučina, NPR Habrůvecká bučina - letouni, NPR Hádecká planina, Netopýrka - jeskyně, Novoroční jeskyně, Nová Drátenická jeskyně, Nová Rasovna, Nová Rasovna - jeskyně, Němcova jeskyně 1, Němcova jeskyně 2, Ochoz u Brna, Ochoz u Brna, Adlerova jaskyně, Ochozská jeskyně, Ochozská jeskyně - Labyrint, Ochozská jeskyně - Stará Ochozská, Ostrov u Macochy, Ostrov u Macochy 67, Panáčkova jeskyně, Pekárna - jeskyně, Podhradní ponor, Propast U obrázku, Propasťovité bludiště, Propástka u Verunčiny jeskyně, Punkevní jeskyně, Punkevní jeskyně - chodba, Punkevní jeskyně - chodba a Macocha, Punkevní jeskyně - chodby, Punkevní jeskyně - tunel, Punkevní jeskyně - tunelová chodba, Pustožlebská zazděná, Pustožlebská zazděná jeskyně, Pustý žleb - odvodňovací štola, Pustý žleb, Suchdol, Rudice-Jedovnice, Rudická propast, Rudické propadání, Rudoleckého propast, Sadová, Adamov, Sloup, Sloup - Staré skály, Sloup - před dveřmi jeskyně, Sloup - spojovací chodba, Sloup, Staré skály, Sloupsko šošůvské jeskyně, Sloupsko-šošůvské jeskyně, Sloupsko-šošůvské jeskyně - Staré skály a Černá propast, Sloupsko-šošůvské jeskyně - ponor, levá strana, Sloupsko-šošůvské jeskyně - ponory, Sloupsko-šošůvské jeskyně - před vchodem, Sloupsko-šošůvské jeskyně - Černá propast, Sloupsko-šošůvské jeskyně, před vchodem, Sloupská jeskyně, Sloupské jeskyně, Smrtní jeskyně, Sonda pod Jedničkou, Společňák, Srnčí jeskyně, Stará Amaterská jeskyně, Stará Drátenická, Stará Drátenická jeskyně, Stará amatérská jeskyně, Dóm objevitelů, Staré skály, Suchdol v Moravském krasu - Němcova jeskyně, Suchdol v Moravském krasu - jeskyně Sedmnáctka, Suchožlebská zazděná jeskyně, Suchánkova propast, Umrlčí jeskyně, V Habříčku, Vavřinec, Vavřinec, Silnice Bez Názvu, Vavřinec, Silnice bez názvu, Vilémovice u Macochy, Výpustek, Větrná propast, chodba Punkvy u přístavu - bez vody, chodba Punkvy z Macochy - bez vody, jeskyne Lidomorna, jeskyně, jeskyně (Kateřinská) Ventarola, jeskyně 13C, jeskyně Arnoštka, jeskyně Balcarka, jeskyně Balcarka (bez muzea), jeskyně Balcarka - muzeum, jeskyně Bertalánka, jeskyně Bratří Nečasů, jeskyně Býčí skála, jeskyně Dagmar, jeskyně Daňkův žlíbek, jeskyně Dolina překvapení, jeskyně Hladomorna, jeskyně Horní v Chobotu, jeskyně Hospoda, jeskyně Jestřábka, jeskyně Jáchymka, jeskyně Kanibalka, jeskyně Komínová, jeskyně Koňská jáma, jeskyně Kravská díra, jeskyně Kůlna, jeskyně Lidomorna, jeskyně Liščí díra, jeskyně Malý Beran, jeskyně Malý lesík, jeskyně Mariánská, jeskyně Mastný flek, jeskyně Matalova vymodlená, jeskyně Michalka, jeskyně Michálka, jeskyně Na Technice, jeskyně Nad Švýcárnou, jeskyně Netopýrka, jeskyně Novoroční, jeskyně Nová Dimenze, jeskyně Nová Dratenická, jeskyně Nová Drátenická, jeskyně Nová Rasovna, jeskyně Němcova 1, jeskyně Němcova 2, jeskyně Němcova II, jeskyně Osmnáctka, jeskyně Pekárna, jeskyně Piková dáma, jeskyně Plánivy, jeskyně Pravěkých symbolů, jeskyně Pustožlebská zazděná, jeskyně S Oky, jeskyně SOky, jeskyně Sedmnáctka, jeskyně Silvestrovka, jeskyně Sonda pod Jedničkou, jeskyně Spirálka, jeskyně Stará Dratenická, jeskyně Stará Drátenická, jeskyně Stará drátenická, jeskyně Suchožlebská zazděná, jeskyně U tří síní, jeskyně V Buči, jeskyně V Habříčku, jeskyně V Panském klínku, jeskyně V Pánském klínku, jeskyně V lomu Velká Dohoda - střední patro, jeskyně V lomu Velká Dohoda - vodní propast, jeskyně Vavřinecké paleoponory, jeskyně Výpustek, jeskyně za bufetem, jeskyně Řečiště, jeskyně Šachta Adamováků, jeskyně Štajgrovka, jeskyněě Komínová, vstupní část Sloupsko-šošůvských j., Úmrlčí jeskyně, Černá propast, Čertova kazatelna, Říčky, Ochoz u Brna, jeskyně Pekárna, Šachta Adamováků, Štajgrova díra, Šámalíkovy jeskyně, štola 1, štola 2, štola Nad Švýcárnou (4), štola Za Švýcárnou, štola za Švýcarnou, štola za Švýcárnou, štola č. 1, štola č. 2, štola č. 4","11289352, 11289353, 9010929, 9010941, 9789059, 14934202, 15593935, 15620529, 12242662, 15620537, 12249117, 15620592, 11081478, 13821962, 15620644, 11731847, 10863582, 10863763, 12824303, 12824305, 11731415, 13749727, 15620556, 11725318, 12069325, 11741366, 13749722, 15620555, 11312049, 12481928, 12481880, 12501398, 15571664, 13451963, 13451964, 9663965, 10540154, 12957305, 15620709, 14974351, 15506139, 15506138, 10605683, 12495277, 15620649, 14934207, 10402010, 10402009, 10402008, 15620658, 15245016, 15509262, 15620530, 12804529, 15569206, 9809122, 15620650, 13115521, 13115550, 13115551, 13115552, 13749726, 15620557, 12792983, 13416054, 12494815, 13749715, 15620593, 11081474, 15569200, 15569205, 11189323, 12555543, 11740800, 14092772, 15620501, 13446406, 15530863, 11757266, 12824300, 13771830, 13446405, 14036441, 15620646, 13455221, 15620639, 9152927, 8915656, 9152953, 9143595, 15620638, 11757265, 12495278, 15620647, 15571666, 15620492, 10402015, 10402018, 13820234, 14100233, 12243745, 9807986, 15620636, 9920521, 13454169, 11258809, 15620637, 11736617, 11081476, 12247319, 13819554, 13731550, 11751207, 13749721, 12242659, 11731843, 12804521, 12042278, 15620536, 10542332, 13749717, 15565005, 15564996, 13412707, 13456820, 15620463, 14087721, 11289349, 11731411, 10854210, 15613390, 15613391, 10854211, 10864508, 10864507, 13749725, 15620554, 11751210, 11731845, 13749723, 13749724, 12817568, 13145965, 11453128, 9789060, 12799898, 11079419, 13455220, 12830182, 11255296, 11079418, 15620645, 9787613, 13138901, 13145966, 8198405, 8198403, 15620531, 13139451, 13390189, 11002291, 14087720, 10864502, 14092839, 12734185, 9787614, 9787615, 15620648, 12063788, 13777538, 13777540, 10997923, 11760719, 12968042, 13446886, 13446404, 15571661, 13749719, 13749720, 13749714, 11760622, 12249191, 14890529, 10148072, 14076767, 9809121, 12968041, 11079417, 14036445, 14087719, 15536300, 14036444, 15569201, 13731547, 14854032, 10148070, 12791601, 15571665, 11284432, 13390188, 12826044, 12249195, 13749716, 13114955, 12805759, 12241973, 11745620, 12249116, 13771828, 12501399, 13082887, 13082889, 14036442, 12249149, 13456821, 12242034, 12242035, 10542330, 10542331, 14092777, 13771829, 14100232, 15448864, 13451929, 13138900, 13082886, 13082888, 15571662, 12791596, 12799899, 13145967, 15535113, 13820709, 15620710, 11747014, 12247318, 13446850, 13776888, 12967732, 9809637, 15569204, 11258811, 12502069, 14036446, 11744532, 15565003, 9793056, 9793055, 11258812, 13456569, 13776887, 15468234, 15570244, 9796873, 11312051, 15552039, 11748756, 12791600, 12780245, 12791597, 12804522, 12839960, 13126497, 13137602, 11311710, 11757285, 12242368, 15002282, 11755555, 10148770, 11731414, 11731413, 11731412, 12824307, 15613386, 13776886, 12249118, 12249119, 12242633","7664523, 1286646, 1286649, 6047221, 12071775, 12946437, 5063522, 8971129, 8329146, 8992093, 5063516, 7382845, 10848721, 8253444, 7323593, 9660907, 9660909, 8252705, 10784908, 8242088, 8788924, 8270480, 10784903, 7784898, 9212000, 9211952, 9255727, 12920660, 10688917, 5928844, 6829166, 9874637, 8329139, 12129361, 12846218, 12846217, 6888967, 9238858, 5063535, 12071780, 6673429, 6673426, 6673423, 8329133, 12580936, 5063523, 9635888, 12916712, 6063948, 5063536, 10204188, 10784907, 9618531, 5063526, 10784896, 7382834, 12916706, 12916711, 7527729, 9389083, 8269688, 11151669, 10681126, 12878583, 8285950, 9660904, 10808501, 10681125, 10692511, 5062311, 5502931, 1818016, 5502949, 7598741, 5062310, 8285949, 5063533, 12920662, 5063520, 6673441, 6673480, 10844586, 11163975, 8976662, 5069776, 5062308, 6169303, 10691773, 7632477, 5062309, 8262720, 7382843, 8986489, 10842023, 10768648, 8281460, 10784902, 8971126, 8253440, 9635880, 8751516, 8329143, 6830855, 10784898, 12912153, 10634527, 10695804, 11142711, 7664520, 7167529, 12975776, 12975777, 7167530, 7179535, 7179534, 10784906, 8281463, 8253442, 10784904, 10784905, 9649628, 10252660, 7835056, 6047223, 9627643, 7379364, 10692510, 9674439, 7627776, 7379363, 5063531, 6882198, 10244539, 4977480, 4977478, 5063524, 10245601, 7300676, 11142710, 7179529, 11151736, 9544340, 6045635, 5063534, 8783510, 10817230, 10817232, 7295810, 8293285, 9901683, 10682026, 10681124, 12920657, 10784900, 10784901, 10784895, 8292957, 8992167, 12006490, 6379543, 11125583, 6063947, 9901682, 7379360, 11072207, 12885957, 11072206, 12916707, 10768645, 6379542, 9615168, 12920661, 7660174, 10608483, 9666007, 8992171, 10784897, 10202847, 9637085, 8968189, 8272636, 8992092, 10808499, 9255728, 10134707, 11072204, 8992125, 10695805, 8968250, 8968251, 6830852, 11151674, 10808500, 10688883, 10244538, 10134706, 12920658, 9615163, 12884368, 10845566, 8275738, 8986488, 10681990, 10815555, 9900677, 6064697, 12916710, 7632479, 9257356, 11072208, 8271975, 12912151, 6051227, 6051226, 7632480, 10695201, 12918626, 6054588, 7784899, 12905331, 8278813, 9615167, 9601805, 7784213, 8285969, 8969893, 12178630, 8283842, 6380627, 8252704, 8252703, 8252702, 9660911, 12975772, 10815553, 8992094, 8992095, 8971100",ano,val,ano,přítomnost druhu,ano,dobrý,chu,val,0
CZ0624130,Rhinolophus hipposideros,CELKOVE_HODNOCENI,NA,"2021, 2012, 2016, 2026, 2025, 2023, 2020, 2019, 2024, 2022, 2018, 2017, 2014, 2013","6666c, 96,""6666a"", 96,""6766a"", 6766a, 6666b, 6666a, 31,""6666c"", 6566d, 6766c, 6566c, 6766d","37445, Habrůvka, 6666, 6766, Babice nad Svitavou, Babice nad Svitavou, 37445, Babická jeskyně, Balcarka, Balcarka - muzeum, Balcarka Muzeum a okolí, Barová jeskyně, Bertalánka, Bobrovského jeskyně, Býčí skála, Býčí skála - mimo monitoring, Býčí skála - transekt, Býčí skála - štola 1, Býčí skála - štola 2, Býčí skála, mimo základní monitoring, Císařská jeskyně, Dolní suchodolská jeskyně, Drobná jeskyně, Dámský závrt, Erichova jeskyně, Feryho tajná, Habrůvka, Habrůvka, 37445, Hedvábná - Meiselův závrt, Holštejnská jeskyně, Jedovnice, Salajna 94, Jeskyně Balcarka, Jeskyně Lidomorna, Jeskyně Mastný flek, Jeskyně Nad Švýcárnou, Jeskyně Netopýrka, Jeskyně Netopýrka, Ochoz u Brna, Jeskyně Pekárna, Ochoz u Brna, Jeskyně netopýrka - Ochoz u Brna, Jeskyně Štajgrovka, Jestřábka, Josefovská, Olomučany, Josefovské údolí - štola 1, Josefovské údolí - štola č. 2, Josefovské údolí - štola č. 4, Jáchymka, Jáchymka, Adamov - Adamov, Kalova jeskyně, Kalovy jeskyně, Kalovy propasti, Kalová díra, Kanibalka, Kanice, Kateřinská jeskyně, Kolíbky, Komínová jeskyně, Koudelkova propast, Koudelkova propast I, Koňská jáma, Králova jeskyně, KÚ: Sloup v Moravském krasu, Křtiny, Křížova jeskyně, Lidomorna, Lipovecká ventarola, Lipovecká ventarola, Jiná dimenze, Jeskyně pravěkých symbolů, Maiselův závrt, Malá Dratenická jeskyně, Malčina jeskyně, Mariánská jeskyně, Meiselův závrt, Málčina jeskyně, NPP Rudické propadání - letouni, NPR Habrůvecká bučina, NPR Habrůvecká bučina - letouni, NPR Hádecká planina, Netopýrka - jeskyně, Novoroční jeskyně, Nová Drátenická jeskyně, Nová Rasovna, Nová Rasovna - jeskyně, Němcova jeskyně 1, Němcova jeskyně 2, Ochoz u Brna, Ochoz u Brna, Adlerova jaskyně, Ochozská jeskyně, Ochozská jeskyně - Labyrint, Ochozská jeskyně - Stará Ochozská, Ostrov u Macochy, Ostrov u Macochy 67, Panáčkova jeskyně, Pekárna - jeskyně, Podhradní ponor, Propast U obrázku, Propasťovité bludiště, Propástka u Verunčiny jeskyně, Punkevní jeskyně, Punkevní jeskyně - chodba, Punkevní jeskyně - chodba a Macocha, Punkevní jeskyně - chodby, Punkevní jeskyně - tunel, Punkevní jeskyně - tunelová chodba, Pustožlebská zazděná, Pustožlebská zazděná jeskyně, Pustý žleb - odvodňovací štola, Pustý žleb, Suchdol, Rudice-Jedovnice, Rudická propast, Rudické propadání, Rudoleckého propast, Sadová, Adamov, Sloup, Sloup - Staré skály, Sloup - před dveřmi jeskyně, Sloup - spojovací chodba, Sloup, Staré skály, Sloupsko šošůvské jeskyně, Sloupsko-šošůvské jeskyně, Sloupsko-šošůvské jeskyně - Staré skály a Černá propast, Sloupsko-šošůvské jeskyně - ponor, levá strana, Sloupsko-šošůvské jeskyně - ponory, Sloupsko-šošůvské jeskyně - před vchodem, Sloupsko-šošůvské jeskyně - Černá propast, Sloupsko-šošůvské jeskyně, před vchodem, Sloupská jeskyně, Sloupské jeskyně, Smrtní jeskyně, Sonda pod Jedničkou, Společňák, Srnčí jeskyně, Stará Amaterská jeskyně, Stará Drátenická, Stará Drátenická jeskyně, Stará amatérská jeskyně, Dóm objevitelů, Staré skály, Suchdol v Moravském krasu - Němcova jeskyně, Suchdol v Moravském krasu - jeskyně Sedmnáctka, Suchožlebská zazděná jeskyně, Suchánkova propast, Umrlčí jeskyně, V Habříčku, Vavřinec, Vavřinec, Silnice Bez Názvu, Vavřinec, Silnice bez názvu, Vilémovice u Macochy, Výpustek, Větrná propast, chodba Punkvy u přístavu - bez vody, chodba Punkvy z Macochy - bez vody, jeskyne Lidomorna, jeskyně, jeskyně (Kateřinská) Ventarola, jeskyně 13C, jeskyně Arnoštka, jeskyně Balcarka, jeskyně Balcarka (bez muzea), jeskyně Balcarka - muzeum, jeskyně Bertalánka, jeskyně Bratří Nečasů, jeskyně Býčí skála, jeskyně Dagmar, jeskyně Daňkův žlíbek, jeskyně Dolina překvapení, jeskyně Hladomorna, jeskyně Horní v Chobotu, jeskyně Hospoda, jeskyně Jestřábka, jeskyně Jáchymka, jeskyně Kanibalka, jeskyně Komínová, jeskyně Koňská jáma, jeskyně Kravská díra, jeskyně Kůlna, jeskyně Lidomorna, jeskyně Liščí díra, jeskyně Malý Beran, jeskyně Malý lesík, jeskyně Mariánská, jeskyně Mastný flek, jeskyně Matalova vymodlená, jeskyně Michalka, jeskyně Michálka, jeskyně Na Technice, jeskyně Nad Švýcárnou, jeskyně Netopýrka, jeskyně Novoroční, jeskyně Nová Dimenze, jeskyně Nová Dratenická, jeskyně Nová Drátenická, jeskyně Nová Rasovna, jeskyně Němcova 1, jeskyně Němcova 2, jeskyně Němcova II, jeskyně Osmnáctka, jeskyně Pekárna, jeskyně Piková dáma, jeskyně Plánivy, jeskyně Pravěkých symbolů, jeskyně Pustožlebská zazděná, jeskyně S Oky, jeskyně SOky, jeskyně Sedmnáctka, jeskyně Silvestrovka, jeskyně Sonda pod Jedničkou, jeskyně Spirálka, jeskyně Stará Dratenická, jeskyně Stará Drátenická, jeskyně Stará drátenická, jeskyně Suchožlebská zazděná, jeskyně U tří síní, jeskyně V Buči, jeskyně V Habříčku, jeskyně V Panském klínku, jeskyně V Pánském klínku, jeskyně V lomu Velká Dohoda - střední patro, jeskyně V lomu Velká Dohoda - vodní propast, jeskyně Vavřinecké paleoponory, jeskyně Výpustek, jeskyně za bufetem, jeskyně Řečiště, jeskyně Šachta Adamováků, jeskyně Štajgrovka, jeskyněě Komínová, vstupní část Sloupsko-šošůvských j., Úmrlčí jeskyně, Černá propast, Čertova kazatelna, Říčky, Ochoz u Brna, jeskyně Pekárna, Šachta Adamováků, Štajgrova díra, Šámalíkovy jeskyně, štola 1, štola 2, štola Nad Švýcárnou (4), štola Za Švýcárnou, štola za Švýcarnou, štola za Švýcárnou, štola č. 1, štola č. 2, štola č. 4","11289352, 11289353, 9010929, 9010941, 9789059, 14934202, 15593935, 15620529, 12242662, 15620537, 12249117, 15620592, 11081478, 13821962, 15620644, 11731847, 10863582, 10863763, 12824303, 12824305, 11731415, 13749727, 15620556, 11725318, 12069325, 11741366, 13749722, 15620555, 11312049, 12481928, 12481880, 12501398, 15571664, 13451963, 13451964, 9663965, 10540154, 12957305, 15620709, 14974351, 15506139, 15506138, 10605683, 12495277, 15620649, 14934207, 10402010, 10402009, 10402008, 15620658, 15245016, 15509262, 15620530, 12804529, 15569206, 9809122, 15620650, 13115521, 13115550, 13115551, 13115552, 13749726, 15620557, 12792983, 13416054, 12494815, 13749715, 15620593, 11081474, 15569200, 15569205, 11189323, 12555543, 11740800, 14092772, 15620501, 13446406, 15530863, 11757266, 12824300, 13771830, 13446405, 14036441, 15620646, 13455221, 15620639, 9152927, 8915656, 9152953, 9143595, 15620638, 11757265, 12495278, 15620647, 15571666, 15620492, 10402015, 10402018, 13820234, 14100233, 12243745, 9807986, 15620636, 9920521, 13454169, 11258809, 15620637, 11736617, 11081476, 12247319, 13819554, 13731550, 11751207, 13749721, 12242659, 11731843, 12804521, 12042278, 15620536, 10542332, 13749717, 15565005, 15564996, 13412707, 13456820, 15620463, 14087721, 11289349, 11731411, 10854210, 15613390, 15613391, 10854211, 10864508, 10864507, 13749725, 15620554, 11751210, 11731845, 13749723, 13749724, 12817568, 13145965, 11453128, 9789060, 12799898, 11079419, 13455220, 12830182, 11255296, 11079418, 15620645, 9787613, 13138901, 13145966, 8198405, 8198403, 15620531, 13139451, 13390189, 11002291, 14087720, 10864502, 14092839, 12734185, 9787614, 9787615, 15620648, 12063788, 13777538, 13777540, 10997923, 11760719, 12968042, 13446886, 13446404, 15571661, 13749719, 13749720, 13749714, 11760622, 12249191, 14890529, 10148072, 14076767, 9809121, 12968041, 11079417, 14036445, 14087719, 15536300, 14036444, 15569201, 13731547, 14854032, 10148070, 12791601, 15571665, 11284432, 13390188, 12826044, 12249195, 13749716, 13114955, 12805759, 12241973, 11745620, 12249116, 13771828, 12501399, 13082887, 13082889, 14036442, 12249149, 13456821, 12242034, 12242035, 10542330, 10542331, 14092777, 13771829, 14100232, 15448864, 13451929, 13138900, 13082886, 13082888, 15571662, 12791596, 12799899, 13145967, 15535113, 13820709, 15620710, 11747014, 12247318, 13446850, 13776888, 12967732, 9809637, 15569204, 11258811, 12502069, 14036446, 11744532, 15565003, 9793056, 9793055, 11258812, 13456569, 13776887, 15468234, 15570244, 9796873, 11312051, 15552039, 11748756, 12791600, 12780245, 12791597, 12804522, 12839960, 13126497, 13137602, 11311710, 11757285, 12242368, 15002282, 11755555, 10148770, 11731414, 11731413, 11731412, 12824307, 15613386, 13776886, 12249118, 12249119, 12242633","7664523, 1286646, 1286649, 6047221, 12071775, 12946437, 5063522, 8971129, 8329146, 8992093, 5063516, 7382845, 10848721, 8253444, 7323593, 9660907, 9660909, 8252705, 10784908, 8242088, 8788924, 8270480, 10784903, 7784898, 9212000, 9211952, 9255727, 12920660, 10688917, 5928844, 6829166, 9874637, 8329139, 12129361, 12846218, 12846217, 6888967, 9238858, 5063535, 12071780, 6673429, 6673426, 6673423, 8329133, 12580936, 5063523, 9635888, 12916712, 6063948, 5063536, 10204188, 10784907, 9618531, 5063526, 10784896, 7382834, 12916706, 12916711, 7527729, 9389083, 8269688, 11151669, 10681126, 12878583, 8285950, 9660904, 10808501, 10681125, 10692511, 5062311, 5502931, 1818016, 5502949, 7598741, 5062310, 8285949, 5063533, 12920662, 5063520, 6673441, 6673480, 10844586, 11163975, 8976662, 5069776, 5062308, 6169303, 10691773, 7632477, 5062309, 8262720, 7382843, 8986489, 10842023, 10768648, 8281460, 10784902, 8971126, 8253440, 9635880, 8751516, 8329143, 6830855, 10784898, 12912153, 10634527, 10695804, 11142711, 7664520, 7167529, 12975776, 12975777, 7167530, 7179535, 7179534, 10784906, 8281463, 8253442, 10784904, 10784905, 9649628, 10252660, 7835056, 6047223, 9627643, 7379364, 10692510, 9674439, 7627776, 7379363, 5063531, 6882198, 10244539, 4977480, 4977478, 5063524, 10245601, 7300676, 11142710, 7179529, 11151736, 9544340, 6045635, 5063534, 8783510, 10817230, 10817232, 7295810, 8293285, 9901683, 10682026, 10681124, 12920657, 10784900, 10784901, 10784895, 8292957, 8992167, 12006490, 6379543, 11125583, 6063947, 9901682, 7379360, 11072207, 12885957, 11072206, 12916707, 10768645, 6379542, 9615168, 12920661, 7660174, 10608483, 9666007, 8992171, 10784897, 10202847, 9637085, 8968189, 8272636, 8992092, 10808499, 9255728, 10134707, 11072204, 8992125, 10695805, 8968250, 8968251, 6830852, 11151674, 10808500, 10688883, 10244538, 10134706, 12920658, 9615163, 12884368, 10845566, 8275738, 8986488, 10681990, 10815555, 9900677, 6064697, 12916710, 7632479, 9257356, 11072208, 8271975, 12912151, 6051227, 6051226, 7632480, 10695201, 12918626, 6054588, 7784899, 12905331, 8278813, 9615167, 9601805, 7784213, 8285969, 8969893, 12178630, 8283842, 6380627, 8252704, 8252703, 8252702, 9660911, 12975772, 10815553, 8992094, 8992095, 8971100",dobrý,NA,NA,NA,NA,dobrý,chu,NA,0
CZ0624132,Rhinolophus hipposideros,POP_PRESENCE,ano,2024,6665d,Nový hrad,13748321,10781322,ano,val,ano,přítomnost druhu,ano,dobrý,chu,val,0
CZ0624132,Rhinolophus hipposideros,CELKOVE_HODNOCENI,NA,2024,6665d,Nový hrad,13748321,10781322,dobrý,NA,NA,NA,NA,dobrý,chu,NA,0
CZ0713526,Rhinolophus hipposideros,POP_PRESENCE,ano,2022,6370b,EVL Velká Střelná - štoly,"11918566, 11918567",5938410,ano,val,ano,přítomnost druhu,ano,dobrý,chu,val,0
CZ0713526,Rhinolophus hipposideros,CELKOVE_HODNOCENI,NA,2022,6370b,EVL Velká Střelná - štoly,"11918566, 11918567",5938410,dobrý,NA,NA,NA,NA,dobrý,chu,NA,0
CZ0713722,Rhinolophus hipposideros,POP_PRESENCE,ano,"2025, 2021, 2013, 2015",5868a,"Branná - hrad Kolštejn, EVL Branná - hrad, hrad Branná, zámek Branná","15513614, 11664654, 8921912, 9643329","6842599, 9561127, 262103, 5911894",ano,val,ano,přítomnost druhu,ano,dobrý,chu,val,0
CZ0713722,Rhinolophus hipposideros,CELKOVE_HODNOCENI,NA,"2025, 2021, 2013, 2015",5868a,"Branná - hrad Kolštejn, EVL Branná - hrad, hrad Branná, zámek Branná","15513614, 11664654, 8921912, 9643329","6842599, 9561127, 262103, 5911894",dobrý,NA,NA,NA,NA,dobrý,chu,NA,0
CZ0713723,Rhinolophus hipposideros,POP_PRESENCE,ano,2021,6468c,Čechy pod Kosířem - zámek,11777819,5063593,ano,val,ano,přítomnost druhu,ano,dobrý,chu,val,0
CZ0713723,Rhinolophus hipposideros,CELKOVE_HODNOCENI,NA,2021,6468c,Čechy pod Kosířem - zámek,11777819,5063593,dobrý,NA,NA,NA,NA,dobrý,chu,NA,0
CZ0713730,Rhinolophus hipposideros,POP_PRESENCE,ano,2025,"5769b, 37,""5769b""","Jeskyně Na Špičáku, NPP Na Špičáku 268","14862462, 15532782","5517882, 12881154",ano,val,ano,přítomnost druhu,ano,dobrý,chu,val,0
CZ0713730,Rhinolophus hipposideros,CELKOVE_HODNOCENI,NA,2025,"5769b, 37,""5769b""","Jeskyně Na Špičáku, NPP Na Špičáku 268","14862462, 15532782","5517882, 12881154",dobrý,NA,NA,NA,NA,dobrý,chu,NA,0
CZ0713735,Rhinolophus hipposideros,POP_PRESENCE,ano,2021,5768d,EVL Lipová-lázně - mateřská školka,11666980,1215112,ano,val,ano,přítomnost druhu,ano,dobrý,chu,val,0
CZ0713735,Rhinolophus hipposideros,CELKOVE_HODNOCENI,NA,2021,5768d,EVL Lipová-lázně - mateřská školka,11666980,1215112,dobrý,NA,NA,NA,NA,dobrý,chu,NA,0
CZ0713739,Rhinolophus hipposideros,POP_PRESENCE,ano,2021,6067a,Ruda nad Moravou,11777870,5378117,ano,val,ano,přítomnost druhu,ano,dobrý,chu,val,0
CZ0713739,Rhinolophus hipposideros,CELKOVE_HODNOCENI,NA,2021,6067a,Ruda nad Moravou,11777870,5378117,dobrý,NA,NA,NA,NA,dobrý,chu,NA,0
CZ0713740,Rhinolophus hipposideros,POP_PRESENCE,ano,"2021, 2015",5968c,"Sobotín - Diakonie, půda budovy II., Sobotín . Diakonie, půda budovy II.","11777888, 9649043","5917323, 5917324",ano,val,ano,přítomnost druhu,ano,dobrý,chu,val,0
CZ0713740,Rhinolophus hipposideros,CELKOVE_HODNOCENI,NA,"2021, 2015",5968c,"Sobotín - Diakonie, půda budovy II., Sobotín . Diakonie, půda budovy II.","11777888, 9649043","5917323, 5917324",dobrý,NA,NA,NA,NA,dobrý,chu,NA,0
CZ0713741,Rhinolophus hipposideros,POP_PRESENCE,ano,"2024, 2022",6372c,"Olšovec, PP Soudkova štola, PP Soudkova štola, Soudkova štola","12988548, 13137778, 11918352","9956921, 10241714, 8518981",ano,val,ano,přítomnost druhu,ano,dobrý,chu,val,0
CZ0713741,Rhinolophus hipposideros,CELKOVE_HODNOCENI,NA,"2024, 2022",6372c,"Olšovec, PP Soudkova štola, PP Soudkova štola, Soudkova štola","12988548, 13137778, 11918352","9956921, 10241714, 8518981",dobrý,NA,NA,NA,NA,dobrý,chu,NA,0
CZ0713742,Rhinolophus hipposideros,POP_PRESENCE,ano,"2025, 2022, 2024",5770c,"Důl Weltkriestolle I, Marie Pomocná II - štola, Marie Pomocná III - štola","15620623, 12494776, 14118854","5067787, 5062006, 5062007",ano,val,ano,přítomnost druhu,ano,dobrý,chu,val,0
CZ0713742,Rhinolophus hipposideros,CELKOVE_HODNOCENI,NA,"2025, 2022, 2024",5770c,"Důl Weltkriestolle I, Marie Pomocná II - štola, Marie Pomocná III - štola","15620623, 12494776, 14118854","5067787, 5062006, 5062007",dobrý,NA,NA,NA,NA,dobrý,chu,NA,0
CZ0713743,Rhinolophus hipposideros,POP_PRESENCE,ano,"2021, 2022",5967c,"Mařka - štola, štola Mařka","11777525, 11919361","5059432, 8521963",ano,val,ano,přítomnost druhu,ano,dobrý,chu,val,0
CZ0713743,Rhinolophus hipposideros,CELKOVE_HODNOCENI,NA,"2021, 2022",5967c,"Mařka - štola, štola Mařka","11777525, 11919361","5059432, 8521963",dobrý,NA,NA,NA,NA,dobrý,chu,NA,0
CZ0714073,Rhinolophus hipposideros,POP_PRESENCE,ano,"2012, 2025, 2021, 2022, 2023, 2024, 2019, 2020, 2015, 2017","96,""6267d"", 96,""6268c"", 6268c, 6267d, 6267b, 2,""6268c""","6267, 6268, Jeskyně Podkova, Mladeč, NPR Vrapač, Mladeč, NPR Vrapač, řeka Morava, Mladeč, PP Pod Templem, S okraj, Mladeč, PP Pod Templem, louka J, Mladeč, PP Třesín, jeskyně Podkova, Mladeč, PR Hejtmanka, Mladeč, PR Hejtmanka, JZ okraj, Mladeč, PR Hejtmanka, cesta J, Mladeč, Podkova, Mladečské jeskyně, NPP Třesín, Mladečské jeskyně, NPP Třesín, Podkova, NPP Třesín, jeskyně Ve štole, PP Třesín, jeskyně Podkova, PR Doubrava, transekt 3, PR Kačení louka, Moravičany, JV, Podkova - jeskyně, Třesín, Třesín – štola, jeskyně Podkova","9010891, 9010892, 15516618, 11473640, 11715857, 11715850, 12051149, 12051144, 12051153, 12754086, 11492763, 11605080, 11504709, 12050752, 14086813, 12956983, 11917083, 11917084, 11918346, 13113889, 10754183, 11279712, 12956843, 9649245, 12957304, 9831167","1802174, 1810331, 12863363, 7877857, 8232578, 8763001, 8762984, 9570152, 7877883, 8239483, 8762362, 11141256, 5063583, 8516993, 8517054, 8518838, 10201306, 7071895, 7654289, 5063585, 5384366, 9874636, 6086341",ano,val,ano,přítomnost druhu,ano,dobrý,chu,val,0
CZ0714073,Rhinolophus hipposideros,CELKOVE_HODNOCENI,NA,"2012, 2025, 2021, 2022, 2023, 2024, 2019, 2020, 2015, 2017","96,""6267d"", 96,""6268c"", 6268c, 6267d, 6267b, 2,""6268c""","6267, 6268, Jeskyně Podkova, Mladeč, NPR Vrapač, Mladeč, NPR Vrapač, řeka Morava, Mladeč, PP Pod Templem, S okraj, Mladeč, PP Pod Templem, louka J, Mladeč, PP Třesín, jeskyně Podkova, Mladeč, PR Hejtmanka, Mladeč, PR Hejtmanka, JZ okraj, Mladeč, PR Hejtmanka, cesta J, Mladeč, Podkova, Mladečské jeskyně, NPP Třesín, Mladečské jeskyně, NPP Třesín, Podkova, NPP Třesín, jeskyně Ve štole, PP Třesín, jeskyně Podkova, PR Doubrava, transekt 3, PR Kačení louka, Moravičany, JV, Podkova - jeskyně, Třesín, Třesín – štola, jeskyně Podkova","9010891, 9010892, 15516618, 11473640, 11715857, 11715850, 12051149, 12051144, 12051153, 12754086, 11492763, 11605080, 11504709, 12050752, 14086813, 12956983, 11917083, 11917084, 11918346, 13113889, 10754183, 11279712, 12956843, 9649245, 12957304, 9831167","1802174, 1810331, 12863363, 7877857, 8232578, 8763001, 8762984, 9570152, 7877883, 8239483, 8762362, 11141256, 5063583, 8516993, 8517054, 8518838, 10201306, 7071895, 7654289, 5063585, 5384366, 9874636, 6086341",dobrý,NA,NA,NA,NA,dobrý,chu,NA,0
CZ0714075,Rhinolophus hipposideros,POP_PRESENCE,ano,2012,"96,""5868a""",5868,9010849,1002669,ano,val,ano,přítomnost druhu,ano,dobrý,chu,val,0
CZ0714075,Rhinolophus hipposideros,CELKOVE_HODNOCENI,NA,2012,"96,""5868a""",5868,9010849,1002669,dobrý,NA,NA,NA,NA,dobrý,chu,NA,0
CZ0714077,Rhinolophus hipposideros,POP_PRESENCE,ano,"2012, 2022","96,""5969b"", 5969a","5969, Malá Morávka, NPR Praděd, Velká Kotlina","9010859, 12051266","1284297, 8763280",ano,val,ano,přítomnost druhu,ano,dobrý,chu,val,0
CZ0714077,Rhinolophus hipposideros,CELKOVE_HODNOCENI,NA,"2012, 2022","96,""5969b"", 5969a","5969, Malá Morávka, NPR Praděd, Velká Kotlina","9010859, 12051266","1284297, 8763280",dobrý,NA,NA,NA,NA,dobrý,chu,NA,0
CZ0714080,Rhinolophus hipposideros,POP_PRESENCE,ano,"2025, 2026, 2022, 2020, 2019, 2013, 2012","6367a, 6367b","Javoříčko - jeskyně Ve stráni, Javoříčko - jeskyně Velká Jezevčí, Javoříčko - jeskyně Zkamenělý zámek, Javoříčské jeskyně, Javoříčské jeskyně - Hlinité jeskyně, Javoříčské jeskyně - K Černé propasti, Javoříčské jeskyně - Lví jáma, Javoříčské jeskyně - Medvědí jáma, Javoříčské jeskyně - komín k Objevné, Javoříčské jeskyně - přístupná část, Javoříčské jeskyně - Švecova díra, Javoříčské jeskyně - Švecovy jeskyně, Jeskyně Za hájovnou, Kadeřínská jeskyně, Komáří jeskyně, NPR Špraněk, Paničtí díra, NPR Špraněk, Pizdulka, NPR Špraněk, Velká jezevčí, NPR Špraněk, Zátvořice, Paničtí díra, V Habří, Ve stráni, Velká jezevčí díra, Velké propadání Špraňku, Zkamenělý zámek, Zátvořice, Švecova díra","15620385, 15620686, 15620684, 15578241, 15620392, 15620389, 15620387, 15620388, 15620402, 15620386, 15620390, 15620391, 11918542, 15597086, 11290191, 10733458, 10736299, 15545428, 10736297, 8907259, 15535178, 15541408, 8906072, 11918543, 15599434, 8907273, 8907280, 8907282, 10736298, 10753902","5067556, 5067558, 5061837, 5668037, 5067770, 5067753, 5067749, 5067750, 7581980, 5067748, 5067755, 5067769, 8519151, 7665539, 7665544, 7054419, 7058543, 12897595, 7058540, 5379370, 5668093, 5668096, 5683292, 7665545, 5668101, 5379382, 5683279",ano,val,ano,přítomnost druhu,ano,dobrý,chu,val,0
CZ0714080,Rhinolophus hipposideros,CELKOVE_HODNOCENI,NA,"2025, 2026, 2022, 2020, 2019, 2013, 2012","6367a, 6367b","Javoříčko - jeskyně Ve stráni, Javoříčko - jeskyně Velká Jezevčí, Javoříčko - jeskyně Zkamenělý zámek, Javoříčské jeskyně, Javoříčské jeskyně - Hlinité jeskyně, Javoříčské jeskyně - K Černé propasti, Javoříčské jeskyně - Lví jáma, Javoříčské jeskyně - Medvědí jáma, Javoříčské jeskyně - komín k Objevné, Javoříčské jeskyně - přístupná část, Javoříčské jeskyně - Švecova díra, Javoříčské jeskyně - Švecovy jeskyně, Jeskyně Za hájovnou, Kadeřínská jeskyně, Komáří jeskyně, NPR Špraněk, Paničtí díra, NPR Špraněk, Pizdulka, NPR Špraněk, Velká jezevčí, NPR Špraněk, Zátvořice, Paničtí díra, V Habří, Ve stráni, Velká jezevčí díra, Velké propadání Špraňku, Zkamenělý zámek, Zátvořice, Švecova díra","15620385, 15620686, 15620684, 15578241, 15620392, 15620389, 15620387, 15620388, 15620402, 15620386, 15620390, 15620391, 11918542, 15597086, 11290191, 10733458, 10736299, 15545428, 10736297, 8907259, 15535178, 15541408, 8906072, 11918543, 15599434, 8907273, 8907280, 8907282, 10736298, 10753902","5067556, 5067558, 5061837, 5668037, 5067770, 5067753, 5067749, 5067750, 7581980, 5067748, 5067755, 5067769, 8519151, 7665539, 7665544, 7054419, 7058543, 12897595, 7058540, 5379370, 5668093, 5668096, 5683292, 7665545, 5668101, 5379382, 5683279",dobrý,NA,NA,NA,NA,dobrý,chu,NA,0
CZ0714086,Rhinolophus hipposideros,POP_PRESENCE,ano,"2012, 2025, 2023, 2021, 2014","96,""5768d"", 96,""5769d"", 5768d, 5768b","5768, 5769, Jeskyně Na Pomezí, Jeskyně Na Pomezí - Liščí díra - Rumový dóm, Jeskyně Na Pomezí - Májové jeskyně, Jeskyně Na Pomezí - komplex, Jeskyně Na Pomezí - původní, Jeskyně na Pomezí vyhlídkový okruh a u východu, Lipová Lázně - jeskyně Rasovna, Liščí díra - Rumový dóm, Roušarova jeskyně, Velký Dóm, Vápenná - Roušarova jeskyně","9010843, 9010844, 15489196, 12957020, 11777373, 12957016, 11777374, 9679359, 11777389, 15490525, 15503404, 15504403, 11777328","1808996, 1810024, 5517877, 5061838, 5069071, 5069068, 5069269, 5950440, 5069012, 5517883, 8521991, 8521990, 5069009",ano,val,ano,přítomnost druhu,ano,dobrý,chu,val,0
CZ0714086,Rhinolophus hipposideros,CELKOVE_HODNOCENI,NA,"2012, 2025, 2023, 2021, 2014","96,""5768d"", 96,""5769d"", 5768d, 5768b","5768, 5769, Jeskyně Na Pomezí, Jeskyně Na Pomezí - Liščí díra - Rumový dóm, Jeskyně Na Pomezí - Májové jeskyně, Jeskyně Na Pomezí - komplex, Jeskyně Na Pomezí - původní, Jeskyně na Pomezí vyhlídkový okruh a u východu, Lipová Lázně - jeskyně Rasovna, Liščí díra - Rumový dóm, Roušarova jeskyně, Velký Dóm, Vápenná - Roušarova jeskyně","9010843, 9010844, 15489196, 12957020, 11777373, 12957016, 11777374, 9679359, 11777389, 15490525, 15503404, 15504403, 11777328","1808996, 1810024, 5517877, 5061838, 5069071, 5069068, 5069269, 5950440, 5069012, 5517883, 8521991, 8521990, 5069009",dobrý,NA,NA,NA,NA,dobrý,chu,NA,0
CZ0714133,Rhinolophus hipposideros,POP_PRESENCE,ano,"2025, 2023, 2021, 2016, 2022, 2020, 2024, 2017","6370a, 6471b, 6370b","44317, Hrubá Voda, Důl Opálená, Gotická štola, Hlubočky štola Sjezdovka, Hrubá Voda - Pod cestou - štola, Hrubá Voda - břidlicový důl Velká Střelná, Opálová štola, Unnamed Road, Velká Střelná - Úpadní štola, Velká Střelná - štola 22 Katzenloch, Velká Střelná - štola 24, Velká Střelná - štola u domova důchodců, Větrný komín, Údolí Jezernice, úbočí Perné, Údolí Jezernice, štolna ´U Můstku´, Špirutova díra, Štola Hrubá Voda, Štola Klikatá, Štola U mostku, Štola U můstku, Štola Špirutka, štola U mostku, štola Větrný komín, štola č. 21","14091295, 12957307, 13451545, 11777938, 15620404, 9807920, 11918350, 11101298, 15620406, 15620416, 11918540, 12494650, 15620407, 15620405, 13122650, 13122651, 15258977, 10148972, 10087163, 11777266, 12956992, 15620566, 12804589, 11918537, 11918365","11148287, 9874639, 5668031, 8329148, 5063959, 1277877, 5668061, 7419750, 5067138, 8329141, 8329140, 5067143, 5063960, 10215904, 10215905, 12602963, 6380971, 6329897, 5063590, 6329898, 6062768, 9636126, 8519106, 8519099",ano,val,ano,přítomnost druhu,ano,dobrý,chu,val,0
CZ0714133,Rhinolophus hipposideros,CELKOVE_HODNOCENI,NA,"2025, 2023, 2021, 2016, 2022, 2020, 2024, 2017","6370a, 6471b, 6370b","44317, Hrubá Voda, Důl Opálená, Gotická štola, Hlubočky štola Sjezdovka, Hrubá Voda - Pod cestou - štola, Hrubá Voda - břidlicový důl Velká Střelná, Opálová štola, Unnamed Road, Velká Střelná - Úpadní štola, Velká Střelná - štola 22 Katzenloch, Velká Střelná - štola 24, Velká Střelná - štola u domova důchodců, Větrný komín, Údolí Jezernice, úbočí Perné, Údolí Jezernice, štolna ´U Můstku´, Špirutova díra, Štola Hrubá Voda, Štola Klikatá, Štola U mostku, Štola U můstku, Štola Špirutka, štola U mostku, štola Větrný komín, štola č. 21","14091295, 12957307, 13451545, 11777938, 15620404, 9807920, 11918350, 11101298, 15620406, 15620416, 11918540, 12494650, 15620407, 15620405, 13122650, 13122651, 15258977, 10148972, 10087163, 11777266, 12956992, 15620566, 12804589, 11918537, 11918365","11148287, 9874639, 5668031, 8329148, 5063959, 1277877, 5668061, 7419750, 5067138, 8329141, 8329140, 5067143, 5063960, 10215904, 10215905, 12602963, 6380971, 6329897, 5063590, 6329898, 6062768, 9636126, 8519106, 8519099",dobrý,NA,NA,NA,NA,dobrý,chu,NA,0
CZ0714772,Rhinolophus hipposideros,POP_PRESENCE,ano,"2025, 2022",6370a,"44317, Hrubá Voda, Marie Sněžná - štola, štola P. Marie Sněžné","14091297, 15620403, 11918569","11148289, 5061282, 8519550",ano,val,ano,přítomnost druhu,ano,dobrý,chu,val,0
CZ0714772,Rhinolophus hipposideros,CELKOVE_HODNOCENI,NA,"2025, 2022",6370a,"44317, Hrubá Voda, Marie Sněžná - štola, štola P. Marie Sněžné","14091297, 15620403, 11918569","11148289, 5061282, 8519550",dobrý,NA,NA,NA,NA,dobrý,chu,NA,0
CZ0723753,Rhinolophus hipposideros,POP_PRESENCE,ano,"2015, 2025",6972a,"EVL Luhačovice - zámek, Luhačovice","9632914, 15620908","1215117, 5917282",ano,val,ano,přítomnost druhu,ano,dobrý,chu,val,0
CZ0723753,Rhinolophus hipposideros,CELKOVE_HODNOCENI,NA,"2015, 2025",6972a,"EVL Luhačovice - zámek, Luhačovice","9632914, 15620908","1215117, 5917282",dobrý,NA,NA,NA,NA,dobrý,chu,NA,0
CZ0723754,Rhinolophus hipposideros,POP_PRESENCE,ano,2015,6773d,Pozděchov - kat. kostel,9632927,1275045,ano,val,ano,přítomnost druhu,ano,dobrý,chu,val,0
CZ0723754,Rhinolophus hipposideros,CELKOVE_HODNOCENI,NA,2015,6773d,Pozděchov - kat. kostel,9632927,1275045,dobrý,NA,NA,NA,NA,dobrý,chu,NA,0
CZ0723759,Rhinolophus hipposideros,POP_PRESENCE,ano,2012,6773a,Sintrová štola,8521213,5062016,ano,val,ano,přítomnost druhu,ano,dobrý,chu,val,0
CZ0723759,Rhinolophus hipposideros,CELKOVE_HODNOCENI,NA,2012,6773a,Sintrová štola,8521213,5062016,dobrý,NA,NA,NA,NA,dobrý,chu,NA,0
CZ0724089,Rhinolophus hipposideros,POP_PRESENCE,ano,"2012, 2023, 2025, 2022, 2024, 2013, 2015, 2021, 2020","96,""6474b"", 96,""6475c"", 96,""6476a"", 96,""6574a"", 96,""6575b"", 96,""6774d"", 6475c, 6575b, 6575a, 47,""6575b"", 87,""6774c"", 6774c, 99,""6575a"", 6476b, 01,""6675a"", 77,""6377c"", 76,""6476c"", 6575c","6474, 6475, 6476, 6574, 6575, 6774, Bartošky, Trojanovice, Cyrilka, Jeskyně Cyrilka, Jeskyně Kyklop, Jeskyně Radegast, Jeskyně Salajka, Jeskyně Čertova díra, Kněhyňská jeskyně, NPR Kněhyně - Čertův mlýn, NPR Pulčín - Hradisko 350, NPR Pulčín-Hradisko, jeskyně Hliněná, NPR Radhošť, Ondrášovy díry, PP Skálí 2073, PR Ropice 5639, PR Smrk 1883, Prostřední Bečva, jeskyně Cyrilka, Trojanovice, Vigantice -  kat. kostel, jeskyně Hliněná, jeskyně Velryba, Čeladná, Čeladná, Kněhyňská jeskyně","9010909, 9010910, 9010911, 9010920, 9010922, 9010947, 12732271, 15289263, 15620696, 12494500, 14119459, 14119190, 14119191, 15620332, 9169531, 9169559, 9514353, 9169523, 15620308, 12057297, 12057292, 12057304, 15279811, 13433600, 9632931, 9807550, 15620516, 12831355, 11271212","1801583, 1809695, 1802125, 996356, 1850863, 1773722, 9540155, 12657791, 5062000, 7665547, 11876460, 5067788, 5834889, 5061999, 1009900, 1321867, 5785717, 1011829, 5061990, 8773032, 8773011, 8773045, 12639974, 10654513, 5902142, 6062775, 5062014, 9675659, 7645933",ano,val,ano,přítomnost druhu,ano,dobrý,chu,val,0
CZ0724089,Rhinolophus hipposideros,CELKOVE_HODNOCENI,NA,"2012, 2023, 2025, 2022, 2024, 2013, 2015, 2021, 2020","96,""6474b"", 96,""6475c"", 96,""6476a"", 96,""6574a"", 96,""6575b"", 96,""6774d"", 6475c, 6575b, 6575a, 47,""6575b"", 87,""6774c"", 6774c, 99,""6575a"", 6476b, 01,""6675a"", 77,""6377c"", 76,""6476c"", 6575c","6474, 6475, 6476, 6574, 6575, 6774, Bartošky, Trojanovice, Cyrilka, Jeskyně Cyrilka, Jeskyně Kyklop, Jeskyně Radegast, Jeskyně Salajka, Jeskyně Čertova díra, Kněhyňská jeskyně, NPR Kněhyně - Čertův mlýn, NPR Pulčín - Hradisko 350, NPR Pulčín-Hradisko, jeskyně Hliněná, NPR Radhošť, Ondrášovy díry, PP Skálí 2073, PR Ropice 5639, PR Smrk 1883, Prostřední Bečva, jeskyně Cyrilka, Trojanovice, Vigantice -  kat. kostel, jeskyně Hliněná, jeskyně Velryba, Čeladná, Čeladná, Kněhyňská jeskyně","9010909, 9010910, 9010911, 9010920, 9010922, 9010947, 12732271, 15289263, 15620696, 12494500, 14119459, 14119190, 14119191, 15620332, 9169531, 9169559, 9514353, 9169523, 15620308, 12057297, 12057292, 12057304, 15279811, 13433600, 9632931, 9807550, 15620516, 12831355, 11271212","1801583, 1809695, 1802125, 996356, 1850863, 1773722, 9540155, 12657791, 5062000, 7665547, 11876460, 5067788, 5834889, 5061999, 1009900, 1321867, 5785717, 1011829, 5061990, 8773032, 8773011, 8773045, 12639974, 10654513, 5902142, 6062775, 5062014, 9675659, 7645933",dobrý,NA,NA,NA,NA,dobrý,chu,NA,0
CZ0724091,Rhinolophus hipposideros,POP_PRESENCE,ano,2012,"96,""6770c"", 96,""6869a"", 96,""6870a""","6770, 6869, 6870","9010944, 9010956, 9010957","1790636, 1776762, 1286651",ano,val,ano,přítomnost druhu,ano,dobrý,chu,val,0
CZ0724091,Rhinolophus hipposideros,CELKOVE_HODNOCENI,NA,2012,"96,""6770c"", 96,""6869a"", 96,""6870a""","6770, 6869, 6870","9010944, 9010956, 9010957","1790636, 1776762, 1286651",dobrý,NA,NA,NA,NA,dobrý,chu,NA,0
CZ0724429,Rhinolophus hipposideros,POP_PRESENCE,ano,"2021, 2012","6672b, 96,""6672b""","437, Chvalčov, 6672","11607480, 9010933","8111313, 1791015",ano,val,ano,přítomnost druhu,ano,dobrý,chu,val,0
CZ0724429,Rhinolophus hipposideros,CELKOVE_HODNOCENI,NA,"2021, 2012","6672b, 96,""6672b""","437, Chvalčov, 6672","11607480, 9010933","8111313, 1791015",dobrý,NA,NA,NA,NA,dobrý,chu,NA,0
CZ0724430,Rhinolophus hipposideros,POP_PRESENCE,ano,2012,"96,""6974b"", 6974c","6974, Sidonie-opuštěný domek","9010963, 8549980","1011328, 5078214",ano,val,ano,přítomnost druhu,ano,dobrý,chu,val,0
CZ0724430,Rhinolophus hipposideros,CELKOVE_HODNOCENI,NA,2012,"96,""6974b"", 6974c","6974, Sidonie-opuštěný domek","9010963, 8549980","1011328, 5078214",dobrý,NA,NA,NA,NA,dobrý,chu,NA,0
CZ0810004,Rhinolophus hipposideros,POP_PRESENCE,ano,2013,"63,""6376d""",NPP Skalická Morávka,9169518,1024087,ano,val,ano,přítomnost druhu,ano,dobrý,chu,val,0
CZ0810004,Rhinolophus hipposideros,CELKOVE_HODNOCENI,NA,2013,"63,""6376d""",NPP Skalická Morávka,9169518,1024087,dobrý,NA,NA,NA,NA,dobrý,chu,NA,0
CZ0810018,Rhinolophus hipposideros,POP_PRESENCE,ano,"2012, 2024, 2014, 2021, 2025","96,""6169d"", 6169a","6169, Důl Ruda II, NPP Rešovské vodopády, Ruda - chaty, Ruda I ( Jáma Za hřbitovem)","9010883, 14119145, 9140865, 11501836, 15620491","1850854, 5062003, 1011957, 7946210, 5061993",ano,val,ano,přítomnost druhu,ano,dobrý,chu,val,0
CZ0810018,Rhinolophus hipposideros,CELKOVE_HODNOCENI,NA,"2012, 2024, 2014, 2021, 2025","96,""6169d"", 6169a","6169, Důl Ruda II, NPP Rešovské vodopády, Ruda - chaty, Ruda I ( Jáma Za hřbitovem)","9010883, 14119145, 9140865, 11501836, 15620491","1850854, 5062003, 1011957, 7946210, 5061993",dobrý,NA,NA,NA,NA,dobrý,chu,NA,0
CZ0813472,Rhinolophus hipposideros,POP_PRESENCE,ano,2025,5970a,Důl Suchá Rudná II (Liščí díry II),15620655,5381907,ano,val,ano,přítomnost druhu,ano,dobrý,chu,val,0
CZ0813472,Rhinolophus hipposideros,CELKOVE_HODNOCENI,NA,2025,5970a,Důl Suchá Rudná II (Liščí díry II),15620655,5381907,dobrý,NA,NA,NA,NA,dobrý,chu,NA,0
CZ0813760,Rhinolophus hipposideros,POP_PRESENCE,ano,"2013, 2025",6272a,"EVL Černý důl, Černý důl","8910436, 15620394","1279615, 5067786",ano,val,ano,přítomnost druhu,ano,dobrý,chu,val,0
CZ0813760,Rhinolophus hipposideros,CELKOVE_HODNOCENI,NA,"2013, 2025",6272a,"EVL Černý důl, Černý důl","8910436, 15620394","1279615, 5067786",dobrý,NA,NA,NA,NA,dobrý,chu,NA,0
CZ0813763,Rhinolophus hipposideros,POP_PRESENCE,ano,"2023, 2025, 2024, 2019","5969b, 5969d","Malá Morávka, Nad Jelení cestou - štola č.10, Malá Morávka, Nad Jelení cestou - štola č.2, Malá Morávka, Nad Jelení cestou - štola č.3, Malá Morávka, Nad Jelení cestou - štola č.3a, Malá Morávka, Nad Jelení cestou - štola č.5, Malá Morávka, Nad Jelení cestou - štola č.9, Štoly pod Jelení cestou","12956818, 15620603, 15620600, 14119082, 15620601, 15620602, 10749537, 10749539","6062763, 5062294, 5062290, 6062760, 5062291, 5062293, 7065809",ano,val,ano,přítomnost druhu,ano,dobrý,chu,val,0
CZ0813763,Rhinolophus hipposideros,CELKOVE_HODNOCENI,NA,"2023, 2025, 2024, 2019","5969b, 5969d","Malá Morávka, Nad Jelení cestou - štola č.10, Malá Morávka, Nad Jelení cestou - štola č.2, Malá Morávka, Nad Jelení cestou - štola č.3, Malá Morávka, Nad Jelení cestou - štola č.3a, Malá Morávka, Nad Jelení cestou - štola č.5, Malá Morávka, Nad Jelení cestou - štola č.9, Štoly pod Jelení cestou","12956818, 15620603, 15620600, 14119082, 15620601, 15620602, 10749537, 10749539","6062763, 5062294, 5062290, 6062760, 5062291, 5062293, 7065809",dobrý,NA,NA,NA,NA,dobrý,chu,NA,0
CZ0813765,Rhinolophus hipposideros,POP_PRESENCE,ano,2022,6069b,EVL Štola Franz - Franz,11918690,9561129,ano,val,ano,přítomnost druhu,ano,dobrý,chu,val,0
CZ0813765,Rhinolophus hipposideros,CELKOVE_HODNOCENI,NA,2022,6069b,EVL Štola Franz - Franz,11918690,9561129,dobrý,NA,NA,NA,NA,dobrý,chu,NA,0
CZ0813766,Rhinolophus hipposideros,POP_PRESENCE,ano,2024,6071d,Jakartovice I (Bohuš),"14118811, 15620293",5061995,ano,val,ano,přítomnost druhu,ano,dobrý,chu,val,0
CZ0813766,Rhinolophus hipposideros,CELKOVE_HODNOCENI,NA,2024,6071d,Jakartovice I (Bohuš),"14118811, 15620293",5061995,dobrý,NA,NA,NA,NA,dobrý,chu,NA,0
CZ0813770,Rhinolophus hipposideros,POP_PRESENCE,ano,"2012, 2024",6272a,"EVL Čermná - důl Potlachový, Čermná- Potlachový","8521182, 14118865","1279617, 5061989",ano,val,ano,přítomnost druhu,ano,dobrý,chu,val,0
CZ0813770,Rhinolophus hipposideros,CELKOVE_HODNOCENI,NA,"2012, 2024",6272a,"EVL Čermná - důl Potlachový, Čermná- Potlachový","8521182, 14118865","1279617, 5061989",dobrý,NA,NA,NA,NA,dobrý,chu,NA,0
CZ0814092,Rhinolophus hipposideros,POP_PRESENCE,ano,2016,6373d,Kunín - Cihelňák,9664363,6171625,ano,val,ano,přítomnost druhu,ano,dobrý,chu,val,0
CZ0814092,Rhinolophus hipposideros,CELKOVE_HODNOCENI,NA,2016,6373d,Kunín - Cihelňák,9664363,6171625,dobrý,NA,NA,NA,NA,dobrý,chu,NA,0
CZ0110040,Barbastella barbastellus,POP_PRESENCE,ano,2020,5952c,Velká Chuchle,"11264772, 11264774",7639510,ano,val,ano,přítomnost druhu,ano,dobrý,chu,val,0
CZ0110040,Barbastella barbastellus,CELKOVE_HODNOCENI,NA,2020,5952c,Velká Chuchle,"11264772, 11264774",7639510,dobrý,NA,NA,NA,NA,dobrý,chu,NA,0
CZ0110050,Barbastella barbastellus,POP_PRESENCE,ano,"2014, 2017, 2024, 2025, 2022",5952c,"Jinonice - štola v Prokopském údolí, Jinonice, Prokopské údolí, štola, Praha - Prokopské údolí, štola, Prokopské údolí, štola, Štola v Prokopském údolí","9633594, 9822815, 9822816, 14118908, 15476478, 11745839","5384164, 5911706, 5068313, 12802678, 8272908",ano,val,ano,přítomnost druhu,ano,dobrý,chu,val,0
CZ0110050,Barbastella barbastellus,CELKOVE_HODNOCENI,NA,"2014, 2017, 2024, 2025, 2022",5952c,"Jinonice - štola v Prokopském údolí, Jinonice, Prokopské údolí, štola, Praha - Prokopské údolí, štola, Prokopské údolí, štola, Štola v Prokopském údolí","9633594, 9822815, 9822816, 14118908, 15476478, 11745839","5384164, 5911706, 5068313, 12802678, 8272908",dobrý,NA,NA,NA,NA,dobrý,chu,NA,0
CZ0110142,Barbastella barbastellus,POP_PRESENCE,ano,2019,5953b,Horní Počernice,10755848,7073968,ano,val,ano,přítomnost druhu,ano,dobrý,chu,val,0
CZ0110142,Barbastella barbastellus,CELKOVE_HODNOCENI,NA,2019,5953b,Horní Počernice,10755848,7073968,dobrý,NA,NA,NA,NA,dobrý,chu,NA,0
CZ0114001,Barbastella barbastellus,POP_PRESENCE,ano,"2015, 2018",6051b,"Radotínské údolí, Zadní Kopanina","9649207, 9649236, 10627612","5382328, 6931978",ano,val,ano,přítomnost druhu,ano,dobrý,chu,val,0
CZ0114001,Barbastella barbastellus,CELKOVE_HODNOCENI,NA,"2015, 2018",6051b,"Radotínské údolí, Zadní Kopanina","9649207, 9649236, 10627612","5382328, 6931978",dobrý,NA,NA,NA,NA,dobrý,chu,NA,0
CZ0210027,Barbastella barbastellus,POP_PRESENCE,ano,"2015, 2014","6054b, 15,""6054b""","Jevany - Bučiny, NPR Voděradské bučiny","10073662, 9140888","6316691, 991635",ano,val,ano,přítomnost druhu,ano,dobrý,chu,val,0
CZ0210027,Barbastella barbastellus,CELKOVE_HODNOCENI,NA,"2015, 2014","6054b, 15,""6054b""","Jevany - Bučiny, NPR Voděradské bučiny","10073662, 9140888","6316691, 991635",dobrý,NA,NA,NA,NA,dobrý,chu,NA,0
CZ0210047,Barbastella barbastellus,POP_PRESENCE,ano,"2015, 2018",6448b,"Hutě pod Třemšínem, Hřebenec, PP Hřebenec, lokalita ""Hengst"", lokalita ""Hřebenec""","9636525, 9636534, 10073552, 10525101, 10525123, 10073551, 10076902, 10076903","5905150, 6316559, 6824193, 6316451, 6318657",ano,val,ano,přítomnost druhu,ano,dobrý,chu,val,0
CZ0210047,Barbastella barbastellus,CELKOVE_HODNOCENI,NA,"2015, 2018",6448b,"Hutě pod Třemšínem, Hřebenec, PP Hřebenec, lokalita ""Hengst"", lokalita ""Hřebenec""","9636525, 9636534, 10073552, 10525101, 10525123, 10073551, 10076902, 10076903","5905150, 6316559, 6824193, 6316451, 6318657",dobrý,NA,NA,NA,NA,dobrý,chu,NA,0
CZ0210109,Barbastella barbastellus,POP_PRESENCE,ano,2025,5655b,Chloumek u Mladé Boleslavi,15283678,12646800,ano,val,ano,přítomnost druhu,ano,dobrý,chu,val,0
CZ0210109,Barbastella barbastellus,CELKOVE_HODNOCENI,NA,2025,5655b,Chloumek u Mladé Boleslavi,15283678,12646800,dobrý,NA,NA,NA,NA,dobrý,chu,NA,0
CZ0210409,Barbastella barbastellus,POP_PRESENCE,ano,2019,6051b,PR Kulivá hora,11231127,1011591,ano,val,ano,přítomnost druhu,ano,dobrý,chu,val,0
CZ0210409,Barbastella barbastellus,CELKOVE_HODNOCENI,NA,2019,6051b,PR Kulivá hora,11231127,1011591,dobrý,NA,NA,NA,NA,dobrý,chu,NA,0
CZ0210421,Barbastella barbastellus,POP_PRESENCE,ano,2012,6050d,"Na Mramoru, Na Mramoru - štola","9371296, 8522460","5668057, 5062715",ano,val,ano,přítomnost druhu,ano,dobrý,chu,val,1
CZ0210421,Barbastella barbastellus,CELKOVE_HODNOCENI,NA,2012,6050d,"Na Mramoru, Na Mramoru - štola","9371296, 8522460","5668057, 5062715",dobrý,NA,NA,NA,NA,dobrý,chu,NA,1
CZ0213050,Barbastella barbastellus,POP_PRESENCE,ano,2017,6249b,"Velcí, Mlýnský rybník",10090809,6332542,ano,val,ano,přítomnost druhu,ano,dobrý,chu,val,0
CZ0213050,Barbastella barbastellus,CELKOVE_HODNOCENI,NA,2017,6249b,"Velcí, Mlýnský rybník",10090809,6332542,dobrý,NA,NA,NA,NA,dobrý,chu,NA,0
CZ0213610,Barbastella barbastellus,POP_PRESENCE,ano,2025,5949c,"Křivoklát - sklepy hradu, Křivoklát - sklepy pivovaru","15620559, 15620558","5377724, 5066354",ano,val,ano,přítomnost druhu,ano,dobrý,chu,val,0
CZ0213610,Barbastella barbastellus,CELKOVE_HODNOCENI,NA,2025,5949c,"Křivoklát - sklepy hradu, Křivoklát - sklepy pivovaru","15620559, 15620558","5377724, 5066354",dobrý,NA,NA,NA,NA,dobrý,chu,NA,0
CZ0213613,Barbastella barbastellus,POP_PRESENCE,ano,2015,6057c,Malešov,9173818,5505163,ano,val,ano,přítomnost druhu,ano,dobrý,chu,val,0
CZ0213613,Barbastella barbastellus,CELKOVE_HODNOCENI,NA,2015,6057c,Malešov,9173818,5505163,dobrý,NA,NA,NA,NA,dobrý,chu,NA,0
CZ0213621,Barbastella barbastellus,POP_PRESENCE,ano,"2014, 2026, 2025, 2018",6051a,"Anděrova štola, Bucharova štola, Maršálkova štola, Mořina - Gotická chodba v lomu Mexiko, Mořina - Velká Amerika U Tunelu, Mořina - Vodní štola v Mexiku, Průchodová štola na Mexiko, Tunel ve Velké Americe, Velká Amerika, Zbytovského štola, vodní štola ve Velké Americe, štola Feministka","9371172, 9371189, 15546611, 15546610, 13451219, 13451218, 9371321, 9371405, 10381052, 10397941, 9371423, 15546237, 9371359","5668017, 5668022, 998557, 7284026, 6076724, 6860028, 5668065, 5668092, 5902607, 5668100, 5517604, 5668078",ano,val,ano,přítomnost druhu,ano,dobrý,chu,val,1
CZ0213621,Barbastella barbastellus,CELKOVE_HODNOCENI,NA,"2014, 2026, 2025, 2018",6051a,"Anděrova štola, Bucharova štola, Maršálkova štola, Mořina - Gotická chodba v lomu Mexiko, Mořina - Velká Amerika U Tunelu, Mořina - Vodní štola v Mexiku, Průchodová štola na Mexiko, Tunel ve Velké Americe, Velká Amerika, Zbytovského štola, vodní štola ve Velké Americe, štola Feministka","9371172, 9371189, 15546611, 15546610, 13451219, 13451218, 9371321, 9371405, 10381052, 10397941, 9371423, 15546237, 9371359","5668017, 5668022, 998557, 7284026, 6076724, 6860028, 5668065, 5668092, 5902607, 5668100, 5517604, 5668078",dobrý,NA,NA,NA,NA,dobrý,chu,NA,1
CZ0213792,Barbastella barbastellus,POP_PRESENCE,ano,2023,6058a,"Platanový můstek, Nové Dvory",14934299,12071872,ano,val,ano,přítomnost druhu,ano,dobrý,chu,val,0
CZ0213792,Barbastella barbastellus,CELKOVE_HODNOCENI,NA,2023,6058a,"Platanový můstek, Nové Dvory",14934299,12071872,dobrý,NA,NA,NA,NA,dobrý,chu,NA,0
CZ0214002,Barbastella barbastellus,POP_PRESENCE,ano,"2018, 2020","6051c, 6051d","Karlické údolí, Karlík","10544475, 10545190, 11257099","4937894, 7629349",ano,val,ano,přítomnost druhu,ano,dobrý,chu,val,0
CZ0214002,Barbastella barbastellus,CELKOVE_HODNOCENI,NA,"2018, 2020","6051c, 6051d","Karlické údolí, Karlík","10544475, 10545190, 11257099","4937894, 7629349",dobrý,NA,NA,NA,NA,dobrý,chu,NA,0
CZ0214003,Barbastella barbastellus,POP_PRESENCE,ano,"2015, 2017, 2026, 2014",6050c,"Jeskyně Zlomená, Kobyla - tunel, Kobyla - vstupní tunel, Koněpruské jeskyně, jeskyně Zlomená","9544929, 10087434, 15543362, 9371264, 9371249","5062657, 5062656, 998551, 5668046, 5668041",ano,val,ano,přítomnost druhu,ano,dobrý,chu,val,1
CZ0214003,Barbastella barbastellus,CELKOVE_HODNOCENI,NA,"2015, 2017, 2026, 2014",6050c,"Jeskyně Zlomená, Kobyla - tunel, Kobyla - vstupní tunel, Koněpruské jeskyně, jeskyně Zlomená","9544929, 10087434, 15543362, 9371264, 9371249","5062657, 5062656, 998551, 5668046, 5668041",dobrý,NA,NA,NA,NA,dobrý,chu,NA,1
CZ0214006,Barbastella barbastellus,POP_PRESENCE,ano,"2019, 2021, 2017","5755c, 5755a, 99,""5755a""","Milovice nad Labem, Milovice – Mýtko – vojenský bunkr, Mýtko, Milovice, Traviny - západ, pastvina Exmoorských koní a zubrů, Benátky n. Jizerou","10860949, 10860992, 10860997, 10861014, 10861017, 10861036, 12495287, 11001215, 11001231, 11001232","7175576, 9238866, 7299482, 7299487",ano,val,ano,přítomnost druhu,ano,dobrý,chu,val,0
CZ0214006,Barbastella barbastellus,CELKOVE_HODNOCENI,NA,"2019, 2021, 2017","5755c, 5755a, 99,""5755a""","Milovice nad Labem, Milovice – Mýtko – vojenský bunkr, Mýtko, Milovice, Traviny - západ, pastvina Exmoorských koní a zubrů, Benátky n. Jizerou","10860949, 10860992, 10860997, 10861014, 10861017, 10861036, 12495287, 11001215, 11001231, 11001232","7175576, 9238866, 7299482, 7299487",dobrý,NA,NA,NA,NA,dobrý,chu,NA,0
CZ0214011,Barbastella barbastellus,POP_PRESENCE,ano,"2016, 2015, 2024","6048b, 5948d","6048b08, Bránov - štola v PR Velká Pleš, NPR Velká Pleš, trvalá monitorovací plocha VÚKOZ v.v.i., Týřov - sklep hradu","11974044, 9545018, 10144722, 10144723, 13454046","8651902, 5063018, 6376944, 5923864",ano,val,ano,přítomnost druhu,ano,dobrý,chu,val,0
CZ0214011,Barbastella barbastellus,CELKOVE_HODNOCENI,NA,"2016, 2015, 2024","6048b, 5948d","6048b08, Bránov - štola v PR Velká Pleš, NPR Velká Pleš, trvalá monitorovací plocha VÚKOZ v.v.i., Týřov - sklep hradu","11974044, 9545018, 10144722, 10144723, 13454046","8651902, 5063018, 6376944, 5923864",dobrý,NA,NA,NA,NA,dobrý,chu,NA,0
CZ0214012,Barbastella barbastellus,POP_PRESENCE,ano,"2021, 2015, 2019, 2016","5456c, 5456d","Branžež, EVL - Příhrazskév skály - B8, EVL -Příhrazské skály - B2, EVL Příhrazské skály - A11, EVL Příhrazské skály - A4, EVL Příhrazské skály - SK3, Hynšta, Jeskyně Racák, Krtola, Mužský, jeskyně Racák, Žďár u Mnichova Hradiště","11747967, 11747977, 11748651, 11748677, 9547077, 9547071, 9547069, 9547058, 9547048, 9547080, 11223610, 9789933, 11746098, 9547082, 11746073, 11747963","8277700, 5835690, 5835681, 5835702, 5835144, 5835691, 1317251, 7581974, 4929536, 8273682, 5835706, 8273633",ano,val,ano,přítomnost druhu,ano,dobrý,chu,val,0
CZ0214012,Barbastella barbastellus,CELKOVE_HODNOCENI,NA,"2021, 2015, 2019, 2016","5456c, 5456d","Branžež, EVL - Příhrazskév skály - B8, EVL -Příhrazské skály - B2, EVL Příhrazské skály - A11, EVL Příhrazské skály - A4, EVL Příhrazské skály - SK3, Hynšta, Jeskyně Racák, Krtola, Mužský, jeskyně Racák, Žďár u Mnichova Hradiště","11747967, 11747977, 11748651, 11748677, 9547077, 9547071, 9547069, 9547058, 9547048, 9547080, 11223610, 9789933, 11746098, 9547082, 11746073, 11747963","8277700, 5835690, 5835681, 5835702, 5835144, 5835691, 1317251, 7581974, 4929536, 8273682, 5835706, 8273633",dobrý,NA,NA,NA,NA,dobrý,chu,NA,0
CZ0214013,Barbastella barbastellus,POP_PRESENCE,ano,"2017, 2019, 2018, 2023, 2025, 2021","5453c, 5553c, 5553a, 5553c, 5553d, 5553b, 5553d, 5553b, 5553a, 5553b, 5653a, 5553a, 5552b, 5553a, 5552d","Dražejov u Dubé, Dubá, Janova Ves, Jestřebice u Kokořína, Kokořín, Mšeno, Nebužely, Olešno, PR Kokořínsko, PR Kokořínský důl, Sedlec u Mšena, Střemy, Vidim - sklep bývalého pivovaru, Vojtěchov – pivovarský sklep, Zakšín, jeskyně Klemperka, Šemanovice, Želízy","10076573, 10857088, 10525008, 10076178, 10076347, 10076348, 10076365, 10525052, 10524483, 10524484, 10524524, 10524526, 10524527, 10524612, 10524619, 10524625, 10524635, 10076134, 10076050, 10524530, 10524941, 12957316, 15620481, 11731095, 11731097, 10395502, 10076345, 10525091, 10525092, 10525198","6319833, 7171067, 6824090, 6319325, 6824154, 6823749, 6823853, 6823864, 6319297, 6319208, 6823793, 6824080, 9874648, 7050237, 8251951, 6666189, 6319560, 6824192",ano,val,ano,přítomnost druhu,ano,dobrý,chu,val,0
CZ0214013,Barbastella barbastellus,CELKOVE_HODNOCENI,NA,"2017, 2019, 2018, 2023, 2025, 2021","5453c, 5553c, 5553a, 5553c, 5553d, 5553b, 5553d, 5553b, 5553a, 5553b, 5653a, 5553a, 5552b, 5553a, 5552d","Dražejov u Dubé, Dubá, Janova Ves, Jestřebice u Kokořína, Kokořín, Mšeno, Nebužely, Olešno, PR Kokořínsko, PR Kokořínský důl, Sedlec u Mšena, Střemy, Vidim - sklep bývalého pivovaru, Vojtěchov – pivovarský sklep, Zakšín, jeskyně Klemperka, Šemanovice, Želízy","10076573, 10857088, 10525008, 10076178, 10076347, 10076348, 10076365, 10525052, 10524483, 10524484, 10524524, 10524526, 10524527, 10524612, 10524619, 10524625, 10524635, 10076134, 10076050, 10524530, 10524941, 12957316, 15620481, 11731095, 11731097, 10395502, 10076345, 10525091, 10525092, 10525198","6319833, 7171067, 6824090, 6319325, 6824154, 6823749, 6823853, 6823864, 6319297, 6319208, 6823793, 6824080, 9874648, 7050237, 8251951, 6666189, 6319560, 6824192",dobrý,NA,NA,NA,NA,dobrý,chu,NA,0
CZ0214016,Barbastella barbastellus,POP_PRESENCE,ano,"2025, 2016","6256d, 6356b","Švihov - chodba v hrázi nádrže Želivka, Želivka - most","15620691, 9807809","5063022, 5063023",ano,val,ano,přítomnost druhu,ano,dobrý,chu,val,0
CZ0214016,Barbastella barbastellus,CELKOVE_HODNOCENI,NA,"2025, 2016","6256d, 6356b","Švihov - chodba v hrázi nádrže Želivka, Želivka - most","15620691, 9807809","5063022, 5063023",dobrý,NA,NA,NA,NA,dobrý,chu,NA,0
CZ0214017,Barbastella barbastellus,POP_PRESENCE,ano,"2017, 2016, 2014, 2012, 2026, 2013, 2020, 2025, 2023, 2015, 2021, 2018, 2022, 2024","6050d, 6050b, 6051a, 6051c, 6050b, 6050d","3. štola u trati, Alkazar, Alkazar - Kozel, Amerika II., Aragonitová jeskyně, Barrandova jeskyně, Beranův lom - štola, Budňany - sklep pod konírnou na hradě Karlštejn, Chlum, Chlumské jeskyně, Devítikorunová jeskyně, Drahuščina štola, Gaislerova štola, Hostim u Berouna, Hostim u Berouna - lom Alkazar prostřední štola (štola B), Hostim, štola Alkazar západ, Houmelesí štola, Houmelesí štoly, JK5, Jeskyně Metro, Jeskyně Nad Kačákem, Kadidelnice, Karlštejn - hradní studna, Kozel, Kruhová pec v Tomáškově lomu, Loděnice, Malá Amerika, Malá Romanovského, Malá Romanovského štola, NPR Koda - Kodská jeskyně, Petzoldův lom - Štola, Petzoldův lom - štola, Průtahová štola, Romanovského štola, Rudolfova jeskyně, Rybízový lom - pravá štola, SB13, Solvayovy lomy - lokalita 5 - mravenci - Svatý Jan pod Skalou, Srbsko u Karlštejna, Srbsko u Karlštejna - štola v Petzoldově lomu, Srbské štoly, Stará Aragonitka, Stará aragonitová jeskyně, Studna - hrad Karlštejn, Svatý Jan pod Skalou - jeskyně V kostele, Svážná Rešna, Terasová jeskyně, Tetínská chodba, Tetínská propástka II, Tetínská propástka II., Tomáškova propast, Troj-štolí, V Kodském polesí, Ve stráni, Velikonoční štola, jeskyně Kádelnice, jeskyně Metro, jeskyně Nad Kačákem, jeskyně Oblézačka, jeskyně V Kodském polesí, jeskyně Ve stráni, kruhová pec v Tomáškově lomu, levá štola v lomu Rybízák, pravá štola v lomu Rybízák, propast Amerika II., Černý lom - chodba, Štola v Tetínské rokli, Štola v rokli, Štola za trafačkou v Tomáškově lomu, štola Alkazar západ, štola Modlitebna, štola v Petzoldově lomu, štola v Tetínské rokli, štola za trafačkou v Tomáškově lomu, štoly Alkazar, štoly v lomu Kozel - Alkazar","9806671, 9777683, 9777684, 9777686, 9778120, 9778545, 9787276, 9371164, 9371168, 9371173, 15547144, 9371182, 10985345, 8911580, 9371225, 13451537, 13444830, 9371215, 11257224, 15314217, 13772047, 9371221, 15546613, 12746976, 9544918, 9544989, 8902937, 9371256, 9805746, 9649235, 9544897, 9649164, 9649202, 12246778, 9371281, 15540581, 13451536, 9371314, 8522429, 9639015, 9371329, 8902941, 9371332, 8902945, 9371338, 12746537, 13451384, 11257213, 11296886, 8911583, 13451383, 8522436, 8902943, 9371347, 8932386, 15540575, 8903261, 9371384, 10125891, 9371391, 8903279, 13451207, 9371399, 8522468, 9371408, 9371412, 8522391, 9371415, 9806669, 15543127, 9371242, 15541446, 11743504, 13445081, 13444856, 11299737, 15540578, 15540583, 13444829, 9371374, 9371370, 8903408, 9371377, 15532022, 12804277, 12226901, 15541447, 15540585, 12066051, 15543125","998672, 5902481, 5668015, 5668016, 5668018, 998566, 5668020, 6063083, 5382358, 5668034, 5517096, 998550, 5668030, 7629393, 12696213, 10809081, 5668033, 998568, 9560231, 5068733, 5068732, 5062318, 998538, 5382366, 5062709, 5382356, 5901649, 5668052, 998545, 1011259, 5668063, 5062690, 998588, 5668067, 5062332, 5062341, 9559413, 10668027, 7629387, 5907370, 5382364, 998583, 5062695, 5062336, 4944347, 5517399, 5377014, 998651, 5668088, 5062702, 1258854, 5668090, 5062718, 5668095, 5062654, 998674, 998666, 5668039, 998659, 998624, 1024067, 998609, 998542, 998543, 998544, 5517401, 5668083, 5668082, 5062710, 12879952, 5517594, 998570, 998657, 998612, 8785879, 998603",ano,val,ano,přítomnost druhu,ano,dobrý,chu,val,1
CZ0214017,Barbastella barbastellus,CELKOVE_HODNOCENI,NA,"2017, 2016, 2014, 2012, 2026, 2013, 2020, 2025, 2023, 2015, 2021, 2018, 2022, 2024","6050d, 6050b, 6051a, 6051c, 6050b, 6050d","3. štola u trati, Alkazar, Alkazar - Kozel, Amerika II., Aragonitová jeskyně, Barrandova jeskyně, Beranův lom - štola, Budňany - sklep pod konírnou na hradě Karlštejn, Chlum, Chlumské jeskyně, Devítikorunová jeskyně, Drahuščina štola, Gaislerova štola, Hostim u Berouna, Hostim u Berouna - lom Alkazar prostřední štola (štola B), Hostim, štola Alkazar západ, Houmelesí štola, Houmelesí štoly, JK5, Jeskyně Metro, Jeskyně Nad Kačákem, Kadidelnice, Karlštejn - hradní studna, Kozel, Kruhová pec v Tomáškově lomu, Loděnice, Malá Amerika, Malá Romanovského, Malá Romanovského štola, NPR Koda - Kodská jeskyně, Petzoldův lom - Štola, Petzoldův lom - štola, Průtahová štola, Romanovského štola, Rudolfova jeskyně, Rybízový lom - pravá štola, SB13, Solvayovy lomy - lokalita 5 - mravenci - Svatý Jan pod Skalou, Srbsko u Karlštejna, Srbsko u Karlštejna - štola v Petzoldově lomu, Srbské štoly, Stará Aragonitka, Stará aragonitová jeskyně, Studna - hrad Karlštejn, Svatý Jan pod Skalou - jeskyně V kostele, Svážná Rešna, Terasová jeskyně, Tetínská chodba, Tetínská propástka II, Tetínská propástka II., Tomáškova propast, Troj-štolí, V Kodském polesí, Ve stráni, Velikonoční štola, jeskyně Kádelnice, jeskyně Metro, jeskyně Nad Kačákem, jeskyně Oblézačka, jeskyně V Kodském polesí, jeskyně Ve stráni, kruhová pec v Tomáškově lomu, levá štola v lomu Rybízák, pravá štola v lomu Rybízák, propast Amerika II., Černý lom - chodba, Štola v Tetínské rokli, Štola v rokli, Štola za trafačkou v Tomáškově lomu, štola Alkazar západ, štola Modlitebna, štola v Petzoldově lomu, štola v Tetínské rokli, štola za trafačkou v Tomáškově lomu, štoly Alkazar, štoly v lomu Kozel - Alkazar","9806671, 9777683, 9777684, 9777686, 9778120, 9778545, 9787276, 9371164, 9371168, 9371173, 15547144, 9371182, 10985345, 8911580, 9371225, 13451537, 13444830, 9371215, 11257224, 15314217, 13772047, 9371221, 15546613, 12746976, 9544918, 9544989, 8902937, 9371256, 9805746, 9649235, 9544897, 9649164, 9649202, 12246778, 9371281, 15540581, 13451536, 9371314, 8522429, 9639015, 9371329, 8902941, 9371332, 8902945, 9371338, 12746537, 13451384, 11257213, 11296886, 8911583, 13451383, 8522436, 8902943, 9371347, 8932386, 15540575, 8903261, 9371384, 10125891, 9371391, 8903279, 13451207, 9371399, 8522468, 9371408, 9371412, 8522391, 9371415, 9806669, 15543127, 9371242, 15541446, 11743504, 13445081, 13444856, 11299737, 15540578, 15540583, 13444829, 9371374, 9371370, 8903408, 9371377, 15532022, 12804277, 12226901, 15541447, 15540585, 12066051, 15543125","998672, 5902481, 5668015, 5668016, 5668018, 998566, 5668020, 6063083, 5382358, 5668034, 5517096, 998550, 5668030, 7629393, 12696213, 10809081, 5668033, 998568, 9560231, 5068733, 5068732, 5062318, 998538, 5382366, 5062709, 5382356, 5901649, 5668052, 998545, 1011259, 5668063, 5062690, 998588, 5668067, 5062332, 5062341, 9559413, 10668027, 7629387, 5907370, 5382364, 998583, 5062695, 5062336, 4944347, 5517399, 5377014, 998651, 5668088, 5062702, 1258854, 5668090, 5062718, 5668095, 5062654, 998674, 998666, 5668039, 998659, 998624, 1024067, 998609, 998542, 998543, 998544, 5517401, 5668083, 5668082, 5062710, 12879952, 5517594, 998570, 998657, 998612, 8785879, 998603",dobrý,NA,NA,NA,NA,dobrý,chu,NA,1
CZ0214025,Barbastella barbastellus,POP_PRESENCE,ano,2015,5556b,"EVL Plakánek - PL3, EVL Plakánek - PL4","9545374, 9545380","5834826, 5834983",ano,val,ano,přítomnost druhu,ano,dobrý,chu,val,0
CZ0214025,Barbastella barbastellus,CELKOVE_HODNOCENI,NA,2015,5556b,"EVL Plakánek - PL3, EVL Plakánek - PL4","9545374, 9545380","5834826, 5834983",dobrý,NA,NA,NA,NA,dobrý,chu,NA,0
CZ0214042,Barbastella barbastellus,POP_PRESENCE,ano,2017,6348d,Skořice v Brdech,10079357,6322072,ano,val,ano,přítomnost druhu,ano,dobrý,chu,val,0
CZ0214042,Barbastella barbastellus,CELKOVE_HODNOCENI,NA,2017,6348d,Skořice v Brdech,10079357,6322072,dobrý,NA,NA,NA,NA,dobrý,chu,NA,0
CZ0214050,Barbastella barbastellus,POP_PRESENCE,ano,2023,"5858c, 5857b","NPR Kněžičky - transekt č. 4, NPR Kněžičky - transekt č. 7","12556076, 12541262","9354765, 9354771",ano,val,ano,přítomnost druhu,ano,dobrý,chu,val,0
CZ0214050,Barbastella barbastellus,CELKOVE_HODNOCENI,NA,2023,"5858c, 5857b","NPR Kněžičky - transekt č. 4, NPR Kněžičky - transekt č. 7","12556076, 12541262","9354765, 9354771",dobrý,NA,NA,NA,NA,dobrý,chu,NA,0
CZ0310014,Barbastella barbastellus,POP_PRESENCE,ano,2015,7050a,EVL Libín,9822648,6077931,ano,val,ano,přítomnost druhu,ano,dobrý,chu,val,0
CZ0310014,Barbastella barbastellus,CELKOVE_HODNOCENI,NA,2015,7050a,EVL Libín,9822648,6077931,dobrý,NA,NA,NA,NA,dobrý,chu,NA,0
CZ0310020,Barbastella barbastellus,POP_PRESENCE,ano,"2015, 2019",6751d,"EVL Velký a Malý Kamýk, Nová Ves u Protivína","9822649, 10757227","6077934, 7075596",ano,val,ano,přítomnost druhu,ano,dobrý,chu,val,0
CZ0310020,Barbastella barbastellus,CELKOVE_HODNOCENI,NA,"2015, 2019",6751d,"EVL Velký a Malý Kamýk, Nová Ves u Protivína","9822649, 10757227","6077934, 7075596",dobrý,NA,NA,NA,NA,dobrý,chu,NA,0
CZ0310032,Barbastella barbastellus,POP_PRESENCE,ano,2015,7351d,Čertova stěna - Luč,9667851,5934694,ano,val,ano,přítomnost druhu,ano,dobrý,chu,val,0
CZ0310032,Barbastella barbastellus,CELKOVE_HODNOCENI,NA,2015,7351d,Čertova stěna - Luč,9667851,5934694,dobrý,NA,NA,NA,NA,dobrý,chu,NA,0
CZ0310163,Barbastella barbastellus,POP_PRESENCE,ano,2015,7354a,NPR Žofínský prales,10144726,6376947,ano,val,ano,přítomnost druhu,ano,dobrý,chu,val,0
CZ0310163,Barbastella barbastellus,CELKOVE_HODNOCENI,NA,2015,7354a,NPR Žofínský prales,10144726,6376947,dobrý,NA,NA,NA,NA,dobrý,chu,NA,0
CZ0313098,Barbastella barbastellus,POP_PRESENCE,ano,2022,6854c,Bošilec,12071011,8790429,ano,val,ano,přítomnost druhu,ano,dobrý,chu,val,0
CZ0313098,Barbastella barbastellus,CELKOVE_HODNOCENI,NA,2022,6854c,Bošilec,12071011,8790429,dobrý,NA,NA,NA,NA,dobrý,chu,NA,0
CZ0313137,Barbastella barbastellus,POP_PRESENCE,ano,2015,"83,""7254b""",EVL Veveřský potok,9823267,6078861,ano,val,ano,přítomnost druhu,ano,dobrý,chu,val,0
CZ0313137,Barbastella barbastellus,CELKOVE_HODNOCENI,NA,2015,"83,""7254b""",EVL Veveřský potok,9823267,6078861,dobrý,NA,NA,NA,NA,dobrý,chu,NA,0
CZ0314019,Barbastella barbastellus,POP_PRESENCE,ano,2022,6954a,Lomnice nad Lužnicí,"12070988, 12071007",8790356,ano,val,ano,přítomnost druhu,ano,dobrý,chu,val,0
CZ0314019,Barbastella barbastellus,CELKOVE_HODNOCENI,NA,2022,6954a,Lomnice nad Lužnicí,"12070988, 12071007",8790356,dobrý,NA,NA,NA,NA,dobrý,chu,NA,0
CZ0314023,Barbastella barbastellus,POP_PRESENCE,ano,"2021, 2023, 2012","09,""6955c"", 28,""6955c"", 6955c, 7155a, 25,""6954d""","Holičky u Staré Hlíny, PR Horní Lužnice, hráz Rožmberka","11728264, 13054201, 13054231, 8916312","8246430, 10079580, 5385144",ano,val,ano,přítomnost druhu,ano,dobrý,chu,val,0
CZ0314023,Barbastella barbastellus,CELKOVE_HODNOCENI,NA,"2021, 2023, 2012","09,""6955c"", 28,""6955c"", 6955c, 7155a, 25,""6954d""","Holičky u Staré Hlíny, PR Horní Lužnice, hráz Rožmberka","11728264, 13054201, 13054231, 8916312","8246430, 10079580, 5385144",dobrý,NA,NA,NA,NA,dobrý,chu,NA,0
CZ0314024,Barbastella barbastellus,POP_PRESENCE,ano,"2022, 2012, 2013, 2016, 2015, 2020, 2019, 2021, 2024, 2018, 2023","6847c, 7250a, 84,""7050c"", 7149c, 6946d, 7049a, 6846d, 6947c, 7048b, 99,""7048b"", 7149d, 7250b, 7049c, 99,""7049a"", 92,""6948c"", 34,""7048d"", 6949c, 6846c, 6744b, 6745c, 6947a, 6846c, 6946a","6847-344, Amálino údolí - štola Dóm, Amálino údolí - štola I, Amálino údolí - štola II, Amálino údolí - štola Nad Nadějí, Amálino údolí - štola Vlevo, Bližší Lhota, EVL Šumava (projekt JCK), Jelení vrchy - Schwarzenbergský kanál, Klatovy, Krkonošská národní park, CZ-PK, CZ, Krejčovice - štola, Krkonošská národní park, CZ-PK, CZ, Kvilda, Křemelná - štola U jelena, Mlynářovice - štola, NPR Boubínský prales (oplocené jádro rezervace), NPR Boubínský prales 2424, Nová Pec, Olšina, PP Jilmová skála 934, PP Vraniště 2175, PR Milešický prales 1154, PR Na soutoku 5607, PR Radost 3370, PR Zátoňská hora 1148, PR Čertova stráň, PR Čertova stráň 1598, Prášily, Stodůlky - štola, Svatá Kateřina - štola, U kapličky - štola, Zelená Lhota, u PR Lakmal, Zhůří u Rejštejna, Ždanidla","12515114, 8524742, 8524761, 8524763, 8524815, 8525220, 8917846, 9150563, 8524773, 8524775, 10286912, 8524785, 10286786, 8917837, 8525215, 8524811, 10144709, 11296503, 11296504, 11296505, 11296506, 10731709, 11502713, 11770069, 11770071, 11770074, 11770075, 11770082, 11770084, 11281421, 11281423, 11281409, 11281411, 10983649, 11770061, 11770063, 11281407, 11281394, 11281396, 11281398, 13149473, 8524838, 8525214, 8525216, 10547367, 11002784, 12747527","7038450, 5063970, 5063987, 5063990, 5064021, 5064300, 5385676, 5496480, 5063995, 6558421, 5064000, 6558298, 5385672, 5064295, 5064016, 6376934, 6823365, 7051509, 7948729, 7581223, 8314643, 7656354, 7656280, 7282245, 7966679, 7656333, 7656308, 10257882, 5064045, 5064294, 5064296, 6835701, 7301349, 9561062",ano,val,ano,přítomnost druhu,ano,dobrý,chu,val,0
CZ0314024,Barbastella barbastellus,CELKOVE_HODNOCENI,NA,"2022, 2012, 2013, 2016, 2015, 2020, 2019, 2021, 2024, 2018, 2023","6847c, 7250a, 84,""7050c"", 7149c, 6946d, 7049a, 6846d, 6947c, 7048b, 99,""7048b"", 7149d, 7250b, 7049c, 99,""7049a"", 92,""6948c"", 34,""7048d"", 6949c, 6846c, 6744b, 6745c, 6947a, 6846c, 6946a","6847-344, Amálino údolí - štola Dóm, Amálino údolí - štola I, Amálino údolí - štola II, Amálino údolí - štola Nad Nadějí, Amálino údolí - štola Vlevo, Bližší Lhota, EVL Šumava (projekt JCK), Jelení vrchy - Schwarzenbergský kanál, Klatovy, Krkonošská národní park, CZ-PK, CZ, Krejčovice - štola, Krkonošská národní park, CZ-PK, CZ, Kvilda, Křemelná - štola U jelena, Mlynářovice - štola, NPR Boubínský prales (oplocené jádro rezervace), NPR Boubínský prales 2424, Nová Pec, Olšina, PP Jilmová skála 934, PP Vraniště 2175, PR Milešický prales 1154, PR Na soutoku 5607, PR Radost 3370, PR Zátoňská hora 1148, PR Čertova stráň, PR Čertova stráň 1598, Prášily, Stodůlky - štola, Svatá Kateřina - štola, U kapličky - štola, Zelená Lhota, u PR Lakmal, Zhůří u Rejštejna, Ždanidla","12515114, 8524742, 8524761, 8524763, 8524815, 8525220, 8917846, 9150563, 8524773, 8524775, 10286912, 8524785, 10286786, 8917837, 8525215, 8524811, 10144709, 11296503, 11296504, 11296505, 11296506, 10731709, 11502713, 11770069, 11770071, 11770074, 11770075, 11770082, 11770084, 11281421, 11281423, 11281409, 11281411, 10983649, 11770061, 11770063, 11281407, 11281394, 11281396, 11281398, 13149473, 8524838, 8525214, 8525216, 10547367, 11002784, 12747527","7038450, 5063970, 5063987, 5063990, 5064021, 5064300, 5385676, 5496480, 5063995, 6558421, 5064000, 6558298, 5385672, 5064295, 5064016, 6376934, 6823365, 7051509, 7948729, 7581223, 8314643, 7656354, 7656280, 7282245, 7966679, 7656333, 7656308, 10257882, 5064045, 5064294, 5064296, 6835701, 7301349, 9561062",dobrý,NA,NA,NA,NA,dobrý,chu,NA,0
CZ0314124,Barbastella barbastellus,POP_PRESENCE,ano,"2013, 2019, 2025, 2024","22,""7152a"", 7152a, 7152b, 7151c","EVL Blanský les (projekt JCK), Jamné - 3 štoly v údolí Vltavy, Jamné - tři štoly v kaňonu Vltavy, Třísov - štola, Červený Dvůr, Chvalšiny","9150602, 11223038, 15620448, 11223039, 13394074","5496503, 6841234, 5067181, 5067524, 10614522",ano,val,ano,přítomnost druhu,ano,dobrý,chu,val,0
CZ0314124,Barbastella barbastellus,CELKOVE_HODNOCENI,NA,"2013, 2019, 2025, 2024","22,""7152a"", 7152a, 7152b, 7151c","EVL Blanský les (projekt JCK), Jamné - 3 štoly v údolí Vltavy, Jamné - tři štoly v kaňonu Vltavy, Třísov - štola, Červený Dvůr, Chvalšiny","9150602, 11223038, 15620448, 11223039, 13394074","5496503, 6841234, 5067181, 5067524, 10614522",dobrý,NA,NA,NA,NA,dobrý,chu,NA,0
CZ0314634,Barbastella barbastellus,POP_PRESENCE,ano,"2025, 2023",6554d,"Chýnovská jeskyně, NPP Chýnovská jeskyně - vchod","15620552, 12705425","5062276, 9484682",ano,val,ano,přítomnost druhu,ano,dobrý,chu,val,0
CZ0314634,Barbastella barbastellus,CELKOVE_HODNOCENI,NA,"2025, 2023",6554d,"Chýnovská jeskyně, NPP Chýnovská jeskyně - vchod","15620552, 12705425","5062276, 9484682",dobrý,NA,NA,NA,NA,dobrý,chu,NA,0
CZ0320030,Barbastella barbastellus,POP_PRESENCE,ano,"2018, 2015","6542a, 6542d","PR Starý Hirštejn, Stará Huť - Tyrolka, Starý Herštejn","10525368, 10525377, 10073828, 10073826","6824222, 6316835, 6316834",ano,val,ano,přítomnost druhu,ano,dobrý,chu,val,0
CZ0320030,Barbastella barbastellus,CELKOVE_HODNOCENI,NA,"2018, 2015","6542a, 6542d","PR Starý Hirštejn, Stará Huť - Tyrolka, Starý Herštejn","10525368, 10525377, 10073828, 10073826","6824222, 6316835, 6316834",dobrý,NA,NA,NA,NA,dobrý,chu,NA,0
CZ0320043,Barbastella barbastellus,POP_PRESENCE,ano,2019,6240b,PR Pavlova Huť,11273363,7648456,ano,val,ano,přítomnost druhu,ano,dobrý,chu,val,0
CZ0320043,Barbastella barbastellus,CELKOVE_HODNOCENI,NA,2019,6240b,PR Pavlova Huť,11273363,7648456,dobrý,NA,NA,NA,NA,dobrý,chu,NA,0
CZ0320053,Barbastella barbastellus,POP_PRESENCE,ano,2015,6048d,NPR Kohoutov,10144710,6376935,ano,val,ano,přítomnost druhu,ano,dobrý,chu,val,0
CZ0320053,Barbastella barbastellus,CELKOVE_HODNOCENI,NA,2015,6048d,NPR Kohoutov,10144710,6376935,dobrý,NA,NA,NA,NA,dobrý,chu,NA,0
CZ0320140,Barbastella barbastellus,POP_PRESENCE,ano,"2015, 2013","6447c, 6447d","EVL Chejlava, NPR Chejlava 127, NPR Chejlava transekt 1, NPR Chejlava transekt 2, lokalita ""Hřeben"", lokalita ""Kámen - u rybníčku"", lokalita ""Kámen-vrchol"", lokalita ""NPR - jih"", lokalita ""NPR - sever"", lokalita ""NPR - u tůní"", lokalita ""Pánova louka "", lokalita ""Studánka"", lokalita ""U trati"", lokalita ""V jámě""","10077151, 8876580, 8878417, 8878418, 10077153, 10077152, 10077154, 10077155, 10077156, 10077157, 10077158, 10077159, 10077160, 10077162, 10077163, 10077161","6320297, 1308508, 5359273, 5359275, 6320270, 6320222, 6320219, 6320273, 6320214, 6320138, 6320227, 6320220, 6320216, 6320215",ano,val,ano,přítomnost druhu,ano,dobrý,chu,val,0
CZ0320140,Barbastella barbastellus,CELKOVE_HODNOCENI,NA,"2015, 2013","6447c, 6447d","EVL Chejlava, NPR Chejlava 127, NPR Chejlava transekt 1, NPR Chejlava transekt 2, lokalita ""Hřeben"", lokalita ""Kámen - u rybníčku"", lokalita ""Kámen-vrchol"", lokalita ""NPR - jih"", lokalita ""NPR - sever"", lokalita ""NPR - u tůní"", lokalita ""Pánova louka "", lokalita ""Studánka"", lokalita ""U trati"", lokalita ""V jámě""","10077151, 8876580, 8878417, 8878418, 10077153, 10077152, 10077154, 10077155, 10077156, 10077157, 10077158, 10077159, 10077160, 10077162, 10077163, 10077161","6320297, 1308508, 5359273, 5359275, 6320270, 6320222, 6320219, 6320273, 6320214, 6320138, 6320227, 6320220, 6320216, 6320215",dobrý,NA,NA,NA,NA,dobrý,chu,NA,0
CZ0320180,Barbastella barbastellus,POP_PRESENCE,ano,2018,6642b,PR Smrčí,10542626,6831055,ano,val,ano,přítomnost druhu,ano,dobrý,chu,val,0
CZ0320180,Barbastella barbastellus,CELKOVE_HODNOCENI,NA,2018,6642b,PR Smrčí,10542626,6831055,dobrý,NA,NA,NA,NA,dobrý,chu,NA,0
CZ0323151,Barbastella barbastellus,POP_PRESENCE,ano,2019,6341c,"Rozvadov, Rybničná, Kateřinský potok",10855117,7168611,ano,val,ano,přítomnost druhu,ano,dobrý,chu,val,0
CZ0323151,Barbastella barbastellus,CELKOVE_HODNOCENI,NA,2019,6341c,"Rozvadov, Rybničná, Kateřinský potok",10855117,7168611,dobrý,NA,NA,NA,NA,dobrý,chu,NA,0
CZ0323637,Barbastella barbastellus,POP_PRESENCE,ano,"2021, 2017",6046d,"EVL Štola Rohatiny I, Kočín - štola","12967779, 10087525","9901108, 5063998",ano,val,ano,přítomnost druhu,ano,dobrý,chu,val,0
CZ0323637,Barbastella barbastellus,CELKOVE_HODNOCENI,NA,"2021, 2017",6046d,"EVL Štola Rohatiny I, Kočín - štola","12967779, 10087525","9901108, 5063998",dobrý,NA,NA,NA,NA,dobrý,chu,NA,0
CZ0323638,Barbastella barbastellus,POP_PRESENCE,ano,2025,6042d,Výškovice - štola Jeskyně Inků,15537615,5177049,ano,val,ano,přítomnost druhu,ano,dobrý,chu,val,0
CZ0323638,Barbastella barbastellus,CELKOVE_HODNOCENI,NA,2025,6042d,Výškovice - štola Jeskyně Inků,15537615,5177049,dobrý,NA,NA,NA,NA,dobrý,chu,NA,0
CZ0323639,Barbastella barbastellus,POP_PRESENCE,ano,2022,6047c,EVL Liblín - lihovar,12967789,1215110,ano,val,ano,přítomnost druhu,ano,dobrý,chu,val,0
CZ0323639,Barbastella barbastellus,CELKOVE_HODNOCENI,NA,2022,6047c,EVL Liblín - lihovar,12967789,1215110,dobrý,NA,NA,NA,NA,dobrý,chu,NA,0
CZ0323645,Barbastella barbastellus,POP_PRESENCE,ano,2022,6042d,EVL Štola Věra,12496974,1215134,ano,val,ano,přítomnost druhu,ano,dobrý,chu,val,0
CZ0323645,Barbastella barbastellus,CELKOVE_HODNOCENI,NA,2022,6042d,EVL Štola Věra,12496974,1215134,dobrý,NA,NA,NA,NA,dobrý,chu,NA,0
CZ0323646,Barbastella barbastellus,POP_PRESENCE,ano,"2024, 2018",6244a,"EVL Stříbro - štoly Dlouhý tah, Stříbro - štola Dlouhý tah","12967772, 10730119","9901103, 5064290",ano,val,ano,přítomnost druhu,ano,dobrý,chu,val,0
CZ0323646,Barbastella barbastellus,CELKOVE_HODNOCENI,NA,"2024, 2018",6244a,"EVL Stříbro - štoly Dlouhý tah, Stříbro - štola Dlouhý tah","12967772, 10730119","9901103, 5064290",dobrý,NA,NA,NA,NA,dobrý,chu,NA,0
CZ0324026,Barbastella barbastellus,POP_PRESENCE,ano,2015,6542c,"Bývalá Lučina, Bývalá Mýtnice","10074231, 10074232","6317302, 6317303",ano,val,ano,přítomnost druhu,ano,dobrý,chu,val,0
CZ0324026,Barbastella barbastellus,CELKOVE_HODNOCENI,NA,2015,6542c,"Bývalá Lučina, Bývalá Mýtnice","10074231, 10074232","6317302, 6317303",dobrý,NA,NA,NA,NA,dobrý,chu,NA,0
CZ0410001,Barbastella barbastellus,POP_PRESENCE,ano,2017,5641a,Kraslice - Tisová - štola,10073246,6316260,ano,val,ano,přítomnost druhu,ano,dobrý,chu,val,0
CZ0410001,Barbastella barbastellus,CELKOVE_HODNOCENI,NA,2017,5641a,Kraslice - Tisová - štola,10073246,6316260,dobrý,NA,NA,NA,NA,dobrý,chu,NA,0
CZ0410150,Barbastella barbastellus,POP_PRESENCE,ano,2013,5840c,NPR Soos,8913606,5383172,ano,val,ano,přítomnost druhu,ano,dobrý,chu,val,0
CZ0410150,Barbastella barbastellus,CELKOVE_HODNOCENI,NA,2013,5840c,NPR Soos,8913606,5383172,dobrý,NA,NA,NA,NA,dobrý,chu,NA,0
CZ0410414,Barbastella barbastellus,POP_PRESENCE,ano,2022,5941d,"Mar. Lázně, Hřebenová cesta",12728755,9534931,ano,val,ano,přítomnost druhu,ano,dobrý,chu,val,0
CZ0410414,Barbastella barbastellus,CELKOVE_HODNOCENI,NA,2022,5941d,"Mar. Lázně, Hřebenová cesta",12728755,9534931,dobrý,NA,NA,NA,NA,dobrý,chu,NA,0
CZ0413177,Barbastella barbastellus,POP_PRESENCE,ano,2013,"31,""5738b""",NPP Lužní potok 1167,8914179,5383542,ano,val,ano,přítomnost druhu,ano,dobrý,chu,val,0
CZ0413177,Barbastella barbastellus,CELKOVE_HODNOCENI,NA,2013,"31,""5738b""",NPP Lužní potok 1167,8914179,5383542,dobrý,NA,NA,NA,NA,dobrý,chu,NA,0
CZ0413195,Barbastella barbastellus,POP_PRESENCE,ano,2015,5942b,Tisová u Otročína - řeka Teplá,9644368,5912928,ano,val,ano,přítomnost druhu,ano,dobrý,chu,val,0
CZ0413195,Barbastella barbastellus,CELKOVE_HODNOCENI,NA,2015,5942b,Tisová u Otročína - řeka Teplá,9644368,5912928,dobrý,NA,NA,NA,NA,dobrý,chu,NA,0
CZ0414110,Barbastella barbastellus,POP_PRESENCE,ano,"2025, 2013","5643a, 5642b, 63,""5643a"", 5641b","Božídarské rašeliniště – Mrtvý rybník – výpustní štola, Božídarské rašeliniště – Seidlův rybník – výpustní štola, Hřebečná - Bludná - Wildbahner, NPR Božídarské rašeliniště, NPR Velký močál - severní okraj","15620613, 15620612, 15537555, 8931604, 8931605, 8912763","6062818, 6062817, 5177130, 5387934, 5382840",ano,val,ano,přítomnost druhu,ano,dobrý,chu,val,0
CZ0414110,Barbastella barbastellus,CELKOVE_HODNOCENI,NA,"2025, 2013","5643a, 5642b, 63,""5643a"", 5641b","Božídarské rašeliniště – Mrtvý rybník – výpustní štola, Božídarské rašeliniště – Seidlův rybník – výpustní štola, Hřebečná - Bludná - Wildbahner, NPR Božídarské rašeliniště, NPR Velký močál - severní okraj","15620613, 15620612, 15537555, 8931604, 8931605, 8912763","6062818, 6062817, 5177130, 5387934, 5382840",dobrý,NA,NA,NA,NA,dobrý,chu,NA,0
CZ0414127,Barbastella barbastellus,POP_PRESENCE,ano,"2015, 2019, 2014, 2025, 2016, 2018, 2017, 2020, 2024, 2022, 2021, 2023, 2013, 2012","5845a, 5744c, 5743d, 5645c, 5745c, 5644d, 5744a, 5644c, 5744d, 5844a, 5745a, 5744b, 12,""5644d"", 5845b","Albeřice - lom, Albeřice, Albeřické rybníky, jih, Bražec u Hradiště, Bražec u Hradiště - Mlýnská - sklepy u silnice, Bražec u Hradiště - Stichlův mlýn - štola, Bražec u Hradiště - Svatobor - sklep fary, Bražec u Hradiště - Činov - sklep, Bražec u Hradiště - Činov - sklep IV, Dolní Halže -  štola 2, Dolní Halže - štola 1, Donín, Doupov - Jeseň - rybník, Doupov - Korunní - Hluboký žlab, Doupov - Svěrák, Doupov - nad Mlýnskou, Doupov - pod Havraněm - Mýtina, Doupov - rybníček pod Tokem, Doupov - údolí Petrovského potoka, Doupov u Hradiště - Korunní - štola Perlová, Doupov u Hradiště - Tocov - sklep u lýkovců, Doupov, Donín - Donínský potok, Doupov, Hluboký žlab, Doupov, Kojetín, Ratiboř, Doupov, Kyselka, cesta k rozhledně, Doupov, Lochotín, u kostela, Doupov, Lopota, Doupov, Ovčárna, Doupov, Petrovský potok - Mlýn u Kyselky, Doupov, Petrovský potok - horní úsek, Doupov, Petrovský potok - k vodopádu, Doupov, Pod Havraněm - dolní, Doupov, Pod Havraněm - horní, Doupov, Radošov, rybníček pod Uhlířským vrchem, Doupov, Sedlec, Dubá, Doupov, Velichov - u Petrovského potoka, Doupov, cesta pod Lopotou, Doupov, pod Pustým zámkem, Doupov, pod Svěrákem, Doupov, serpentina nad kruštíky, Doupov, západně od Pustého zámku, Doupov, Čertova rokle, Doupov, Činov, rybník, Doupov, Žebletín - u potoka Liboce, Doupov, Žďár - potok Liboc, Doupov, Žďár - u Hrázského mlýna, Doupov, Žďár, Liboc, Doupov, Žďár, cesta, Jindřichov - sklep, Kotvina, Malá Lesná - sklep, PP Valeč - pod kopcem Číhaná, Radošov u Hradiště - Lochotín - Zlatý vrch (Goldberg), Skalky skřítků, Stichlův mlýn - štola, Valeč, Sklárna, rybníky na potoce Blšanka, Valeč, cesta na Jedliny, Vlkaň - Dubina, Vlkáň, Zlatý vrch - štola, Žďár u Hradiště - býv. Hora - sklep, Žďár u Hradiště, zaniklá obec","9536547, 10857358, 8998053, 15537733, 15537532, 15537533, 15537528, 9792743, 15620617, 15620616, 10362563, 9792485, 9791105, 9791853, 9791855, 9792465, 10085936, 11257667, 11257668, 15537518, 12830148, 10086026, 11257376, 11257377, 13126705, 10808634, 10853408, 10808622, 12063701, 10086010, 10086009, 10086011, 11257661, 11257662, 11715891, 10808638, 10086008, 10808624, 12063700, 10808610, 10808606, 10808603, 10853419, 10853410, 10086001, 10085999, 10085998, 10623571, 10853756, 12957306, 11201836, 9545204, 10086017, 13394973, 10143417, 8917362, 10808628, 10853404, 10552744, 10364360, 8534627, 9391496, 12729080","5827992, 7171273, 5395745, 5177277, 5177060, 5177159, 5177276, 6051012, 9238872, 9238871, 6635269, 6050668, 6049415, 6050072, 6050074, 6050649, 6328740, 7629971, 5177160, 9674195, 6328836, 7629638, 10226760, 7161351, 7166576, 7161339, 8783244, 6328820, 6328819, 6328821, 7629967, 7629968, 8232770, 7161356, 6328818, 7161342, 8783241, 7161328, 7161324, 7161321, 7166587, 7166578, 6328811, 6328809, 6328808, 6923622, 7166975, 9874638, 6073795, 5399614, 6328826, 5177061, 6375782, 5385514, 7161346, 7166572, 6840823, 6638407, 5069325, 5679492, 9535559",ano,val,ano,přítomnost druhu,ano,dobrý,chu,val,0
CZ0414127,Barbastella barbastellus,CELKOVE_HODNOCENI,NA,"2015, 2019, 2014, 2025, 2016, 2018, 2017, 2020, 2024, 2022, 2021, 2023, 2013, 2012","5845a, 5744c, 5743d, 5645c, 5745c, 5644d, 5744a, 5644c, 5744d, 5844a, 5745a, 5744b, 12,""5644d"", 5845b","Albeřice - lom, Albeřice, Albeřické rybníky, jih, Bražec u Hradiště, Bražec u Hradiště - Mlýnská - sklepy u silnice, Bražec u Hradiště - Stichlův mlýn - štola, Bražec u Hradiště - Svatobor - sklep fary, Bražec u Hradiště - Činov - sklep, Bražec u Hradiště - Činov - sklep IV, Dolní Halže -  štola 2, Dolní Halže - štola 1, Donín, Doupov - Jeseň - rybník, Doupov - Korunní - Hluboký žlab, Doupov - Svěrák, Doupov - nad Mlýnskou, Doupov - pod Havraněm - Mýtina, Doupov - rybníček pod Tokem, Doupov - údolí Petrovského potoka, Doupov u Hradiště - Korunní - štola Perlová, Doupov u Hradiště - Tocov - sklep u lýkovců, Doupov, Donín - Donínský potok, Doupov, Hluboký žlab, Doupov, Kojetín, Ratiboř, Doupov, Kyselka, cesta k rozhledně, Doupov, Lochotín, u kostela, Doupov, Lopota, Doupov, Ovčárna, Doupov, Petrovský potok - Mlýn u Kyselky, Doupov, Petrovský potok - horní úsek, Doupov, Petrovský potok - k vodopádu, Doupov, Pod Havraněm - dolní, Doupov, Pod Havraněm - horní, Doupov, Radošov, rybníček pod Uhlířským vrchem, Doupov, Sedlec, Dubá, Doupov, Velichov - u Petrovského potoka, Doupov, cesta pod Lopotou, Doupov, pod Pustým zámkem, Doupov, pod Svěrákem, Doupov, serpentina nad kruštíky, Doupov, západně od Pustého zámku, Doupov, Čertova rokle, Doupov, Činov, rybník, Doupov, Žebletín - u potoka Liboce, Doupov, Žďár - potok Liboc, Doupov, Žďár - u Hrázského mlýna, Doupov, Žďár, Liboc, Doupov, Žďár, cesta, Jindřichov - sklep, Kotvina, Malá Lesná - sklep, PP Valeč - pod kopcem Číhaná, Radošov u Hradiště - Lochotín - Zlatý vrch (Goldberg), Skalky skřítků, Stichlův mlýn - štola, Valeč, Sklárna, rybníky na potoce Blšanka, Valeč, cesta na Jedliny, Vlkaň - Dubina, Vlkáň, Zlatý vrch - štola, Žďár u Hradiště - býv. Hora - sklep, Žďár u Hradiště, zaniklá obec","9536547, 10857358, 8998053, 15537733, 15537532, 15537533, 15537528, 9792743, 15620617, 15620616, 10362563, 9792485, 9791105, 9791853, 9791855, 9792465, 10085936, 11257667, 11257668, 15537518, 12830148, 10086026, 11257376, 11257377, 13126705, 10808634, 10853408, 10808622, 12063701, 10086010, 10086009, 10086011, 11257661, 11257662, 11715891, 10808638, 10086008, 10808624, 12063700, 10808610, 10808606, 10808603, 10853419, 10853410, 10086001, 10085999, 10085998, 10623571, 10853756, 12957306, 11201836, 9545204, 10086017, 13394973, 10143417, 8917362, 10808628, 10853404, 10552744, 10364360, 8534627, 9391496, 12729080","5827992, 7171273, 5395745, 5177277, 5177060, 5177159, 5177276, 6051012, 9238872, 9238871, 6635269, 6050668, 6049415, 6050072, 6050074, 6050649, 6328740, 7629971, 5177160, 9674195, 6328836, 7629638, 10226760, 7161351, 7166576, 7161339, 8783244, 6328820, 6328819, 6328821, 7629967, 7629968, 8232770, 7161356, 6328818, 7161342, 8783241, 7161328, 7161324, 7161321, 7166587, 7166578, 6328811, 6328809, 6328808, 6923622, 7166975, 9874638, 6073795, 5399614, 6328826, 5177061, 6375782, 5385514, 7161346, 7166572, 6840823, 6638407, 5069325, 5679492, 9535559",dobrý,NA,NA,NA,NA,dobrý,chu,NA,0
CZ0420012,Barbastella barbastellus,POP_PRESENCE,ano,"2013, 2014, 2025",5645b,"Rokle - Želina - štola, Želina, Želina - štola","8799506, 9005276, 15620343","5177311, 1270681, 5382146",ano,val,ano,přítomnost druhu,ano,dobrý,chu,val,0
CZ0420012,Barbastella barbastellus,CELKOVE_HODNOCENI,NA,"2013, 2014, 2025",5645b,"Rokle - Želina - štola, Želina, Želina - štola","8799506, 9005276, 15620343","5177311, 1270681, 5382146",dobrý,NA,NA,NA,NA,dobrý,chu,NA,0
CZ0420015,Barbastella barbastellus,POP_PRESENCE,ano,2023,"01,""5650a"", 5650a","PR Myslivna - transekt č. 1, PR Myslivna - transekt č. 2, PR Myslivna - transekt č. 3, PR Myslivna - transekt č. 4","12559700, 12542702, 12559702, 12542703, 12559703, 12559705","9358785, 9358787, 9358789, 9358791",ano,val,ano,přítomnost druhu,ano,dobrý,chu,val,0
CZ0420015,Barbastella barbastellus,CELKOVE_HODNOCENI,NA,2023,"01,""5650a"", 5650a","PR Myslivna - transekt č. 1, PR Myslivna - transekt č. 2, PR Myslivna - transekt č. 3, PR Myslivna - transekt č. 4","12559700, 12542702, 12559702, 12542703, 12559703, 12559705","9358785, 9358787, 9358789, 9358791",dobrý,NA,NA,NA,NA,dobrý,chu,NA,0
CZ0420021,Barbastella barbastellus,POP_PRESENCE,ano,"2015, 2016, 2025, 2012, 2013","5545c, 5545d","EVL Kokrháč - Hasištejn, Hasištejn, Hasištejn - sklepení hradu, Hasištejn - štola 1, SZ od zříceniny hradu, Hasištejn - štola 2, SZ od zříceniny hradu, Hasištejn - štola 4, SZ od zříceniny hradu, Hasištejn - štoly, Hasištejn - štoly 1, 2, 3, 4, 5,, Hasištejnský komplex, štola č. 2, Hasištejnský komplex, štola č. 4, krátká na spodní cestě, Místo - Hasištejn - sklepení hradu, Místo - Hasištejn - štoly, Prunéřovské údolí - štola","9653067, 9820999, 15620341, 5610898, 5610900, 5610904, 15620342, 8533983, 5610246, 5610252, 8799509, 8799508, 15620344","5918287, 6075656, 5068724, 1227549, 1227546, 1227543, 5377318, 5068722, 4947980, 4947984, 5177314, 5177313, 5382147",ano,val,ano,přítomnost druhu,ano,dobrý,chu,val,0
CZ0420021,Barbastella barbastellus,CELKOVE_HODNOCENI,NA,"2015, 2016, 2025, 2012, 2013","5545c, 5545d","EVL Kokrháč - Hasištejn, Hasištejn, Hasištejn - sklepení hradu, Hasištejn - štola 1, SZ od zříceniny hradu, Hasištejn - štola 2, SZ od zříceniny hradu, Hasištejn - štola 4, SZ od zříceniny hradu, Hasištejn - štoly, Hasištejn - štoly 1, 2, 3, 4, 5,, Hasištejnský komplex, štola č. 2, Hasištejnský komplex, štola č. 4, krátká na spodní cestě, Místo - Hasištejn - sklepení hradu, Místo - Hasištejn - štoly, Prunéřovské údolí - štola","9653067, 9820999, 15620341, 5610898, 5610900, 5610904, 15620342, 8533983, 5610246, 5610252, 8799509, 8799508, 15620344","5918287, 6075656, 5068724, 1227549, 1227546, 1227543, 5377318, 5068722, 4947980, 4947984, 5177314, 5177313, 5382147",dobrý,NA,NA,NA,NA,dobrý,chu,NA,0
CZ0420026,Barbastella barbastellus,POP_PRESENCE,ano,2013,5448d,NPR Bořeň,"9003709, 9003714, 9003726, 9003733, 9003737, 9003740",1011443,ano,val,ano,přítomnost druhu,ano,dobrý,chu,val,0
CZ0420026,Barbastella barbastellus,CELKOVE_HODNOCENI,NA,2013,5448d,NPR Bořeň,"9003709, 9003714, 9003726, 9003733, 9003737, 9003740",1011443,dobrý,NA,NA,NA,NA,dobrý,chu,NA,0
CZ0420082,Barbastella barbastellus,POP_PRESENCE,ano,2015,"14,""5152d""",EVL Studenec,9823380,6079060,ano,val,ano,přítomnost druhu,ano,dobrý,chu,val,0
CZ0420082,Barbastella barbastellus,CELKOVE_HODNOCENI,NA,2015,"14,""5152d""",EVL Studenec,9823380,6079060,dobrý,NA,NA,NA,NA,dobrý,chu,NA,0
CZ0420144,Barbastella barbastellus,POP_PRESENCE,ano,"2013, 2021","5445d, 95,""5445d"", 5445d","NPR Novodomské rašeliniště, Nový rybník","8998017, 11603458","5395728, 8101452",ano,val,ano,přítomnost druhu,ano,dobrý,chu,val,0
CZ0420144,Barbastella barbastellus,CELKOVE_HODNOCENI,NA,"2013, 2021","5445d, 95,""5445d"", 5445d","NPR Novodomské rašeliniště, Nový rybník","8998017, 11603458","5395728, 8101452",dobrý,NA,NA,NA,NA,dobrý,chu,NA,0
CZ0420171,Barbastella barbastellus,POP_PRESENCE,ano,2015,5546a,EVL Údolí Hačky,9826740,6082510,ano,val,ano,přítomnost druhu,ano,dobrý,chu,val,0
CZ0420171,Barbastella barbastellus,CELKOVE_HODNOCENI,NA,2015,5546a,EVL Údolí Hačky,9826740,6082510,dobrý,NA,NA,NA,NA,dobrý,chu,NA,0
CZ0420416,Barbastella barbastellus,POP_PRESENCE,ano,2013,5449b,NPR Milešovka,9005312,1011441,ano,val,ano,přítomnost druhu,ano,dobrý,chu,val,0
CZ0420416,Barbastella barbastellus,CELKOVE_HODNOCENI,NA,2013,5449b,NPR Milešovka,9005312,1011441,dobrý,NA,NA,NA,NA,dobrý,chu,NA,0
CZ0420449,Barbastella barbastellus,POP_PRESENCE,ano,2013,"86,""5451b""",NPR Sedlo,"9005402, 9005435, 9005436",1011440,ano,val,ano,přítomnost druhu,ano,dobrý,chu,val,0
CZ0420449,Barbastella barbastellus,CELKOVE_HODNOCENI,NA,2013,"86,""5451b""",NPR Sedlo,"9005402, 9005435, 9005436",1011440,dobrý,NA,NA,NA,NA,dobrý,chu,NA,0
CZ0420500,Barbastella barbastellus,POP_PRESENCE,ano,2019,5250a,"PR Libouchecké rybníčky, k. ú. Libouchec",10983585,7282160,ano,val,ano,přítomnost druhu,ano,dobrý,chu,val,0
CZ0420500,Barbastella barbastellus,CELKOVE_HODNOCENI,NA,2019,5250a,"PR Libouchecké rybníčky, k. ú. Libouchec",10983585,7282160,dobrý,NA,NA,NA,NA,dobrý,chu,NA,0
CZ0420501,Barbastella barbastellus,POP_PRESENCE,ano,2019,"18,""5150c""","PR Niva Olšového potoka, k. ú. Petrovice u Chabařovic",10983573,7282162,ano,val,ano,přítomnost druhu,ano,dobrý,chu,val,0
CZ0420501,Barbastella barbastellus,CELKOVE_HODNOCENI,NA,2019,"18,""5150c""","PR Niva Olšového potoka, k. ú. Petrovice u Chabařovic",10983573,7282162,dobrý,NA,NA,NA,NA,dobrý,chu,NA,0
CZ0420507,Barbastella barbastellus,POP_PRESENCE,ano,2012,5153c,Rybniště - jeskyně Komora,8532984,5067779,ano,val,ano,přítomnost druhu,ano,dobrý,chu,val,0
CZ0420507,Barbastella barbastellus,CELKOVE_HODNOCENI,NA,2012,5153c,Rybniště - jeskyně Komora,8532984,5067779,dobrý,NA,NA,NA,NA,dobrý,chu,NA,0
CZ0420520,Barbastella barbastellus,POP_PRESENCE,ano,2015,"86,""5153b""",EVL Lužickohorské bučiny,9823272,6078870,ano,val,ano,přítomnost druhu,ano,dobrý,chu,val,0
CZ0420520,Barbastella barbastellus,CELKOVE_HODNOCENI,NA,2015,"86,""5153b""",EVL Lužickohorské bučiny,9823272,6078870,dobrý,NA,NA,NA,NA,dobrý,chu,NA,0
CZ0420528,Barbastella barbastellus,POP_PRESENCE,ano,2025,5544d,Měděnec - Štola Marie Pomocná,15620619,11876456,ano,val,ano,přítomnost druhu,ano,dobrý,chu,val,0
CZ0420528,Barbastella barbastellus,CELKOVE_HODNOCENI,NA,2025,5544d,Měděnec - Štola Marie Pomocná,15620619,11876456,dobrý,NA,NA,NA,NA,dobrý,chu,NA,0
CZ0422075,Barbastella barbastellus,POP_PRESENCE,ano,2012,5449d,NPP Borečský vrch,"9003500, 9003583, 9003587",1005604,ano,val,ano,přítomnost druhu,ano,dobrý,chu,val,0
CZ0422075,Barbastella barbastellus,CELKOVE_HODNOCENI,NA,2012,5449d,NPP Borečský vrch,"9003500, 9003583, 9003587",1005604,dobrý,NA,NA,NA,NA,dobrý,chu,NA,0
CZ0423202,Barbastella barbastellus,POP_PRESENCE,ano,2025,5449c,Březina – sklep bývalé vojenské ubytovny,15620716,11876453,ano,val,ano,přítomnost druhu,ano,dobrý,chu,val,0
CZ0423202,Barbastella barbastellus,CELKOVE_HODNOCENI,NA,2025,5449c,Březina – sklep bývalé vojenské ubytovny,15620716,11876453,dobrý,NA,NA,NA,NA,dobrý,chu,NA,0
CZ0423217,Barbastella barbastellus,POP_PRESENCE,ano,"2024, 2020, 2018, 2016",5746c,"Krásný Dvůr, Krásný Dvůr - jeskyně poustevna, Krásný Dvůr, zámecký park - u Obelisku, PP Krásný Dvůr - střed","13022217, 11103082, 10552758, 9791999","10036296, 7423080, 6840839, 6050240",ano,val,ano,přítomnost druhu,ano,dobrý,chu,val,0
CZ0423217,Barbastella barbastellus,CELKOVE_HODNOCENI,NA,"2024, 2020, 2018, 2016",5746c,"Krásný Dvůr, Krásný Dvůr - jeskyně poustevna, Krásný Dvůr, zámecký park - u Obelisku, PP Krásný Dvůr - střed","13022217, 11103082, 10552758, 9791999","10036296, 7423080, 6840839, 6050240",dobrý,NA,NA,NA,NA,dobrý,chu,NA,0
CZ0424031,Barbastella barbastellus,POP_PRESENCE,ano,"2012, 2025, 2018, 2023","5152b, 5052d, 5151b","Dolní Chřibská, Dolní Chřibská, Na Potoce - náhon, Doubice - Konírny, NP České Švýcarsko","5605782, 5605783, 15620438, 10599895, 13112653, 13112655, 13112662, 13112664, 13112666, 13112674, 13112683, 13112690, 13112692, 13112698, 13112706, 13112714, 13112728, 13112734, 13112749, 13112757, 13112764, 13112771, 13112778, 13112785, 13112787, 13112794, 13112796, 13112802, 13112808, 13112815, 13112828, 13112834, 13112841","4944402, 5061987, 6879923, 10200087",ano,val,ano,přítomnost druhu,ano,dobrý,chu,val,0
CZ0424031,Barbastella barbastellus,CELKOVE_HODNOCENI,NA,"2012, 2025, 2018, 2023","5152b, 5052d, 5151b","Dolní Chřibská, Dolní Chřibská, Na Potoce - náhon, Doubice - Konírny, NP České Švýcarsko","5605782, 5605783, 15620438, 10599895, 13112653, 13112655, 13112662, 13112664, 13112666, 13112674, 13112683, 13112690, 13112692, 13112698, 13112706, 13112714, 13112728, 13112734, 13112749, 13112757, 13112764, 13112771, 13112778, 13112785, 13112787, 13112794, 13112796, 13112802, 13112808, 13112815, 13112828, 13112834, 13112841","4944402, 5061987, 6879923, 10200087",dobrý,NA,NA,NA,NA,dobrý,chu,NA,0
CZ0424037,Barbastella barbastellus,POP_PRESENCE,ano,2013,5450c,NPR Lovoš,"9005467, 9005475",1818401,ano,val,ano,přítomnost druhu,ano,dobrý,chu,val,0
CZ0424037,Barbastella barbastellus,CELKOVE_HODNOCENI,NA,2013,5450c,NPR Lovoš,"9005467, 9005475",1818401,dobrý,NA,NA,NA,NA,dobrý,chu,NA,0
CZ0424111,Barbastella barbastellus,POP_PRESENCE,ano,"2024, 2023, 2017","25,""5151c"", 5151a, 5151c","Hřensko, Pytlačka, Skalní štěrbina u Suché Kamenice, Suchá Kamenice - skalní štěrbina, kaňon Labe","12824447, 12243656, 10069519, 10087446, 12956732","9661425, 8976263, 6311134, 5374512, 5061293",ano,val,ano,přítomnost druhu,ano,dobrý,chu,val,0
CZ0424111,Barbastella barbastellus,CELKOVE_HODNOCENI,NA,"2024, 2023, 2017","25,""5151c"", 5151a, 5151c","Hřensko, Pytlačka, Skalní štěrbina u Suché Kamenice, Suchá Kamenice - skalní štěrbina, kaňon Labe","12824447, 12243656, 10069519, 10087446, 12956732","9661425, 8976263, 6311134, 5374512, 5061293",dobrý,NA,NA,NA,NA,dobrý,chu,NA,0
CZ0424125,Barbastella barbastellus,POP_PRESENCE,ano,"2024, 2025, 2016, 2017, 2020, 2013, 2022, 2018, 2023, 2015, 2019, 2021, 2012","5644b, 5645a, 5644c, 5745b, 5645b, 5745c, 5743b, 5744a, 5645c, 5644a, 12,""5644b"", 7,""5644b"", 5845a, 5845b, 33,""5645c"", 5645d, 5743d","Boč – propustek, Brodce - štola, Damice, Údolí vlků - propustek pod tratí, Doupov - u Rašovických skal, Doupov, Lestkov - SV svahy Černého vrchu, Doupov, Mašťov - pod Radechovskými skalami, Doupov, Mašťov - u potoka Dubá, Doupov, Radonice - údolí Dubé, Horní Hrad, Horní Hrad - Nebesa, Horní Hrad - sklepy hradu, Jakubov, most přes Ohři, Kadaňská Jeseň - sklep, Klášterec nad Ohří - Šumburk - zřícenina hradu, Klášterec nad Ohří, Šumburk, Konice u Mašťova - Dobřenec, Krásný Les - Horní hrad - sklepy hradu, Krásný Les, Horní hrad - lesní rybníček, Krásný Les, u Hornohradského potoka, Krásný les - Horní Hrad - sklep u potoka, Kyselka - Mattoniho vila, Kyselka - sklep za spodní budovou, Kyselka - sklípek ve svahu za lázněmi 1, Kyselka - sklípek ve svahu za lázněmi 2, Kyselka - štolka za Ottovým pavilónem, Lestkov - sklep hradu, Lestkov u Klášterce - sklepení hradu, Lipová  ´rašeliniště ´, Malý Hrzín - Mufloní rokle, Malý Hrzín, cesta u Bočského potoka, Mašťov, Pyškovo jezírko, Mašťov, vrch Houština, Meziříčí, Nebesa, Nedíl - štola, Nová Kyselka, Nová Kyselka, cesta lesem podél Ohře, Nová Kyselka, cesta lesem u Ohře, Osvinov, Vrch, Pastviny - Brodce - štola, Peklo - Nebesa - zřícenina hradu, Peklo – zřícenina hradu Himlštejn (Nebesa), Pod Šumnou, Radošov u Kyselky, u Ohře, Rašovice, Rašovické skály, Smilov, svážnice nad Bočským potokem, Suchý Důl, Suchý důl u Klášterce - Nedíl - štola, Valeč, Valeč - sklepy v zámeckém parku, Valeč - Šibeniční vrch - štola, Valeč v Čechách - bučina v zámeckém parku, Vintířov, Vojkovice nad Ohří - propustek pod tratí, Vojkovice nad Ohří - propustek pod tratí II, Vrbička, rybník pod Linou, Zvoníčkov - sklep, Úhošť - sklepy, Úhošťany, Úhošťany - Kadaňská Jeseň - sklep, Úhošťany - Zvoníčkov, sklep stavení, Černýš - Lužný, Šemnice, Dubina - chata","14118929, 14119456, 15532847, 9791866, 10086022, 10086003, 10086004, 10086002, 9806287, 9806290, 11257378, 11257654, 8915796, 12062678, 8911258, 10261249, 12730176, 9644078, 15537525, 10085938, 10085984, 15537527, 15537716, 15537717, 15537715, 15537718, 15537714, 11223145, 8799510, 14980273, 9806258, 12729085, 10750664, 10853758, 12537248, 11198283, 15620665, 11954524, 12062681, 12062682, 12728752, 11101842, 8799454, 15620607, 13049656, 10853757, 11196675, 11205764, 12729084, 15259758, 15537526, 11642604, 11642606, 15537642, 10261132, 9655215, 11231977, 15537541, 15537542, 10853425, 10087465, 8195514, 8573775, 8799512, 8799486, 15537523, 10553334","5834885, 11876457, 12881438, 6050085, 6328832, 6328813, 6328814, 6328812, 6062187, 7629639, 5384707, 8781269, 5382149, 5177300, 9537008, 5912604, 5177156, 6328741, 6328791, 5177265, 5177290, 5177291, 5177163, 5177292, 5177162, 5384794, 5177315, 12136974, 6062178, 9535569, 7067120, 7166977, 9340705, 6635637, 5384797, 8614749, 8781276, 8781277, 9534923, 5177284, 5177280, 5384621, 10065389, 7166976, 7541299, 7053536, 9535567, 12604199, 5177158, 8157439, 5177172, 5177171, 5918892, 7591010, 5177161, 5679497, 7166595, 5382150, 1270690, 5091352, 5177317, 5177301, 5176981, 6841408",ano,val,ano,přítomnost druhu,ano,dobrý,chu,val,0
CZ0424125,Barbastella barbastellus,CELKOVE_HODNOCENI,NA,"2024, 2025, 2016, 2017, 2020, 2013, 2022, 2018, 2023, 2015, 2019, 2021, 2012","5644b, 5645a, 5644c, 5745b, 5645b, 5745c, 5743b, 5744a, 5645c, 5644a, 12,""5644b"", 7,""5644b"", 5845a, 5845b, 33,""5645c"", 5645d, 5743d","Boč – propustek, Brodce - štola, Damice, Údolí vlků - propustek pod tratí, Doupov - u Rašovických skal, Doupov, Lestkov - SV svahy Černého vrchu, Doupov, Mašťov - pod Radechovskými skalami, Doupov, Mašťov - u potoka Dubá, Doupov, Radonice - údolí Dubé, Horní Hrad, Horní Hrad - Nebesa, Horní Hrad - sklepy hradu, Jakubov, most přes Ohři, Kadaňská Jeseň - sklep, Klášterec nad Ohří - Šumburk - zřícenina hradu, Klášterec nad Ohří, Šumburk, Konice u Mašťova - Dobřenec, Krásný Les - Horní hrad - sklepy hradu, Krásný Les, Horní hrad - lesní rybníček, Krásný Les, u Hornohradského potoka, Krásný les - Horní Hrad - sklep u potoka, Kyselka - Mattoniho vila, Kyselka - sklep za spodní budovou, Kyselka - sklípek ve svahu za lázněmi 1, Kyselka - sklípek ve svahu za lázněmi 2, Kyselka - štolka za Ottovým pavilónem, Lestkov - sklep hradu, Lestkov u Klášterce - sklepení hradu, Lipová  ´rašeliniště ´, Malý Hrzín - Mufloní rokle, Malý Hrzín, cesta u Bočského potoka, Mašťov, Pyškovo jezírko, Mašťov, vrch Houština, Meziříčí, Nebesa, Nedíl - štola, Nová Kyselka, Nová Kyselka, cesta lesem podél Ohře, Nová Kyselka, cesta lesem u Ohře, Osvinov, Vrch, Pastviny - Brodce - štola, Peklo - Nebesa - zřícenina hradu, Peklo – zřícenina hradu Himlštejn (Nebesa), Pod Šumnou, Radošov u Kyselky, u Ohře, Rašovice, Rašovické skály, Smilov, svážnice nad Bočským potokem, Suchý Důl, Suchý důl u Klášterce - Nedíl - štola, Valeč, Valeč - sklepy v zámeckém parku, Valeč - Šibeniční vrch - štola, Valeč v Čechách - bučina v zámeckém parku, Vintířov, Vojkovice nad Ohří - propustek pod tratí, Vojkovice nad Ohří - propustek pod tratí II, Vrbička, rybník pod Linou, Zvoníčkov - sklep, Úhošť - sklepy, Úhošťany, Úhošťany - Kadaňská Jeseň - sklep, Úhošťany - Zvoníčkov, sklep stavení, Černýš - Lužný, Šemnice, Dubina - chata","14118929, 14119456, 15532847, 9791866, 10086022, 10086003, 10086004, 10086002, 9806287, 9806290, 11257378, 11257654, 8915796, 12062678, 8911258, 10261249, 12730176, 9644078, 15537525, 10085938, 10085984, 15537527, 15537716, 15537717, 15537715, 15537718, 15537714, 11223145, 8799510, 14980273, 9806258, 12729085, 10750664, 10853758, 12537248, 11198283, 15620665, 11954524, 12062681, 12062682, 12728752, 11101842, 8799454, 15620607, 13049656, 10853757, 11196675, 11205764, 12729084, 15259758, 15537526, 11642604, 11642606, 15537642, 10261132, 9655215, 11231977, 15537541, 15537542, 10853425, 10087465, 8195514, 8573775, 8799512, 8799486, 15537523, 10553334","5834885, 11876457, 12881438, 6050085, 6328832, 6328813, 6328814, 6328812, 6062187, 7629639, 5384707, 8781269, 5382149, 5177300, 9537008, 5912604, 5177156, 6328741, 6328791, 5177265, 5177290, 5177291, 5177163, 5177292, 5177162, 5384794, 5177315, 12136974, 6062178, 9535569, 7067120, 7166977, 9340705, 6635637, 5384797, 8614749, 8781276, 8781277, 9534923, 5177284, 5177280, 5384621, 10065389, 7166976, 7541299, 7053536, 9535567, 12604199, 5177158, 8157439, 5177172, 5177171, 5918892, 7591010, 5177161, 5679497, 7166595, 5382150, 1270690, 5091352, 5177317, 5177301, 5176981, 6841408",dobrý,NA,NA,NA,NA,dobrý,chu,NA,0
CZ0424127,Barbastella barbastellus,POP_PRESENCE,ano,"2014, 2015, 2022, 2021, 2013, 2017","99,""5348a"", 67,""5248d"", 5446d, 5446b, 5347d, 5348a, 5249c, 5349a, 5447a","Buky na Bouřňáku, Buky pod Mikulovem, Cínovec, Drmaly, Hovězí skály, Jezerka - jeskyně, Jezerka - rozsedlinová jeskyně, Loučná - štola, Mikulov - štola 3, Mikulov - štola 5, Mikulov - štola 8, NPR Jezerka, Unčín u Krupky, zámek Jezeří a okolí, Údolí Lomského potoka","10141040, 10141041, 10141085, 10141048, 10141078, 9545206, 12494782, 12494785, 12494786, 11777535, 12494789, 8998608, 8998625, 8998626, 12065832, 12065834, 12065840, 12065842, 12065853, 9929665, 10141021","6072419, 5836465, 1804537, 5836459, 5836460, 5399619, 10695474, 7581961, 7581962, 7581963, 7581965, 5396180, 8785480, 6178408, 6074121",ano,val,ano,přítomnost druhu,ano,dobrý,chu,val,0
CZ0424127,Barbastella barbastellus,CELKOVE_HODNOCENI,NA,"2014, 2015, 2022, 2021, 2013, 2017","99,""5348a"", 67,""5248d"", 5446d, 5446b, 5347d, 5348a, 5249c, 5349a, 5447a","Buky na Bouřňáku, Buky pod Mikulovem, Cínovec, Drmaly, Hovězí skály, Jezerka - jeskyně, Jezerka - rozsedlinová jeskyně, Loučná - štola, Mikulov - štola 3, Mikulov - štola 5, Mikulov - štola 8, NPR Jezerka, Unčín u Krupky, zámek Jezeří a okolí, Údolí Lomského potoka","10141040, 10141041, 10141085, 10141048, 10141078, 9545206, 12494782, 12494785, 12494786, 11777535, 12494789, 8998608, 8998625, 8998626, 12065832, 12065834, 12065840, 12065842, 12065853, 9929665, 10141021","6072419, 5836465, 1804537, 5836459, 5836460, 5399619, 10695474, 7581961, 7581962, 7581963, 7581965, 5396180, 8785480, 6178408, 6074121",dobrý,NA,NA,NA,NA,dobrý,chu,NA,0
CZ0424138,Barbastella barbastellus,POP_PRESENCE,ano,2023,5550d,"PR Pístecký les - transekt č. 4, PR Pístecký les - transekt č. 5, PR Pístecký les - transekt č. 7","12560281, 12560282, 12560284","9358799, 9358801, 9358805",ano,val,ano,přítomnost druhu,ano,dobrý,chu,val,0
CZ0424138,Barbastella barbastellus,CELKOVE_HODNOCENI,NA,2023,5550d,"PR Pístecký les - transekt č. 4, PR Pístecký les - transekt č. 5, PR Pístecký les - transekt č. 7","12560281, 12560282, 12560284","9358799, 9358801, 9358805",dobrý,NA,NA,NA,NA,dobrý,chu,NA,0
CZ0424140,Barbastella barbastellus,POP_PRESENCE,ano,2023,5550b,PR Loužek - transekt č. 1,12560288,9357781,ano,val,ano,přítomnost druhu,ano,dobrý,chu,val,0
CZ0424140,Barbastella barbastellus,CELKOVE_HODNOCENI,NA,2023,5550b,PR Loužek - transekt č. 1,12560288,9357781,dobrý,NA,NA,NA,NA,dobrý,chu,NA,0
CZ0510028,Barbastella barbastellus,POP_PRESENCE,ano,2015,5354b,Ralsko - R9,9543689,5833997,ano,val,ano,přítomnost druhu,ano,dobrý,chu,val,0
CZ0510028,Barbastella barbastellus,CELKOVE_HODNOCENI,NA,2015,5354b,Ralsko - R9,9543689,5833997,dobrý,NA,NA,NA,NA,dobrý,chu,NA,0
CZ0510191,Barbastella barbastellus,POP_PRESENCE,ano,"2023, 2015, 2024, 2025, 2017, 2021, 2016","5357c, 05,""5357c"", 5457a, 37,""5457a""","Betlémské skály - j. Rotunda a Třívchodová j., Frýdštejn, Jeskyně Husova kaple, Jeskyně Matěje Krocínovského - Kalich, Jeskyně pod Kalichem, Jislova jeskyně, Kalich a Pod Kalichem - transekt č. 1, Kalich a Pod Kalichem - transekt č. 3, Kalich a Pod Kalichem - transekt č. 6, Kalich a Pod Kalichem - transekt č. 7, Klokočské sklály - Sloupová jeskyně, Klokočské skály - Kristova jeskyně, Klokočské skály - j. Meta menardi a Svojsíkova j., Klokočské skály - jeskyně L20, Maloskalská drábovna - transekt č. 4/24, PP Podloučky - transekt č. 14, PP Podloučky - transekt č. 2, PP Podloučky - transekt č. 7, PR Klokočské skály - transekt č. B1, PR Klokočské skály - transekt č. B3, PR Klokočské skály - transekt č. K10, PR Klokočské skály - transekt č. K4, PR Klokočské skály - transekt č. K9, PR Na Hranicích - transekt č. 1, Postojná jeskyně, Rakousy, Sluj Českých bratří - Kalich, Třívhcodová jeskyně - Betlémské skály, jeskyně Hůsuv dóm, jeskyně Indiánské pohřebiště, jeskyně Meta Menardi, zřícenina hradu Zbyrohy","12712137, 9649136, 14118844, 15288660, 13122071, 10072869, 13116360, 13116361, 13116364, 13116365, 12712144, 13122076, 12712141, 12712143, 13116372, 11676771, 11676744, 11676745, 11676746, 11676756, 12541950, 12713104, 12541964, 12713115, 12541954, 12541970, 12713102, 9789930, 9649221, 13122067, 12256572, 9789931, 13122072, 13122075, 12712138","9496670, 5382014, 7050227, 10214470, 1337122, 6048105, 10205918, 10205922, 10205914, 10205916, 9496727, 9496725, 9496724, 9496726, 10205932, 8199706, 8199680, 8199692, 9357207, 9357219, 9357255, 9357237, 9357253, 9357311, 6048108, 5382010, 10214469, 9011184, 6048109, 10214486, 9011185, 9496719",ano,val,ano,přítomnost druhu,ano,dobrý,chu,val,0
CZ0510191,Barbastella barbastellus,CELKOVE_HODNOCENI,NA,"2023, 2015, 2024, 2025, 2017, 2021, 2016","5357c, 05,""5357c"", 5457a, 37,""5457a""","Betlémské skály - j. Rotunda a Třívchodová j., Frýdštejn, Jeskyně Husova kaple, Jeskyně Matěje Krocínovského - Kalich, Jeskyně pod Kalichem, Jislova jeskyně, Kalich a Pod Kalichem - transekt č. 1, Kalich a Pod Kalichem - transekt č. 3, Kalich a Pod Kalichem - transekt č. 6, Kalich a Pod Kalichem - transekt č. 7, Klokočské sklály - Sloupová jeskyně, Klokočské skály - Kristova jeskyně, Klokočské skály - j. Meta menardi a Svojsíkova j., Klokočské skály - jeskyně L20, Maloskalská drábovna - transekt č. 4/24, PP Podloučky - transekt č. 14, PP Podloučky - transekt č. 2, PP Podloučky - transekt č. 7, PR Klokočské skály - transekt č. B1, PR Klokočské skály - transekt č. B3, PR Klokočské skály - transekt č. K10, PR Klokočské skály - transekt č. K4, PR Klokočské skály - transekt č. K9, PR Na Hranicích - transekt č. 1, Postojná jeskyně, Rakousy, Sluj Českých bratří - Kalich, Třívhcodová jeskyně - Betlémské skály, jeskyně Hůsuv dóm, jeskyně Indiánské pohřebiště, jeskyně Meta Menardi, zřícenina hradu Zbyrohy","12712137, 9649136, 14118844, 15288660, 13122071, 10072869, 13116360, 13116361, 13116364, 13116365, 12712144, 13122076, 12712141, 12712143, 13116372, 11676771, 11676744, 11676745, 11676746, 11676756, 12541950, 12713104, 12541964, 12713115, 12541954, 12541970, 12713102, 9789930, 9649221, 13122067, 12256572, 9789931, 13122072, 13122075, 12712138","9496670, 5382014, 7050227, 10214470, 1337122, 6048105, 10205918, 10205922, 10205914, 10205916, 9496727, 9496725, 9496724, 9496726, 10205932, 8199706, 8199680, 8199692, 9357207, 9357219, 9357255, 9357237, 9357253, 9357311, 6048108, 5382010, 10214469, 9011184, 6048109, 10214486, 9011185, 9496719",dobrý,NA,NA,NA,NA,dobrý,chu,NA,0
CZ0510400,Barbastella barbastellus,POP_PRESENCE,ano,"2017, 2023, 2014, 2022","5156b, 5156a","Loupežnická jeskyně, Loupežnická jeskyně (Oldřichov v Hájích), Loupežnická jeskyně - Jizerské hory, NPR - Jizerskohorské bučiny - Skalní hrad, NPR - Jizerskohorské bučiny - Viničná cesta, NPR Jizerskohorské bučiny - Oldřichovský Špičák, jeskyně Mrda","10087439, 10087557, 12956785, 9120784, 9120789, 9120772, 9120775, 9120774, 12036759","8979621, 7050216, 5475621, 5475608, 5475610, 5475609, 8737081",ano,val,ano,přítomnost druhu,ano,dobrý,chu,val,0
CZ0510400,Barbastella barbastellus,CELKOVE_HODNOCENI,NA,"2017, 2023, 2014, 2022","5156b, 5156a","Loupežnická jeskyně, Loupežnická jeskyně (Oldřichov v Hájích), Loupežnická jeskyně - Jizerské hory, NPR - Jizerskohorské bučiny - Skalní hrad, NPR - Jizerskohorské bučiny - Viničná cesta, NPR Jizerskohorské bučiny - Oldřichovský Špičák, jeskyně Mrda","10087439, 10087557, 12956785, 9120784, 9120789, 9120772, 9120775, 9120774, 12036759","8979621, 7050216, 5475621, 5475608, 5475610, 5475609, 8737081",dobrý,NA,NA,NA,NA,dobrý,chu,NA,0
CZ0510509,Barbastella barbastellus,POP_PRESENCE,ano,"2015, 2022",5254a,"EVL Jezevčí vrch, Heřmanice v Podještědí","9823375, 12071585, 12071597","6079045, 8791167",ano,val,ano,přítomnost druhu,ano,dobrý,chu,val,0
CZ0510509,Barbastella barbastellus,CELKOVE_HODNOCENI,NA,"2015, 2022",5254a,"EVL Jezevčí vrch, Heřmanice v Podještědí","9823375, 12071585, 12071597","6079045, 8791167",dobrý,NA,NA,NA,NA,dobrý,chu,NA,0
CZ0512100,Barbastella barbastellus,POP_PRESENCE,ano,2020,5452b,Tuhanec,"11277758, 11277763, 11277764, 11278019",7652164,ano,val,ano,přítomnost druhu,ano,dobrý,chu,val,0
CZ0512100,Barbastella barbastellus,CELKOVE_HODNOCENI,NA,2020,5452b,Tuhanec,"11277758, 11277763, 11277764, 11278019",7652164,dobrý,NA,NA,NA,NA,dobrý,chu,NA,0
CZ0513505,Barbastella barbastellus,POP_PRESENCE,ano,"2023, 2024","5251d, 5353a","Malá Veleň, Ptačí park Mnišské louky","12714446, 13104350","9502633, 10183121",ano,val,ano,přítomnost druhu,ano,dobrý,chu,val,0
CZ0513505,Barbastella barbastellus,CELKOVE_HODNOCENI,NA,"2023, 2024","5251d, 5353a","Malá Veleň, Ptačí park Mnišské louky","12714446, 13104350","9502633, 10183121",dobrý,NA,NA,NA,NA,dobrý,chu,NA,0
CZ0513506,Barbastella barbastellus,POP_PRESENCE,ano,"2017, 2022, 2018","5354c, 5353a, 91,""5354c""","Hradčany nad Ploučnicí, Niva Ploučnice, PR Hradčanské rybníky","10076836, 10076860, 11932502, 10446426, 10446431, 10448155, 10448170, 10448207","6320063, 8563762, 1011448",ano,val,ano,přítomnost druhu,ano,dobrý,chu,val,0
CZ0513506,Barbastella barbastellus,CELKOVE_HODNOCENI,NA,"2017, 2022, 2018","5354c, 5353a, 91,""5354c""","Hradčany nad Ploučnicí, Niva Ploučnice, PR Hradčanské rybníky","10076836, 10076860, 11932502, 10446426, 10446431, 10448155, 10448170, 10448207","6320063, 8563762, 1011448",dobrý,NA,NA,NA,NA,dobrý,chu,NA,0
CZ0513662,Barbastella barbastellus,POP_PRESENCE,ano,2025,5254b,Lemberk - zámek,15620572,5062991,ano,val,ano,přítomnost druhu,ano,dobrý,chu,val,0
CZ0513662,Barbastella barbastellus,CELKOVE_HODNOCENI,NA,2025,5254b,Lemberk - zámek,15620572,5062991,dobrý,NA,NA,NA,NA,dobrý,chu,NA,0
CZ0513665,Barbastella barbastellus,POP_PRESENCE,ano,2022,5253c,EVL Skalice u České Lípy,12495272,1215123,ano,val,ano,přítomnost druhu,ano,dobrý,chu,val,0
CZ0513665,Barbastella barbastellus,CELKOVE_HODNOCENI,NA,2022,5253c,EVL Skalice u České Lípy,12495272,1215123,dobrý,NA,NA,NA,NA,dobrý,chu,NA,0
CZ0514041,Barbastella barbastellus,POP_PRESENCE,ano,2024,5153d,Trávník u Cvikova - jeskyně Milštejn,14119028,5067780,ano,val,ano,přítomnost druhu,ano,dobrý,chu,val,0
CZ0514041,Barbastella barbastellus,CELKOVE_HODNOCENI,NA,2024,5153d,Trávník u Cvikova - jeskyně Milštejn,14119028,5067780,dobrý,NA,NA,NA,NA,dobrý,chu,NA,0
CZ0514042,Barbastella barbastellus,POP_PRESENCE,ano,"2017, 2020, 2022","5453b, 5354c, 5353d, 5353c","Doksy u Máchova jezera, Hradčany nad Ploučnicí, NPR Jestřebské slatiny - Detektor4, NPR Jestřebské slatiny - Detektor6, NPR Novozámecký rybník transekt č. 2, NPR Novozámecký rybník transekt č. 6, NPR Novozámecký rybník transekt č. 8, Pecopala - Ledové jámy","10076758, 10076844, 10076849, 11246089, 11246102, 12062725, 12062713, 12062716, 10072868","6320020, 6320071, 7612635, 7612639, 8781298, 8781307, 8781312, 6315862",ano,val,ano,přítomnost druhu,ano,dobrý,chu,val,0
CZ0514042,Barbastella barbastellus,CELKOVE_HODNOCENI,NA,"2017, 2020, 2022","5453b, 5354c, 5353d, 5353c","Doksy u Máchova jezera, Hradčany nad Ploučnicí, NPR Jestřebské slatiny - Detektor4, NPR Jestřebské slatiny - Detektor6, NPR Novozámecký rybník transekt č. 2, NPR Novozámecký rybník transekt č. 6, NPR Novozámecký rybník transekt č. 8, Pecopala - Ledové jámy","10076758, 10076844, 10076849, 11246089, 11246102, 12062725, 12062713, 12062716, 10072868","6320020, 6320071, 7612635, 7612639, 8781298, 8781307, 8781312, 6315862",dobrý,NA,NA,NA,NA,dobrý,chu,NA,0
CZ0514113,Barbastella barbastellus,POP_PRESENCE,ano,"2015, 2020","5457c, 5457a, 5457c","Hrubá Skála, Karlovice","9649224, 11292666, 11294942, 11303891, 11303892","5382018, 7667859",ano,val,ano,přítomnost druhu,ano,dobrý,chu,val,0
CZ0514113,Barbastella barbastellus,CELKOVE_HODNOCENI,NA,"2015, 2020","5457c, 5457a, 5457c","Hrubá Skála, Karlovice","9649224, 11292666, 11294942, 11303891, 11303892","5382018, 7667859",dobrý,NA,NA,NA,NA,dobrý,chu,NA,0
CZ0514243,Barbastella barbastellus,POP_PRESENCE,ano,"2024, 2016",5454c,"Bezděz - 2. Křížová cesta, Bezděz - 5.suťová bučina","13105561, 9789971","6048115, 6048118",ano,val,ano,přítomnost druhu,ano,dobrý,chu,val,0
CZ0514243,Barbastella barbastellus,CELKOVE_HODNOCENI,NA,"2024, 2016",5454c,"Bezděz - 2. Křížová cesta, Bezděz - 5.suťová bučina","13105561, 9789971","6048115, 6048118",dobrý,NA,NA,NA,NA,dobrý,chu,NA,0
CZ0514668,Barbastella barbastellus,POP_PRESENCE,ano,2019,5256c,Vápenice - Basa transekt č.1,10767955,7084159,ano,val,ano,přítomnost druhu,ano,dobrý,chu,val,0
CZ0514668,Barbastella barbastellus,CELKOVE_HODNOCENI,NA,2019,5256c,Vápenice - Basa transekt č.1,10767955,7084159,dobrý,NA,NA,NA,NA,dobrý,chu,NA,0
CZ0514670,Barbastella barbastellus,POP_PRESENCE,ano,"2023, 2020","5352c, 45,""5352d"", 56,""5352d""","PR Ronov - transekt 2, PR Vlhošť 1908, PR Vlhošť- Detektor 7, zřícenina hradu Ronov","12556382, 11234805, 11234810, 11246110, 12712139","9354729, 6159559, 7612662, 9496720",ano,val,ano,přítomnost druhu,ano,dobrý,chu,val,0
CZ0514670,Barbastella barbastellus,CELKOVE_HODNOCENI,NA,"2023, 2020","5352c, 45,""5352d"", 56,""5352d""","PR Ronov - transekt 2, PR Vlhošť 1908, PR Vlhošť- Detektor 7, zřícenina hradu Ronov","12556382, 11234805, 11234810, 11246110, 12712139","9354729, 6159559, 7612662, 9496720",dobrý,NA,NA,NA,NA,dobrý,chu,NA,0
CZ0520028,Barbastella barbastellus,POP_PRESENCE,ano,2013,"75,""5562c""",NPP Babiččino údolí 2404,9015057,5382379,ano,val,ano,přítomnost druhu,ano,dobrý,chu,val,0
CZ0520028,Barbastella barbastellus,CELKOVE_HODNOCENI,NA,2013,"75,""5562c""",NPP Babiččino údolí 2404,9015057,5382379,dobrý,NA,NA,NA,NA,dobrý,chu,NA,0
CZ0520178,Barbastella barbastellus,POP_PRESENCE,ano,"2022, 2013",5563c,"Běloves – bunkr NS-80-Jirásek, Běloves_bunkr NS-87-Jirásek_Náchod","12494572, 8572449","7050262, 5091307",ano,val,ano,přítomnost druhu,ano,dobrý,chu,val,0
CZ0520178,Barbastella barbastellus,CELKOVE_HODNOCENI,NA,"2022, 2013",5563c,"Běloves – bunkr NS-80-Jirásek, Běloves_bunkr NS-87-Jirásek_Náchod","12494572, 8572449","7050262, 5091307",dobrý,NA,NA,NA,NA,dobrý,chu,NA,0
CZ0520508,Barbastella barbastellus,POP_PRESENCE,ano,2015,"68,""5463c""",EVL Metuje a Dřevíč,9827144,6083108,ano,val,ano,přítomnost druhu,ano,dobrý,chu,val,0
CZ0520508,Barbastella barbastellus,CELKOVE_HODNOCENI,NA,2015,"68,""5463c""",EVL Metuje a Dřevíč,9827144,6083108,dobrý,NA,NA,NA,NA,dobrý,chu,NA,0
CZ0520518,Barbastella barbastellus,POP_PRESENCE,ano,2022,5463d,Martínkovice,12075008,8794849,ano,val,ano,přítomnost druhu,ano,dobrý,chu,val,0
CZ0520518,Barbastella barbastellus,CELKOVE_HODNOCENI,NA,2022,5463d,Martínkovice,12075008,8794849,dobrý,NA,NA,NA,NA,dobrý,chu,NA,0
CZ0520519,Barbastella barbastellus,POP_PRESENCE,ano,"2012, 2015, 2013","5462b, 73,""5462b""","Jiráskovy skály 1, Jiráskovy skály 2, NPR Adršpašsko-teplické skály 2401, Teplické skály 1","8909991, 9649153, 8917494, 8909998","5381467, 5381472, 1262315, 5381478",ano,val,ano,přítomnost druhu,ano,dobrý,chu,val,0
CZ0520519,Barbastella barbastellus,CELKOVE_HODNOCENI,NA,"2012, 2015, 2013","5462b, 73,""5462b""","Jiráskovy skály 1, Jiráskovy skály 2, NPR Adršpašsko-teplické skály 2401, Teplické skály 1","8909991, 9649153, 8917494, 8909998","5381467, 5381472, 1262315, 5381478",dobrý,NA,NA,NA,NA,dobrý,chu,NA,0
CZ0520600,Barbastella barbastellus,POP_PRESENCE,ano,2015,"4,""5664d""",EVL Trčkov,9823358,6079021,ano,val,ano,přítomnost druhu,ano,dobrý,chu,val,0
CZ0520600,Barbastella barbastellus,CELKOVE_HODNOCENI,NA,2015,"4,""5664d""",EVL Trčkov,9823358,6079021,dobrý,NA,NA,NA,NA,dobrý,chu,NA,0
CZ0520604,Barbastella barbastellus,POP_PRESENCE,ano,2015,"51,""5864a""",EVL Zdobnice - Říčka,9823357,6079019,ano,val,ano,přítomnost druhu,ano,dobrý,chu,val,0
CZ0520604,Barbastella barbastellus,CELKOVE_HODNOCENI,NA,2015,"51,""5864a""",EVL Zdobnice - Říčka,9823357,6079019,dobrý,NA,NA,NA,NA,dobrý,chu,NA,0
CZ0523009,Barbastella barbastellus,POP_PRESENCE,ano,"2016, 2012",5863c,"EVL Zámek v Kostelci nad Orlicí, Kostelec nad Orlicí - sklep pod zámeckým skleníkem","9807754, 8519649","9892831, 5061318",ano,val,ano,přítomnost druhu,ano,dobrý,chu,val,0
CZ0523009,Barbastella barbastellus,CELKOVE_HODNOCENI,NA,"2016, 2012",5863c,"EVL Zámek v Kostelci nad Orlicí, Kostelec nad Orlicí - sklep pod zámeckým skleníkem","9807754, 8519649","9892831, 5061318",dobrý,NA,NA,NA,NA,dobrý,chu,NA,0
CZ0523265,Barbastella barbastellus,POP_PRESENCE,ano,2025,5559d,PP Červená Třemešná - rybník,15476543,12797153,ano,val,ano,přítomnost druhu,ano,dobrý,chu,val,0
CZ0523265,Barbastella barbastellus,CELKOVE_HODNOCENI,NA,2025,5559d,PP Červená Třemešná - rybník,15476543,12797153,dobrý,NA,NA,NA,NA,dobrý,chu,NA,0
CZ0523267,Barbastella barbastellus,POP_PRESENCE,ano,2015,"05,""5764b""",EVL Zaorlicko,9823359,6079023,ano,val,ano,přítomnost druhu,ano,dobrý,chu,val,0
CZ0523267,Barbastella barbastellus,CELKOVE_HODNOCENI,NA,2015,"05,""5764b""",EVL Zaorlicko,9823359,6079023,dobrý,NA,NA,NA,NA,dobrý,chu,NA,0
CZ0523669,Barbastella barbastellus,POP_PRESENCE,ano,2017,5560b,EVL Bílá Třemešná,10729314,9713669,ano,val,ano,přítomnost druhu,ano,dobrý,chu,val,0
CZ0523669,Barbastella barbastellus,CELKOVE_HODNOCENI,NA,2017,5560b,EVL Bílá Třemešná,10729314,9713669,dobrý,NA,NA,NA,NA,dobrý,chu,NA,0
CZ0523676,Barbastella barbastellus,POP_PRESENCE,ano,"2024, 2026",5661d,"EVL Josefov - pevnost, EVL Josefov - pevnost, Jaroměř, Předbastion VIII, severní kasematy, Josefov u Jaroměře, Bastion IV, SZ (galerie soch a chodba), Josefov u Jaroměře, Předbastion V","12956525, 15586743, 15314886, 15602349","1215093, 10857835, 12697133, 12961871",ano,val,ano,přítomnost druhu,ano,dobrý,chu,val,0
CZ0523676,Barbastella barbastellus,CELKOVE_HODNOCENI,NA,"2024, 2026",5661d,"EVL Josefov - pevnost, EVL Josefov - pevnost, Jaroměř, Předbastion VIII, severní kasematy, Josefov u Jaroměře, Bastion IV, SZ (galerie soch a chodba), Josefov u Jaroměře, Předbastion V","12956525, 15586743, 15314886, 15602349","1215093, 10857835, 12697133, 12961871",dobrý,NA,NA,NA,NA,dobrý,chu,NA,0
CZ0523677,Barbastella barbastellus,POP_PRESENCE,ano,2025,5556b,Kost - hrad,15620357,5062987,ano,val,ano,přítomnost druhu,ano,dobrý,chu,val,0
CZ0523677,Barbastella barbastellus,CELKOVE_HODNOCENI,NA,2025,5556b,Kost - hrad,15620357,5062987,dobrý,NA,NA,NA,NA,dobrý,chu,NA,0
CZ0523680,Barbastella barbastellus,POP_PRESENCE,ano,2016,5563c,EVL Pevnost Dobrošov,10087200,9892621,ano,val,ano,přítomnost druhu,ano,dobrý,chu,val,0
CZ0523680,Barbastella barbastellus,CELKOVE_HODNOCENI,NA,2016,5563c,EVL Pevnost Dobrošov,10087200,9892621,dobrý,NA,NA,NA,NA,dobrý,chu,NA,0
CZ0523682,Barbastella barbastellus,POP_PRESENCE,ano,2017,5657a,EVL Staré Hrady - zámek,10087301,1215130,ano,val,ano,přítomnost druhu,ano,dobrý,chu,val,0
CZ0523682,Barbastella barbastellus,CELKOVE_HODNOCENI,NA,2017,5657a,EVL Staré Hrady - zámek,10087301,1215130,dobrý,NA,NA,NA,NA,dobrý,chu,NA,0
CZ0523683,Barbastella barbastellus,POP_PRESENCE,ano,2020,5663d,EVL Štola Portál,13440392,9892686,ano,val,ano,přítomnost druhu,ano,dobrý,chu,val,0
CZ0523683,Barbastella barbastellus,CELKOVE_HODNOCENI,NA,2020,5663d,EVL Štola Portál,13440392,9892686,dobrý,NA,NA,NA,NA,dobrý,chu,NA,0
CZ0524044,Barbastella barbastellus,POP_PRESENCE,ano,"2024, 2015, 2023, 2018, 2016","5359b, 5361c, 5359a, 5460a","295, Vrchlabí - Hořejší Vrchlabí, Babí bunkr, Benecko, Herlíkovice - štoly, Herlíkovické štoly - dolní štola, Herlíkovické štoly - střední štola, Rudník – pivovar, Strážné – štola, Trutnov 1, Údolí Jizerky (štoly), Štoly v údolí Jizerky v Krkonoších","14934303, 14934304, 9547593, 12822962, 10729322, 14934256, 12241173, 12956979, 10729346, 13436959, 14934258, 10729334","12071876, 5836117, 9657733, 7050202, 12071829, 8967039, 9238854, 7050207, 10661444, 12071831, 7050205",ano,val,ano,přítomnost druhu,ano,dobrý,chu,val,0
CZ0524044,Barbastella barbastellus,CELKOVE_HODNOCENI,NA,"2024, 2015, 2023, 2018, 2016","5359b, 5361c, 5359a, 5460a","295, Vrchlabí - Hořejší Vrchlabí, Babí bunkr, Benecko, Herlíkovice - štoly, Herlíkovické štoly - dolní štola, Herlíkovické štoly - střední štola, Rudník – pivovar, Strážné – štola, Trutnov 1, Údolí Jizerky (štoly), Štoly v údolí Jizerky v Krkonoších","14934303, 14934304, 9547593, 12822962, 10729322, 14934256, 12241173, 12956979, 10729346, 13436959, 14934258, 10729334","12071876, 5836117, 9657733, 7050202, 12071829, 8967039, 9238854, 7050207, 10661444, 12071831, 7050205",dobrý,NA,NA,NA,NA,dobrý,chu,NA,0
CZ0530020,Barbastella barbastellus,POP_PRESENCE,ano,2017,6265c,Jeskyně Pod Mariánským obrazem,12956562,5063545,ano,val,ano,přítomnost druhu,ano,dobrý,chu,val,0
CZ0530020,Barbastella barbastellus,CELKOVE_HODNOCENI,NA,2017,6265c,Jeskyně Pod Mariánským obrazem,12956562,5063545,dobrý,NA,NA,NA,NA,dobrý,chu,NA,0
CZ0530027,Barbastella barbastellus,POP_PRESENCE,ano,2020,6164b,"35846, Semanín",11004938,7304451,ano,val,ano,přítomnost druhu,ano,dobrý,chu,val,0
CZ0530027,Barbastella barbastellus,CELKOVE_HODNOCENI,NA,2020,6164b,"35846, Semanín",11004938,7304451,dobrý,NA,NA,NA,NA,dobrý,chu,NA,0
CZ0530146,Barbastella barbastellus,POP_PRESENCE,ano,2015,"19,""5867a""",NPR Králický Sněžník 1298,9522622,5689008,ano,val,ano,přítomnost druhu,ano,dobrý,chu,val,0
CZ0530146,Barbastella barbastellus,CELKOVE_HODNOCENI,NA,2015,"19,""5867a""",NPR Králický Sněžník 1298,9522622,5689008,dobrý,NA,NA,NA,NA,dobrý,chu,NA,0
CZ0530500,Barbastella barbastellus,POP_PRESENCE,ano,"2026, 2012","6159b, 23,""6159b""","Lichnice - sklepení hradu, Lichnice, sklepení malé, CHKO Železné hory, NPR Lichnice-Kaňkovy hory 211","15547856, 15545118, 8907620","5479301, 12897270, 5379656",ano,val,ano,přítomnost druhu,ano,dobrý,chu,val,0
CZ0530500,Barbastella barbastellus,CELKOVE_HODNOCENI,NA,"2026, 2012","6159b, 23,""6159b""","Lichnice - sklepení hradu, Lichnice, sklepení malé, CHKO Železné hory, NPR Lichnice-Kaňkovy hory 211","15547856, 15545118, 8907620","5479301, 12897270, 5379656",dobrý,NA,NA,NA,NA,dobrý,chu,NA,0
CZ0530501,Barbastella barbastellus,POP_PRESENCE,ano,"2021, 2015","6063b, 63,""6063b""","Brandýs nad Orlicí - Komenského sluj, EVL Brandýs","11777553, 9826900","5380352, 6082733",ano,val,ano,přítomnost druhu,ano,dobrý,chu,val,0
CZ0530501,Barbastella barbastellus,CELKOVE_HODNOCENI,NA,"2021, 2015","6063b, 63,""6063b""","Brandýs nad Orlicí - Komenského sluj, EVL Brandýs","11777553, 9826900","5380352, 6082733",dobrý,NA,NA,NA,NA,dobrý,chu,NA,0
CZ0533300,Barbastella barbastellus,POP_PRESENCE,ano,"2024, 2026",6060c,"Heřmanův Městec - ""lednice"" v zámeckém parku, Heřmanův Městec - sklep Lednice v zámeckém parku","14118977, 15547968","5067152, 5479314",ano,val,ano,přítomnost druhu,ano,dobrý,chu,val,0
CZ0533300,Barbastella barbastellus,CELKOVE_HODNOCENI,NA,"2024, 2026",6060c,"Heřmanův Městec - ""lednice"" v zámeckém parku, Heřmanův Městec - sklep Lednice v zámeckém parku","14118977, 15547968","5067152, 5479314",dobrý,NA,NA,NA,NA,dobrý,chu,NA,0
CZ0533303,Barbastella barbastellus,POP_PRESENCE,ano,2015,"55,""6159d""",EVL Chrudimka,9826902,6082738,ano,val,ano,přítomnost druhu,ano,dobrý,chu,val,0
CZ0533303,Barbastella barbastellus,CELKOVE_HODNOCENI,NA,2015,"55,""6159d""",EVL Chrudimka,9826902,6082738,dobrý,NA,NA,NA,NA,dobrý,chu,NA,0
CZ0533314,Barbastella barbastellus,POP_PRESENCE,ano,2015,"46,""5965b""",EVL Tichá Orlice,9822637,6077906,ano,val,ano,přítomnost druhu,ano,dobrý,chu,val,0
CZ0533314,Barbastella barbastellus,CELKOVE_HODNOCENI,NA,2015,"46,""5965b""",EVL Tichá Orlice,9822637,6077906,dobrý,NA,NA,NA,NA,dobrý,chu,NA,0
CZ0533686,Barbastella barbastellus,POP_PRESENCE,ano,2022,5966a,EVL Bouda u Těchonína,11919360,5938422,ano,val,ano,přítomnost druhu,ano,dobrý,chu,val,0
CZ0533686,Barbastella barbastellus,CELKOVE_HODNOCENI,NA,2022,5966a,EVL Bouda u Těchonína,11919360,5938422,dobrý,NA,NA,NA,NA,dobrý,chu,NA,0
CZ0533691,Barbastella barbastellus,POP_PRESENCE,ano,2022,6159c,EVL Pařížov,12494585,1215086,ano,val,ano,přítomnost druhu,ano,dobrý,chu,val,0
CZ0533691,Barbastella barbastellus,CELKOVE_HODNOCENI,NA,2022,6159c,EVL Pařížov,12494585,1215086,dobrý,NA,NA,NA,NA,dobrý,chu,NA,0
CZ0534055,Barbastella barbastellus,POP_PRESENCE,ano,2023,6261b,"Rataje, Čertovina","12723638, 12723639, 12723651",9525120,ano,val,ano,přítomnost druhu,ano,dobrý,chu,val,0
CZ0534055,Barbastella barbastellus,CELKOVE_HODNOCENI,NA,2023,6261b,"Rataje, Čertovina","12723638, 12723639, 12723651",9525120,dobrý,NA,NA,NA,NA,dobrý,chu,NA,0
CZ0610003,Barbastella barbastellus,POP_PRESENCE,ano,2015,6559a,PP Vysoký kámen u Smrčné 710,9635030,5903992,ano,val,ano,přítomnost druhu,ano,dobrý,chu,val,0
CZ0610003,Barbastella barbastellus,CELKOVE_HODNOCENI,NA,2015,6559a,PP Vysoký kámen u Smrčné 710,9635030,5903992,dobrý,NA,NA,NA,NA,dobrý,chu,NA,0
CZ0610159,Barbastella barbastellus,POP_PRESENCE,ano,2013,6659c,NPR Velký Špičák,"8922029, 8922030, 8922031",5387569,ano,val,ano,přítomnost druhu,ano,dobrý,chu,val,0
CZ0610159,Barbastella barbastellus,CELKOVE_HODNOCENI,NA,2013,6659c,NPR Velký Špičák,"8922029, 8922030, 8922031",5387569,dobrý,NA,NA,NA,NA,dobrý,chu,NA,0
CZ0610170,Barbastella barbastellus,POP_PRESENCE,ano,2013,6757d,NPR Zhejral,"8921956, 8921984, 8921985",5387548,ano,val,ano,přítomnost druhu,ano,dobrý,chu,val,0
CZ0610170,Barbastella barbastellus,CELKOVE_HODNOCENI,NA,2013,6757d,NPR Zhejral,"8921956, 8921984, 8921985",5387548,dobrý,NA,NA,NA,NA,dobrý,chu,NA,0
CZ0610179,Barbastella barbastellus,POP_PRESENCE,ano,2021,6961b,Pulkov - štola,11777424,5067529,ano,val,ano,přítomnost druhu,ano,dobrý,chu,val,0
CZ0610179,Barbastella barbastellus,CELKOVE_HODNOCENI,NA,2021,6961b,Pulkov - štola,11777424,5067529,dobrý,NA,NA,NA,NA,dobrý,chu,NA,0
CZ0610401,Barbastella barbastellus,POP_PRESENCE,ano,2022,6361b,"350, Cikháj","12040107, 12040101",8746600,ano,val,ano,přítomnost druhu,ano,dobrý,chu,val,0
CZ0610401,Barbastella barbastellus,CELKOVE_HODNOCENI,NA,2022,6361b,"350, Cikháj","12040107, 12040101",8746600,dobrý,NA,NA,NA,NA,dobrý,chu,NA,0
CZ0613002,Barbastella barbastellus,POP_PRESENCE,ano,"2015, 2025","58,""6758b"", 6758b","EVL Roštýnská obora, hrad Roštejn","9635408, 15505303","5904076, 5835030",ano,val,ano,přítomnost druhu,ano,dobrý,chu,val,0
CZ0613002,Barbastella barbastellus,CELKOVE_HODNOCENI,NA,"2015, 2025","58,""6758b"", 6758b","EVL Roštýnská obora, hrad Roštejn","9635408, 15505303","5904076, 5835030",dobrý,NA,NA,NA,NA,dobrý,chu,NA,0
CZ0613321,Barbastella barbastellus,POP_PRESENCE,ano,2014,"24,""6558c""",NPP Jankovský potok,9143982,1011989,ano,val,ano,přítomnost druhu,ano,dobrý,chu,val,0
CZ0613321,Barbastella barbastellus,CELKOVE_HODNOCENI,NA,2014,"24,""6558c""",NPP Jankovský potok,9143982,1011989,dobrý,NA,NA,NA,NA,dobrý,chu,NA,0
CZ0613334,Barbastella barbastellus,POP_PRESENCE,ano,2020,6456d,Červená Řečice - štola 3,11290471,5069040,ano,val,ano,přítomnost druhu,ano,dobrý,chu,val,0
CZ0613334,Barbastella barbastellus,CELKOVE_HODNOCENI,NA,2020,6456d,Červená Řečice - štola 3,11290471,5069040,dobrý,NA,NA,NA,NA,dobrý,chu,NA,0
CZ0613816,Barbastella barbastellus,POP_PRESENCE,ano,2018,6763c,"Kralická obora, Kralická obora, ve žlebě","10447828, 10447829","6693286, 6693287",ano,val,ano,přítomnost druhu,ano,dobrý,chu,val,0
CZ0613816,Barbastella barbastellus,CELKOVE_HODNOCENI,NA,2018,6763c,"Kralická obora, Kralická obora, ve žlebě","10447828, 10447829","6693286, 6693287",dobrý,NA,NA,NA,NA,dobrý,chu,NA,0
CZ0614053,Barbastella barbastellus,POP_PRESENCE,ano,2014,6361c,NPR Dářko,"9143876, 9143888",5495693,ano,val,ano,přítomnost druhu,ano,dobrý,chu,val,0
CZ0614053,Barbastella barbastellus,CELKOVE_HODNOCENI,NA,2014,6361c,NPR Dářko,"9143876, 9143888",5495693,dobrý,NA,NA,NA,NA,dobrý,chu,NA,0
CZ0614059,Barbastella barbastellus,POP_PRESENCE,ano,2020,6361a,"35014, Radostín, 35015, Hluboká","11250308, 11281924","7618961, 7656940",ano,val,ano,přítomnost druhu,ano,dobrý,chu,val,0
CZ0614059,Barbastella barbastellus,CELKOVE_HODNOCENI,NA,2020,6361a,"35014, Radostín, 35015, Hluboká","11250308, 11281924","7618961, 7656940",dobrý,NA,NA,NA,NA,dobrý,chu,NA,0
CZ0614131,Barbastella barbastellus,POP_PRESENCE,ano,"2021, 2012","6863a, 6863a, 6863c, 6863c, 6862b","Annina alej, Březník, Březník, Kuroslepy, Lamberk hrad, Oslava, Transekt podél Oslavy","11730721, 11730724, 11731193, 11730614, 11731163, 11731194, 11731192, 8226218, 8226491, 8226451","8251389, 8251282, 8252121, 4995078, 4995253, 4994589",ano,val,ano,přítomnost druhu,ano,dobrý,chu,val,0
CZ0614131,Barbastella barbastellus,CELKOVE_HODNOCENI,NA,"2021, 2012","6863a, 6863a, 6863c, 6863c, 6862b","Annina alej, Březník, Březník, Kuroslepy, Lamberk hrad, Oslava, Transekt podél Oslavy","11730721, 11730724, 11731193, 11730614, 11731163, 11731194, 11731192, 8226218, 8226491, 8226451","8251389, 8251282, 8252121, 4995078, 4995253, 4994589",dobrý,NA,NA,NA,NA,dobrý,chu,NA,0
CZ0620009,Barbastella barbastellus,POP_PRESENCE,ano,2015,7266b,"Lednické rybníky, Mlýnský rybník",9545309,5834944,ano,val,ano,přítomnost druhu,ano,dobrý,chu,val,0
CZ0620009,Barbastella barbastellus,CELKOVE_HODNOCENI,NA,2015,7266b,"Lednické rybníky, Mlýnský rybník",9545309,5834944,dobrý,NA,NA,NA,NA,dobrý,chu,NA,0
CZ0620013,Barbastella barbastellus,POP_PRESENCE,ano,2015,7062b,Pod Šibeničním kopcem,"9630094, 9630097",5900244,ano,val,ano,přítomnost druhu,ano,dobrý,chu,val,0
CZ0620013,Barbastella barbastellus,CELKOVE_HODNOCENI,NA,2015,7062b,Pod Šibeničním kopcem,"9630094, 9630097",5900244,dobrý,NA,NA,NA,NA,dobrý,chu,NA,0
CZ0620101,Barbastella barbastellus,POP_PRESENCE,ano,2019,7062b,"Křepice, EVL Mikulovický les - nad tokem Křepičky, Višňové, EVL Mikulovický les - nad tokem Křepičky","11241209, 11241208","7605769, 7605768",ano,val,ano,přítomnost druhu,ano,dobrý,chu,val,0
CZ0620101,Barbastella barbastellus,CELKOVE_HODNOCENI,NA,2019,7062b,"Křepice, EVL Mikulovický les - nad tokem Křepičky, Višňové, EVL Mikulovický les - nad tokem Křepičky","11241209, 11241208","7605769, 7605768",dobrý,NA,NA,NA,NA,dobrý,chu,NA,0
CZ0620191,Barbastella barbastellus,POP_PRESENCE,ano,"2013, 2015",6564c,"Prudká, Sklípek Prudká","9371601, 9375745","5668260, 5669999",ano,val,ano,přítomnost druhu,ano,dobrý,chu,val,0
CZ0620191,Barbastella barbastellus,CELKOVE_HODNOCENI,NA,"2013, 2015",6564c,"Prudká, Sklípek Prudká","9371601, 9375745","5668260, 5669999",dobrý,NA,NA,NA,NA,dobrý,chu,NA,0
CZ0620194,Barbastella barbastellus,POP_PRESENCE,ano,2015,6564a,EVL Čepičkův vrch a údolí Hodonínky,9822641,6077920,ano,val,ano,přítomnost druhu,ano,dobrý,chu,val,0
CZ0620194,Barbastella barbastellus,CELKOVE_HODNOCENI,NA,2015,6564a,EVL Čepičkův vrch a údolí Hodonínky,9822641,6077920,dobrý,NA,NA,NA,NA,dobrý,chu,NA,0
CZ0623019,Barbastella barbastellus,POP_PRESENCE,ano,2015,7063d,"Oleksovická mokřina (lesík), Oleksovická mokřina (tůně u kapličky)","9630436, 9630438","5900284, 5900286",ano,val,ano,přítomnost druhu,ano,dobrý,chu,val,0
CZ0623019,Barbastella barbastellus,CELKOVE_HODNOCENI,NA,2015,7063d,"Oleksovická mokřina (lesík), Oleksovická mokřina (tůně u kapličky)","9630436, 9630438","5900284, 5900286",dobrý,NA,NA,NA,NA,dobrý,chu,NA,0
CZ0623718,Barbastella barbastellus,POP_PRESENCE,ano,2022,7059d,Uherčice - zámek,12494733,5061822,ano,val,ano,přítomnost druhu,ano,dobrý,chu,val,0
CZ0623718,Barbastella barbastellus,CELKOVE_HODNOCENI,NA,2022,7059d,Uherčice - zámek,12494733,5061822,dobrý,NA,NA,NA,NA,dobrý,chu,NA,0
CZ0624020,Barbastella barbastellus,POP_PRESENCE,ano,"2021, 2020",6866a,"Stránská skála - hlavní štola (Atomák), Stránská skála - horní patro štol","11777228, 10997915","7665522, 7295802",ano,val,ano,přítomnost druhu,ano,dobrý,chu,val,0
CZ0624020,Barbastella barbastellus,CELKOVE_HODNOCENI,NA,"2021, 2020",6866a,"Stránská skála - hlavní štola (Atomák), Stránská skála - horní patro štol","11777228, 10997915","7665522, 7295802",dobrý,NA,NA,NA,NA,dobrý,chu,NA,0
CZ0624064,Barbastella barbastellus,POP_PRESENCE,ano,2015,6964c,EVL Krumlovský les,9822643,6077925,ano,val,ano,přítomnost druhu,ano,dobrý,chu,val,0
CZ0624064,Barbastella barbastellus,CELKOVE_HODNOCENI,NA,2015,6964c,EVL Krumlovský les,9822643,6077925,dobrý,NA,NA,NA,NA,dobrý,chu,NA,0
CZ0624065,Barbastella barbastellus,POP_PRESENCE,ano,"2025, 2017, 2022","6664b, 6664a","Květnice - Čtyřpatrová štola, Květnice - štola Královna, Květnice – jeskyně Pod křížem","15620369, 10087529, 12494700","5062301, 5062302, 5834893",ano,val,ano,přítomnost druhu,ano,dobrý,chu,val,0
CZ0624065,Barbastella barbastellus,CELKOVE_HODNOCENI,NA,"2025, 2017, 2022","6664b, 6664a","Květnice - Čtyřpatrová štola, Květnice - štola Královna, Květnice – jeskyně Pod křížem","15620369, 10087529, 12494700","5062301, 5062302, 5834893",dobrý,NA,NA,NA,NA,dobrý,chu,NA,0
CZ0624069,Barbastella barbastellus,POP_PRESENCE,ano,2014,6869a,NPR Strabišov-Oulehla,9153755,5503646,ano,val,ano,přítomnost druhu,ano,dobrý,chu,val,0
CZ0624069,Barbastella barbastellus,CELKOVE_HODNOCENI,NA,2014,6869a,NPR Strabišov-Oulehla,9153755,5503646,dobrý,NA,NA,NA,NA,dobrý,chu,NA,0
CZ0624070,Barbastella barbastellus,POP_PRESENCE,ano,"2013, 2015","45,""7168b"", 7168b","EVL Hodonínská doubrava, Hodonínská doubrava, Hodonínská doubrava (Pánov), Hodonínská doubrava (Škrábaná alej)","9153908, 9630455, 9630468, 9630442, 9630446, 9630467","5387913, 5900291, 5900287, 5900292",ano,val,ano,přítomnost druhu,ano,dobrý,chu,val,0
CZ0624070,Barbastella barbastellus,CELKOVE_HODNOCENI,NA,"2013, 2015","45,""7168b"", 7168b","EVL Hodonínská doubrava, Hodonínská doubrava, Hodonínská doubrava (Pánov), Hodonínská doubrava (Škrábaná alej)","9153908, 9630455, 9630468, 9630442, 9630446, 9630467","5387913, 5900291, 5900287, 5900292",dobrý,NA,NA,NA,NA,dobrý,chu,NA,0
CZ0624072,Barbastella barbastellus,POP_PRESENCE,ano,2013,"61,""7170b""",NPR Čertoryje 1031,9154019,5179845,ano,val,ano,přítomnost druhu,ano,dobrý,chu,val,0
CZ0624072,Barbastella barbastellus,CELKOVE_HODNOCENI,NA,2013,"61,""7170b""",NPR Čertoryje 1031,9154019,5179845,dobrý,NA,NA,NA,NA,dobrý,chu,NA,0
CZ0624095,Barbastella barbastellus,POP_PRESENCE,ano,"2015, 2025",7060c,"Bítov - hrad, Cornštejn - sklepy hradu","9544951, 15620485","5067530, 5061824",ano,val,ano,přítomnost druhu,ano,dobrý,chu,val,0
CZ0624095,Barbastella barbastellus,CELKOVE_HODNOCENI,NA,"2015, 2025",7060c,"Bítov - hrad, Cornštejn - sklepy hradu","9544951, 15620485","5067530, 5061824",dobrý,NA,NA,NA,NA,dobrý,chu,NA,0
CZ0624096,Barbastella barbastellus,POP_PRESENCE,ano,"2025, 2017, 2015, 2023, 2014, 2021, 2020","7161d, 7161c, 7161a, 7160b, 7161b, 7162a","Devět mlýnů - sklepy, Faltýskův mlýn - sklep, Havraníky - ""Papírna"" - sklepy, Hnanice - Baštův mlýn - sklep, Ledové sluje, NP Podyjí, Podmolí (okr. Znojmo), ca 3,6 km JJV od kostela v obci, monitorovací, Novohrádecký mlýn - sklep, Novohrádecký mlýn - štola, Nový Hrádek - sklepy, Vranov nad Dyjí - zámek, Znojmo, Čertův mlýn - náhon, štola u Znojemské ú. n., štoly u Pivovarského potoka","15620475, 15620469, 15620468, 9809143, 15620462, 10144715, 10087421, 15620470, 12956875, 15620474, 10080579, 11777408, 10087414, 11290382","5067545, 5061827, 5061826, 6063992, 5061830, 6376939, 5069784, 5061828, 5061829, 5067544, 6323157, 5061831, 5061833, 5061834",ano,val,ano,přítomnost druhu,ano,dobrý,chu,val,0
CZ0624096,Barbastella barbastellus,CELKOVE_HODNOCENI,NA,"2025, 2017, 2015, 2023, 2014, 2021, 2020","7161d, 7161c, 7161a, 7160b, 7161b, 7162a","Devět mlýnů - sklepy, Faltýskův mlýn - sklep, Havraníky - ""Papírna"" - sklepy, Hnanice - Baštův mlýn - sklep, Ledové sluje, NP Podyjí, Podmolí (okr. Znojmo), ca 3,6 km JJV od kostela v obci, monitorovací, Novohrádecký mlýn - sklep, Novohrádecký mlýn - štola, Nový Hrádek - sklepy, Vranov nad Dyjí - zámek, Znojmo, Čertův mlýn - náhon, štola u Znojemské ú. n., štoly u Pivovarského potoka","15620475, 15620469, 15620468, 9809143, 15620462, 10144715, 10087421, 15620470, 12956875, 15620474, 10080579, 11777408, 10087414, 11290382","5067545, 5061827, 5061826, 6063992, 5061830, 6376939, 5069784, 5061828, 5061829, 5067544, 6323157, 5061831, 5061833, 5061834",dobrý,NA,NA,NA,NA,dobrý,chu,NA,0
CZ0624099,Barbastella barbastellus,POP_PRESENCE,ano,2015,"7267a, 7166a","Dolní Morava, Kančí obora, Dolní Morava, NPR Křivé jezero","9545278, 9545279, 9545280, 9545281, 9545284, 9545286, 9545292","5834928, 5834933",ano,val,ano,přítomnost druhu,ano,dobrý,chu,val,0
CZ0624099,Barbastella barbastellus,CELKOVE_HODNOCENI,NA,2015,"7267a, 7166a","Dolní Morava, Kančí obora, Dolní Morava, NPR Křivé jezero","9545278, 9545279, 9545280, 9545281, 9545284, 9545286, 9545292","5834928, 5834933",dobrý,NA,NA,NA,NA,dobrý,chu,NA,0
CZ0624100,Barbastella barbastellus,POP_PRESENCE,ano,2015,7166c,"EVL Milovický les, obora Bulhary","9822645, 9412018","6077928, 5693316",ano,val,ano,přítomnost druhu,ano,dobrý,chu,val,0
CZ0624100,Barbastella barbastellus,CELKOVE_HODNOCENI,NA,2015,7166c,"EVL Milovický les, obora Bulhary","9822645, 9412018","6077928, 5693316",dobrý,NA,NA,NA,NA,dobrý,chu,NA,0
CZ0624104,Barbastella barbastellus,POP_PRESENCE,ano,"2012, 2014",7165b,"Klentnice, Soutěska, NPR Děvín-Kotel-Soutěska","8907422, 8907423, 9143576","1802795, 1001587",ano,val,ano,přítomnost druhu,ano,dobrý,chu,val,0
CZ0624104,Barbastella barbastellus,CELKOVE_HODNOCENI,NA,"2012, 2014",7165b,"Klentnice, Soutěska, NPR Děvín-Kotel-Soutěska","8907422, 8907423, 9143576","1802795, 1001587",dobrý,NA,NA,NA,NA,dobrý,chu,NA,0
CZ0624106,Barbastella barbastellus,POP_PRESENCE,ano,"2015, 2014","7162b, 7062d","Tvorihraz 2, Tvořihráz 3, Tvořihráz 4a, Tvořihráz odchyt 3, Tvořihráz odchyt 4","9535785, 9535767, 9629049, 9629025, 9629050","5827387, 5827361, 5899692, 5899684, 5899693",ano,val,ano,přítomnost druhu,ano,dobrý,chu,val,0
CZ0624106,Barbastella barbastellus,CELKOVE_HODNOCENI,NA,"2015, 2014","7162b, 7062d","Tvorihraz 2, Tvořihráz 3, Tvořihráz 4a, Tvořihráz odchyt 3, Tvořihráz odchyt 4","9535785, 9535767, 9629049, 9629025, 9629050","5827387, 5827361, 5899692, 5899684, 5899693",dobrý,NA,NA,NA,NA,dobrý,chu,NA,0
CZ0624119,Barbastella barbastellus,POP_PRESENCE,ano,2015,7367b,NPR Ranšpurk,10144718,6376942,ano,val,ano,přítomnost druhu,ano,dobrý,chu,val,0
CZ0624119,Barbastella barbastellus,CELKOVE_HODNOCENI,NA,2015,7367b,NPR Ranšpurk,10144718,6376942,dobrý,NA,NA,NA,NA,dobrý,chu,NA,0
CZ0624130,Barbastella barbastellus,POP_PRESENCE,ano,"2024, 2025, 2021, 2015, 2023, 2016, 2022, 2026, 2017, 2019, 2020, 2013, 2018, 2014, 2012","6666a, 6666c, 6666b, 6566d, 6766a, 6766c, 6766d, 6566c","Bertalánka, Blansko-Blansko 1, Gellhornova, Býčí skála, Býčí skála - venku, Erichova jeskyně, Feryho tajná, Habrůvka, Henryho stěna, Hybešova 110/1, Hybešova Býčí skála, Jedovnice, Salajna 94, Jeskyně Lidomorna, Jeskyně Štajgrovka, Jestřábka, Josefov, Jáchymka, Jáchymka, Adamov - Adamov, Jáchymka, Babice nad Svitavou, Kalova jeskyně, Kalovy jeskyně, Kalovy propasti, Kalová díra, Kanice, Kateřinská jeskyně, Kolíbky, Koudelkova propast, Koňská jáma, Králova jeskyně, Lidomorna, Macocha, Málčina jeskyně, NPP Rudické propadání - letouni, NPR Habrůvecká bučina, NPR Habrůvecká bučina - letouni, Nová Rasovna, Nová Rasovna - jeskyně, Ochoz u Brna, Ochozská jeskyně, Ochozská jeskyně - Stará Ochozská, Pekárna - jeskyně, Podhradní ponor, Punkevní jeskyně - chodba a Macocha, Punkevní jeskyně - propast Macocha, Rudice-Jedovnice, Rudické propadání, Sadová, Adamov, Sklep u Modré paní, Sloup - Staré skály, Sloup - spojovací chodba, Sloup, Staré skály, Sloupsko-šošůvské jeskyně, Sloupsko-šošůvské jeskyně - Staré skály a Černá propast, Sloupsko-šošůvské jeskyně - ponor, levá strana, Sloupsko-šošůvské jeskyně - ponory, Sloupsko-šošůvské jeskyně, před vchodem, Stará Dratenická - propad, Stará Drátenická jeskyně, Staré skály, Suchdol, Suchý žleb - transekt, Umrlčí jeskyně, Vandrácká jeskyně, Vavřinec, Vavřinec, Silnice bez názvu, Vilémovice, 37921, Výpustek, chodba a Staré skály, jeskyne Lidomorna, jeskyně 661, jeskyně Bertalánka, jeskyně Býčí skála, jeskyně Hamerníkova, jeskyně Hladomorna, jeskyně Jáchymka, jeskyně Kostelík, jeskyně Koňská jáma, jeskyně Kůlna, jeskyně Lidomorna, jeskyně Michalka, jeskyně Nová Rasovna, jeskyně Pekárna, jeskyně Stará Dratenická, jeskyně Stará Drátenická, jeskyně Stará drátenická, jeskyně Stará drátenická - propadání, jeskyně V Panském klínku, jeskyně V Pánském klínku, jeskyně Výpustek, jeskyně za bufetem, portál jeskyně Býčí skála, stěna 64, stěna 664, stěna Štajgrovy jeskyně, Úmrlčí jeskyně, Štajgrova díra, Štajgrovka, Švédův stůl, štola za Švýcárnou, štola č. 4","14119048, 15468236, 13456571, 12824624, 13749722, 11312049, 9649143, 12237926, 15466459, 13451964, 10540154, 12495277, 11777598, 13453970, 15620658, 15509262, 11289351, 15620530, 12242721, 15569206, 9809122, 13115521, 13115550, 13115551, 13115552, 13115553, 11223126, 12792983, 11290548, 15569200, 8909724, 15620501, 12242024, 10730336, 9152929, 8915656, 9152955, 11024712, 15620492, 9649263, 12039556, 10730333, 15620637, 12225105, 13749721, 13731551, 15564996, 13456820, 15620463, 11289349, 15509263, 15613390, 10854211, 10864508, 12242774, 12956915, 11751210, 11731845, 13749723, 13145965, 14036443, 15620645, 13138901, 13145966, 8909338, 10540204, 15555242, 11310580, 12791599, 12084727, 12241989, 12700806, 12734185, 15569202, 15620648, 11310240, 10997923, 15569203, 12808093, 12249191, 11760580, 9809121, 15536300, 11763186, 13731547, 15571663, 15571665, 11739047, 13456821, 15546561, 13776888, 12967732, 9809637, 9809635, 11744532, 15565003, 13776887, 15535109, 15570244, 12075107, 12821017, 12237927, 12232968, 12791597, 12804522, 11755555, 12804367, 12243504, 9805767, 12249155","5063516, 12793324, 10695203, 9661915, 10784903, 7784898, 5380890, 8960599, 12791844, 10688918, 6829166, 9238858, 5063535, 10691135, 8329133, 12852653, 7664522, 5063523, 8971188, 12916712, 6063948, 10204188, 5063528, 9618531, 5063518, 12916706, 5063525, 8329134, 8968240, 5062311, 5502934, 1818016, 5502951, 8250559, 5063520, 5380893, 8744952, 5062308, 5062309, 8948175, 10784902, 10768649, 12912144, 10695804, 7664520, 12852654, 12975776, 7167530, 7179535, 8971241, 8281463, 8253442, 10784904, 10252660, 11072205, 5063531, 10244539, 5380884, 6829253, 12907406, 7781012, 9615166, 8805277, 12916708, 5063534, 7780358, 7295810, 12916709, 9639610, 8992167, 8292915, 6063947, 12885957, 8296222, 10768645, 12920659, 12920661, 8267003, 10695805, 12899074, 10815555, 9900677, 6064697, 6064696, 8271975, 12912151, 10815554, 12884364, 8795214, 9653854, 8960600, 8958589, 9615164, 8283842, 9635336, 8975897, 6061663, 8992131",ano,val,ano,přítomnost druhu,ano,dobrý,chu,val,0
CZ0624130,Barbastella barbastellus,CELKOVE_HODNOCENI,NA,"2024, 2025, 2021, 2015, 2023, 2016, 2022, 2026, 2017, 2019, 2020, 2013, 2018, 2014, 2012","6666a, 6666c, 6666b, 6566d, 6766a, 6766c, 6766d, 6566c","Bertalánka, Blansko-Blansko 1, Gellhornova, Býčí skála, Býčí skála - venku, Erichova jeskyně, Feryho tajná, Habrůvka, Henryho stěna, Hybešova 110/1, Hybešova Býčí skála, Jedovnice, Salajna 94, Jeskyně Lidomorna, Jeskyně Štajgrovka, Jestřábka, Josefov, Jáchymka, Jáchymka, Adamov - Adamov, Jáchymka, Babice nad Svitavou, Kalova jeskyně, Kalovy jeskyně, Kalovy propasti, Kalová díra, Kanice, Kateřinská jeskyně, Kolíbky, Koudelkova propast, Koňská jáma, Králova jeskyně, Lidomorna, Macocha, Málčina jeskyně, NPP Rudické propadání - letouni, NPR Habrůvecká bučina, NPR Habrůvecká bučina - letouni, Nová Rasovna, Nová Rasovna - jeskyně, Ochoz u Brna, Ochozská jeskyně, Ochozská jeskyně - Stará Ochozská, Pekárna - jeskyně, Podhradní ponor, Punkevní jeskyně - chodba a Macocha, Punkevní jeskyně - propast Macocha, Rudice-Jedovnice, Rudické propadání, Sadová, Adamov, Sklep u Modré paní, Sloup - Staré skály, Sloup - spojovací chodba, Sloup, Staré skály, Sloupsko-šošůvské jeskyně, Sloupsko-šošůvské jeskyně - Staré skály a Černá propast, Sloupsko-šošůvské jeskyně - ponor, levá strana, Sloupsko-šošůvské jeskyně - ponory, Sloupsko-šošůvské jeskyně, před vchodem, Stará Dratenická - propad, Stará Drátenická jeskyně, Staré skály, Suchdol, Suchý žleb - transekt, Umrlčí jeskyně, Vandrácká jeskyně, Vavřinec, Vavřinec, Silnice bez názvu, Vilémovice, 37921, Výpustek, chodba a Staré skály, jeskyne Lidomorna, jeskyně 661, jeskyně Bertalánka, jeskyně Býčí skála, jeskyně Hamerníkova, jeskyně Hladomorna, jeskyně Jáchymka, jeskyně Kostelík, jeskyně Koňská jáma, jeskyně Kůlna, jeskyně Lidomorna, jeskyně Michalka, jeskyně Nová Rasovna, jeskyně Pekárna, jeskyně Stará Dratenická, jeskyně Stará Drátenická, jeskyně Stará drátenická, jeskyně Stará drátenická - propadání, jeskyně V Panském klínku, jeskyně V Pánském klínku, jeskyně Výpustek, jeskyně za bufetem, portál jeskyně Býčí skála, stěna 64, stěna 664, stěna Štajgrovy jeskyně, Úmrlčí jeskyně, Štajgrova díra, Štajgrovka, Švédův stůl, štola za Švýcárnou, štola č. 4","14119048, 15468236, 13456571, 12824624, 13749722, 11312049, 9649143, 12237926, 15466459, 13451964, 10540154, 12495277, 11777598, 13453970, 15620658, 15509262, 11289351, 15620530, 12242721, 15569206, 9809122, 13115521, 13115550, 13115551, 13115552, 13115553, 11223126, 12792983, 11290548, 15569200, 8909724, 15620501, 12242024, 10730336, 9152929, 8915656, 9152955, 11024712, 15620492, 9649263, 12039556, 10730333, 15620637, 12225105, 13749721, 13731551, 15564996, 13456820, 15620463, 11289349, 15509263, 15613390, 10854211, 10864508, 12242774, 12956915, 11751210, 11731845, 13749723, 13145965, 14036443, 15620645, 13138901, 13145966, 8909338, 10540204, 15555242, 11310580, 12791599, 12084727, 12241989, 12700806, 12734185, 15569202, 15620648, 11310240, 10997923, 15569203, 12808093, 12249191, 11760580, 9809121, 15536300, 11763186, 13731547, 15571663, 15571665, 11739047, 13456821, 15546561, 13776888, 12967732, 9809637, 9809635, 11744532, 15565003, 13776887, 15535109, 15570244, 12075107, 12821017, 12237927, 12232968, 12791597, 12804522, 11755555, 12804367, 12243504, 9805767, 12249155","5063516, 12793324, 10695203, 9661915, 10784903, 7784898, 5380890, 8960599, 12791844, 10688918, 6829166, 9238858, 5063535, 10691135, 8329133, 12852653, 7664522, 5063523, 8971188, 12916712, 6063948, 10204188, 5063528, 9618531, 5063518, 12916706, 5063525, 8329134, 8968240, 5062311, 5502934, 1818016, 5502951, 8250559, 5063520, 5380893, 8744952, 5062308, 5062309, 8948175, 10784902, 10768649, 12912144, 10695804, 7664520, 12852654, 12975776, 7167530, 7179535, 8971241, 8281463, 8253442, 10784904, 10252660, 11072205, 5063531, 10244539, 5380884, 6829253, 12907406, 7781012, 9615166, 8805277, 12916708, 5063534, 7780358, 7295810, 12916709, 9639610, 8992167, 8292915, 6063947, 12885957, 8296222, 10768645, 12920659, 12920661, 8267003, 10695805, 12899074, 10815555, 9900677, 6064697, 6064696, 8271975, 12912151, 10815554, 12884364, 8795214, 9653854, 8960600, 8958589, 9615164, 8283842, 9635336, 8975897, 6061663, 8992131",dobrý,NA,NA,NA,NA,dobrý,chu,NA,0
CZ0624132,Barbastella barbastellus,POP_PRESENCE,ano,2017,6665d,"Jihomoravská, CZ",10287598,6559100,ano,val,ano,přítomnost druhu,ano,dobrý,chu,val,0
CZ0624132,Barbastella barbastellus,CELKOVE_HODNOCENI,NA,2017,6665d,"Jihomoravská, CZ",10287598,6559100,dobrý,NA,NA,NA,NA,dobrý,chu,NA,0
CZ0710183,Barbastella barbastellus,POP_PRESENCE,ano,2020,5667b,"Račí údolí, Javorník","11281066, 11281067, 11281068, 11281069",7655730,ano,val,ano,přítomnost druhu,ano,dobrý,chu,val,0
CZ0710183,Barbastella barbastellus,CELKOVE_HODNOCENI,NA,2020,5667b,"Račí údolí, Javorník","11281066, 11281067, 11281068, 11281069",7655730,dobrý,NA,NA,NA,NA,dobrý,chu,NA,0
CZ0713526,Barbastella barbastellus,POP_PRESENCE,ano,2022,6370b,EVL Velká Střelná - štoly,11918566,5938410,ano,val,ano,přítomnost druhu,ano,dobrý,chu,val,0
CZ0713526,Barbastella barbastellus,CELKOVE_HODNOCENI,NA,2022,6370b,EVL Velká Střelná - štoly,11918566,5938410,dobrý,NA,NA,NA,NA,dobrý,chu,NA,0
CZ0713722,Barbastella barbastellus,POP_PRESENCE,ano,2025,5868a,Branná - hrad Kolštejn,15513628,6842599,ano,val,ano,přítomnost druhu,ano,dobrý,chu,val,0
CZ0713722,Barbastella barbastellus,CELKOVE_HODNOCENI,NA,2025,5868a,Branná - hrad Kolštejn,15513628,6842599,dobrý,NA,NA,NA,NA,dobrý,chu,NA,0
CZ0713723,Barbastella barbastellus,POP_PRESENCE,ano,2017,6468c,Čechy pod Kosířem - zámek,10087355,5063593,ano,val,ano,přítomnost druhu,ano,dobrý,chu,val,0
CZ0713723,Barbastella barbastellus,CELKOVE_HODNOCENI,NA,2017,6468c,Čechy pod Kosířem - zámek,10087355,5063593,dobrý,NA,NA,NA,NA,dobrý,chu,NA,0
CZ0713730,Barbastella barbastellus,POP_PRESENCE,ano,"2016, 2025","5769b, 37,""5769b""","Jeskyně Na Špičáku, NPP Na Špičáku 268","9806730, 15532782","5517882, 12881154",ano,val,ano,přítomnost druhu,ano,dobrý,chu,val,0
CZ0713730,Barbastella barbastellus,CELKOVE_HODNOCENI,NA,"2016, 2025","5769b, 37,""5769b""","Jeskyně Na Špičáku, NPP Na Špičáku 268","9806730, 15532782","5517882, 12881154",dobrý,NA,NA,NA,NA,dobrý,chu,NA,0
CZ0713741,Barbastella barbastellus,POP_PRESENCE,ano,2022,6372c,Soudkova štola,11918352,8518981,ano,val,ano,přítomnost druhu,ano,dobrý,chu,val,0
CZ0713741,Barbastella barbastellus,CELKOVE_HODNOCENI,NA,2022,6372c,Soudkova štola,11918352,8518981,dobrý,NA,NA,NA,NA,dobrý,chu,NA,0
CZ0713742,Barbastella barbastellus,POP_PRESENCE,ano,"2022, 2024",5770c,"Marie Pomocná II - štola, Marie Pomocná III - štola","12494776, 14118854","5062006, 5062007",ano,val,ano,přítomnost druhu,ano,dobrý,chu,val,0
CZ0713742,Barbastella barbastellus,CELKOVE_HODNOCENI,NA,"2022, 2024",5770c,"Marie Pomocná II - štola, Marie Pomocná III - štola","12494776, 14118854","5062006, 5062007",dobrý,NA,NA,NA,NA,dobrý,chu,NA,0
CZ0713743,Barbastella barbastellus,POP_PRESENCE,ano,"2021, 2022",5967c,"Mařka - štola, štola Mařka","11777241, 11919361","5059432, 8521963",ano,val,ano,přítomnost druhu,ano,dobrý,chu,val,0
CZ0713743,Barbastella barbastellus,CELKOVE_HODNOCENI,NA,"2021, 2022",5967c,"Mařka - štola, štola Mařka","11777241, 11919361","5059432, 8521963",dobrý,NA,NA,NA,NA,dobrý,chu,NA,0
CZ0714073,Barbastella barbastellus,POP_PRESENCE,ano,"2020, 2015, 2025, 2021, 2022, 2023, 2012","6369c, 6268c, 71,""6268a"", 6267b, 6369a, 6267d, 6268a, 2,""6268c""","Chomoutov, Hejtmanka, Jeskyně Podkova, Kačení louka, Za rybárnou, Litovelské Pomoraví, NPR Vrapač, Litovelské Pomoraví, PR Hejtmanka, Litovelské Pomoraví, PR Kačení louka, Mladeč, NPR Vrapač, Mladeč, NPR Vrapač, V okraj, Mladeč, NPR Vrapač, řeka Morava, Mladeč, PP Pod Templem, S okraj, Mladeč, PP Třesín, jeskyně Podkova, Mladeč, PR Hejtmanka, smuha, Moravičanské jezero, NPP Třesín, Podkova, PP Kurfürstovo rameno, PP Za mlýnem, Bílá Lhota, S - Židova tůň, PP Za mlýnem, Bílá Lhota, střed, PP Častava, PR Kačení louka, Moravičany, JV, PR Kačení louka, Moravičany, JZ, PR Panenský les, PR U Spálené, Králová, JZ okraj, Podkova - jeskyně, Třesín, Vrapač, Řimice, Za mlýnem","11280701, 9649215, 15516618, 9649155, 9545273, 9545265, 9545254, 11473640, 11504708, 11605078, 11715857, 11715842, 11715850, 12051149, 12051180, 12051181, 12754086, 12050755, 8915123, 11917084, 11599424, 11280190, 11234478, 11276990, 11279712, 11205433, 11953528, 11234465, 11279710, 12956843, 9649216, 9649245, 9649214, 9649154","7655350, 5384360, 12863363, 5384356, 5834925, 5834920, 5834914, 7877857, 8232558, 8232578, 8763001, 9570152, 8762370, 5384352, 8517054, 7650674, 7556490, 7596195, 7650925, 7654289, 7556483, 8202559, 7596184, 5063585, 5384366, 5384358, 5384354",ano,val,ano,přítomnost druhu,ano,dobrý,chu,val,0
CZ0714073,Barbastella barbastellus,CELKOVE_HODNOCENI,NA,"2020, 2015, 2025, 2021, 2022, 2023, 2012","6369c, 6268c, 71,""6268a"", 6267b, 6369a, 6267d, 6268a, 2,""6268c""","Chomoutov, Hejtmanka, Jeskyně Podkova, Kačení louka, Za rybárnou, Litovelské Pomoraví, NPR Vrapač, Litovelské Pomoraví, PR Hejtmanka, Litovelské Pomoraví, PR Kačení louka, Mladeč, NPR Vrapač, Mladeč, NPR Vrapač, V okraj, Mladeč, NPR Vrapač, řeka Morava, Mladeč, PP Pod Templem, S okraj, Mladeč, PP Třesín, jeskyně Podkova, Mladeč, PR Hejtmanka, smuha, Moravičanské jezero, NPP Třesín, Podkova, PP Kurfürstovo rameno, PP Za mlýnem, Bílá Lhota, S - Židova tůň, PP Za mlýnem, Bílá Lhota, střed, PP Častava, PR Kačení louka, Moravičany, JV, PR Kačení louka, Moravičany, JZ, PR Panenský les, PR U Spálené, Králová, JZ okraj, Podkova - jeskyně, Třesín, Vrapač, Řimice, Za mlýnem","11280701, 9649215, 15516618, 9649155, 9545273, 9545265, 9545254, 11473640, 11504708, 11605078, 11715857, 11715842, 11715850, 12051149, 12051180, 12051181, 12754086, 12050755, 8915123, 11917084, 11599424, 11280190, 11234478, 11276990, 11279712, 11205433, 11953528, 11234465, 11279710, 12956843, 9649216, 9649245, 9649214, 9649154","7655350, 5384360, 12863363, 5384356, 5834925, 5834920, 5834914, 7877857, 8232558, 8232578, 8763001, 9570152, 8762370, 5384352, 8517054, 7650674, 7556490, 7596195, 7650925, 7654289, 7556483, 8202559, 7596184, 5063585, 5384366, 5384358, 5384354",dobrý,NA,NA,NA,NA,dobrý,chu,NA,0
CZ0714077,Barbastella barbastellus,POP_PRESENCE,ano,"2021, 2022, 2015","5969c, 5869c, 5969b","Karlov pod Pradědem, NPR Praděd, Kotelný potok, Karlov pod Pradědem, NPR Praděd, Malý Kotel, Kouty nad Desnou, NPR Praděd, chata Švýcárna, NPR Praděd, pralesovitá horská smrčina severně od chaty Eustaška, trvalá monitor","11722196, 11722197, 12051279, 10144707","8239145, 8239147, 8763301, 6376932",ano,val,ano,přítomnost druhu,ano,dobrý,chu,val,0
CZ0714077,Barbastella barbastellus,CELKOVE_HODNOCENI,NA,"2021, 2022, 2015","5969c, 5869c, 5969b","Karlov pod Pradědem, NPR Praděd, Kotelný potok, Karlov pod Pradědem, NPR Praděd, Malý Kotel, Kouty nad Desnou, NPR Praděd, chata Švýcárna, NPR Praděd, pralesovitá horská smrčina severně od chaty Eustaška, trvalá monitor","11722196, 11722197, 12051279, 10144707","8239145, 8239147, 8763301, 6376932",dobrý,NA,NA,NA,NA,dobrý,chu,NA,0
CZ0714078,Barbastella barbastellus,POP_PRESENCE,ano,2015,"28,""6068b""",EVL Rabštejn,9823381,6079071,ano,val,ano,přítomnost druhu,ano,dobrý,chu,val,0
CZ0714078,Barbastella barbastellus,CELKOVE_HODNOCENI,NA,2015,"28,""6068b""",EVL Rabštejn,9823381,6079071,dobrý,NA,NA,NA,NA,dobrý,chu,NA,0
CZ0714080,Barbastella barbastellus,POP_PRESENCE,ano,"2021, 2012, 2016, 2022, 2018, 2025, 2017, 2019, 2013, 2026",6367a,"Javoříčko - jeskyně Pizdulka, Javoříčko - jeskyně V Habří, Javoříčko - jeskyně Ve stráni, Javoříčko - jeskyně Velká Jezevčí, Javoříčko - jeskyně Zkamenělý zámek, Kadeřínská jeskyně, NPR Špraněk, Paničtí díra, NPR Špraněk, Pizdulka, Paničtí díra, V Habří, Zkamenělý zámek, Zkamenělý zámek, Javoříčko, Zátvořice","11777460, 8532965, 9807752, 12494712, 10730031, 15620634, 10853640, 10853641, 10736299, 8907261, 15535178, 15599434, 14959911, 8907282","5067559, 6548399, 5067556, 5067558, 5061837, 7665539, 7054419, 7058543, 5379370, 5668093, 5668101, 12108194, 5379382",ano,val,ano,přítomnost druhu,ano,dobrý,chu,val,0
CZ0714080,Barbastella barbastellus,CELKOVE_HODNOCENI,NA,"2021, 2012, 2016, 2022, 2018, 2025, 2017, 2019, 2013, 2026",6367a,"Javoříčko - jeskyně Pizdulka, Javoříčko - jeskyně V Habří, Javoříčko - jeskyně Ve stráni, Javoříčko - jeskyně Velká Jezevčí, Javoříčko - jeskyně Zkamenělý zámek, Kadeřínská jeskyně, NPR Špraněk, Paničtí díra, NPR Špraněk, Pizdulka, Paničtí díra, V Habří, Zkamenělý zámek, Zkamenělý zámek, Javoříčko, Zátvořice","11777460, 8532965, 9807752, 12494712, 10730031, 15620634, 10853640, 10853641, 10736299, 8907261, 15535178, 15599434, 14959911, 8907282","5067559, 6548399, 5067556, 5067558, 5061837, 7665539, 7054419, 7058543, 5379370, 5668093, 5668101, 12108194, 5379382",dobrý,NA,NA,NA,NA,dobrý,chu,NA,0
CZ0714086,Barbastella barbastellus,POP_PRESENCE,ano,2014,5768b,Velký Dóm,15504406,8521990,ano,val,ano,přítomnost druhu,ano,dobrý,chu,val,0
CZ0714086,Barbastella barbastellus,CELKOVE_HODNOCENI,NA,2014,5768b,Velký Dóm,15504406,8521990,dobrý,NA,NA,NA,NA,dobrý,chu,NA,0
CZ0714133,Barbastella barbastellus,POP_PRESENCE,ano,"2024, 2025, 2021, 2022, 2016","6471a, 6471b, 6370b, 6370a","D35, Skoky, Gotická štola, Opálová štola, Velká Střelná - Úpadní štola, Velká Střelná - štola 24, Velká Střelná - štola u domova důchodců, Štola U mostku, Štola Špirutka, štola U mostku","13138906, 13451545, 11777267, 15620406, 11918540, 12494650, 12494638, 11777266, 9807543, 11918349","10244544, 5668031, 5063591, 5067138, 8329140, 5067143, 5063590, 6062768, 5668081",ano,val,ano,přítomnost druhu,ano,dobrý,chu,val,0
CZ0714133,Barbastella barbastellus,CELKOVE_HODNOCENI,NA,"2024, 2025, 2021, 2022, 2016","6471a, 6471b, 6370b, 6370a","D35, Skoky, Gotická štola, Opálová štola, Velká Střelná - Úpadní štola, Velká Střelná - štola 24, Velká Střelná - štola u domova důchodců, Štola U mostku, Štola Špirutka, štola U mostku","13138906, 13451545, 11777267, 15620406, 11918540, 12494650, 12494638, 11777266, 9807543, 11918349","10244544, 5668031, 5063591, 5067138, 8329140, 5067143, 5063590, 6062768, 5668081",dobrý,NA,NA,NA,NA,dobrý,chu,NA,0
CZ0714771,Barbastella barbastellus,POP_PRESENCE,ano,2015,6472d,Hranická propast,"9648664, 9648738",5379523,ano,val,ano,přítomnost druhu,ano,dobrý,chu,val,0
CZ0714771,Barbastella barbastellus,CELKOVE_HODNOCENI,NA,2015,6472d,Hranická propast,"9648664, 9648738",5379523,dobrý,NA,NA,NA,NA,dobrý,chu,NA,0
CZ0714772,Barbastella barbastellus,POP_PRESENCE,ano,2015,"44,""6370b""",EVL Údolí Bystřice,9823382,6079073,ano,val,ano,přítomnost druhu,ano,dobrý,chu,val,0
CZ0714772,Barbastella barbastellus,CELKOVE_HODNOCENI,NA,2015,"44,""6370b""",EVL Údolí Bystřice,9823382,6079073,dobrý,NA,NA,NA,NA,dobrý,chu,NA,0
CZ0720435,Barbastella barbastellus,POP_PRESENCE,ano,2021,6874c,PR Ploščiny,"11705150, 11705151, 11705154",8098104,ano,val,ano,přítomnost druhu,ano,dobrý,chu,val,0
CZ0720435,Barbastella barbastellus,CELKOVE_HODNOCENI,NA,2021,6874c,PR Ploščiny,"11705150, 11705151, 11705154",8098104,dobrý,NA,NA,NA,NA,dobrý,chu,NA,0
CZ0724089,Barbastella barbastellus,POP_PRESENCE,ano,"2023, 2026, 2013, 2015, 2021, 2018, 2020, 2022","6478c, 47,""6575b"", 6477d, 99,""6575a"", 6576d, 01,""6675a"", 02,""6774b"", 77,""6377c"", 37,""6476b"", 33,""6478c"", 6774c","Dolní Lomná, 01151, Dolní Lomná-Jablunkov, 01151, NPR Kněhyně - Čertův mlýn, NPR Mionší, NPR Radhošť, NPR Salajka, PP Skálí 2073, PR Makyta 5310, PR Ropice 5639, PR Travný 2107, PR Velký Polom 2060, jeskyně Velryba","12779822, 15577941, 9169531, 10144712, 9169523, 10144721, 12057297, 11664148, 12057292, 11663506, 11664147, 12494722","9601259, 12928386, 1009900, 6376936, 1011829, 6376943, 8773032, 7888187, 8773011, 7546318, 8185016, 5062014",ano,val,ano,přítomnost druhu,ano,dobrý,chu,val,0
CZ0724089,Barbastella barbastellus,CELKOVE_HODNOCENI,NA,"2023, 2026, 2013, 2015, 2021, 2018, 2020, 2022","6478c, 47,""6575b"", 6477d, 99,""6575a"", 6576d, 01,""6675a"", 02,""6774b"", 77,""6377c"", 37,""6476b"", 33,""6478c"", 6774c","Dolní Lomná, 01151, Dolní Lomná-Jablunkov, 01151, NPR Kněhyně - Čertův mlýn, NPR Mionší, NPR Radhošť, NPR Salajka, PP Skálí 2073, PR Makyta 5310, PR Ropice 5639, PR Travný 2107, PR Velký Polom 2060, jeskyně Velryba","12779822, 15577941, 9169531, 10144712, 9169523, 10144721, 12057297, 11664148, 12057292, 11663506, 11664147, 12494722","9601259, 12928386, 1009900, 6376936, 1011829, 6376943, 8773032, 7888187, 8773011, 7546318, 8185016, 5062014",dobrý,NA,NA,NA,NA,dobrý,chu,NA,0
CZ0724090,Barbastella barbastellus,POP_PRESENCE,ano,"2019, 2013, 2021","7072c, 19,""7172a"", 7171b, 7071d, 7072d","Bílé Karpaty, Strání - PP Hrnčárky, NPR Javorina 140, Nová Lhota, PP Vápenky - 7171-22, PP Sviní hnízdo 1434, PP Uvezené 1436, PR Hladké, PR Horní Louky","10634798, 10853564, 10853569, 9154048, 10853565, 10634796, 10634789, 10853568, 11705152, 11705170, 11603454","1775922, 5407058, 4972989, 1189659, 1189661, 8098141, 8098117",ano,val,ano,přítomnost druhu,ano,dobrý,chu,val,0
CZ0724090,Barbastella barbastellus,CELKOVE_HODNOCENI,NA,"2019, 2013, 2021","7072c, 19,""7172a"", 7171b, 7071d, 7072d","Bílé Karpaty, Strání - PP Hrnčárky, NPR Javorina 140, Nová Lhota, PP Vápenky - 7171-22, PP Sviní hnízdo 1434, PP Uvezené 1436, PR Hladké, PR Horní Louky","10634798, 10853564, 10853569, 9154048, 10853565, 10634796, 10634789, 10853568, 11705152, 11705170, 11603454","1775922, 5407058, 4972989, 1189659, 1189661, 8098141, 8098117",dobrý,NA,NA,NA,NA,dobrý,chu,NA,0
CZ0724091,Barbastella barbastellus,POP_PRESENCE,ano,2021,"6869b, 6870a","42826, Roštín",14959906,12108189,ano,val,ano,přítomnost druhu,ano,dobrý,chu,val,0
CZ0724091,Barbastella barbastellus,CELKOVE_HODNOCENI,NA,2021,"6869b, 6870a","42826, Roštín",14959906,12108189,dobrý,NA,NA,NA,NA,dobrý,chu,NA,0
CZ0724430,Barbastella barbastellus,POP_PRESENCE,ano,2021,"6974c, 6974a","PP Okrouhlá, PR Sidonie","11603455, 11603456, 11705147, 11705169, 11603452, 11705167, 11705168","8098132, 1006292",ano,val,ano,přítomnost druhu,ano,dobrý,chu,val,0
CZ0724430,Barbastella barbastellus,CELKOVE_HODNOCENI,NA,2021,"6974c, 6974a","PP Okrouhlá, PR Sidonie","11603455, 11603456, 11705147, 11705169, 11603452, 11705167, 11705168","8098132, 1006292",dobrý,NA,NA,NA,NA,dobrý,chu,NA,0
CZ0810004,Barbastella barbastellus,POP_PRESENCE,ano,2013,"63,""6376d""",NPP Skalická Morávka,9169518,1024087,ano,val,ano,přítomnost druhu,ano,dobrý,chu,val,0
CZ0810004,Barbastella barbastellus,CELKOVE_HODNOCENI,NA,2013,"63,""6376d""",NPP Skalická Morávka,9169518,1024087,dobrý,NA,NA,NA,NA,dobrý,chu,NA,0
CZ0810018,Barbastella barbastellus,POP_PRESENCE,ano,"2023, 2014",6169a,"Důl Ruda II, NPP Rešovské vodopády, Ruda I ( Jáma Za hřbitovem)","12957048, 9140865, 12957047","5062003, 1011957, 5061993",ano,val,ano,přítomnost druhu,ano,dobrý,chu,val,0
CZ0810018,Barbastella barbastellus,CELKOVE_HODNOCENI,NA,"2023, 2014",6169a,"Důl Ruda II, NPP Rešovské vodopády, Ruda I ( Jáma Za hřbitovem)","12957048, 9140865, 12957047","5062003, 1011957, 5061993",dobrý,NA,NA,NA,NA,dobrý,chu,NA,0
CZ0810031,Barbastella barbastellus,POP_PRESENCE,ano,2015,"71,""6375c""",EVL Palkovické hůrky,9823387,6079078,ano,val,ano,přítomnost druhu,ano,dobrý,chu,val,0
CZ0810031,Barbastella barbastellus,CELKOVE_HODNOCENI,NA,2015,"71,""6375c""",EVL Palkovické hůrky,9823387,6079078,dobrý,NA,NA,NA,NA,dobrý,chu,NA,0
CZ0810032,Barbastella barbastellus,POP_PRESENCE,ano,2015,5971c,EVL Ptačí hora,9823374,6079044,ano,val,ano,přítomnost druhu,ano,dobrý,chu,val,0
CZ0810032,Barbastella barbastellus,CELKOVE_HODNOCENI,NA,2015,5971c,EVL Ptačí hora,9823374,6079044,dobrý,NA,NA,NA,NA,dobrý,chu,NA,0
CZ0810036,Barbastella barbastellus,POP_PRESENCE,ano,2012,6474b,Jeskyně Šipka,8130481,4951648,ano,val,ano,přítomnost druhu,ano,dobrý,chu,val,0
CZ0810036,Barbastella barbastellus,CELKOVE_HODNOCENI,NA,2012,6474b,Jeskyně Šipka,8130481,4951648,dobrý,NA,NA,NA,NA,dobrý,chu,NA,0
CZ0813456,Barbastella barbastellus,POP_PRESENCE,ano,2015,"02,""6070c""",EVL Moravice,9823372,6079042,ano,val,ano,přítomnost druhu,ano,dobrý,chu,val,0
CZ0813456,Barbastella barbastellus,CELKOVE_HODNOCENI,NA,2015,"02,""6070c""",EVL Moravice,9823372,6079042,dobrý,NA,NA,NA,NA,dobrý,chu,NA,0
CZ0813461,Barbastella barbastellus,POP_PRESENCE,ano,2023,"01,""6075d""",PP Šilheřovice 5797,12714686,9503536,ano,val,ano,přítomnost druhu,ano,dobrý,chu,val,0
CZ0813461,Barbastella barbastellus,CELKOVE_HODNOCENI,NA,2023,"01,""6075d""",PP Šilheřovice 5797,12714686,9503536,dobrý,NA,NA,NA,NA,dobrý,chu,NA,0
CZ0813468,Barbastella barbastellus,POP_PRESENCE,ano,2015,5870a,EVL Sokolí potok,9823298,6078922,ano,val,ano,přítomnost druhu,ano,dobrý,chu,val,0
CZ0813468,Barbastella barbastellus,CELKOVE_HODNOCENI,NA,2015,5870a,EVL Sokolí potok,9823298,6078922,dobrý,NA,NA,NA,NA,dobrý,chu,NA,0
CZ0813474,Barbastella barbastellus,POP_PRESENCE,ano,"2015, 2014","95,""6173c"", 6173c","EVL Údolí Moravice, NPR Kaluža","9823389, 9155143, 9155154","6079082, 5504280",ano,val,ano,přítomnost druhu,ano,dobrý,chu,val,0
CZ0813474,Barbastella barbastellus,CELKOVE_HODNOCENI,NA,"2015, 2014","95,""6173c"", 6173c","EVL Údolí Moravice, NPR Kaluža","9823389, 9155143, 9155154","6079082, 5504280",dobrý,NA,NA,NA,NA,dobrý,chu,NA,0
CZ0813760,Barbastella barbastellus,POP_PRESENCE,ano,"2013, 2025",6272a,"EVL Černý důl, Černý důl","8910436, 15620394","1279615, 5067786",ano,val,ano,přítomnost druhu,ano,dobrý,chu,val,0
CZ0813760,Barbastella barbastellus,CELKOVE_HODNOCENI,NA,"2013, 2025",6272a,"EVL Černý důl, Černý důl","8910436, 15620394","1279615, 5067786",dobrý,NA,NA,NA,NA,dobrý,chu,NA,0
CZ0813763,Barbastella barbastellus,POP_PRESENCE,ano,"2019, 2024, 2023, 2017, 2025, 2022, 2016, 2012","5969d, 5969b","Malá Morávka, Nad Jelení cestou - štola č.1, Malá Morávka, Nad Jelení cestou - štola č.10, Malá Morávka, Nad Jelení cestou - štola č.11, Malá Morávka, Nad Jelení cestou - štola č.2, Malá Morávka, Nad Jelení cestou - štola č.3, Malá Morávka, Nad Jelení cestou - štola č.4, Malá Morávka, Nad Jelení cestou - štola č.4a, Malá Morávka, Nad Jelení cestou - štola č.5, Malá Morávka, Nad Jelení cestou - štola č.6, Malá Morávka, Nad Jelení cestou - štola č.9, Štoly pod Jelení cestou","11223220, 14119084, 12956819, 10087482, 15620600, 12494834, 9807537, 8521797, 10087483, 12494828, 10749537, 10749539","5062288, 6062763, 6329879, 5062294, 5062290, 6062761, 6062762, 5062291, 5062295, 5062293, 7065809",ano,val,ano,přítomnost druhu,ano,dobrý,chu,val,0
CZ0813763,Barbastella barbastellus,CELKOVE_HODNOCENI,NA,"2019, 2024, 2023, 2017, 2025, 2022, 2016, 2012","5969d, 5969b","Malá Morávka, Nad Jelení cestou - štola č.1, Malá Morávka, Nad Jelení cestou - štola č.10, Malá Morávka, Nad Jelení cestou - štola č.11, Malá Morávka, Nad Jelení cestou - štola č.2, Malá Morávka, Nad Jelení cestou - štola č.3, Malá Morávka, Nad Jelení cestou - štola č.4, Malá Morávka, Nad Jelení cestou - štola č.4a, Malá Morávka, Nad Jelení cestou - štola č.5, Malá Morávka, Nad Jelení cestou - štola č.6, Malá Morávka, Nad Jelení cestou - štola č.9, Štoly pod Jelení cestou","11223220, 14119084, 12956819, 10087482, 15620600, 12494834, 9807537, 8521797, 10087483, 12494828, 10749537, 10749539","5062288, 6062763, 6329879, 5062294, 5062290, 6062761, 6062762, 5062291, 5062295, 5062293, 7065809",dobrý,NA,NA,NA,NA,dobrý,chu,NA,0
CZ0813765,Barbastella barbastellus,POP_PRESENCE,ano,2018,6069b,EVL Štola Franz - Franz,10730227,9561129,ano,val,ano,přítomnost druhu,ano,dobrý,chu,val,0
CZ0813765,Barbastella barbastellus,CELKOVE_HODNOCENI,NA,2018,6069b,EVL Štola Franz - Franz,10730227,9561129,dobrý,NA,NA,NA,NA,dobrý,chu,NA,0
CZ0813766,Barbastella barbastellus,POP_PRESENCE,ano,2024,6071d,Jakartovice I (Bohuš),"14118811, 15620293",5061995,ano,val,ano,přítomnost druhu,ano,dobrý,chu,val,0
CZ0813766,Barbastella barbastellus,CELKOVE_HODNOCENI,NA,2024,6071d,Jakartovice I (Bohuš),"14118811, 15620293",5061995,dobrý,NA,NA,NA,NA,dobrý,chu,NA,0
CZ0813770,Barbastella barbastellus,POP_PRESENCE,ano,"2012, 2025",6272a,"EVL Čermná - důl Potlachový, Čermná- Potlachový","8521182, 8910417, 15620383","1279617, 5061989",ano,val,ano,přítomnost druhu,ano,dobrý,chu,val,0
CZ0813770,Barbastella barbastellus,CELKOVE_HODNOCENI,NA,"2012, 2025",6272a,"EVL Čermná - důl Potlachový, Čermná- Potlachový","8521182, 8910417, 15620383","1279617, 5061989",dobrý,NA,NA,NA,NA,dobrý,chu,NA,0
CZ0814092,Barbastella barbastellus,POP_PRESENCE,ano,"2019, 2015","99,""6374a"", 6275a, 6374a, 6274d","PR Bartošovický luh, Poodří , PR Polanský les, Poodří, PR Kotvice, Poodří, nNPR Oderský luh","10995173, 9545218, 9545249, 9545235","1008027, 5834896, 5834911, 5834904",ano,val,ano,přítomnost druhu,ano,dobrý,chu,val,0
CZ0814092,Barbastella barbastellus,CELKOVE_HODNOCENI,NA,"2019, 2015","99,""6374a"", 6275a, 6374a, 6274d","PR Bartošovický luh, Poodří , PR Polanský les, Poodří, PR Kotvice, Poodří, nNPR Oderský luh","10995173, 9545218, 9545249, 9545235","1008027, 5834896, 5834911, 5834904",dobrý,NA,NA,NA,NA,dobrý,chu,NA,0
CZ0110040,Myotis myotis,POP_PRESENCE,ano,2021,5952c,Chuchle PR Homolka,11679298,8202037,ano,val,ano,přítomnost druhu,ano,dobrý,chu,val,0
CZ0110040,Myotis myotis,CELKOVE_HODNOCENI,NA,2021,5952c,Chuchle PR Homolka,11679298,8202037,dobrý,NA,NA,NA,NA,dobrý,chu,NA,0
CZ0110050,Myotis myotis,POP_PRESENCE,ano,"2019, 2014, 2017, 2025, 2026",5952c,"Jinonice, Jinonice - štola v Prokopském údolí, Jinonice, Prokopské údolí, štola, Praha - Prokopské údolí, štola, Prokopské údolí, Prokopské údolí, štola","10874060, 9633594, 9822813, 9822815, 9822816, 15620520, 15620606, 15585360, 15476478","7280847, 5384164, 5911706, 5068313, 12937029, 12802678",ano,val,ano,přítomnost druhu,ano,dobrý,chu,val,0
CZ0110050,Myotis myotis,CELKOVE_HODNOCENI,NA,"2019, 2014, 2017, 2025, 2026",5952c,"Jinonice, Jinonice - štola v Prokopském údolí, Jinonice, Prokopské údolí, štola, Praha - Prokopské údolí, štola, Prokopské údolí, Prokopské údolí, štola","10874060, 9633594, 9822813, 9822815, 9822816, 15620520, 15620606, 15585360, 15476478","7280847, 5384164, 5911706, 5068313, 12937029, 12802678",dobrý,NA,NA,NA,NA,dobrý,chu,NA,0
CZ0113002,Myotis myotis,POP_PRESENCE,ano,2019,5953c,Milíčovské rybníky,"10869221, 10869242",7185244,ano,val,ano,přítomnost druhu,ano,dobrý,chu,val,0
CZ0113002,Myotis myotis,CELKOVE_HODNOCENI,NA,2019,5953c,Milíčovské rybníky,"10869221, 10869242",7185244,dobrý,NA,NA,NA,NA,dobrý,chu,NA,0
CZ0113005,Myotis myotis,POP_PRESENCE,ano,2015,6051b,EVL Lochkovský profil,9823378,6079056,ano,val,ano,přítomnost druhu,ano,dobrý,chu,val,0
CZ0113005,Myotis myotis,CELKOVE_HODNOCENI,NA,2015,6051b,EVL Lochkovský profil,9823378,6079056,dobrý,NA,NA,NA,NA,dobrý,chu,NA,0
CZ0113773,Myotis myotis,POP_PRESENCE,ano,2022,5952a,PP Petřín,11924241,8537175,ano,val,ano,přítomnost druhu,ano,dobrý,chu,val,0
CZ0113773,Myotis myotis,CELKOVE_HODNOCENI,NA,2022,5952a,PP Petřín,11924241,8537175,dobrý,NA,NA,NA,NA,dobrý,chu,NA,0
CZ0210003,Myotis myotis,POP_PRESENCE,ano,2015,6355d,EVL Na pramenech,9826270,6081999,ano,val,ano,přítomnost druhu,ano,dobrý,chu,val,0
CZ0210003,Myotis myotis,CELKOVE_HODNOCENI,NA,2015,6355d,EVL Na pramenech,9826270,6081999,dobrý,NA,NA,NA,NA,dobrý,chu,NA,0
CZ0210027,Myotis myotis,POP_PRESENCE,ano,"2013, 2015, 2014","6054b, 15,""6054b""","Jevany, Jevany - Bučina, Jevany - Bučiny, NPR Voděradské bučiny","10073566, 10073558, 10073575, 9140888","6316614, 6316612, 6316616, 991635",ano,val,ano,přítomnost druhu,ano,dobrý,chu,val,0
CZ0210027,Myotis myotis,CELKOVE_HODNOCENI,NA,"2013, 2015, 2014","6054b, 15,""6054b""","Jevany, Jevany - Bučina, Jevany - Bučiny, NPR Voděradské bučiny","10073566, 10073558, 10073575, 9140888","6316614, 6316612, 6316616, 991635",dobrý,NA,NA,NA,NA,dobrý,chu,NA,0
CZ0210043,Myotis myotis,POP_PRESENCE,ano,"2019, 2015","6150d, 2,""6150d""","Dobříš, EVL Hradec a Kuchyňka","10755338, 9826713","7073361, 6082480",ano,val,ano,přítomnost druhu,ano,dobrý,chu,val,0
CZ0210043,Myotis myotis,CELKOVE_HODNOCENI,NA,"2019, 2015","6150d, 2,""6150d""","Dobříš, EVL Hradec a Kuchyňka","10755338, 9826713","7073361, 6082480",dobrý,NA,NA,NA,NA,dobrý,chu,NA,0
CZ0210047,Myotis myotis,POP_PRESENCE,ano,2015,6448b,"Hutě pod Třemšínem, Třemšín, Voltuš, lokalita ""Hengst""","9636507, 10073397, 10073395, 10075483, 9636502, 10075485","5905140, 6316450, 5905135, 6316451",ano,val,ano,přítomnost druhu,ano,dobrý,chu,val,0
CZ0210047,Myotis myotis,CELKOVE_HODNOCENI,NA,2015,6448b,"Hutě pod Třemšínem, Třemšín, Voltuš, lokalita ""Hengst""","9636507, 10073397, 10073395, 10075483, 9636502, 10075485","5905140, 6316450, 5905135, 6316451",dobrý,NA,NA,NA,NA,dobrý,chu,NA,0
CZ0210053,Myotis myotis,POP_PRESENCE,ano,2014,6252c,Smilovice,9139601,5492084,ano,val,ano,přítomnost druhu,ano,dobrý,chu,val,0
CZ0210053,Myotis myotis,CELKOVE_HODNOCENI,NA,2014,6252c,Smilovice,9139601,5492084,dobrý,NA,NA,NA,NA,dobrý,chu,NA,0
CZ0210101,Myotis myotis,POP_PRESENCE,ano,2012,"96,""5757b""",5757,9012208,1790186,ano,val,ano,přítomnost druhu,ano,dobrý,chu,val,0
CZ0210101,Myotis myotis,CELKOVE_HODNOCENI,NA,2012,"96,""5757b""",5757,9012208,1790186,dobrý,NA,NA,NA,NA,dobrý,chu,NA,0
CZ0210109,Myotis myotis,POP_PRESENCE,ano,2025,5655b,Chloumek u Mladé Boleslavi,"15283241, 15283678",12646859,ano,val,ano,přítomnost druhu,ano,dobrý,chu,val,0
CZ0210109,Myotis myotis,CELKOVE_HODNOCENI,NA,2025,5655b,Chloumek u Mladé Boleslavi,"15283241, 15283678",12646859,dobrý,NA,NA,NA,NA,dobrý,chu,NA,0
CZ0210118,Myotis myotis,POP_PRESENCE,ano,2013,5956b,NPP V jezírkách,8882263,5361613,ano,val,ano,přítomnost druhu,ano,dobrý,chu,val,0
CZ0210118,Myotis myotis,CELKOVE_HODNOCENI,NA,2013,5956b,NPP V jezírkách,8882263,5361613,dobrý,NA,NA,NA,NA,dobrý,chu,NA,0
CZ0210150,Myotis myotis,POP_PRESENCE,ano,2012,5756a,NPR Čtvrtě,8787737,5167844,ano,val,ano,přítomnost druhu,ano,dobrý,chu,val,0
CZ0210150,Myotis myotis,CELKOVE_HODNOCENI,NA,2012,5756a,NPR Čtvrtě,8787737,5167844,dobrý,NA,NA,NA,NA,dobrý,chu,NA,0
CZ0210421,Myotis myotis,POP_PRESENCE,ano,2012,6050d,"Na Mramoru, Na Mramoru - štola","9371296, 8522460","5668057, 5062715",ano,val,ano,přítomnost druhu,ano,dobrý,chu,val,1
CZ0210421,Myotis myotis,CELKOVE_HODNOCENI,NA,2012,6050d,"Na Mramoru, Na Mramoru - štola","9371296, 8522460","5668057, 5062715",dobrý,NA,NA,NA,NA,dobrý,chu,NA,1
CZ0210729,Myotis myotis,POP_PRESENCE,ano,2013,5852a,NPR Větrušické rokle,8885133,5364378,ano,val,ano,přítomnost druhu,ano,dobrý,chu,val,0
CZ0210729,Myotis myotis,CELKOVE_HODNOCENI,NA,2013,5852a,NPR Větrušické rokle,8885133,5364378,dobrý,NA,NA,NA,NA,dobrý,chu,NA,0
CZ0212020,Myotis myotis,POP_PRESENCE,ano,2013,5555a,NPP Rečkov,"8885255, 8885256",5364444,ano,val,ano,přítomnost druhu,ano,dobrý,chu,val,0
CZ0212020,Myotis myotis,CELKOVE_HODNOCENI,NA,2013,5555a,NPP Rečkov,"8885255, 8885256",5364444,dobrý,NA,NA,NA,NA,dobrý,chu,NA,0
CZ0213039,Myotis myotis,POP_PRESENCE,ano,2015,"71,""5652b""",EVL Labe - Liběchov,9826857,6082678,ano,val,ano,přítomnost druhu,ano,dobrý,chu,val,0
CZ0213039,Myotis myotis,CELKOVE_HODNOCENI,NA,2015,"71,""5652b""",EVL Labe - Liběchov,9826857,6082678,dobrý,NA,NA,NA,NA,dobrý,chu,NA,0
CZ0213050,Myotis myotis,POP_PRESENCE,ano,2016,6249b,"Mlýnský rybník, Velcí, Mlýnský rybník","9820851, 10090559","6075446, 6332448",ano,val,ano,přítomnost druhu,ano,dobrý,chu,val,0
CZ0213050,Myotis myotis,CELKOVE_HODNOCENI,NA,2016,6249b,"Mlýnský rybník, Velcí, Mlýnský rybník","9820851, 10090559","6075446, 6332448",dobrý,NA,NA,NA,NA,dobrý,chu,NA,0
CZ0213067,Myotis myotis,POP_PRESENCE,ano,2015,"99,""6257c""",EVL Sázava,9826848,6082660,ano,val,ano,přítomnost druhu,ano,dobrý,chu,val,0
CZ0213067,Myotis myotis,CELKOVE_HODNOCENI,NA,2015,"99,""6257c""",EVL Sázava,9826848,6082660,dobrý,NA,NA,NA,NA,dobrý,chu,NA,0
CZ0213068,Myotis myotis,POP_PRESENCE,ano,2023,6153d,Týnec nad Sázavou,"12724583, 12724584",9527880,ano,val,ano,přítomnost druhu,ano,dobrý,chu,val,0
CZ0213068,Myotis myotis,CELKOVE_HODNOCENI,NA,2023,6153d,Týnec nad Sázavou,"12724583, 12724584",9527880,dobrý,NA,NA,NA,NA,dobrý,chu,NA,0
CZ0213600,Myotis myotis,POP_PRESENCE,ano,"2018, 2020",5454d,"Bělá pod Bezdězem, Bělá pod Bezdězem - zámek","10730434, 11290689","5378051, 5062992",ne,val,ano,přítomnost druhu,ano,špatný,chu,val,0
CZ0213600,Myotis myotis,CELKOVE_HODNOCENI,NA,"2018, 2020",5454d,"Bělá pod Bezdězem, Bělá pod Bezdězem - zámek","10730434, 11290689","5378051, 5062992",zhoršený,NA,NA,NA,NA,zhoršený,chu,NA,0
CZ0213601,Myotis myotis,POP_PRESENCE,ano,2019,6050a,Beroun - ZŠ Jungmannova,11223483,7659854,ano,val,ano,přítomnost druhu,ano,dobrý,chu,val,0
CZ0213601,Myotis myotis,CELKOVE_HODNOCENI,NA,2019,6050a,Beroun - ZŠ Jungmannova,11223483,7659854,dobrý,NA,NA,NA,NA,dobrý,chu,NA,0
CZ0213610,Myotis myotis,POP_PRESENCE,ano,"2016, 2023",5949c,"Křivoklát - sklepy pivovaru, Křivoklát - věž hradu","9807978, 12957130","5066354, 5066351",ano,val,ano,přítomnost druhu,ano,dobrý,chu,val,0
CZ0213610,Myotis myotis,CELKOVE_HODNOCENI,NA,"2016, 2023",5949c,"Křivoklát - sklepy pivovaru, Křivoklát - věž hradu","9807978, 12957130","5066354, 5066351",dobrý,NA,NA,NA,NA,dobrý,chu,NA,0
CZ0213611,Myotis myotis,POP_PRESENCE,ano,2025,5656a,Ledce,"14939987, 15077698",1323503,ano,val,ano,přítomnost druhu,ano,dobrý,chu,val,0
CZ0213611,Myotis myotis,CELKOVE_HODNOCENI,NA,2025,5656a,Ledce,"14939987, 15077698",1323503,dobrý,NA,NA,NA,NA,dobrý,chu,NA,0
CZ0213613,Myotis myotis,POP_PRESENCE,ano,2015,6057c,Malešov,9173818,5505163,ano,val,ano,přítomnost druhu,ano,dobrý,chu,val,0
CZ0213613,Myotis myotis,CELKOVE_HODNOCENI,NA,2015,6057c,Malešov,9173818,5505163,dobrý,NA,NA,NA,NA,dobrý,chu,NA,0
CZ0213615,Myotis myotis,POP_PRESENCE,ano,2021,6452a,Jarnice - štola,11777386,5063510,ano,val,ano,přítomnost druhu,ano,dobrý,chu,val,0
CZ0213615,Myotis myotis,CELKOVE_HODNOCENI,NA,2021,6452a,Jarnice - štola,11777386,5063510,dobrý,NA,NA,NA,NA,dobrý,chu,NA,0
CZ0213620,Myotis myotis,POP_PRESENCE,ano,"2016, 2013",6354d,"Roudný - štola Mořic, Štola Mořic","9807963, 8809211","5069050, 5295049",ano,val,ano,přítomnost druhu,ano,dobrý,chu,val,0
CZ0213620,Myotis myotis,CELKOVE_HODNOCENI,NA,"2016, 2013",6354d,"Roudný - štola Mořic, Štola Mořic","9807963, 8809211","5069050, 5295049",dobrý,NA,NA,NA,NA,dobrý,chu,NA,0
CZ0213621,Myotis myotis,POP_PRESENCE,ano,"2014, 2013, 2026, 2025, 2018",6051a,"Anděrova štola, Bucharova štola, Maršálkova štola, Mořina - Gotická chodba v lomu Mexiko, Mořina - Velká Amerika U Tunelu, Mořina - Vodní štola v Mexiku, Průchodová štola na Mexiko, Tunel ve Velké Americe, Velká Amerika, Zbytovského štola, vodní štola ve Velké Americe, štola Feministka","9371172, 8903430, 9371188, 15546611, 15546610, 13451219, 13451218, 9371321, 9371405, 10381052, 10397941, 9371423, 15546237, 9371359","5668017, 5069001, 998557, 7284026, 6076724, 6860028, 5668065, 5668092, 5902607, 5668100, 5517604, 5668078",ano,val,ano,přítomnost druhu,ano,dobrý,chu,val,1
CZ0213621,Myotis myotis,CELKOVE_HODNOCENI,NA,"2014, 2013, 2026, 2025, 2018",6051a,"Anděrova štola, Bucharova štola, Maršálkova štola, Mořina - Gotická chodba v lomu Mexiko, Mořina - Velká Amerika U Tunelu, Mořina - Vodní štola v Mexiku, Průchodová štola na Mexiko, Tunel ve Velké Americe, Velká Amerika, Zbytovského štola, vodní štola ve Velké Americe, štola Feministka","9371172, 8903430, 9371188, 15546611, 15546610, 13451219, 13451218, 9371321, 9371405, 10381052, 10397941, 9371423, 15546237, 9371359","5668017, 5069001, 998557, 7284026, 6076724, 6860028, 5668065, 5668092, 5902607, 5668100, 5517604, 5668078",dobrý,NA,NA,NA,NA,dobrý,chu,NA,1
CZ0213626,Myotis myotis,POP_PRESENCE,ano,2015,6150a,DEL0170 - Suchomasty 1 - zámeček,9475181,1172831,ano,val,ano,přítomnost druhu,ano,dobrý,chu,val,0
CZ0213626,Myotis myotis,CELKOVE_HODNOCENI,NA,2015,6150a,DEL0170 - Suchomasty 1 - zámeček,9475181,1172831,dobrý,NA,NA,NA,NA,dobrý,chu,NA,0
CZ0213628,Myotis myotis,POP_PRESENCE,ano,"2020, 2019, 2025, 2021",6149a,"Královský palác na hradě Točník, Točník, Točník - hrad, Točník 10, 267 51 Točník","11287516, 10723416, 15620916, 11874512","7663392, 7040439, 5164354, 8469119",ano,val,ano,přítomnost druhu,ano,dobrý,chu,val,0
CZ0213628,Myotis myotis,CELKOVE_HODNOCENI,NA,"2020, 2019, 2025, 2021",6149a,"Královský palác na hradě Točník, Točník, Točník - hrad, Točník 10, 267 51 Točník","11287516, 10723416, 15620916, 11874512","7663392, 7040439, 5164354, 8469119",dobrý,NA,NA,NA,NA,dobrý,chu,NA,0
CZ0213779,Myotis myotis,POP_PRESENCE,ano,"2015, 2019","77,""6052a"", 6052b","EVL Břežanské údolí, Točná","9826855, 10756174","6082674, 7074324",ano,val,ano,přítomnost druhu,ano,dobrý,chu,val,0
CZ0213779,Myotis myotis,CELKOVE_HODNOCENI,NA,"2015, 2019","77,""6052a"", 6052b","EVL Břežanské údolí, Točná","9826855, 10756174","6082674, 7074324",dobrý,NA,NA,NA,NA,dobrý,chu,NA,0
CZ0213783,Myotis myotis,POP_PRESENCE,ano,2015,6149d,EVL Felbabka,9826712,6082478,ano,val,ano,přítomnost druhu,ano,dobrý,chu,val,0
CZ0213783,Myotis myotis,CELKOVE_HODNOCENI,NA,2015,6149d,EVL Felbabka,9826712,6082478,dobrý,NA,NA,NA,NA,dobrý,chu,NA,0
CZ0213787,Myotis myotis,POP_PRESENCE,ano,2015,6249a,EVL Hrachoviště,9826720,6082487,ano,val,ano,přítomnost druhu,ano,dobrý,chu,val,0
CZ0213787,Myotis myotis,CELKOVE_HODNOCENI,NA,2015,6249a,EVL Hrachoviště,9826720,6082487,dobrý,NA,NA,NA,NA,dobrý,chu,NA,0
CZ0213814,Myotis myotis,POP_PRESENCE,ano,2015,6248c,EVL Ledný potok,9826730,6082494,ano,val,ano,přítomnost druhu,ano,dobrý,chu,val,0
CZ0213814,Myotis myotis,CELKOVE_HODNOCENI,NA,2015,6248c,EVL Ledný potok,9826730,6082494,dobrý,NA,NA,NA,NA,dobrý,chu,NA,0
CZ0213817,Myotis myotis,POP_PRESENCE,ano,2015,6249d,EVL Obecnický potok,9826439,6082127,ano,val,ano,přítomnost druhu,ano,dobrý,chu,val,0
CZ0213817,Myotis myotis,CELKOVE_HODNOCENI,NA,2015,6249d,EVL Obecnický potok,9826439,6082127,dobrý,NA,NA,NA,NA,dobrý,chu,NA,0
CZ0213818,Myotis myotis,POP_PRESENCE,ano,2017,6249d,"Obecnice, vodní nádrž Obecnice",10090564,6329110,ano,val,ano,přítomnost druhu,ano,dobrý,chu,val,0
CZ0213818,Myotis myotis,CELKOVE_HODNOCENI,NA,2017,6249d,"Obecnice, vodní nádrž Obecnice",10090564,6329110,dobrý,NA,NA,NA,NA,dobrý,chu,NA,0
CZ0214002,Myotis myotis,POP_PRESENCE,ano,"2018, 2020","6051c, 6051d","Karlické údolí, Mořinka","10544167, 10544171, 10544174, 10544179, 10544180, 10544181, 10544182, 10545189, 10545190, 10545194, 11257040, 11257041","4937894, 7629265",ano,val,ano,přítomnost druhu,ano,dobrý,chu,val,0
CZ0214002,Myotis myotis,CELKOVE_HODNOCENI,NA,"2018, 2020","6051c, 6051d","Karlické údolí, Mořinka","10544167, 10544171, 10544174, 10544179, 10544180, 10544181, 10544182, 10545189, 10545190, 10545194, 11257040, 11257041","4937894, 7629265",dobrý,NA,NA,NA,NA,dobrý,chu,NA,0
CZ0214003,Myotis myotis,POP_PRESENCE,ano,"2016, 2017, 2018, 2025, 2014, 2026, 2024, 2019, 2013",6050c,"Jeskyně Zlomená, Jeskyně Žába, Kobyla - tunel, Kobyla - vstupní tunel, Koněpruské jeskyně, Koněprusy - Bonzákova sluj, Koněprusy - Bonzákova slůj, NPP Zlatý kůň, jeskyně Zlomená, jeskyně Žába","9807806, 10087436, 10730114, 13446205, 9371264, 15555327, 12835098, 11459306, 11459307, 11459308, 9371248, 9371252","5062657, 5062663, 5062656, 998551, 5668046, 10670762, 9684984, 1011596, 5668041, 5668042",ano,val,ano,přítomnost druhu,ano,dobrý,chu,val,1
CZ0214003,Myotis myotis,CELKOVE_HODNOCENI,NA,"2016, 2017, 2018, 2025, 2014, 2026, 2024, 2019, 2013",6050c,"Jeskyně Zlomená, Jeskyně Žába, Kobyla - tunel, Kobyla - vstupní tunel, Koněpruské jeskyně, Koněprusy - Bonzákova sluj, Koněprusy - Bonzákova slůj, NPP Zlatý kůň, jeskyně Zlomená, jeskyně Žába","9807806, 10087436, 10730114, 13446205, 9371264, 15555327, 12835098, 11459306, 11459307, 11459308, 9371248, 9371252","5062657, 5062663, 5062656, 998551, 5668046, 10670762, 9684984, 1011596, 5668041, 5668042",dobrý,NA,NA,NA,NA,dobrý,chu,NA,1
CZ0214006,Myotis myotis,POP_PRESENCE,ano,"2019, 2017","5755a, 5755c, 5755c, 99,""5755a""","Milovice nad Labem, Mýtko, Milovice, Traviny - západ, pastvina Exmoorských koní a zubrů, Benátky n. Jizerou","10857575, 11001215, 11001216, 11001231, 11001232","7171529, 7299482, 7299487",ano,val,ano,přítomnost druhu,ano,dobrý,chu,val,0
CZ0214006,Myotis myotis,CELKOVE_HODNOCENI,NA,"2019, 2017","5755a, 5755c, 5755c, 99,""5755a""","Milovice nad Labem, Mýtko, Milovice, Traviny - západ, pastvina Exmoorských koní a zubrů, Benátky n. Jizerou","10857575, 11001215, 11001216, 11001231, 11001232","7171529, 7299482, 7299487",dobrý,NA,NA,NA,NA,dobrý,chu,NA,0
CZ0214008,Myotis myotis,POP_PRESENCE,ano,2012,"96,""5949a""",5949,9012249,1800974,ano,val,ano,přítomnost druhu,ano,dobrý,chu,val,0
CZ0214008,Myotis myotis,CELKOVE_HODNOCENI,NA,2012,"96,""5949a""",5949,9012249,1800974,dobrý,NA,NA,NA,NA,dobrý,chu,NA,0
CZ0214011,Myotis myotis,POP_PRESENCE,ano,2015,6048b,"NPR Velká Pleš, trvalá monitorovací plocha VÚKOZ v.v.i.","10144722, 10144723",6376944,ano,val,ano,přítomnost druhu,ano,dobrý,chu,val,0
CZ0214011,Myotis myotis,CELKOVE_HODNOCENI,NA,2015,6048b,"NPR Velká Pleš, trvalá monitorovací plocha VÚKOZ v.v.i.","10144722, 10144723",6376944,dobrý,NA,NA,NA,NA,dobrý,chu,NA,0
CZ0214012,Myotis myotis,POP_PRESENCE,ano,"2021, 2015, 2018, 2016, 2023",5456c,"Branžež, Dneboh, EVL - Příhrazskév skály - B8, EVL Příhrazské skály - A10, EVL Příhrazské skály - A4, EVL Příhrazskév skály - B7, Hynšta, Krtola, Krtola u Příhraz - jeskyně, Mužský","11748638, 11748643, 11748662, 11748664, 11746042, 11747952, 11747953, 11748674, 9547041, 9547077, 9547066, 9545659, 9547078, 10730043, 9789933, 12956640, 11746068, 11746099","8278518, 8273560, 5835690, 5835701, 5835144, 5835688, 5375454, 4929536, 5062270, 8273630",ano,val,ano,přítomnost druhu,ano,dobrý,chu,val,0
CZ0214012,Myotis myotis,CELKOVE_HODNOCENI,NA,"2021, 2015, 2018, 2016, 2023",5456c,"Branžež, Dneboh, EVL - Příhrazskév skály - B8, EVL Příhrazské skály - A10, EVL Příhrazské skály - A4, EVL Příhrazskév skály - B7, Hynšta, Krtola, Krtola u Příhraz - jeskyně, Mužský","11748638, 11748643, 11748662, 11748664, 11746042, 11747952, 11747953, 11748674, 9547041, 9547077, 9547066, 9545659, 9547078, 10730043, 9789933, 12956640, 11746068, 11746099","8278518, 8273560, 5835690, 5835701, 5835144, 5835688, 5375454, 4929536, 5062270, 8273630",dobrý,NA,NA,NA,NA,dobrý,chu,NA,0
CZ0214013,Myotis myotis,POP_PRESENCE,ano,"2012, 2021, 2019, 2015, 2025, 2026, 2018, 2023, 2017, 2016, 2024, 2020","96,""5453a"", 96,""5553d"", 5553b, 5453c, 5553c, 5553a, 5553b, 5553b, 5553d, 5653a, 5552b, 5553a, 5552d","5453, 5553, Blatce, Dražejov u Dubé, Dubá, Harasov - starý hotel, Harasov hotel, Hlučov, skalní mlýn, Jestřebice u Kokořína, Klemperka, Kokořín, Kokořín, rozpadlá budova hotelu Harasov, Mšeno, Olešno, PR Kokořínsko, Pivovarské sklepy ve Vojtěchově, Sedlec u Mšena, Střemy, Truskavna 40, 277 23 Kokořín, Truskavna – jeskyně Klemperka, Tubož, Tupadly - hotel Sv. Kryštof, Vidim - pivovarský sklep, Vidim - sklep bývalého pivovaru, Vidim, pivovarský sklep, Vojtěchov – pivovarský sklep, jeskyně Klemperka, jeskyně Klemperka a okolí, spodní místnost jeskyně Klemperka, Želízy","9012154, 9012168, 11731100, 10857093, 10857097, 10856067, 10857086, 10861331, 9480507, 15620765, 15532839, 10524623, 13732460, 12226915, 10639052, 10734892, 10524656, 10524686, 10076085, 10076086, 11310360, 10524468, 10524941, 11874511, 15620514, 11731107, 9790169, 9791176, 9173198, 14119123, 15447654, 11777450, 10395502, 11236026, 13455989, 10525091, 10525106, 10525197, 10525198","1790809, 1800593, 8251958, 7171070, 7169833, 5759620, 6329941, 969332, 6823852, 10769517, 8951298, 1001415, 6823872, 6823878, 6319223, 968549, 6823716, 6824080, 8469118, 9874649, 8251968, 6048218, 5517795, 9874648, 6337930, 7050237, 6666189, 7598372, 968546, 6824192",ano,val,ano,přítomnost druhu,ano,dobrý,chu,val,0
CZ0214013,Myotis myotis,CELKOVE_HODNOCENI,NA,"2012, 2021, 2019, 2015, 2025, 2026, 2018, 2023, 2017, 2016, 2024, 2020","96,""5453a"", 96,""5553d"", 5553b, 5453c, 5553c, 5553a, 5553b, 5553b, 5553d, 5653a, 5552b, 5553a, 5552d","5453, 5553, Blatce, Dražejov u Dubé, Dubá, Harasov - starý hotel, Harasov hotel, Hlučov, skalní mlýn, Jestřebice u Kokořína, Klemperka, Kokořín, Kokořín, rozpadlá budova hotelu Harasov, Mšeno, Olešno, PR Kokořínsko, Pivovarské sklepy ve Vojtěchově, Sedlec u Mšena, Střemy, Truskavna 40, 277 23 Kokořín, Truskavna – jeskyně Klemperka, Tubož, Tupadly - hotel Sv. Kryštof, Vidim - pivovarský sklep, Vidim - sklep bývalého pivovaru, Vidim, pivovarský sklep, Vojtěchov – pivovarský sklep, jeskyně Klemperka, jeskyně Klemperka a okolí, spodní místnost jeskyně Klemperka, Želízy","9012154, 9012168, 11731100, 10857093, 10857097, 10856067, 10857086, 10861331, 9480507, 15620765, 15532839, 10524623, 13732460, 12226915, 10639052, 10734892, 10524656, 10524686, 10076085, 10076086, 11310360, 10524468, 10524941, 11874511, 15620514, 11731107, 9790169, 9791176, 9173198, 14119123, 15447654, 11777450, 10395502, 11236026, 13455989, 10525091, 10525106, 10525197, 10525198","1790809, 1800593, 8251958, 7171070, 7169833, 5759620, 6329941, 969332, 6823852, 10769517, 8951298, 1001415, 6823872, 6823878, 6319223, 968549, 6823716, 6824080, 8469118, 9874649, 8251968, 6048218, 5517795, 9874648, 6337930, 7050237, 6666189, 7598372, 968546, 6824192",dobrý,NA,NA,NA,NA,dobrý,chu,NA,0
CZ0214016,Myotis myotis,POP_PRESENCE,ano,"2016, 2025","18,""6256d"", 6256d, 6356b","Hulice, Švihov - chodba v hrázi nádrže Želivka, Želivka - most","9791797, 15620691, 9807809","6050012, 5063022, 5063023",ano,val,ano,přítomnost druhu,ano,dobrý,chu,val,0
CZ0214016,Myotis myotis,CELKOVE_HODNOCENI,NA,"2016, 2025","18,""6256d"", 6256d, 6356b","Hulice, Švihov - chodba v hrázi nádrže Želivka, Želivka - most","9791797, 15620691, 9807809","6050012, 5063022, 5063023",dobrý,NA,NA,NA,NA,dobrý,chu,NA,0
CZ0214017,Myotis myotis,POP_PRESENCE,ano,"2014, 2012, 2022, 2013, 2019, 2026, 2015, 2024, 2021, 2025, 2023, 2020, 2017","6050d, 96,""6050b"", 6050b, 6051a, 6051c, 9,""6050b""","3. štola u trati, 6050, Alkazar, Alkazar - Kozel, Amerika II., Aragonitová jeskyně, Barrandova jeskyně, Beranův lom - štola, Budňany - Rudolfka, Budňany - sklep pod konírnou na hradě Karlštejn, Chlum, Chlumské jeskyně, Devítikorunová jeskyně, Drahuščina štola, Gaislerova štola, Gaislerova štola, Liščí lom, Hostim u Berouna, Hostim u Berouna - lom Alkazar, Hostim u Berouna - lom Alkazar prostřední štola (štola B), Hostim, štola Alkazar východ, Hostim, štola Alkazar západ, Houmelesí štola, Houmelesí štoly, JK10, JK23, Jeskyně Arnoldka, Jeskyně Dynamitka, Jeskyně Marie, Jeskyně Metro, Jeskyně Nad Kačákem, Kadidelnice, Karlštejn, Karlštejn - hrad Císařský palác, Karlštejn - hradní studna, Korno - Podtraťová jeskyně, Kostelík, Kostelík - jeskyně, Kozel, Kruhová pec v Tomáškově lomu, Krápníková jeskyně v Šanově koutě, Loděnice, Lom Alkazar, Malá Amerika, Malá Romanovského, Malá Romanovského štola, Marie, Metro, Modlitebna – štola, NPR Koda - Kodská jeskyně, Na Jarnici, Na Jarnici - štola, Palachova propast, Podtraťová jeskyně - Korno, Poučník, Na Vanovicích, Myší rokle, Propast Čeřinka, Průtahová štola, Romanovského štola, Rudolfova jeskyně, Rybízový lom - pravá štola, Sedmisálová jeskyně, Srbsko - lom Alkazar, Srbsko u Karlštejna, Srbsko u Karlštejna - Chlumské jeskyně, Srbské jeskyně, Srbské jeskyně a jeskyně Netopýrka, Stará Aragonitka, Stará aragonitová jeskyně, Studna - hrad Karlštejn, Svatý Jan pod Skalou - klášter půda, Svatý Jan pod Skalou - půda kostela, Svatý Jan pod skalou - sklepy v klášteře, Svážná Rešna, Terasová jeskyně, Tetínská chodba, Tetínská propástka II, Tetínská propástka II., Tomáškova propast, Troj-štolí, V Kodském polesí, Velikonoční štola, bývalá kotelna kláštera, jeskyně Arnoldka, jeskyně Dynamitka, jeskyně Kostelík, jeskyně Kádelnice, jeskyně Metro, jeskyně Na Jarnici, jeskyně Nad Kačákem, jeskyně V Kodském polesí, kruhová pec v Tomáškově lomu, levá štola v lomu Rybízák, pravá štola v lomu Rybízák, propast Amerika II., propast Čeřinka, Černý lom - chodba, Štola v Tetínské rokli, Štola v rokli, Štola za trafačkou v Tomáškově lomu, Štoly v lomu Alkazar - levá, štola Alkazar západ, štola Modlitebna, štola v Beranově lomu, štola v Tetínské rokli, štola za trafačkou v Tomáškově lomu, štoly v lomu Kozel - Alkazar","9371160, 9012280, 12042196, 9371164, 9371168, 9371173, 9371179, 8902940, 9371182, 10580551, 15534170, 9649231, 9371225, 12800850, 9371211, 9371215, 11309016, 13440834, 12036136, 15314217, 13772046, 13772047, 8522427, 9371219, 15546613, 12746998, 12747161, 15555330, 8902939, 8534312, 9544918, 9544989, 8902937, 9371256, 9371260, 13057185, 10992775, 15547125, 9371268, 8902936, 9649206, 9649235, 9371274, 15546216, 15620926, 12983493, 12983909, 12983912, 12246778, 9371281, 15540581, 9371285, 9371289, 9545172, 15546616, 9371294, 9544996, 9371312, 13455658, 9377719, 9544884, 9371325, 9371329, 9371333, 8902945, 9371338, 9371343, 11660961, 11257156, 15546612, 10087398, 9806681, 15555328, 9544878, 8902943, 9371347, 11954535, 11193269, 13446503, 15540575, 9371383, 11297376, 9371391, 8903279, 9371395, 15540584, 8522468, 9371408, 9371417, 9172899, 9371156, 9371237, 13444849, 15540590, 15543127, 15546242, 9371242, 11743504, 15540586, 13444840, 11299738, 15540583, 15555329, 12227893, 9371374, 9371370, 9371378, 10851016, 15532022, 15540576, 11298159, 13445938, 15540585, 15543125","5668014, 998160, 8751395, 5668015, 5668016, 5668018, 5668019, 5062322, 6839204, 6063083, 5382358, 5668034, 5517096, 5668029, 5668030, 7778940, 10668629, 1848161, 12696213, 10809080, 10809081, 5062687, 998568, 9560245, 9560297, 998515, 5062320, 5069000, 5068733, 5068732, 5062318, 5668045, 1003762, 998538, 5496625, 5668048, 5062316, 5382366, 5668050, 998605, 5382356, 9945131, 5901649, 5668052, 998545, 5668053, 5668054, 5834851, 1011259, 5668056, 5062333, 5668062, 10693594, 5671575, 5068730, 5668066, 5668067, 5668068, 5062341, 5668072, 8180787, 7629361, 5496630, 5062686, 998567, 998583, 5062695, 5062336, 1003763, 5466818, 5517561, 5517399, 5668086, 998651, 5668088, 5062702, 5668089, 998615, 5062718, 5668097, 5517563, 5668013, 5668038, 998678, 998674, 998666, 998536, 5668039, 998624, 998609, 998542, 998543, 998544, 998527, 5517401, 5668083, 5668082, 5668084, 7163763, 12879952, 5517594, 998532, 998657, 998612, 998603",ano,val,ano,přítomnost druhu,ano,dobrý,chu,val,1
CZ0214017,Myotis myotis,CELKOVE_HODNOCENI,NA,"2014, 2012, 2022, 2013, 2019, 2026, 2015, 2024, 2021, 2025, 2023, 2020, 2017","6050d, 96,""6050b"", 6050b, 6051a, 6051c, 9,""6050b""","3. štola u trati, 6050, Alkazar, Alkazar - Kozel, Amerika II., Aragonitová jeskyně, Barrandova jeskyně, Beranův lom - štola, Budňany - Rudolfka, Budňany - sklep pod konírnou na hradě Karlštejn, Chlum, Chlumské jeskyně, Devítikorunová jeskyně, Drahuščina štola, Gaislerova štola, Gaislerova štola, Liščí lom, Hostim u Berouna, Hostim u Berouna - lom Alkazar, Hostim u Berouna - lom Alkazar prostřední štola (štola B), Hostim, štola Alkazar východ, Hostim, štola Alkazar západ, Houmelesí štola, Houmelesí štoly, JK10, JK23, Jeskyně Arnoldka, Jeskyně Dynamitka, Jeskyně Marie, Jeskyně Metro, Jeskyně Nad Kačákem, Kadidelnice, Karlštejn, Karlštejn - hrad Císařský palác, Karlštejn - hradní studna, Korno - Podtraťová jeskyně, Kostelík, Kostelík - jeskyně, Kozel, Kruhová pec v Tomáškově lomu, Krápníková jeskyně v Šanově koutě, Loděnice, Lom Alkazar, Malá Amerika, Malá Romanovského, Malá Romanovského štola, Marie, Metro, Modlitebna – štola, NPR Koda - Kodská jeskyně, Na Jarnici, Na Jarnici - štola, Palachova propast, Podtraťová jeskyně - Korno, Poučník, Na Vanovicích, Myší rokle, Propast Čeřinka, Průtahová štola, Romanovského štola, Rudolfova jeskyně, Rybízový lom - pravá štola, Sedmisálová jeskyně, Srbsko - lom Alkazar, Srbsko u Karlštejna, Srbsko u Karlštejna - Chlumské jeskyně, Srbské jeskyně, Srbské jeskyně a jeskyně Netopýrka, Stará Aragonitka, Stará aragonitová jeskyně, Studna - hrad Karlštejn, Svatý Jan pod Skalou - klášter půda, Svatý Jan pod Skalou - půda kostela, Svatý Jan pod skalou - sklepy v klášteře, Svážná Rešna, Terasová jeskyně, Tetínská chodba, Tetínská propástka II, Tetínská propástka II., Tomáškova propast, Troj-štolí, V Kodském polesí, Velikonoční štola, bývalá kotelna kláštera, jeskyně Arnoldka, jeskyně Dynamitka, jeskyně Kostelík, jeskyně Kádelnice, jeskyně Metro, jeskyně Na Jarnici, jeskyně Nad Kačákem, jeskyně V Kodském polesí, kruhová pec v Tomáškově lomu, levá štola v lomu Rybízák, pravá štola v lomu Rybízák, propast Amerika II., propast Čeřinka, Černý lom - chodba, Štola v Tetínské rokli, Štola v rokli, Štola za trafačkou v Tomáškově lomu, Štoly v lomu Alkazar - levá, štola Alkazar západ, štola Modlitebna, štola v Beranově lomu, štola v Tetínské rokli, štola za trafačkou v Tomáškově lomu, štoly v lomu Kozel - Alkazar","9371160, 9012280, 12042196, 9371164, 9371168, 9371173, 9371179, 8902940, 9371182, 10580551, 15534170, 9649231, 9371225, 12800850, 9371211, 9371215, 11309016, 13440834, 12036136, 15314217, 13772046, 13772047, 8522427, 9371219, 15546613, 12746998, 12747161, 15555330, 8902939, 8534312, 9544918, 9544989, 8902937, 9371256, 9371260, 13057185, 10992775, 15547125, 9371268, 8902936, 9649206, 9649235, 9371274, 15546216, 15620926, 12983493, 12983909, 12983912, 12246778, 9371281, 15540581, 9371285, 9371289, 9545172, 15546616, 9371294, 9544996, 9371312, 13455658, 9377719, 9544884, 9371325, 9371329, 9371333, 8902945, 9371338, 9371343, 11660961, 11257156, 15546612, 10087398, 9806681, 15555328, 9544878, 8902943, 9371347, 11954535, 11193269, 13446503, 15540575, 9371383, 11297376, 9371391, 8903279, 9371395, 15540584, 8522468, 9371408, 9371417, 9172899, 9371156, 9371237, 13444849, 15540590, 15543127, 15546242, 9371242, 11743504, 15540586, 13444840, 11299738, 15540583, 15555329, 12227893, 9371374, 9371370, 9371378, 10851016, 15532022, 15540576, 11298159, 13445938, 15540585, 15543125","5668014, 998160, 8751395, 5668015, 5668016, 5668018, 5668019, 5062322, 6839204, 6063083, 5382358, 5668034, 5517096, 5668029, 5668030, 7778940, 10668629, 1848161, 12696213, 10809080, 10809081, 5062687, 998568, 9560245, 9560297, 998515, 5062320, 5069000, 5068733, 5068732, 5062318, 5668045, 1003762, 998538, 5496625, 5668048, 5062316, 5382366, 5668050, 998605, 5382356, 9945131, 5901649, 5668052, 998545, 5668053, 5668054, 5834851, 1011259, 5668056, 5062333, 5668062, 10693594, 5671575, 5068730, 5668066, 5668067, 5668068, 5062341, 5668072, 8180787, 7629361, 5496630, 5062686, 998567, 998583, 5062695, 5062336, 1003763, 5466818, 5517561, 5517399, 5668086, 998651, 5668088, 5062702, 5668089, 998615, 5062718, 5668097, 5517563, 5668013, 5668038, 998678, 998674, 998666, 998536, 5668039, 998624, 998609, 998542, 998543, 998544, 998527, 5517401, 5668083, 5668082, 5668084, 7163763, 12879952, 5517594, 998532, 998657, 998612, 998603",dobrý,NA,NA,NA,NA,dobrý,chu,NA,1
CZ0214037,Myotis myotis,POP_PRESENCE,ano,2019,6050c,NPP Kotýz,"11459315, 11459316",1011594,ano,val,ano,přítomnost druhu,ano,dobrý,chu,val,0
CZ0214037,Myotis myotis,CELKOVE_HODNOCENI,NA,2019,6050c,NPP Kotýz,"11459315, 11459316",1011594,dobrý,NA,NA,NA,NA,dobrý,chu,NA,0
CZ0214042,Myotis myotis,POP_PRESENCE,ano,2016,6348d,Strašice v Brdech,"9806794, 9806863",6062645,ano,val,ano,přítomnost druhu,ano,dobrý,chu,val,0
CZ0214042,Myotis myotis,CELKOVE_HODNOCENI,NA,2016,6348d,Strašice v Brdech,"9806794, 9806863",6062645,dobrý,NA,NA,NA,NA,dobrý,chu,NA,0
CZ0214050,Myotis myotis,POP_PRESENCE,ano,2023,"17,""5857b"", 68,""5857d"", 79,""5858c"", 5858c, 5857b","NPR Kněžičky - transekt č. 1, NPR Kněžičky - transekt č. 2, NPR Kněžičky - transekt č. 3, NPR Kněžičky - transekt č. 4, NPR Kněžičky - transekt č. 5, NPR Kněžičky - transekt č. 6, NPR Kněžičky - transekt č. 7","12541256, 12556073, 12556075, 12541253, 12556077, 12541261, 12541255, 12556079","9354755, 9354759, 9354761, 9354765, 9354767, 9354769, 9354771",ano,val,ano,přítomnost druhu,ano,dobrý,chu,val,0
CZ0214050,Myotis myotis,CELKOVE_HODNOCENI,NA,2023,"17,""5857b"", 68,""5857d"", 79,""5858c"", 5858c, 5857b","NPR Kněžičky - transekt č. 1, NPR Kněžičky - transekt č. 2, NPR Kněžičky - transekt č. 3, NPR Kněžičky - transekt č. 4, NPR Kněžičky - transekt č. 5, NPR Kněžičky - transekt č. 6, NPR Kněžičky - transekt č. 7","12541256, 12556073, 12556075, 12541253, 12556077, 12541261, 12541255, 12556079","9354755, 9354759, 9354761, 9354765, 9354767, 9354769, 9354771",dobrý,NA,NA,NA,NA,dobrý,chu,NA,0
CZ0310014,Myotis myotis,POP_PRESENCE,ano,2015,7050a,EVL Libín,9822648,6077931,ano,val,ano,přítomnost druhu,ano,dobrý,chu,val,0
CZ0310014,Myotis myotis,CELKOVE_HODNOCENI,NA,2015,7050a,EVL Libín,9822648,6077931,dobrý,NA,NA,NA,NA,dobrý,chu,NA,0
CZ0310022,Myotis myotis,POP_PRESENCE,ano,2015,6651a,EVL Výří skály nad Otavou,9822650,6077935,ano,val,ano,přítomnost druhu,ano,dobrý,chu,val,0
CZ0310022,Myotis myotis,CELKOVE_HODNOCENI,NA,2015,6651a,EVL Výří skály nad Otavou,9822650,6077935,dobrý,NA,NA,NA,NA,dobrý,chu,NA,0
CZ0310163,Myotis myotis,POP_PRESENCE,ano,2015,7354a,NPR Žofínský prales,10144726,6376947,ano,val,ano,přítomnost druhu,ano,dobrý,chu,val,0
CZ0310163,Myotis myotis,CELKOVE_HODNOCENI,NA,2015,7354a,NPR Žofínský prales,10144726,6376947,dobrý,NA,NA,NA,NA,dobrý,chu,NA,0
CZ0312038,Myotis myotis,POP_PRESENCE,ano,2015,6954a,Lomnický velký rybník,9667854,5934698,ano,val,ano,přítomnost druhu,ano,dobrý,chu,val,0
CZ0312038,Myotis myotis,CELKOVE_HODNOCENI,NA,2015,6954a,Lomnický velký rybník,9667854,5934698,dobrý,NA,NA,NA,NA,dobrý,chu,NA,0
CZ0312048,Myotis myotis,POP_PRESENCE,ano,2015,7054b,EVL Štičí rybník,9826873,6082697,ano,val,ano,přítomnost druhu,ano,dobrý,chu,val,0
CZ0312048,Myotis myotis,CELKOVE_HODNOCENI,NA,2015,7054b,EVL Štičí rybník,9826873,6082697,dobrý,NA,NA,NA,NA,dobrý,chu,NA,0
CZ0313101,Myotis myotis,POP_PRESENCE,ano,2015,"72,""6856d""",EVL Krvavý a Kačležský rybník,9826868,6082691,ano,val,ano,přítomnost druhu,ano,dobrý,chu,val,0
CZ0313101,Myotis myotis,CELKOVE_HODNOCENI,NA,2015,"72,""6856d""",EVL Krvavý a Kačležský rybník,9826868,6082691,dobrý,NA,NA,NA,NA,dobrý,chu,NA,0
CZ0313635,Myotis myotis,POP_PRESENCE,ano,"2021, 2024",6951a,"EVL Kratochvíle - zámek, Netolice - zámek Kratochvíle","11777769, 14119402","9561108, 5094361",ano,val,ano,přítomnost druhu,ano,dobrý,chu,val,0
CZ0313635,Myotis myotis,CELKOVE_HODNOCENI,NA,"2021, 2024",6951a,"EVL Kratochvíle - zámek, Netolice - zámek Kratochvíle","11777769, 14119402","9561108, 5094361",dobrý,NA,NA,NA,NA,dobrý,chu,NA,0
CZ0314022,Myotis myotis,POP_PRESENCE,ano,2012,"96,""7353b""",7353,9012856,5048125,ano,val,ano,přítomnost druhu,ano,dobrý,chu,val,0
CZ0314022,Myotis myotis,CELKOVE_HODNOCENI,NA,2012,"96,""7353b""",7353,9012856,5048125,dobrý,NA,NA,NA,NA,dobrý,chu,NA,0
CZ0314023,Myotis myotis,POP_PRESENCE,ano,2012,"96,""7055c""",7055,9012813,1001424,ano,val,ano,přítomnost druhu,ano,dobrý,chu,val,0
CZ0314023,Myotis myotis,CELKOVE_HODNOCENI,NA,2012,"96,""7055c""",7055,9012813,1001424,dobrý,NA,NA,NA,NA,dobrý,chu,NA,0
CZ0314024,Myotis myotis,POP_PRESENCE,ano,"2017, 2012, 2022, 2016, 2013, 2020, 2021, 2015, 2019, 2023","6847c, 96,""6744c"", 96,""6745a"", 96,""6746d"", 96,""6845a"", 96,""6846d"", 96,""6847d"", 6847d, 96,""6947a"", 96,""6948d"", 96,""6949c"", 96,""7048d"", 96,""7049c"", 96,""7050c"", 96,""7250c"", 96,""7350c"", 84,""7050c"", 7149c, 7049a, 7048b, 99,""7048b"", 92,""6948c"", 34,""7048d"", 6949c, 6846d, 6744b, 6946a","341 92 Kašperské Hory, Kašperské Hory, Regio Plzeň CZ, 6744, 6745, 6746, 6845, 6846, 6847, 6847-344, 6847-433, 6947, 6948, 6949, 7048, 7049, 7050, 7250, 7350, Amálino údolí, Amálino údolí - štola Bedřich, Amálino údolí - štola II, Amálino údolí - štola Kristýna, Amálino údolí - štola Myší díra, Amálino údolí - štola U silnice, Amálino údolí - štola Veřejné záchodky, Amálino údolí - štola Vlevo, Czech Republic -Kašperské Hory, EVL Šumava (projekt JCK), Jelení vrchy - Schwarzenbergský kanál, Klatovy, Krkonošská národní park, CZ-PK, CZ, Krejčovice - štola, Krejčovice, PP Soutok - štola, NPR Boubínský prales, NPR Boubínský prales 2424, PP Jilmová skála 934, PR Amálino údolí, západní část., PR Milešický prales 1154, PR Radost 3370, PR Zátoňská hora 1148, PR Čertova stráň 1598, Stodůlky - štola, Svatá Kateřina - štola, U kapličky - štola, Červená 18, 341 92 Kašperské Hory, Česko, Ždanidla","10287542, 9012599, 9012600, 9012601, 9012624, 9012625, 9012626, 12515102, 12515097, 9012782, 9012783, 9012784, 9012808, 9012809, 9012810, 9012843, 9012853, 8917826, 8524730, 8524763, 8524794, 8524814, 8525217, 8525219, 8525220, 10286780, 10286782, 9150563, 8524773, 8524775, 10287545, 10287546, 8524785, 8193779, 11296510, 11296505, 11296506, 11296507, 11770069, 11770071, 11770074, 9634515, 11281422, 10983652, 11770061, 11281394, 11281398, 8524838, 8525214, 8525216, 10287539, 12747529","6559044, 5047941, 5047942, 1850846, 1777147, 1349738, 1350058, 7038450, 8155972, 1777747, 1802351, 1809426, 1777172, 1777613, 1777449, 1305347, 1778003, 5385666, 5063963, 5063990, 5064005, 5064019, 5064297, 5064299, 5064300, 6558292, 5496480, 5063995, 6559047, 5064000, 4974207, 7672778, 6823365, 7581223, 5903485, 7656354, 7282245, 7966679, 7656308, 5064045, 5064294, 5064296, 6559041, 9561066",ano,val,ano,přítomnost druhu,ano,dobrý,chu,val,0
CZ0314024,Myotis myotis,CELKOVE_HODNOCENI,NA,"2017, 2012, 2022, 2016, 2013, 2020, 2021, 2015, 2019, 2023","6847c, 96,""6744c"", 96,""6745a"", 96,""6746d"", 96,""6845a"", 96,""6846d"", 96,""6847d"", 6847d, 96,""6947a"", 96,""6948d"", 96,""6949c"", 96,""7048d"", 96,""7049c"", 96,""7050c"", 96,""7250c"", 96,""7350c"", 84,""7050c"", 7149c, 7049a, 7048b, 99,""7048b"", 92,""6948c"", 34,""7048d"", 6949c, 6846d, 6744b, 6946a","341 92 Kašperské Hory, Kašperské Hory, Regio Plzeň CZ, 6744, 6745, 6746, 6845, 6846, 6847, 6847-344, 6847-433, 6947, 6948, 6949, 7048, 7049, 7050, 7250, 7350, Amálino údolí, Amálino údolí - štola Bedřich, Amálino údolí - štola II, Amálino údolí - štola Kristýna, Amálino údolí - štola Myší díra, Amálino údolí - štola U silnice, Amálino údolí - štola Veřejné záchodky, Amálino údolí - štola Vlevo, Czech Republic -Kašperské Hory, EVL Šumava (projekt JCK), Jelení vrchy - Schwarzenbergský kanál, Klatovy, Krkonošská národní park, CZ-PK, CZ, Krejčovice - štola, Krejčovice, PP Soutok - štola, NPR Boubínský prales, NPR Boubínský prales 2424, PP Jilmová skála 934, PR Amálino údolí, západní část., PR Milešický prales 1154, PR Radost 3370, PR Zátoňská hora 1148, PR Čertova stráň 1598, Stodůlky - štola, Svatá Kateřina - štola, U kapličky - štola, Červená 18, 341 92 Kašperské Hory, Česko, Ždanidla","10287542, 9012599, 9012600, 9012601, 9012624, 9012625, 9012626, 12515102, 12515097, 9012782, 9012783, 9012784, 9012808, 9012809, 9012810, 9012843, 9012853, 8917826, 8524730, 8524763, 8524794, 8524814, 8525217, 8525219, 8525220, 10286780, 10286782, 9150563, 8524773, 8524775, 10287545, 10287546, 8524785, 8193779, 11296510, 11296505, 11296506, 11296507, 11770069, 11770071, 11770074, 9634515, 11281422, 10983652, 11770061, 11281394, 11281398, 8524838, 8525214, 8525216, 10287539, 12747529","6559044, 5047941, 5047942, 1850846, 1777147, 1349738, 1350058, 7038450, 8155972, 1777747, 1802351, 1809426, 1777172, 1777613, 1777449, 1305347, 1778003, 5385666, 5063963, 5063990, 5064005, 5064019, 5064297, 5064299, 5064300, 6558292, 5496480, 5063995, 6559047, 5064000, 4974207, 7672778, 6823365, 7581223, 5903485, 7656354, 7282245, 7966679, 7656308, 5064045, 5064294, 5064296, 6559041, 9561066",dobrý,NA,NA,NA,NA,dobrý,chu,NA,0
CZ0314123,Myotis myotis,POP_PRESENCE,ano,"2012, 2022","96,""7151d"", 7150b","7151, Boletice - rybník Koknerák","9012828, 11967007","1777358, 8639598",ano,val,ano,přítomnost druhu,ano,dobrý,chu,val,0
CZ0314123,Myotis myotis,CELKOVE_HODNOCENI,NA,"2012, 2022","96,""7151d"", 7150b","7151, Boletice - rybník Koknerák","9012828, 11967007","1777358, 8639598",dobrý,NA,NA,NA,NA,dobrý,chu,NA,0
CZ0314124,Myotis myotis,POP_PRESENCE,ano,"2012, 2013, 2020, 2025, 2024","96,""7051a"", 22,""7152a"", 7152a, 7152b, 7151c","7051, EVL Blanský les (projekt JCK), Jamné - 3 štoly v údolí Vltavy, Jamné - tři štoly v kaňonu Vltavy, Třísov - štola, Červený Dvůr, Chvalšiny","9012811, 9150602, 11290398, 15620448, 12801386, 14119112, 13394076, 13394077","1000466, 5496503, 6841234, 5067181, 9631121, 10614524",ano,val,ano,přítomnost druhu,ano,dobrý,chu,val,0
CZ0314124,Myotis myotis,CELKOVE_HODNOCENI,NA,"2012, 2013, 2020, 2025, 2024","96,""7051a"", 22,""7152a"", 7152a, 7152b, 7151c","7051, EVL Blanský les (projekt JCK), Jamné - 3 štoly v údolí Vltavy, Jamné - tři štoly v kaňonu Vltavy, Třísov - štola, Červený Dvůr, Chvalšiny","9012811, 9150602, 11290398, 15620448, 12801386, 14119112, 13394076, 13394077","1000466, 5496503, 6841234, 5067181, 9631121, 10614524",dobrý,NA,NA,NA,NA,dobrý,chu,NA,0
CZ0314126,Myotis myotis,POP_PRESENCE,ano,2012,"96,""6952d""",6952,9012787,1776940,ano,val,ano,přítomnost druhu,ano,dobrý,chu,val,0
CZ0314126,Myotis myotis,CELKOVE_HODNOCENI,NA,2012,"96,""6952d""",6952,9012787,1776940,dobrý,NA,NA,NA,NA,dobrý,chu,NA,0
CZ0314634,Myotis myotis,POP_PRESENCE,ano,"2025, 2024, 2023","6554d, 6555c","Chýnovská jeskyně, NPP Chýnovská jeskyně - vchod, NPP Chýnovská jeskyně - štola","15620552, 14035738, 12705422","5062276, 9484682, 9484678",ano,val,ano,přítomnost druhu,ano,dobrý,chu,val,0
CZ0314634,Myotis myotis,CELKOVE_HODNOCENI,NA,"2025, 2024, 2023","6554d, 6555c","Chýnovská jeskyně, NPP Chýnovská jeskyně - vchod, NPP Chýnovská jeskyně - štola","15620552, 14035738, 12705422","5062276, 9484682, 9484678",dobrý,NA,NA,NA,NA,dobrý,chu,NA,0
CZ0320023,Myotis myotis,POP_PRESENCE,ano,2019,6747b,Čepice,10575574,6856158,ano,val,ano,přítomnost druhu,ano,dobrý,chu,val,0
CZ0320023,Myotis myotis,CELKOVE_HODNOCENI,NA,2019,6747b,Čepice,10575574,6856158,dobrý,NA,NA,NA,NA,dobrý,chu,NA,0
CZ0320030,Myotis myotis,POP_PRESENCE,ano,2018,6542a,PR Starý Hirštejn,"10525377, 10525384",6824222,ano,val,ano,přítomnost druhu,ano,dobrý,chu,val,0
CZ0320030,Myotis myotis,CELKOVE_HODNOCENI,NA,2018,6542a,PR Starý Hirštejn,"10525377, 10525384",6824222,dobrý,NA,NA,NA,NA,dobrý,chu,NA,0
CZ0320037,Myotis myotis,POP_PRESENCE,ano,2012,"45,""6240d""",Na požárech 2,8516500,5059727,ano,val,ano,přítomnost druhu,ano,dobrý,chu,val,0
CZ0320037,Myotis myotis,CELKOVE_HODNOCENI,NA,2012,"45,""6240d""",Na požárech 2,8516500,5059727,dobrý,NA,NA,NA,NA,dobrý,chu,NA,0
CZ0320053,Myotis myotis,POP_PRESENCE,ano,2015,6048d,NPR Kohoutov,10144710,6376935,ano,val,ano,přítomnost druhu,ano,dobrý,chu,val,0
CZ0320053,Myotis myotis,CELKOVE_HODNOCENI,NA,2015,6048d,NPR Kohoutov,10144710,6376935,dobrý,NA,NA,NA,NA,dobrý,chu,NA,0
CZ0320140,Myotis myotis,POP_PRESENCE,ano,2015,"6447c, 6447d",Měcholupy u Blovic,"9639069, 9639071, 9639073, 9639074",5907216,ano,val,ano,přítomnost druhu,ano,dobrý,chu,val,0
CZ0320140,Myotis myotis,CELKOVE_HODNOCENI,NA,2015,"6447c, 6447d",Měcholupy u Blovic,"9639069, 9639071, 9639073, 9639074",5907216,dobrý,NA,NA,NA,NA,dobrý,chu,NA,0
CZ0320180,Myotis myotis,POP_PRESENCE,ano,"2012, 2018",6642b,"Horizontálka Česká studánka, PR Smrčí","8226622, 10542626","4995311, 6831055",ano,val,ano,přítomnost druhu,ano,dobrý,chu,val,0
CZ0320180,Myotis myotis,CELKOVE_HODNOCENI,NA,"2012, 2018",6642b,"Horizontálka Česká studánka, PR Smrčí","8226622, 10542626","4995311, 6831055",dobrý,NA,NA,NA,NA,dobrý,chu,NA,0
CZ0323143,Myotis myotis,POP_PRESENCE,ano,2015,6447a,EVL Blovice,9822647,6077930,ano,val,ano,přítomnost druhu,ano,dobrý,chu,val,0
CZ0323143,Myotis myotis,CELKOVE_HODNOCENI,NA,2015,6447a,EVL Blovice,9822647,6077930,dobrý,NA,NA,NA,NA,dobrý,chu,NA,0
CZ0323151,Myotis myotis,POP_PRESENCE,ano,"2015, 2019","6341b, 6341c","Přimda - Václavský rybník, Rozvadov, Rybničná, Kateřinský potok, Svatá Kateřina u Rozvadova","9644357, 10855117, 9644361","5912920, 7168611, 5912921",ano,val,ano,přítomnost druhu,ano,dobrý,chu,val,0
CZ0323151,Myotis myotis,CELKOVE_HODNOCENI,NA,"2015, 2019","6341b, 6341c","Přimda - Václavský rybník, Rozvadov, Rybničná, Kateřinský potok, Svatá Kateřina u Rozvadova","9644357, 10855117, 9644361","5912920, 7168611, 5912921",dobrý,NA,NA,NA,NA,dobrý,chu,NA,0
CZ0323164,Myotis myotis,POP_PRESENCE,ano,2015,6747b,"Rabí - hráz rybníka, Rabí - u mysliveckého zařízení","10097309, 10097310","6337100, 6337101",ano,val,ano,přítomnost druhu,ano,dobrý,chu,val,0
CZ0323164,Myotis myotis,CELKOVE_HODNOCENI,NA,2015,6747b,"Rabí - hráz rybníka, Rabí - u mysliveckého zařízení","10097309, 10097310","6337100, 6337101",dobrý,NA,NA,NA,NA,dobrý,chu,NA,0
CZ0323165,Myotis myotis,POP_PRESENCE,ano,2015,"32,""6442b""",EVL Radbuza,9826454,6082140,ano,val,ano,přítomnost druhu,ano,dobrý,chu,val,0
CZ0323165,Myotis myotis,CELKOVE_HODNOCENI,NA,2015,"32,""6442b""",EVL Radbuza,9826454,6082140,dobrý,NA,NA,NA,NA,dobrý,chu,NA,0
CZ0323636,Myotis myotis,POP_PRESENCE,ano,2025,6545c,EVL Dolany - kostel,14939985,9895468,ano,val,ano,přítomnost druhu,ano,dobrý,chu,val,0
CZ0323636,Myotis myotis,CELKOVE_HODNOCENI,NA,2025,6545c,EVL Dolany - kostel,14939985,9895468,dobrý,NA,NA,NA,NA,dobrý,chu,NA,0
CZ0323637,Myotis myotis,POP_PRESENCE,ano,"2024, 2018",6046d,"EVL Štola Rohatiny I, Kočín - štola","12967784, 10730162","9901108, 5063998",ano,val,ano,přítomnost druhu,ano,dobrý,chu,val,0
CZ0323637,Myotis myotis,CELKOVE_HODNOCENI,NA,"2024, 2018",6046d,"EVL Štola Rohatiny I, Kočín - štola","12967784, 10730162","9901108, 5063998",dobrý,NA,NA,NA,NA,dobrý,chu,NA,0
CZ0323638,Myotis myotis,POP_PRESENCE,ano,"2013, 2025",6042d,"Výškovice - štola Hrom, Výškovice - štola Jeskyně Inků","8915474, 15537615","5069316, 5177049",ano,val,ano,přítomnost druhu,ano,dobrý,chu,val,0
CZ0323638,Myotis myotis,CELKOVE_HODNOCENI,NA,"2013, 2025",6042d,"Výškovice - štola Hrom, Výškovice - štola Jeskyně Inků","8915474, 15537615","5069316, 5177049",dobrý,NA,NA,NA,NA,dobrý,chu,NA,0
CZ0323639,Myotis myotis,POP_PRESENCE,ano,"2025, 2013",6047c,"EVL Liblín - lihovar, Liblín - sklepy lihovaru","14939986, 8915643","1215110, 5064309",ano,val,ano,přítomnost druhu,ano,dobrý,chu,val,0
CZ0323639,Myotis myotis,CELKOVE_HODNOCENI,NA,"2025, 2013",6047c,"EVL Liblín - lihovar, Liblín - sklepy lihovaru","14939986, 8915643","1215110, 5064309",dobrý,NA,NA,NA,NA,dobrý,chu,NA,0
CZ0323640,Myotis myotis,POP_PRESENCE,ano,2025,6045a,EVL Manětín - kostel,14939981,9896542,ano,val,ano,přítomnost druhu,ano,dobrý,chu,val,0
CZ0323640,Myotis myotis,CELKOVE_HODNOCENI,NA,2025,6045a,EVL Manětín - kostel,14939981,9896542,dobrý,NA,NA,NA,NA,dobrý,chu,NA,0
CZ0323641,Myotis myotis,POP_PRESENCE,ano,2025,6546c,EVL Předslav - kostel,14939983,9895469,ano,val,ano,přítomnost druhu,ano,dobrý,chu,val,0
CZ0323641,Myotis myotis,CELKOVE_HODNOCENI,NA,2025,6546c,EVL Předslav - kostel,14939983,9895469,dobrý,NA,NA,NA,NA,dobrý,chu,NA,0
CZ0323642,Myotis myotis,POP_PRESENCE,ano,2025,6147b,EVL Radnice - kostel,14939984,9895470,ano,val,ano,přítomnost druhu,ano,dobrý,chu,val,0
CZ0323642,Myotis myotis,CELKOVE_HODNOCENI,NA,2025,6147b,EVL Radnice - kostel,14939984,9895470,dobrý,NA,NA,NA,NA,dobrý,chu,NA,0
CZ0323644,Myotis myotis,POP_PRESENCE,ano,2012,6645b,"Týnec u Janovic nad Úhlavou, Loreta",8524810,1170704,ano,val,ano,přítomnost druhu,ano,dobrý,chu,val,0
CZ0323644,Myotis myotis,CELKOVE_HODNOCENI,NA,2012,6645b,"Týnec u Janovic nad Úhlavou, Loreta",8524810,1170704,dobrý,NA,NA,NA,NA,dobrý,chu,NA,0
CZ0323645,Myotis myotis,POP_PRESENCE,ano,2025,6042d,EVL Štola Věra,15537583,1215134,ano,val,ano,přítomnost druhu,ano,dobrý,chu,val,0
CZ0323645,Myotis myotis,CELKOVE_HODNOCENI,NA,2025,6042d,EVL Štola Věra,15537583,1215134,dobrý,NA,NA,NA,NA,dobrý,chu,NA,0
CZ0323646,Myotis myotis,POP_PRESENCE,ano,"2024, 2018",6244a,"EVL Stříbro - štoly Dlouhý tah, Stříbro - štola Dlouhý tah","12967772, 10730119","9901103, 5064290",ano,val,ano,přítomnost druhu,ano,dobrý,chu,val,0
CZ0323646,Myotis myotis,CELKOVE_HODNOCENI,NA,"2024, 2018",6244a,"EVL Stříbro - štoly Dlouhý tah, Stříbro - štola Dlouhý tah","12967772, 10730119","9901103, 5064290",dobrý,NA,NA,NA,NA,dobrý,chu,NA,0
CZ0323647,Myotis myotis,POP_PRESENCE,ano,"2025, 2016",6145c,"EVL Všeruby - kostel, Všeruby u Plzně","14939982, 9673459","9896548, 5380787",ano,val,ano,přítomnost druhu,ano,dobrý,chu,val,0
CZ0323647,Myotis myotis,CELKOVE_HODNOCENI,NA,"2025, 2016",6145c,"EVL Všeruby - kostel, Všeruby u Plzně","14939982, 9673459","9896548, 5380787",dobrý,NA,NA,NA,NA,dobrý,chu,NA,0
CZ0323648,Myotis myotis,POP_PRESENCE,ano,2014,6747d,EVL Žihobce - zámek,9649124,9899763,ano,val,ano,přítomnost druhu,ano,dobrý,chu,val,0
CZ0323648,Myotis myotis,CELKOVE_HODNOCENI,NA,2014,6747d,EVL Žihobce - zámek,9649124,9899763,dobrý,NA,NA,NA,NA,dobrý,chu,NA,0
CZ0324026,Myotis myotis,POP_PRESENCE,ano,2015,6542c,Nemaničky,10074002,6317037,ano,val,ano,přítomnost druhu,ano,dobrý,chu,val,0
CZ0324026,Myotis myotis,CELKOVE_HODNOCENI,NA,2015,6542c,Nemaničky,10074002,6317037,dobrý,NA,NA,NA,NA,dobrý,chu,NA,0
CZ0410151,Myotis myotis,POP_PRESENCE,ano,"2015, 2023",5945a,"PR Vladař, PR Vladař, západní svah","9536546, 12728749","5827990, 9534918",ano,val,ano,přítomnost druhu,ano,dobrý,chu,val,0
CZ0410151,Myotis myotis,CELKOVE_HODNOCENI,NA,"2015, 2023",5945a,"PR Vladař, PR Vladař, západní svah","9536546, 12728749","5827990, 9534918",dobrý,NA,NA,NA,NA,dobrý,chu,NA,0
CZ0410414,Myotis myotis,POP_PRESENCE,ano,"2018, 2024",5942c,"NB-26, NB26","10448394, 13395214","6693924, 10616483",ano,val,ano,přítomnost druhu,ano,dobrý,chu,val,0
CZ0410414,Myotis myotis,CELKOVE_HODNOCENI,NA,"2018, 2024",5942c,"NB-26, NB26","10448394, 13395214","6693924, 10616483",dobrý,NA,NA,NA,NA,dobrý,chu,NA,0
CZ0412070,Myotis myotis,POP_PRESENCE,ano,"2023, 2024",5942c,"NB-113, NB113, NB18","12731070, 13395223, 13395210","9538358, 10616491, 10616479",ano,val,ano,přítomnost druhu,ano,dobrý,chu,val,0
CZ0412070,Myotis myotis,CELKOVE_HODNOCENI,NA,"2023, 2024",5942c,"NB-113, NB113, NB18","12731070, 13395223, 13395210","9538358, 10616491, 10616479",dobrý,NA,NA,NA,NA,dobrý,chu,NA,0
CZ0413177,Myotis myotis,POP_PRESENCE,ano,2013,"31,""5738b""",NPP Lužní potok 1167,"8914179, 8914197",5383542,ano,val,ano,přítomnost druhu,ano,dobrý,chu,val,0
CZ0413177,Myotis myotis,CELKOVE_HODNOCENI,NA,2013,"31,""5738b""",NPP Lužní potok 1167,"8914179, 8914197",5383542,dobrý,NA,NA,NA,NA,dobrý,chu,NA,0
CZ0413195,Myotis myotis,POP_PRESENCE,ano,2015,5942b,Tisová u Otročína - řeka Teplá,9644368,5912928,ano,val,ano,přítomnost druhu,ano,dobrý,chu,val,0
CZ0413195,Myotis myotis,CELKOVE_HODNOCENI,NA,2015,5942b,Tisová u Otročína - řeka Teplá,9644368,5912928,dobrý,NA,NA,NA,NA,dobrý,chu,NA,0
CZ0414110,Myotis myotis,POP_PRESENCE,ano,"2012, 2025, 2016, 2024, 2013, 2018, 2020, 2022","96,""5542c"", 96,""5642b"", 5642b, 5643a, 3,""5543c"", 5541d, 5641b, 5542d, 5543c, 5542b","5542, 5642, Hřebečná - Bludná - Wildbahner, Hřebečná - Mauricius, Hřebečná - štola Kryštof (spojeno s Mauricius), Hřebečná, Mauritius - dolní jáma, Hřebečná, Mauritius - horní jáma, Mauricius - důl, NPR Božídarské rašeliniště, NPR Velké jeřábí jezero - západní část, NPR Velký močál - severní okraj, Potůčky (Ryžovna) - štola Boží požehnání, Potůčky - Bludná - Zuzana, Potůčky - štola Boží požehnání, Ryžovna - Gottlib, Ryžovna - Johanes, Ryžovna - Kohlreuter, Ryžovna - Zlatý Kopec - štola Dolní Perníková, Ryžovna - Zlatý Kopec - štola Ementál, Ryžovna - Zlatý Kopec - štola Horní Perníková, Ryžovna - Zlatý Kopec - štola Rezonanční, Ryžovna - štola Dolní Michael, Ryžovna - štola Kapsa, Ryžovna - štola Kolejová, Ryžovna - štola Náhoda, Ryžovna - štola Tetřeví výduch, Ryžovna - štola Zlatokopecká, Ryžovna - štola u Černé, Ryžovna, u Českého mlýna, Ryžovna, Českomlýnská cesta, Zlatý Kopec, Johannes - dolní jáma, Zlatý kopec - Horní perníková štola, Zlatý kopec - Kohlreuter, Zlatý kopec - štola Gottlib (Johannis)","9012161, 9012176, 15537555, 9796181, 15537557, 13137104, 13137106, 15620705, 8931618, 8931619, 8912759, 8912762, 8917660, 15537560, 15537561, 15537552, 8887163, 15537549, 10261156, 15537546, 15537551, 15537550, 15537564, 11103092, 12497105, 15537553, 12497046, 15537554, 12497104, 13126688, 13126689, 13137117, 8917678, 8917671, 13137119","1309034, 1840432, 5177130, 5177141, 5177140, 7283326, 6855791, 5375795, 5387938, 5382838, 5382839, 5385582, 5177205, 5177207, 5177187, 5177307, 5177132, 5177185, 5176980, 5177186, 5177183, 6051043, 7423106, 6051042, 5177235, 5177241, 5177242, 5177184, 10226612, 10226704, 6855797, 5385592, 5385588, 5064307",ano,val,ano,přítomnost druhu,ano,dobrý,chu,val,0
CZ0414110,Myotis myotis,CELKOVE_HODNOCENI,NA,"2012, 2025, 2016, 2024, 2013, 2018, 2020, 2022","96,""5542c"", 96,""5642b"", 5642b, 5643a, 3,""5543c"", 5541d, 5641b, 5542d, 5543c, 5542b","5542, 5642, Hřebečná - Bludná - Wildbahner, Hřebečná - Mauricius, Hřebečná - štola Kryštof (spojeno s Mauricius), Hřebečná, Mauritius - dolní jáma, Hřebečná, Mauritius - horní jáma, Mauricius - důl, NPR Božídarské rašeliniště, NPR Velké jeřábí jezero - západní část, NPR Velký močál - severní okraj, Potůčky (Ryžovna) - štola Boží požehnání, Potůčky - Bludná - Zuzana, Potůčky - štola Boží požehnání, Ryžovna - Gottlib, Ryžovna - Johanes, Ryžovna - Kohlreuter, Ryžovna - Zlatý Kopec - štola Dolní Perníková, Ryžovna - Zlatý Kopec - štola Ementál, Ryžovna - Zlatý Kopec - štola Horní Perníková, Ryžovna - Zlatý Kopec - štola Rezonanční, Ryžovna - štola Dolní Michael, Ryžovna - štola Kapsa, Ryžovna - štola Kolejová, Ryžovna - štola Náhoda, Ryžovna - štola Tetřeví výduch, Ryžovna - štola Zlatokopecká, Ryžovna - štola u Černé, Ryžovna, u Českého mlýna, Ryžovna, Českomlýnská cesta, Zlatý Kopec, Johannes - dolní jáma, Zlatý kopec - Horní perníková štola, Zlatý kopec - Kohlreuter, Zlatý kopec - štola Gottlib (Johannis)","9012161, 9012176, 15537555, 9796181, 15537557, 13137104, 13137106, 15620705, 8931618, 8931619, 8912759, 8912762, 8917660, 15537560, 15537561, 15537552, 8887163, 15537549, 10261156, 15537546, 15537551, 15537550, 15537564, 11103092, 12497105, 15537553, 12497046, 15537554, 12497104, 13126688, 13126689, 13137117, 8917678, 8917671, 13137119","1309034, 1840432, 5177130, 5177141, 5177140, 7283326, 6855791, 5375795, 5387938, 5382838, 5382839, 5385582, 5177205, 5177207, 5177187, 5177307, 5177132, 5177185, 5176980, 5177186, 5177183, 6051043, 7423106, 6051042, 5177235, 5177241, 5177242, 5177184, 10226612, 10226704, 6855797, 5385592, 5385588, 5064307",dobrý,NA,NA,NA,NA,dobrý,chu,NA,0
CZ0414127,Myotis myotis,POP_PRESENCE,ano,"2012, 2022, 2013, 2024, 2015, 2016, 2021, 2025, 2014, 2020, 2019, 2017","96,""5645d"", 96,""5844a"", 96,""5845c"", 5845a, 5744c, 5743d, 5644c, 5644b, 5644d, 5744a, 24,""5744c"", 5743b, 5745c, 5745a","5645, 5844, 5845, Albeřice, Bražec u Hradiště, Bražec u Hradiště - Stichlův mlýn - štola, Bražec u Hradiště - Svatobor - sklep fary, Bražec u Hradiště - Činov - sklep, D31, D32, Dolní Halže -  štola 2, Dolní Halže - štola 1, Doupov - Korunní, Doupov - Stoličná - bučina, Doupov - Tuknov, Doupov - Tuknov, Mýtina - bučina, Doupov - Velká Jehličná, Doupov - pod Havraněm - Mýtina, Doupov, Hluboký žlab, Doupov, Korunní Kyselka, Doupov, Radošov, rybníček pod Uhlířským vrchem, Doupov, u Ruské věže, Dubina - Kyselka - lesní cesta, Jakubov - bučina, Kyselka - Bučina - u rozhledny, PP Valeč - pod kopcem Číhaná, Radošov u Hradiště - Lochotín - Zlatý vrch (Goldberg), Valeč, Sklárna, rybníky na potoce Blšanka, Zlatý vrch - štola, Žďár u Hradiště - sklepy zámku","9012179, 9012224, 9012225, 11953548, 8576512, 13394971, 9394756, 9796007, 11690746, 11690747, 15620617, 15620616, 9791099, 9141346, 9792466, 9788053, 9791862, 9792465, 11257377, 10853420, 11715891, 12062669, 9141349, 9137193, 9141353, 10086017, 13394973, 10808628, 8534627, 12830144","996245, 1850270, 1000616, 8611958, 5093038, 5177060, 5177159, 5177276, 8210142, 8210143, 9238872, 9238871, 6049409, 5493738, 6050651, 6046239, 6050081, 6050649, 7629638, 7166589, 8232770, 8781257, 5493742, 5490198, 5493745, 6328826, 5177061, 7161346, 5069325, 9674181",ano,val,ano,přítomnost druhu,ano,dobrý,chu,val,0
CZ0414127,Myotis myotis,CELKOVE_HODNOCENI,NA,"2012, 2022, 2013, 2024, 2015, 2016, 2021, 2025, 2014, 2020, 2019, 2017","96,""5645d"", 96,""5844a"", 96,""5845c"", 5845a, 5744c, 5743d, 5644c, 5644b, 5644d, 5744a, 24,""5744c"", 5743b, 5745c, 5745a","5645, 5844, 5845, Albeřice, Bražec u Hradiště, Bražec u Hradiště - Stichlův mlýn - štola, Bražec u Hradiště - Svatobor - sklep fary, Bražec u Hradiště - Činov - sklep, D31, D32, Dolní Halže -  štola 2, Dolní Halže - štola 1, Doupov - Korunní, Doupov - Stoličná - bučina, Doupov - Tuknov, Doupov - Tuknov, Mýtina - bučina, Doupov - Velká Jehličná, Doupov - pod Havraněm - Mýtina, Doupov, Hluboký žlab, Doupov, Korunní Kyselka, Doupov, Radošov, rybníček pod Uhlířským vrchem, Doupov, u Ruské věže, Dubina - Kyselka - lesní cesta, Jakubov - bučina, Kyselka - Bučina - u rozhledny, PP Valeč - pod kopcem Číhaná, Radošov u Hradiště - Lochotín - Zlatý vrch (Goldberg), Valeč, Sklárna, rybníky na potoce Blšanka, Zlatý vrch - štola, Žďár u Hradiště - sklepy zámku","9012179, 9012224, 9012225, 11953548, 8576512, 13394971, 9394756, 9796007, 11690746, 11690747, 15620617, 15620616, 9791099, 9141346, 9792466, 9788053, 9791862, 9792465, 11257377, 10853420, 11715891, 12062669, 9141349, 9137193, 9141353, 10086017, 13394973, 10808628, 8534627, 12830144","996245, 1850270, 1000616, 8611958, 5093038, 5177060, 5177159, 5177276, 8210142, 8210143, 9238872, 9238871, 6049409, 5493738, 6050651, 6046239, 6050081, 6050649, 7629638, 7166589, 8232770, 8781257, 5493742, 5490198, 5493745, 6328826, 5177061, 7161346, 5069325, 9674181",dobrý,NA,NA,NA,NA,dobrý,chu,NA,0
CZ0420012,Myotis myotis,POP_PRESENCE,ano,"2013, 2022, 2024",5645b,"Rokle - Želina - štola, Želina, Želina - štola","8799506, 11930887, 14118868","5177311, 8559109, 5382146",ano,val,ano,přítomnost druhu,ano,dobrý,chu,val,0
CZ0420012,Myotis myotis,CELKOVE_HODNOCENI,NA,"2013, 2022, 2024",5645b,"Rokle - Želina - štola, Želina, Želina - štola","8799506, 11930887, 14118868","5177311, 8559109, 5382146",dobrý,NA,NA,NA,NA,dobrý,chu,NA,0
CZ0420015,Myotis myotis,POP_PRESENCE,ano,2023,5650a,PR Myslivna - transekt č. 3,12542699,9358789,ano,val,ano,přítomnost druhu,ano,dobrý,chu,val,0
CZ0420015,Myotis myotis,CELKOVE_HODNOCENI,NA,2023,5650a,PR Myslivna - transekt č. 3,12542699,9358789,dobrý,NA,NA,NA,NA,dobrý,chu,NA,0
CZ0420021,Myotis myotis,POP_PRESENCE,ano,"2016, 2025, 2012, 2015, 2013","5545d, 5545c","Hasištejn, Hasištejn - sklepení hradu, Hasištejn - štola 5, SZ od zříceniny, Hasištejn - štoly, Hasištejn - štoly 1, 2, 3, 4, 5,, Hasištejnský komplex, štola č. 5 v březovém hájku pod spodní cestou, Místo - Hasištejn - sklepení hradu, Místo - Hasištejn - štoly, Místo – hrad Hasištejn, Prunéřovské údolí - štola","9820999, 15620341, 5610911, 15620342, 9544850, 5610258, 8799509, 8799508, 15620962, 8911256","6075656, 5068724, 4948354, 5377318, 5068722, 4947986, 5177314, 5177313, 12984970, 5382147",ano,val,ano,přítomnost druhu,ano,dobrý,chu,val,0
CZ0420021,Myotis myotis,CELKOVE_HODNOCENI,NA,"2016, 2025, 2012, 2015, 2013","5545d, 5545c","Hasištejn, Hasištejn - sklepení hradu, Hasištejn - štola 5, SZ od zříceniny, Hasištejn - štoly, Hasištejn - štoly 1, 2, 3, 4, 5,, Hasištejnský komplex, štola č. 5 v březovém hájku pod spodní cestou, Místo - Hasištejn - sklepení hradu, Místo - Hasištejn - štoly, Místo – hrad Hasištejn, Prunéřovské údolí - štola","9820999, 15620341, 5610911, 15620342, 9544850, 5610258, 8799509, 8799508, 15620962, 8911256","6075656, 5068724, 4948354, 5377318, 5068722, 4947986, 5177314, 5177313, 12984970, 5382147",dobrý,NA,NA,NA,NA,dobrý,chu,NA,0
CZ0420026,Myotis myotis,POP_PRESENCE,ano,2013,5448d,NPR Bořeň,9003733,1011443,ano,val,ano,přítomnost druhu,ano,dobrý,chu,val,0
CZ0420026,Myotis myotis,CELKOVE_HODNOCENI,NA,2013,5448d,NPR Bořeň,9003733,1011443,dobrý,NA,NA,NA,NA,dobrý,chu,NA,0
CZ0420082,Myotis myotis,POP_PRESENCE,ano,2014,5152d,NPP Zlatý vrch,9152261,5502320,ano,val,ano,přítomnost druhu,ano,dobrý,chu,val,0
CZ0420082,Myotis myotis,CELKOVE_HODNOCENI,NA,2014,5152d,NPP Zlatý vrch,9152261,5502320,dobrý,NA,NA,NA,NA,dobrý,chu,NA,0
CZ0420085,Myotis myotis,POP_PRESENCE,ano,2015,5450d,EVL Mokřad pod Terezínskou pevností,9826733,6082503,ano,val,ano,přítomnost druhu,ano,dobrý,chu,val,0
CZ0420085,Myotis myotis,CELKOVE_HODNOCENI,NA,2015,5450d,EVL Mokřad pod Terezínskou pevností,9826733,6082503,dobrý,NA,NA,NA,NA,dobrý,chu,NA,0
CZ0420144,Myotis myotis,POP_PRESENCE,ano,2012,"96,""5445c""",5445,9012146,1800681,ano,val,ano,přítomnost druhu,ano,dobrý,chu,val,0
CZ0420144,Myotis myotis,CELKOVE_HODNOCENI,NA,2012,"96,""5445c""",5445,9012146,1800681,dobrý,NA,NA,NA,NA,dobrý,chu,NA,0
CZ0420165,Myotis myotis,POP_PRESENCE,ano,2012,5649a,NPP Velký vrch,"9004513, 9004523, 9004530",1011468,ano,val,ano,přítomnost druhu,ano,dobrý,chu,val,0
CZ0420165,Myotis myotis,CELKOVE_HODNOCENI,NA,2012,5649a,NPP Velký vrch,"9004513, 9004523, 9004530",1011468,dobrý,NA,NA,NA,NA,dobrý,chu,NA,0
CZ0420416,Myotis myotis,POP_PRESENCE,ano,2013,5449b,NPR Milešovka,"9005290, 9005306",1011441,ano,val,ano,přítomnost druhu,ano,dobrý,chu,val,0
CZ0420416,Myotis myotis,CELKOVE_HODNOCENI,NA,2013,5449b,NPR Milešovka,"9005290, 9005306",1011441,dobrý,NA,NA,NA,NA,dobrý,chu,NA,0
CZ0420449,Myotis myotis,POP_PRESENCE,ano,"2015, 2013","5451b, 86,""5451b""","EVL Sedlo, NPR Sedlo","9826736, 9005402, 9005417, 9005435","6082505, 1011440",ano,val,ano,přítomnost druhu,ano,dobrý,chu,val,0
CZ0420449,Myotis myotis,CELKOVE_HODNOCENI,NA,"2015, 2013","5451b, 86,""5451b""","EVL Sedlo, NPR Sedlo","9826736, 9005402, 9005417, 9005435","6082505, 1011440",dobrý,NA,NA,NA,NA,dobrý,chu,NA,0
CZ0420451,Myotis myotis,POP_PRESENCE,ano,2022,5250d,Bohyňská lada,"12075141, 12075149, 12075150",8795230,ano,val,ano,přítomnost druhu,ano,dobrý,chu,val,0
CZ0420451,Myotis myotis,CELKOVE_HODNOCENI,NA,2022,5250d,Bohyňská lada,"12075141, 12075149, 12075150",8795230,dobrý,NA,NA,NA,NA,dobrý,chu,NA,0
CZ0420462,Myotis myotis,POP_PRESENCE,ano,2020,5450b,PP Plešivec,11265475,7640509,ano,val,ano,přítomnost druhu,ano,dobrý,chu,val,0
CZ0420462,Myotis myotis,CELKOVE_HODNOCENI,NA,2020,5450b,PP Plešivec,11265475,7640509,dobrý,NA,NA,NA,NA,dobrý,chu,NA,0
CZ0420500,Myotis myotis,POP_PRESENCE,ano,2019,5250a,"PR Libouchecké rybníčky, k. ú. Libouchec","10983581, 10983583, 10983584",7282160,ano,val,ano,přítomnost druhu,ano,dobrý,chu,val,0
CZ0420500,Myotis myotis,CELKOVE_HODNOCENI,NA,2019,5250a,"PR Libouchecké rybníčky, k. ú. Libouchec","10983581, 10983583, 10983584",7282160,dobrý,NA,NA,NA,NA,dobrý,chu,NA,0
CZ0420501,Myotis myotis,POP_PRESENCE,ano,2019,"18,""5150c""","PR Niva Olšového potoka, k. ú. Petrovice u Chabařovic",10983573,7282162,ano,val,ano,přítomnost druhu,ano,dobrý,chu,val,0
CZ0420501,Myotis myotis,CELKOVE_HODNOCENI,NA,2019,"18,""5150c""","PR Niva Olšového potoka, k. ú. Petrovice u Chabařovic",10983573,7282162,dobrý,NA,NA,NA,NA,dobrý,chu,NA,0
CZ0420528,Myotis myotis,POP_PRESENCE,ano,2025,5544d,Měděnec - Štola Marie Pomocná,15620619,11876456,ano,val,ano,přítomnost druhu,ano,dobrý,chu,val,0
CZ0420528,Myotis myotis,CELKOVE_HODNOCENI,NA,2025,5544d,Měděnec - Štola Marie Pomocná,15620619,11876456,dobrý,NA,NA,NA,NA,dobrý,chu,NA,0
CZ0422075,Myotis myotis,POP_PRESENCE,ano,2012,5449d,NPP Borečský vrch,"9003500, 9003583, 9003584",1005604,ano,val,ano,přítomnost druhu,ano,dobrý,chu,val,0
CZ0422075,Myotis myotis,CELKOVE_HODNOCENI,NA,2012,5449d,NPP Borečský vrch,"9003500, 9003583, 9003584",1005604,dobrý,NA,NA,NA,NA,dobrý,chu,NA,0
CZ0422079,Myotis myotis,POP_PRESENCE,ano,"2018, 2019",5150d,"PP Rybník u Králova mlýna, PP Rybník u Králova mlýna, k. ú. Maxičky","10591031, 10869456","6870076, 7185595",ano,val,ano,přítomnost druhu,ano,dobrý,chu,val,0
CZ0422079,Myotis myotis,CELKOVE_HODNOCENI,NA,"2018, 2019",5150d,"PP Rybník u Králova mlýna, PP Rybník u Králova mlýna, k. ú. Maxičky","10591031, 10869456","6870076, 7185595",dobrý,NA,NA,NA,NA,dobrý,chu,NA,0
CZ0423201,Myotis myotis,POP_PRESENCE,ano,2015,5649c,EVL Blšanský chlum,9823271,6078867,ano,val,ano,přítomnost druhu,ano,dobrý,chu,val,0
CZ0423201,Myotis myotis,CELKOVE_HODNOCENI,NA,2015,5649c,EVL Blšanský chlum,9823271,6078867,dobrý,NA,NA,NA,NA,dobrý,chu,NA,0
CZ0423217,Myotis myotis,POP_PRESENCE,ano,"2024, 2020, 2018, 2016","5746a, 5746c","Krásný Dvůr, Krásný Dvůr - sklepy zámku vstup od domu č. p. 2, Krásný Dvůr, park u ryb. Snílek, Krásný Dvůr, zámecký park - u Obelisku, PP Krásný Dvůr - střed","13022215, 11103083, 10552757, 10552758, 9791999","10036294, 7423081, 6840836, 6840839, 6050240",ano,val,ano,přítomnost druhu,ano,dobrý,chu,val,0
CZ0423217,Myotis myotis,CELKOVE_HODNOCENI,NA,"2024, 2020, 2018, 2016","5746a, 5746c","Krásný Dvůr, Krásný Dvůr - sklepy zámku vstup od domu č. p. 2, Krásný Dvůr, park u ryb. Snílek, Krásný Dvůr, zámecký park - u Obelisku, PP Krásný Dvůr - střed","13022215, 11103083, 10552757, 10552758, 9791999","10036294, 7423081, 6840836, 6840839, 6050240",dobrý,NA,NA,NA,NA,dobrý,chu,NA,0
CZ0423224,Myotis myotis,POP_PRESENCE,ano,2025,5451a,Zámek Ploskovice – věž (kopule),15620932,11876426,ano,val,ano,přítomnost druhu,ano,dobrý,chu,val,0
CZ0423224,Myotis myotis,CELKOVE_HODNOCENI,NA,2025,5451a,Zámek Ploskovice – věž (kopule),15620932,11876426,dobrý,NA,NA,NA,NA,dobrý,chu,NA,0
CZ0423227,Myotis myotis,POP_PRESENCE,ano,2015,"76,""5548b""",EVL Sinutec - Dlouhý kopec,9826737,6082508,ano,val,ano,přítomnost druhu,ano,dobrý,chu,val,0
CZ0423227,Myotis myotis,CELKOVE_HODNOCENI,NA,2015,"76,""5548b""",EVL Sinutec - Dlouhý kopec,9826737,6082508,dobrý,NA,NA,NA,NA,dobrý,chu,NA,0
CZ0423653,Myotis myotis,POP_PRESENCE,ano,"2025, 2016, 2022, 2023, 2024",5250b,"Jílové u Děčína, Jílové u Děčína -  EVL ZŠ Jílové, Jílové, Mírové náměstí, Jílové, Mírové náměstí, škola, Jílové, půda ZŠ a MŠ, Mírové nám.","14991491, 9805145, 11932279, 12526921, 13051856","12160444, 6061076, 8562895, 9311481, 10073139",ano,val,ano,přítomnost druhu,ano,dobrý,chu,val,0
CZ0423653,Myotis myotis,CELKOVE_HODNOCENI,NA,"2025, 2016, 2022, 2023, 2024",5250b,"Jílové u Děčína, Jílové u Děčína -  EVL ZŠ Jílové, Jílové, Mírové náměstí, Jílové, Mírové náměstí, škola, Jílové, půda ZŠ a MŠ, Mírové nám.","14991491, 9805145, 11932279, 12526921, 13051856","12160444, 6061076, 8562895, 9311481, 10073139",dobrý,NA,NA,NA,NA,dobrý,chu,NA,0
CZ0423654,Myotis myotis,POP_PRESENCE,ano,2025,4951d,Lobendava - kostel,15620920,5917279,ano,val,ano,přítomnost druhu,ano,dobrý,chu,val,0
CZ0423654,Myotis myotis,CELKOVE_HODNOCENI,NA,2025,4951d,Lobendava - kostel,15620920,5917279,dobrý,NA,NA,NA,NA,dobrý,chu,NA,0
CZ0423656,Myotis myotis,POP_PRESENCE,ano,"2025, 2024",5452a,"EVL Úštěk - kostel, Úštěk, Úštěk kostel - nám. Míru 1 EVL","14991531, 13138254, 15620872","9561117, 10242739, 5917339",ano,val,ano,přítomnost druhu,ano,dobrý,chu,val,0
CZ0423656,Myotis myotis,CELKOVE_HODNOCENI,NA,"2025, 2024",5452a,"EVL Úštěk - kostel, Úštěk, Úštěk kostel - nám. Míru 1 EVL","14991531, 13138254, 15620872","9561117, 10242739, 5917339",dobrý,NA,NA,NA,NA,dobrý,chu,NA,0
CZ0423660,Myotis myotis,POP_PRESENCE,ano,2021,"55,""5546d""",Pražská pole,11603460,7073540,ano,val,ano,přítomnost druhu,ano,dobrý,chu,val,0
CZ0423660,Myotis myotis,CELKOVE_HODNOCENI,NA,2021,"55,""5546d""",Pražská pole,11603460,7073540,dobrý,NA,NA,NA,NA,dobrý,chu,NA,0
CZ0424031,Myotis myotis,POP_PRESENCE,ano,"2012, 2024, 2018, 2017, 2015, 2019","96,""5052a"", 96,""5152a"", 5152b, 5052d, 5151b, 69,""5151d"", 5152c","5052, 5152, Dolní Chřibská, Na Potoce - náhon, Doubice - Konírny, NPR Kaňon Labe, Jeskyně přátel přírody, NPR Růžák, PP Meandry Chřibské Kamenice, k. ú. Všemily a Srbská Kamenice","9012114, 9012118, 14118807, 14118895, 10599895, 9806732, 10593402, 10873060","1777375, 1003034, 5061987, 6879923, 6062608, 1011417, 7188959",ano,val,ano,přítomnost druhu,ano,dobrý,chu,val,0
CZ0424031,Myotis myotis,CELKOVE_HODNOCENI,NA,"2012, 2024, 2018, 2017, 2015, 2019","96,""5052a"", 96,""5152a"", 5152b, 5052d, 5151b, 69,""5151d"", 5152c","5052, 5152, Dolní Chřibská, Na Potoce - náhon, Doubice - Konírny, NPR Kaňon Labe, Jeskyně přátel přírody, NPR Růžák, PP Meandry Chřibské Kamenice, k. ú. Všemily a Srbská Kamenice","9012114, 9012118, 14118807, 14118895, 10599895, 9806732, 10593402, 10873060","1777375, 1003034, 5061987, 6879923, 6062608, 1011417, 7188959",dobrý,NA,NA,NA,NA,dobrý,chu,NA,0
CZ0424033,Myotis myotis,POP_PRESENCE,ano,2013,5548d,NPR Raná,"9003402, 9003409, 9003411, 9003415",5398914,ano,val,ano,přítomnost druhu,ano,dobrý,chu,val,0
CZ0424033,Myotis myotis,CELKOVE_HODNOCENI,NA,2013,5548d,NPR Raná,"9003402, 9003409, 9003411, 9003415",5398914,dobrý,NA,NA,NA,NA,dobrý,chu,NA,0
CZ0424034,Myotis myotis,POP_PRESENCE,ano,2020,"85,""5450b""",PP Babinské louky,11265491,7640523,ano,val,ano,přítomnost druhu,ano,dobrý,chu,val,0
CZ0424034,Myotis myotis,CELKOVE_HODNOCENI,NA,2020,"85,""5450b""",PP Babinské louky,11265491,7640523,dobrý,NA,NA,NA,NA,dobrý,chu,NA,0
CZ0424037,Myotis myotis,POP_PRESENCE,ano,2013,5450c,NPR Lovoš,"9005466, 9005467",1818401,ano,val,ano,přítomnost druhu,ano,dobrý,chu,val,0
CZ0424037,Myotis myotis,CELKOVE_HODNOCENI,NA,2013,5450c,NPR Lovoš,"9005466, 9005467",1818401,dobrý,NA,NA,NA,NA,dobrý,chu,NA,0
CZ0424039,Myotis myotis,POP_PRESENCE,ano,2013,5548d,NPR Oblík,"9003323, 9003332, 9003340, 9003345, 9003352",5398886,ano,val,ano,přítomnost druhu,ano,dobrý,chu,val,0
CZ0424039,Myotis myotis,CELKOVE_HODNOCENI,NA,2013,5548d,NPR Oblík,"9003323, 9003332, 9003340, 9003345, 9003352",5398886,dobrý,NA,NA,NA,NA,dobrý,chu,NA,0
CZ0424111,Myotis myotis,POP_PRESENCE,ano,"2012, 2023, 2019, 2015, 2025, 2021, 2017, 2018, 2022, 2024, 2026, 2013","96,""5151d"", 5151c, 5151a, 47,""5151c""","5151, Cipískova jeskyně, Cipískova jeskyně, NPR Kaňon Labe, Dámská jeskyně, Hřensko, Jeskyně Přátel Přírody, Jeskyně přátel přírody, NPR Kaňon Labe, Kaňon Labe, Krakonošova, Krakonošova jeskyně, Krakonošova jeskyně, NPR Kaňon Labe, Lesní díra, Lesní díra, NPR Kaňon Labe, Loupežnická - Pytlácká jeskyně, NPR Kaňon Labe, Loupežnická j., Loupežnická jeskyně, Loupežnická jeskyně, NPR Kaňon Labe, Mechová jeskyně, Mechová jeskyně, NPR Kaňon Labe, Máslová díra, NPR Kaňon Labe - Mechová jeskyně, NPR Kaňon Labe, Cipískova jeskyne, NPR Kaňon Labe, jeskyně Máslová díra, NPR Kaňon Labe, jeskyně Přátel prirody, NPR Kaňon Labe.  Krakonošova jeskyně, NPR Kaňon Labe.  Mechová jeskyně, NPR Kaňon Labe.  jeskyně  nadějí, NPR Kaňon Labe.  jeskyně Máslová díra, NPR Kaňon Labe.  jeskyně přátel přírody, NPR Kaňon Labe.  loupežnická jeskyně, NPR Kaňon Labe. Netopýří jeskyně, NPR Kaňon Labe. jeskyně Přátel přírody, NPR Kaňon Labe. krakonošova jeskyně, Netopýří j., Netopýří jeskyně, Netopýří jeskyně, NPR Kaňon Labe, Přátel přírody, Stelzigova jeskyně, Stelzigova jeskyně, NPR Kaňon Labe, Suchá Kamenice - skalní štěrbina, jeskyně Krakonošova a j. Netopýří, kaňon Labe","9012117, 12227406, 10550396, 10867586, 15278092, 10867500, 10576232, 11478372, 12244345, 13770372, 10069516, 10867622, 10543174, 10543146, 12244314, 13821740, 10554647, 11739470, 10069518, 12243657, 13730574, 13820118, 13826309, 12808733, 15568165, 15552020, 15583319, 15568166, 15568167, 15583318, 15595510, 15568164, 13455684, 12808730, 12244282, 13770371, 10069517, 12244423, 12227405, 10070300, 8898803, 10069478, 12956732","1802038, 8951829, 6311121, 7182916, 12636896, 7182915, 6311123, 7886442, 8977852, 10806211, 6311125, 7182978, 6311135, 6831389, 8977821, 10848499, 6311122, 8267819, 6311132, 8976264, 10765621, 10844470, 10858991, 9640572, 12915192, 12905312, 12933696, 12915193, 12933695, 12949385, 12915191, 10693744, 9640569, 8977789, 10806210, 6311126, 8977930, 8951828, 6312249, 5374512, 6311082, 5061293",ano,val,ano,přítomnost druhu,ano,dobrý,chu,val,0
CZ0424111,Myotis myotis,CELKOVE_HODNOCENI,NA,"2012, 2023, 2019, 2015, 2025, 2021, 2017, 2018, 2022, 2024, 2026, 2013","96,""5151d"", 5151c, 5151a, 47,""5151c""","5151, Cipískova jeskyně, Cipískova jeskyně, NPR Kaňon Labe, Dámská jeskyně, Hřensko, Jeskyně Přátel Přírody, Jeskyně přátel přírody, NPR Kaňon Labe, Kaňon Labe, Krakonošova, Krakonošova jeskyně, Krakonošova jeskyně, NPR Kaňon Labe, Lesní díra, Lesní díra, NPR Kaňon Labe, Loupežnická - Pytlácká jeskyně, NPR Kaňon Labe, Loupežnická j., Loupežnická jeskyně, Loupežnická jeskyně, NPR Kaňon Labe, Mechová jeskyně, Mechová jeskyně, NPR Kaňon Labe, Máslová díra, NPR Kaňon Labe - Mechová jeskyně, NPR Kaňon Labe, Cipískova jeskyne, NPR Kaňon Labe, jeskyně Máslová díra, NPR Kaňon Labe, jeskyně Přátel prirody, NPR Kaňon Labe.  Krakonošova jeskyně, NPR Kaňon Labe.  Mechová jeskyně, NPR Kaňon Labe.  jeskyně  nadějí, NPR Kaňon Labe.  jeskyně Máslová díra, NPR Kaňon Labe.  jeskyně přátel přírody, NPR Kaňon Labe.  loupežnická jeskyně, NPR Kaňon Labe. Netopýří jeskyně, NPR Kaňon Labe. jeskyně Přátel přírody, NPR Kaňon Labe. krakonošova jeskyně, Netopýří j., Netopýří jeskyně, Netopýří jeskyně, NPR Kaňon Labe, Přátel přírody, Stelzigova jeskyně, Stelzigova jeskyně, NPR Kaňon Labe, Suchá Kamenice - skalní štěrbina, jeskyně Krakonošova a j. Netopýří, kaňon Labe","9012117, 12227406, 10550396, 10867586, 15278092, 10867500, 10576232, 11478372, 12244345, 13770372, 10069516, 10867622, 10543174, 10543146, 12244314, 13821740, 10554647, 11739470, 10069518, 12243657, 13730574, 13820118, 13826309, 12808733, 15568165, 15552020, 15583319, 15568166, 15568167, 15583318, 15595510, 15568164, 13455684, 12808730, 12244282, 13770371, 10069517, 12244423, 12227405, 10070300, 8898803, 10069478, 12956732","1802038, 8951829, 6311121, 7182916, 12636896, 7182915, 6311123, 7886442, 8977852, 10806211, 6311125, 7182978, 6311135, 6831389, 8977821, 10848499, 6311122, 8267819, 6311132, 8976264, 10765621, 10844470, 10858991, 9640572, 12915192, 12905312, 12933696, 12915193, 12933695, 12949385, 12915191, 10693744, 9640569, 8977789, 10806210, 6311126, 8977930, 8951828, 6312249, 5374512, 6311082, 5061293",dobrý,NA,NA,NA,NA,dobrý,chu,NA,0
CZ0424125,Myotis myotis,POP_PRESENCE,ano,"2012, 2023, 2013, 2025, 2018, 2017, 2016, 2020, 2015, 2021, 2024, 2019, 2014, 2022","96,""5644a"", 96,""5745b"", 5644a, 5645c, 5645a, 5644c, 5645b, 5644b, 5745c, 5743b, 5744a, 5745b, 5845a, 5845b, 5743d","5644, 5745, Boč, Boč - kostel, Boč - kostel sv. Václava a sv. Mikuláše, Doupov, Brodce - Lipová, Doupov, Lestkov - u Egerberku, Horní Hrad, Horní Hrad - Nebesa, Jakubov - most přes Ohři, Jakubov, cesta k řece, Kadaň, Kadaňská Jeseň - stodola, Klášterec nad Ohří, Ohřecká louka, Konice u Mašťova - Dobřenec, Korunní Kyselka, Kotvina, Krásný Les - Horní hrad - sklepy hradu, Kyselka - sklep za spodní budovou, Kyselka - sklípek ve svahu za lázněmi 2, Kyselka - štolka za Ottovým pavilónem, Kyselka, most přes Ohři, Lestkov, Lestkov - sklep hradu, Lestkov, u vodní nádrže, Mašťov - bývalý zámek, Mašťov, Pyškovo jezírko, NPR Nebesa, pod Pekelskou skálou, Nebesa - bučina, Nedíl - štola, Nová Kyselka, cesta lesem podél Ohře, Okounov - kostel, Peklo – zřícenina hradu Himlštejn (Nebesa), Perštejn - u Ohře, Radošov u Kyselky, Radošov u Kyselky, u Ohře, Rašovice, Rašovický rybník, Smilov–Lužný, podél Ohře, Stráž - most přes Ohři, Stráž nad Ohří, Stráž nad Ohří - kostel sv. Michaela Archanděla, Suchý Důl, Suchý důl u Klášterce - Nedíl - štola, Valeč, Valeč - sklepy v zámeckém parku, Valeč - Šibeniční vrch - štola, Velichov, Ohře, Vojkovice - Jakubov, most přes Ohři, Zásada u Kadaně, Zásada u Rašovic, Ohře, Úhošťany - kostel, Černý vrch, Šemnice, Dubina - chata","9012178, 9012200, 12527860, 8998400, 15620776, 10553333, 10086023, 9806290, 11257378, 11257654, 11257655, 11257659, 10552738, 9915855, 8998408, 11123573, 9644078, 12527861, 11503416, 11101868, 13395098, 15537718, 10261227, 10553338, 12536872, 8195516, 15620758, 8998411, 10750664, 10550641, 9137993, 15620665, 12062681, 8998401, 10730297, 13049655, 13771754, 10853757, 10272656, 10729292, 12730183, 11257666, 11928519, 11928520, 12068429, 15230224, 15259758, 15537526, 11642604, 11642606, 15537642, 12497319, 13015223, 10552739, 14993777, 11966991, 8998409, 10362130, 10553334","1309537, 996578, 9314308, 4975489, 8787740, 9535034, 6328833, 6062188, 7629639, 7629959, 6840818, 6160707, 4975504, 7452170, 5912604, 9314309, 7951083, 5177156, 5177291, 5177292, 5177162, 6841410, 9339480, 1270689, 8787734, 4975509, 7067120, 6839270, 5490944, 5384797, 8781276, 4975493, 5384621, 10065388, 10807964, 7166976, 6537399, 6895640, 9537190, 7629970, 8552944, 8787743, 12558472, 5177158, 8157439, 5177172, 5177171, 10012786, 6840819, 12164004, 8639582, 4975505, 6634315, 6841408",ano,val,ano,přítomnost druhu,ano,dobrý,chu,val,0
CZ0424125,Myotis myotis,CELKOVE_HODNOCENI,NA,"2012, 2023, 2013, 2025, 2018, 2017, 2016, 2020, 2015, 2021, 2024, 2019, 2014, 2022","96,""5644a"", 96,""5745b"", 5644a, 5645c, 5645a, 5644c, 5645b, 5644b, 5745c, 5743b, 5744a, 5745b, 5845a, 5845b, 5743d","5644, 5745, Boč, Boč - kostel, Boč - kostel sv. Václava a sv. Mikuláše, Doupov, Brodce - Lipová, Doupov, Lestkov - u Egerberku, Horní Hrad, Horní Hrad - Nebesa, Jakubov - most přes Ohři, Jakubov, cesta k řece, Kadaň, Kadaňská Jeseň - stodola, Klášterec nad Ohří, Ohřecká louka, Konice u Mašťova - Dobřenec, Korunní Kyselka, Kotvina, Krásný Les - Horní hrad - sklepy hradu, Kyselka - sklep za spodní budovou, Kyselka - sklípek ve svahu za lázněmi 2, Kyselka - štolka za Ottovým pavilónem, Kyselka, most přes Ohři, Lestkov, Lestkov - sklep hradu, Lestkov, u vodní nádrže, Mašťov - bývalý zámek, Mašťov, Pyškovo jezírko, NPR Nebesa, pod Pekelskou skálou, Nebesa - bučina, Nedíl - štola, Nová Kyselka, cesta lesem podél Ohře, Okounov - kostel, Peklo – zřícenina hradu Himlštejn (Nebesa), Perštejn - u Ohře, Radošov u Kyselky, Radošov u Kyselky, u Ohře, Rašovice, Rašovický rybník, Smilov–Lužný, podél Ohře, Stráž - most přes Ohři, Stráž nad Ohří, Stráž nad Ohří - kostel sv. Michaela Archanděla, Suchý Důl, Suchý důl u Klášterce - Nedíl - štola, Valeč, Valeč - sklepy v zámeckém parku, Valeč - Šibeniční vrch - štola, Velichov, Ohře, Vojkovice - Jakubov, most přes Ohři, Zásada u Kadaně, Zásada u Rašovic, Ohře, Úhošťany - kostel, Černý vrch, Šemnice, Dubina - chata","9012178, 9012200, 12527860, 8998400, 15620776, 10553333, 10086023, 9806290, 11257378, 11257654, 11257655, 11257659, 10552738, 9915855, 8998408, 11123573, 9644078, 12527861, 11503416, 11101868, 13395098, 15537718, 10261227, 10553338, 12536872, 8195516, 15620758, 8998411, 10750664, 10550641, 9137993, 15620665, 12062681, 8998401, 10730297, 13049655, 13771754, 10853757, 10272656, 10729292, 12730183, 11257666, 11928519, 11928520, 12068429, 15230224, 15259758, 15537526, 11642604, 11642606, 15537642, 12497319, 13015223, 10552739, 14993777, 11966991, 8998409, 10362130, 10553334","1309537, 996578, 9314308, 4975489, 8787740, 9535034, 6328833, 6062188, 7629639, 7629959, 6840818, 6160707, 4975504, 7452170, 5912604, 9314309, 7951083, 5177156, 5177291, 5177292, 5177162, 6841410, 9339480, 1270689, 8787734, 4975509, 7067120, 6839270, 5490944, 5384797, 8781276, 4975493, 5384621, 10065388, 10807964, 7166976, 6537399, 6895640, 9537190, 7629970, 8552944, 8787743, 12558472, 5177158, 8157439, 5177172, 5177171, 10012786, 6840819, 12164004, 8639582, 4975505, 6634315, 6841408",dobrý,NA,NA,NA,NA,dobrý,chu,NA,0
CZ0424127,Myotis myotis,POP_PRESENCE,ano,"2012, 2014, 2019, 2016, 2017, 2022, 2020","96,""5347a"", 96,""5348c"", 96,""5446b"", 99,""5348a"", 5347d, 23,""5348a"", 5447a, 5348a, 5348c, 93,""5347c"", 5349a, 75,""5347d""","5347, 5348, 5446, Buky na Bouřňáku, Buky pod Mikulovem, Dlouhá Louka - štola, Dlouhá Louka - štola, J od obce (u silnice na Osek), Domaslavické údolí, Jánský vrch - Jezeří, Loučná - štola, Loučná u lomu - štola, Mikulov - štola 3, Mikulov - štola 5, Mikulov - štola 7 (Liščí), J od obce, Mikulov - štola 7 Liščí, Mikulov - štola 8, Osek - štola ""Pod Stropníkem"" (S od zast. ČD), Pekelské údolí, Unčín u Krupky, Vlčí důl, zámek Jezeří a okolí, Údolí Lomského potoka","9012132, 9012133, 9012147, 10141040, 10141041, 11290208, 9643190, 10141038, 10446492, 12494785, 10857522, 12494786, 11223599, 5610884, 11295685, 12494789, 9643188, 10141017, 12065817, 12065846, 12065848, 10141035, 9929665, 10141021","1307204, 1810429, 1809194, 6072419, 5836465, 5062305, 1256372, 6072420, 6692208, 7581961, 7171492, 7581962, 7581963, 1729273, 7671236, 7581965, 1258636, 6072421, 8785441, 5836466, 6178408, 6074121",ano,val,ano,přítomnost druhu,ano,dobrý,chu,val,0
CZ0424127,Myotis myotis,CELKOVE_HODNOCENI,NA,"2012, 2014, 2019, 2016, 2017, 2022, 2020","96,""5347a"", 96,""5348c"", 96,""5446b"", 99,""5348a"", 5347d, 23,""5348a"", 5447a, 5348a, 5348c, 93,""5347c"", 5349a, 75,""5347d""","5347, 5348, 5446, Buky na Bouřňáku, Buky pod Mikulovem, Dlouhá Louka - štola, Dlouhá Louka - štola, J od obce (u silnice na Osek), Domaslavické údolí, Jánský vrch - Jezeří, Loučná - štola, Loučná u lomu - štola, Mikulov - štola 3, Mikulov - štola 5, Mikulov - štola 7 (Liščí), J od obce, Mikulov - štola 7 Liščí, Mikulov - štola 8, Osek - štola ""Pod Stropníkem"" (S od zast. ČD), Pekelské údolí, Unčín u Krupky, Vlčí důl, zámek Jezeří a okolí, Údolí Lomského potoka","9012132, 9012133, 9012147, 10141040, 10141041, 11290208, 9643190, 10141038, 10446492, 12494785, 10857522, 12494786, 11223599, 5610884, 11295685, 12494789, 9643188, 10141017, 12065817, 12065846, 12065848, 10141035, 9929665, 10141021","1307204, 1810429, 1809194, 6072419, 5836465, 5062305, 1256372, 6072420, 6692208, 7581961, 7171492, 7581962, 7581963, 1729273, 7671236, 7581965, 1258636, 6072421, 8785441, 5836466, 6178408, 6074121",dobrý,NA,NA,NA,NA,dobrý,chu,NA,0
CZ0424129,Myotis myotis,POP_PRESENCE,ano,2015,5450d,Malíč,9533198,5825154,ano,val,ano,přítomnost druhu,ano,dobrý,chu,val,0
CZ0424129,Myotis myotis,CELKOVE_HODNOCENI,NA,2015,5450d,Malíč,9533198,5825154,dobrý,NA,NA,NA,NA,dobrý,chu,NA,0
CZ0424138,Myotis myotis,POP_PRESENCE,ano,2023,5550d,"PR Pístecký les - transekt č. 1, PR Pístecký les - transekt č. 4, PR Pístecký les - transekt č. 6","12542712, 12560281, 12560283","9358793, 9358799, 9358803",ano,val,ano,přítomnost druhu,ano,dobrý,chu,val,0
CZ0424138,Myotis myotis,CELKOVE_HODNOCENI,NA,2023,5550d,"PR Pístecký les - transekt č. 1, PR Pístecký les - transekt č. 4, PR Pístecký les - transekt č. 6","12542712, 12560281, 12560283","9358793, 9358799, 9358803",dobrý,NA,NA,NA,NA,dobrý,chu,NA,0
CZ0424140,Myotis myotis,POP_PRESENCE,ano,2023,"5550b, 64,""5550b"", 5550d","PR Loužek - transekt č. 1, PR Loužek - transekt č. 2, PR Loužek - transekt č. 3","12542285, 12560288, 12560289, 12542286","9357781, 9357793, 9357795",ano,val,ano,přítomnost druhu,ano,dobrý,chu,val,0
CZ0424140,Myotis myotis,CELKOVE_HODNOCENI,NA,2023,"5550b, 64,""5550b"", 5550d","PR Loužek - transekt č. 1, PR Loužek - transekt č. 2, PR Loužek - transekt č. 3","12542285, 12560288, 12560289, 12542286","9357781, 9357793, 9357795",dobrý,NA,NA,NA,NA,dobrý,chu,NA,0
CZ0424141,Myotis myotis,POP_PRESENCE,ano,"2012, 2022, 2023, 2026, 2025, 2021, 2020, 2019","96,""5350d"", 96,""5351a"", 5350b, 5251c","5350, 5351, Loupežnická jeskyně, Olešnice - jeskyně, Olešnice u Svádova, Olešnice, PP Loupežnická jeskyně, PP Loupežnická jeskyně, PP Loupežnická jeskyně 2144, PP Nebočadský luh","9012135, 9012136, 12494698, 12956672, 15574116, 15288654, 11298013, 10991531, 10851064, 10851065","1790491, 1308412, 5480517, 5061310, 12923511, 9633798, 7675472, 1297831, 7163830",ano,val,ano,přítomnost druhu,ano,dobrý,chu,val,0
CZ0424141,Myotis myotis,CELKOVE_HODNOCENI,NA,"2012, 2022, 2023, 2026, 2025, 2021, 2020, 2019","96,""5350d"", 96,""5351a"", 5350b, 5251c","5350, 5351, Loupežnická jeskyně, Olešnice - jeskyně, Olešnice u Svádova, Olešnice, PP Loupežnická jeskyně, PP Loupežnická jeskyně, PP Loupežnická jeskyně 2144, PP Nebočadský luh","9012135, 9012136, 12494698, 12956672, 15574116, 15288654, 11298013, 10991531, 10851064, 10851065","1790491, 1308412, 5480517, 5061310, 12923511, 9633798, 7675472, 1297831, 7163830",dobrý,NA,NA,NA,NA,dobrý,chu,NA,0
CZ0510164,Myotis myotis,POP_PRESENCE,ano,"2015, 2025",5458c,"EVL Kozlov - Tábor, Kozlov, štola","9823280, 15620382","6078897, 10667064",ano,val,ano,přítomnost druhu,ano,dobrý,chu,val,0
CZ0510164,Myotis myotis,CELKOVE_HODNOCENI,NA,"2015, 2025",5458c,"EVL Kozlov - Tábor, Kozlov, štola","9823280, 15620382","6078897, 10667064",dobrý,NA,NA,NA,NA,dobrý,chu,NA,0
CZ0510191,Myotis myotis,POP_PRESENCE,ano,"2023, 2015, 2024, 2025, 2017, 2021, 2016, 2019","5357c, 05,""5357c"", 5457a, 71,""5457a""","Betlémské skály - j. Rotunda a Třívchodová j., Frýdštejn, Jeskyně Husova kaple, Jeskyně Matěje Krocínovského - Kalich, Jeskyně Semikraska, Jeskyně pod Kalichem, Jislova jeskyně, Kalich a Pod Kalichem - transekt č. 1, Kalich a Pod Kalichem - transekt č. 2, Kalich a Pod Kalichem - transekt č. 4, Kalich a Pod Kalichem - transekt č. 6, Kalich a Pod Kalichem - transekt č. 7, Klokočské skály - Kristova jeskyně, Klokočské skály - j. Meta menardi a Svojsíkova j., Klokočské skály - jeskyně L20, Liščí jeskyně - Klokočské skály, PP Podloučky - transekt č. 11, PP Podloučky - transekt č. 13, PP Podloučky - transekt č. 2, PP Podloučky - transekt č. 6, PP Podloučky - transekt č. 7, PR Bučiny u Rakous - transekt č. 3, PR Bučiny u Rakous - transekt č. 4, PR Bučiny u Rakous - transekt č. 5, PR Bučiny u Rakous - transekt č. 6, PR Bučiny u Rakous - transekt č.1, PR Klokočské skály - transekt č. B1, PR Klokočské skály - transekt č. B2, PR Klokočské skály - transekt č. K11, PR Klokočské skály - transekt č. K2, PR Klokočské skály - transekt č. K3, Postojná jeskyně, Rakousy, Sluj Českých bratří - Kalich, Turnov, jeskyně Indiánské pohřebiště, jeskyně L20 - Klokočské skály, jeskyně Meta Menardi","12712137, 9649222, 14118844, 15288660, 12956659, 13122071, 10072869, 13116350, 13116351, 13116353, 13116358, 13116359, 13116365, 13122076, 12712141, 12712143, 12256563, 11676765, 11676770, 11676745, 11676753, 11676757, 11676773, 12541467, 12541473, 12559689, 12559690, 12541470, 12559686, 12541961, 12713105, 12541960, 12713108, 12541967, 9789930, 9649135, 9649171, 13122067, 13748256, 13122072, 12256565, 15620363","9496670, 5382014, 7050227, 10214470, 7050233, 1337122, 6048105, 10205918, 10205920, 10205924, 10205914, 10205916, 9496725, 9496724, 9496726, 9011145, 8199700, 8199704, 8199680, 8199690, 8199692, 9355204, 9355206, 9355208, 9355210, 9355196, 9357207, 9357209, 9357257, 9357229, 9357233, 6048108, 5382010, 10214469, 10781115, 10214486, 9011147, 9011185",ano,val,ano,přítomnost druhu,ano,dobrý,chu,val,0
CZ0510191,Myotis myotis,CELKOVE_HODNOCENI,NA,"2023, 2015, 2024, 2025, 2017, 2021, 2016, 2019","5357c, 05,""5357c"", 5457a, 71,""5457a""","Betlémské skály - j. Rotunda a Třívchodová j., Frýdštejn, Jeskyně Husova kaple, Jeskyně Matěje Krocínovského - Kalich, Jeskyně Semikraska, Jeskyně pod Kalichem, Jislova jeskyně, Kalich a Pod Kalichem - transekt č. 1, Kalich a Pod Kalichem - transekt č. 2, Kalich a Pod Kalichem - transekt č. 4, Kalich a Pod Kalichem - transekt č. 6, Kalich a Pod Kalichem - transekt č. 7, Klokočské skály - Kristova jeskyně, Klokočské skály - j. Meta menardi a Svojsíkova j., Klokočské skály - jeskyně L20, Liščí jeskyně - Klokočské skály, PP Podloučky - transekt č. 11, PP Podloučky - transekt č. 13, PP Podloučky - transekt č. 2, PP Podloučky - transekt č. 6, PP Podloučky - transekt č. 7, PR Bučiny u Rakous - transekt č. 3, PR Bučiny u Rakous - transekt č. 4, PR Bučiny u Rakous - transekt č. 5, PR Bučiny u Rakous - transekt č. 6, PR Bučiny u Rakous - transekt č.1, PR Klokočské skály - transekt č. B1, PR Klokočské skály - transekt č. B2, PR Klokočské skály - transekt č. K11, PR Klokočské skály - transekt č. K2, PR Klokočské skály - transekt č. K3, Postojná jeskyně, Rakousy, Sluj Českých bratří - Kalich, Turnov, jeskyně Indiánské pohřebiště, jeskyně L20 - Klokočské skály, jeskyně Meta Menardi","12712137, 9649222, 14118844, 15288660, 12956659, 13122071, 10072869, 13116350, 13116351, 13116353, 13116358, 13116359, 13116365, 13122076, 12712141, 12712143, 12256563, 11676765, 11676770, 11676745, 11676753, 11676757, 11676773, 12541467, 12541473, 12559689, 12559690, 12541470, 12559686, 12541961, 12713105, 12541960, 12713108, 12541967, 9789930, 9649135, 9649171, 13122067, 13748256, 13122072, 12256565, 15620363","9496670, 5382014, 7050227, 10214470, 7050233, 1337122, 6048105, 10205918, 10205920, 10205924, 10205914, 10205916, 9496725, 9496724, 9496726, 9011145, 8199700, 8199704, 8199680, 8199690, 8199692, 9355204, 9355206, 9355208, 9355210, 9355196, 9357207, 9357209, 9357257, 9357229, 9357233, 6048108, 5382010, 10214469, 10781115, 10214486, 9011147, 9011185",dobrý,NA,NA,NA,NA,dobrý,chu,NA,0
CZ0510400,Myotis myotis,POP_PRESENCE,ano,"2012, 2023, 2014","96,""5156d"", 96,""5157d"", 5156b","5156, 5157, Loupežnická jeskyně (Oldřichov v Hájích), Loupežnická jeskyně - Jizerské hory, NPR - Jizerskohorské bučiny - Skalní hrad, NPR - Jizerskohorské bučiny - Viničná cesta","9012121, 9012122, 12956785, 9120784, 9120785, 9120789, 9120772, 9120777","1305909, 1003204, 7050216, 5475621, 5475608, 5475610",ano,val,ano,přítomnost druhu,ano,dobrý,chu,val,0
CZ0510400,Myotis myotis,CELKOVE_HODNOCENI,NA,"2012, 2023, 2014","96,""5156d"", 96,""5157d"", 5156b","5156, 5157, Loupežnická jeskyně (Oldřichov v Hájích), Loupežnická jeskyně - Jizerské hory, NPR - Jizerskohorské bučiny - Skalní hrad, NPR - Jizerskohorské bučiny - Viničná cesta","9012121, 9012122, 12956785, 9120784, 9120785, 9120789, 9120772, 9120777","1305909, 1003204, 7050216, 5475621, 5475608, 5475610",dobrý,NA,NA,NA,NA,dobrý,chu,NA,0
CZ0510509,Myotis myotis,POP_PRESENCE,ano,2022,5254a,Heřmanice v Podještědí,"12071585, 12071598",8791167,ano,val,ano,přítomnost druhu,ano,dobrý,chu,val,0
CZ0510509,Myotis myotis,CELKOVE_HODNOCENI,NA,2022,5254a,Heřmanice v Podještědí,"12071585, 12071598",8791167,dobrý,NA,NA,NA,NA,dobrý,chu,NA,0
CZ0512100,Myotis myotis,POP_PRESENCE,ano,2012,"96,""5452b""",5452,9012153,1061811,ano,val,ano,přítomnost druhu,ano,dobrý,chu,val,0
CZ0512100,Myotis myotis,CELKOVE_HODNOCENI,NA,2012,"96,""5452b""",5452,9012153,1061811,dobrý,NA,NA,NA,NA,dobrý,chu,NA,0
CZ0513506,Myotis myotis,POP_PRESENCE,ano,"2022, 2018","5354c, 5353b, 91,""5354c""","Meandry Ploučnice - transekt č. 3, Meandry Ploučnice - transekt č. 4, Meandry Ploučnice - transekt č. 6, Meandry Ploučnice - transekt č. 7, PR Hradčanské rybníky","12062099, 12062093, 12062088, 12062096, 10446431, 10446826, 10448170, 10448189, 10448206, 10448207","8780039, 8780047, 8780051, 8780055, 1011448",ano,val,ano,přítomnost druhu,ano,dobrý,chu,val,0
CZ0513506,Myotis myotis,CELKOVE_HODNOCENI,NA,"2022, 2018","5354c, 5353b, 91,""5354c""","Meandry Ploučnice - transekt č. 3, Meandry Ploučnice - transekt č. 4, Meandry Ploučnice - transekt č. 6, Meandry Ploučnice - transekt č. 7, PR Hradčanské rybníky","12062099, 12062093, 12062088, 12062096, 10446431, 10446826, 10448170, 10448189, 10448206, 10448207","8780039, 8780047, 8780051, 8780055, 1011448",dobrý,NA,NA,NA,NA,dobrý,chu,NA,0
CZ0513657,Myotis myotis,POP_PRESENCE,ano,2025,5157d,Bílá Desná,15620518,5061841,ano,val,ano,přítomnost druhu,ano,dobrý,chu,val,0
CZ0513657,Myotis myotis,CELKOVE_HODNOCENI,NA,2025,5157d,Bílá Desná,15620518,5061841,dobrý,NA,NA,NA,NA,dobrý,chu,NA,0
CZ0513658,Myotis myotis,POP_PRESENCE,ano,2022,5355b,Český Dub,12068200,9525236,ano,val,ano,přítomnost druhu,ano,dobrý,chu,val,0
CZ0513658,Myotis myotis,CELKOVE_HODNOCENI,NA,2022,5355b,Český Dub,12068200,9525236,dobrý,NA,NA,NA,NA,dobrý,chu,NA,0
CZ0513659,Myotis myotis,POP_PRESENCE,ano,"2018, 2013",5453b,"Doksy, zámek Doksy","10730396, 8905135","5378050, 262164",ano,val,ano,přítomnost druhu,ano,dobrý,chu,val,0
CZ0513659,Myotis myotis,CELKOVE_HODNOCENI,NA,"2018, 2013",5453b,"Doksy, zámek Doksy","10730396, 8905135","5378050, 262164",dobrý,NA,NA,NA,NA,dobrý,chu,NA,0
CZ0513662,Myotis myotis,POP_PRESENCE,ano,"2014, 2025",5254b,"Lemberk, Lemberk - zámek","9648461, 15620572","5378056, 5062991",ano,val,ano,přítomnost druhu,ano,dobrý,chu,val,0
CZ0513662,Myotis myotis,CELKOVE_HODNOCENI,NA,"2014, 2025",5254b,"Lemberk, Lemberk - zámek","9648461, 15620572","5378056, 5062991",dobrý,NA,NA,NA,NA,dobrý,chu,NA,0
CZ0513663,Myotis myotis,POP_PRESENCE,ano,2020,5457c,EVL Podhájí - chalupa,11290845,9561120,ne,val,ano,přítomnost druhu,ano,špatný,chu,val,0
CZ0513663,Myotis myotis,CELKOVE_HODNOCENI,NA,2020,5457c,EVL Podhájí - chalupa,11290845,9561120,zhoršený,NA,NA,NA,NA,zhoršený,chu,NA,0
CZ0513665,Myotis myotis,POP_PRESENCE,ano,2022,5253c,EVL Skalice u České Lípy,12495272,1215123,ano,val,ano,přítomnost druhu,ano,dobrý,chu,val,0
CZ0513665,Myotis myotis,CELKOVE_HODNOCENI,NA,2022,5253c,EVL Skalice u České Lípy,12495272,1215123,dobrý,NA,NA,NA,NA,dobrý,chu,NA,0
CZ0513668,Myotis myotis,POP_PRESENCE,ano,2014,5255a,Zdislava kostel,9113550,5471206,ano,val,ano,přítomnost druhu,ano,dobrý,chu,val,0
CZ0513668,Myotis myotis,CELKOVE_HODNOCENI,NA,2014,5255a,Zdislava kostel,9113550,5471206,dobrý,NA,NA,NA,NA,dobrý,chu,NA,0
CZ0514041,Myotis myotis,POP_PRESENCE,ano,"2020, 2025",5153d,"Ledová jeskyně Naděje, Naděje - transekt N1, Naděje - transekt N2 - Ledová j., Naděje - transekt N3 - Malá Ledová j., Trávník u Cvikova - jeskyně Milštejn","11234803, 11234811, 11236317, 11236322, 11236324, 11236329, 15620504","4929473, 7598872, 7598877, 7598879, 5067780",ano,val,ano,přítomnost druhu,ano,dobrý,chu,val,0
CZ0514041,Myotis myotis,CELKOVE_HODNOCENI,NA,"2020, 2025",5153d,"Ledová jeskyně Naděje, Naděje - transekt N1, Naděje - transekt N2 - Ledová j., Naděje - transekt N3 - Malá Ledová j., Trávník u Cvikova - jeskyně Milštejn","11234803, 11234811, 11236317, 11236322, 11236324, 11236329, 15620504","4929473, 7598872, 7598877, 7598879, 5067780",dobrý,NA,NA,NA,NA,dobrý,chu,NA,0
CZ0514042,Myotis myotis,POP_PRESENCE,ano,"2012, 2017, 2014, 2020","96,""5353c"", 96,""5454a"", 5454a, 5354c, 5453b, 99,""5453b"", 5353d, 03,""5453b""","5353, 5454, Doksy u Máchova jezera, Hradčany nad Ploučnicí, NPP Swamp, NPR Břehyně - Pecopala, NPR Jestřebské slatiny - Detektor5, NPR Jestřebské slatiny - Detektor7, NPR Jestřebské slatiny - Detektor8","9012138, 9012155, 10076769, 10076837, 10076784, 9152237, 9152248, 9143508, 11246095, 11246101, 11246103, 11246098, 11246104","1790501, 1809867, 6320026, 6320035, 5502299, 5495324, 7612637, 7612646, 7612648",ano,val,ano,přítomnost druhu,ano,dobrý,chu,val,0
CZ0514042,Myotis myotis,CELKOVE_HODNOCENI,NA,"2012, 2017, 2014, 2020","96,""5353c"", 96,""5454a"", 5454a, 5354c, 5453b, 99,""5453b"", 5353d, 03,""5453b""","5353, 5454, Doksy u Máchova jezera, Hradčany nad Ploučnicí, NPP Swamp, NPR Břehyně - Pecopala, NPR Jestřebské slatiny - Detektor5, NPR Jestřebské slatiny - Detektor7, NPR Jestřebské slatiny - Detektor8","9012138, 9012155, 10076769, 10076837, 10076784, 9152237, 9152248, 9143508, 11246095, 11246101, 11246103, 11246098, 11246104","1790501, 1809867, 6320026, 6320035, 5502299, 5495324, 7612637, 7612646, 7612648",dobrý,NA,NA,NA,NA,dobrý,chu,NA,0
CZ0514113,Myotis myotis,POP_PRESENCE,ano,"2020, 2015, 2012","5457c, 5457a, 5456d, 5457c, 99,""5457c""","Hrubá Skála, Karlovice, Podsemín, Troskovice, Vyskeř, Věžák","11295020, 11292667, 11292679, 11293027, 11293048, 11293049, 11303892, 9648642, 11295804, 11295812, 8910945, 8910951","7670471, 7667859, 5378075, 7671380, 7671384, 5382020",ano,val,ano,přítomnost druhu,ano,dobrý,chu,val,0
CZ0514113,Myotis myotis,CELKOVE_HODNOCENI,NA,"2020, 2015, 2012","5457c, 5457a, 5456d, 5457c, 99,""5457c""","Hrubá Skála, Karlovice, Podsemín, Troskovice, Vyskeř, Věžák","11295020, 11292667, 11292679, 11293027, 11293048, 11293049, 11303892, 9648642, 11295804, 11295812, 8910945, 8910951","7670471, 7667859, 5378075, 7671380, 7671384, 5382020",dobrý,NA,NA,NA,NA,dobrý,chu,NA,0
CZ0514243,Myotis myotis,POP_PRESENCE,ano,"2024, 2016, 2018, 2013, 2025",5454c,"Bezděz - 1. K lanovce, Bezděz - 2. Křížová cesta, Bezděz - 4. do sedla, Bezděz - 7 bukový les, Bezděz - 7.smíšený les, Bezděz - 9.pod jeskyní, Bezděz jeskyně, NPR Velký a Malý Bezděz, Paledová jeskyně Na Bezdězu","13105566, 13105553, 13105563, 13105572, 9789948, 9789959, 9789967, 10730064, 8886560, 8886566, 8886589, 8886590, 8886591, 15288646, 15288656","6048114, 6048115, 6048117, 10187348, 6048120, 6048125, 5379528, 5365436, 6048111",ano,val,ano,přítomnost druhu,ano,dobrý,chu,val,0
CZ0514243,Myotis myotis,CELKOVE_HODNOCENI,NA,"2024, 2016, 2018, 2013, 2025",5454c,"Bezděz - 1. K lanovce, Bezděz - 2. Křížová cesta, Bezděz - 4. do sedla, Bezděz - 7 bukový les, Bezděz - 7.smíšený les, Bezděz - 9.pod jeskyní, Bezděz jeskyně, NPR Velký a Malý Bezděz, Paledová jeskyně Na Bezdězu","13105566, 13105553, 13105563, 13105572, 9789948, 9789959, 9789967, 10730064, 8886560, 8886566, 8886589, 8886590, 8886591, 15288646, 15288656","6048114, 6048115, 6048117, 10187348, 6048120, 6048125, 5379528, 5365436, 6048111",dobrý,NA,NA,NA,NA,dobrý,chu,NA,0
CZ0514667,Myotis myotis,POP_PRESENCE,ano,"2013, 2025",5255a,"Jitrava - PR Velký Vápenný - Západní jeskyně, Jítrava,Západní jeskyně","8901481, 15620543","1336567, 5062036",ano,val,ano,přítomnost druhu,ano,dobrý,chu,val,0
CZ0514667,Myotis myotis,CELKOVE_HODNOCENI,NA,"2013, 2025",5255a,"Jitrava - PR Velký Vápenný - Západní jeskyně, Jítrava,Západní jeskyně","8901481, 15620543","1336567, 5062036",dobrý,NA,NA,NA,NA,dobrý,chu,NA,0
CZ0514668,Myotis myotis,POP_PRESENCE,ano,"2012, 2018, 2019, 2015","5256c, 5255d, 43,""5255d"", 51,""5256c""","Jeskyně Velká basa na Ještědském hřebeni, Malá Basa - jeskyně, Velká Basa, Velká Basa jeskyně, Vápenice, Vápenice - Basa transekt č.1, Vápenice - Basa transekt č.3, Vápenice - Basa transekt č.6, Vápenice - Basa transekt č.8, Vápenice - Basa transekt č.9","8907437, 8907438, 8907439, 10730143, 10767947, 10767948, 9648734, 10767945, 10767983, 10767955, 10767965, 10767977, 10767988, 10767993","976644, 5062029, 7084153, 5379532, 1233946, 7084159, 7084163, 7084169, 7084174, 7084182",ano,val,ano,přítomnost druhu,ano,dobrý,chu,val,0
CZ0514668,Myotis myotis,CELKOVE_HODNOCENI,NA,"2012, 2018, 2019, 2015","5256c, 5255d, 43,""5255d"", 51,""5256c""","Jeskyně Velká basa na Ještědském hřebeni, Malá Basa - jeskyně, Velká Basa, Velká Basa jeskyně, Vápenice, Vápenice - Basa transekt č.1, Vápenice - Basa transekt č.3, Vápenice - Basa transekt č.6, Vápenice - Basa transekt č.8, Vápenice - Basa transekt č.9","8907437, 8907438, 8907439, 10730143, 10767947, 10767948, 9648734, 10767945, 10767983, 10767955, 10767965, 10767977, 10767988, 10767993","976644, 5062029, 7084153, 5379532, 1233946, 7084159, 7084163, 7084169, 7084174, 7084182",dobrý,NA,NA,NA,NA,dobrý,chu,NA,0
CZ0514670,Myotis myotis,POP_PRESENCE,ano,2020,"45,""5352d"", 5352d, 5452b, 56,""5352d""","PR Vlhošť 1908, PR Vlhošť- Detektor 2, PR Vlhošť- Detektor 4, PR Vlhošť- Detektor 6, PR Vlhošť- Detektor 7, PR Vlhošť- Detektor 8, PR Vlhošť- detektor 1","11234810, 11246123, 11246115, 11246109, 11246127, 11246110, 11246128, 11246130, 11246122","5355869, 7612652, 7612656, 7612660, 7612662, 7612664, 7612650",ano,val,ano,přítomnost druhu,ano,dobrý,chu,val,0
CZ0514670,Myotis myotis,CELKOVE_HODNOCENI,NA,2020,"45,""5352d"", 5352d, 5452b, 56,""5352d""","PR Vlhošť 1908, PR Vlhošť- Detektor 2, PR Vlhošť- Detektor 4, PR Vlhošť- Detektor 6, PR Vlhošť- Detektor 7, PR Vlhošť- Detektor 8, PR Vlhošť- detektor 1","11234810, 11246123, 11246115, 11246109, 11246127, 11246110, 11246128, 11246130, 11246122","5355869, 7612652, 7612656, 7612660, 7612662, 7612664, 7612650",dobrý,NA,NA,NA,NA,dobrý,chu,NA,0
CZ0520030,Myotis myotis,POP_PRESENCE,ano,2012,"96,""5759c""",5759,9012209,1802526,ano,val,ano,přítomnost druhu,ano,dobrý,chu,val,0
CZ0520030,Myotis myotis,CELKOVE_HODNOCENI,NA,2012,"96,""5759c""",5759,9012209,1802526,dobrý,NA,NA,NA,NA,dobrý,chu,NA,0
CZ0520508,Myotis myotis,POP_PRESENCE,ano,2015,"68,""5463c""",EVL Metuje a Dřevíč,9827144,6083108,ano,val,ano,přítomnost druhu,ano,dobrý,chu,val,0
CZ0520508,Myotis myotis,CELKOVE_HODNOCENI,NA,2015,"68,""5463c""",EVL Metuje a Dřevíč,9827144,6083108,dobrý,NA,NA,NA,NA,dobrý,chu,NA,0
CZ0520519,Myotis myotis,POP_PRESENCE,ano,"2025, 2023, 2013","5362d, 73,""5462b""","Dolní Adršpach, Dolní Adršpach - štola, NPR Adršpašsko-teplické skály 2401, štola Adršpach_za pískovnou","15567603, 12956704, 8917494, 8576422","12914419, 5380559, 1262315, 5092993",ano,val,ano,přítomnost druhu,ano,dobrý,chu,val,0
CZ0520519,Myotis myotis,CELKOVE_HODNOCENI,NA,"2025, 2023, 2013","5362d, 73,""5462b""","Dolní Adršpach, Dolní Adršpach - štola, NPR Adršpašsko-teplické skály 2401, štola Adršpach_za pískovnou","15567603, 12956704, 8917494, 8576422","12914419, 5380559, 1262315, 5092993",dobrý,NA,NA,NA,NA,dobrý,chu,NA,0
CZ0520600,Myotis myotis,POP_PRESENCE,ano,2015,"4,""5664d""",EVL Trčkov,9823358,6079021,ano,val,ano,přítomnost druhu,ano,dobrý,chu,val,0
CZ0520600,Myotis myotis,CELKOVE_HODNOCENI,NA,2015,"4,""5664d""",EVL Trčkov,9823358,6079021,dobrý,NA,NA,NA,NA,dobrý,chu,NA,0
CZ0520604,Myotis myotis,POP_PRESENCE,ano,"2015, 2018, 2019, 2025, 2014, 2023","51,""5864a"", 5864a","EVL Zdobnice - Říčka, Erzloch, KÚ: Nebeská Rybná, Orlické hory, štola Erzloch, Popelov - štola Erzloch, Popelov – štola Erzloch","9823357, 10279137, 11189643, 15587417, 9173423, 12820083","6079019, 6329800, 7528043, 5691722, 5518014, 6329936",ano,val,ano,přítomnost druhu,ano,dobrý,chu,val,0
CZ0520604,Myotis myotis,CELKOVE_HODNOCENI,NA,"2015, 2018, 2019, 2025, 2014, 2023","51,""5864a"", 5864a","EVL Zdobnice - Říčka, Erzloch, KÚ: Nebeská Rybná, Orlické hory, štola Erzloch, Popelov - štola Erzloch, Popelov – štola Erzloch","9823357, 10279137, 11189643, 15587417, 9173423, 12820083","6079019, 6329800, 7528043, 5691722, 5518014, 6329936",dobrý,NA,NA,NA,NA,dobrý,chu,NA,0
CZ0523007,Myotis myotis,POP_PRESENCE,ano,2015,"75,""5763a""",EVL Dědina u Dobrušky,9823275,6078876,ano,val,ano,přítomnost druhu,ano,dobrý,chu,val,0
CZ0523007,Myotis myotis,CELKOVE_HODNOCENI,NA,2015,"75,""5763a""",EVL Dědina u Dobrušky,9823275,6078876,dobrý,NA,NA,NA,NA,dobrý,chu,NA,0
CZ0523010,Myotis myotis,POP_PRESENCE,ano,2020,5861a,"PP Na Plachtě 3 - A1, PP Na Plachtě 3 - D","11272292, 11272246","7647204, 7647203",ano,val,ano,přítomnost druhu,ano,dobrý,chu,val,0
CZ0523010,Myotis myotis,CELKOVE_HODNOCENI,NA,2020,5861a,"PP Na Plachtě 3 - A1, PP Na Plachtě 3 - D","11272292, 11272246","7647204, 7647203",dobrý,NA,NA,NA,NA,dobrý,chu,NA,0
CZ0523266,Myotis myotis,POP_PRESENCE,ano,2015,5860b,EVL Slatinná louka u Roudničky,9822627,6077899,ano,val,ano,přítomnost druhu,ano,dobrý,chu,val,0
CZ0523266,Myotis myotis,CELKOVE_HODNOCENI,NA,2015,5860b,EVL Slatinná louka u Roudničky,9822627,6077899,dobrý,NA,NA,NA,NA,dobrý,chu,NA,0
CZ0523267,Myotis myotis,POP_PRESENCE,ano,2015,"05,""5764b""",EVL Zaorlicko,9823359,6079023,ano,val,ano,přítomnost druhu,ano,dobrý,chu,val,0
CZ0523267,Myotis myotis,CELKOVE_HODNOCENI,NA,2015,"05,""5764b""",EVL Zaorlicko,9823359,6079023,dobrý,NA,NA,NA,NA,dobrý,chu,NA,0
CZ0523286,Myotis myotis,POP_PRESENCE,ano,2025,5658d,PP Rybník Smrkovák 5689,15510204,12842096,ano,val,ano,přítomnost druhu,ano,dobrý,chu,val,0
CZ0523286,Myotis myotis,CELKOVE_HODNOCENI,NA,2025,5658d,PP Rybník Smrkovák 5689,15510204,12842096,dobrý,NA,NA,NA,NA,dobrý,chu,NA,0
CZ0523675,Myotis myotis,POP_PRESENCE,ano,"2022, 2025",5658a,"EVL Jičíněves - zámek, Jičíněves","12068230, 15620743","9874511, 5378083",ano,val,ano,přítomnost druhu,ano,dobrý,chu,val,0
CZ0523675,Myotis myotis,CELKOVE_HODNOCENI,NA,"2022, 2025",5658a,"EVL Jičíněves - zámek, Jičíněves","12068230, 15620743","9874511, 5378083",dobrý,NA,NA,NA,NA,dobrý,chu,NA,0
CZ0523676,Myotis myotis,POP_PRESENCE,ano,"2024, 2025, 2026, 2014",5661d,"EVL Josefov - pevnost, EVL Josefov - pevnost, Jaroměř, Bastion IV - kasemata v JV části, EVL Josefov - pevnost, Jaroměř, Poterna mezi Bastionem IX a X, EVL Josefov - pevnost, Josefov u Jaroměře, Lidická 6, Josefov u Jaroměře, Josefov u Jaroměře, Předbastion V, Josefov, pevnost - přístupná část (EVL)","12956525, 13825268, 15602337, 15071460, 13062477, 15602349, 10091720","1215093, 10857203, 10862122, 12264720, 7167755, 12961871, 6333365",ano,val,ano,přítomnost druhu,ano,dobrý,chu,val,0
CZ0523676,Myotis myotis,CELKOVE_HODNOCENI,NA,"2024, 2025, 2026, 2014",5661d,"EVL Josefov - pevnost, EVL Josefov - pevnost, Jaroměř, Bastion IV - kasemata v JV části, EVL Josefov - pevnost, Jaroměř, Poterna mezi Bastionem IX a X, EVL Josefov - pevnost, Josefov u Jaroměře, Lidická 6, Josefov u Jaroměře, Josefov u Jaroměře, Předbastion V, Josefov, pevnost - přístupná část (EVL)","12956525, 13825268, 15602337, 15071460, 13062477, 15602349, 10091720","1215093, 10857203, 10862122, 12264720, 7167755, 12961871, 6333365",dobrý,NA,NA,NA,NA,dobrý,chu,NA,0
CZ0523677,Myotis myotis,POP_PRESENCE,ano,2025,5556b,"Kost, Kost - hrad","15620731, 15620357","5378062, 5062987",ano,val,ano,přítomnost druhu,ano,dobrý,chu,val,0
CZ0523677,Myotis myotis,CELKOVE_HODNOCENI,NA,2025,5556b,"Kost, Kost - hrad","15620731, 15620357","5378062, 5062987",dobrý,NA,NA,NA,NA,dobrý,chu,NA,0
CZ0523680,Myotis myotis,POP_PRESENCE,ano,"2026, 2024, 2023",5563c,"Dobrošov, Dobrošov - Pevnost Dobrošov, EVL Pevnost Dobrošov","15567733, 14119098, 12956708","12914612, 1849578, 9892621",ano,val,ano,přítomnost druhu,ano,dobrý,chu,val,0
CZ0523680,Myotis myotis,CELKOVE_HODNOCENI,NA,"2026, 2024, 2023",5563c,"Dobrošov, Dobrošov - Pevnost Dobrošov, EVL Pevnost Dobrošov","15567733, 14119098, 12956708","12914612, 1849578, 9892621",dobrý,NA,NA,NA,NA,dobrý,chu,NA,0
CZ0523682,Myotis myotis,POP_PRESENCE,ano,2013,5657a,Staré Hrady,8888424,1233959,ano,val,ano,přítomnost druhu,ano,dobrý,chu,val,0
CZ0523682,Myotis myotis,CELKOVE_HODNOCENI,NA,2013,5657a,Staré Hrady,8888424,1233959,dobrý,NA,NA,NA,NA,dobrý,chu,NA,0
CZ0523683,Myotis myotis,POP_PRESENCE,ano,2020,5663d,EVL Štola Portál,13440392,9892686,ano,val,ano,přítomnost druhu,ano,dobrý,chu,val,0
CZ0523683,Myotis myotis,CELKOVE_HODNOCENI,NA,2020,5663d,EVL Štola Portál,13440392,9892686,dobrý,NA,NA,NA,NA,dobrý,chu,NA,0
CZ0524044,Myotis myotis,POP_PRESENCE,ano,"2012, 2018, 2013, 2025, 2023","96,""5258c"", 96,""5358d"", 96,""5359c"", 96,""5360c"", 5359b, 5361a, 5360b, 5359a, 5258c, 5358b, 5460a, 5360d","5258, 5358, 5359, 5360, Herlíkovice - štoly, Horní Albeřice – Albeřická jeskyně, Horní Maršov – jeskyně Trucovna, Horní Maršov – zámek, Konecchlumí, Křižlice evangelická fara, Křižlice evangelický kostel, Paseky nad Jizerou, Pec pod Sněžkou, Poniklá – jeskyně, Rudník, Rudník - kostel, Strážné – štola, Svoboda nad Úpou – kostel, Štoly v údolí Jizerky v Krkonoších","9012131, 9012142, 9012143, 9012144, 10729322, 10729327, 10729328, 10729427, 15620886, 15620823, 15620820, 15620818, 12714007, 10729341, 9632905, 15620745, 10729348, 12957272, 10729334","1777000, 1850265, 1801376, 1810760, 7050202, 7050203, 7050204, 7050285, 5378091, 8787728, 5917269, 5378112, 9501267, 7050206, 6840701, 5378096, 7050207, 9874604, 7050205",ano,val,ano,přítomnost druhu,ano,dobrý,chu,val,0
CZ0524044,Myotis myotis,CELKOVE_HODNOCENI,NA,"2012, 2018, 2013, 2025, 2023","96,""5258c"", 96,""5358d"", 96,""5359c"", 96,""5360c"", 5359b, 5361a, 5360b, 5359a, 5258c, 5358b, 5460a, 5360d","5258, 5358, 5359, 5360, Herlíkovice - štoly, Horní Albeřice – Albeřická jeskyně, Horní Maršov – jeskyně Trucovna, Horní Maršov – zámek, Konecchlumí, Křižlice evangelická fara, Křižlice evangelický kostel, Paseky nad Jizerou, Pec pod Sněžkou, Poniklá – jeskyně, Rudník, Rudník - kostel, Strážné – štola, Svoboda nad Úpou – kostel, Štoly v údolí Jizerky v Krkonoších","9012131, 9012142, 9012143, 9012144, 10729322, 10729327, 10729328, 10729427, 15620886, 15620823, 15620820, 15620818, 12714007, 10729341, 9632905, 15620745, 10729348, 12957272, 10729334","1777000, 1850265, 1801376, 1810760, 7050202, 7050203, 7050204, 7050285, 5378091, 8787728, 5917269, 5378112, 9501267, 7050206, 6840701, 5378096, 7050207, 9874604, 7050205",dobrý,NA,NA,NA,NA,dobrý,chu,NA,0
CZ0530020,Myotis myotis,POP_PRESENCE,ano,"2015, 2025, 2022","6265c, 18,""6265d""","EVL Hřebečovský hřbet, Jeskyně Pod Mariánským obrazem, NPR Rohová","9822604, 15620519, 12076904, 12076905","6077878, 5063545, 8797203",ano,val,ano,přítomnost druhu,ano,dobrý,chu,val,0
CZ0530020,Myotis myotis,CELKOVE_HODNOCENI,NA,"2015, 2025, 2022","6265c, 18,""6265d""","EVL Hřebečovský hřbet, Jeskyně Pod Mariánským obrazem, NPR Rohová","9822604, 15620519, 12076904, 12076905","6077878, 5063545, 8797203",dobrý,NA,NA,NA,NA,dobrý,chu,NA,0
CZ0530021,Myotis myotis,POP_PRESENCE,ano,2013,5961b,"Dolní Ředice, PR Žernov - rybník Šmatlán",10576407,5902735,ano,val,ano,přítomnost druhu,ano,dobrý,chu,val,0
CZ0530021,Myotis myotis,CELKOVE_HODNOCENI,NA,2013,5961b,"Dolní Ředice, PR Žernov - rybník Šmatlán",10576407,5902735,dobrý,NA,NA,NA,NA,dobrý,chu,NA,0
CZ0530027,Myotis myotis,POP_PRESENCE,ano,2015,6164d,EVL Psí kuchyně,9822625,6077896,ano,val,ano,přítomnost druhu,ano,dobrý,chu,val,0
CZ0530027,Myotis myotis,CELKOVE_HODNOCENI,NA,2015,6164d,EVL Psí kuchyně,9822625,6077896,dobrý,NA,NA,NA,NA,dobrý,chu,NA,0
CZ0530028,Myotis myotis,POP_PRESENCE,ano,2015,"89,""6064b""",EVL Vadětín - Lanšperk,9823356,6079017,ano,val,ano,přítomnost druhu,ano,dobrý,chu,val,0
CZ0530028,Myotis myotis,CELKOVE_HODNOCENI,NA,2015,"89,""6064b""",EVL Vadětín - Lanšperk,9823356,6079017,dobrý,NA,NA,NA,NA,dobrý,chu,NA,0
CZ0530034,Myotis myotis,POP_PRESENCE,ano,2015,"26,""6065d""",EVL Moravská Sázava,9823297,6078921,ano,val,ano,přítomnost druhu,ano,dobrý,chu,val,0
CZ0530034,Myotis myotis,CELKOVE_HODNOCENI,NA,2015,"26,""6065d""",EVL Moravská Sázava,9823297,6078921,dobrý,NA,NA,NA,NA,dobrý,chu,NA,0
CZ0530146,Myotis myotis,POP_PRESENCE,ano,"2020, 2012, 2022","5867a, 96,""5867c""","561 69 Dolní Morava, 5867, Tvarožné díry","11564808, 11564809, 9012240, 11919366","8052547, 1810472, 8521992",ano,val,ano,přítomnost druhu,ano,dobrý,chu,val,0
CZ0530146,Myotis myotis,CELKOVE_HODNOCENI,NA,"2020, 2012, 2022","5867a, 96,""5867c""","561 69 Dolní Morava, 5867, Tvarožné díry","11564808, 11564809, 9012240, 11919366","8052547, 1810472, 8521992",dobrý,NA,NA,NA,NA,dobrý,chu,NA,0
CZ0530500,Myotis myotis,POP_PRESENCE,ano,"2026, 2012, 2025, 2019, 2020, 2018","6159b, 23,""6159b""","Lichnice - sklepení hradu, Lichnice, sklepení malé, CHKO Železné hory, Lichnice, sklepení velké, CHKO Železné hory, NPR Lichnice-Kaňkovy hory 211, Třemošnice, Třemošnice - Podhradí v Železných horách, CHKO Železné hory, hrad Lichnice, CHKO Železné hory, hrad Lichnice, sklepení, zřícenina hradu Lichnice, CHKO Železné hory","15547856, 15545118, 15545120, 8907620, 13828047, 10606480, 11232220, 13826867, 10398567","5479301, 12897270, 12897272, 5379656, 10863104, 6890634, 7591510, 10860848, 6669057",ano,val,ano,přítomnost druhu,ano,dobrý,chu,val,0
CZ0530500,Myotis myotis,CELKOVE_HODNOCENI,NA,"2026, 2012, 2025, 2019, 2020, 2018","6159b, 23,""6159b""","Lichnice - sklepení hradu, Lichnice, sklepení malé, CHKO Železné hory, Lichnice, sklepení velké, CHKO Železné hory, NPR Lichnice-Kaňkovy hory 211, Třemošnice, Třemošnice - Podhradí v Železných horách, CHKO Železné hory, hrad Lichnice, CHKO Železné hory, hrad Lichnice, sklepení, zřícenina hradu Lichnice, CHKO Železné hory","15547856, 15545118, 15545120, 8907620, 13828047, 10606480, 11232220, 13826867, 10398567","5479301, 12897270, 12897272, 5379656, 10863104, 6890634, 7591510, 10860848, 6669057",dobrý,NA,NA,NA,NA,dobrý,chu,NA,0
CZ0530501,Myotis myotis,POP_PRESENCE,ano,"2012, 2015","29,""6063b"", 63,""6063b""","Brandýs nad Orlicí - 6063, EVL Brandýs","8902451, 9826900","5376357, 6082733",ano,val,ano,přítomnost druhu,ano,dobrý,chu,val,0
CZ0530501,Myotis myotis,CELKOVE_HODNOCENI,NA,"2012, 2015","29,""6063b"", 63,""6063b""","Brandýs nad Orlicí - 6063, EVL Brandýs","8902451, 9826900","5376357, 6082733",dobrý,NA,NA,NA,NA,dobrý,chu,NA,0
CZ0533303,Myotis myotis,POP_PRESENCE,ano,2015,"55,""6159d""",EVL Chrudimka,9826902,6082738,ano,val,ano,přítomnost druhu,ano,dobrý,chu,val,0
CZ0533303,Myotis myotis,CELKOVE_HODNOCENI,NA,2015,"55,""6159d""",EVL Chrudimka,9826902,6082738,dobrý,NA,NA,NA,NA,dobrý,chu,NA,0
CZ0533314,Myotis myotis,POP_PRESENCE,ano,2015,"46,""5965b""",EVL Tichá Orlice,9822637,6077906,ano,val,ano,přítomnost druhu,ano,dobrý,chu,val,0
CZ0533314,Myotis myotis,CELKOVE_HODNOCENI,NA,2015,"46,""5965b""",EVL Tichá Orlice,9822637,6077906,dobrý,NA,NA,NA,NA,dobrý,chu,NA,0
CZ0533686,Myotis myotis,POP_PRESENCE,ano,2022,5966a,EVL Bouda u Těchonína,11919360,5938422,ano,val,ano,přítomnost druhu,ano,dobrý,chu,val,0
CZ0533686,Myotis myotis,CELKOVE_HODNOCENI,NA,2022,5966a,EVL Bouda u Těchonína,11919360,5938422,dobrý,NA,NA,NA,NA,dobrý,chu,NA,0
CZ0533687,Myotis myotis,POP_PRESENCE,ano,2025,6062c,EVL Jeskyně Bětník,15620306,5938419,ano,val,ano,přítomnost druhu,ano,dobrý,chu,val,0
CZ0533687,Myotis myotis,CELKOVE_HODNOCENI,NA,2025,6062c,EVL Jeskyně Bětník,15620306,5938419,dobrý,NA,NA,NA,NA,dobrý,chu,NA,0
CZ0533688,Myotis myotis,POP_PRESENCE,ano,2025,6163c,EVL Jeskyně u Horního Újezda,15620397,5943320,ano,val,ano,přítomnost druhu,ano,dobrý,chu,val,0
CZ0533688,Myotis myotis,CELKOVE_HODNOCENI,NA,2025,6163c,EVL Jeskyně u Horního Újezda,15620397,5943320,dobrý,NA,NA,NA,NA,dobrý,chu,NA,0
CZ0533691,Myotis myotis,POP_PRESENCE,ano,2015,6159c,EVL Pařížov,"9545055, 9634324",1215086,ano,val,ano,přítomnost druhu,ano,dobrý,chu,val,0
CZ0533691,Myotis myotis,CELKOVE_HODNOCENI,NA,2015,6159c,EVL Pařížov,"9545055, 9634324",1215086,dobrý,NA,NA,NA,NA,dobrý,chu,NA,0
CZ0533693,Myotis myotis,POP_PRESENCE,ano,2023,6159b,EVL Podolská a Páterova jeskyně,12956897,1215121,ano,val,ano,přítomnost druhu,ano,dobrý,chu,val,0
CZ0533693,Myotis myotis,CELKOVE_HODNOCENI,NA,2023,6159b,EVL Podolská a Páterova jeskyně,12956897,1215121,dobrý,NA,NA,NA,NA,dobrý,chu,NA,0
CZ0533694,Myotis myotis,POP_PRESENCE,ano,"2023, 2012",6266d,"EVL Vranová Lhota, Vranová Lhota - kostel","12957135, 8902470","9892826, 5376364",ano,val,ano,přítomnost druhu,ano,dobrý,chu,val,0
CZ0533694,Myotis myotis,CELKOVE_HODNOCENI,NA,"2023, 2012",6266d,"EVL Vranová Lhota, Vranová Lhota - kostel","12957135, 8902470","9892826, 5376364",dobrý,NA,NA,NA,NA,dobrý,chu,NA,0
CZ0533696,Myotis myotis,POP_PRESENCE,ano,2014,6060d,"Trpišov, Kochánovice - rybník Vilém",9125329,1845046,ano,val,ano,přítomnost druhu,ano,dobrý,chu,val,0
CZ0533696,Myotis myotis,CELKOVE_HODNOCENI,NA,2014,6060d,"Trpišov, Kochánovice - rybník Vilém",9125329,1845046,dobrý,NA,NA,NA,NA,dobrý,chu,NA,0
CZ0534053,Myotis myotis,POP_PRESENCE,ano,2018,6160b,"PR Krkanka, PR Strádovské Peklo","10523799, 10523809","6823250, 6823252",ano,val,ano,přítomnost druhu,ano,dobrý,chu,val,0
CZ0534053,Myotis myotis,CELKOVE_HODNOCENI,NA,2018,6160b,"PR Krkanka, PR Strádovské Peklo","10523799, 10523809","6823250, 6823252",dobrý,NA,NA,NA,NA,dobrý,chu,NA,0
CZ0534054,Myotis myotis,POP_PRESENCE,ano,2022,6160d,"Rohozná, PR Strádovka - detektorovací linie 1, 2022",12062800,8781759,ano,val,ano,přítomnost druhu,ano,dobrý,chu,val,0
CZ0534054,Myotis myotis,CELKOVE_HODNOCENI,NA,2022,6160d,"Rohozná, PR Strádovka - detektorovací linie 1, 2022",12062800,8781759,dobrý,NA,NA,NA,NA,dobrý,chu,NA,0
CZ0534055,Myotis myotis,POP_PRESENCE,ano,2023,6261b,"Rataje, Čertovina",12723639,9525121,ano,val,ano,přítomnost druhu,ano,dobrý,chu,val,0
CZ0534055,Myotis myotis,CELKOVE_HODNOCENI,NA,2023,6261b,"Rataje, Čertovina",12723639,9525121,dobrý,NA,NA,NA,NA,dobrý,chu,NA,0
CZ0610005,Myotis myotis,POP_PRESENCE,ano,"2014, 2015, 2016, 2023",6464c,"Boží Požehnání, Boží požehnání, Štěpánov nad Svratkou, šachta Boží požehnání a štola Bárov","9371136, 9173053, 9641655, 12956847","5668000, 5517664, 5909872, 5090775",ano,val,ano,přítomnost druhu,ano,dobrý,chu,val,0
CZ0610005,Myotis myotis,CELKOVE_HODNOCENI,NA,"2014, 2015, 2016, 2023",6464c,"Boží Požehnání, Boží požehnání, Štěpánov nad Svratkou, šachta Boží požehnání a štola Bárov","9371136, 9173053, 9641655, 12956847","5668000, 5517664, 5909872, 5090775",dobrý,NA,NA,NA,NA,dobrý,chu,NA,0
CZ0610056,Myotis myotis,POP_PRESENCE,ano,2014,6464c,NPP Švařec,9152277,5502331,ano,val,ano,přítomnost druhu,ano,dobrý,chu,val,0
CZ0610056,Myotis myotis,CELKOVE_HODNOCENI,NA,2014,6464c,NPP Švařec,9152277,5502331,dobrý,NA,NA,NA,NA,dobrý,chu,NA,0
CZ0610179,Myotis myotis,POP_PRESENCE,ano,2025,6961b,Pulkov - štola,15620486,5067529,ano,val,ano,přítomnost druhu,ano,dobrý,chu,val,0
CZ0610179,Myotis myotis,CELKOVE_HODNOCENI,NA,2025,6961b,Pulkov - štola,15620486,5067529,dobrý,NA,NA,NA,NA,dobrý,chu,NA,0
CZ0610401,Myotis myotis,POP_PRESENCE,ano,"2022, 2015",6361b,"350, Cikháj, Cikháj, Silnice bez názvu, NPR Žákova hora","12040107, 12040101, 11928229, 10144724, 10144725","8746600, 8551713, 6376945",ano,val,ano,přítomnost druhu,ano,dobrý,chu,val,0
CZ0610401,Myotis myotis,CELKOVE_HODNOCENI,NA,"2022, 2015",6361b,"350, Cikháj, Cikháj, Silnice bez názvu, NPR Žákova hora","12040107, 12040101, 11928229, 10144724, 10144725","8746600, 8551713, 6376945",dobrý,NA,NA,NA,NA,dobrý,chu,NA,0
CZ0610412,Myotis myotis,POP_PRESENCE,ano,2013,6360b,NPR Ransko,8997969,5395713,ano,val,ano,přítomnost druhu,ano,dobrý,chu,val,0
CZ0610412,Myotis myotis,CELKOVE_HODNOCENI,NA,2013,6360b,NPR Ransko,8997969,5395713,dobrý,NA,NA,NA,NA,dobrý,chu,NA,0
CZ0612139,Myotis myotis,POP_PRESENCE,ano,2015,6361c,EVL Pod Kamenným vrchem,9635016,5903990,ano,val,ano,přítomnost druhu,ano,dobrý,chu,val,0
CZ0612139,Myotis myotis,CELKOVE_HODNOCENI,NA,2015,6361c,EVL Pod Kamenným vrchem,9635016,5903990,dobrý,NA,NA,NA,NA,dobrý,chu,NA,0
CZ0613002,Myotis myotis,POP_PRESENCE,ano,2014,"58,""6758b""",EVL Roštýnská obora,9117838,5474532,ano,val,ano,přítomnost druhu,ano,dobrý,chu,val,0
CZ0613002,Myotis myotis,CELKOVE_HODNOCENI,NA,2014,"58,""6758b""",EVL Roštýnská obora,9117838,5474532,dobrý,NA,NA,NA,NA,dobrý,chu,NA,0
CZ0613695,Myotis myotis,POP_PRESENCE,ano,2025,6962c,EVL Biskupice - kostel,15505301,5072895,ano,val,ano,přítomnost druhu,ano,dobrý,chu,val,0
CZ0613695,Myotis myotis,CELKOVE_HODNOCENI,NA,2025,6962c,EVL Biskupice - kostel,15505301,5072895,dobrý,NA,NA,NA,NA,dobrý,chu,NA,0
CZ0613696,Myotis myotis,POP_PRESENCE,ano,2025,6962c,EVL Biskupice - škola,15505302,5072894,ano,val,ano,přítomnost druhu,ano,dobrý,chu,val,0
CZ0613696,Myotis myotis,CELKOVE_HODNOCENI,NA,2025,6962c,EVL Biskupice - škola,15505302,5072894,dobrý,NA,NA,NA,NA,dobrý,chu,NA,0
CZ0613698,Myotis myotis,POP_PRESENCE,ano,"2025, 2013, 2023",6259b,"Heřmaň - kostel, Jeřišno - Heřmaň, Jeřišno, Heřmaň - věž kostela","15505300, 8906721, 12734224","5356858, 5385734, 5478686",ano,val,ano,přítomnost druhu,ano,dobrý,chu,val,0
CZ0613698,Myotis myotis,CELKOVE_HODNOCENI,NA,"2025, 2013, 2023",6259b,"Heřmaň - kostel, Jeřišno - Heřmaň, Jeřišno, Heřmaň - věž kostela","15505300, 8906721, 12734224","5356858, 5385734, 5478686",dobrý,NA,NA,NA,NA,dobrý,chu,NA,0
CZ0613816,Myotis myotis,POP_PRESENCE,ano,2018,6763c,"Kralická obora, Kralická obora, ve žlebě","10447828, 10447829","6693286, 6693287",ano,val,ano,přítomnost druhu,ano,dobrý,chu,val,0
CZ0613816,Myotis myotis,CELKOVE_HODNOCENI,NA,2018,6763c,"Kralická obora, Kralická obora, ve žlebě","10447828, 10447829","6693286, 6693287",dobrý,NA,NA,NA,NA,dobrý,chu,NA,0
CZ0614059,Myotis myotis,POP_PRESENCE,ano,2020,6361a,"35014, Radostín, 35015, Hluboká","11250252, 11281924","7618905, 7656940",ano,val,ano,přítomnost druhu,ano,dobrý,chu,val,0
CZ0614059,Myotis myotis,CELKOVE_HODNOCENI,NA,2020,6361a,"35014, Radostín, 35015, Hluboká","11250252, 11281924","7618905, 7656940",dobrý,NA,NA,NA,NA,dobrý,chu,NA,0
CZ0614131,Myotis myotis,POP_PRESENCE,ano,2012,"6863c, 6862b, 6863a","Oslava, Transekt podél Oslavy, transekt podél Chvojnice","8226491, 8225303, 8226451, 8225301, 8226453","4995253, 4994589, 4994588",ano,val,ano,přítomnost druhu,ano,dobrý,chu,val,0
CZ0614131,Myotis myotis,CELKOVE_HODNOCENI,NA,2012,"6863c, 6862b, 6863a","Oslava, Transekt podél Oslavy, transekt podél Chvojnice","8226491, 8225303, 8226451, 8225301, 8226453","4995253, 4994589, 4994588",dobrý,NA,NA,NA,NA,dobrý,chu,NA,0
CZ0620013,Myotis myotis,POP_PRESENCE,ano,2015,7062b,Pod Šibeničním kopcem,9630094,5900244,ano,val,ano,přítomnost druhu,ano,dobrý,chu,val,0
CZ0620013,Myotis myotis,CELKOVE_HODNOCENI,NA,2015,7062b,Pod Šibeničním kopcem,9630094,5900244,dobrý,NA,NA,NA,NA,dobrý,chu,NA,0
CZ0620194,Myotis myotis,POP_PRESENCE,ano,2015,6564a,EVL Čepičkův vrch a údolí Hodonínky,9822641,6077920,ano,val,ano,přítomnost druhu,ano,dobrý,chu,val,0
CZ0620194,Myotis myotis,CELKOVE_HODNOCENI,NA,2015,6564a,EVL Čepičkův vrch a údolí Hodonínky,9822641,6077920,dobrý,NA,NA,NA,NA,dobrý,chu,NA,0
CZ0623019,Myotis myotis,POP_PRESENCE,ano,2015,7063d,Oleksovická mokřina (tůně u kapličky),"9630437, 9630438",5900286,ano,val,ano,přítomnost druhu,ano,dobrý,chu,val,0
CZ0623019,Myotis myotis,CELKOVE_HODNOCENI,NA,2015,7063d,Oleksovická mokřina (tůně u kapličky),"9630437, 9630438",5900286,dobrý,NA,NA,NA,NA,dobrý,chu,NA,0
CZ0623354,Myotis myotis,POP_PRESENCE,ano,2015,6464d,EVL Crhov - Rozsíčka,9822639,6077915,ano,val,ano,přítomnost druhu,ano,dobrý,chu,val,0
CZ0623354,Myotis myotis,CELKOVE_HODNOCENI,NA,2015,6464d,EVL Crhov - Rozsíčka,9822639,6077915,dobrý,NA,NA,NA,NA,dobrý,chu,NA,0
CZ0623697,Myotis myotis,POP_PRESENCE,ano,"2024, 2014, 2015",6564c,"Doubravník, kostel Povýšení sv.Kříže, Kostel Povýšení sv. Kříže, Kostel Povýšení sv.Kříže","14119396, 9371583, 9548692","5917238, 5668244, 5836951",ano,val,ano,přítomnost druhu,ano,dobrý,chu,val,0
CZ0623697,Myotis myotis,CELKOVE_HODNOCENI,NA,"2024, 2014, 2015",6564c,"Doubravník, kostel Povýšení sv.Kříže, Kostel Povýšení sv. Kříže, Kostel Povýšení sv.Kříže","14119396, 9371583, 9548692","5917238, 5668244, 5836951",dobrý,NA,NA,NA,NA,dobrý,chu,NA,0
CZ0623707,Myotis myotis,POP_PRESENCE,ano,"2015, 2025",7061b,"Jevišovice, Jevišovice - starý zámek","9648635, 15620836","5379139, 5067538",ano,val,ano,přítomnost druhu,ano,dobrý,chu,val,0
CZ0623707,Myotis myotis,CELKOVE_HODNOCENI,NA,"2015, 2025",7061b,"Jevišovice, Jevišovice - starý zámek","9648635, 15620836","5379139, 5067538",dobrý,NA,NA,NA,NA,dobrý,chu,NA,0
CZ0623710,Myotis myotis,POP_PRESENCE,ano,2021,6766a,Křtiny,11777630,5377513,ano,val,ano,přítomnost druhu,ano,dobrý,chu,val,0
CZ0623710,Myotis myotis,CELKOVE_HODNOCENI,NA,2021,6766a,Křtiny,11777630,5377513,dobrý,NA,NA,NA,NA,dobrý,chu,NA,0
CZ0623711,Myotis myotis,POP_PRESENCE,ano,"2025, 2015",7070d,"Lipov, Lipov - kat. kostel","15620883, 9632929","5917275, 5902140",ano,val,ano,přítomnost druhu,ano,dobrý,chu,val,0
CZ0623711,Myotis myotis,CELKOVE_HODNOCENI,NA,"2025, 2015",7070d,"Lipov, Lipov - kat. kostel","15620883, 9632929","5917275, 5902140",dobrý,NA,NA,NA,NA,dobrý,chu,NA,0
CZ0623717,Myotis myotis,POP_PRESENCE,ano,2021,6962d,Tavíkovice,11777783,5379135,ano,val,ano,přítomnost druhu,ano,dobrý,chu,val,0
CZ0623717,Myotis myotis,CELKOVE_HODNOCENI,NA,2021,6962d,Tavíkovice,11777783,5379135,dobrý,NA,NA,NA,NA,dobrý,chu,NA,0
CZ0623718,Myotis myotis,POP_PRESENCE,ano,"2024, 2025",7059d,"Uherčice, Uherčice - zámek","14119306, 15620484","5379146, 5061822",ano,val,ano,přítomnost druhu,ano,dobrý,chu,val,0
CZ0623718,Myotis myotis,CELKOVE_HODNOCENI,NA,"2024, 2025",7059d,"Uherčice, Uherčice - zámek","14119306, 15620484","5379146, 5061822",dobrý,NA,NA,NA,NA,dobrý,chu,NA,0
CZ0623719,Myotis myotis,POP_PRESENCE,ano,2025,7160b,Vranov nad Dyjí - škola,15620779,5061825,ano,val,ano,přítomnost druhu,ano,dobrý,chu,val,0
CZ0623719,Myotis myotis,CELKOVE_HODNOCENI,NA,2025,7160b,Vranov nad Dyjí - škola,15620779,5061825,dobrý,NA,NA,NA,NA,dobrý,chu,NA,0
CZ0624020,Myotis myotis,POP_PRESENCE,ano,"2026, 2014, 2024, 2018, 2023, 2025, 2020, 2015, 2012, 2021",6866a,"Horní štola, NPP Stránská skála, Slatina, Stránská 878, Spodní štola, Stránská, Stránská skála - dolní patro, Stránská skála - dolní štola, Stránská skála - hlavní štola, Stránská skála - hlavní štola (Atomák), Stránská skála - hlavní štoly, Stránská skála - horní patro, Stránská skála - horní patro štol, Stránská skála - horní štola, Stránská skála - štola proti nádraží, Stránská skála 1, Stránská skála odchyt 1, Stránská skála, Hlavní štola, Stránská skála, štola proti nádraží, Trnkova, Brno - Líšeň, spodní patro štol, spodní štola, západní štola","15546562, 9143964, 12802553, 15546563, 10382186, 12242638, 13771827, 12242658, 15620642, 15546564, 12242637, 10997915, 13771826, 15620643, 9629454, 9629457, 9629442, 8521801, 8521802, 12826033, 12826034, 10997914, 11299794, 11299796","12899075, 992047, 9633051, 12899076, 6659158, 8971105, 10808498, 8971125, 7665522, 12899077, 8971104, 7295802, 10808497, 7665523, 5899884, 5899876, 5062296, 5062297, 9665996, 7295801, 7768526, 7768528",ano,val,ano,přítomnost druhu,ano,dobrý,chu,val,0
CZ0624020,Myotis myotis,CELKOVE_HODNOCENI,NA,"2026, 2014, 2024, 2018, 2023, 2025, 2020, 2015, 2012, 2021",6866a,"Horní štola, NPP Stránská skála, Slatina, Stránská 878, Spodní štola, Stránská, Stránská skála - dolní patro, Stránská skála - dolní štola, Stránská skála - hlavní štola, Stránská skála - hlavní štola (Atomák), Stránská skála - hlavní štoly, Stránská skála - horní patro, Stránská skála - horní patro štol, Stránská skála - horní štola, Stránská skála - štola proti nádraží, Stránská skála 1, Stránská skála odchyt 1, Stránská skála, Hlavní štola, Stránská skála, štola proti nádraží, Trnkova, Brno - Líšeň, spodní patro štol, spodní štola, západní štola","15546562, 9143964, 12802553, 15546563, 10382186, 12242638, 13771827, 12242658, 15620642, 15546564, 12242637, 10997915, 13771826, 15620643, 9629454, 9629457, 9629442, 8521801, 8521802, 12826033, 12826034, 10997914, 11299794, 11299796","12899075, 992047, 9633051, 12899076, 6659158, 8971105, 10808498, 8971125, 7665522, 12899077, 8971104, 7295802, 10808497, 7665523, 5899884, 5899876, 5062296, 5062297, 9665996, 7295801, 7768526, 7768528",dobrý,NA,NA,NA,NA,dobrý,chu,NA,0
CZ0624043,Myotis myotis,POP_PRESENCE,ano,"2014, 2012","66,""7165d"", 7165d","NPR Tabulová, Růžový vrch a Kočičí kámen, Tabulová hora 1-3","9143571, 8908987","1004121, 5380711",ano,val,ano,přítomnost druhu,ano,dobrý,chu,val,0
CZ0624043,Myotis myotis,CELKOVE_HODNOCENI,NA,"2014, 2012","66,""7165d"", 7165d","NPR Tabulová, Růžový vrch a Kočičí kámen, Tabulová hora 1-3","9143571, 8908987","1004121, 5380711",dobrý,NA,NA,NA,NA,dobrý,chu,NA,0
CZ0624064,Myotis myotis,POP_PRESENCE,ano,"2012, 2015","96,""6964b"", 6964c","6964, EVL Krumlovský les","9012798, 9822643","1802157, 6077925",ano,val,ano,přítomnost druhu,ano,dobrý,chu,val,0
CZ0624064,Myotis myotis,CELKOVE_HODNOCENI,NA,"2012, 2015","96,""6964b"", 6964c","6964, EVL Krumlovský les","9012798, 9822643","1802157, 6077925",dobrý,NA,NA,NA,NA,dobrý,chu,NA,0
CZ0624065,Myotis myotis,POP_PRESENCE,ano,"2025, 2022, 2021","6664a, 6664b","Květnice - Nová Králova jeskyně, Květnice - Stará Králova jeskyně, Květnice - propast, Květnice - Čtyřpatrová štola, Květnice - štola Královna, Květnice – jeskyně Pod křížem","15620374, 15620373, 12494697, 15620369, 11777382, 12494700","5834895, 5834894, 5068729, 5062301, 5062302, 5834893",ano,val,ano,přítomnost druhu,ano,dobrý,chu,val,0
CZ0624065,Myotis myotis,CELKOVE_HODNOCENI,NA,"2025, 2022, 2021","6664a, 6664b","Květnice - Nová Králova jeskyně, Květnice - Stará Králova jeskyně, Květnice - propast, Květnice - Čtyřpatrová štola, Květnice - štola Královna, Květnice – jeskyně Pod křížem","15620374, 15620373, 12494697, 15620369, 11777382, 12494700","5834895, 5834894, 5068729, 5062301, 5062302, 5834893",dobrý,NA,NA,NA,NA,dobrý,chu,NA,0
CZ0624069,Myotis myotis,POP_PRESENCE,ano,2014,6869a,NPR Strabišov-Oulehla,"9153759, 9153760",5503651,ano,val,ano,přítomnost druhu,ano,dobrý,chu,val,0
CZ0624069,Myotis myotis,CELKOVE_HODNOCENI,NA,2014,6869a,NPR Strabišov-Oulehla,"9153759, 9153760",5503651,dobrý,NA,NA,NA,NA,dobrý,chu,NA,0
CZ0624070,Myotis myotis,POP_PRESENCE,ano,"2012, 2013, 2015","96,""7168a"", 45,""7168b"", 7168b","7168, EVL Hodonínská doubrava, Hodonínská doubrava","9012839, 9153908, 9630455","1776812, 5387913, 5900291",ano,val,ano,přítomnost druhu,ano,dobrý,chu,val,0
CZ0624070,Myotis myotis,CELKOVE_HODNOCENI,NA,"2012, 2013, 2015","96,""7168a"", 45,""7168b"", 7168b","7168, EVL Hodonínská doubrava, Hodonínská doubrava","9012839, 9153908, 9630455","1776812, 5387913, 5900291",dobrý,NA,NA,NA,NA,dobrý,chu,NA,0
CZ0624072,Myotis myotis,POP_PRESENCE,ano,2012,"96,""7170d""",7170,9012841,1011325,ano,val,ano,přítomnost druhu,ano,dobrý,chu,val,0
CZ0624072,Myotis myotis,CELKOVE_HODNOCENI,NA,2012,"96,""7170d""",7170,9012841,1011325,dobrý,NA,NA,NA,NA,dobrý,chu,NA,0
CZ0624095,Myotis myotis,POP_PRESENCE,ano,"2012, 2025, 2023","96,""7060c"", 7060c","7060, Bítov, Cornštejn - sklepy hradu","9012814, 15620841, 12956859","1850277, 5379137, 5061824",ano,val,ano,přítomnost druhu,ano,dobrý,chu,val,0
CZ0624095,Myotis myotis,CELKOVE_HODNOCENI,NA,"2012, 2025, 2023","96,""7060c"", 7060c","7060, Bítov, Cornštejn - sklepy hradu","9012814, 15620841, 12956859","1850277, 5379137, 5061824",dobrý,NA,NA,NA,NA,dobrý,chu,NA,0
CZ0624096,Myotis myotis,POP_PRESENCE,ano,"2012, 2023, 2020, 2019, 2025, 2015, 2017, 2022, 2014","96,""7161b"", 7161d, 7161c, 7161a, 7160b","7161, Devět mlýnů - sklepy, Faltýskův mlýn - sklep, Havraníky - Baštův mlýn, Ledové sluje, NP Podyjí, Podmolí (okr. Znojmo), ca 3,6 km JJV od kostela v obci, monitorovací, Novohrádecký mlýn - sklep, Nový Hrádek - sklepy, Vranov nad Dyjí - zámek, Znojmo","9012832, 12956882, 11290378, 10623111, 15620462, 10144714, 10144715, 10087421, 12956875, 12494725, 10080536","1809665, 5067545, 5061827, 6922533, 5061830, 6376938, 5069784, 5061829, 5067544, 6323115",ano,val,ano,přítomnost druhu,ano,dobrý,chu,val,0
CZ0624096,Myotis myotis,CELKOVE_HODNOCENI,NA,"2012, 2023, 2020, 2019, 2025, 2015, 2017, 2022, 2014","96,""7161b"", 7161d, 7161c, 7161a, 7160b","7161, Devět mlýnů - sklepy, Faltýskův mlýn - sklep, Havraníky - Baštův mlýn, Ledové sluje, NP Podyjí, Podmolí (okr. Znojmo), ca 3,6 km JJV od kostela v obci, monitorovací, Novohrádecký mlýn - sklep, Nový Hrádek - sklepy, Vranov nad Dyjí - zámek, Znojmo","9012832, 12956882, 11290378, 10623111, 15620462, 10144714, 10144715, 10087421, 12956875, 12494725, 10080536","1809665, 5067545, 5061827, 6922533, 5061830, 6376938, 5069784, 5061829, 5067544, 6323115",dobrý,NA,NA,NA,NA,dobrý,chu,NA,0
CZ0624098,Myotis myotis,POP_PRESENCE,ano,2020,7165d,Na Turoldu - jeskyně,11290304,5061820,ano,val,ano,přítomnost druhu,ano,dobrý,chu,val,0
CZ0624098,Myotis myotis,CELKOVE_HODNOCENI,NA,2020,7165d,Na Turoldu - jeskyně,11290304,5061820,dobrý,NA,NA,NA,NA,dobrý,chu,NA,0
CZ0624099,Myotis myotis,POP_PRESENCE,ano,"2012, 2015","96,""7166a"", 7267a, 7166a","7166, Dolní Morava, Kančí obora, Dolní Morava, NPR Křivé jezero","9012837, 9545281, 9545283, 9545284, 9545292","1809925, 5834930, 5834936",ano,val,ano,přítomnost druhu,ano,dobrý,chu,val,0
CZ0624099,Myotis myotis,CELKOVE_HODNOCENI,NA,"2012, 2015","96,""7166a"", 7267a, 7166a","7166, Dolní Morava, Kančí obora, Dolní Morava, NPR Křivé jezero","9012837, 9545281, 9545283, 9545284, 9545292","1809925, 5834930, 5834936",dobrý,NA,NA,NA,NA,dobrý,chu,NA,0
CZ0624100,Myotis myotis,POP_PRESENCE,ano,2015,7166c,EVL Milovický les,9822645,6077928,ano,val,ano,přítomnost druhu,ano,dobrý,chu,val,0
CZ0624100,Myotis myotis,CELKOVE_HODNOCENI,NA,2015,7166c,EVL Milovický les,9822645,6077928,dobrý,NA,NA,NA,NA,dobrý,chu,NA,0
CZ0624104,Myotis myotis,POP_PRESENCE,ano,"2015, 2012, 2014",7165b,"Děvín 1-3, Klentnice, Soutěska, NPR Děvín-Kotel-Soutěska, Soutěska 1-3","9649196, 8907423, 9143576, 9649147, 9649252","5380713, 1802795, 1001587, 5380708",ano,val,ano,přítomnost druhu,ano,dobrý,chu,val,0
CZ0624104,Myotis myotis,CELKOVE_HODNOCENI,NA,"2015, 2012, 2014",7165b,"Děvín 1-3, Klentnice, Soutěska, NPR Děvín-Kotel-Soutěska, Soutěska 1-3","9649196, 8907423, 9143576, 9649147, 9649252","5380713, 1802795, 1001587, 5380708",dobrý,NA,NA,NA,NA,dobrý,chu,NA,0
CZ0624106,Myotis myotis,POP_PRESENCE,ano,"2015, 2014","7162b, 7062d","Tvořihráz 1, Tvořihráz 3, Tvořihráz 4","9535783, 9535767, 9629048","5827386, 5827361, 5899691",ano,val,ano,přítomnost druhu,ano,dobrý,chu,val,0
CZ0624106,Myotis myotis,CELKOVE_HODNOCENI,NA,"2015, 2014","7162b, 7062d","Tvořihráz 1, Tvořihráz 3, Tvořihráz 4","9535783, 9535767, 9629048","5827386, 5827361, 5899691",dobrý,NA,NA,NA,NA,dobrý,chu,NA,0
CZ0624119,Myotis myotis,POP_PRESENCE,ano,"2012, 2015","96,""7267c"", 7367b","7267, NPR Ranšpurk","9012852, 10144718","1722079, 6376942",ano,val,ano,přítomnost druhu,ano,dobrý,chu,val,0
CZ0624119,Myotis myotis,CELKOVE_HODNOCENI,NA,"2012, 2015","96,""7267c"", 7367b","7267, NPR Ranšpurk","9012852, 10144718","1722079, 6376942",dobrý,NA,NA,NA,NA,dobrý,chu,NA,0
CZ0624130,Myotis myotis,POP_PRESENCE,ano,"2021, 2012, 2018, 2025, 2023, 2017, 2020, 2019, 2024, 2022, 2026, 2016, 2014, 2015","6666c, 96,""6666a"", 96,""6766a"", 6766a, 6666b, 6666a, 31,""6666c"", 6566d, 6766c, 6766d, 6566c","37445, Habrůvka, 6666, 6766, Babická jeskyně, Balcarka, Balcarka - muzeum, Balcarka Muzeum a okolí, Barová jeskyně, Bertalánka, Býčí skála, Býčí skála - mimo monitoring, Býčí skála - transekt, Býčí skála - štola 1, Býčí skála - štola 2, Býčí skála, mimo základní monitoring, Cikánská jeskyně, Císařská jeskyně, Drobná jeskyně, Erichova jeskyně, Habrůvka, Habrůvka, 37445, Holštejn, Holštejnská jeskyně, Jeskyně Balcarka, Jeskyně Lidomorna, Jeskyně Mastný flek, Jeskyně Nad Švýcárnou, Jeskyně Netopýrka, Ochoz u Brna, Jestřábka, Josefov, Josefovské údolí - štola č. 2, Josefovské údolí - štola č. 4, Jáchymka, Jáchymka, Adamov - Adamov, Jáchymka, Babice nad Svitavou, Kalova jeskyně, Kalovy jeskyně, Kalovy propasti, Kalová díra, Kanibalka, Kanice, Kateřinská jeskyně, Komínová jeskyně, Korálový závrt, Kostelík, Habrůvka, Koudelkova propast, Koudelkova propast I, Koňská jáma, Králova jeskyně, Lidomorna, Lipovecká ventarola, Lipovecká ventarola, Jiná dimenze, Jeskyně pravěkých symbolů, Maiselův závrt, Malá Dratenická jeskyně, Malčina jeskyně, Mariánská jeskyně, Meiselův závrt, Málčina jeskyně, NPR Hádecká planina, Netopýrka - jeskyně, Novoroční jeskyně, Nová Drátenická jeskyně, Nová Rasovna, Nová Rasovna - jeskyně, Ochoz u Brna, Ochozská jeskyně, Ochozská jeskyně - Labyrint, Ochozská jeskyně - Stará Ochozská, Ostrov u Macochy, Ostrov u Macochy 67, Pekárna, Pekárna - jeskyně, Podhradní ponor, Propast U obrázku, Propástka u Verunčiny jeskyně, Punkevní jeskyně, Punkevní jeskyně - chodba, Punkevní jeskyně - chodba a Macocha, Punkevní jeskyně - chodby, Punkevní jeskyně - tunel, Punkevní jeskyně - tunelová chodba, Punkevní údolí - transekt, Pustožlebská zazděná, Pustožlebská zazděná jeskyně, Pustý žleb - odvodňovací štola, Pustý žleb - transekt, Pustý žleb, Suchdol, Rudice, Rudické propadání, Rudoleckého propast, Sadová, Adamov, Sloup, Sloup - Staré skály, Sloup - před dveřmi jeskyně, Sloup, Staré skály, Sloupsko šošůvské jeskyně, Sloupsko-šošůvské jeskyně, Sloupsko-šošůvské jeskyně - Staré skály a Černá propast, Sloupsko-šošůvské jeskyně - ponor, levá strana, Sloupsko-šošůvské jeskyně - ponory, Sloupsko-šošůvské jeskyně - před vchodem, Sloupsko-šošůvské jeskyně - Černá propast, Sloupsko-šošůvské jeskyně, před vchodem, Sloupská jeskyně, Sloupské jeskyně, Sonda pod Jedničkou, Stará Dratenická - propad, Stará Drátenická, Stará Drátenická jeskyně, Staré skály, Suchdol, Suchdol v Moravském krasu, Suchdol v Moravském krasu - jeskyně Sedmnáctka, Suchožlebská zazděná jeskyně, Suchý žleb - transekt, Umrlčí jeskyně, V Habříčku, Vandrácká jeskyně, Vavřinec, Silnice bez názvu, Vavřinecké paleoponory, Vilémovice u Macochy, Výpustek, Větrná propast, chodba Punkvy u přístavu - bez vody, chodba Punkvy z Macochy - bez vody, chodba a Staré skály, jeskyne Lidomorna, jeskyně Balcarka, jeskyně Balcarka (bez muzea), jeskyně Balcarka - muzeum, jeskyně Bertalánka, jeskyně Býčí skála, jeskyně Dagmar, jeskyně Dolina překvapení, jeskyně Hladomorna, jeskyně Horní v Chobotu, jeskyně Jestřábka, jeskyně Jáchymka, jeskyně Kanibalka, jeskyně Komínová, jeskyně Kostelík, jeskyně Koňská jáma, jeskyně Kravská díra, jeskyně Kůlna, jeskyně Lidomorna, jeskyně Malý lesík, jeskyně Mariánská, jeskyně Mastný flek, jeskyně Michalka, jeskyně Michálka, jeskyně Nad Švýcárnou, jeskyně Netopýrka, jeskyně Nová Dimenze, jeskyně Nová Dratenická, jeskyně Nová Drátenická, jeskyně Nová Rasovna, jeskyně Osmnáctka, jeskyně Pekárna, jeskyně Piková dáma, jeskyně Pod lipami, jeskyně Pravěkých symbolů, jeskyně Pustožlebská zazděná, jeskyně Sedmnáctka, jeskyně Silvestrovka, jeskyně Sonda pod Jedničkou, jeskyně Stará Dratenická, jeskyně Stará Drátenická, jeskyně Stará drátenická, jeskyně Stará drátenická - propadání, jeskyně Suchožlebská zazděná, jeskyně U tří síní, jeskyně V Buči, jeskyně V Habříčku, jeskyně V Panském klínku, jeskyně Vavřinecké paleoponory, jeskyně Výpustek, jeskyně Řečiště, portál jeskyně Býčí skála, stěna 64, Úmrlčí jeskyně, Černá propast, Šachta za Evropou a Indií, štola 1, štola 2, štola Nad Švýcárnou (4), štola Za Švýcárnou, štola za Švýcarnou, štola za Švýcárnou, štola č. 1, štola č. 2, štola č. 4, Žitného","11289352, 11289353, 9012591, 9012614, 10402006, 15620529, 12242662, 15620537, 9808741, 15620592, 13821962, 15620644, 11731847, 10863580, 10863582, 10863763, 10863764, 12824303, 12824305, 11731415, 13145968, 13749727, 15620556, 12069325, 13749722, 15620555, 12481891, 12481879, 10540169, 10600203, 15571664, 9663965, 10540154, 12957305, 15620709, 15506139, 15620649, 13454167, 10402009, 10402008, 15620658, 15245016, 15509262, 11289351, 15620530, 12804529, 15569206, 9809122, 15620650, 13115553, 13749726, 15620557, 12956930, 12481248, 11289354, 13749715, 15620593, 11081474, 15569200, 15569205, 14092772, 15620501, 13446406, 15530863, 11757266, 12824300, 13771830, 13446405, 14036441, 15620646, 13455221, 15620639, 9143595, 15620638, 10122953, 15620647, 15571666, 15620492, 13820234, 12243745, 9807986, 15620636, 9790921, 13454168, 13454169, 11024708, 15620637, 11736617, 11081476, 13819554, 13731550, 11751207, 13749721, 12242659, 11731843, 12804521, 10540210, 12042278, 15620536, 10542332, 10540209, 13749717, 9649140, 13456820, 15620463, 14087721, 11289349, 11731411, 13083967, 15613390, 15613391, 10864508, 10864507, 13749725, 15620554, 11751210, 11731845, 13749723, 13749724, 12817568, 13145965, 11453128, 10856645, 11079419, 14036443, 11079418, 15620645, 13138901, 13145966, 9649139, 9790922, 8198403, 15620531, 10540204, 10540205, 15555242, 14087720, 11310580, 11759178, 11757287, 9381068, 15620648, 12064051, 13777538, 13777540, 11310240, 10997923, 15571661, 13749719, 13749720, 13749714, 12249191, 11758946, 14076767, 9809121, 12968041, 14036445, 13451311, 13777539, 15466447, 15476423, 14036444, 15569201, 15584843, 13731547, 10148070, 15571663, 15571665, 12826044, 12249195, 13749716, 11739047, 12241973, 12249116, 13771828, 13082887, 13082889, 14036442, 12249149, 12249194, 13456821, 13820232, 15546561, 13451929, 11284430, 13082886, 13082888, 15571662, 13820709, 15620710, 11747014, 12247318, 13776888, 12967732, 9809637, 9809635, 15569204, 11258811, 12502069, 14036446, 12037848, 11258812, 13456569, 13776887, 15468234, 9796873, 12075107, 12237885, 12839960, 11311710, 12241188, 11731414, 11731413, 11731412, 12824307, 15613386, 13776886, 12249118, 12249119, 12242633, 11081480","7664523, 1286646, 1286649, 6673422, 5063522, 8971129, 8329146, 6063443, 5063516, 10848721, 8253444, 7323593, 9660907, 9660909, 8252705, 10252663, 10784908, 8788924, 10784903, 9211963, 9211951, 6829222, 12920660, 5928844, 6829166, 9874637, 8329139, 12846218, 5063535, 10691771, 6673426, 6673423, 8329133, 12580936, 7664522, 5063523, 9635888, 12916712, 6063948, 5063536, 10204415, 10784907, 5063526, 9209778, 7664525, 10784896, 7382834, 12916706, 12916711, 11151669, 10681126, 12878583, 8285950, 9660904, 10808501, 10681125, 10692511, 5062311, 7598741, 5062310, 6339084, 5063533, 12920662, 5063520, 10844586, 8976662, 5069776, 5062308, 6049231, 10691772, 7315907, 5062309, 8262720, 7382843, 10842023, 10768648, 8281460, 10784902, 8971126, 8253440, 9635880, 6829256, 8751516, 8329143, 6830855, 6829255, 10784898, 5380888, 10695804, 11142711, 7664520, 10138019, 12975776, 12975777, 7179535, 7179534, 10784906, 8281463, 8253442, 10784904, 10784905, 9649628, 10252660, 7835056, 7170363, 7379364, 11072205, 7379363, 5063531, 10244539, 5380884, 6049233, 4977478, 5063524, 6829253, 12907406, 11142710, 7781012, 8289329, 8285971, 5674908, 5063534, 8784123, 10817230, 10817232, 7780358, 7295810, 12920657, 10784900, 10784901, 10784895, 8992167, 8288663, 11125583, 6063947, 9901682, 11072207, 10686915, 11072206, 12916707, 12936186, 10768645, 6379542, 12920659, 12920661, 9666007, 8992171, 10784897, 8267003, 8968189, 8992092, 10808499, 10134707, 11072204, 8992125, 10695805, 10844584, 12899074, 10688883, 7660172, 10134706, 12920658, 10845566, 8275738, 8986488, 10815555, 9900677, 6064697, 6064696, 12916710, 7632479, 9257356, 11072208, 8739802, 7632480, 10695201, 6054588, 8795214, 8960558, 9695504, 7784213, 8967054, 8252704, 8252703, 8252702, 9660911, 12975772, 10815553, 8992094, 8992095, 8971100, 7382848",ano,val,ano,přítomnost druhu,ano,dobrý,chu,val,0
CZ0624130,Myotis myotis,CELKOVE_HODNOCENI,NA,"2021, 2012, 2018, 2025, 2023, 2017, 2020, 2019, 2024, 2022, 2026, 2016, 2014, 2015","6666c, 96,""6666a"", 96,""6766a"", 6766a, 6666b, 6666a, 31,""6666c"", 6566d, 6766c, 6766d, 6566c","37445, Habrůvka, 6666, 6766, Babická jeskyně, Balcarka, Balcarka - muzeum, Balcarka Muzeum a okolí, Barová jeskyně, Bertalánka, Býčí skála, Býčí skála - mimo monitoring, Býčí skála - transekt, Býčí skála - štola 1, Býčí skála - štola 2, Býčí skála, mimo základní monitoring, Cikánská jeskyně, Císařská jeskyně, Drobná jeskyně, Erichova jeskyně, Habrůvka, Habrůvka, 37445, Holštejn, Holštejnská jeskyně, Jeskyně Balcarka, Jeskyně Lidomorna, Jeskyně Mastný flek, Jeskyně Nad Švýcárnou, Jeskyně Netopýrka, Ochoz u Brna, Jestřábka, Josefov, Josefovské údolí - štola č. 2, Josefovské údolí - štola č. 4, Jáchymka, Jáchymka, Adamov - Adamov, Jáchymka, Babice nad Svitavou, Kalova jeskyně, Kalovy jeskyně, Kalovy propasti, Kalová díra, Kanibalka, Kanice, Kateřinská jeskyně, Komínová jeskyně, Korálový závrt, Kostelík, Habrůvka, Koudelkova propast, Koudelkova propast I, Koňská jáma, Králova jeskyně, Lidomorna, Lipovecká ventarola, Lipovecká ventarola, Jiná dimenze, Jeskyně pravěkých symbolů, Maiselův závrt, Malá Dratenická jeskyně, Malčina jeskyně, Mariánská jeskyně, Meiselův závrt, Málčina jeskyně, NPR Hádecká planina, Netopýrka - jeskyně, Novoroční jeskyně, Nová Drátenická jeskyně, Nová Rasovna, Nová Rasovna - jeskyně, Ochoz u Brna, Ochozská jeskyně, Ochozská jeskyně - Labyrint, Ochozská jeskyně - Stará Ochozská, Ostrov u Macochy, Ostrov u Macochy 67, Pekárna, Pekárna - jeskyně, Podhradní ponor, Propast U obrázku, Propástka u Verunčiny jeskyně, Punkevní jeskyně, Punkevní jeskyně - chodba, Punkevní jeskyně - chodba a Macocha, Punkevní jeskyně - chodby, Punkevní jeskyně - tunel, Punkevní jeskyně - tunelová chodba, Punkevní údolí - transekt, Pustožlebská zazděná, Pustožlebská zazděná jeskyně, Pustý žleb - odvodňovací štola, Pustý žleb - transekt, Pustý žleb, Suchdol, Rudice, Rudické propadání, Rudoleckého propast, Sadová, Adamov, Sloup, Sloup - Staré skály, Sloup - před dveřmi jeskyně, Sloup, Staré skály, Sloupsko šošůvské jeskyně, Sloupsko-šošůvské jeskyně, Sloupsko-šošůvské jeskyně - Staré skály a Černá propast, Sloupsko-šošůvské jeskyně - ponor, levá strana, Sloupsko-šošůvské jeskyně - ponory, Sloupsko-šošůvské jeskyně - před vchodem, Sloupsko-šošůvské jeskyně - Černá propast, Sloupsko-šošůvské jeskyně, před vchodem, Sloupská jeskyně, Sloupské jeskyně, Sonda pod Jedničkou, Stará Dratenická - propad, Stará Drátenická, Stará Drátenická jeskyně, Staré skály, Suchdol, Suchdol v Moravském krasu, Suchdol v Moravském krasu - jeskyně Sedmnáctka, Suchožlebská zazděná jeskyně, Suchý žleb - transekt, Umrlčí jeskyně, V Habříčku, Vandrácká jeskyně, Vavřinec, Silnice bez názvu, Vavřinecké paleoponory, Vilémovice u Macochy, Výpustek, Větrná propast, chodba Punkvy u přístavu - bez vody, chodba Punkvy z Macochy - bez vody, chodba a Staré skály, jeskyne Lidomorna, jeskyně Balcarka, jeskyně Balcarka (bez muzea), jeskyně Balcarka - muzeum, jeskyně Bertalánka, jeskyně Býčí skála, jeskyně Dagmar, jeskyně Dolina překvapení, jeskyně Hladomorna, jeskyně Horní v Chobotu, jeskyně Jestřábka, jeskyně Jáchymka, jeskyně Kanibalka, jeskyně Komínová, jeskyně Kostelík, jeskyně Koňská jáma, jeskyně Kravská díra, jeskyně Kůlna, jeskyně Lidomorna, jeskyně Malý lesík, jeskyně Mariánská, jeskyně Mastný flek, jeskyně Michalka, jeskyně Michálka, jeskyně Nad Švýcárnou, jeskyně Netopýrka, jeskyně Nová Dimenze, jeskyně Nová Dratenická, jeskyně Nová Drátenická, jeskyně Nová Rasovna, jeskyně Osmnáctka, jeskyně Pekárna, jeskyně Piková dáma, jeskyně Pod lipami, jeskyně Pravěkých symbolů, jeskyně Pustožlebská zazděná, jeskyně Sedmnáctka, jeskyně Silvestrovka, jeskyně Sonda pod Jedničkou, jeskyně Stará Dratenická, jeskyně Stará Drátenická, jeskyně Stará drátenická, jeskyně Stará drátenická - propadání, jeskyně Suchožlebská zazděná, jeskyně U tří síní, jeskyně V Buči, jeskyně V Habříčku, jeskyně V Panském klínku, jeskyně Vavřinecké paleoponory, jeskyně Výpustek, jeskyně Řečiště, portál jeskyně Býčí skála, stěna 64, Úmrlčí jeskyně, Černá propast, Šachta za Evropou a Indií, štola 1, štola 2, štola Nad Švýcárnou (4), štola Za Švýcárnou, štola za Švýcarnou, štola za Švýcárnou, štola č. 1, štola č. 2, štola č. 4, Žitného","11289352, 11289353, 9012591, 9012614, 10402006, 15620529, 12242662, 15620537, 9808741, 15620592, 13821962, 15620644, 11731847, 10863580, 10863582, 10863763, 10863764, 12824303, 12824305, 11731415, 13145968, 13749727, 15620556, 12069325, 13749722, 15620555, 12481891, 12481879, 10540169, 10600203, 15571664, 9663965, 10540154, 12957305, 15620709, 15506139, 15620649, 13454167, 10402009, 10402008, 15620658, 15245016, 15509262, 11289351, 15620530, 12804529, 15569206, 9809122, 15620650, 13115553, 13749726, 15620557, 12956930, 12481248, 11289354, 13749715, 15620593, 11081474, 15569200, 15569205, 14092772, 15620501, 13446406, 15530863, 11757266, 12824300, 13771830, 13446405, 14036441, 15620646, 13455221, 15620639, 9143595, 15620638, 10122953, 15620647, 15571666, 15620492, 13820234, 12243745, 9807986, 15620636, 9790921, 13454168, 13454169, 11024708, 15620637, 11736617, 11081476, 13819554, 13731550, 11751207, 13749721, 12242659, 11731843, 12804521, 10540210, 12042278, 15620536, 10542332, 10540209, 13749717, 9649140, 13456820, 15620463, 14087721, 11289349, 11731411, 13083967, 15613390, 15613391, 10864508, 10864507, 13749725, 15620554, 11751210, 11731845, 13749723, 13749724, 12817568, 13145965, 11453128, 10856645, 11079419, 14036443, 11079418, 15620645, 13138901, 13145966, 9649139, 9790922, 8198403, 15620531, 10540204, 10540205, 15555242, 14087720, 11310580, 11759178, 11757287, 9381068, 15620648, 12064051, 13777538, 13777540, 11310240, 10997923, 15571661, 13749719, 13749720, 13749714, 12249191, 11758946, 14076767, 9809121, 12968041, 14036445, 13451311, 13777539, 15466447, 15476423, 14036444, 15569201, 15584843, 13731547, 10148070, 15571663, 15571665, 12826044, 12249195, 13749716, 11739047, 12241973, 12249116, 13771828, 13082887, 13082889, 14036442, 12249149, 12249194, 13456821, 13820232, 15546561, 13451929, 11284430, 13082886, 13082888, 15571662, 13820709, 15620710, 11747014, 12247318, 13776888, 12967732, 9809637, 9809635, 15569204, 11258811, 12502069, 14036446, 12037848, 11258812, 13456569, 13776887, 15468234, 9796873, 12075107, 12237885, 12839960, 11311710, 12241188, 11731414, 11731413, 11731412, 12824307, 15613386, 13776886, 12249118, 12249119, 12242633, 11081480","7664523, 1286646, 1286649, 6673422, 5063522, 8971129, 8329146, 6063443, 5063516, 10848721, 8253444, 7323593, 9660907, 9660909, 8252705, 10252663, 10784908, 8788924, 10784903, 9211963, 9211951, 6829222, 12920660, 5928844, 6829166, 9874637, 8329139, 12846218, 5063535, 10691771, 6673426, 6673423, 8329133, 12580936, 7664522, 5063523, 9635888, 12916712, 6063948, 5063536, 10204415, 10784907, 5063526, 9209778, 7664525, 10784896, 7382834, 12916706, 12916711, 11151669, 10681126, 12878583, 8285950, 9660904, 10808501, 10681125, 10692511, 5062311, 7598741, 5062310, 6339084, 5063533, 12920662, 5063520, 10844586, 8976662, 5069776, 5062308, 6049231, 10691772, 7315907, 5062309, 8262720, 7382843, 10842023, 10768648, 8281460, 10784902, 8971126, 8253440, 9635880, 6829256, 8751516, 8329143, 6830855, 6829255, 10784898, 5380888, 10695804, 11142711, 7664520, 10138019, 12975776, 12975777, 7179535, 7179534, 10784906, 8281463, 8253442, 10784904, 10784905, 9649628, 10252660, 7835056, 7170363, 7379364, 11072205, 7379363, 5063531, 10244539, 5380884, 6049233, 4977478, 5063524, 6829253, 12907406, 11142710, 7781012, 8289329, 8285971, 5674908, 5063534, 8784123, 10817230, 10817232, 7780358, 7295810, 12920657, 10784900, 10784901, 10784895, 8992167, 8288663, 11125583, 6063947, 9901682, 11072207, 10686915, 11072206, 12916707, 12936186, 10768645, 6379542, 12920659, 12920661, 9666007, 8992171, 10784897, 8267003, 8968189, 8992092, 10808499, 10134707, 11072204, 8992125, 10695805, 10844584, 12899074, 10688883, 7660172, 10134706, 12920658, 10845566, 8275738, 8986488, 10815555, 9900677, 6064697, 6064696, 12916710, 7632479, 9257356, 11072208, 8739802, 7632480, 10695201, 6054588, 8795214, 8960558, 9695504, 7784213, 8967054, 8252704, 8252703, 8252702, 9660911, 12975772, 10815553, 8992094, 8992095, 8971100, 7382848",dobrý,NA,NA,NA,NA,dobrý,chu,NA,0
CZ0712186,Myotis myotis,POP_PRESENCE,ano,2014,6569a,NPP Hrdibořické rybníky,"9153690, 9153691",5503583,ano,val,ano,přítomnost druhu,ano,dobrý,chu,val,0
CZ0712186,Myotis myotis,CELKOVE_HODNOCENI,NA,2014,6569a,NPP Hrdibořické rybníky,"9153690, 9153691",5503583,dobrý,NA,NA,NA,NA,dobrý,chu,NA,0
CZ0713004,Myotis myotis,POP_PRESENCE,ano,2015,5968c,Račinka - most v parku,9827208,6083186,ano,val,ano,přítomnost druhu,ano,dobrý,chu,val,0
CZ0713004,Myotis myotis,CELKOVE_HODNOCENI,NA,2015,5968c,Račinka - most v parku,9827208,6083186,dobrý,NA,NA,NA,NA,dobrý,chu,NA,0
CZ0713385,Myotis myotis,POP_PRESENCE,ano,2015,5769b,Písečná - mokřad,9827173,6083140,ano,val,ano,přítomnost druhu,ano,dobrý,chu,val,0
CZ0713385,Myotis myotis,CELKOVE_HODNOCENI,NA,2015,5769b,Písečná - mokřad,9827173,6083140,dobrý,NA,NA,NA,NA,dobrý,chu,NA,0
CZ0713398,Myotis myotis,POP_PRESENCE,ano,2015,5770a,Zlaté Hory - Zlaté jezero,9827150,6083073,ano,val,ano,přítomnost druhu,ano,dobrý,chu,val,0
CZ0713398,Myotis myotis,CELKOVE_HODNOCENI,NA,2015,5770a,Zlaté Hory - Zlaté jezero,9827150,6083073,dobrý,NA,NA,NA,NA,dobrý,chu,NA,0
CZ0713526,Myotis myotis,POP_PRESENCE,ano,2022,6370b,EVL Velká Střelná - štoly,"11918566, 11918567",5938410,ano,val,ano,přítomnost druhu,ano,dobrý,chu,val,0
CZ0713526,Myotis myotis,CELKOVE_HODNOCENI,NA,2022,6370b,EVL Velká Střelná - štoly,"11918566, 11918567",5938410,dobrý,NA,NA,NA,NA,dobrý,chu,NA,0
CZ0713720,Myotis myotis,POP_PRESENCE,ano,2021,6267d,Bílá Lhota - kostel - půda,11777858,5917209,ano,val,ano,přítomnost druhu,ano,dobrý,chu,val,0
CZ0713720,Myotis myotis,CELKOVE_HODNOCENI,NA,2021,6267d,Bílá Lhota - kostel - půda,11777858,5917209,dobrý,NA,NA,NA,NA,dobrý,chu,NA,0
CZ0713723,Myotis myotis,POP_PRESENCE,ano,2021,6468c,Čechy pod Kosířem - zámek,11777273,5063593,ano,val,ano,přítomnost druhu,ano,dobrý,chu,val,0
CZ0713723,Myotis myotis,CELKOVE_HODNOCENI,NA,2021,6468c,Čechy pod Kosířem - zámek,11777273,5063593,dobrý,NA,NA,NA,NA,dobrý,chu,NA,0
CZ0713730,Myotis myotis,POP_PRESENCE,ano,2025,5769b,Jeskyně Na Špičáku,14862462,5517882,ano,val,ano,přítomnost druhu,ano,dobrý,chu,val,0
CZ0713730,Myotis myotis,CELKOVE_HODNOCENI,NA,2025,5769b,Jeskyně Na Špičáku,14862462,5517882,dobrý,NA,NA,NA,NA,dobrý,chu,NA,0
CZ0713739,Myotis myotis,POP_PRESENCE,ano,2021,6067a,Ruda nad Moravou,11777870,5378117,ano,val,ano,přítomnost druhu,ano,dobrý,chu,val,0
CZ0713739,Myotis myotis,CELKOVE_HODNOCENI,NA,2021,6067a,Ruda nad Moravou,11777870,5378117,dobrý,NA,NA,NA,NA,dobrý,chu,NA,0
CZ0713740,Myotis myotis,POP_PRESENCE,ano,2021,5968c,"Sobotín - Diakonie, půda budovy II.",11777888,5917323,ano,val,ano,přítomnost druhu,ano,dobrý,chu,val,0
CZ0713740,Myotis myotis,CELKOVE_HODNOCENI,NA,2021,5968c,"Sobotín - Diakonie, půda budovy II.",11777888,5917323,dobrý,NA,NA,NA,NA,dobrý,chu,NA,0
CZ0713741,Myotis myotis,POP_PRESENCE,ano,2022,6372c,Soudkova štola,11918352,8518981,ano,val,ano,přítomnost druhu,ano,dobrý,chu,val,0
CZ0713741,Myotis myotis,CELKOVE_HODNOCENI,NA,2022,6372c,Soudkova štola,11918352,8518981,dobrý,NA,NA,NA,NA,dobrý,chu,NA,0
CZ0713742,Myotis myotis,POP_PRESENCE,ano,"2025, 2022, 2024",5770c,"Důl Weltkriestolle I, Marie Pomocná II - štola, Marie Pomocná III - štola","15620623, 12494776, 14118854","5067787, 5062006, 5062007",ano,val,ano,přítomnost druhu,ano,dobrý,chu,val,0
CZ0713742,Myotis myotis,CELKOVE_HODNOCENI,NA,"2025, 2022, 2024",5770c,"Důl Weltkriestolle I, Marie Pomocná II - štola, Marie Pomocná III - štola","15620623, 12494776, 14118854","5067787, 5062006, 5062007",dobrý,NA,NA,NA,NA,dobrý,chu,NA,0
CZ0713743,Myotis myotis,POP_PRESENCE,ano,"2021, 2022",5967c,"Mařka - štola, štola Mařka","11777241, 11919361","5059432, 8521963",ano,val,ano,přítomnost druhu,ano,dobrý,chu,val,0
CZ0713743,Myotis myotis,CELKOVE_HODNOCENI,NA,"2021, 2022",5967c,"Mařka - štola, štola Mařka","11777241, 11919361","5059432, 8521963",dobrý,NA,NA,NA,NA,dobrý,chu,NA,0
CZ0713746,Myotis myotis,POP_PRESENCE,ano,2021,6471c,"Veselíčko - zámek, půda",11777651,5917346,ano,val,ano,přítomnost druhu,ano,dobrý,chu,val,0
CZ0713746,Myotis myotis,CELKOVE_HODNOCENI,NA,2021,6471c,"Veselíčko - zámek, půda",11777651,5917346,dobrý,NA,NA,NA,NA,dobrý,chu,NA,0
CZ0714073,Myotis myotis,POP_PRESENCE,ano,"2012, 2020, 2015, 2021, 2022, 2023, 2014, 2019","96,""6267d"", 96,""6268c"", 96,""6369c"", 6369c, 6268c, 6267d, 01,""6368b"", 6369a, 6267b, 6268a, 2,""6268c""","6267, 6268, 6369, Chomoutov, Litovelské Pomoraví, PR Hejtmanka, Mladeč, NPR Vrapač, Mladeč, NPR Vrapač, V okraj, Mladeč, PP Pod Templem, S okraj, Mladeč, PP Pod Templem, louka J, Mladeč, PP Třesín, jeskyně Podkova, Mladeč, PR Hejtmanka, Mladeč, PR Hejtmanka, JZ okraj, Mladeč, PR Hejtmanka, cesta J, Mladeč, PR Hejtmanka, cesta střed, NPP Třesín, Podkova, NPP Třesín, jeskyně Ve štole, NPR Ramena řeky Moravy, PP Kurfürstovo rameno, PP Častava, PR Doubrava, transekt 1, PR Kačení louka, Moravičany, JZ, PR Panenský les, PR U Spálené, Králová, JZ okraj, Podkova - jeskyně, Třesín, Třesín – štola, Vrapač, Řimice, Za mlýnem","9012352, 9012353, 9012379, 11280701, 9545266, 9545267, 11473640, 11504708, 11605078, 11715857, 11715842, 12051180, 12051153, 12051183, 12754086, 11473643, 11492763, 11605080, 11504709, 12050752, 12051136, 11917084, 11918346, 9153775, 11280700, 11276990, 10754181, 11205433, 11953528, 11234465, 12956843, 9649157, 9649216, 12957304, 9649150, 9649214, 9649154","1802174, 1810331, 1810333, 7655350, 5834921, 7877857, 8232558, 8763001, 8762984, 9570152, 7877883, 8239483, 8762362, 8762960, 8517054, 8518838, 5503662, 7650674, 7650925, 7071882, 7556483, 8202559, 7596184, 5063585, 5384366, 9874636, 5384358, 5384354",ano,val,ano,přítomnost druhu,ano,dobrý,chu,val,0
CZ0714073,Myotis myotis,CELKOVE_HODNOCENI,NA,"2012, 2020, 2015, 2021, 2022, 2023, 2014, 2019","96,""6267d"", 96,""6268c"", 96,""6369c"", 6369c, 6268c, 6267d, 01,""6368b"", 6369a, 6267b, 6268a, 2,""6268c""","6267, 6268, 6369, Chomoutov, Litovelské Pomoraví, PR Hejtmanka, Mladeč, NPR Vrapač, Mladeč, NPR Vrapač, V okraj, Mladeč, PP Pod Templem, S okraj, Mladeč, PP Pod Templem, louka J, Mladeč, PP Třesín, jeskyně Podkova, Mladeč, PR Hejtmanka, Mladeč, PR Hejtmanka, JZ okraj, Mladeč, PR Hejtmanka, cesta J, Mladeč, PR Hejtmanka, cesta střed, NPP Třesín, Podkova, NPP Třesín, jeskyně Ve štole, NPR Ramena řeky Moravy, PP Kurfürstovo rameno, PP Častava, PR Doubrava, transekt 1, PR Kačení louka, Moravičany, JZ, PR Panenský les, PR U Spálené, Králová, JZ okraj, Podkova - jeskyně, Třesín, Třesín – štola, Vrapač, Řimice, Za mlýnem","9012352, 9012353, 9012379, 11280701, 9545266, 9545267, 11473640, 11504708, 11605078, 11715857, 11715842, 12051180, 12051153, 12051183, 12754086, 11473643, 11492763, 11605080, 11504709, 12050752, 12051136, 11917084, 11918346, 9153775, 11280700, 11276990, 10754181, 11205433, 11953528, 11234465, 12956843, 9649157, 9649216, 12957304, 9649150, 9649214, 9649154","1802174, 1810331, 1810333, 7655350, 5834921, 7877857, 8232558, 8763001, 8762984, 9570152, 7877883, 8239483, 8762362, 8762960, 8517054, 8518838, 5503662, 7650674, 7650925, 7071882, 7556483, 8202559, 7596184, 5063585, 5384366, 9874636, 5384358, 5384354",dobrý,NA,NA,NA,NA,dobrý,chu,NA,0
CZ0714075,Myotis myotis,POP_PRESENCE,ano,2012,"96,""5868a""",5868,9012241,1002669,ano,val,ano,přítomnost druhu,ano,dobrý,chu,val,0
CZ0714075,Myotis myotis,CELKOVE_HODNOCENI,NA,2012,"96,""5868a""",5868,9012241,1002669,dobrý,NA,NA,NA,NA,dobrý,chu,NA,0
CZ0714077,Myotis myotis,POP_PRESENCE,ano,"2012, 2020, 2021, 2022","96,""5969b"", 5869c, 5969c, 5969a","5969, Domašov u Jeseníku - štola Leitenberg, Karlov pod Pradědem, NPR Praděd, Kotelný potok, Karlov pod Pradědem, NPR Praděd, Malý Kotel, Malá Morávka, NPR Praděd, Velká Kotlina, štola Leitenberg","9012266, 11777152, 11722196, 11722197, 12051266, 11918575","1284297, 5063002, 8239145, 8239147, 8763280, 8519784",ano,val,ano,přítomnost druhu,ano,dobrý,chu,val,0
CZ0714077,Myotis myotis,CELKOVE_HODNOCENI,NA,"2012, 2020, 2021, 2022","96,""5969b"", 5869c, 5969c, 5969a","5969, Domašov u Jeseníku - štola Leitenberg, Karlov pod Pradědem, NPR Praděd, Kotelný potok, Karlov pod Pradědem, NPR Praděd, Malý Kotel, Malá Morávka, NPR Praděd, Velká Kotlina, štola Leitenberg","9012266, 11777152, 11722196, 11722197, 12051266, 11918575","1284297, 5063002, 8239145, 8239147, 8763280, 8519784",dobrý,NA,NA,NA,NA,dobrý,chu,NA,0
CZ0714080,Myotis myotis,POP_PRESENCE,ano,"2024, 2025, 2026, 2021, 2023, 2022, 2019, 2012, 2013, 2020","6367a, 6367b","Javoříčko - jeskyně Pizdulka, Javoříčko - jeskyně Ve stráni, Javoříčko - jeskyně Velká Jezevčí, Javoříčko - jeskyně Zkamenělý zámek, Javoříčské jeskyně, Javoříčské jeskyně - Hlinité jeskyně, Javoříčské jeskyně - K Černé propasti, Javoříčské jeskyně - Lví jáma, Javoříčské jeskyně - Medvědí jáma, Javoříčské jeskyně - komín k Objevné, Javoříčské jeskyně - přístupná část, Javoříčské jeskyně - Švecova díra, Javoříčské jeskyně - Švecovy jeskyně, Jeskyně Za hájovnou, Kadeřínská jeskyně, NPR Špraněk, Paničtí díra, NPR Špraněk, Velká jezevčí, NPR Špraněk, Zátvořice, Paničtí díra, V Habří, Ve stráni, Velké propadání Špraňku, Zkamenělý zámek, Zátvořice, Švecova díra","14118992, 15620385, 15620686, 15620684, 15578241, 15620392, 15620389, 15620387, 14118902, 11777329, 15620386, 12956738, 15620391, 11918542, 15597086, 10733457, 10733458, 10753906, 15545428, 10854614, 8907259, 8907261, 10736295, 15541408, 11290192, 15599434, 8907273, 8907280, 8907282, 10736298, 10753902","5067559, 5067556, 5067558, 5061837, 5668037, 5067770, 5067753, 5067749, 5067750, 7581980, 5067748, 5067755, 5067769, 8519151, 7665539, 7054419, 12897595, 7058540, 5379370, 5668093, 5668096, 7665545, 5668101, 5379382, 5683279",ano,val,ano,přítomnost druhu,ano,dobrý,chu,val,0
CZ0714080,Myotis myotis,CELKOVE_HODNOCENI,NA,"2024, 2025, 2026, 2021, 2023, 2022, 2019, 2012, 2013, 2020","6367a, 6367b","Javoříčko - jeskyně Pizdulka, Javoříčko - jeskyně Ve stráni, Javoříčko - jeskyně Velká Jezevčí, Javoříčko - jeskyně Zkamenělý zámek, Javoříčské jeskyně, Javoříčské jeskyně - Hlinité jeskyně, Javoříčské jeskyně - K Černé propasti, Javoříčské jeskyně - Lví jáma, Javoříčské jeskyně - Medvědí jáma, Javoříčské jeskyně - komín k Objevné, Javoříčské jeskyně - přístupná část, Javoříčské jeskyně - Švecova díra, Javoříčské jeskyně - Švecovy jeskyně, Jeskyně Za hájovnou, Kadeřínská jeskyně, NPR Špraněk, Paničtí díra, NPR Špraněk, Velká jezevčí, NPR Špraněk, Zátvořice, Paničtí díra, V Habří, Ve stráni, Velké propadání Špraňku, Zkamenělý zámek, Zátvořice, Švecova díra","14118992, 15620385, 15620686, 15620684, 15578241, 15620392, 15620389, 15620387, 14118902, 11777329, 15620386, 12956738, 15620391, 11918542, 15597086, 10733457, 10733458, 10753906, 15545428, 10854614, 8907259, 8907261, 10736295, 15541408, 11290192, 15599434, 8907273, 8907280, 8907282, 10736298, 10753902","5067559, 5067556, 5067558, 5061837, 5668037, 5067770, 5067753, 5067749, 5067750, 7581980, 5067748, 5067755, 5067769, 8519151, 7665539, 7054419, 12897595, 7058540, 5379370, 5668093, 5668096, 7665545, 5668101, 5379382, 5683279",dobrý,NA,NA,NA,NA,dobrý,chu,NA,0
CZ0714082,Myotis myotis,POP_PRESENCE,ano,2014,6570b,NPR Žebračka,"9153704, 9153705",5503586,ano,val,ano,přítomnost druhu,ano,dobrý,chu,val,0
CZ0714082,Myotis myotis,CELKOVE_HODNOCENI,NA,2014,6570b,NPR Žebračka,"9153704, 9153705",5503586,dobrý,NA,NA,NA,NA,dobrý,chu,NA,0
CZ0714086,Myotis myotis,POP_PRESENCE,ano,"2012, 2025, 2023, 2021, 2014","96,""5768d"", 96,""5769d"", 5768d, 5768b","5768, 5769, Jeskyně Na Pomezí, Jeskyně Na Pomezí - Liščí díra - Rumový dóm, Jeskyně Na Pomezí - Májové jeskyně, Jeskyně Na Pomezí - komplex, Jeskyně Na Pomezí - původní, Jeskyně na Pomezí vyhlídkový okruh a u východu, Lipová Lázně - jeskyně Rasovna, Liščí díra - Rumový dóm, Roušarova jeskyně, Velký Dóm, Vápenná - Roušarova jeskyně","9012214, 9012216, 15489196, 12957020, 11777373, 12957016, 11777374, 9679359, 11777389, 15490525, 15503404, 15504403, 11777328","1808996, 1810024, 5517877, 5061838, 5069071, 5069068, 5069269, 5950440, 5069012, 5517883, 8521991, 8521990, 5069009",ano,val,ano,přítomnost druhu,ano,dobrý,chu,val,0
CZ0714086,Myotis myotis,CELKOVE_HODNOCENI,NA,"2012, 2025, 2023, 2021, 2014","96,""5768d"", 96,""5769d"", 5768d, 5768b","5768, 5769, Jeskyně Na Pomezí, Jeskyně Na Pomezí - Liščí díra - Rumový dóm, Jeskyně Na Pomezí - Májové jeskyně, Jeskyně Na Pomezí - komplex, Jeskyně Na Pomezí - původní, Jeskyně na Pomezí vyhlídkový okruh a u východu, Lipová Lázně - jeskyně Rasovna, Liščí díra - Rumový dóm, Roušarova jeskyně, Velký Dóm, Vápenná - Roušarova jeskyně","9012214, 9012216, 15489196, 12957020, 11777373, 12957016, 11777374, 9679359, 11777389, 15490525, 15503404, 15504403, 11777328","1808996, 1810024, 5517877, 5061838, 5069071, 5069068, 5069269, 5950440, 5069012, 5517883, 8521991, 8521990, 5069009",dobrý,NA,NA,NA,NA,dobrý,chu,NA,0
CZ0714133,Myotis myotis,POP_PRESENCE,ano,"2012, 2024, 2023, 2025, 2016, 2022, 2019, 2017, 2020","96,""6370a"", 96,""6471b"", 6471a, 6370b, 6471b, 6370a","6370, 6471, D35, Skoky, Důl Jan, Důl Opálená, Gotická štola, Hrubá Voda - Pod cestou - štola, Hrubá Voda - břidlicový důl Velká Střelná, Opálová štola, Velká Střelná - Úpadní štola, Velká Střelná - štola 22 Katzenloch, Velká Střelná - štola 24, Velká Střelná - štola u domova důchodců, Větrný komín, Údolí Jezernice, úbočí Perné, Údolí Jezernice, štolna ´U Můstku´, Špirutova díra, Štola Hrubá Voda, Štola Klikatá, Štola U mostku, Štola U můstku, Štola Špirutka, štola U mostku, štola Větrný komín, štola č. 21","9012380, 9012400, 13138906, 8931741, 12957307, 13451545, 15620404, 9807920, 11918350, 15620406, 11918538, 12494651, 11918540, 12494650, 11223061, 15620405, 13122650, 13122651, 15258977, 10148972, 10087163, 11290285, 11777139, 12956992, 15620566, 11918349, 11918537, 11918365","1001229, 1286644, 10244544, 5388024, 9874639, 5668031, 5063959, 1277877, 5668061, 5067138, 8329141, 8329140, 5067143, 5063960, 10215904, 10215905, 12602963, 6380971, 6329897, 5063590, 6329898, 6062768, 5668081, 8519106, 8519099",ano,val,ano,přítomnost druhu,ano,dobrý,chu,val,0
CZ0714133,Myotis myotis,CELKOVE_HODNOCENI,NA,"2012, 2024, 2023, 2025, 2016, 2022, 2019, 2017, 2020","96,""6370a"", 96,""6471b"", 6471a, 6370b, 6471b, 6370a","6370, 6471, D35, Skoky, Důl Jan, Důl Opálená, Gotická štola, Hrubá Voda - Pod cestou - štola, Hrubá Voda - břidlicový důl Velká Střelná, Opálová štola, Velká Střelná - Úpadní štola, Velká Střelná - štola 22 Katzenloch, Velká Střelná - štola 24, Velká Střelná - štola u domova důchodců, Větrný komín, Údolí Jezernice, úbočí Perné, Údolí Jezernice, štolna ´U Můstku´, Špirutova díra, Štola Hrubá Voda, Štola Klikatá, Štola U mostku, Štola U můstku, Štola Špirutka, štola U mostku, štola Větrný komín, štola č. 21","9012380, 9012400, 13138906, 8931741, 12957307, 13451545, 15620404, 9807920, 11918350, 15620406, 11918538, 12494651, 11918540, 12494650, 11223061, 15620405, 13122650, 13122651, 15258977, 10148972, 10087163, 11290285, 11777139, 12956992, 15620566, 11918349, 11918537, 11918365","1001229, 1286644, 10244544, 5388024, 9874639, 5668031, 5063959, 1277877, 5668061, 5067138, 8329141, 8329140, 5067143, 5063960, 10215904, 10215905, 12602963, 6380971, 6329897, 5063590, 6329898, 6062768, 5668081, 8519106, 8519099",dobrý,NA,NA,NA,NA,dobrý,chu,NA,0
CZ0714771,Myotis myotis,POP_PRESENCE,ano,"2021, 2024",6472d,"Hranická propast, NPR Hůrka u Hranic","11777622, 11777698, 13017103","5379523, 10019203",ano,val,ano,přítomnost druhu,ano,dobrý,chu,val,0
CZ0714771,Myotis myotis,CELKOVE_HODNOCENI,NA,"2021, 2024",6472d,"Hranická propast, NPR Hůrka u Hranic","11777622, 11777698, 13017103","5379523, 10019203",dobrý,NA,NA,NA,NA,dobrý,chu,NA,0
CZ0714772,Myotis myotis,POP_PRESENCE,ano,"2025, 2015, 2022","6370a, 44,""6370b""","44317, Hrubá Voda, EVL Údolí Bystřice, Marie Sněžná - štola, štola P. Marie Sněžné","14091297, 9823382, 15620403, 11918569","11148289, 6079073, 5061282, 8519550",ano,val,ano,přítomnost druhu,ano,dobrý,chu,val,0
CZ0714772,Myotis myotis,CELKOVE_HODNOCENI,NA,"2025, 2015, 2022","6370a, 44,""6370b""","44317, Hrubá Voda, EVL Údolí Bystřice, Marie Sněžná - štola, štola P. Marie Sněžné","14091297, 9823382, 15620403, 11918569","11148289, 6079073, 5061282, 8519550",dobrý,NA,NA,NA,NA,dobrý,chu,NA,0
CZ0720428,Myotis myotis,POP_PRESENCE,ano,2012,"96,""6973d""",6973,9012806,1011327,ano,val,ano,přítomnost druhu,ano,dobrý,chu,val,0
CZ0720428,Myotis myotis,CELKOVE_HODNOCENI,NA,2012,"96,""6973d""",6973,9012806,1011327,dobrý,NA,NA,NA,NA,dobrý,chu,NA,0
CZ0720435,Myotis myotis,POP_PRESENCE,ano,2021,6874c,PR Ploščiny,11705151,8098104,ano,val,ano,přítomnost druhu,ano,dobrý,chu,val,0
CZ0720435,Myotis myotis,CELKOVE_HODNOCENI,NA,2021,6874c,PR Ploščiny,11705151,8098104,dobrý,NA,NA,NA,NA,dobrý,chu,NA,0
CZ0723412,Myotis myotis,POP_PRESENCE,ano,2015,6971d,EVL Mokřad u Slováckých strojíren,9826892,6082720,ano,val,ano,přítomnost druhu,ano,dobrý,chu,val,0
CZ0723412,Myotis myotis,CELKOVE_HODNOCENI,NA,2015,6971d,EVL Mokřad u Slováckých strojíren,9826892,6082720,dobrý,NA,NA,NA,NA,dobrý,chu,NA,0
CZ0723416,Myotis myotis,POP_PRESENCE,ano,2015,6971a,EVL Popovické rybníky,9826893,6082722,ano,val,ano,přítomnost druhu,ano,dobrý,chu,val,0
CZ0723416,Myotis myotis,CELKOVE_HODNOCENI,NA,2015,6971a,EVL Popovické rybníky,9826893,6082722,dobrý,NA,NA,NA,NA,dobrý,chu,NA,0
CZ0723750,Myotis myotis,POP_PRESENCE,ano,"2012, 2015",6870a,"Jankovice u U.H. - kat. kostel, Jankovice u UH - kat. kostel","8541870, 9632925","1274957, 5902137",ano,val,ano,přítomnost druhu,ano,dobrý,chu,val,1
CZ0723750,Myotis myotis,CELKOVE_HODNOCENI,NA,"2012, 2015",6870a,"Jankovice u U.H. - kat. kostel, Jankovice u UH - kat. kostel","8541870, 9632925","1274957, 5902137",dobrý,NA,NA,NA,NA,dobrý,chu,NA,1
CZ0723751,Myotis myotis,POP_PRESENCE,ano,"2025, 2017",7072b,"Komňa, Komňa - kat. kostel","15620907, 11679265","5917262, 5902139",ano,val,ano,přítomnost druhu,ano,dobrý,chu,val,0
CZ0723751,Myotis myotis,CELKOVE_HODNOCENI,NA,"2025, 2017",7072b,"Komňa, Komňa - kat. kostel","15620907, 11679265","5917262, 5902139",dobrý,NA,NA,NA,NA,dobrý,chu,NA,0
CZ0723753,Myotis myotis,POP_PRESENCE,ano,"2015, 2025",6972a,"EVL Luhačovice - zámek, Luhačovice","9632914, 15620908","1215117, 5917282",ano,val,ano,přítomnost druhu,ano,dobrý,chu,val,0
CZ0723753,Myotis myotis,CELKOVE_HODNOCENI,NA,"2015, 2025",6972a,"EVL Luhačovice - zámek, Luhačovice","9632914, 15620908","1215117, 5917282",dobrý,NA,NA,NA,NA,dobrý,chu,NA,0
CZ0723755,Myotis myotis,POP_PRESENCE,ano,2024,6672a,Katolický kostel Rusava,13105212,1280182,ano,val,ano,přítomnost druhu,ano,dobrý,chu,val,0
CZ0723755,Myotis myotis,CELKOVE_HODNOCENI,NA,2024,6672a,Katolický kostel Rusava,13105212,1280182,dobrý,NA,NA,NA,NA,dobrý,chu,NA,0
CZ0723756,Myotis myotis,POP_PRESENCE,ano,"2015, 2025",6973a,"Slavičín - kat. kostel, Slavičín kostel","9632918, 15620879","5902130, 8329161",ano,val,ano,přítomnost druhu,ano,dobrý,chu,val,0
CZ0723756,Myotis myotis,CELKOVE_HODNOCENI,NA,"2015, 2025",6973a,"Slavičín - kat. kostel, Slavičín kostel","9632918, 15620879","5902130, 8329161",dobrý,NA,NA,NA,NA,dobrý,chu,NA,0
CZ0723758,Myotis myotis,POP_PRESENCE,ano,"2025, 2015, 2012",6772d,"Slušovice, Slušovice - kat. kostel, Slušovice - kostel","15620769, 9632916, 8524938","5917319, 1275050, 5064142",ano,val,ano,přítomnost druhu,ano,dobrý,chu,val,0
CZ0723758,Myotis myotis,CELKOVE_HODNOCENI,NA,"2025, 2015, 2012",6772d,"Slušovice, Slušovice - kat. kostel, Slušovice - kostel","15620769, 9632916, 8524938","5917319, 1275050, 5064142",dobrý,NA,NA,NA,NA,dobrý,chu,NA,0
CZ0723759,Myotis myotis,POP_PRESENCE,ano,2012,6773a,Sintrová štola,8521213,5062016,ano,val,ano,přítomnost druhu,ano,dobrý,chu,val,0
CZ0723759,Myotis myotis,CELKOVE_HODNOCENI,NA,2012,6773a,Sintrová štola,8521213,5062016,dobrý,NA,NA,NA,NA,dobrý,chu,NA,0
CZ0724089,Myotis myotis,POP_PRESENCE,ano,"2012, 2025, 2020, 2026, 2015, 2018, 2024, 2013, 2021","96,""6474b"", 96,""6475c"", 96,""6476a"", 96,""6574a"", 96,""6575b"", 96,""6576a"", 96,""6674a"", 96,""6675b"", 96,""6676a"", 96,""6774d"", 6575b, 6477d, 6478c, 6575d, 6674d, 6476d, 6477a, 47,""6575b"", 58,""6477d"", 87,""6774c"", 6676a, 6576d, 6476b, 01,""6675a"", 02,""6774b"", 77,""6377c"", 76,""6476c"", 37,""6476b"", 33,""6478c"", 6774c, 6475d","6474, 6475, 6476, 6574, 6575, 6576, 6674, 6675, 6676, 6774, Cyrilka, Dolní Lomná, Dolní Lomná-Jablunkov, 01151, Horní Bečva, Huslenky - ev. kostel, Jeskyně Cyrilka, Jeskyně Kyklop, Jeskyně Vasco, Jeskyně Čertova díra, Kněhyňská jeskyně, Malenovice, Unnamed Road, Morávka, NPR Kněhyně - Čertův mlýn, NPR Mionší, NPR Pulčín - Hradisko 350, NPR Razula, NPR Salajka, Ondrášovy díry, PP Skálí 2073, PR Makyta 5310, PR Ropice 5639, PR Smrk 1883, PR Travný 2107, PR Velký Polom 2060, Prostřední Bečva, Prostřední Bečva, jeskyně Cyrilka, jeskyně Velryba, Čeladná, Čeladná, Kněhyňská jeskyně, Čeladná, Silnice Bez Názvu","9012403, 9012404, 9012405, 9012575, 9012576, 9012577, 9012596, 9012597, 9012598, 9012623, 15289263, 11099027, 15577941, 14046964, 9632922, 15620696, 11290194, 10730365, 14119191, 15620332, 11258692, 10407427, 9169531, 9169513, 9169559, 9169557, 10144720, 15620308, 12057297, 11664148, 12057292, 12057304, 11663506, 11664147, 11088020, 15279811, 15620516, 12831355, 11271212, 14047071","1801583, 1809695, 1802125, 996356, 1850863, 1773721, 1774609, 1808886, 1853933, 1773722, 12657791, 7413502, 12928386, 11098911, 5902134, 5062000, 7665547, 5834890, 5834889, 5061999, 7632128, 6679569, 1009900, 995852, 1321867, 997472, 6376943, 5061990, 8773032, 7888187, 8773011, 8773045, 7546318, 8185016, 7394375, 12639974, 5062014, 9675659, 7645933, 11099018",ano,val,ano,přítomnost druhu,ano,dobrý,chu,val,0
CZ0724089,Myotis myotis,CELKOVE_HODNOCENI,NA,"2012, 2025, 2020, 2026, 2015, 2018, 2024, 2013, 2021","96,""6474b"", 96,""6475c"", 96,""6476a"", 96,""6574a"", 96,""6575b"", 96,""6576a"", 96,""6674a"", 96,""6675b"", 96,""6676a"", 96,""6774d"", 6575b, 6477d, 6478c, 6575d, 6674d, 6476d, 6477a, 47,""6575b"", 58,""6477d"", 87,""6774c"", 6676a, 6576d, 6476b, 01,""6675a"", 02,""6774b"", 77,""6377c"", 76,""6476c"", 37,""6476b"", 33,""6478c"", 6774c, 6475d","6474, 6475, 6476, 6574, 6575, 6576, 6674, 6675, 6676, 6774, Cyrilka, Dolní Lomná, Dolní Lomná-Jablunkov, 01151, Horní Bečva, Huslenky - ev. kostel, Jeskyně Cyrilka, Jeskyně Kyklop, Jeskyně Vasco, Jeskyně Čertova díra, Kněhyňská jeskyně, Malenovice, Unnamed Road, Morávka, NPR Kněhyně - Čertův mlýn, NPR Mionší, NPR Pulčín - Hradisko 350, NPR Razula, NPR Salajka, Ondrášovy díry, PP Skálí 2073, PR Makyta 5310, PR Ropice 5639, PR Smrk 1883, PR Travný 2107, PR Velký Polom 2060, Prostřední Bečva, Prostřední Bečva, jeskyně Cyrilka, jeskyně Velryba, Čeladná, Čeladná, Kněhyňská jeskyně, Čeladná, Silnice Bez Názvu","9012403, 9012404, 9012405, 9012575, 9012576, 9012577, 9012596, 9012597, 9012598, 9012623, 15289263, 11099027, 15577941, 14046964, 9632922, 15620696, 11290194, 10730365, 14119191, 15620332, 11258692, 10407427, 9169531, 9169513, 9169559, 9169557, 10144720, 15620308, 12057297, 11664148, 12057292, 12057304, 11663506, 11664147, 11088020, 15279811, 15620516, 12831355, 11271212, 14047071","1801583, 1809695, 1802125, 996356, 1850863, 1773721, 1774609, 1808886, 1853933, 1773722, 12657791, 7413502, 12928386, 11098911, 5902134, 5062000, 7665547, 5834890, 5834889, 5061999, 7632128, 6679569, 1009900, 995852, 1321867, 997472, 6376943, 5061990, 8773032, 7888187, 8773011, 8773045, 7546318, 8185016, 7394375, 12639974, 5062014, 9675659, 7645933, 11099018",dobrý,NA,NA,NA,NA,dobrý,chu,NA,0
CZ0724090,Myotis myotis,POP_PRESENCE,ano,"2012, 2019, 2013, 2021, 2023","96,""7071c"", 96,""7072c"", 96,""7171a"", 7072c, 19,""7172a"", 7171a, 01,""7171a"", 7171b, 7071d, 7072d, 7172a","7071, 7072, 7171, Bílé Karpaty, Strání - PP Hrnčárky, NPR Javorina 140, NPR Jazevčí, NPR Zahrady pod Hájem, Nová Lhota, PP Vápenky - 7171-22, PP Sviní hnízdo 1434, PP Uvezené 1436, PR Hladké, PR Horní Louky, Strání, PP Nová hora","9012826, 9012827, 9012842, 10634798, 10853564, 10853569, 9154048, 9169499, 9169502, 10853565, 10634796, 10849329, 10849337, 10853571, 10634789, 10849325, 10853568, 11705156, 11603454, 11705149, 12719812","1011331, 1011332, 1011335, 1775922, 5407058, 1011964, 1006290, 4972989, 1189659, 1189661, 8098141, 8098117, 9516523",ano,val,ano,přítomnost druhu,ano,dobrý,chu,val,0
CZ0724090,Myotis myotis,CELKOVE_HODNOCENI,NA,"2012, 2019, 2013, 2021, 2023","96,""7071c"", 96,""7072c"", 96,""7171a"", 7072c, 19,""7172a"", 7171a, 01,""7171a"", 7171b, 7071d, 7072d, 7172a","7071, 7072, 7171, Bílé Karpaty, Strání - PP Hrnčárky, NPR Javorina 140, NPR Jazevčí, NPR Zahrady pod Hájem, Nová Lhota, PP Vápenky - 7171-22, PP Sviní hnízdo 1434, PP Uvezené 1436, PR Hladké, PR Horní Louky, Strání, PP Nová hora","9012826, 9012827, 9012842, 10634798, 10853564, 10853569, 9154048, 9169499, 9169502, 10853565, 10634796, 10849329, 10849337, 10853571, 10634789, 10849325, 10853568, 11705156, 11603454, 11705149, 12719812","1011331, 1011332, 1011335, 1775922, 5407058, 1011964, 1006290, 4972989, 1189659, 1189661, 8098141, 8098117, 9516523",dobrý,NA,NA,NA,NA,dobrý,chu,NA,0
CZ0724091,Myotis myotis,POP_PRESENCE,ano,2012,"96,""6770c"", 96,""6869a"", 96,""6870a""","6770, 6869, 6870","9012618, 9012646, 9012647","1790636, 1776762, 1286651",ano,val,ano,přítomnost druhu,ano,dobrý,chu,val,0
CZ0724091,Myotis myotis,CELKOVE_HODNOCENI,NA,2012,"96,""6770c"", 96,""6869a"", 96,""6870a""","6770, 6869, 6870","9012618, 9012646, 9012647","1790636, 1776762, 1286651",dobrý,NA,NA,NA,NA,dobrý,chu,NA,0
CZ0724107,Myotis myotis,POP_PRESENCE,ano,2012,"96,""6970a""",6970,9012803,1286653,ano,val,ano,přítomnost druhu,ano,dobrý,chu,val,0
CZ0724107,Myotis myotis,CELKOVE_HODNOCENI,NA,2012,"96,""6970a""",6970,9012803,1286653,dobrý,NA,NA,NA,NA,dobrý,chu,NA,0
CZ0724429,Myotis myotis,POP_PRESENCE,ano,2012,"96,""6672b""",6672,9012594,1791015,ano,val,ano,přítomnost druhu,ano,dobrý,chu,val,0
CZ0724429,Myotis myotis,CELKOVE_HODNOCENI,NA,2012,"96,""6672b""",6672,9012594,1791015,dobrý,NA,NA,NA,NA,dobrý,chu,NA,0
CZ0724430,Myotis myotis,POP_PRESENCE,ano,"2012, 2023, 2021","96,""6974b"", 6974c, 6974a","6974, PP Chladný Vrch, PP Chladný vrch, PP Okrouhlá, PR Sidonie","9012807, 12719809, 12719820, 11602218, 11705147, 11705148, 11705169, 11603452","1011328, 9516520, 9516531, 8098132, 1006292",ano,val,ano,přítomnost druhu,ano,dobrý,chu,val,0
CZ0724430,Myotis myotis,CELKOVE_HODNOCENI,NA,"2012, 2023, 2021","96,""6974b"", 6974c, 6974a","6974, PP Chladný Vrch, PP Chladný vrch, PP Okrouhlá, PR Sidonie","9012807, 12719809, 12719820, 11602218, 11705147, 11705148, 11705169, 11603452","1011328, 9516520, 9516531, 8098132, 1006292",dobrý,NA,NA,NA,NA,dobrý,chu,NA,0
CZ0810014,Myotis myotis,POP_PRESENCE,ano,2015,6069a,EVL Pstruží potok,9823373,6079043,ano,val,ano,přítomnost druhu,ano,dobrý,chu,val,0
CZ0810014,Myotis myotis,CELKOVE_HODNOCENI,NA,2015,6069a,EVL Pstruží potok,9823373,6079043,dobrý,NA,NA,NA,NA,dobrý,chu,NA,0
CZ0810018,Myotis myotis,POP_PRESENCE,ano,"2012, 2023, 2014, 2025","96,""6169d"", 6169a","6169, Důl Ruda II, NPP Rešovské vodopády, Ruda I ( Jáma Za hřbitovem)","9012329, 12957048, 9140865, 15620491","1850854, 5062003, 1011957, 5061993",ano,val,ano,přítomnost druhu,ano,dobrý,chu,val,0
CZ0810018,Myotis myotis,CELKOVE_HODNOCENI,NA,"2012, 2023, 2014, 2025","96,""6169d"", 6169a","6169, Důl Ruda II, NPP Rešovské vodopády, Ruda I ( Jáma Za hřbitovem)","9012329, 12957048, 9140865, 15620491","1850854, 5062003, 1011957, 5061993",dobrý,NA,NA,NA,NA,dobrý,chu,NA,0
CZ0810032,Myotis myotis,POP_PRESENCE,ano,"2015, 2013",5971c,"EVL Ptačí hora, NPP Ptačí hora","9823374, 8915834","6079044, 1011997",ano,val,ano,přítomnost druhu,ano,dobrý,chu,val,0
CZ0810032,Myotis myotis,CELKOVE_HODNOCENI,NA,"2015, 2013",5971c,"EVL Ptačí hora, NPP Ptačí hora","9823374, 8915834","6079044, 1011997",dobrý,NA,NA,NA,NA,dobrý,chu,NA,0
CZ0813442,Myotis myotis,POP_PRESENCE,ano,2018,6177a,Dolní Marklovice,10407405,6679543,ano,val,ano,přítomnost druhu,ano,dobrý,chu,val,0
CZ0813442,Myotis myotis,CELKOVE_HODNOCENI,NA,2018,6177a,Dolní Marklovice,10407405,6679543,dobrý,NA,NA,NA,NA,dobrý,chu,NA,0
CZ0813456,Myotis myotis,POP_PRESENCE,ano,2015,"02,""6070c""",EVL Moravice,9823372,6079042,ano,val,ano,přítomnost druhu,ano,dobrý,chu,val,0
CZ0813456,Myotis myotis,CELKOVE_HODNOCENI,NA,2015,"02,""6070c""",EVL Moravice,9823372,6079042,dobrý,NA,NA,NA,NA,dobrý,chu,NA,0
CZ0813461,Myotis myotis,POP_PRESENCE,ano,2023,"01,""6075d""",PP Šilheřovice 5797,12714686,9503536,ano,val,ano,přítomnost druhu,ano,dobrý,chu,val,0
CZ0813461,Myotis myotis,CELKOVE_HODNOCENI,NA,2023,"01,""6075d""",PP Šilheřovice 5797,12714686,9503536,dobrý,NA,NA,NA,NA,dobrý,chu,NA,0
CZ0813472,Myotis myotis,POP_PRESENCE,ano,2025,5970a,Důl Suchá Rudná II (Liščí díry II),15620655,5381907,ano,val,ano,přítomnost druhu,ano,dobrý,chu,val,0
CZ0813472,Myotis myotis,CELKOVE_HODNOCENI,NA,2025,5970a,Důl Suchá Rudná II (Liščí díry II),15620655,5381907,dobrý,NA,NA,NA,NA,dobrý,chu,NA,0
CZ0813760,Myotis myotis,POP_PRESENCE,ano,"2013, 2025",6272a,"EVL Černý důl, Černý důl","8910436, 15620394","1279615, 5067786",ano,val,ano,přítomnost druhu,ano,dobrý,chu,val,0
CZ0813760,Myotis myotis,CELKOVE_HODNOCENI,NA,"2013, 2025",6272a,"EVL Černý důl, Černý důl","8910436, 15620394","1279615, 5067786",dobrý,NA,NA,NA,NA,dobrý,chu,NA,0
CZ0813763,Myotis myotis,POP_PRESENCE,ano,"2025, 2022, 2019","5969b, 5969d","Malá Morávka, Nad Jelení cestou - štola č.10, Malá Morávka, Nad Jelení cestou - štola č.11, Malá Morávka, Nad Jelení cestou - štola č.2, Malá Morávka, Nad Jelení cestou - štola č.3, Malá Morávka, Nad Jelení cestou - štola č.5, Malá Morávka, Nad Jelení cestou - štola č.6, Malá Morávka, Nad Jelení cestou - štola č.9, Štoly pod Jelení cestou","15620611, 12494838, 15620603, 15620600, 15620601, 15620604, 15620602, 10749537, 10749539","6062763, 6329879, 5062294, 5062290, 5062291, 5062295, 5062293, 7065809",ano,val,ano,přítomnost druhu,ano,dobrý,chu,val,0
CZ0813763,Myotis myotis,CELKOVE_HODNOCENI,NA,"2025, 2022, 2019","5969b, 5969d","Malá Morávka, Nad Jelení cestou - štola č.10, Malá Morávka, Nad Jelení cestou - štola č.11, Malá Morávka, Nad Jelení cestou - štola č.2, Malá Morávka, Nad Jelení cestou - štola č.3, Malá Morávka, Nad Jelení cestou - štola č.5, Malá Morávka, Nad Jelení cestou - štola č.6, Malá Morávka, Nad Jelení cestou - štola č.9, Štoly pod Jelení cestou","15620611, 12494838, 15620603, 15620600, 15620601, 15620604, 15620602, 10749537, 10749539","6062763, 6329879, 5062294, 5062290, 5062291, 5062295, 5062293, 7065809",dobrý,NA,NA,NA,NA,dobrý,chu,NA,0
CZ0813765,Myotis myotis,POP_PRESENCE,ano,2022,6069b,EVL Štola Franz - Franz,11918690,9561129,ano,val,ano,přítomnost druhu,ano,dobrý,chu,val,0
CZ0813765,Myotis myotis,CELKOVE_HODNOCENI,NA,2022,6069b,EVL Štola Franz - Franz,11918690,9561129,dobrý,NA,NA,NA,NA,dobrý,chu,NA,0
CZ0813766,Myotis myotis,POP_PRESENCE,ano,2024,6071d,Jakartovice I (Bohuš),15620293,5061995,ano,val,ano,přítomnost druhu,ano,dobrý,chu,val,0
CZ0813766,Myotis myotis,CELKOVE_HODNOCENI,NA,2024,6071d,Jakartovice I (Bohuš),15620293,5061995,dobrý,NA,NA,NA,NA,dobrý,chu,NA,0
CZ0813770,Myotis myotis,POP_PRESENCE,ano,"2012, 2025",6272a,"EVL Čermná - důl Potlachový, Čermná- Potlachový","8521182, 8910417, 15620383","1279617, 5061989",ano,val,ano,přítomnost druhu,ano,dobrý,chu,val,0
CZ0813770,Myotis myotis,CELKOVE_HODNOCENI,NA,"2012, 2025",6272a,"EVL Čermná - důl Potlachový, Čermná- Potlachový","8521182, 8910417, 15620383","1279617, 5061989",dobrý,NA,NA,NA,NA,dobrý,chu,NA,0
CZ0813810,Myotis myotis,POP_PRESENCE,ano,2015,"74,""6272c""",EVL Horní Odra,9823371,6079040,ano,val,ano,přítomnost druhu,ano,dobrý,chu,val,0
CZ0813810,Myotis myotis,CELKOVE_HODNOCENI,NA,2015,"74,""6272c""",EVL Horní Odra,9823371,6079040,dobrý,NA,NA,NA,NA,dobrý,chu,NA,0
CZ0814092,Myotis myotis,POP_PRESENCE,ano,"2012, 2014, 2015","96,""6373d"", 6275a, 6374a, 6274d","6373, Blucherův les, NPR Polanská niva, Poodří , NPR Polanská niva, Poodří, PR Kotvice, Poodří, nNPR Oderský luh","9012381, 8917550, 9155187, 9545226, 9545230, 9545248, 9545234","1810368, 5385548, 5504312, 5834900, 5834911, 5834904",ano,val,ano,přítomnost druhu,ano,dobrý,chu,val,0
CZ0814092,Myotis myotis,CELKOVE_HODNOCENI,NA,"2012, 2014, 2015","96,""6373d"", 6275a, 6374a, 6274d","6373, Blucherův les, NPR Polanská niva, Poodří , NPR Polanská niva, Poodří, PR Kotvice, Poodří, nNPR Oderský luh","9012381, 8917550, 9155187, 9545226, 9545230, 9545248, 9545234","1810368, 5385548, 5504312, 5834900, 5834911, 5834904",dobrý,NA,NA,NA,NA,dobrý,chu,NA,0
CZ0210109,Myotis emarginatus,POP_PRESENCE,ano,2025,5655b,Chloumek u Mladé Boleslavi,15283241,12646859,ano,val,ano,přítomnost druhu,ano,dobrý,chu,val,0
CZ0210109,Myotis emarginatus,CELKOVE_HODNOCENI,NA,2025,5655b,Chloumek u Mladé Boleslavi,15283241,12646859,dobrý,NA,NA,NA,NA,dobrý,chu,NA,0
CZ0213613,Myotis emarginatus,POP_PRESENCE,ano,2015,6057c,Malešov,9173818,5505163,ano,val,ano,přítomnost druhu,ano,dobrý,chu,val,0
CZ0213613,Myotis emarginatus,CELKOVE_HODNOCENI,NA,2015,6057c,Malešov,9173818,5505163,dobrý,NA,NA,NA,NA,dobrý,chu,NA,0
CZ0213621,Myotis emarginatus,POP_PRESENCE,ano,2026,6051a,vodní štola ve Velké Americe,15546237,5517604,ano,val,ano,přítomnost druhu,ano,dobrý,chu,val,0
CZ0213621,Myotis emarginatus,CELKOVE_HODNOCENI,NA,2026,6051a,vodní štola ve Velké Americe,15546237,5517604,dobrý,NA,NA,NA,NA,dobrý,chu,NA,0
CZ0214003,Myotis emarginatus,POP_PRESENCE,ano,2026,6050c,Koněpruské jeskyně,15545630,998553,ano,val,ano,přítomnost druhu,ano,dobrý,chu,val,0
CZ0214003,Myotis emarginatus,CELKOVE_HODNOCENI,NA,2026,6050c,Koněpruské jeskyně,15545630,998553,dobrý,NA,NA,NA,NA,dobrý,chu,NA,0
CZ0214012,Myotis emarginatus,POP_PRESENCE,ano,"2016, 2018",5456c,"Krtola, Krtola u Příhraz - jeskyně","9789933, 10730034","4929536, 5062270",ano,val,ano,přítomnost druhu,ano,dobrý,chu,val,0
CZ0214012,Myotis emarginatus,CELKOVE_HODNOCENI,NA,"2016, 2018",5456c,"Krtola, Krtola u Příhraz - jeskyně","9789933, 10730034","4929536, 5062270",dobrý,NA,NA,NA,NA,dobrý,chu,NA,0
CZ0214013,Myotis emarginatus,POP_PRESENCE,ano,"2019, 2020","5453c, 5553b","Dubá, Vojtěchov – pivovarský sklep","10861330, 11290462","7175933, 7050237",ano,val,ano,přítomnost druhu,ano,dobrý,chu,val,0
CZ0214013,Myotis emarginatus,CELKOVE_HODNOCENI,NA,"2019, 2020","5453c, 5553b","Dubá, Vojtěchov – pivovarský sklep","10861330, 11290462","7175933, 7050237",dobrý,NA,NA,NA,NA,dobrý,chu,NA,0
CZ0214017,Myotis emarginatus,POP_PRESENCE,ano,"2015, 2014, 2023, 2025, 2026, 2021, 2018, 2016, 2024, 2020, 2013, 2019, 2022","6050b, 6051a, 6050d","Alkazar, Alkazar - Kozel, Gaislerova štola, Hostim u Berouna - lom Alkazar prostřední štola (štola B), JK16, Jeskyně Arnoldka, Malá Amerika, Romanovského štola, SB33, Srbsko u Karlštejna - Chlumské jeskyně, Srbské jeskyně, Srbské jeskyně a jeskyně Netopýrka, Svatý Jan pod Skalou - klášter půda, Terasová jeskyně, Tomáškova propast, jeskyně Nad Kačákem, propast Čeřinka, štola za trafačkou v Tomáškově lomu, štoly v lomu Kozel - Alkazar","9633334, 9371164, 12227890, 15314217, 12747141, 15555330, 11759319, 11297694, 12746568, 10125420, 9807790, 9639266, 13056805, 10983607, 8903259, 9371394, 9640246, 15555329, 10576834, 11741307, 12819322, 12819324, 12819325, 12819326, 12819327, 12819328, 12819329, 12819332, 12819334, 12820086, 12820087, 12820091, 12820092, 12820108, 12820109, 12820111, 12820112","5902481, 5668015, 998548, 12696213, 9560272, 998515, 5901649, 998547, 9559465, 5496630, 5062686, 998567, 1003763, 998662, 5062691, 998565, 998527, 998612, 998603",ano,val,ano,přítomnost druhu,ano,dobrý,chu,val,1
CZ0214017,Myotis emarginatus,CELKOVE_HODNOCENI,NA,"2015, 2014, 2023, 2025, 2026, 2021, 2018, 2016, 2024, 2020, 2013, 2019, 2022","6050b, 6051a, 6050d","Alkazar, Alkazar - Kozel, Gaislerova štola, Hostim u Berouna - lom Alkazar prostřední štola (štola B), JK16, Jeskyně Arnoldka, Malá Amerika, Romanovského štola, SB33, Srbsko u Karlštejna - Chlumské jeskyně, Srbské jeskyně, Srbské jeskyně a jeskyně Netopýrka, Svatý Jan pod Skalou - klášter půda, Terasová jeskyně, Tomáškova propast, jeskyně Nad Kačákem, propast Čeřinka, štola za trafačkou v Tomáškově lomu, štoly v lomu Kozel - Alkazar","9633334, 9371164, 12227890, 15314217, 12747141, 15555330, 11759319, 11297694, 12746568, 10125420, 9807790, 9639266, 13056805, 10983607, 8903259, 9371394, 9640246, 15555329, 10576834, 11741307, 12819322, 12819324, 12819325, 12819326, 12819327, 12819328, 12819329, 12819332, 12819334, 12820086, 12820087, 12820091, 12820092, 12820108, 12820109, 12820111, 12820112","5902481, 5668015, 998548, 12696213, 9560272, 998515, 5901649, 998547, 9559465, 5496630, 5062686, 998567, 1003763, 998662, 5062691, 998565, 998527, 998612, 998603",dobrý,NA,NA,NA,NA,dobrý,chu,NA,1
CZ0214025,Myotis emarginatus,POP_PRESENCE,ano,2015,5556b,EVL Plakánek - PL5,9545382,5834984,ano,val,ano,přítomnost druhu,ano,dobrý,chu,val,0
CZ0214025,Myotis emarginatus,CELKOVE_HODNOCENI,NA,2015,5556b,EVL Plakánek - PL5,9545382,5834984,dobrý,NA,NA,NA,NA,dobrý,chu,NA,0
CZ0214037,Myotis emarginatus,POP_PRESENCE,ano,2019,6050c,NPP Kotýz,11459315,1011594,ano,val,ano,přítomnost druhu,ano,dobrý,chu,val,0
CZ0214037,Myotis emarginatus,CELKOVE_HODNOCENI,NA,2019,6050c,NPP Kotýz,11459315,1011594,dobrý,NA,NA,NA,NA,dobrý,chu,NA,0
CZ0314124,Myotis emarginatus,POP_PRESENCE,ano,"2013, 2020","22,""7152a"", 7152a","EVL Blanský les (projekt JCK), Jamné - 3 štoly v údolí Vltavy","9150602, 11290398","5496503, 6841234",ano,val,ano,přítomnost druhu,ano,dobrý,chu,val,0
CZ0314124,Myotis emarginatus,CELKOVE_HODNOCENI,NA,"2013, 2020","22,""7152a"", 7152a","EVL Blanský les (projekt JCK), Jamné - 3 štoly v údolí Vltavy","9150602, 11290398","5496503, 6841234",dobrý,NA,NA,NA,NA,dobrý,chu,NA,0
CZ0320140,Myotis emarginatus,POP_PRESENCE,ano,2015,6447c,"lokalita ""Kámen-vrchol""",10077098,6320219,ano,val,ano,přítomnost druhu,ano,dobrý,chu,val,0
CZ0320140,Myotis emarginatus,CELKOVE_HODNOCENI,NA,2015,6447c,"lokalita ""Kámen-vrchol""",10077098,6320219,dobrý,NA,NA,NA,NA,dobrý,chu,NA,0
CZ0414110,Myotis emarginatus,POP_PRESENCE,ano,2023,"5643a, 5642b","Hřebečná, Mauritius - horní jáma, Mauricius - důl","12728439, 12957050","6855791, 5375795",ano,val,ano,přítomnost druhu,ano,dobrý,chu,val,0
CZ0414110,Myotis emarginatus,CELKOVE_HODNOCENI,NA,2023,"5643a, 5642b","Hřebečná, Mauritius - horní jáma, Mauricius - důl","12728439, 12957050","6855791, 5375795",dobrý,NA,NA,NA,NA,dobrý,chu,NA,0
CZ0414127,Myotis emarginatus,POP_PRESENCE,ano,2020,5744a,Doupov - údolí Petrovského potoka,11257668,7629971,ano,val,ano,přítomnost druhu,ano,dobrý,chu,val,0
CZ0414127,Myotis emarginatus,CELKOVE_HODNOCENI,NA,2020,5744a,Doupov - údolí Petrovského potoka,11257668,7629971,dobrý,NA,NA,NA,NA,dobrý,chu,NA,0
CZ0424111,Myotis emarginatus,POP_PRESENCE,ano,"2025, 2017","5151a, 5151c","Hřensko, Stelzigova jeskyně, NPR Kaňon Labe","15278091, 10070300","12636896, 6312249",ano,val,ano,přítomnost druhu,ano,dobrý,chu,val,0
CZ0424111,Myotis emarginatus,CELKOVE_HODNOCENI,NA,"2025, 2017","5151a, 5151c","Hřensko, Stelzigova jeskyně, NPR Kaňon Labe","15278091, 10070300","12636896, 6312249",dobrý,NA,NA,NA,NA,dobrý,chu,NA,0
CZ0424127,Myotis emarginatus,POP_PRESENCE,ano,2022,5446b,Jezerka - rozsedlinová jeskyně,12494782,10695474,ano,val,ano,přítomnost druhu,ano,dobrý,chu,val,0
CZ0424127,Myotis emarginatus,CELKOVE_HODNOCENI,NA,2022,5446b,Jezerka - rozsedlinová jeskyně,12494782,10695474,dobrý,NA,NA,NA,NA,dobrý,chu,NA,0
CZ0510191,Myotis emarginatus,POP_PRESENCE,ano,2024,5357c,Sluj Českých bratří - Kalich,13122067,10214469,ano,val,ano,přítomnost druhu,ano,dobrý,chu,val,0
CZ0510191,Myotis emarginatus,CELKOVE_HODNOCENI,NA,2024,5357c,Sluj Českých bratří - Kalich,13122067,10214469,dobrý,NA,NA,NA,NA,dobrý,chu,NA,0
CZ0510400,Myotis emarginatus,POP_PRESENCE,ano,2014,5156b,Loupežnická jeskyně - Jizerské hory,9120787,5475621,ano,val,ano,přítomnost druhu,ano,dobrý,chu,val,0
CZ0510400,Myotis emarginatus,CELKOVE_HODNOCENI,NA,2014,5156b,Loupežnická jeskyně - Jizerské hory,9120787,5475621,dobrý,NA,NA,NA,NA,dobrý,chu,NA,0
CZ0513662,Myotis emarginatus,POP_PRESENCE,ano,2015,5254b,Lemberk - zámek,9545105,5062991,ano,val,ano,přítomnost druhu,ano,dobrý,chu,val,0
CZ0513662,Myotis emarginatus,CELKOVE_HODNOCENI,NA,2015,5254b,Lemberk - zámek,9545105,5062991,dobrý,NA,NA,NA,NA,dobrý,chu,NA,0
CZ0513663,Myotis emarginatus,POP_PRESENCE,ano,2022,5457c,EVL Podhájí - chalupa,12068272,9561120,ano,val,ano,přítomnost druhu,ano,dobrý,chu,val,0
CZ0513663,Myotis emarginatus,CELKOVE_HODNOCENI,NA,2022,5457c,EVL Podhájí - chalupa,12068272,9561120,dobrý,NA,NA,NA,NA,dobrý,chu,NA,0
CZ0514041,Myotis emarginatus,POP_PRESENCE,ano,2020,5153d,Ledová jeskyně Naděje,11234811,4929473,ano,val,ano,přítomnost druhu,ano,dobrý,chu,val,0
CZ0514041,Myotis emarginatus,CELKOVE_HODNOCENI,NA,2020,5153d,Ledová jeskyně Naděje,11234811,4929473,dobrý,NA,NA,NA,NA,dobrý,chu,NA,0
CZ0514042,Myotis emarginatus,POP_PRESENCE,ano,2022,5353c,Novozámecká průrva,12062691,8781287,ano,val,ano,přítomnost druhu,ano,dobrý,chu,val,0
CZ0514042,Myotis emarginatus,CELKOVE_HODNOCENI,NA,2022,5353c,Novozámecká průrva,12062691,8781287,dobrý,NA,NA,NA,NA,dobrý,chu,NA,0
CZ0514113,Myotis emarginatus,POP_PRESENCE,ano,"2020, 2017, 2012","5457c, 5457a, 99,""5457c""","Hrubá Skála, Jeskyně U Hlavatice, Podsemín, Věžák","11290844, 11290268, 10087787, 8910951","5378076, 5062039, 5378075, 5382020",ano,val,ano,přítomnost druhu,ano,dobrý,chu,val,0
CZ0514113,Myotis emarginatus,CELKOVE_HODNOCENI,NA,"2020, 2017, 2012","5457c, 5457a, 99,""5457c""","Hrubá Skála, Jeskyně U Hlavatice, Podsemín, Věžák","11290844, 11290268, 10087787, 8910951","5378076, 5062039, 5378075, 5382020",dobrý,NA,NA,NA,NA,dobrý,chu,NA,0
CZ0514243,Myotis emarginatus,POP_PRESENCE,ano,"2015, 2025",5454c,"Bezděz jeskyně, Paledová jeskyně Na Bezdězu","9648723, 9648781, 15288656","5379528, 6048111",ano,val,ano,přítomnost druhu,ano,dobrý,chu,val,0
CZ0514243,Myotis emarginatus,CELKOVE_HODNOCENI,NA,"2015, 2025",5454c,"Bezděz jeskyně, Paledová jeskyně Na Bezdězu","9648723, 9648781, 15288656","5379528, 6048111",dobrý,NA,NA,NA,NA,dobrý,chu,NA,0
CZ0514667,Myotis emarginatus,POP_PRESENCE,ano,2024,5255a,"Jítrava,Západní jeskyně",14119014,5062036,ano,val,ano,přítomnost druhu,ano,dobrý,chu,val,0
CZ0514667,Myotis emarginatus,CELKOVE_HODNOCENI,NA,2024,5255a,"Jítrava,Západní jeskyně",14119014,5062036,dobrý,NA,NA,NA,NA,dobrý,chu,NA,0
CZ0514668,Myotis emarginatus,POP_PRESENCE,ano,2019,5255d,Vápenice,10767945,1233946,ano,val,ano,přítomnost druhu,ano,dobrý,chu,val,0
CZ0514668,Myotis emarginatus,CELKOVE_HODNOCENI,NA,2019,5255d,Vápenice,10767945,1233946,dobrý,NA,NA,NA,NA,dobrý,chu,NA,0
CZ0520604,Myotis emarginatus,POP_PRESENCE,ano,"2017, 2016, 2014, 2022",5864a,"Erzloch, Orlické hory, štola Erzloch, Popelov - štola Erzloch, Popelov – štola Erzloch","10087058, 9799798, 9173423, 12063048","6329800, 5691722, 5518014, 6329936",ano,val,ano,přítomnost druhu,ano,dobrý,chu,val,0
CZ0520604,Myotis emarginatus,CELKOVE_HODNOCENI,NA,"2017, 2016, 2014, 2022",5864a,"Erzloch, Orlické hory, štola Erzloch, Popelov - štola Erzloch, Popelov – štola Erzloch","10087058, 9799798, 9173423, 12063048","6329800, 5691722, 5518014, 6329936",dobrý,NA,NA,NA,NA,dobrý,chu,NA,0
CZ0523675,Myotis emarginatus,POP_PRESENCE,ano,"2022, 2025",5658a,"EVL Jičíněves - zámek, Jičíněves","12068230, 15620732","9874511, 5378083",ano,val,ano,přítomnost druhu,ano,dobrý,chu,val,0
CZ0523675,Myotis emarginatus,CELKOVE_HODNOCENI,NA,"2022, 2025",5658a,"EVL Jičíněves - zámek, Jičíněves","12068230, 15620732","9874511, 5378083",dobrý,NA,NA,NA,NA,dobrý,chu,NA,0
CZ0523676,Myotis emarginatus,POP_PRESENCE,ano,"2025, 2026, 2014",5661d,"EVL Josefov - pevnost, EVL Josefov - pevnost, Jaroměř, Předbastion VIII, podzemní chodby, Josefov, pevnost - přístupná část (EVL)","14931314, 15577334, 10091720","1215093, 10857840, 6333365",ano,val,ano,přítomnost druhu,ano,dobrý,chu,val,0
CZ0523676,Myotis emarginatus,CELKOVE_HODNOCENI,NA,"2025, 2026, 2014",5661d,"EVL Josefov - pevnost, EVL Josefov - pevnost, Jaroměř, Předbastion VIII, podzemní chodby, Josefov, pevnost - přístupná část (EVL)","14931314, 15577334, 10091720","1215093, 10857840, 6333365",dobrý,NA,NA,NA,NA,dobrý,chu,NA,0
CZ0523677,Myotis emarginatus,POP_PRESENCE,ano,"2025, 2020",5556b,"Kost, Kost - hrad","15620731, 11290310","5378062, 5062987",ano,val,ano,přítomnost druhu,ano,dobrý,chu,val,0
CZ0523677,Myotis emarginatus,CELKOVE_HODNOCENI,NA,"2025, 2020",5556b,"Kost, Kost - hrad","15620731, 11290310","5378062, 5062987",dobrý,NA,NA,NA,NA,dobrý,chu,NA,0
CZ0523680,Myotis emarginatus,POP_PRESENCE,ano,"2026, 2024, 2023",5563c,"Dobrošov, Dobrošov - Pevnost Dobrošov, EVL Pevnost Dobrošov","15567733, 14119098, 12956708","12914612, 1849578, 9892621",ano,val,ano,přítomnost druhu,ano,dobrý,chu,val,0
CZ0523680,Myotis emarginatus,CELKOVE_HODNOCENI,NA,"2026, 2024, 2023",5563c,"Dobrošov, Dobrošov - Pevnost Dobrošov, EVL Pevnost Dobrošov","15567733, 14119098, 12956708","12914612, 1849578, 9892621",dobrý,NA,NA,NA,NA,dobrý,chu,NA,0
CZ0523682,Myotis emarginatus,POP_PRESENCE,ano,2025,5657a,Staré Hrady,15620733,5378084,ano,val,ano,přítomnost druhu,ano,dobrý,chu,val,0
CZ0523682,Myotis emarginatus,CELKOVE_HODNOCENI,NA,2025,5657a,Staré Hrady,15620733,5378084,dobrý,NA,NA,NA,NA,dobrý,chu,NA,0
CZ0523683,Myotis emarginatus,POP_PRESENCE,ano,2020,5663d,EVL Štola Portál,13440392,9892686,ano,val,ano,přítomnost druhu,ano,dobrý,chu,val,0
CZ0523683,Myotis emarginatus,CELKOVE_HODNOCENI,NA,2020,5663d,EVL Štola Portál,13440392,9892686,dobrý,NA,NA,NA,NA,dobrý,chu,NA,0
CZ0524044,Myotis emarginatus,POP_PRESENCE,ano,"2018, 2025","5359b, 5361c","Herlíkovice - štoly, Žacléř","10729322, 15567724","7050202, 12914603",ano,val,ano,přítomnost druhu,ano,dobrý,chu,val,0
CZ0524044,Myotis emarginatus,CELKOVE_HODNOCENI,NA,"2018, 2025","5359b, 5361c","Herlíkovice - štoly, Žacléř","10729322, 15567724","7050202, 12914603",dobrý,NA,NA,NA,NA,dobrý,chu,NA,0
CZ0530020,Myotis emarginatus,POP_PRESENCE,ano,2016,6265c,Jeskyně Pod Mariánským obrazem,12956555,5063545,ano,val,ano,přítomnost druhu,ano,dobrý,chu,val,0
CZ0530020,Myotis emarginatus,CELKOVE_HODNOCENI,NA,2016,6265c,Jeskyně Pod Mariánským obrazem,12956555,5063545,dobrý,NA,NA,NA,NA,dobrý,chu,NA,0
CZ0530146,Myotis emarginatus,POP_PRESENCE,ano,2020,5867a,Tvarožné díry,11290642,5063011,ano,val,ano,přítomnost druhu,ano,dobrý,chu,val,0
CZ0530146,Myotis emarginatus,CELKOVE_HODNOCENI,NA,2020,5867a,Tvarožné díry,11290642,5063011,dobrý,NA,NA,NA,NA,dobrý,chu,NA,0
CZ0530500,Myotis emarginatus,POP_PRESENCE,ano,2023,6159b,Lichnice - sklepení hradu,"12226806, 12232265, 12956753",5479301,ano,val,ano,přítomnost druhu,ano,dobrý,chu,val,0
CZ0530500,Myotis emarginatus,CELKOVE_HODNOCENI,NA,2023,6159b,Lichnice - sklepení hradu,"12226806, 12232265, 12956753",5479301,dobrý,NA,NA,NA,NA,dobrý,chu,NA,0
CZ0530501,Myotis emarginatus,POP_PRESENCE,ano,2015,"63,""6063b""",EVL Brandýs,9826900,6082733,ano,val,ano,přítomnost druhu,ano,dobrý,chu,val,0
CZ0530501,Myotis emarginatus,CELKOVE_HODNOCENI,NA,2015,"63,""6063b""",EVL Brandýs,9826900,6082733,dobrý,NA,NA,NA,NA,dobrý,chu,NA,0
CZ0533684,Myotis emarginatus,POP_PRESENCE,ano,2020,6159d,EVL Běstvina - krypta,"10985882, 11290481",9676314,ano,val,ano,přítomnost druhu,ano,dobrý,chu,val,0
CZ0533684,Myotis emarginatus,CELKOVE_HODNOCENI,NA,2020,6159d,EVL Běstvina - krypta,"10985882, 11290481",9676314,dobrý,NA,NA,NA,NA,dobrý,chu,NA,0
CZ0533686,Myotis emarginatus,POP_PRESENCE,ano,2022,5966a,EVL Bouda u Těchonína,11919360,5938422,ano,val,ano,přítomnost druhu,ano,dobrý,chu,val,0
CZ0533686,Myotis emarginatus,CELKOVE_HODNOCENI,NA,2022,5966a,EVL Bouda u Těchonína,11919360,5938422,dobrý,NA,NA,NA,NA,dobrý,chu,NA,0
CZ0533687,Myotis emarginatus,POP_PRESENCE,ano,2024,6062c,EVL Jeskyně Bětník,14118859,5938419,ano,val,ano,přítomnost druhu,ano,dobrý,chu,val,0
CZ0533687,Myotis emarginatus,CELKOVE_HODNOCENI,NA,2024,6062c,EVL Jeskyně Bětník,14118859,5938419,dobrý,NA,NA,NA,NA,dobrý,chu,NA,0
CZ0533688,Myotis emarginatus,POP_PRESENCE,ano,2025,6163c,EVL Jeskyně u Horního Újezda,15620397,5943320,ano,val,ano,přítomnost druhu,ano,dobrý,chu,val,0
CZ0533688,Myotis emarginatus,CELKOVE_HODNOCENI,NA,2025,6163c,EVL Jeskyně u Horního Újezda,15620397,5943320,dobrý,NA,NA,NA,NA,dobrý,chu,NA,0
CZ0533693,Myotis emarginatus,POP_PRESENCE,ano,2023,6159b,EVL Podolská a Páterova jeskyně,12956897,1215121,ano,val,ano,přítomnost druhu,ano,dobrý,chu,val,0
CZ0533693,Myotis emarginatus,CELKOVE_HODNOCENI,NA,2023,6159b,EVL Podolská a Páterova jeskyně,12956897,1215121,dobrý,NA,NA,NA,NA,dobrý,chu,NA,0
CZ0610005,Myotis emarginatus,POP_PRESENCE,ano,"2013, 2015, 2023",6464c,"Boží Požehnání, Boží požehnání, šachta Boží požehnání a štola Bárov","9371635, 9173053, 12956847","5668276, 5517664, 5090775",ano,val,ano,přítomnost druhu,ano,dobrý,chu,val,0
CZ0610005,Myotis emarginatus,CELKOVE_HODNOCENI,NA,"2013, 2015, 2023",6464c,"Boží Požehnání, Boží požehnání, šachta Boží požehnání a štola Bárov","9371635, 9173053, 12956847","5668276, 5517664, 5090775",dobrý,NA,NA,NA,NA,dobrý,chu,NA,0
CZ0610056,Myotis emarginatus,POP_PRESENCE,ano,2014,6464c,NPP Švařec,"9152271, 9152275",5502329,ano,val,ano,přítomnost druhu,ano,dobrý,chu,val,0
CZ0610056,Myotis emarginatus,CELKOVE_HODNOCENI,NA,2014,6464c,NPP Švařec,"9152271, 9152275",5502329,dobrý,NA,NA,NA,NA,dobrý,chu,NA,0
CZ0612145,Myotis emarginatus,POP_PRESENCE,ano,2015,6560d,EVL Rychtářský rybník,9635032,4940698,ano,val,ano,přítomnost druhu,ano,dobrý,chu,val,0
CZ0612145,Myotis emarginatus,CELKOVE_HODNOCENI,NA,2015,6560d,EVL Rychtářský rybník,9635032,4940698,dobrý,NA,NA,NA,NA,dobrý,chu,NA,0
CZ0613699,Myotis emarginatus,POP_PRESENCE,ano,2012,6762d,EVL Náměšť nad Oslavou - zámeček,8542762,5074310,ano,val,ano,přítomnost druhu,ano,dobrý,chu,val,0
CZ0613699,Myotis emarginatus,CELKOVE_HODNOCENI,NA,2012,6762d,EVL Náměšť nad Oslavou - zámeček,8542762,5074310,dobrý,NA,NA,NA,NA,dobrý,chu,NA,0
CZ0613700,Myotis emarginatus,POP_PRESENCE,ano,"2024, 2023, 2014, 2015, 2016",6461b,"Zámek Žďár, Zámek Žďár - garáže, Zámek Žďár nad Sázavou, Žďár nad Sázavou, Santiniho, Žďár nad Sázavou-garáže","13095417, 12521637, 9371451, 9410061, 9808123","10163755, 9302329, 5668126, 5691147, 6324148",ano,val,ano,přítomnost druhu,ano,dobrý,chu,val,0
CZ0613700,Myotis emarginatus,CELKOVE_HODNOCENI,NA,"2024, 2023, 2014, 2015, 2016",6461b,"Zámek Žďár, Zámek Žďár - garáže, Zámek Žďár nad Sázavou, Žďár nad Sázavou, Santiniho, Žďár nad Sázavou-garáže","13095417, 12521637, 9371451, 9410061, 9808123","10163755, 9302329, 5668126, 5691147, 6324148",dobrý,NA,NA,NA,NA,dobrý,chu,NA,0
CZ0614059,Myotis emarginatus,POP_PRESENCE,ano,2020,6361a,"35014, Radostín","11250252, 11250308",7618905,ano,val,ano,přítomnost druhu,ano,dobrý,chu,val,0
CZ0614059,Myotis emarginatus,CELKOVE_HODNOCENI,NA,2020,6361a,"35014, Radostín","11250252, 11250308",7618905,dobrý,NA,NA,NA,NA,dobrý,chu,NA,0
CZ0614131,Myotis emarginatus,POP_PRESENCE,ano,"2021, 2012","6863a, 6862b","Březník, Transekt podél Oslavy","11731194, 8225303","8252123, 4994589",ano,val,ano,přítomnost druhu,ano,dobrý,chu,val,0
CZ0614131,Myotis emarginatus,CELKOVE_HODNOCENI,NA,"2021, 2012","6863a, 6862b","Březník, Transekt podél Oslavy","11731194, 8225303","8252123, 4994589",dobrý,NA,NA,NA,NA,dobrý,chu,NA,0
CZ0614134,Myotis emarginatus,POP_PRESENCE,ano,2021,6863c,"Mohelno 134, 675 75 Mohelno",11874509,8469116,ano,val,ano,přítomnost druhu,ano,dobrý,chu,val,0
CZ0614134,Myotis emarginatus,CELKOVE_HODNOCENI,NA,2021,6863c,"Mohelno 134, 675 75 Mohelno",11874509,8469116,dobrý,NA,NA,NA,NA,dobrý,chu,NA,0
CZ0615014,Myotis emarginatus,POP_PRESENCE,ano,2025,6461b,116490 - Zámek Žďár,15068367,6074285,ano,val,ano,přítomnost druhu,ano,dobrý,chu,val,0
CZ0615014,Myotis emarginatus,CELKOVE_HODNOCENI,NA,2025,6461b,116490 - Zámek Žďár,15068367,6074285,dobrý,NA,NA,NA,NA,dobrý,chu,NA,0
CZ0623016,Myotis emarginatus,POP_PRESENCE,ano,2015,7166d,Lednice - sklepy pod zámeckým skleníkem,9544816,5061813,ano,val,ano,přítomnost druhu,ano,dobrý,chu,val,0
CZ0623016,Myotis emarginatus,CELKOVE_HODNOCENI,NA,2015,7166d,Lednice - sklepy pod zámeckým skleníkem,9544816,5061813,dobrý,NA,NA,NA,NA,dobrý,chu,NA,0
CZ0623329,Myotis emarginatus,POP_PRESENCE,ano,"2015, 2024",6564c,"Prudká č.p.257, Prudká č.p.257, areál papírny","9548653, 14119397","5836926, 5917309",ano,val,ano,přítomnost druhu,ano,dobrý,chu,val,0
CZ0623329,Myotis emarginatus,CELKOVE_HODNOCENI,NA,"2015, 2024",6564c,"Prudká č.p.257, Prudká č.p.257, areál papírny","9548653, 14119397","5836926, 5917309",dobrý,NA,NA,NA,NA,dobrý,chu,NA,0
CZ0623717,Myotis emarginatus,POP_PRESENCE,ano,2025,6962d,Tavíkovice,15620840,5379135,ano,val,ano,přítomnost druhu,ano,dobrý,chu,val,0
CZ0623717,Myotis emarginatus,CELKOVE_HODNOCENI,NA,2025,6962d,Tavíkovice,15620840,5379135,dobrý,NA,NA,NA,NA,dobrý,chu,NA,0
CZ0623718,Myotis emarginatus,POP_PRESENCE,ano,"2023, 2025",7059d,"Uherčice, Uherčice - zámek","12957147, 15620484","5379146, 5061822",ano,val,ano,přítomnost druhu,ano,dobrý,chu,val,0
CZ0623718,Myotis emarginatus,CELKOVE_HODNOCENI,NA,"2023, 2025",7059d,"Uherčice, Uherčice - zámek","12957147, 15620484","5379146, 5061822",dobrý,NA,NA,NA,NA,dobrý,chu,NA,0
CZ0623719,Myotis emarginatus,POP_PRESENCE,ano,2025,7160b,Vranov nad Dyjí - škola,15620779,5061825,ano,val,ano,přítomnost druhu,ano,dobrý,chu,val,0
CZ0623719,Myotis emarginatus,CELKOVE_HODNOCENI,NA,2025,7160b,Vranov nad Dyjí - škola,15620779,5061825,dobrý,NA,NA,NA,NA,dobrý,chu,NA,0
CZ0624065,Myotis emarginatus,POP_PRESENCE,ano,"2025, 2015, 2021","6664a, 6664b","Květnice - Nová Králova jeskyně, Květnice - Stará Králova jeskyně, Květnice - propast, Květnice - Čtyřpatrová štola, Květnice - štola Královna, Květnice – jeskyně Pod křížem","15620374, 15620373, 9545091, 9545088, 11777382, 11777391","5834895, 5834894, 5068729, 5062301, 5062302, 5834893",ano,val,ano,přítomnost druhu,ano,dobrý,chu,val,0
CZ0624065,Myotis emarginatus,CELKOVE_HODNOCENI,NA,"2025, 2015, 2021","6664a, 6664b","Květnice - Nová Králova jeskyně, Květnice - Stará Králova jeskyně, Květnice - propast, Květnice - Čtyřpatrová štola, Květnice - štola Královna, Květnice – jeskyně Pod křížem","15620374, 15620373, 9545091, 9545088, 11777382, 11777391","5834895, 5834894, 5068729, 5062301, 5062302, 5834893",dobrý,NA,NA,NA,NA,dobrý,chu,NA,0
CZ0624070,Myotis emarginatus,POP_PRESENCE,ano,2013,"45,""7168b""",EVL Hodonínská doubrava,9153908,5387913,ano,val,ano,přítomnost druhu,ano,dobrý,chu,val,0
CZ0624070,Myotis emarginatus,CELKOVE_HODNOCENI,NA,2013,"45,""7168b""",EVL Hodonínská doubrava,9153908,5387913,dobrý,NA,NA,NA,NA,dobrý,chu,NA,0
CZ0624096,Myotis emarginatus,POP_PRESENCE,ano,"2023, 2015, 2025","7161a, 7161c, 7160b","Ledové sluje, Nový Hrádek - sklepy, Vranov nad Dyjí - zámek","12818449, 12818450, 9544909, 15620474","9650591, 5061829, 5067544",ano,val,ano,přítomnost druhu,ano,dobrý,chu,val,0
CZ0624096,Myotis emarginatus,CELKOVE_HODNOCENI,NA,"2023, 2015, 2025","7161a, 7161c, 7160b","Ledové sluje, Nový Hrádek - sklepy, Vranov nad Dyjí - zámek","12818449, 12818450, 9544909, 15620474","9650591, 5061829, 5067544",dobrý,NA,NA,NA,NA,dobrý,chu,NA,0
CZ0624098,Myotis emarginatus,POP_PRESENCE,ano,"2021, 2025",7165d,"692 01 Mikulov, Na Turoldu - jeskyně","11874510, 15620350","8469117, 5061820",ano,val,ano,přítomnost druhu,ano,dobrý,chu,val,0
CZ0624098,Myotis emarginatus,CELKOVE_HODNOCENI,NA,"2021, 2025",7165d,"692 01 Mikulov, Na Turoldu - jeskyně","11874510, 15620350","8469117, 5061820",dobrý,NA,NA,NA,NA,dobrý,chu,NA,0
CZ0624099,Myotis emarginatus,POP_PRESENCE,ano,2013,7166a,"Bulhary (distr. Břeclav): rez. Křivé jezero, záp. od Křivého jezera",8915088,1774295,ano,val,ano,přítomnost druhu,ano,dobrý,chu,val,0
CZ0624099,Myotis emarginatus,CELKOVE_HODNOCENI,NA,2013,7166a,"Bulhary (distr. Břeclav): rez. Křivé jezero, záp. od Křivého jezera",8915088,1774295,dobrý,NA,NA,NA,NA,dobrý,chu,NA,0
CZ0624106,Myotis emarginatus,POP_PRESENCE,ano,2014,7162b,Tvořihráz 3,9535767,5827361,ano,val,ano,přítomnost druhu,ano,dobrý,chu,val,0
CZ0624106,Myotis emarginatus,CELKOVE_HODNOCENI,NA,2014,7162b,Tvořihráz 3,9535767,5827361,dobrý,NA,NA,NA,NA,dobrý,chu,NA,0
CZ0624119,Myotis emarginatus,POP_PRESENCE,ano,"2014, 2013",7367b,"NPR Cahnov - Soutok, NPR Ranšpurk 362","9143606, 8915118","1004252, 5382023",ano,val,ano,přítomnost druhu,ano,dobrý,chu,val,0
CZ0624119,Myotis emarginatus,CELKOVE_HODNOCENI,NA,"2014, 2013",7367b,"NPR Cahnov - Soutok, NPR Ranšpurk 362","9143606, 8915118","1004252, 5382023",dobrý,NA,NA,NA,NA,dobrý,chu,NA,0
CZ0624130,Myotis emarginatus,POP_PRESENCE,ano,"2025, 2017, 2020, 2021, 2024, 2016, 2023, 2022, 2026, 2012","6666b, 6666c, 6666a, 6566d, 6766a, 6766c, 6766d, 6566c","Balcarka, Barová jeskyně, Býčí skála, Býčí skála - mimo monitoring, Býčí skála, mimo základní monitoring, Císařská jeskyně, Erichova jeskyně, Holštejnská jeskyně, Jeskyně Lidomorna, Jeskyně Mastný flek, Jeskyně Nad Švýcárnou, Jestřábka, Jáchymka, Adamov - Adamov, Kalova jeskyně, Kanibalka, Kateřinská jeskyně, Komínová jeskyně, Koudelkova propast, Koňská jáma, Králova jeskyně, Lidomorna, Lipovecká ventarola, Lipovecká ventarola, Jiná dimenze, Jeskyně pravěkých symbolů, Malčina jeskyně, Mariánská jeskyně, Málčina jeskyně, Netopýrka - jeskyně, Nová Drátenická jeskyně, Nová Rasovna, Nová Rasovna - jeskyně, Ochoz u Brna, Ochozská jeskyně, Ochozská jeskyně - Labyrint, Ochozská jeskyně - Stará Ochozská, Punkevní jeskyně, Punkevní jeskyně - chodba, Punkevní jeskyně - chodba a Macocha, Punkevní jeskyně - chodby, Punkevní jeskyně - tunel, Punkevní jeskyně - tunelová chodba, Pustožlebská zazděná jeskyně, Pustý žleb, Suchdol, Rudické propadání, Rudoleckého propast, Sadová, Adamov, Sloupsko-šošůvské jeskyně, Sloupsko-šošůvské jeskyně - Staré skály a Černá propast, Sloupsko-šošůvské jeskyně - ponory, Sloupsko-šošůvské jeskyně - před vchodem, Sloupsko-šošůvské jeskyně - Černá propast, Sloupská jeskyně, Stará Drátenická jeskyně, Suchdol v Moravském krasu - jeskyně Sedmnáctka, Suchožlebská zazděná jeskyně, V Habříčku, Vavřinecké paleoponory, Výpustek, chodba Punkvy u přístavu - bez vody, chodba Punkvy z Macochy - bez vody, chodba a Staré skály, jeskyně Balcarka, jeskyně Balcarka (bez muzea), jeskyně Býčí skála, jeskyně Dagmar, jeskyně Jáchymka, jeskyně Kanibalka, jeskyně Koňská jáma, jeskyně Lidomorna, jeskyně Mariánská, jeskyně Mastný flek, jeskyně Nad Švýcárnou, jeskyně Netopýrka, jeskyně Nová Dimenze, jeskyně Nová Dratenická, jeskyně Nová Drátenická, jeskyně Nová Rasovna, jeskyně Piková dáma, jeskyně Pravěkých symbolů, jeskyně Pustožlebská zazděná, jeskyně SOky, jeskyně Sedmnáctka, jeskyně Silvestrovka, jeskyně Sonda pod Jedničkou, jeskyně Spirálka, jeskyně Stará Dratenická, jeskyně Suchožlebská zazděná, jeskyně U tří síní, jeskyně Výpustek, Černá propast, Šachta za Evropou a Indií, štola za Švýcárnou, štola č. 2, štola č. 4","15620529, 9808741, 13821962, 15620644, 11731847, 11731415, 13749727, 15620556, 12804525, 14118988, 12805758, 10540154, 12957305, 15620709, 11777598, 15509262, 11290630, 15620650, 13749726, 15620557, 9809125, 10087549, 13749715, 15620593, 12494801, 15569205, 12494747, 13446406, 15530863, 13771830, 14036441, 15620646, 15620639, 14119182, 15620647, 14845933, 15620492, 13820234, 12243745, 9807986, 15620636, 13731550, 11751207, 13749721, 12242659, 11731843, 12804521, 15620536, 12242040, 12242724, 12956976, 11741365, 11731411, 13749725, 15620554, 11751210, 12817567, 13749724, 12817568, 11453128, 15620645, 8198403, 15620531, 14087720, 11757287, 15620648, 13777538, 13777540, 11310240, 15571661, 13749719, 12249191, 14890529, 15466447, 15476423, 14036444, 11748741, 11745967, 12228603, 12249195, 13749716, 12249116, 10997912, 13082887, 13082889, 14036442, 12249149, 12249194, 13456821, 13451929, 13082886, 13082888, 15571662, 15535113, 13820709, 15620710, 11747014, 12247318, 13446850, 13776888, 15569204, 11258811, 13456569, 13776887, 15468234, 11311710, 12033230, 9805767, 12249119, 12249155","5063522, 6063443, 10848721, 8253444, 8252705, 10784908, 9635884, 9637084, 6829166, 9874637, 8329139, 5063535, 12852653, 5063523, 5063536, 10784907, 6063951, 10784896, 5063527, 12916711, 8329134, 10681126, 12878583, 10808501, 11072203, 5062311, 5062310, 5063533, 11940037, 5063520, 10844586, 8976662, 5069776, 5062308, 10768648, 8281460, 10784902, 8971126, 8253440, 9635880, 8329143, 8968256, 8971191, 8270479, 8252701, 10784906, 8281463, 9649627, 10784905, 9649628, 7835056, 5063531, 4977478, 5063524, 11142710, 8285971, 5063534, 10817230, 10817232, 7780358, 12920657, 10784900, 8992167, 12006490, 12791832, 11072206, 8278798, 8273310, 8992171, 10784897, 8992092, 7295799, 10134707, 11072204, 8992125, 10695805, 10688883, 10134706, 12920658, 12884368, 10845566, 8275738, 8986488, 10681990, 10815555, 12916710, 7632479, 10695201, 7784213, 8727744, 6061663, 8992095, 8992131",ano,val,ano,přítomnost druhu,ano,dobrý,chu,val,0
CZ0624130,Myotis emarginatus,CELKOVE_HODNOCENI,NA,"2025, 2017, 2020, 2021, 2024, 2016, 2023, 2022, 2026, 2012","6666b, 6666c, 6666a, 6566d, 6766a, 6766c, 6766d, 6566c","Balcarka, Barová jeskyně, Býčí skála, Býčí skála - mimo monitoring, Býčí skála, mimo základní monitoring, Císařská jeskyně, Erichova jeskyně, Holštejnská jeskyně, Jeskyně Lidomorna, Jeskyně Mastný flek, Jeskyně Nad Švýcárnou, Jestřábka, Jáchymka, Adamov - Adamov, Kalova jeskyně, Kanibalka, Kateřinská jeskyně, Komínová jeskyně, Koudelkova propast, Koňská jáma, Králova jeskyně, Lidomorna, Lipovecká ventarola, Lipovecká ventarola, Jiná dimenze, Jeskyně pravěkých symbolů, Malčina jeskyně, Mariánská jeskyně, Málčina jeskyně, Netopýrka - jeskyně, Nová Drátenická jeskyně, Nová Rasovna, Nová Rasovna - jeskyně, Ochoz u Brna, Ochozská jeskyně, Ochozská jeskyně - Labyrint, Ochozská jeskyně - Stará Ochozská, Punkevní jeskyně, Punkevní jeskyně - chodba, Punkevní jeskyně - chodba a Macocha, Punkevní jeskyně - chodby, Punkevní jeskyně - tunel, Punkevní jeskyně - tunelová chodba, Pustožlebská zazděná jeskyně, Pustý žleb, Suchdol, Rudické propadání, Rudoleckého propast, Sadová, Adamov, Sloupsko-šošůvské jeskyně, Sloupsko-šošůvské jeskyně - Staré skály a Černá propast, Sloupsko-šošůvské jeskyně - ponory, Sloupsko-šošůvské jeskyně - před vchodem, Sloupsko-šošůvské jeskyně - Černá propast, Sloupská jeskyně, Stará Drátenická jeskyně, Suchdol v Moravském krasu - jeskyně Sedmnáctka, Suchožlebská zazděná jeskyně, V Habříčku, Vavřinecké paleoponory, Výpustek, chodba Punkvy u přístavu - bez vody, chodba Punkvy z Macochy - bez vody, chodba a Staré skály, jeskyně Balcarka, jeskyně Balcarka (bez muzea), jeskyně Býčí skála, jeskyně Dagmar, jeskyně Jáchymka, jeskyně Kanibalka, jeskyně Koňská jáma, jeskyně Lidomorna, jeskyně Mariánská, jeskyně Mastný flek, jeskyně Nad Švýcárnou, jeskyně Netopýrka, jeskyně Nová Dimenze, jeskyně Nová Dratenická, jeskyně Nová Drátenická, jeskyně Nová Rasovna, jeskyně Piková dáma, jeskyně Pravěkých symbolů, jeskyně Pustožlebská zazděná, jeskyně SOky, jeskyně Sedmnáctka, jeskyně Silvestrovka, jeskyně Sonda pod Jedničkou, jeskyně Spirálka, jeskyně Stará Dratenická, jeskyně Suchožlebská zazděná, jeskyně U tří síní, jeskyně Výpustek, Černá propast, Šachta za Evropou a Indií, štola za Švýcárnou, štola č. 2, štola č. 4","15620529, 9808741, 13821962, 15620644, 11731847, 11731415, 13749727, 15620556, 12804525, 14118988, 12805758, 10540154, 12957305, 15620709, 11777598, 15509262, 11290630, 15620650, 13749726, 15620557, 9809125, 10087549, 13749715, 15620593, 12494801, 15569205, 12494747, 13446406, 15530863, 13771830, 14036441, 15620646, 15620639, 14119182, 15620647, 14845933, 15620492, 13820234, 12243745, 9807986, 15620636, 13731550, 11751207, 13749721, 12242659, 11731843, 12804521, 15620536, 12242040, 12242724, 12956976, 11741365, 11731411, 13749725, 15620554, 11751210, 12817567, 13749724, 12817568, 11453128, 15620645, 8198403, 15620531, 14087720, 11757287, 15620648, 13777538, 13777540, 11310240, 15571661, 13749719, 12249191, 14890529, 15466447, 15476423, 14036444, 11748741, 11745967, 12228603, 12249195, 13749716, 12249116, 10997912, 13082887, 13082889, 14036442, 12249149, 12249194, 13456821, 13451929, 13082886, 13082888, 15571662, 15535113, 13820709, 15620710, 11747014, 12247318, 13446850, 13776888, 15569204, 11258811, 13456569, 13776887, 15468234, 11311710, 12033230, 9805767, 12249119, 12249155","5063522, 6063443, 10848721, 8253444, 8252705, 10784908, 9635884, 9637084, 6829166, 9874637, 8329139, 5063535, 12852653, 5063523, 5063536, 10784907, 6063951, 10784896, 5063527, 12916711, 8329134, 10681126, 12878583, 10808501, 11072203, 5062311, 5062310, 5063533, 11940037, 5063520, 10844586, 8976662, 5069776, 5062308, 10768648, 8281460, 10784902, 8971126, 8253440, 9635880, 8329143, 8968256, 8971191, 8270479, 8252701, 10784906, 8281463, 9649627, 10784905, 9649628, 7835056, 5063531, 4977478, 5063524, 11142710, 8285971, 5063534, 10817230, 10817232, 7780358, 12920657, 10784900, 8992167, 12006490, 12791832, 11072206, 8278798, 8273310, 8992171, 10784897, 8992092, 7295799, 10134707, 11072204, 8992125, 10695805, 10688883, 10134706, 12920658, 12884368, 10845566, 8275738, 8986488, 10681990, 10815555, 12916710, 7632479, 10695201, 7784213, 8727744, 6061663, 8992095, 8992131",dobrý,NA,NA,NA,NA,dobrý,chu,NA,0
CZ0713398,Myotis emarginatus,POP_PRESENCE,ano,2015,5770a,Zlaté Hory - Zlaté jezero,9827150,6083073,ano,val,ano,přítomnost druhu,ano,dobrý,chu,val,0
CZ0713398,Myotis emarginatus,CELKOVE_HODNOCENI,NA,2015,5770a,Zlaté Hory - Zlaté jezero,9827150,6083073,dobrý,NA,NA,NA,NA,dobrý,chu,NA,0
CZ0713526,Myotis emarginatus,POP_PRESENCE,ano,2022,6370b,EVL Velká Střelná - štoly,"11918566, 11918567",5938410,ano,val,ano,přítomnost druhu,ano,dobrý,chu,val,0
CZ0713526,Myotis emarginatus,CELKOVE_HODNOCENI,NA,2022,6370b,EVL Velká Střelná - štoly,"11918566, 11918567",5938410,dobrý,NA,NA,NA,NA,dobrý,chu,NA,0
CZ0713722,Myotis emarginatus,POP_PRESENCE,ano,"2025, 2021, 2013",5868a,"Branná - hrad Kolštejn, EVL Branná - hrad, hrad Branná","15513614, 11664654, 8921912","6842599, 9561127, 262103",ano,val,ano,přítomnost druhu,ano,dobrý,chu,val,0
CZ0713722,Myotis emarginatus,CELKOVE_HODNOCENI,NA,"2025, 2021, 2013",5868a,"Branná - hrad Kolštejn, EVL Branná - hrad, hrad Branná","15513614, 11664654, 8921912","6842599, 9561127, 262103",dobrý,NA,NA,NA,NA,dobrý,chu,NA,0
CZ0713730,Myotis emarginatus,POP_PRESENCE,ano,2025,5769b,Jeskyně Na Špičáku,14862462,5517882,ano,val,ano,přítomnost druhu,ano,dobrý,chu,val,0
CZ0713730,Myotis emarginatus,CELKOVE_HODNOCENI,NA,2025,5769b,Jeskyně Na Špičáku,14862462,5517882,dobrý,NA,NA,NA,NA,dobrý,chu,NA,0
CZ0713741,Myotis emarginatus,POP_PRESENCE,ano,2022,6372c,Soudkova štola,11918352,8518981,ano,val,ano,přítomnost druhu,ano,dobrý,chu,val,0
CZ0713741,Myotis emarginatus,CELKOVE_HODNOCENI,NA,2022,6372c,Soudkova štola,11918352,8518981,dobrý,NA,NA,NA,NA,dobrý,chu,NA,0
CZ0713742,Myotis emarginatus,POP_PRESENCE,ano,"2025, 2018, 2024",5770c,"Důl Weltkriestolle I, Marie Pomocná II - štola, Marie Pomocná III - štola","15620623, 10729997, 14118854","5067787, 5062006, 5062007",ano,val,ano,přítomnost druhu,ano,dobrý,chu,val,0
CZ0713742,Myotis emarginatus,CELKOVE_HODNOCENI,NA,"2025, 2018, 2024",5770c,"Důl Weltkriestolle I, Marie Pomocná II - štola, Marie Pomocná III - štola","15620623, 10729997, 14118854","5067787, 5062006, 5062007",dobrý,NA,NA,NA,NA,dobrý,chu,NA,0
CZ0713743,Myotis emarginatus,POP_PRESENCE,ano,"2021, 2022",5967c,"Mařka - štola, štola Mařka","11777525, 11919361","5059432, 8521963",ano,val,ano,přítomnost druhu,ano,dobrý,chu,val,0
CZ0713743,Myotis emarginatus,CELKOVE_HODNOCENI,NA,"2021, 2022",5967c,"Mařka - štola, štola Mařka","11777525, 11919361","5059432, 8521963",dobrý,NA,NA,NA,NA,dobrý,chu,NA,0
CZ0714073,Myotis emarginatus,POP_PRESENCE,ano,"2022, 2023, 2012","6268c, 6267d","Mladeč, PP Pod Templem, S okraj, Mladečské jeskyně, NPP Třesín, Mladečské jeskyně, NPP Třesín, jeskyně Ve štole, Třesín – štola, Vrapač, Řimice, Za mlýnem","12051149, 12051180, 12051181, 12956983, 11917083, 11918346, 12957304, 8915126, 8915116","8763001, 5063583, 8516993, 8518838, 9874636, 5384358, 5384354",ano,val,ano,přítomnost druhu,ano,dobrý,chu,val,0
CZ0714073,Myotis emarginatus,CELKOVE_HODNOCENI,NA,"2022, 2023, 2012","6268c, 6267d","Mladeč, PP Pod Templem, S okraj, Mladečské jeskyně, NPP Třesín, Mladečské jeskyně, NPP Třesín, jeskyně Ve štole, Třesín – štola, Vrapač, Řimice, Za mlýnem","12051149, 12051180, 12051181, 12956983, 11917083, 11918346, 12957304, 8915126, 8915116","8763001, 5063583, 8516993, 8518838, 9874636, 5384358, 5384354",dobrý,NA,NA,NA,NA,dobrý,chu,NA,0
CZ0714080,Myotis emarginatus,POP_PRESENCE,ano,"2025, 2026, 2024, 2018, 2021, 2022, 2019, 2013, 2012","6367a, 6367b","Javoříčko - jeskyně Zkamenělý zámek, Javoříčské jeskyně, Javoříčské jeskyně - Hlinité jeskyně, Javoříčské jeskyně - K Černé propasti, Javoříčské jeskyně - Lví jáma, Javoříčské jeskyně - Medvědí jáma, Javoříčské jeskyně - přístupná část, Javoříčské jeskyně - Švecova díra, Javoříčské jeskyně - Švecovy jeskyně, Jeskyně Za hájovnou, NPR Špraněk, Paničtí díra, NPR Špraněk, Pizdulka, NPR Špraněk, Zátvořice, Paničtí díra, V Habří, Ve stráni, Velké propadání Špraňku, Zkamenělý zámek, Zátvořice, Švecova díra","15620684, 15578241, 14118938, 15620389, 10730068, 11777322, 15620386, 11777324, 15620391, 11918542, 10733457, 10733458, 10736299, 10736297, 8907261, 15535178, 15541408, 11918543, 15599434, 8907280, 8907282, 10736298, 10753902","5061837, 5668037, 5067770, 5067753, 5067749, 5067750, 5067748, 5067755, 5067769, 8519151, 7054419, 7058543, 7058540, 5379370, 5668093, 5668096, 7665545, 5668101, 5379382, 5683279",ano,val,ano,přítomnost druhu,ano,dobrý,chu,val,0
CZ0714080,Myotis emarginatus,CELKOVE_HODNOCENI,NA,"2025, 2026, 2024, 2018, 2021, 2022, 2019, 2013, 2012","6367a, 6367b","Javoříčko - jeskyně Zkamenělý zámek, Javoříčské jeskyně, Javoříčské jeskyně - Hlinité jeskyně, Javoříčské jeskyně - K Černé propasti, Javoříčské jeskyně - Lví jáma, Javoříčské jeskyně - Medvědí jáma, Javoříčské jeskyně - přístupná část, Javoříčské jeskyně - Švecova díra, Javoříčské jeskyně - Švecovy jeskyně, Jeskyně Za hájovnou, NPR Špraněk, Paničtí díra, NPR Špraněk, Pizdulka, NPR Špraněk, Zátvořice, Paničtí díra, V Habří, Ve stráni, Velké propadání Špraňku, Zkamenělý zámek, Zátvořice, Švecova díra","15620684, 15578241, 14118938, 15620389, 10730068, 11777322, 15620386, 11777324, 15620391, 11918542, 10733457, 10733458, 10736299, 10736297, 8907261, 15535178, 15541408, 11918543, 15599434, 8907280, 8907282, 10736298, 10753902","5061837, 5668037, 5067770, 5067753, 5067749, 5067750, 5067748, 5067755, 5067769, 8519151, 7054419, 7058543, 7058540, 5379370, 5668093, 5668096, 7665545, 5668101, 5379382, 5683279",dobrý,NA,NA,NA,NA,dobrý,chu,NA,0
CZ0714086,Myotis emarginatus,POP_PRESENCE,ano,"2025, 2023, 2021, 2014","5768d, 5768b","Jeskyně Na Pomezí, Jeskyně Na Pomezí - Liščí díra - Rumový dóm, Jeskyně Na Pomezí - Májové jeskyně, Jeskyně Na Pomezí - komplex, Jeskyně Na Pomezí - původní, Jeskyně na Pomezí vyhlídkový okruh a u východu, Lipová Lázně - jeskyně Rasovna, Liščí díra - Rumový dóm, Roušarova jeskyně, Velký Dóm, Vápenná - Roušarova jeskyně","15489196, 12957020, 11777373, 12957016, 11777374, 9679359, 11777389, 15490525, 15503404, 15504403, 11777328","5517877, 5061838, 5069071, 5069068, 5069269, 5950440, 5069012, 5517883, 8521991, 8521990, 5069009",ano,val,ano,přítomnost druhu,ano,dobrý,chu,val,0
CZ0714086,Myotis emarginatus,CELKOVE_HODNOCENI,NA,"2025, 2023, 2021, 2014","5768d, 5768b","Jeskyně Na Pomezí, Jeskyně Na Pomezí - Liščí díra - Rumový dóm, Jeskyně Na Pomezí - Májové jeskyně, Jeskyně Na Pomezí - komplex, Jeskyně Na Pomezí - původní, Jeskyně na Pomezí vyhlídkový okruh a u východu, Lipová Lázně - jeskyně Rasovna, Liščí díra - Rumový dóm, Roušarova jeskyně, Velký Dóm, Vápenná - Roušarova jeskyně","15489196, 12957020, 11777373, 12957016, 11777374, 9679359, 11777389, 15490525, 15503404, 15504403, 11777328","5517877, 5061838, 5069071, 5069068, 5069269, 5950440, 5069012, 5517883, 8521991, 8521990, 5069009",dobrý,NA,NA,NA,NA,dobrý,chu,NA,0
CZ0714133,Myotis emarginatus,POP_PRESENCE,ano,"2013, 2015, 2016, 2018, 2025, 2022, 2021, 2017, 2024","6370b, 6471b, 6370a","Důl Jan, Gotická štola, Hrubá Voda - břidlicový důl Velká Střelná, Opálová štola, Velká Střelná - Úpadní štola, Velká Střelná - štola 24, Velká Střelná - štola u domova důchodců, Větrný komín, Štola Klikatá, Štola U mostku, Štola U můstku, Štola Špirutka, štola Větrný komín","8931734, 9544880, 9807920, 10730201, 15620406, 11918540, 12494650, 11777337, 12494636, 10087163, 10730200, 10087164, 14119132, 11918537","5388024, 5063961, 1277877, 5063591, 5067138, 8329140, 5067143, 5063960, 6329897, 5063590, 6329898, 6062768, 8519106",ano,val,ano,přítomnost druhu,ano,dobrý,chu,val,0
CZ0714133,Myotis emarginatus,CELKOVE_HODNOCENI,NA,"2013, 2015, 2016, 2018, 2025, 2022, 2021, 2017, 2024","6370b, 6471b, 6370a","Důl Jan, Gotická štola, Hrubá Voda - břidlicový důl Velká Střelná, Opálová štola, Velká Střelná - Úpadní štola, Velká Střelná - štola 24, Velká Střelná - štola u domova důchodců, Větrný komín, Štola Klikatá, Štola U mostku, Štola U můstku, Štola Špirutka, štola Větrný komín","8931734, 9544880, 9807920, 10730201, 15620406, 11918540, 12494650, 11777337, 12494636, 10087163, 10730200, 10087164, 14119132, 11918537","5388024, 5063961, 1277877, 5063591, 5067138, 8329140, 5067143, 5063960, 6329897, 5063590, 6329898, 6062768, 8519106",dobrý,NA,NA,NA,NA,dobrý,chu,NA,0
CZ0714772,Myotis emarginatus,POP_PRESENCE,ano,2022,6370a,"Marie Sněžná - štola, štola P. Marie Sněžné","12494633, 11918569","5061282, 8519550",ano,val,ano,přítomnost druhu,ano,dobrý,chu,val,0
CZ0714772,Myotis emarginatus,CELKOVE_HODNOCENI,NA,2022,6370a,"Marie Sněžná - štola, štola P. Marie Sněžné","12494633, 11918569","5061282, 8519550",dobrý,NA,NA,NA,NA,dobrý,chu,NA,0
CZ0723757,Myotis emarginatus,POP_PRESENCE,ano,"2025, 2017",6973a,"Slavičín, Slavičín - zámek","15620878, 10604561","5917318, 5902131",ano,val,ano,přítomnost druhu,ano,dobrý,chu,val,0
CZ0723757,Myotis emarginatus,CELKOVE_HODNOCENI,NA,"2025, 2017",6973a,"Slavičín, Slavičín - zámek","15620878, 10604561","5917318, 5902131",dobrý,NA,NA,NA,NA,dobrý,chu,NA,0
CZ0723758,Myotis emarginatus,POP_PRESENCE,ano,2022,6772d,Slušovice,12068348,5917319,ano,val,ano,přítomnost druhu,ano,dobrý,chu,val,0
CZ0723758,Myotis emarginatus,CELKOVE_HODNOCENI,NA,2022,6772d,Slušovice,12068348,5917319,dobrý,NA,NA,NA,NA,dobrý,chu,NA,0
CZ0723759,Myotis emarginatus,POP_PRESENCE,ano,2012,6773a,Sintrová štola,8521213,5062016,ano,val,ano,přítomnost druhu,ano,dobrý,chu,val,0
CZ0723759,Myotis emarginatus,CELKOVE_HODNOCENI,NA,2012,6773a,Sintrová štola,8521213,5062016,dobrý,NA,NA,NA,NA,dobrý,chu,NA,0
CZ0724089,Myotis emarginatus,POP_PRESENCE,ano,"2025, 2024, 2018, 2013, 2015, 2020, 2021, 2023","6575b, 6478c, 47,""6575b"", 6576d, 6476b, 77,""6377c"", 76,""6476c"", 6475c, 6774c","Cyrilka, Dolní Lomná, Jeskyně Cyrilka, Jeskyně Vasco, Jeskyně Čertova díra, Kněhyňská jeskyně, NPR Kněhyně - Čertův mlýn, NPR Salajka, Ondrášovy díry, PR Ropice 5639, PR Smrk 1883, Prostřední Bečva, jeskyně Cyrilka, Trojanovice, Trojanovice 489, jeskyně Cyrilka, jeskyně Velryba, Čeladná","15289263, 14080960, 15620696, 10730365, 10730364, 15620332, 9169531, 10144720, 15620308, 12057292, 12057304, 15279812, 15279811, 10282610, 15023712, 12526235, 15620516, 12831355","12657791, 11132269, 5062000, 5834890, 5834889, 5061999, 1009900, 6376943, 5061990, 8773011, 8773045, 12639975, 6554038, 12208652, 9309909, 5062014, 9675659",ano,val,ano,přítomnost druhu,ano,dobrý,chu,val,0
CZ0724089,Myotis emarginatus,CELKOVE_HODNOCENI,NA,"2025, 2024, 2018, 2013, 2015, 2020, 2021, 2023","6575b, 6478c, 47,""6575b"", 6576d, 6476b, 77,""6377c"", 76,""6476c"", 6475c, 6774c","Cyrilka, Dolní Lomná, Jeskyně Cyrilka, Jeskyně Vasco, Jeskyně Čertova díra, Kněhyňská jeskyně, NPR Kněhyně - Čertův mlýn, NPR Salajka, Ondrášovy díry, PR Ropice 5639, PR Smrk 1883, Prostřední Bečva, jeskyně Cyrilka, Trojanovice, Trojanovice 489, jeskyně Cyrilka, jeskyně Velryba, Čeladná","15289263, 14080960, 15620696, 10730365, 10730364, 15620332, 9169531, 10144720, 15620308, 12057292, 12057304, 15279812, 15279811, 10282610, 15023712, 12526235, 15620516, 12831355","12657791, 11132269, 5062000, 5834890, 5834889, 5061999, 1009900, 6376943, 5061990, 8773011, 8773045, 12639975, 6554038, 12208652, 9309909, 5062014, 9675659",dobrý,NA,NA,NA,NA,dobrý,chu,NA,0
CZ0724090,Myotis emarginatus,POP_PRESENCE,ano,2023,7172a,"Strání, PP Nová hora",12719812,9516523,ano,val,ano,přítomnost druhu,ano,dobrý,chu,val,0
CZ0724090,Myotis emarginatus,CELKOVE_HODNOCENI,NA,2023,7172a,"Strání, PP Nová hora",12719812,9516523,dobrý,NA,NA,NA,NA,dobrý,chu,NA,0
CZ0724429,Myotis emarginatus,POP_PRESENCE,ano,2021,6672b,"437, Chvalčov",11607480,8111313,ano,val,ano,přítomnost druhu,ano,dobrý,chu,val,0
CZ0724429,Myotis emarginatus,CELKOVE_HODNOCENI,NA,2021,6672b,"437, Chvalčov",11607480,8111313,dobrý,NA,NA,NA,NA,dobrý,chu,NA,0
CZ0810004,Myotis emarginatus,POP_PRESENCE,ano,2013,"63,""6376d""",NPP Skalická Morávka,9169518,1024087,ano,val,ano,přítomnost druhu,ano,dobrý,chu,val,0
CZ0810004,Myotis emarginatus,CELKOVE_HODNOCENI,NA,2013,"63,""6376d""",NPP Skalická Morávka,9169518,1024087,dobrý,NA,NA,NA,NA,dobrý,chu,NA,0
CZ0810018,Myotis emarginatus,POP_PRESENCE,ano,"2023, 2024",6169a,"Důl Ruda II, Ruda I ( Jáma Za hřbitovem)","12957048, 14119144","5062003, 5061993",ano,val,ano,přítomnost druhu,ano,dobrý,chu,val,0
CZ0810018,Myotis emarginatus,CELKOVE_HODNOCENI,NA,"2023, 2024",6169a,"Důl Ruda II, Ruda I ( Jáma Za hřbitovem)","12957048, 14119144","5062003, 5061993",dobrý,NA,NA,NA,NA,dobrý,chu,NA,0
CZ0813472,Myotis emarginatus,POP_PRESENCE,ano,2025,5970a,Důl Suchá Rudná II (Liščí díry II),15620655,5381907,ano,val,ano,přítomnost druhu,ano,dobrý,chu,val,0
CZ0813472,Myotis emarginatus,CELKOVE_HODNOCENI,NA,2025,5970a,Důl Suchá Rudná II (Liščí díry II),15620655,5381907,dobrý,NA,NA,NA,NA,dobrý,chu,NA,0
CZ0813760,Myotis emarginatus,POP_PRESENCE,ano,"2013, 2025",6272a,"EVL Černý důl, Černý důl","8910436, 15620394","1279615, 5067786",ano,val,ano,přítomnost druhu,ano,dobrý,chu,val,0
CZ0813760,Myotis emarginatus,CELKOVE_HODNOCENI,NA,"2013, 2025",6272a,"EVL Černý důl, Černý důl","8910436, 15620394","1279615, 5067786",dobrý,NA,NA,NA,NA,dobrý,chu,NA,0
CZ0813763,Myotis emarginatus,POP_PRESENCE,ano,"2025, 2019, 2017","5969b, 5969d","Malá Morávka, Nad Jelení cestou - štola č.10, Malá Morávka, Nad Jelení cestou - štola č.2, Malá Morávka, Nad Jelení cestou - štola č.5, Malá Morávka, Nad Jelení cestou - štola č.9","15620611, 15620603, 11223222, 10087481","6062763, 5062294, 5062291, 5062293",ano,val,ano,přítomnost druhu,ano,dobrý,chu,val,0
CZ0813763,Myotis emarginatus,CELKOVE_HODNOCENI,NA,"2025, 2019, 2017","5969b, 5969d","Malá Morávka, Nad Jelení cestou - štola č.10, Malá Morávka, Nad Jelení cestou - štola č.2, Malá Morávka, Nad Jelení cestou - štola č.5, Malá Morávka, Nad Jelení cestou - štola č.9","15620611, 15620603, 11223222, 10087481","6062763, 5062294, 5062291, 5062293",dobrý,NA,NA,NA,NA,dobrý,chu,NA,0
CZ0813765,Myotis emarginatus,POP_PRESENCE,ano,2022,6069b,EVL Štola Franz - Franz,11918690,9561129,ano,val,ano,přítomnost druhu,ano,dobrý,chu,val,0
CZ0813765,Myotis emarginatus,CELKOVE_HODNOCENI,NA,2022,6069b,EVL Štola Franz - Franz,11918690,9561129,dobrý,NA,NA,NA,NA,dobrý,chu,NA,0
CZ0813766,Myotis emarginatus,POP_PRESENCE,ano,2024,6071d,Jakartovice I (Bohuš),"14118811, 15620293",5061995,ano,val,ano,přítomnost druhu,ano,dobrý,chu,val,0
CZ0813766,Myotis emarginatus,CELKOVE_HODNOCENI,NA,2024,6071d,Jakartovice I (Bohuš),"14118811, 15620293",5061995,dobrý,NA,NA,NA,NA,dobrý,chu,NA,0
CZ0813770,Myotis emarginatus,POP_PRESENCE,ano,"2012, 2025",6272a,"EVL Čermná - důl Potlachový, Čermná- Potlachový","8521182, 8910417, 15620383","1279617, 5061989",ano,val,ano,přítomnost druhu,ano,dobrý,chu,val,0
CZ0813770,Myotis emarginatus,CELKOVE_HODNOCENI,NA,"2012, 2025",6272a,"EVL Čermná - důl Potlachový, Čermná- Potlachový","8521182, 8910417, 15620383","1279617, 5061989",dobrý,NA,NA,NA,NA,dobrý,chu,NA,0
CZ0210010,Myotis bechsteinii,POP_PRESENCE,ano,2022,6150a,"Neumětely, 11413",11915560,8511076,ano,val,ano,přítomnost druhu,ano,dobrý,chu,val,0
CZ0210010,Myotis bechsteinii,CELKOVE_HODNOCENI,NA,2022,6150a,"Neumětely, 11413",11915560,8511076,dobrý,NA,NA,NA,NA,dobrý,chu,NA,0
CZ0210027,Myotis bechsteinii,POP_PRESENCE,ano,"2013, 2015",6054b,"Jevany, Jevany - Bučiny, Jevany - Lenhartova studánka","10073579, 10073584, 10073582","6316621, 6316625, 6316624",ano,val,ano,přítomnost druhu,ano,dobrý,chu,val,0
CZ0210027,Myotis bechsteinii,CELKOVE_HODNOCENI,NA,"2013, 2015",6054b,"Jevany, Jevany - Bučiny, Jevany - Lenhartova studánka","10073579, 10073584, 10073582","6316621, 6316625, 6316624",dobrý,NA,NA,NA,NA,dobrý,chu,NA,0
CZ0210028,Myotis bechsteinii,POP_PRESENCE,ano,2024,6155a,Samechov,"13138325, 13138332",10242851,ano,val,ano,přítomnost druhu,ano,dobrý,chu,val,0
CZ0210028,Myotis bechsteinii,CELKOVE_HODNOCENI,NA,2024,6155a,Samechov,"13138325, 13138332",10242851,dobrý,NA,NA,NA,NA,dobrý,chu,NA,0
CZ0210047,Myotis bechsteinii,POP_PRESENCE,ano,"2015, 2018",6448b,"Hutě pod Třemšínem, PP Hřebenec, Třemšín, Třemšín - jih, Voltuš, lokalita ""Hengst""","9636525, 10525101, 10525123, 10073508, 10076891, 9636502, 10073509, 10076892","5905150, 6824193, 6316560, 6320127, 5905135, 6316451",ano,val,ano,přítomnost druhu,ano,dobrý,chu,val,0
CZ0210047,Myotis bechsteinii,CELKOVE_HODNOCENI,NA,"2015, 2018",6448b,"Hutě pod Třemšínem, PP Hřebenec, Třemšín, Třemšín - jih, Voltuš, lokalita ""Hengst""","9636525, 10525101, 10525123, 10073508, 10076891, 9636502, 10073509, 10076892","5905150, 6824193, 6316560, 6320127, 5905135, 6316451",dobrý,NA,NA,NA,NA,dobrý,chu,NA,0
CZ0210109,Myotis bechsteinii,POP_PRESENCE,ano,2025,5655b,Chloumek u Mladé Boleslavi,"15283241, 15283678",12646859,ano,val,ano,přítomnost druhu,ano,dobrý,chu,val,0
CZ0210109,Myotis bechsteinii,CELKOVE_HODNOCENI,NA,2025,5655b,Chloumek u Mladé Boleslavi,"15283241, 15283678",12646859,dobrý,NA,NA,NA,NA,dobrý,chu,NA,0
CZ0212006,Myotis bechsteinii,POP_PRESENCE,ano,2015,"45,""5556a""",EVL Drhleny,9826856,6082676,ano,val,ano,přítomnost druhu,ano,dobrý,chu,val,0
CZ0212006,Myotis bechsteinii,CELKOVE_HODNOCENI,NA,2015,"45,""5556a""",EVL Drhleny,9826856,6082676,dobrý,NA,NA,NA,NA,dobrý,chu,NA,0
CZ0213613,Myotis bechsteinii,POP_PRESENCE,ano,2014,6057c,Malešov,9157454,5505163,ano,val,ano,přítomnost druhu,ano,dobrý,chu,val,0
CZ0213613,Myotis bechsteinii,CELKOVE_HODNOCENI,NA,2014,6057c,Malešov,9157454,5505163,dobrý,NA,NA,NA,NA,dobrý,chu,NA,0
CZ0213620,Myotis bechsteinii,POP_PRESENCE,ano,2021,6354d,Roudný - štola Mořic,11777447,5069050,ano,val,ano,přítomnost druhu,ano,dobrý,chu,val,0
CZ0213620,Myotis bechsteinii,CELKOVE_HODNOCENI,NA,2021,6354d,Roudný - štola Mořic,11777447,5069050,dobrý,NA,NA,NA,NA,dobrý,chu,NA,0
CZ0213621,Myotis bechsteinii,POP_PRESENCE,ano,"2014, 2023",6051a,"Velká Amerika, vodní štola ve Velké Americe","9787640, 12227886","5056052, 5517604",ano,val,ano,přítomnost druhu,ano,dobrý,chu,val,0
CZ0213621,Myotis bechsteinii,CELKOVE_HODNOCENI,NA,"2014, 2023",6051a,"Velká Amerika, vodní štola ve Velké Americe","9787640, 12227886","5056052, 5517604",dobrý,NA,NA,NA,NA,dobrý,chu,NA,0
CZ0214006,Myotis bechsteinii,POP_PRESENCE,ano,"2024, 2017","5755a, 5755c, 99,""5755a""","Milovice - Mýtko, Mýtko, Milovice, Traviny - západ, pastvina Exmoorských koní a zubrů, Benátky n. Jizerou","13017137, 11001215, 11001231, 11001232","10019237, 7299482, 7299487",ano,val,ano,přítomnost druhu,ano,dobrý,chu,val,0
CZ0214006,Myotis bechsteinii,CELKOVE_HODNOCENI,NA,"2024, 2017","5755a, 5755c, 99,""5755a""","Milovice - Mýtko, Mýtko, Milovice, Traviny - západ, pastvina Exmoorských koní a zubrů, Benátky n. Jizerou","13017137, 11001215, 11001231, 11001232","10019237, 7299482, 7299487",dobrý,NA,NA,NA,NA,dobrý,chu,NA,0
CZ0214011,Myotis bechsteinii,POP_PRESENCE,ano,2015,6048b,"NPR Velká Pleš, trvalá monitorovací plocha VÚKOZ v.v.i.","10144722, 10144723",6376944,ano,val,ano,přítomnost druhu,ano,dobrý,chu,val,0
CZ0214011,Myotis bechsteinii,CELKOVE_HODNOCENI,NA,2015,6048b,"NPR Velká Pleš, trvalá monitorovací plocha VÚKOZ v.v.i.","10144722, 10144723",6376944,dobrý,NA,NA,NA,NA,dobrý,chu,NA,0
CZ0214012,Myotis bechsteinii,POP_PRESENCE,ano,2015,5456c,"Hynšta, Krtola","9547080, 9547083","1317251, 4929536",ano,val,ano,přítomnost druhu,ano,dobrý,chu,val,0
CZ0214012,Myotis bechsteinii,CELKOVE_HODNOCENI,NA,2015,5456c,"Hynšta, Krtola","9547080, 9547083","1317251, 4929536",dobrý,NA,NA,NA,NA,dobrý,chu,NA,0
CZ0214017,Myotis bechsteinii,POP_PRESENCE,ano,"2014, 2017, 2020","6050b, 6051a","Alkazar - Kozel, Malá Amerika, Srbsko u Karlštejna - lesostep na Doutnáči","9371164, 10078770, 10097449, 11196339","5668015, 5901649, 5470165",ano,val,ano,přítomnost druhu,ano,dobrý,chu,val,1
CZ0214017,Myotis bechsteinii,CELKOVE_HODNOCENI,NA,"2014, 2017, 2020","6050b, 6051a","Alkazar - Kozel, Malá Amerika, Srbsko u Karlštejna - lesostep na Doutnáči","9371164, 10078770, 10097449, 11196339","5668015, 5901649, 5470165",dobrý,NA,NA,NA,NA,dobrý,chu,NA,1
CZ0214050,Myotis bechsteinii,POP_PRESENCE,ano,2012,"5858a, 5857b","NPP Kopičácký rybník, NPR Kněžičky","8539799, 8539801, 8539876","5072697, 5072727",ano,val,ano,přítomnost druhu,ano,dobrý,chu,val,0
CZ0214050,Myotis bechsteinii,CELKOVE_HODNOCENI,NA,2012,"5858a, 5857b","NPP Kopičácký rybník, NPR Kněžičky","8539799, 8539801, 8539876","5072697, 5072727",dobrý,NA,NA,NA,NA,dobrý,chu,NA,0
CZ0310163,Myotis bechsteinii,POP_PRESENCE,ano,2015,7354a,NPR Žofínský prales,10144726,6376947,ano,val,ano,přítomnost druhu,ano,dobrý,chu,val,0
CZ0310163,Myotis bechsteinii,CELKOVE_HODNOCENI,NA,2015,7354a,NPR Žofínský prales,10144726,6376947,dobrý,NA,NA,NA,NA,dobrý,chu,NA,0
CZ0314024,Myotis bechsteinii,POP_PRESENCE,ano,"2013, 2016, 2020, 2015, 2019, 2021","84,""7050c"", 6846b, 7048b, 99,""7048b"", 92,""6948c"", 7048d, 34,""7048d"", 6949c","EVL Šumava (projekt JCK), Krkonošská národní park, CZ-PK, CZ, NPR Boubínský prales, NPR Boubínský prales (oplocené jádro rezervace), NPR Boubínský prales 2424, PR Radost 3370, PR Zátoňská hora, PR Zátoňská hora 1148, PR Čertova stráň","9150563, 10286783, 11296510, 10144709, 11296500, 11296506, 10983647, 11770066, 11770058, 11281407","5496480, 6558295, 7672778, 6376934, 6823365, 7282245, 8314558, 7966679, 7656333",ano,val,ano,přítomnost druhu,ano,dobrý,chu,val,0
CZ0314024,Myotis bechsteinii,CELKOVE_HODNOCENI,NA,"2013, 2016, 2020, 2015, 2019, 2021","84,""7050c"", 6846b, 7048b, 99,""7048b"", 92,""6948c"", 7048d, 34,""7048d"", 6949c","EVL Šumava (projekt JCK), Krkonošská národní park, CZ-PK, CZ, NPR Boubínský prales, NPR Boubínský prales (oplocené jádro rezervace), NPR Boubínský prales 2424, PR Radost 3370, PR Zátoňská hora, PR Zátoňská hora 1148, PR Čertova stráň","9150563, 10286783, 11296510, 10144709, 11296500, 11296506, 10983647, 11770066, 11770058, 11281407","5496480, 6558295, 7672778, 6376934, 6823365, 7282245, 8314558, 7966679, 7656333",dobrý,NA,NA,NA,NA,dobrý,chu,NA,0
CZ0314124,Myotis bechsteinii,POP_PRESENCE,ano,"2013, 2018, 2024","22,""7152a"", 7152a, 7151c","EVL Blanský les (projekt JCK), Třísov - štola, Červený Dvůr, Chvalšiny","9150602, 10730359, 13394077","5496503, 5067524, 10614525",ano,val,ano,přítomnost druhu,ano,dobrý,chu,val,0
CZ0314124,Myotis bechsteinii,CELKOVE_HODNOCENI,NA,"2013, 2018, 2024","22,""7152a"", 7152a, 7151c","EVL Blanský les (projekt JCK), Třísov - štola, Červený Dvůr, Chvalšiny","9150602, 10730359, 13394077","5496503, 5067524, 10614525",dobrý,NA,NA,NA,NA,dobrý,chu,NA,0
CZ0314634,Myotis bechsteinii,POP_PRESENCE,ano,2024,6554d,"Chýnovská jeskyně, NPP Chýnovská jeskyně - vchod","12956879, 14119046, 14035738","5062276, 9484682",ano,val,ano,přítomnost druhu,ano,dobrý,chu,val,0
CZ0314634,Myotis bechsteinii,CELKOVE_HODNOCENI,NA,2024,6554d,"Chýnovská jeskyně, NPP Chýnovská jeskyně - vchod","12956879, 14119046, 14035738","5062276, 9484682",dobrý,NA,NA,NA,NA,dobrý,chu,NA,0
CZ0320030,Myotis bechsteinii,POP_PRESENCE,ano,"2015, 2018","6542d, 6542a","Capartice, PP Skalky na Sádku, PR Starý Hirštejn, Starý Herštejn","10073768, 10525154, 10525377, 10073770","6316784, 6824222, 6316786",ano,val,ano,přítomnost druhu,ano,dobrý,chu,val,0
CZ0320030,Myotis bechsteinii,CELKOVE_HODNOCENI,NA,"2015, 2018","6542d, 6542a","Capartice, PP Skalky na Sádku, PR Starý Hirštejn, Starý Herštejn","10073768, 10525154, 10525377, 10073770","6316784, 6824222, 6316786",dobrý,NA,NA,NA,NA,dobrý,chu,NA,0
CZ0320053,Myotis bechsteinii,POP_PRESENCE,ano,2015,6048d,NPR Kohoutov,10144710,6376935,ano,val,ano,přítomnost druhu,ano,dobrý,chu,val,0
CZ0320053,Myotis bechsteinii,CELKOVE_HODNOCENI,NA,2015,6048d,NPR Kohoutov,10144710,6376935,dobrý,NA,NA,NA,NA,dobrý,chu,NA,0
CZ0320140,Myotis bechsteinii,POP_PRESENCE,ano,"2013, 2015","6447c, 6447d","NPR Chejlava 127, NPR Chejlava transekt 1, NPR Chejlava transekt 2, lokalita ""Kámen - u rybníčku"", lokalita ""Kámen"", lokalita ""NPR - u tůní"", lokalita ""Pánova louka "", lokalita ""Studánka"", lokalita ""U trati""","8876580, 8878417, 8878418, 10077110, 10077109, 10077108, 10077112, 10077113, 10077111","1308508, 5359273, 5359275, 6320222, 6320226, 6320138, 6320227, 6320220, 6320216",ano,val,ano,přítomnost druhu,ano,dobrý,chu,val,0
CZ0320140,Myotis bechsteinii,CELKOVE_HODNOCENI,NA,"2013, 2015","6447c, 6447d","NPR Chejlava 127, NPR Chejlava transekt 1, NPR Chejlava transekt 2, lokalita ""Kámen - u rybníčku"", lokalita ""Kámen"", lokalita ""NPR - u tůní"", lokalita ""Pánova louka "", lokalita ""Studánka"", lokalita ""U trati""","8876580, 8878417, 8878418, 10077110, 10077109, 10077108, 10077112, 10077113, 10077111","1308508, 5359273, 5359275, 6320222, 6320226, 6320138, 6320227, 6320220, 6320216",dobrý,NA,NA,NA,NA,dobrý,chu,NA,0
CZ0320180,Myotis bechsteinii,POP_PRESENCE,ano,"2012, 2018","99,""6642b"", 6642b","Horizontálka prameniště, PR Smrčí","8516504, 10542601","5059732, 6831033",ano,val,ano,přítomnost druhu,ano,dobrý,chu,val,0
CZ0320180,Myotis bechsteinii,CELKOVE_HODNOCENI,NA,"2012, 2018","99,""6642b"", 6642b","Horizontálka prameniště, PR Smrčí","8516504, 10542601","5059732, 6831033",dobrý,NA,NA,NA,NA,dobrý,chu,NA,0
CZ0323638,Myotis bechsteinii,POP_PRESENCE,ano,2019,6042d,Výškovice - štola Jeskyně Inků,10615500,5177049,ano,val,ano,přítomnost druhu,ano,dobrý,chu,val,0
CZ0323638,Myotis bechsteinii,CELKOVE_HODNOCENI,NA,2019,6042d,Výškovice - štola Jeskyně Inků,10615500,5177049,dobrý,NA,NA,NA,NA,dobrý,chu,NA,0
CZ0323644,Myotis bechsteinii,POP_PRESENCE,ano,2012,6645b,"Týnec u Janovic nad Úhlavou, Loreta",8524810,1170704,ano,val,ano,přítomnost druhu,ano,dobrý,chu,val,0
CZ0323644,Myotis bechsteinii,CELKOVE_HODNOCENI,NA,2012,6645b,"Týnec u Janovic nad Úhlavou, Loreta",8524810,1170704,dobrý,NA,NA,NA,NA,dobrý,chu,NA,0
CZ0323645,Myotis bechsteinii,POP_PRESENCE,ano,2025,6042d,EVL Štola Věra,15537583,1215134,ano,val,ano,přítomnost druhu,ano,dobrý,chu,val,0
CZ0323645,Myotis bechsteinii,CELKOVE_HODNOCENI,NA,2025,6042d,EVL Štola Věra,15537583,1215134,dobrý,NA,NA,NA,NA,dobrý,chu,NA,0
CZ0323646,Myotis bechsteinii,POP_PRESENCE,ano,2017,6244a,"EVL Stříbro - štoly Dlouhý tah, Stříbro - štola Dlouhý tah","12967767, 10087499","9901103, 5064290",ano,val,ano,přítomnost druhu,ano,dobrý,chu,val,0
CZ0323646,Myotis bechsteinii,CELKOVE_HODNOCENI,NA,2017,6244a,"EVL Stříbro - štoly Dlouhý tah, Stříbro - štola Dlouhý tah","12967767, 10087499","9901103, 5064290",dobrý,NA,NA,NA,NA,dobrý,chu,NA,0
CZ0324026,Myotis bechsteinii,POP_PRESENCE,ano,2015,6542a,Závist,10074003,6317038,ano,val,ano,přítomnost druhu,ano,dobrý,chu,val,0
CZ0324026,Myotis bechsteinii,CELKOVE_HODNOCENI,NA,2015,6542a,Závist,10074003,6317038,dobrý,NA,NA,NA,NA,dobrý,chu,NA,0
CZ0414110,Myotis bechsteinii,POP_PRESENCE,ano,"2023, 2014, 2019, 2024, 2013","5642b, 5643a, 3,""5543c"", 5543c","Hřebečná - Bludná - Wildbahner, Hřebečná - Mauricius, Hřebečná, Mauritius - dolní jáma, Hřebečná, Mauritius - horní jáma, NPR Božídarské rašeliniště","12728447, 9131928, 10984738, 13137106, 8931625, 8931626","5177130, 5177141, 7283326, 6855791, 5387938",ano,val,ano,přítomnost druhu,ano,dobrý,chu,val,0
CZ0414110,Myotis bechsteinii,CELKOVE_HODNOCENI,NA,"2023, 2014, 2019, 2024, 2013","5642b, 5643a, 3,""5543c"", 5543c","Hřebečná - Bludná - Wildbahner, Hřebečná - Mauricius, Hřebečná, Mauritius - dolní jáma, Hřebečná, Mauritius - horní jáma, NPR Božídarské rašeliniště","12728447, 9131928, 10984738, 13137106, 8931625, 8931626","5177130, 5177141, 7283326, 6855791, 5387938",dobrý,NA,NA,NA,NA,dobrý,chu,NA,0
CZ0414127,Myotis bechsteinii,POP_PRESENCE,ano,"2018, 2022","5645c, 5744d","Donín, Doupov 15","10362563, 12060535","6635269, 6893463",ano,val,ano,přítomnost druhu,ano,dobrý,chu,val,0
CZ0414127,Myotis bechsteinii,CELKOVE_HODNOCENI,NA,"2018, 2022","5645c, 5744d","Donín, Doupov 15","10362563, 12060535","6635269, 6893463",dobrý,NA,NA,NA,NA,dobrý,chu,NA,0
CZ0424031,Myotis bechsteinii,POP_PRESENCE,ano,2015,"69,""5151d""",NPR Růžák,10593402,1011417,ano,val,ano,přítomnost druhu,ano,dobrý,chu,val,0
CZ0424031,Myotis bechsteinii,CELKOVE_HODNOCENI,NA,2015,"69,""5151d""",NPR Růžák,10593402,1011417,dobrý,NA,NA,NA,NA,dobrý,chu,NA,0
CZ0424111,Myotis bechsteinii,POP_PRESENCE,ano,"2025, 2017",5151a,"Hřensko, jeskyně Krakonošova a j. Netopýří","15278090, 10069478","12636896, 6311082",ano,val,ano,přítomnost druhu,ano,dobrý,chu,val,0
CZ0424111,Myotis bechsteinii,CELKOVE_HODNOCENI,NA,"2025, 2017",5151a,"Hřensko, jeskyně Krakonošova a j. Netopýří","15278090, 10069478","12636896, 6311082",dobrý,NA,NA,NA,NA,dobrý,chu,NA,0
CZ0424125,Myotis bechsteinii,POP_PRESENCE,ano,"2014, 2021","5845a, 5845b","Valeč - sklepy v zámeckém parku, Valeč - Šibeniční vrch - štola","9131934, 11479716","5177172, 5177171",ano,val,ano,přítomnost druhu,ano,dobrý,chu,val,0
CZ0424125,Myotis bechsteinii,CELKOVE_HODNOCENI,NA,"2014, 2021","5845a, 5845b","Valeč - sklepy v zámeckém parku, Valeč - Šibeniční vrch - štola","9131934, 11479716","5177172, 5177171",dobrý,NA,NA,NA,NA,dobrý,chu,NA,0
CZ0424127,Myotis bechsteinii,POP_PRESENCE,ano,2017,5447a,Jánský vrch - Jezeří,10446492,6692208,ano,val,ano,přítomnost druhu,ano,dobrý,chu,val,0
CZ0424127,Myotis bechsteinii,CELKOVE_HODNOCENI,NA,2017,5447a,Jánský vrch - Jezeří,10446492,6692208,dobrý,NA,NA,NA,NA,dobrý,chu,NA,0
CZ0424141,Myotis bechsteinii,POP_PRESENCE,ano,2025,5350b,"Olešnice, PP Loupežnická jeskyně",15288654,9633798,ano,val,ano,přítomnost druhu,ano,dobrý,chu,val,0
CZ0424141,Myotis bechsteinii,CELKOVE_HODNOCENI,NA,2025,5350b,"Olešnice, PP Loupežnická jeskyně",15288654,9633798,dobrý,NA,NA,NA,NA,dobrý,chu,NA,0
CZ0510164,Myotis bechsteinii,POP_PRESENCE,ano,2015,5458c,EVL Kozlov - Tábor,9823280,6078897,ano,val,ano,přítomnost druhu,ano,dobrý,chu,val,0
CZ0510164,Myotis bechsteinii,CELKOVE_HODNOCENI,NA,2015,5458c,EVL Kozlov - Tábor,9823280,6078897,dobrý,NA,NA,NA,NA,dobrý,chu,NA,0
CZ0510191,Myotis bechsteinii,POP_PRESENCE,ano,"2025, 2024, 2021, 2023",5357c,"Jeskyně Matěje Krocínovského - Kalich, Jeskyně pod Kalichem, PP Podloučky - transekt č. 7, zřícenina hradu Zbyrohy","15288660, 13122071, 11676773, 12712138","10214470, 1337122, 8199692, 9496719",ano,val,ano,přítomnost druhu,ano,dobrý,chu,val,0
CZ0510191,Myotis bechsteinii,CELKOVE_HODNOCENI,NA,"2025, 2024, 2021, 2023",5357c,"Jeskyně Matěje Krocínovského - Kalich, Jeskyně pod Kalichem, PP Podloučky - transekt č. 7, zřícenina hradu Zbyrohy","15288660, 13122071, 11676773, 12712138","10214470, 1337122, 8199692, 9496719",dobrý,NA,NA,NA,NA,dobrý,chu,NA,0
CZ0510400,Myotis bechsteinii,POP_PRESENCE,ano,2014,5156b,Loupežnická jeskyně - Jizerské hory,"9120784, 9120785, 9120786",5475621,ano,val,ano,přítomnost druhu,ano,dobrý,chu,val,0
CZ0510400,Myotis bechsteinii,CELKOVE_HODNOCENI,NA,2014,5156b,Loupežnická jeskyně - Jizerské hory,"9120784, 9120785, 9120786",5475621,dobrý,NA,NA,NA,NA,dobrý,chu,NA,0
CZ0514042,Myotis bechsteinii,POP_PRESENCE,ano,2014,"09,""5354c"", 5454a",NPR Břehyně - Pecopala,9143514,5495334,ano,val,ano,přítomnost druhu,ano,dobrý,chu,val,0
CZ0514042,Myotis bechsteinii,CELKOVE_HODNOCENI,NA,2014,"09,""5354c"", 5454a",NPR Břehyně - Pecopala,9143514,5495334,dobrý,NA,NA,NA,NA,dobrý,chu,NA,0
CZ0514243,Myotis bechsteinii,POP_PRESENCE,ano,"2024, 2013, 2025",5454c,"Bezděz jeskyně, NPR Velký a Malý Bezděz, Paledová jeskyně Na Bezdězu","14119117, 8886572, 8886595, 8886596, 15288646, 15288656","5379528, 5365436, 6048111",ano,val,ano,přítomnost druhu,ano,dobrý,chu,val,0
CZ0514243,Myotis bechsteinii,CELKOVE_HODNOCENI,NA,"2024, 2013, 2025",5454c,"Bezděz jeskyně, NPR Velký a Malý Bezděz, Paledová jeskyně Na Bezdězu","14119117, 8886572, 8886595, 8886596, 15288646, 15288656","5379528, 5365436, 6048111",dobrý,NA,NA,NA,NA,dobrý,chu,NA,0
CZ0514668,Myotis bechsteinii,POP_PRESENCE,ano,"2019, 2015","5256c, 5255d","Velká Basa, Velká Basa jeskyně, Vápenice, Vápenice - Basa transekt č. 4","10767948, 9648734, 10767945, 10767968","7084153, 5379532, 1233946, 7084165",ano,val,ano,přítomnost druhu,ano,dobrý,chu,val,0
CZ0514668,Myotis bechsteinii,CELKOVE_HODNOCENI,NA,"2019, 2015","5256c, 5255d","Velká Basa, Velká Basa jeskyně, Vápenice, Vápenice - Basa transekt č. 4","10767948, 9648734, 10767945, 10767968","7084153, 5379532, 1233946, 7084165",dobrý,NA,NA,NA,NA,dobrý,chu,NA,0
CZ0514670,Myotis bechsteinii,POP_PRESENCE,ano,"2020, 2023","45,""5352d"", 5352c","PR Vlhošť 1908, zřícenina hradu Ronov","11234810, 12712139","5355869, 9496720",ano,val,ano,přítomnost druhu,ano,dobrý,chu,val,0
CZ0514670,Myotis bechsteinii,CELKOVE_HODNOCENI,NA,"2020, 2023","45,""5352d"", 5352c","PR Vlhošť 1908, zřícenina hradu Ronov","11234810, 12712139","5355869, 9496720",dobrý,NA,NA,NA,NA,dobrý,chu,NA,0
CZ0520008,Myotis bechsteinii,POP_PRESENCE,ano,2015,5460b,EVL Kamenná,9826268,6081996,ano,val,ano,přítomnost druhu,ano,dobrý,chu,val,0
CZ0520008,Myotis bechsteinii,CELKOVE_HODNOCENI,NA,2015,5460b,EVL Kamenná,9826268,6081996,dobrý,NA,NA,NA,NA,dobrý,chu,NA,0
CZ0520604,Myotis bechsteinii,POP_PRESENCE,ano,2015,"51,""5864a""",EVL Zdobnice - Říčka,9823357,6079019,ano,val,ano,přítomnost druhu,ano,dobrý,chu,val,0
CZ0520604,Myotis bechsteinii,CELKOVE_HODNOCENI,NA,2015,"51,""5864a""",EVL Zdobnice - Říčka,9823357,6079019,dobrý,NA,NA,NA,NA,dobrý,chu,NA,0
CZ0523677,Myotis bechsteinii,POP_PRESENCE,ano,2012,5556b,Kost - hrad,8523360,5062987,ano,val,ano,přítomnost druhu,ano,dobrý,chu,val,0
CZ0523677,Myotis bechsteinii,CELKOVE_HODNOCENI,NA,2012,5556b,Kost - hrad,8523360,5062987,dobrý,NA,NA,NA,NA,dobrý,chu,NA,0
CZ0523680,Myotis bechsteinii,POP_PRESENCE,ano,2018,5563c,EVL Pevnost Dobrošov,10730005,9892621,ano,val,ano,přítomnost druhu,ano,dobrý,chu,val,0
CZ0523680,Myotis bechsteinii,CELKOVE_HODNOCENI,NA,2018,5563c,EVL Pevnost Dobrošov,10730005,9892621,dobrý,NA,NA,NA,NA,dobrý,chu,NA,0
CZ0523683,Myotis bechsteinii,POP_PRESENCE,ano,2018,5663d,EVL Štola Portál,10729995,9892686,ano,val,ano,přítomnost druhu,ano,dobrý,chu,val,0
CZ0523683,Myotis bechsteinii,CELKOVE_HODNOCENI,NA,2018,5663d,EVL Štola Portál,10729995,9892686,dobrý,NA,NA,NA,NA,dobrý,chu,NA,0
CZ0524044,Myotis bechsteinii,POP_PRESENCE,ano,2018,5359a,Štoly v údolí Jizerky v Krkonoších,10729334,7050205,ano,val,ano,přítomnost druhu,ano,dobrý,chu,val,0
CZ0524044,Myotis bechsteinii,CELKOVE_HODNOCENI,NA,2018,5359a,Štoly v údolí Jizerky v Krkonoších,10729334,7050205,dobrý,NA,NA,NA,NA,dobrý,chu,NA,0
CZ0530020,Myotis bechsteinii,POP_PRESENCE,ano,"2015, 2022",6265c,"EVL Hřebečovský hřbet, Jeskyně Pod Mariánským obrazem","9822604, 12494816, 12956614","6077878, 5063545",ano,val,ano,přítomnost druhu,ano,dobrý,chu,val,0
CZ0530020,Myotis bechsteinii,CELKOVE_HODNOCENI,NA,"2015, 2022",6265c,"EVL Hřebečovský hřbet, Jeskyně Pod Mariánským obrazem","9822604, 12494816, 12956614","6077878, 5063545",dobrý,NA,NA,NA,NA,dobrý,chu,NA,0
CZ0530500,Myotis bechsteinii,POP_PRESENCE,ano,2022,6159b,Lichnice - sklepení hradu,"11738052, 12494577",5479301,ano,val,ano,přítomnost druhu,ano,dobrý,chu,val,0
CZ0530500,Myotis bechsteinii,CELKOVE_HODNOCENI,NA,2022,6159b,Lichnice - sklepení hradu,"11738052, 12494577",5479301,dobrý,NA,NA,NA,NA,dobrý,chu,NA,0
CZ0533686,Myotis bechsteinii,POP_PRESENCE,ano,2020,5966a,EVL Bouda u Těchonína,11290668,5938422,ano,val,ano,přítomnost druhu,ano,dobrý,chu,val,0
CZ0533686,Myotis bechsteinii,CELKOVE_HODNOCENI,NA,2020,5966a,EVL Bouda u Těchonína,11290668,5938422,dobrý,NA,NA,NA,NA,dobrý,chu,NA,0
CZ0533688,Myotis bechsteinii,POP_PRESENCE,ano,2021,6163c,EVL Jeskyně u Horního Újezda,12956599,5943320,ano,val,ano,přítomnost druhu,ano,dobrý,chu,val,0
CZ0533688,Myotis bechsteinii,CELKOVE_HODNOCENI,NA,2021,6163c,EVL Jeskyně u Horního Újezda,12956599,5943320,dobrý,NA,NA,NA,NA,dobrý,chu,NA,0
CZ0533693,Myotis bechsteinii,POP_PRESENCE,ano,2022,6159b,EVL Podolská a Páterova jeskyně,"12494748, 12956612",1215121,ano,val,ano,přítomnost druhu,ano,dobrý,chu,val,0
CZ0533693,Myotis bechsteinii,CELKOVE_HODNOCENI,NA,2022,6159b,EVL Podolská a Páterova jeskyně,"12494748, 12956612",1215121,dobrý,NA,NA,NA,NA,dobrý,chu,NA,0
CZ0610003,Myotis bechsteinii,POP_PRESENCE,ano,2015,6559a,PP Vysoký kámen u Smrčné 710,9635030,5903992,ano,val,ano,přítomnost druhu,ano,dobrý,chu,val,0
CZ0610003,Myotis bechsteinii,CELKOVE_HODNOCENI,NA,2015,6559a,PP Vysoký kámen u Smrčné 710,9635030,5903992,dobrý,NA,NA,NA,NA,dobrý,chu,NA,0
CZ0610159,Myotis bechsteinii,POP_PRESENCE,ano,2015,6659c,EVL Velký Špičák,9823295,6078917,ano,val,ano,přítomnost druhu,ano,dobrý,chu,val,0
CZ0610159,Myotis bechsteinii,CELKOVE_HODNOCENI,NA,2015,6659c,EVL Velký Špičák,9823295,6078917,dobrý,NA,NA,NA,NA,dobrý,chu,NA,0
CZ0610179,Myotis bechsteinii,POP_PRESENCE,ano,2016,6961b,Pulkov - štola,9807862,5067529,ano,val,ano,přítomnost druhu,ano,dobrý,chu,val,0
CZ0610179,Myotis bechsteinii,CELKOVE_HODNOCENI,NA,2016,6961b,Pulkov - štola,9807862,5067529,dobrý,NA,NA,NA,NA,dobrý,chu,NA,0
CZ0610401,Myotis bechsteinii,POP_PRESENCE,ano,"2022, 2015",6361b,"350, Cikháj, EVL Žákova hora, NPR Žákova hora","12040107, 12040101, 9822611, 10144725","8746600, 6077883, 6376946",ano,val,ano,přítomnost druhu,ano,dobrý,chu,val,0
CZ0610401,Myotis bechsteinii,CELKOVE_HODNOCENI,NA,"2022, 2015",6361b,"350, Cikháj, EVL Žákova hora, NPR Žákova hora","12040107, 12040101, 9822611, 10144725","8746600, 6077883, 6376946",dobrý,NA,NA,NA,NA,dobrý,chu,NA,0
CZ0612139,Myotis bechsteinii,POP_PRESENCE,ano,2015,6361c,EVL Pod Kamenným vrchem,9635016,5903990,ano,val,ano,přítomnost druhu,ano,dobrý,chu,val,0
CZ0612139,Myotis bechsteinii,CELKOVE_HODNOCENI,NA,2015,6361c,EVL Pod Kamenným vrchem,9635016,5903990,dobrý,NA,NA,NA,NA,dobrý,chu,NA,0
CZ0613334,Myotis bechsteinii,POP_PRESENCE,ano,2020,6457c,Červená Řečice - štola 2,11290470,5069039,ano,val,ano,přítomnost druhu,ano,dobrý,chu,val,0
CZ0613334,Myotis bechsteinii,CELKOVE_HODNOCENI,NA,2020,6457c,Červená Řečice - štola 2,11290470,5069039,dobrý,NA,NA,NA,NA,dobrý,chu,NA,0
CZ0614059,Myotis bechsteinii,POP_PRESENCE,ano,2020,6361a,"35014, Radostín",11250252,7618905,ano,val,ano,přítomnost druhu,ano,dobrý,chu,val,0
CZ0614059,Myotis bechsteinii,CELKOVE_HODNOCENI,NA,2020,6361a,"35014, Radostín",11250252,7618905,dobrý,NA,NA,NA,NA,dobrý,chu,NA,0
CZ0614131,Myotis bechsteinii,POP_PRESENCE,ano,"2021, 2012","6863a, 6863c, 6862b, 6863a","Březník, Transekt podél Oslavy, transekt podél Chvojnice","11731194, 8225303, 8226451, 8225301","8252123, 4994589, 4994588",ano,val,ano,přítomnost druhu,ano,dobrý,chu,val,0
CZ0614131,Myotis bechsteinii,CELKOVE_HODNOCENI,NA,"2021, 2012","6863a, 6863c, 6862b, 6863a","Březník, Transekt podél Oslavy, transekt podél Chvojnice","11731194, 8225303, 8226451, 8225301","8252123, 4994589, 4994588",dobrý,NA,NA,NA,NA,dobrý,chu,NA,0
CZ0620101,Myotis bechsteinii,POP_PRESENCE,ano,2019,7062b,"Višňové, EVL Mikulovický les - nad tokem Křepičky",11241208,7605768,ano,val,ano,přítomnost druhu,ano,dobrý,chu,val,0
CZ0620101,Myotis bechsteinii,CELKOVE_HODNOCENI,NA,2019,7062b,"Višňové, EVL Mikulovický les - nad tokem Křepičky",11241208,7605768,dobrý,NA,NA,NA,NA,dobrý,chu,NA,0
CZ0620194,Myotis bechsteinii,POP_PRESENCE,ano,2015,6564a,EVL Čepičkův vrch a údolí Hodonínky,9822641,6077920,ano,val,ano,přítomnost druhu,ano,dobrý,chu,val,0
CZ0620194,Myotis bechsteinii,CELKOVE_HODNOCENI,NA,2015,6564a,EVL Čepičkův vrch a údolí Hodonínky,9822641,6077920,dobrý,NA,NA,NA,NA,dobrý,chu,NA,0
CZ0623019,Myotis bechsteinii,POP_PRESENCE,ano,2015,7063d,"Oleksovická mokřina (lesík), Oleksovická mokřina (tůně u kapličky)","9630439, 9630437","5900284, 5900286",ano,val,ano,přítomnost druhu,ano,dobrý,chu,val,0
CZ0623019,Myotis bechsteinii,CELKOVE_HODNOCENI,NA,2015,7063d,"Oleksovická mokřina (lesík), Oleksovická mokřina (tůně u kapličky)","9630439, 9630437","5900284, 5900286",dobrý,NA,NA,NA,NA,dobrý,chu,NA,0
CZ0623355,Myotis bechsteinii,POP_PRESENCE,ano,2015,6968a,EVL Lovčický potok a Jordánek,9823291,6078911,ano,val,ano,přítomnost druhu,ano,dobrý,chu,val,0
CZ0623355,Myotis bechsteinii,CELKOVE_HODNOCENI,NA,2015,6968a,EVL Lovčický potok a Jordánek,9823291,6078911,dobrý,NA,NA,NA,NA,dobrý,chu,NA,0
CZ0624065,Myotis bechsteinii,POP_PRESENCE,ano,"2015, 2025, 2021","6664a, 6664b","Květnice - Nová Králova jeskyně, Květnice - Stará Králova jeskyně, Květnice - propast, Květnice - Čtyřpatrová štola","9545217, 15620373, 11777388, 11777381","5834895, 5834894, 5068729, 5062301",ano,val,ano,přítomnost druhu,ano,dobrý,chu,val,0
CZ0624065,Myotis bechsteinii,CELKOVE_HODNOCENI,NA,"2015, 2025, 2021","6664a, 6664b","Květnice - Nová Králova jeskyně, Květnice - Stará Králova jeskyně, Květnice - propast, Květnice - Čtyřpatrová štola","9545217, 15620373, 11777388, 11777381","5834895, 5834894, 5068729, 5062301",dobrý,NA,NA,NA,NA,dobrý,chu,NA,0
CZ0624070,Myotis bechsteinii,POP_PRESENCE,ano,2015,7168b,"Hodonínská doubrava, Hodonínská doubrava (Škrábaná alej)","9630455, 9630468, 9630467","5900291, 5900292",ano,val,ano,přítomnost druhu,ano,dobrý,chu,val,0
CZ0624070,Myotis bechsteinii,CELKOVE_HODNOCENI,NA,2015,7168b,"Hodonínská doubrava, Hodonínská doubrava (Škrábaná alej)","9630455, 9630468, 9630467","5900291, 5900292",dobrý,NA,NA,NA,NA,dobrý,chu,NA,0
CZ0624072,Myotis bechsteinii,POP_PRESENCE,ano,2013,"61,""7170b""",NPR Čertoryje 1031,9154019,5179845,ano,val,ano,přítomnost druhu,ano,dobrý,chu,val,0
CZ0624072,Myotis bechsteinii,CELKOVE_HODNOCENI,NA,2013,"61,""7170b""",NPR Čertoryje 1031,9154019,5179845,dobrý,NA,NA,NA,NA,dobrý,chu,NA,0
CZ0624096,Myotis bechsteinii,POP_PRESENCE,ano,"2023, 2015, 2022, 2019","7161a, 7161d, 7161c","Ledové sluje, NP Podyjí, Podmolí (okr. Znojmo), ca 3,6 km JJV od kostela v obci, monitorovací, Novohrádecký mlýn - sklep, Nový Hrádek - sklepy","12818448, 12818449, 12818450, 10144715, 12494728, 11223092","9650591, 6376939, 5069784, 5061829",ano,val,ano,přítomnost druhu,ano,dobrý,chu,val,0
CZ0624096,Myotis bechsteinii,CELKOVE_HODNOCENI,NA,"2023, 2015, 2022, 2019","7161a, 7161d, 7161c","Ledové sluje, NP Podyjí, Podmolí (okr. Znojmo), ca 3,6 km JJV od kostela v obci, monitorovací, Novohrádecký mlýn - sklep, Nový Hrádek - sklepy","12818448, 12818449, 12818450, 10144715, 12494728, 11223092","9650591, 6376939, 5069784, 5061829",dobrý,NA,NA,NA,NA,dobrý,chu,NA,0
CZ0624098,Myotis bechsteinii,POP_PRESENCE,ano,2017,7165d,Na Turoldu - jeskyně,10087287,5061820,ano,val,ano,přítomnost druhu,ano,dobrý,chu,val,0
CZ0624098,Myotis bechsteinii,CELKOVE_HODNOCENI,NA,2017,7165d,Na Turoldu - jeskyně,10087287,5061820,dobrý,NA,NA,NA,NA,dobrý,chu,NA,0
CZ0624099,Myotis bechsteinii,POP_PRESENCE,ano,2015,"7267a, 7166a, 7166d","Dolní Morava, Kančí obora, Dolní Morava, NPR Křivé jezero, Lednické rybníky, Zámecký rybník","9545278, 9545281, 9545282, 9545283, 9545284, 9545286, 9545287, 9545292, 9545297, 9545299","5834928, 5834933, 5834938",ano,val,ano,přítomnost druhu,ano,dobrý,chu,val,0
CZ0624099,Myotis bechsteinii,CELKOVE_HODNOCENI,NA,2015,"7267a, 7166a, 7166d","Dolní Morava, Kančí obora, Dolní Morava, NPR Křivé jezero, Lednické rybníky, Zámecký rybník","9545278, 9545281, 9545282, 9545283, 9545284, 9545286, 9545287, 9545292, 9545297, 9545299","5834928, 5834933, 5834938",dobrý,NA,NA,NA,NA,dobrý,chu,NA,0
CZ0624104,Myotis bechsteinii,POP_PRESENCE,ano,2012,7165b,"Klentnice, Soutěska",8907422,1802795,ano,val,ano,přítomnost druhu,ano,dobrý,chu,val,0
CZ0624104,Myotis bechsteinii,CELKOVE_HODNOCENI,NA,2012,7165b,"Klentnice, Soutěska",8907422,1802795,dobrý,NA,NA,NA,NA,dobrý,chu,NA,0
CZ0624106,Myotis bechsteinii,POP_PRESENCE,ano,"2015, 2014",7162b,"Tvořihráz 1, Tvořihráz 2, Tvořihráz 3, Tvořihráz odchyt 1, Tvořihráz odchyt 3, Tvořihráz odchyt 4","9535783, 9535786, 9535767, 9535782, 9629025, 9629050","5827386, 5827391, 5827361, 5827379, 5899684, 5899693",ano,val,ano,přítomnost druhu,ano,dobrý,chu,val,0
CZ0624106,Myotis bechsteinii,CELKOVE_HODNOCENI,NA,"2015, 2014",7162b,"Tvořihráz 1, Tvořihráz 2, Tvořihráz 3, Tvořihráz odchyt 1, Tvořihráz odchyt 3, Tvořihráz odchyt 4","9535783, 9535786, 9535767, 9535782, 9629025, 9629050","5827386, 5827391, 5827361, 5827379, 5899684, 5899693",dobrý,NA,NA,NA,NA,dobrý,chu,NA,0
CZ0624119,Myotis bechsteinii,POP_PRESENCE,ano,2015,7367b,"Dolní Morava, NPR Cahnov - Soutok, Dolní Morava, NPR Ranšpurk, NPR Ranšpurk","9545331, 9545335, 9545338, 10144718, 10144719","5834956, 5834961, 6376942",ano,val,ano,přítomnost druhu,ano,dobrý,chu,val,0
CZ0624119,Myotis bechsteinii,CELKOVE_HODNOCENI,NA,2015,7367b,"Dolní Morava, NPR Cahnov - Soutok, Dolní Morava, NPR Ranšpurk, NPR Ranšpurk","9545331, 9545335, 9545338, 10144718, 10144719","5834956, 5834961, 6376942",dobrý,NA,NA,NA,NA,dobrý,chu,NA,0
CZ0624130,Myotis bechsteinii,POP_PRESENCE,ano,"2025, 2019, 2021, 2023, 2013, 2024, 2022, 2017, 2015, 2018, 2012, 2026","6666a, 6666c, 31,""6666c"", 6566d, 6766a, 6766c, 6766d, 6566c, 6666b","Bertalánka, Býčí skála, Býčí skála - transekt, Býčí skála, mimo základní monitoring, Erichova jeskyně, Holštejnská jeskyně, Jeskyně Lidomorna, Jeskyně Nad Švýcárnou, Jestřábka, Jáchymka, Kanibalka, Kanice, Kateřinská jeskyně, Koudelkova propast, Koňská jáma, Králova jeskyně, Macocha - transekt, Mariánská jeskyně, Nová Drátenická jeskyně, Nová Rasovna - jeskyně, Ochoz u Brna, Ochozská jeskyně, Ochozská jeskyně - Labyrint, Ochozská jeskyně - Stará Ochozská, Punkevní jeskyně, Punkevní jeskyně - chodba, Punkevní jeskyně - chodba a Macocha, Pustožlebská zazděná jeskyně, Rudické propadání, Sadová, Adamov, Sloupsko-šošůvské jeskyně, Stará Drátenická jeskyně, Výpustek, jeskyně Bertalánka, jeskyně Býčí skála, jeskyně Jestřábka, jeskyně Jáchymka, jeskyně Kanibalka, jeskyně Mariánská, jeskyně Nová Rasovna, jeskyně Piková dáma, jeskyně Pustožlebská zazděná, jeskyně V Habříčku, jeskyně Výpustek, Čihadlo - lesní cesta, Šachta za Evropou a Indií, štola 2, štola Nad Švýcárnou (4), štola Za Švýcárnou, štola za Švýcárnou, štola č. 2, štola č. 4","15620592, 13821962, 15620644, 10863762, 11731415, 11311525, 11777505, 12501875, 10540142, 10540149, 15620709, 14119150, 15620658, 12957026, 13115521, 13115550, 13115551, 13115552, 13115553, 12228601, 12228602, 10087574, 11024450, 10540201, 10540207, 12957022, 11223284, 15620492, 13820234, 12243745, 8904265, 15620636, 13731550, 11751207, 13749721, 14119065, 13456820, 15620463, 11731411, 12817566, 14118987, 8524134, 15620648, 13749714, 12249191, 12249196, 13777539, 12249197, 12249195, 13456821, 12817569, 13075425, 15571662, 13075414, 13776887, 10863550, 12241188, 11731413, 11731412, 12824307, 13776886, 12249119, 12242633","5063516, 10848721, 7323593, 8252705, 7783441, 9257162, 6829166, 8329139, 5063535, 8329133, 5063536, 10204188, 8953857, 5063518, 7315397, 6829252, 6829254, 5063532, 5063533, 5063520, 10844586, 8976662, 5069776, 5062308, 10768648, 8281460, 10784902, 8329143, 10695804, 8252701, 9649626, 5063531, 5063534, 10784895, 8992167, 8992172, 10817231, 8992173, 8992171, 10695805, 9649629, 12920658, 10119890, 10815554, 7178490, 8967054, 8252703, 8252702, 9660911, 10815553, 8992095, 8971100",ano,val,ano,přítomnost druhu,ano,dobrý,chu,val,0
CZ0624130,Myotis bechsteinii,CELKOVE_HODNOCENI,NA,"2025, 2019, 2021, 2023, 2013, 2024, 2022, 2017, 2015, 2018, 2012, 2026","6666a, 6666c, 31,""6666c"", 6566d, 6766a, 6766c, 6766d, 6566c, 6666b","Bertalánka, Býčí skála, Býčí skála - transekt, Býčí skála, mimo základní monitoring, Erichova jeskyně, Holštejnská jeskyně, Jeskyně Lidomorna, Jeskyně Nad Švýcárnou, Jestřábka, Jáchymka, Kanibalka, Kanice, Kateřinská jeskyně, Koudelkova propast, Koňská jáma, Králova jeskyně, Macocha - transekt, Mariánská jeskyně, Nová Drátenická jeskyně, Nová Rasovna - jeskyně, Ochoz u Brna, Ochozská jeskyně, Ochozská jeskyně - Labyrint, Ochozská jeskyně - Stará Ochozská, Punkevní jeskyně, Punkevní jeskyně - chodba, Punkevní jeskyně - chodba a Macocha, Pustožlebská zazděná jeskyně, Rudické propadání, Sadová, Adamov, Sloupsko-šošůvské jeskyně, Stará Drátenická jeskyně, Výpustek, jeskyně Bertalánka, jeskyně Býčí skála, jeskyně Jestřábka, jeskyně Jáchymka, jeskyně Kanibalka, jeskyně Mariánská, jeskyně Nová Rasovna, jeskyně Piková dáma, jeskyně Pustožlebská zazděná, jeskyně V Habříčku, jeskyně Výpustek, Čihadlo - lesní cesta, Šachta za Evropou a Indií, štola 2, štola Nad Švýcárnou (4), štola Za Švýcárnou, štola za Švýcárnou, štola č. 2, štola č. 4","15620592, 13821962, 15620644, 10863762, 11731415, 11311525, 11777505, 12501875, 10540142, 10540149, 15620709, 14119150, 15620658, 12957026, 13115521, 13115550, 13115551, 13115552, 13115553, 12228601, 12228602, 10087574, 11024450, 10540201, 10540207, 12957022, 11223284, 15620492, 13820234, 12243745, 8904265, 15620636, 13731550, 11751207, 13749721, 14119065, 13456820, 15620463, 11731411, 12817566, 14118987, 8524134, 15620648, 13749714, 12249191, 12249196, 13777539, 12249197, 12249195, 13456821, 12817569, 13075425, 15571662, 13075414, 13776887, 10863550, 12241188, 11731413, 11731412, 12824307, 13776886, 12249119, 12242633","5063516, 10848721, 7323593, 8252705, 7783441, 9257162, 6829166, 8329139, 5063535, 8329133, 5063536, 10204188, 8953857, 5063518, 7315397, 6829252, 6829254, 5063532, 5063533, 5063520, 10844586, 8976662, 5069776, 5062308, 10768648, 8281460, 10784902, 8329143, 10695804, 8252701, 9649626, 5063531, 5063534, 10784895, 8992167, 8992172, 10817231, 8992173, 8992171, 10695805, 9649629, 12920658, 10119890, 10815554, 7178490, 8967054, 8252703, 8252702, 9660911, 10815553, 8992095, 8971100",dobrý,NA,NA,NA,NA,dobrý,chu,NA,0
CZ0710004,Myotis bechsteinii,POP_PRESENCE,ano,2021,6167b,PR Pod Trlinou,"11690704, 11690706",8209650,ano,val,ano,přítomnost druhu,ano,dobrý,chu,val,0
CZ0710004,Myotis bechsteinii,CELKOVE_HODNOCENI,NA,2021,6167b,PR Pod Trlinou,"11690704, 11690706",8209650,dobrý,NA,NA,NA,NA,dobrý,chu,NA,0
CZ0710183,Myotis bechsteinii,POP_PRESENCE,ano,2020,5667b,"Račí údolí, Javorník",11281067,7655731,ano,val,ano,přítomnost druhu,ano,dobrý,chu,val,0
CZ0710183,Myotis bechsteinii,CELKOVE_HODNOCENI,NA,2020,5667b,"Račí údolí, Javorník",11281067,7655731,dobrý,NA,NA,NA,NA,dobrý,chu,NA,0
CZ0713526,Myotis bechsteinii,POP_PRESENCE,ano,2022,6370b,EVL Velká Střelná - štoly,11918566,5938410,ano,val,ano,přítomnost druhu,ano,dobrý,chu,val,0
CZ0713526,Myotis bechsteinii,CELKOVE_HODNOCENI,NA,2022,6370b,EVL Velká Střelná - štoly,11918566,5938410,dobrý,NA,NA,NA,NA,dobrý,chu,NA,0
CZ0713741,Myotis bechsteinii,POP_PRESENCE,ano,2021,6372c,Soudkova štola,11777265,5063588,ano,val,ano,přítomnost druhu,ano,dobrý,chu,val,0
CZ0713741,Myotis bechsteinii,CELKOVE_HODNOCENI,NA,2021,6372c,Soudkova štola,11777265,5063588,dobrý,NA,NA,NA,NA,dobrý,chu,NA,0
CZ0713742,Myotis bechsteinii,POP_PRESENCE,ano,"2025, 2018",5770c,"Důl Weltkriestolle I, Marie Pomocná III - štola","15620623, 10729998","5067787, 5062007",ano,val,ano,přítomnost druhu,ano,dobrý,chu,val,0
CZ0713742,Myotis bechsteinii,CELKOVE_HODNOCENI,NA,"2025, 2018",5770c,"Důl Weltkriestolle I, Marie Pomocná III - štola","15620623, 10729998","5067787, 5062007",dobrý,NA,NA,NA,NA,dobrý,chu,NA,0
CZ0714073,Myotis bechsteinii,POP_PRESENCE,ano,"2015, 2021, 2022, 2020","6268c, 6369a, 6267d, 6268a","Litovelské Pomoraví, NPR Vrapač, Litovelské Pomoraví, PR Hejtmanka, Mladeč, NPR Vrapač, Mladeč, PP Pod Templem, S okraj, Mladeč, PP Pod Templem, louka J, Mladeč, PR Hejtmanka, Mladeč, PR Hejtmanka, JZ okraj, Mladeč, PR Hejtmanka, Mlýnský potok, Mladeč, PR Hejtmanka, cesta J, PP Kurfürstovo rameno, PP Za mlýnem, Bílá Lhota, střed, PR Kačení louka, Moravičany, JV, PR Kačení louka, Moravičany, JZ, PR Kačení louka, Moravičany, V, PR U Spálené, Králová, JZ okraj, PR U Spálené, Králová, střed, Podkova - jeskyně","9545273, 9545266, 11492764, 11504708, 11605078, 11715857, 12051149, 12051180, 12051181, 12051144, 12051183, 11473643, 11492763, 11605080, 11504709, 12051135, 12050752, 11599424, 11234478, 11279712, 11205433, 11234474, 11234465, 11279710, 11279711, 11777350","5834925, 5834921, 7877857, 8763001, 8762984, 7877883, 8239483, 8762959, 8762362, 7650674, 7596195, 7654289, 7556483, 7596193, 7596184, 7596189, 5063585",ano,val,ano,přítomnost druhu,ano,dobrý,chu,val,0
CZ0714073,Myotis bechsteinii,CELKOVE_HODNOCENI,NA,"2015, 2021, 2022, 2020","6268c, 6369a, 6267d, 6268a","Litovelské Pomoraví, NPR Vrapač, Litovelské Pomoraví, PR Hejtmanka, Mladeč, NPR Vrapač, Mladeč, PP Pod Templem, S okraj, Mladeč, PP Pod Templem, louka J, Mladeč, PR Hejtmanka, Mladeč, PR Hejtmanka, JZ okraj, Mladeč, PR Hejtmanka, Mlýnský potok, Mladeč, PR Hejtmanka, cesta J, PP Kurfürstovo rameno, PP Za mlýnem, Bílá Lhota, střed, PR Kačení louka, Moravičany, JV, PR Kačení louka, Moravičany, JZ, PR Kačení louka, Moravičany, V, PR U Spálené, Králová, JZ okraj, PR U Spálené, Králová, střed, Podkova - jeskyně","9545273, 9545266, 11492764, 11504708, 11605078, 11715857, 12051149, 12051180, 12051181, 12051144, 12051183, 11473643, 11492763, 11605080, 11504709, 12051135, 12050752, 11599424, 11234478, 11279712, 11205433, 11234474, 11234465, 11279710, 11279711, 11777350","5834925, 5834921, 7877857, 8763001, 8762984, 7877883, 8239483, 8762959, 8762362, 7650674, 7596195, 7654289, 7556483, 7596193, 7596184, 7596189, 5063585",dobrý,NA,NA,NA,NA,dobrý,chu,NA,0
CZ0714077,Myotis bechsteinii,POP_PRESENCE,ano,"2021, 2015","5969c, 5969b","Karlov pod Pradědem, NPR Praděd, Kotelný potok, Karlov pod Pradědem, NPR Praděd, Malý Kotel, NPR Praděd, pralesovitá horská smrčina severně od chaty Eustaška, trvalá monitor","11722196, 11722197, 10144707","8239145, 8239147, 6376932",ano,val,ano,přítomnost druhu,ano,dobrý,chu,val,0
CZ0714077,Myotis bechsteinii,CELKOVE_HODNOCENI,NA,"2021, 2015","5969c, 5969b","Karlov pod Pradědem, NPR Praděd, Kotelný potok, Karlov pod Pradědem, NPR Praděd, Malý Kotel, NPR Praděd, pralesovitá horská smrčina severně od chaty Eustaška, trvalá monitor","11722196, 11722197, 10144707","8239145, 8239147, 6376932",dobrý,NA,NA,NA,NA,dobrý,chu,NA,0
CZ0714080,Myotis bechsteinii,POP_PRESENCE,ano,"2021, 2015, 2019, 2012, 2013",6367a,"Javoříčko - jeskyně Zkamenělý zámek, Javoříčské jeskyně - přístupná část, Javoříčské jeskyně - Švecova díra, NPR Špraněk, Paničtí díra, NPR Špraněk, Pizdulka, NPR Špraněk, Zátvořice, Paničtí díra, V Habří, Zátvořice, Švecova díra","11777454, 11777320, 9544801, 10733458, 10753906, 10736299, 10854614, 8907259, 8907261, 10736295, 8907273, 8907280, 8907282, 10736298, 10753902","5061837, 5067748, 5067755, 7054419, 7058543, 7058540, 5379370, 5668093, 5379382, 5683279",ano,val,ano,přítomnost druhu,ano,dobrý,chu,val,0
CZ0714080,Myotis bechsteinii,CELKOVE_HODNOCENI,NA,"2021, 2015, 2019, 2012, 2013",6367a,"Javoříčko - jeskyně Zkamenělý zámek, Javoříčské jeskyně - přístupná část, Javoříčské jeskyně - Švecova díra, NPR Špraněk, Paničtí díra, NPR Špraněk, Pizdulka, NPR Špraněk, Zátvořice, Paničtí díra, V Habří, Zátvořice, Švecova díra","11777454, 11777320, 9544801, 10733458, 10753906, 10736299, 10854614, 8907259, 8907261, 10736295, 8907273, 8907280, 8907282, 10736298, 10753902","5061837, 5067748, 5067755, 7054419, 7058543, 7058540, 5379370, 5668093, 5379382, 5683279",dobrý,NA,NA,NA,NA,dobrý,chu,NA,0
CZ0714082,Myotis bechsteinii,POP_PRESENCE,ano,2014,6570b,NPR Žebračka,"9153695, 9153703, 9153705",5503584,ano,val,ano,přítomnost druhu,ano,dobrý,chu,val,0
CZ0714082,Myotis bechsteinii,CELKOVE_HODNOCENI,NA,2014,6570b,NPR Žebračka,"9153695, 9153703, 9153705",5503584,dobrý,NA,NA,NA,NA,dobrý,chu,NA,0
CZ0714086,Myotis bechsteinii,POP_PRESENCE,ano,"2018, 2021, 2020, 2014","5768d, 5768b","Jeskyně Na Pomezí, Jeskyně Na Pomezí - Liščí díra - Rumový dóm, Jeskyně Na Pomezí - komplex, Jeskyně Na Pomezí - původní, Lipová Lázně - jeskyně Rasovna, Liščí díra - Rumový dóm, Roušarova jeskyně","10554488, 10730103, 11777372, 11777374, 11290451, 15503662, 15503415","5517877, 5061838, 5069068, 5069269, 5069012, 5517883, 8521991",ano,val,ano,přítomnost druhu,ano,dobrý,chu,val,0
CZ0714086,Myotis bechsteinii,CELKOVE_HODNOCENI,NA,"2018, 2021, 2020, 2014","5768d, 5768b","Jeskyně Na Pomezí, Jeskyně Na Pomezí - Liščí díra - Rumový dóm, Jeskyně Na Pomezí - komplex, Jeskyně Na Pomezí - původní, Lipová Lázně - jeskyně Rasovna, Liščí díra - Rumový dóm, Roušarova jeskyně","10554488, 10730103, 11777372, 11777374, 11290451, 15503662, 15503415","5517877, 5061838, 5069068, 5069269, 5069012, 5517883, 8521991",dobrý,NA,NA,NA,NA,dobrý,chu,NA,0
CZ0714133,Myotis bechsteinii,POP_PRESENCE,ano,"2013, 2020, 2016, 2021, 2019","6370b, 6471b, 6370a","Důl Jan, Gotická štola, Hrubá Voda - břidlicový důl Velká Střelná, Opálová štola, Velká Střelná - štola u domova důchodců, Štola U mostku","8931734, 11290249, 9807920, 11777267, 11223061, 11777266","5388024, 5063961, 1277877, 5063591, 5067143, 5063590",ano,val,ano,přítomnost druhu,ano,dobrý,chu,val,0
CZ0714133,Myotis bechsteinii,CELKOVE_HODNOCENI,NA,"2013, 2020, 2016, 2021, 2019","6370b, 6471b, 6370a","Důl Jan, Gotická štola, Hrubá Voda - břidlicový důl Velká Střelná, Opálová štola, Velká Střelná - štola u domova důchodců, Štola U mostku","8931734, 11290249, 9807920, 11777267, 11223061, 11777266","5388024, 5063961, 1277877, 5063591, 5067143, 5063590",dobrý,NA,NA,NA,NA,dobrý,chu,NA,0
CZ0714771,Myotis bechsteinii,POP_PRESENCE,ano,2012,6472d,Hranická propast,8907418,5379523,ano,val,ano,přítomnost druhu,ano,dobrý,chu,val,0
CZ0714771,Myotis bechsteinii,CELKOVE_HODNOCENI,NA,2012,6472d,Hranická propast,8907418,5379523,dobrý,NA,NA,NA,NA,dobrý,chu,NA,0
CZ0714772,Myotis bechsteinii,POP_PRESENCE,ano,"2015, 2024","44,""6370b"", 6370a","EVL Údolí Bystřice, Marie Sněžná - štola","9823382, 14118923","6079073, 5061282",ano,val,ano,přítomnost druhu,ano,dobrý,chu,val,0
CZ0714772,Myotis bechsteinii,CELKOVE_HODNOCENI,NA,"2015, 2024","44,""6370b"", 6370a","EVL Údolí Bystřice, Marie Sněžná - štola","9823382, 14118923","6079073, 5061282",dobrý,NA,NA,NA,NA,dobrý,chu,NA,0
CZ0720435,Myotis bechsteinii,POP_PRESENCE,ano,2021,6874c,PR Ploščiny,"11603453, 11705151, 11705154",8098104,ano,val,ano,přítomnost druhu,ano,dobrý,chu,val,0
CZ0720435,Myotis bechsteinii,CELKOVE_HODNOCENI,NA,2021,6874c,PR Ploščiny,"11603453, 11705151, 11705154",8098104,dobrý,NA,NA,NA,NA,dobrý,chu,NA,0
CZ0724089,Myotis bechsteinii,POP_PRESENCE,ano,"2013, 2018, 2020, 2025, 2022","47,""6575b"", 6476d, 87,""6774c"", 99,""6575a"", 6676a, 33,""6576d"", 02,""6774b"", 77,""6377c"", 33,""6478c"", 6575b, 29,""6475d""","NPR Kněhyně - Čertův mlýn, NPR Mazák, NPR Pulčín - Hradisko 350, NPR Radhošť, NPR Razula, NPR Salajka, PR Makyta 5310, PR Ropice 5639, PR Velký Polom 2060, Prostřední Bečva, jeskyně Cyrilka, Čeladná","9169531, 9169515, 9169559, 9169523, 9169557, 9169539, 11664148, 12057292, 11664147, 15279812, 11966284","1009900, 1009017, 1321867, 1011829, 997472, 1009014, 7888187, 8773011, 8185016, 12639975, 8637483",ano,val,ano,přítomnost druhu,ano,dobrý,chu,val,0
CZ0724089,Myotis bechsteinii,CELKOVE_HODNOCENI,NA,"2013, 2018, 2020, 2025, 2022","47,""6575b"", 6476d, 87,""6774c"", 99,""6575a"", 6676a, 33,""6576d"", 02,""6774b"", 77,""6377c"", 33,""6478c"", 6575b, 29,""6475d""","NPR Kněhyně - Čertův mlýn, NPR Mazák, NPR Pulčín - Hradisko 350, NPR Radhošť, NPR Razula, NPR Salajka, PR Makyta 5310, PR Ropice 5639, PR Velký Polom 2060, Prostřední Bečva, jeskyně Cyrilka, Čeladná","9169531, 9169515, 9169559, 9169523, 9169557, 9169539, 11664148, 12057292, 11664147, 15279812, 11966284","1009900, 1009017, 1321867, 1011829, 997472, 1009014, 7888187, 8773011, 8185016, 12639975, 8637483",dobrý,NA,NA,NA,NA,dobrý,chu,NA,0
CZ0724090,Myotis bechsteinii,POP_PRESENCE,ano,"2019, 2013, 2021","7072c, 19,""7172a"", 01,""7171a"", 7171b, 7071d, 7072d","Bílé Karpaty, Strání - PP Hrnčárky, NPR Javorina 140, NPR Zahrady pod Hájem, Nová Lhota, PP Vápenky - 7171-22, PP Sviní hnízdo 1434, PP Uvezené 1436, PP Vápenky - plocha 3 - OP u potoka - Equisetum telmateia 1, PR Hladké","10634798, 10853564, 10853569, 9154048, 9169502, 10853565, 10634796, 10853571, 10634789, 10853568, 10853572, 11705152, 11705156, 11705170","1775922, 5407058, 1006290, 4972989, 1189659, 1189661, 6859116, 8098141",ano,val,ano,přítomnost druhu,ano,dobrý,chu,val,0
CZ0724090,Myotis bechsteinii,CELKOVE_HODNOCENI,NA,"2019, 2013, 2021","7072c, 19,""7172a"", 01,""7171a"", 7171b, 7071d, 7072d","Bílé Karpaty, Strání - PP Hrnčárky, NPR Javorina 140, NPR Zahrady pod Hájem, Nová Lhota, PP Vápenky - 7171-22, PP Sviní hnízdo 1434, PP Uvezené 1436, PP Vápenky - plocha 3 - OP u potoka - Equisetum telmateia 1, PR Hladké","10634798, 10853564, 10853569, 9154048, 9169502, 10853565, 10634796, 10853571, 10634789, 10853568, 10853572, 11705152, 11705156, 11705170","1775922, 5407058, 1006290, 4972989, 1189659, 1189661, 6859116, 8098141",dobrý,NA,NA,NA,NA,dobrý,chu,NA,0
CZ0724429,Myotis bechsteinii,POP_PRESENCE,ano,2021,6672b,"437, Chvalčov",11607480,8111313,ano,val,ano,přítomnost druhu,ano,dobrý,chu,val,0
CZ0724429,Myotis bechsteinii,CELKOVE_HODNOCENI,NA,2021,6672b,"437, Chvalčov",11607480,8111313,dobrý,NA,NA,NA,NA,dobrý,chu,NA,0
CZ0724430,Myotis bechsteinii,POP_PRESENCE,ano,"2023, 2021","6974c, 6974a","PP Chladný vrch, PP Okrouhlá, PR Sidonie","12719820, 11602218, 11603455, 11705147, 11705169, 11603452, 11705167, 11705168","9516531, 8098132, 1006292",ano,val,ano,přítomnost druhu,ano,dobrý,chu,val,0
CZ0724430,Myotis bechsteinii,CELKOVE_HODNOCENI,NA,"2023, 2021","6974c, 6974a","PP Chladný vrch, PP Okrouhlá, PR Sidonie","12719820, 11602218, 11603455, 11705147, 11705169, 11603452, 11705167, 11705168","9516531, 8098132, 1006292",dobrý,NA,NA,NA,NA,dobrý,chu,NA,0
CZ0810001,Myotis bechsteinii,POP_PRESENCE,ano,2013,"9,""6474b""",Kopřivnice - 6474,9414309,1304783,ano,val,ano,přítomnost druhu,ano,dobrý,chu,val,0
CZ0810001,Myotis bechsteinii,CELKOVE_HODNOCENI,NA,2013,"9,""6474b""",Kopřivnice - 6474,9414309,1304783,dobrý,NA,NA,NA,NA,dobrý,chu,NA,0
CZ0810004,Myotis bechsteinii,POP_PRESENCE,ano,2013,"63,""6376d""",NPP Skalická Morávka,9169518,1024087,ano,val,ano,přítomnost druhu,ano,dobrý,chu,val,0
CZ0810004,Myotis bechsteinii,CELKOVE_HODNOCENI,NA,2013,"63,""6376d""",NPP Skalická Morávka,9169518,1024087,dobrý,NA,NA,NA,NA,dobrý,chu,NA,0
CZ0810014,Myotis bechsteinii,POP_PRESENCE,ano,2015,6069a,EVL Pstruží potok,9823373,6079043,ano,val,ano,přítomnost druhu,ano,dobrý,chu,val,0
CZ0810014,Myotis bechsteinii,CELKOVE_HODNOCENI,NA,2015,6069a,EVL Pstruží potok,9823373,6079043,dobrý,NA,NA,NA,NA,dobrý,chu,NA,0
CZ0813461,Myotis bechsteinii,POP_PRESENCE,ano,2023,"01,""6075d""",PP Šilheřovice 5797,12714686,9503536,ano,val,ano,přítomnost druhu,ano,dobrý,chu,val,0
CZ0813461,Myotis bechsteinii,CELKOVE_HODNOCENI,NA,2023,"01,""6075d""",PP Šilheřovice 5797,12714686,9503536,dobrý,NA,NA,NA,NA,dobrý,chu,NA,0
CZ0813472,Myotis bechsteinii,POP_PRESENCE,ano,2025,5970a,Důl Suchá Rudná II (Liščí díry II),15620655,5381907,ano,val,ano,přítomnost druhu,ano,dobrý,chu,val,0
CZ0813472,Myotis bechsteinii,CELKOVE_HODNOCENI,NA,2025,5970a,Důl Suchá Rudná II (Liščí díry II),15620655,5381907,dobrý,NA,NA,NA,NA,dobrý,chu,NA,0
CZ0813474,Myotis bechsteinii,POP_PRESENCE,ano,"2015, 2014","95,""6173c"", 6173c","EVL Údolí Moravice, NPR Kaluža","9823389, 9155145, 9155154","6079082, 5504284",ano,val,ano,přítomnost druhu,ano,dobrý,chu,val,0
CZ0813474,Myotis bechsteinii,CELKOVE_HODNOCENI,NA,"2015, 2014","95,""6173c"", 6173c","EVL Údolí Moravice, NPR Kaluža","9823389, 9155145, 9155154","6079082, 5504284",dobrý,NA,NA,NA,NA,dobrý,chu,NA,0
CZ0813763,Myotis bechsteinii,POP_PRESENCE,ano,"2016, 2021, 2020, 2019","5969d, 5969b","Malá Morávka, Nad Jelení cestou - štola č.2, Malá Morávka, Nad Jelení cestou - štola č.3, Malá Morávka, Nad Jelení cestou - štola č.9, Štoly pod Jelení cestou","9807876, 11777463, 11290523, 10749537, 10749539","5062294, 5062290, 5062293, 7065809",ano,val,ano,přítomnost druhu,ano,dobrý,chu,val,0
CZ0813763,Myotis bechsteinii,CELKOVE_HODNOCENI,NA,"2016, 2021, 2020, 2019","5969d, 5969b","Malá Morávka, Nad Jelení cestou - štola č.2, Malá Morávka, Nad Jelení cestou - štola č.3, Malá Morávka, Nad Jelení cestou - štola č.9, Štoly pod Jelení cestou","9807876, 11777463, 11290523, 10749537, 10749539","5062294, 5062290, 5062293, 7065809",dobrý,NA,NA,NA,NA,dobrý,chu,NA,0
CZ0813765,Myotis bechsteinii,POP_PRESENCE,ano,2017,6069b,EVL Štola Franz - Franz,10087452,9561129,ano,val,ano,přítomnost druhu,ano,dobrý,chu,val,0
CZ0813765,Myotis bechsteinii,CELKOVE_HODNOCENI,NA,2017,6069b,EVL Štola Franz - Franz,10087452,9561129,dobrý,NA,NA,NA,NA,dobrý,chu,NA,0
CZ0813770,Myotis bechsteinii,POP_PRESENCE,ano,2023,6272a,Čermná- Potlachový,12956793,5061989,ano,val,ano,přítomnost druhu,ano,dobrý,chu,val,0
CZ0813770,Myotis bechsteinii,CELKOVE_HODNOCENI,NA,2023,6272a,Čermná- Potlachový,12956793,5061989,dobrý,NA,NA,NA,NA,dobrý,chu,NA,0
CZ0814092,Myotis bechsteinii,POP_PRESENCE,ano,2015,"6275a, 6374a, 6274d","Poodří , NPR Polanská niva, Poodří , PR Polanský les, Poodří, PR Kotvice, Poodří, nNPR Oderský luh","9545226, 9545227, 9545218, 9545242, 9545234, 9545240","5834900, 5834896, 5834908, 5834904",ano,val,ano,přítomnost druhu,ano,dobrý,chu,val,0
CZ0814092,Myotis bechsteinii,CELKOVE_HODNOCENI,NA,2015,"6275a, 6374a, 6274d","Poodří , NPR Polanská niva, Poodří , PR Polanský les, Poodří, PR Kotvice, Poodří, nNPR Oderský luh","9545226, 9545227, 9545218, 9545242, 9545234, 9545240","5834900, 5834896, 5834908, 5834904",dobrý,NA,NA,NA,NA,dobrý,chu,NA,0
