kod_chu,DRUH,POSLEDNI_NALEZ
CZ0110040,Barbastella barbastellus,2020-07-02
CZ0110040,Chazara briseis,1995-01-01
CZ0110040,Euplagia quadripunctaria,2022-08-09
CZ0110040,Gentianella amarella,2001-09-05
CZ0110040,Hipparchia semele,2011-08-23
CZ0110040,Myotis myotis,2021-05-28
CZ0110040,Myotis sp.,2020-05-18
CZ0110049,Hipparchia semele,1995-01-01
CZ0110050,Abramis brama,2007-01-01
CZ0110050,Barbastella barbastellus,2025-12-07
CZ0110050,Chazara briseis,1995-01-01
CZ0110050,Euplagia quadripunctaria,2023-08-11
CZ0110050,Gentianella amarella,2001-09-05
CZ0110050,Hipparchia semele,2012-08-01
CZ0110050,Lucanus cervus,2021-09-03
CZ0110050,Myotis myotis,2026-02-07
CZ0110050,Myotis sp.,2019-06-05
CZ0110050,Salmo trutta,2022-11-26
CZ0110050,Sanguisorba officinalis,2009-07-30
CZ0110050,Scardinius erythrophthalmus,2007-01-01
CZ0110142,Barbastella barbastellus,2019-06-24
CZ0110142,Bombina bombina,2025-07-14
CZ0110142,Hipparchia semele,1995-01-01
CZ0110142,Lemna trisulca,2012-05-11
CZ0110142,Myotis sp.,2019-07-30
CZ0110142,Sanguisorba officinalis,2024-05-28
CZ0110142,Scardinius erythrophthalmus,2020-04-16
CZ0110154,Euplagia quadripunctaria,2021-08-10
CZ0110154,Hipparchia semele,1995-01-01
CZ0113001,Cucujus cinnaberinus,2023-11-11
CZ0113001,Hipparchia semele,2007-07-21
CZ0113001,Vertigo angustior,2016-05-22
CZ0113002,Bombina bombina,2023-05-06
CZ0113002,Cerambyx cerdo,2023-07-13
CZ0113002,Hipparchia semele,1995-01-01
CZ0113002,Lemna trisulca,2024-05-04
CZ0113002,Leucorrhinia pectoralis,2015-06-06
CZ0113002,Lucanus cervus,2015-04-01
CZ0113002,Myotis myotis,2019-07-21
CZ0113002,Sanguisorba officinalis,2018-08-04
CZ0113002,Scardinius erythrophthalmus,2024-05-08
CZ0113005,Chazara briseis,1995-01-01
CZ0113005,Euplagia quadripunctaria,2023-08-18
CZ0113005,Gentianella amarella,2001-09-05
CZ0113005,Hipparchia semele,2011-08-23
CZ0113005,Lucanus cervus,2015-04-01
CZ0113005,Lutra lutra,2024-04-05
CZ0113005,Myotis myotis,2015-05-21
CZ0113773,Castor fiber,2004-01-01
CZ0113773,Chazara briseis,1995-01-01
CZ0113773,Euplagia quadripunctaria,2020-08-12
CZ0113773,Hipparchia semele,2011-08-23
CZ0113773,Lucanus cervus,2025-06-04
CZ0113773,Myotis myotis,2022-06-10
CZ0113773,Scardinius erythrophthalmus,2023-06-09
CZ0114001,Austropotamobius torrentium,2017-09-11
CZ0114001,Barbastella barbastellus,2018-08-28
CZ0114001,Cottus gobio,2023-08-17
CZ0114001,Dracocephalum austriacum,2025-05-06
CZ0114001,Euplagia quadripunctaria,2025-08-15
CZ0114001,Hipparchia semele,2009-08-01
CZ0114001,Lucanus cervus,2024-06-10
CZ0114001,Lutra lutra,2013-02-19
CZ0114001,Myotis alcathoe/emarginatus,2025-08-26
CZ0114001,Myotis bechsteinii,2006-08-19
CZ0114001,Myotis myotis,2005-01-01
CZ0114001,Myotis sp.,2018-08-28
CZ0114001,Salmo trutta,2023-08-17
CZ0210003,Myotis myotis,2015-05-19
CZ0210008,Cucujus cinnaberinus,2024-03-29
CZ0210008,Sanguisorba officinalis,2024-06-10
CZ0210008,Succisa pratensis,2025-07-04
CZ0210008,Vertigo angustior,2008-06-05
CZ0210010,Lucanus cervus,2025-06-01
CZ0210010,Myotis bechsteinii,2022-05-08
CZ0210010,Triturus cristatus,2025-04-15
CZ0210011,Hipparchia semele,2010-07-20
CZ0210011,Lucanus cervus,2010-04-17
CZ0210022,Cypripedium calceolus,2016-05-19
CZ0210022,Euphydryas maturna,2007-06-09
CZ0210022,Lucanus cervus,2023-07-26
CZ0210022,Phengaris teleius,2000-01-01
CZ0210022,Sanguisorba officinalis,2025-07-22
CZ0210027,Barbastella barbastellus,2015-09-30
CZ0210027,Coleanthus subtilis,2021-07-16
CZ0210027,Cucujus cinnaberinus,2022-05-26
CZ0210027,Lutra lutra,2015-11-25
CZ0210027,Myotis bechsteinii,2015-09-30
CZ0210027,Myotis myotis,2015-09-30
CZ0210027,Ophiogomphus cecilia,2003-01-01
CZ0210027,Rhinolophus hipposideros,2014-05-20
CZ0210028,Euplagia quadripunctaria,2008-08-27
CZ0210028,Myotis bechsteinii,2024-08-24
CZ0210028,Phengaris nausithous,2002-01-01
CZ0210034,Sanguisorba officinalis,2017-05-23
CZ0210034,Succisa pratensis,2017-05-23
CZ0210043,Cerambyx cerdo,2015-12-15
CZ0210043,Dicranum viride,2018-09-17
CZ0210043,Myotis myotis,2019-07-08
CZ0210043,Osmoderma barnabita,2015-10-02
CZ0210047,Barbastella barbastellus,2018-09-08
CZ0210047,Lynx lynx,2021-11-08
CZ0210047,Myotis alcathoe/emarginatus,2017-07-06
CZ0210047,Myotis bechsteinii,2018-09-08
CZ0210047,Myotis myotis,2015-08-30
CZ0210053,Chazara briseis,1995-01-01
CZ0210053,Euplagia quadripunctaria,2021-09-02
CZ0210053,Hipparchia semele,1995-01-01
CZ0210053,Lucanus cervus,2023-06-11
CZ0210053,Myotis myotis,2014-08-15
CZ0210054,Canis lupus,2025-03-24
CZ0210054,Hipparchia semele,1995-01-01
CZ0210056,Phengaris teleius,2023-07-13
CZ0210056,Sanguisorba officinalis,2023-06-12
CZ0210056,Succisa pratensis,2023-06-12
CZ0210058,Sanguisorba officinalis,2012-07-23
CZ0210058,Succisa pratensis,2012-07-24
CZ0210062,Phengaris nausithous,2021-07-26
CZ0210062,Phengaris teleius,2021-07-26
CZ0210062,Rumex sp.,2011-05-20
CZ0210062,Sanguisorba officinalis,2022-06-23
CZ0210062,Succisa pratensis,2004-06-12
CZ0210066,Cypripedium calceolus,2021-06-03
CZ0210100,Bombina bombina,2011-04-29
CZ0210100,Cypripedium calceolus,2011-06-09
CZ0210100,Rumex sp.,2019-05-01
CZ0210100,Triturus cristatus,2011-04-29
CZ0210101,Ameiurus nebulosus,2004-01-01
CZ0210101,Bombina bombina,2024-04-28
CZ0210101,Cypripedium calceolus,2016-05-18
CZ0210101,Lemna trisulca,2021-06-18
CZ0210101,Lucanus cervus,2025-06-05
CZ0210101,Lutra lutra,2020-04-22
CZ0210101,Lycaena dispar,2024-05-10
CZ0210101,Myotis myotis,2012-06-21
CZ0210101,Phengaris nausithous,1995-01-01
CZ0210101,Sanguisorba officinalis,2023-06-22
CZ0210101,Scardinius erythrophthalmus,2004-01-01
CZ0210101,Succisa pratensis,2023-06-22
CZ0210101,Triturus cristatus,2021-07-15
CZ0210101,Vertigo angustior,2023-05-11
CZ0210105,Cypripedium calceolus,2024-07-11
CZ0210105,Euplagia quadripunctaria,2023-06-08
CZ0210105,Lucanus cervus,2020-07-02
CZ0210107,Cypripedium calceolus,2024-08-01
CZ0210109,Barbastella barbastellus,2025-07-02
CZ0210109,Bombina bombina,2025-04-29
CZ0210109,Lucanus cervus,2025-07-02
CZ0210109,Myotis bechsteinii,2025-07-02
CZ0210109,Myotis emarginatus,2025-05-27
CZ0210109,Myotis myotis,2025-07-02
CZ0210109,Sanguisorba officinalis,2024-08-18
CZ0210109,Succisa pratensis,2022-05-01
CZ0210109,Triturus cristatus,2013-04-30
CZ0210111,Pulsatilla patens,2025-06-29
CZ0210113,Euphydryas maturna,2007-06-09
CZ0210113,Hamatocaulis vernicosus,2001-01-01
CZ0210113,Sanguisorba officinalis,2022-06-22
CZ0210113,Succisa pratensis,2022-06-22
CZ0210113,Vertigo angustior,2004-06-08
CZ0210114,Euplagia quadripunctaria,2017-08-11
CZ0210114,Lycaena dispar,2013-09-07
CZ0210114,Spermophilus citellus,2025-06-30
CZ0210118,Bombina bombina,2025-05-28
CZ0210118,Cucujus cinnaberinus,2004-04-28
CZ0210118,Lemna trisulca,2005-07-17
CZ0210118,Myotis myotis,2013-09-02
CZ0210118,Sanguisorba officinalis,2018-06-29
CZ0210118,Triturus cristatus,2024-06-02
CZ0210150,Bombina bombina,2014-04-08
CZ0210150,Cucujus cinnaberinus,2021-09-18
CZ0210150,Cypripedium calceolus,2016-06-12
CZ0210150,Lucanus cervus,2024-08-27
CZ0210150,Myotis myotis,2012-08-24
CZ0210150,Triturus cristatus,2011-08-05
CZ0210152,Abramis brama,2016-10-25
CZ0210152,Ameiurus nebulosus,2016-10-25
CZ0210152,Blicca bjoerkna,2016-10-25
CZ0210152,Bombina bombina,2024-06-26
CZ0210152,Castor fiber,2020-02-16
CZ0210152,Cucujus cinnaberinus,2025-09-30
CZ0210152,Lemna trisulca,2025-05-12
CZ0210152,Leuciscus aspius,2004-01-01
CZ0210152,Lycaena dispar,2025-07-20
CZ0210152,Phengaris nausithous,2025-08-13
CZ0210152,Phengaris teleius,2021-07-28
CZ0210152,Sanguisorba officinalis,2025-07-18
CZ0210152,Scardinius erythrophthalmus,2016-10-25
CZ0210152,Succisa pratensis,2025-05-12
CZ0210152,Triturus cristatus,2024-06-26
CZ0210153,Cerambyx cerdo,2009-06-01
CZ0210153,Cucujus cinnaberinus,2014-05-03
CZ0210153,Euplagia quadripunctaria,2019-07-20
CZ0210153,Hipparchia semele,2004-01-01
CZ0210153,Lucanus cervus,2015-04-01
CZ0210172,Bombina bombina,2025-05-20
CZ0210172,Hamatocaulis vernicosus,2001-01-01
CZ0210172,Hipparchia semele,1995-01-01
CZ0210172,Lemna trisulca,2022-06-22
CZ0210172,Leucorrhinia pectoralis,2021-06-28
CZ0210172,Lycaena dispar,2024-07-22
CZ0210172,Misgurnus fossilis,2013-10-24
CZ0210172,Phengaris nausithous,2023-08-03
CZ0210172,Phengaris teleius,2023-08-03
CZ0210172,Sanguisorba officinalis,2023-08-03
CZ0210172,Succisa pratensis,2022-06-14
CZ0210172,Triturus cristatus,2025-05-20
CZ0210172,Vertigo angustior,2012-08-06
CZ0210175,Bombina bombina,2022-07-20
CZ0210175,Lemna trisulca,2005-05-13
CZ0210175,Leucorrhinia pectoralis,2025-05-29
CZ0210175,Lucanus cervus,2018-07-31
CZ0210175,Lycaena dispar,2018-07-31
CZ0210175,Succisa pratensis,2017-07-07
CZ0210186,Abramis brama,2004-01-01
CZ0210186,Ameiurus melas,2007-04-01
CZ0210186,Ameiurus nebulosus,2010-07-14
CZ0210186,Blicca bjoerkna,2010-11-14
CZ0210186,Castor fiber,2025-05-10
CZ0210186,Cucujus cinnaberinus,2021-06-04
CZ0210186,Lemna trisulca,2021-05-21
CZ0210186,Leuciscus aspius,2014-10-20
CZ0210186,Lucanus cervus,2024-06-08
CZ0210186,Lutra lutra,2006-11-16
CZ0210186,Phengaris nausithous,2023-08-03
CZ0210186,Phengaris teleius,2021-07-28
CZ0210186,Rhodeus amarus,2011-05-01
CZ0210186,Sanguisorba officinalis,2025-11-06
CZ0210186,Scardinius erythrophthalmus,2014-10-20
CZ0210186,Succisa pratensis,2025-11-06
CZ0210186,Triturus cristatus,2011-04-30
CZ0210409,Austropotamobius torrentium,2024-08-13
CZ0210409,Barbastella barbastellus,2019-08-24
CZ0210409,Euplagia quadripunctaria,2020-07-30
CZ0210409,Hipparchia semele,2009-08-01
CZ0210409,Lucanus cervus,2021-07-05
CZ0210421,Barbastella barbastellus,2012-02-07
CZ0210421,Euplagia quadripunctaria,2008-07-29
CZ0210421,Hipparchia semele,2010-07-20
CZ0210421,Myotis myotis,2012-02-07
CZ0210421,Myotis sp.,2008-02-01
CZ0210421,Rhinolophus hipposideros,2015-02-06
CZ0210704,Euplagia quadripunctaria,2021-08-25
CZ0210708,Euplagia quadripunctaria,2004-03-19
CZ0210708,Lucanus cervus,2024-12-14
CZ0210708,Osmoderma barnabita,2009-06-01
CZ0210708,Vertigo angustior,2004-07-07
CZ0210713,Lucanus cervus,2024-06-16
CZ0210713,Sanguisorba officinalis,2020-08-28
CZ0210713,Succisa pratensis,2025-05-23
CZ0210714,Abramis brama,2016-10-05
CZ0210714,Ameiurus nebulosus,2004-01-01
CZ0210714,Blicca bjoerkna,2016-10-05
CZ0210714,Bombina bombina,2024-05-02
CZ0210714,Cucujus cinnaberinus,2023-07-24
CZ0210714,Lemna trisulca,2022-08-30
CZ0210714,Leuciscus aspius,2016-10-05
CZ0210714,Lutra lutra,2004-08-01
CZ0210714,Rhodeus amarus,2007-08-03
CZ0210714,Scardinius erythrophthalmus,2016-10-05
CZ0210714,Triturus cristatus,2011-04-07
CZ0210719,Euplagia quadripunctaria,2021-08-06
CZ0210719,Sanguisorba officinalis,2021-05-02
CZ0210720,Bombina bombina,2023-04-15
CZ0210720,Lucanus cervus,2025-06-14
CZ0210720,Succisa pratensis,2025-07-05
CZ0210720,Vertigo angustior,2006-11-22
CZ0210721,Sanguisorba officinalis,2004-06-08
CZ0210721,Succisa pratensis,2021-09-13
CZ0210721,Vertigo angustior,2006-11-22
CZ0210721,Vertigo moulinsiana,2015-10-06
CZ0210729,Cucujus cinnaberinus,2024-03-23
CZ0210729,Euplagia quadripunctaria,2022-08-07
CZ0210729,Hipparchia semele,1995-01-01
CZ0210729,Lucanus cervus,2017-07-04
CZ0210729,Lycaena dispar,2022-06-08
CZ0210729,Myotis myotis,2013-08-24
CZ0210731,Bombina bombina,2023-06-19
CZ0210731,Sanguisorba officinalis,2010-05-28
CZ0210731,Succisa pratensis,2018-05-22
CZ0210732,Succisa pratensis,2014-08-22
CZ0212001,Bombina bombina,2022-05-10
CZ0212001,Coleanthus subtilis,2023-05-30
CZ0212004,Cypripedium calceolus,2024-06-07
CZ0212004,Euplagia quadripunctaria,2018-07-20
CZ0212006,Castor fiber,2024-12-15
CZ0212006,Cottus gobio,2022-06-22
CZ0212006,Myotis bechsteinii,2015-05-04
CZ0212006,Trichomanes speciosum,2021-05-12
CZ0212008,Minuartia smejkalii,2025-07-07
CZ0212010,Bombina bombina,2022-05-10
CZ0212010,Coleanthus subtilis,2023-05-30
CZ0212019,Adenophora liliifolia,2024-07-23
CZ0212019,Bombina bombina,2002-05-01
CZ0212019,Cypripedium calceolus,2024-05-19
CZ0212019,Euplagia quadripunctaria,2008-08-19
CZ0212019,Sanguisorba officinalis,2021-07-07
CZ0212019,Succisa pratensis,2021-07-07
CZ0212019,Vertigo angustior,2019-07-16
CZ0212020,Cottus gobio,2012-08-17
CZ0212020,Lampetra planeri,2012-08-17
CZ0212020,Lemna trisulca,2019-04-19
CZ0212020,Ligularia sibirica,2025-10-14
CZ0212020,Lutra lutra,2013-05-08
CZ0212020,Myotis myotis,2013-08-31
CZ0212020,Salmo trutta,2023-09-22
CZ0212020,Sanguisorba officinalis,2023-06-14
CZ0212020,Succisa pratensis,2009-01-01
CZ0212020,Vertigo angustior,2023-05-22
CZ0212020,Vertigo moulinsiana,2024-05-21
CZ0212021,Bombina bombina,2002-01-01
CZ0212021,Gladiolus palustris,2025-06-25
CZ0212021,Sanguisorba officinalis,2022-06-27
CZ0212021,Succisa pratensis,2020-06-22
CZ0212021,Thesium ebracteatum,2025-06-12
CZ0212022,Cypripedium calceolus,2023-06-13
CZ0212023,Jurinea cyanoides,2025-11-28
CZ0212024,Cypripedium calceolus,2023-07-19
CZ0212025,Cypripedium calceolus,2023-07-19
CZ0213001,Bombina bombina,2025-05-20
CZ0213001,Triturus cristatus,2020-06-16
CZ0213004,Bombina bombina,2025-08-04
CZ0213005,Bombina bombina,2025-09-03
CZ0213005,Castor fiber,2026-03-03
CZ0213005,Triturus cristatus,2008-05-09
CZ0213006,Euplagia quadripunctaria,2021-08-10
CZ0213006,Lemna trisulca,2016-07-04
CZ0213006,Ligularia sibirica,2024-07-31
CZ0213006,Vertigo moulinsiana,2015-09-30
CZ0213009,Abramis brama,2004-01-01
CZ0213009,Ameiurus nebulosus,2016-04-21
CZ0213009,Blicca bjoerkna,2014-10-11
CZ0213009,Bombina bombina,2025-06-11
CZ0213009,Castor fiber,2025-04-11
CZ0213009,Cottus gobio,2023-10-16
CZ0213009,Lampetra planeri,2023-11-14
CZ0213009,Lemna trisulca,2002-05-15
CZ0213009,Leuciscus aspius,2004-01-01
CZ0213009,Lutra lutra,2024-08-21
CZ0213009,Ophiogomphus cecilia,2019-07-18
CZ0213009,Osmoderma barnabita,2024-07-03
CZ0213009,Rhodeus amarus,2014-10-11
CZ0213009,Salmo trutta,2020-11-06
CZ0213009,Sanguisorba officinalis,2022-09-07
CZ0213009,Scardinius erythrophthalmus,2004-01-01
CZ0213009,Succisa pratensis,2024-05-18
CZ0213009,Unio crassus,2024-06-23
CZ0213013,Bombina bombina,2025-08-05
CZ0213013,Lutra lutra,2018-05-18
CZ0213013,Sanguisorba officinalis,2013-08-09
CZ0213015,Lucanus cervus,2024-06-10
CZ0213015,Osmoderma barnabita,2015-05-23
CZ0213015,Phengaris nausithous,2025-08-03
CZ0213015,Sanguisorba officinalis,2008-10-10
CZ0213015,Succisa pratensis,2008-05-24
CZ0213016,Abramis brama,2004-01-01
CZ0213016,Austropotamobius torrentium,2025-10-25
CZ0213016,Cottus gobio,2014-09-23
CZ0213016,Hipparchia semele,2003-07-24
CZ0213016,Lampetra planeri,2014-09-23
CZ0213016,Lutra lutra,2016-10-21
CZ0213016,Salmo trutta,2014-09-23
CZ0213016,Scardinius erythrophthalmus,2004-01-01
CZ0213017,Bombina bombina,2025-06-25
CZ0213017,Triturus cristatus,2024-06-24
CZ0213023,Chazara briseis,1995-01-01
CZ0213023,Euplagia quadripunctaria,2021-08-04
CZ0213023,Hipparchia semele,1995-01-01
CZ0213028,Bombina bombina,2025-07-04
CZ0213028,Sanguisorba officinalis,2023-06-24
CZ0213028,Triturus cristatus,2022-07-06
CZ0213029,Bombina bombina,2025-05-15
CZ0213029,Lemna trisulca,2022-08-15
CZ0213029,Sanguisorba officinalis,2003-06-03
CZ0213029,Triturus cristatus,2025-05-03
CZ0213038,Lucanus cervus,2025-06-18
CZ0213038,Triturus cristatus,2025-07-04
CZ0213039,Abramis brama,2021-10-20
CZ0213039,Ameiurus melas,2020-06-02
CZ0213039,Ameiurus nebulosus,2020-05-26
CZ0213039,Blicca bjoerkna,2015-10-03
CZ0213039,Castor fiber,2025-07-08
CZ0213039,Leuciscus aspius,2004-01-01
CZ0213039,Myotis myotis,2015-05-15
CZ0213039,Ophiogomphus cecilia,2006-01-01
CZ0213039,Rhodeus amarus,2022-09-22
CZ0213039,Salmo trutta,2004-01-01
CZ0213042,Cottus gobio,2016-11-11
CZ0213042,Lampetra planeri,2023-10-22
CZ0213042,Lutra lutra,2015-05-07
CZ0213042,Salmo trutta,2015-05-29
CZ0213043,Euplagia quadripunctaria,2021-07-29
CZ0213043,Lucanus cervus,2025-08-28
CZ0213047,Bombina bombina,2025-09-03
CZ0213047,Lemna trisulca,2023-05-12
CZ0213047,Triturus cristatus,2021-07-12
CZ0213048,Abramis brama,2000-01-01
CZ0213048,Blicca bjoerkna,2000-01-01
CZ0213048,Cucujus cinnaberinus,2015-04-01
CZ0213048,Rhodeus amarus,2023-08-29
CZ0213048,Scardinius erythrophthalmus,2000-01-01
CZ0213050,Austropotamobius torrentium,2016-11-23
CZ0213050,Barbastella barbastellus,2017-04-11
CZ0213050,Hipparchia semele,1995-01-01
CZ0213050,Lampetra planeri,2025-03-26
CZ0213050,Lutra lutra,2016-08-03
CZ0213050,Myotis myotis,2016-09-14
CZ0213051,Euphydryas maturna,2007-06-05
CZ0213051,Lucanus cervus,2020-07-15
CZ0213058,Bombina bombina,2025-06-30
CZ0213058,Leucorrhinia pectoralis,2023-06-16
CZ0213058,Lycaena dispar,2021-08-22
CZ0213058,Triturus cristatus,2025-07-13
CZ0213059,Hipparchia semele,2015-01-01
CZ0213059,Vertigo angustior,2023-10-13
CZ0213061,Abramis brama,2004-01-01
CZ0213061,Ameiurus nebulosus,2014-04-22
CZ0213061,Blicca bjoerkna,2004-01-01
CZ0213061,Bombina bombina,2025-05-11
CZ0213061,Cucujus cinnaberinus,2004-05-01
CZ0213061,Lemna trisulca,2022-08-16
CZ0213061,Leuciscus aspius,2004-01-01
CZ0213061,Phengaris nausithous,1995-01-01
CZ0213061,Sanguisorba officinalis,2020-08-06
CZ0213061,Scardinius erythrophthalmus,2004-01-01
CZ0213061,Triturus cristatus,2020-06-16
CZ0213063,Euplagia quadripunctaria,2012-03-01
CZ0213063,Lycaena dispar,2012-03-01
CZ0213063,Phengaris nausithous,2025-08-08
CZ0213063,Sanguisorba officinalis,2013-09-12
CZ0213064,Bombina bombina,2025-09-20
CZ0213064,Sanguisorba officinalis,2023-07-12
CZ0213064,Succisa pratensis,2023-07-12
CZ0213064,Triturus cristatus,2025-07-02
CZ0213065,Euplagia quadripunctaria,2025-08-14
CZ0213065,Lucanus cervus,2020-07-24
CZ0213065,Phengaris nausithous,1960-01-01
CZ0213066,Bombina bombina,2025-07-02
CZ0213066,Sanguisorba officinalis,2012-05-15
CZ0213066,Triturus cristatus,2021-07-11
CZ0213067,Abramis brama,2015-08-17
CZ0213067,Blicca bjoerkna,2016-10-01
CZ0213067,Cottus gobio,2016-10-01
CZ0213067,Leuciscus aspius,2023-10-17
CZ0213067,Lutra lutra,2015-05-17
CZ0213067,Myotis myotis,2015-05-17
CZ0213067,Ophiogomphus cecilia,2017-07-19
CZ0213067,Phengaris nausithous,2017-07-19
CZ0213067,Rhodeus amarus,2023-08-12
CZ0213067,Salmo trutta,2016-10-01
CZ0213067,Scardinius erythrophthalmus,2004-01-01
CZ0213068,Abramis brama,2016-05-05
CZ0213068,Blicca bjoerkna,2017-09-27
CZ0213068,Castor fiber,2022-02-25
CZ0213068,Cottus gobio,2004-01-01
CZ0213068,Leuciscus aspius,2020-09-16
CZ0213068,Lutra lutra,2025-07-10
CZ0213068,Myotis myotis,2023-09-23
CZ0213068,Ophiogomphus cecilia,2022-07-20
CZ0213068,Rhodeus amarus,2023-09-06
CZ0213068,Salmo trutta,2004-01-01
CZ0213068,Sanguisorba officinalis,2008-06-05
CZ0213068,Scardinius erythrophthalmus,2012-09-17
CZ0213068,Unio crassus,2022-08-07
CZ0213069,Lampetra planeri,2023-09-08
CZ0213069,Lutra lutra,2015-04-30
CZ0213069,Misgurnus fossilis,2023-09-07
CZ0213070,Osmoderma barnabita,2021-07-30
CZ0213071,Bombina bombina,2025-09-03
CZ0213071,Triturus cristatus,2024-06-15
CZ0213072,Osmoderma barnabita,2025-08-13
CZ0213072,Succisa pratensis,2009-08-28
CZ0213076,Abramis brama,2014-10-14
CZ0213076,Cottus gobio,2015-09-01
CZ0213076,Lampetra planeri,2023-10-22
CZ0213076,Lutra lutra,2015-05-19
CZ0213076,Rhodeus amarus,2019-06-20
CZ0213076,Salmo trutta,2022-10-13
CZ0213076,Scardinius erythrophthalmus,2019-06-20
CZ0213077,Bombina bombina,2024-06-17
CZ0213077,Lutra lutra,2022-06-03
CZ0213077,Triturus cristatus,2025-08-08
CZ0213078,Euplagia quadripunctaria,2007-08-07
CZ0213078,Sanguisorba officinalis,2010-08-16
CZ0213078,Spermophilus citellus,2016-07-06
CZ0213081,Bombina bombina,2025-08-04
CZ0213081,Lemna trisulca,2023-05-18
CZ0213081,Succisa pratensis,2004-06-01
CZ0213082,Bombina bombina,2025-07-02
CZ0213082,Sanguisorba officinalis,2015-08-05
CZ0213082,Succisa pratensis,2020-06-16
CZ0213082,Triturus cristatus,2025-07-02
CZ0213083,Abramis brama,2004-01-01
CZ0213083,Ameiurus nebulosus,2004-01-01
CZ0213083,Blicca bjoerkna,2004-01-01
CZ0213083,Castor fiber,2023-04-13
CZ0213083,Cucujus cinnaberinus,2025-11-28
CZ0213083,Lucanus cervus,2025-06-21
CZ0213083,Osmoderma barnabita,2022-08-13
CZ0213084,Bombina bombina,2025-09-03
CZ0213086,Bombina bombina,2023-05-25
CZ0213086,Lucanus cervus,2022-06-15
CZ0213086,Lynx lynx,2002-02-11
CZ0213086,Phengaris nausithous,2006-08-09
CZ0213086,Phengaris teleius,2009-07-05
CZ0213086,Sanguisorba officinalis,2023-08-16
CZ0213086,Succisa pratensis,2009-04-11
CZ0213086,Triturus cristatus,2025-07-17
CZ0213086,Vertigo angustior,2009-09-21
CZ0213512,Bombina variegata,2025-09-09
CZ0213512,Lemna trisulca,2009-06-17
CZ0213512,Triturus cristatus,2025-07-01
CZ0213600,Myotis myotis,2020-06-05
CZ0213601,Chazara briseis,2005-01-01
CZ0213601,Hipparchia semele,2005-01-01
CZ0213601,Myotis myotis,2019-07-17
CZ0213602,Myotis myotis,2005-06-26
CZ0213610,Barbastella barbastellus,2025-02-07
CZ0213610,Myotis myotis,2023-06-26
CZ0213610,Myotis sp.,2024-07-15
CZ0213611,Lucanus cervus,2011-07-05
CZ0213611,Myotis myotis,2025-07-24
CZ0213612,Myotis myotis,2011-07-05
CZ0213613,Barbastella barbastellus,2015-02-11
CZ0213613,Myotis bechsteinii,2014-12-30
CZ0213613,Myotis emarginatus,2015-02-11
CZ0213613,Myotis myotis,2015-02-11
CZ0213613,Myotis sp.,2014-12-30
CZ0213613,Rhinolophus hipposideros,2015-02-11
CZ0213615,Myotis myotis,2021-01-30
CZ0213615,Rhinolophus hipposideros,2025-01-25
CZ0213620,Myotis bechsteinii,2021-02-04
CZ0213620,Myotis myotis,2016-02-27
CZ0213620,Myotis sp.,2021-02-04
CZ0213621,Barbastella barbastellus,2026-01-23
CZ0213621,Euplagia quadripunctaria,2021-08-09
CZ0213621,Hipparchia semele,2009-08-01
CZ0213621,Myotis bechsteinii,2023-01-27
CZ0213621,Myotis emarginatus,2026-01-23
CZ0213621,Myotis myotis,2026-01-23
CZ0213621,Rhinolophus hipposideros,2026-01-23
CZ0213626,Myotis myotis,2015-07-17
CZ0213626,Rhinolophus hipposideros,2015-07-17
CZ0213628,Myotis myotis,2025-07-28
CZ0213630,Myotis myotis,2005-06-25
CZ0213631,Myotis myotis,2006-06-28
CZ0213776,Spermophilus citellus,2025-07-01
CZ0213777,Euplagia quadripunctaria,2018-07-19
CZ0213777,Phengaris nausithous,2021-07-27
CZ0213777,Sanguisorba officinalis,2012-06-07
CZ0213779,Cerambyx cerdo,2009-06-01
CZ0213779,Euplagia quadripunctaria,2023-07-18
CZ0213779,Hipparchia semele,2004-01-01
CZ0213779,Lucanus cervus,2025-07-31
CZ0213779,Myotis alcathoe/emarginatus,2019-08-31
CZ0213779,Myotis myotis,2019-05-29
CZ0213779,Myotis sp.,2019-08-31
CZ0213783,Bombina variegata,2025-09-08
CZ0213783,Euplagia quadripunctaria,2017-08-17
CZ0213783,Lycaena dispar,2022-06-05
CZ0213783,Myotis myotis,2015-05-05
CZ0213783,Sanguisorba officinalis,2014-05-25
CZ0213783,Triturus cristatus,2025-08-18
CZ0213784,Bombina bombina,2025-08-04
CZ0213784,Lycaena dispar,2023-07-16
CZ0213784,Phengaris nausithous,2024-07-22
CZ0213784,Sanguisorba officinalis,2014-10-01
CZ0213784,Triturus cristatus,2018-06-11
CZ0213785,Bombina bombina,2025-08-04
CZ0213785,Lemna trisulca,2009-08-10
CZ0213785,Phengaris nausithous,2021-07-28
CZ0213785,Vertigo angustior,2015-03-28
CZ0213787,Bombina bombina,2021-09-04
CZ0213787,Bombina variegata,2024-07-05
CZ0213787,Hipparchia semele,1995-01-01
CZ0213787,Myotis myotis,2015-05-06
CZ0213787,Myotis sp.,2020-10-01
CZ0213787,Phengaris nausithous,2021-07-13
CZ0213787,Phengaris teleius,2021-07-13
CZ0213787,Sanguisorba officinalis,2014-06-07
CZ0213787,Succisa pratensis,2014-06-07
CZ0213787,Triturus cristatus,2017-03-01
CZ0213789,Abramis brama,2025-09-26
CZ0213789,Blicca bjoerkna,2024-10-10
CZ0213789,Bombina bombina,2025-06-01
CZ0213789,Lemna trisulca,2009-09-26
CZ0213789,Lutra lutra,2016-05-20
CZ0213789,Lycaena dispar,2021-08-21
CZ0213789,Scardinius erythrophthalmus,2025-09-26
CZ0213789,Triturus cristatus,2025-07-01
CZ0213790,Scardinius erythrophthalmus,2025-09-05
CZ0213790,Triturus cristatus,2025-09-18
CZ0213791,Bombina bombina,2025-08-04
CZ0213791,Lemna trisulca,2023-08-11
CZ0213791,Triturus cristatus,2025-08-04
CZ0213792,Barbastella barbastellus,2023-06-01
CZ0213792,Bombina bombina,2020-06-16
CZ0213792,Cucujus cinnaberinus,2025-09-09
CZ0213792,Lemna trisulca,2023-05-24
CZ0213792,Leucorrhinia pectoralis,2020-06-15
CZ0213792,Lucanus cervus,2020-07-05
CZ0213792,Lycaena dispar,2022-07-21
CZ0213792,Osmoderma barnabita,2012-06-28
CZ0213792,Rhinolophus hipposideros,2023-06-01
CZ0213792,Sanguisorba officinalis,2023-05-24
CZ0213792,Triturus cristatus,2020-04-23
CZ0213794,Bombina bombina,2011-05-14
CZ0213794,Leucorrhinia pectoralis,2023-05-25
CZ0213794,Scardinius erythrophthalmus,2025-08-27
CZ0213794,Triturus cristatus,2025-07-09
CZ0213796,Spermophilus citellus,2025-07-01
CZ0213802,Euplagia quadripunctaria,2006-08-05
CZ0213802,Hipparchia semele,2004-01-01
CZ0213802,Lucanus cervus,2004-08-28
CZ0213814,Austropotamobius torrentium,2016-09-28
CZ0213814,Cottus gobio,2023-09-03
CZ0213814,Lampetra planeri,2016-07-12
CZ0213814,Lutra lutra,2015-05-10
CZ0213814,Myotis myotis,2015-05-10
CZ0213814,Salmo trutta,2016-07-12
CZ0213817,Hipparchia semele,1995-01-01
CZ0213817,Lampetra planeri,2023-09-03
CZ0213817,Lutra lutra,2015-05-25
CZ0213817,Myotis myotis,2015-05-25
CZ0213817,Salmo trutta,2008-11-15
CZ0213818,Abramis brama,2021-07-26
CZ0213818,Austropotamobius torrentium,2016-11-25
CZ0213818,Hipparchia semele,1995-01-01
CZ0213818,Lampetra planeri,2023-09-03
CZ0213818,Lutra lutra,2017-08-17
CZ0213818,Myotis myotis,2017-08-15
CZ0213818,Salmo trutta,2021-07-26
CZ0213818,Scardinius erythrophthalmus,2021-07-26
CZ0213822,Bombina variegata,2025-08-03
CZ0213822,Scardinius erythrophthalmus,2016-11-10
CZ0213822,Triturus cristatus,2025-08-03
CZ0214002,Adenophora liliifolia,2024-07-22
CZ0214002,Austropotamobius torrentium,2024-09-22
CZ0214002,Barbastella barbastellus,2020-08-24
CZ0214002,Dracocephalum austriacum,2025-05-05
CZ0214002,Euplagia quadripunctaria,2021-08-11
CZ0214002,Hipparchia semele,2009-08-01
CZ0214002,Lucanus cervus,2025-10-11
CZ0214002,Lutra lutra,2016-10-16
CZ0214002,Myotis alcathoe/emarginatus,2020-07-15
CZ0214002,Myotis myotis,2020-07-15
CZ0214002,Rhinolophus hipposideros,2018-09-27
CZ0214002,Salmo trutta,2022-11-05
CZ0214002,Sanguisorba officinalis,2018-09-14
CZ0214003,Adenophora liliifolia,2024-07-22
CZ0214003,Barbastella barbastellus,2026-01-20
CZ0214003,Dracocephalum austriacum,2023-05-22
CZ0214003,Euplagia quadripunctaria,2023-07-16
CZ0214003,Hipparchia semele,2010-07-20
CZ0214003,Lucanus cervus,2024-04-01
CZ0214003,Myotis emarginatus,2026-01-20
CZ0214003,Myotis myotis,2026-01-31
CZ0214003,Myotis sp.,2007-02-07
CZ0214003,Rhinolophus ferrumequinum,2024-01-30
CZ0214003,Rhinolophus hipposideros,2026-01-20
CZ0214003,Sanguisorba officinalis,2001-07-09
CZ0214003,Spermophilus citellus,2000-01-01
CZ0214004,Abramis brama,2019-04-25
CZ0214004,Ameiurus nebulosus,2004-01-01
CZ0214004,Blicca bjoerkna,2004-01-01
CZ0214004,Castor fiber,2024-10-27
CZ0214004,Leuciscus aspius,2019-04-08
CZ0214004,Lucanus cervus,2012-05-29
CZ0214004,Ophiogomphus cecilia,2012-08-20
CZ0214004,Phengaris nausithous,2023-07-28
CZ0214004,Phengaris teleius,2023-07-28
CZ0214004,Salmo trutta,2004-01-01
CZ0214004,Sanguisorba officinalis,2022-07-29
CZ0214004,Scardinius erythrophthalmus,2004-01-01
CZ0214005,Euplagia quadripunctaria,2013-01-01
CZ0214005,Phengaris nausithous,2020-07-29
CZ0214005,Phengaris teleius,2024-07-25
CZ0214005,Rumex sp.,2021-09-09
CZ0214005,Salmo trutta,2016-11-30
CZ0214005,Sanguisorba officinalis,2023-09-18
CZ0214005,Scardinius erythrophthalmus,2025-05-11
CZ0214005,Succisa pratensis,2023-08-16
CZ0214005,Vertigo angustior,2007-08-16
CZ0214006,Barbastella barbastellus,2021-12-28
CZ0214006,Canis lupus,2023-09-22
CZ0214006,Cucujus cinnaberinus,2025-05-02
CZ0214006,Epidalea calamita,2019-06-17
CZ0214006,Euplagia quadripunctaria,2021-08-09
CZ0214006,Hipparchia semele,1995-01-01
CZ0214006,Lucanus cervus,2024-06-25
CZ0214006,Lycaena dispar,2022-06-08
CZ0214006,Myotis alcathoe/emarginatus,2019-07-24
CZ0214006,Myotis bechsteinii,2024-06-11
CZ0214006,Myotis myotis,2019-07-24
CZ0214006,Myotis sp.,2019-07-24
CZ0214006,Succisa pratensis,2022-07-27
CZ0214006,Triturus cristatus,2025-07-18
CZ0214007,Abramis brama,2004-01-01
CZ0214007,Ameiurus nebulosus,2004-01-01
CZ0214007,Anisus vorticulus,2025-08-03
CZ0214007,Blicca bjoerkna,2014-09-16
CZ0214007,Cucujus cinnaberinus,2022-07-20
CZ0214007,Lemna trisulca,2021-07-16
CZ0214007,Leuciscus aspius,2004-01-01
CZ0214007,Lucanus cervus,2023-06-28
CZ0214007,Misgurnus fossilis,2014-09-16
CZ0214007,Myotis alcathoe/emarginatus,2023-08-01
CZ0214007,Myotis sp.,2023-08-01
CZ0214007,Osmoderma barnabita,2019-12-04
CZ0214007,Phengaris nausithous,2019-07-09
CZ0214007,Phengaris teleius,2017-07-16
CZ0214007,Rhodeus amarus,2004-01-01
CZ0214007,Sanguisorba officinalis,2024-06-24
CZ0214007,Scardinius erythrophthalmus,2024-10-16
CZ0214007,Triturus cristatus,2025-08-16
CZ0214007,Vertigo angustior,2010-02-28
CZ0214008,Abramis brama,2020-08-17
CZ0214008,Austropotamobius torrentium,2024-09-22
CZ0214008,Barbastella barbastellus,2011-12-21
CZ0214008,Blicca bjoerkna,2007-01-01
CZ0214008,Bombina variegata,2002-05-27
CZ0214008,Cerambyx cerdo,2024-07-09
CZ0214008,Cottus gobio,2024-07-11
CZ0214008,Euplagia quadripunctaria,2024-07-31
CZ0214008,Lampetra planeri,2024-07-11
CZ0214008,Lemna trisulca,2009-06-25
CZ0214008,Leuciscus aspius,2020-08-17
CZ0214008,Limoniscus violaceus,2009-06-23
CZ0214008,Lucanus cervus,2025-08-07
CZ0214008,Lutra lutra,2024-04-01
CZ0214008,Myotis bechsteinii,2011-12-21
CZ0214008,Myotis myotis,2012-06-21
CZ0214008,Osmoderma barnabita,2024-07-31
CZ0214008,Phengaris nausithous,2003-06-21
CZ0214008,Rumex sp.,2015-07-16
CZ0214008,Salmo trutta,2015-07-21
CZ0214008,Sanguisorba officinalis,2011-09-29
CZ0214008,Scardinius erythrophthalmus,2024-10-21
CZ0214008,Spermophilus citellus,2002-01-01
CZ0214008,Triturus cristatus,2006-07-11
CZ0214008,Unio crassus,2024-08-29
CZ0214009,Abramis brama,2012-07-23
CZ0214009,Ameiurus nebulosus,2012-07-23
CZ0214009,Blicca bjoerkna,2012-07-23
CZ0214009,Bombina bombina,2025-08-28
CZ0214009,Castor fiber,2025-08-04
CZ0214009,Cucujus cinnaberinus,2025-11-04
CZ0214009,Euphydryas maturna,2023-06-15
CZ0214009,Lampetra planeri,1900-01-01
CZ0214009,Lemna trisulca,2025-08-04
CZ0214009,Leuciscus aspius,2012-07-23
CZ0214009,Lucanus cervus,2024-06-06
CZ0214009,Lutra lutra,2025-04-02
CZ0214009,Lycaena dispar,2021-08-30
CZ0214009,Misgurnus fossilis,2004-01-01
CZ0214009,Osmoderma barnabita,2021-01-01
CZ0214009,Phengaris nausithous,2021-08-04
CZ0214009,Phengaris teleius,2021-08-04
CZ0214009,Rhodeus amarus,2012-07-23
CZ0214009,Rumex sp.,2016-04-14
CZ0214009,Sanguisorba officinalis,2021-08-04
CZ0214009,Scardinius erythrophthalmus,2014-03-27
CZ0214009,Succisa pratensis,2015-07-07
CZ0214009,Triturus cristatus,2025-08-27
CZ0214010,Adenophora liliifolia,2008-01-01
CZ0214010,Cypripedium calceolus,2024-05-23
CZ0214010,Euphydryas maturna,2025-06-12
CZ0214010,Lucanus cervus,2025-08-27
CZ0214010,Lycaena dispar,2024-05-26
CZ0214010,Phengaris teleius,2000-01-01
CZ0214010,Sanguisorba officinalis,2019-07-16
CZ0214010,Succisa pratensis,2019-07-16
CZ0214011,Austropotamobius torrentium,2025-10-01
CZ0214011,Barbastella barbastellus,2024-12-30
CZ0214011,Bombina variegata,2021-08-03
CZ0214011,Buxbaumia viridis,2024-10-19
CZ0214011,Castor fiber,2026-01-15
CZ0214011,Cerambyx cerdo,2025-09-07
CZ0214011,Cottus gobio,2022-11-05
CZ0214011,Dicranum viride,2021-11-23
CZ0214011,Euplagia quadripunctaria,2024-07-15
CZ0214011,Limoniscus violaceus,2025-11-22
CZ0214011,Lucanus cervus,2025-11-22
CZ0214011,Lutra lutra,2021-02-19
CZ0214011,Lynx lynx,2010-01-01
CZ0214011,Myotis bechsteinii,2015-07-01
CZ0214011,Myotis myotis,2015-07-01
CZ0214011,Myotis sp.,2012-01-29
CZ0214011,Rumex sp.,2007-07-02
CZ0214011,Salmo trutta,2022-11-05
CZ0214011,Sanguisorba officinalis,2024-10-11
CZ0214011,Scardinius erythrophthalmus,2006-01-01
CZ0214012,Barbastella barbastellus,2021-09-09
CZ0214012,Canis lupus,2022-10-20
CZ0214012,Cucujus cinnaberinus,2021-07-12
CZ0214012,Myotis alcathoe/emarginatus,2021-06-14
CZ0214012,Myotis bechsteinii,2015-08-22
CZ0214012,Myotis emarginatus,2018-01-14
CZ0214012,Myotis myotis,2023-01-06
CZ0214012,Myotis sp.,2025-01-16
CZ0214012,Rhinolophus hipposideros,2025-01-16
CZ0214012,Trichomanes speciosum,2022-07-23
CZ0214013,Abramis brama,2024-11-09
CZ0214013,Ameiurus nebulosus,2024-10-22
CZ0214013,Barbastella barbastellus,2025-01-28
CZ0214013,Blicca bjoerkna,2022-08-30
CZ0214013,Canis lupus,2026-01-19
CZ0214013,Castor fiber,2025-11-20
CZ0214013,Cobitis elongatoides,2017-09-26
CZ0214013,Cobitis sp.,2024-12-04
CZ0214013,Cottus gobio,2014-09-23
CZ0214013,Cucujus cinnaberinus,2025-06-19
CZ0214013,Cypripedium calceolus,2025-05-28
CZ0214013,Euplagia quadripunctaria,2023-08-10
CZ0214013,Hamatocaulis vernicosus,2001-01-01
CZ0214013,Lampetra planeri,2014-09-23
CZ0214013,Lemna trisulca,2023-05-21
CZ0214013,Leuciscus aspius,2021-11-20
CZ0214013,Leucorrhinia pectoralis,2022-05-26
CZ0214013,Lucanus cervus,2021-08-10
CZ0214013,Lutra lutra,2024-12-31
CZ0214013,Lycaena dispar,2019-08-17
CZ0214013,Lynx lynx,2004-04-01
CZ0214013,Misgurnus fossilis,2023-09-10
CZ0214013,Myotis alcathoe/emarginatus,2019-07-26
CZ0214013,Myotis emarginatus,2020-01-29
CZ0214013,Myotis myotis,2026-01-12
CZ0214013,Myotis sp.,2025-02-01
CZ0214013,Ophiogomphus cecilia,2018-06-27
CZ0214013,Phengaris nausithous,2023-07-21
CZ0214013,Phengaris teleius,2023-07-21
CZ0214013,Rhinolophus hipposideros,2026-01-23
CZ0214013,Rhodeus amarus,2024-12-04
CZ0214013,Rumex sp.,2012-08-26
CZ0214013,Salmo trutta,2023-09-22
CZ0214013,Sanguisorba officinalis,2023-07-24
CZ0214013,Scardinius erythrophthalmus,2024-11-09
CZ0214013,Succisa pratensis,2023-07-24
CZ0214013,Trichomanes speciosum,2026-01-14
CZ0214013,Vertigo angustior,2024-08-07
CZ0214013,Vertigo moulinsiana,2025-10-21
CZ0214014,Bombina bombina,2025-07-31
CZ0214014,Coleanthus subtilis,2024-03-18
CZ0214014,Leucorrhinia pectoralis,2024-06-28
CZ0214014,Lycaena dispar,2023-06-20
CZ0214014,Sanguisorba officinalis,2013-05-17
CZ0214014,Scardinius erythrophthalmus,2025-05-25
CZ0214014,Succisa pratensis,2025-07-31
CZ0214014,Triturus cristatus,2025-08-01
CZ0214014,Vertigo angustior,2023-10-25
CZ0214015,Bombina variegata,2024-06-29
CZ0214015,Castor fiber,2025-03-13
CZ0214015,Dicranum viride,2020-01-01
CZ0214015,Euplagia quadripunctaria,2022-08-14
CZ0214015,Lucanus cervus,2023-06-06
CZ0214015,Myotis bechsteinii,2008-09-03
CZ0214015,Salmo trutta,2000-01-01
CZ0214015,Sanguisorba officinalis,2015-03-01
CZ0214015,Scardinius erythrophthalmus,2020-12-11
CZ0214015,Triturus cristatus,2011-04-21
CZ0214016,Abramis brama,2015-04-11
CZ0214016,Barbastella barbastellus,2025-02-27
CZ0214016,Blicca bjoerkna,2010-01-01
CZ0214016,Leuciscus aspius,2023-08-28
CZ0214016,Lutra lutra,2018-11-14
CZ0214016,Minuartia smejkalii,2025-07-14
CZ0214016,Myotis myotis,2025-02-27
CZ0214016,Myotis sp.,2016-02-02
CZ0214016,Salmo trutta,2004-01-01
CZ0214016,Scardinius erythrophthalmus,2010-01-01
CZ0214016,Unio crassus,2025-08-24
CZ0214017,Abramis brama,2021-02-18
CZ0214017,Adenophora liliifolia,2024-07-22
CZ0214017,Austropotamobius torrentium,2004-07-14
CZ0214017,Barbastella barbastellus,2026-01-25
CZ0214017,Blicca bjoerkna,2018-08-24
CZ0214017,Buxbaumia viridis,2014-03-01
CZ0214017,Canis lupus,2023-05-15
CZ0214017,Castor fiber,2026-02-19
CZ0214017,Chamaecytisus sp.,2007-07-18
CZ0214017,Chazara briseis,2005-01-01
CZ0214017,Cottus gobio,2023-08-17
CZ0214017,Cucujus cinnaberinus,2025-12-29
CZ0214017,Cypripedium calceolus,2024-05-13
CZ0214017,Dianthus lumnitzeri,2020-05-26
CZ0214017,Dracocephalum austriacum,2025-05-12
CZ0214017,Euplagia quadripunctaria,2025-08-16
CZ0214017,Hipparchia semele,2016-08-20
CZ0214017,Lemna trisulca,2013-05-02
CZ0214017,Leuciscus aspius,2011-09-01
CZ0214017,Lucanus cervus,2025-07-14
CZ0214017,Lutra lutra,2026-01-19
CZ0214017,Lycaena dispar,2025-08-20
CZ0214017,Myotis alcathoe/emarginatus,2020-08-20
CZ0214017,Myotis bechsteinii,2020-07-15
CZ0214017,Myotis emarginatus,2026-01-31
CZ0214017,Myotis myotis,2026-01-31
CZ0214017,Myotis sp.,2025-07-14
CZ0214017,Phengaris nausithous,2024-07-25
CZ0214017,Rhinolophus hipposideros,2026-01-31
CZ0214017,Rhodeus amarus,2012-09-14
CZ0214017,Rumex sp.,2022-05-08
CZ0214017,Salmo trutta,2023-08-17
CZ0214017,Sanguisorba officinalis,2022-06-08
CZ0214017,Scardinius erythrophthalmus,2013-06-27
CZ0214017,Triturus cristatus,2025-06-24
CZ0214017,Unio crassus,2003-06-14
CZ0214025,Barbastella barbastellus,2015-07-01
CZ0214025,Bombina bombina,2022-07-20
CZ0214025,Euplagia quadripunctaria,2021-07-11
CZ0214025,Lemna trisulca,2008-07-19
CZ0214025,Lutra lutra,2016-01-28
CZ0214025,Myotis emarginatus,2015-07-01
CZ0214025,Sanguisorba officinalis,2019-09-24
CZ0214025,Trichomanes speciosum,2019-09-24
CZ0214037,Chazara briseis,2003-07-27
CZ0214037,Euplagia quadripunctaria,2020-07-31
CZ0214037,Hipparchia semele,2013-08-14
CZ0214037,Lucanus cervus,2019-06-02
CZ0214037,Myotis emarginatus,2019-08-27
CZ0214037,Myotis myotis,2019-09-20
CZ0214037,Myotis sp.,2008-01-29
CZ0214037,Rhinolophus hipposideros,2012-05-20
CZ0214039,Austropotamobius torrentium,2025-10-14
CZ0214039,Cottus gobio,2022-11-24
CZ0214039,Lutra lutra,2000-12-22
CZ0214039,Rumex sp.,2016-07-07
CZ0214039,Salmo trutta,2020-09-02
CZ0214040,Hipparchia semele,1995-01-01
CZ0214040,Phengaris nausithous,2021-08-03
CZ0214040,Phengaris teleius,2021-08-03
CZ0214040,Sanguisorba officinalis,2010-05-29
CZ0214041,Austropotamobius torrentium,2016-09-14
CZ0214041,Cottus gobio,2018-10-05
CZ0214041,Lampetra planeri,2023-09-03
CZ0214041,Lutra lutra,2016-12-02
CZ0214041,Osmoderma barnabita,2020-07-24
CZ0214041,Rumex sp.,2011-08-22
CZ0214041,Salmo trutta,2018-10-06
CZ0214041,Sanguisorba officinalis,2017-06-08
CZ0214041,Succisa pratensis,2023-06-12
CZ0214042,Austropotamobius torrentium,2025-09-17
CZ0214042,Barbastella barbastellus,2017-07-11
CZ0214042,Canis lupus,2025-03-11
CZ0214042,Castor fiber,2025-09-17
CZ0214042,Cottus gobio,2020-06-17
CZ0214042,Lampetra planeri,2000-01-01
CZ0214042,Lutra lutra,2023-11-08
CZ0214042,Lynx lynx,2011-02-20
CZ0214042,Myotis myotis,2016-09-10
CZ0214042,Myotis sp.,2017-09-15
CZ0214042,Phengaris teleius,2023-07-07
CZ0214042,Rhinolophus hipposideros,2021-01-08
CZ0214042,Salmo trutta,2019-11-22
CZ0214042,Sanguisorba officinalis,2019-05-02
CZ0214042,Scardinius erythrophthalmus,2016-07-06
CZ0214042,Succisa pratensis,2014-06-22
CZ0214042,Triturus cristatus,2025-07-22
CZ0214043,Euplagia quadripunctaria,2020-08-09
CZ0214043,Lemna trisulca,2020-04-16
CZ0214043,Ligularia sibirica,2024-07-31
CZ0214043,Salmo trutta,2023-09-22
CZ0214043,Sanguisorba officinalis,2020-04-16
CZ0214043,Succisa pratensis,2012-08-20
CZ0214043,Vertigo moulinsiana,2015-09-30
CZ0214044,Cucujus cinnaberinus,2022-07-13
CZ0214044,Euplagia quadripunctaria,2021-08-06
CZ0214044,Lemna trisulca,2001-10-11
CZ0214044,Phengaris nausithous,2023-07-14
CZ0214044,Phengaris teleius,2023-07-14
CZ0214044,Sanguisorba officinalis,2021-06-14
CZ0214044,Succisa pratensis,2002-06-05
CZ0214045,Hamatocaulis vernicosus,2021-07-21
CZ0214045,Lampetra planeri,2004-01-01
CZ0214045,Lemna trisulca,2009-06-22
CZ0214045,Leuciscus aspius,2004-01-01
CZ0214045,Leucorrhinia pectoralis,2024-05-23
CZ0214045,Misgurnus fossilis,2015-03-21
CZ0214045,Rumex sp.,2019-05-01
CZ0214045,Salmo trutta,2015-03-21
CZ0214045,Scardinius erythrophthalmus,2024-03-08
CZ0214045,Triturus cristatus,2001-08-15
CZ0214045,Vertigo angustior,2019-05-08
CZ0214046,Coleanthus subtilis,2023-08-11
CZ0214047,Hipparchia semele,1995-01-01
CZ0214049,Jurinea cyanoides,2025-11-28
CZ0214050,Abramis brama,2018-10-17
CZ0214050,Adenophora liliifolia,2024-07-24
CZ0214050,Anisus vorticulus,2017-10-12
CZ0214050,Anodonta sp.,2018-08-03
CZ0214050,Barbastella barbastellus,2023-08-08
CZ0214050,Blicca bjoerkna,2018-10-17
CZ0214050,Bombina bombina,2025-07-09
CZ0214050,Euphydryas maturna,2007-06-09
CZ0214050,Hamatocaulis vernicosus,2001-01-01
CZ0214050,Leuciscus aspius,2018-10-17
CZ0214050,Leucorrhinia pectoralis,2003-06-03
CZ0214050,Lucanus cervus,2023-06-21
CZ0214050,Lutra lutra,2024-04-28
CZ0214050,Lycaena dispar,2021-06-05
CZ0214050,Misgurnus fossilis,2025-05-11
CZ0214050,Myotis bechsteinii,2012-07-28
CZ0214050,Myotis myotis,2023-08-08
CZ0214050,Phengaris nausithous,2022-07-21
CZ0214050,Phengaris teleius,2022-07-21
CZ0214050,Rhodeus amarus,2025-06-11
CZ0214050,Rumex sp.,2022-07-25
CZ0214050,Sanguisorba officinalis,2022-07-25
CZ0214050,Scardinius erythrophthalmus,2023-08-19
CZ0214050,Spermophilus citellus,2000-09-28
CZ0214050,Succisa pratensis,2022-06-17
CZ0214050,Triturus cristatus,2025-07-09
CZ0214050,Vertigo angustior,2025-08-03
CZ0310001,Dicranum viride,2024-09-28
CZ0310001,Ophiogomphus cecilia,2015-06-17
CZ0310001,Osmoderma barnabita,2019-01-01
CZ0310008,Leucorrhinia pectoralis,2019-05-24
CZ0310008,Triturus cristatus,2019-05-17
CZ0310009,Leucorrhinia pectoralis,2019-05-29
CZ0310009,Succisa pratensis,2019-06-14
CZ0310009,Triturus cristatus,2019-08-20
CZ0310010,Bombina bombina,2023-05-19
CZ0310010,Lemna trisulca,2025-05-05
CZ0310010,Misgurnus fossilis,2024-09-11
CZ0310010,Phengaris teleius,2025-07-07
CZ0310010,Sanguisorba officinalis,2025-05-05
CZ0310010,Succisa pratensis,2019-06-21
CZ0310014,Barbastella barbastellus,2015-05-15
CZ0310014,Lynx lynx,2000-01-01
CZ0310014,Myotis myotis,2015-05-15
CZ0310014,Phengaris nausithous,1995-01-01
CZ0310017,Canis lupus,2023-09-04
CZ0310017,Carabus menetriesi pacholei,2019-08-30
CZ0310017,Castor fiber,2024-02-23
CZ0310017,Hamatocaulis vernicosus,2021-09-06
CZ0310017,Lutra lutra,2016-11-04
CZ0310017,Lynx lynx,2013-10-05
CZ0310017,Phengaris nausithous,2020-07-21
CZ0310017,Phengaris teleius,2016-07-17
CZ0310017,Salmo trutta,2023-09-26
CZ0310017,Succisa pratensis,2019-05-04
CZ0310017,Vertigo geyeri,2025-07-12
CZ0310019,Bombina bombina,2025-06-19
CZ0310019,Coleanthus subtilis,2018-05-25
CZ0310019,Lutra lutra,2025-09-13
CZ0310019,Sanguisorba officinalis,2019-04-20
CZ0310019,Succisa pratensis,2019-04-20
CZ0310019,Triturus cristatus,2019-06-01
CZ0310020,Barbastella barbastellus,2019-10-12
CZ0310020,Lutra lutra,2004-01-01
CZ0310020,Lynx lynx,2016-12-05
CZ0310022,Myotis myotis,2015-05-17
CZ0310032,Barbastella barbastellus,2015-08-25
CZ0310032,Cottus gobio,2004-01-01
CZ0310032,Lutra lutra,2004-05-08
CZ0310032,Lynx lynx,2006-01-01
CZ0310032,Salmo trutta,2004-01-01
CZ0310033,Abramis brama,2004-01-01
CZ0310033,Blicca bjoerkna,2009-06-28
CZ0310033,Dicranum viride,2024-10-08
CZ0310033,Leuciscus aspius,2004-01-01
CZ0310033,Salmo trutta,2009-06-28
CZ0310033,Sanguisorba officinalis,2019-06-10
CZ0310035,Abramis brama,2004-01-01
CZ0310035,Blicca bjoerkna,2004-01-01
CZ0310035,Castor fiber,2024-12-29
CZ0310035,Cottus gobio,2019-10-25
CZ0310035,Lampetra planeri,2019-10-25
CZ0310035,Lutra lutra,2022-05-05
CZ0310035,Lynx lynx,2025-12-06
CZ0310035,Ophiogomphus cecilia,2019-05-27
CZ0310035,Salmo trutta,2004-01-01
CZ0310035,Sanguisorba officinalis,2012-07-17
CZ0310057,Canis lupus,2025-04-15
CZ0310057,Carabus menetriesi pacholei,2019-07-06
CZ0310057,Castor fiber,2025-10-22
CZ0310057,Hamatocaulis vernicosus,2001-01-01
CZ0310057,Phengaris nausithous,2024-07-09
CZ0310057,Salmo trutta,2023-09-02
CZ0310057,Sanguisorba officinalis,2019-04-01
CZ0310057,Succisa pratensis,2007-06-20
CZ0310063,Sanguisorba officinalis,2025-06-09
CZ0310073,Leucorrhinia pectoralis,2001-05-22
CZ0310073,Lutra lutra,2017-07-20
CZ0310074,Abramis brama,2019-10-22
CZ0310074,Ameiurus nebulosus,2019-10-22
CZ0310074,Coleanthus subtilis,2023-06-06
CZ0310074,Lutra lutra,2014-03-29
CZ0310074,Scardinius erythrophthalmus,2019-10-22
CZ0310080,Bombina bombina,2019-05-10
CZ0310080,Hamatocaulis vernicosus,2001-01-01
CZ0310080,Sanguisorba officinalis,2019-04-30
CZ0310080,Scardinius erythrophthalmus,2025-08-25
CZ0310080,Succisa pratensis,2019-04-30
CZ0310080,Triturus cristatus,2019-05-10
CZ0310084,Bombina bombina,2023-05-09
CZ0310084,Triturus cristatus,2023-05-09
CZ0310163,Barbastella barbastellus,2015-06-27
CZ0310163,Canis lupus,2025-03-08
CZ0310163,Cottus gobio,2015-08-24
CZ0310163,Dicranum viride,2019-11-19
CZ0310163,Lutra lutra,2017-02-18
CZ0310163,Lynx lynx,2025-02-14
CZ0310163,Myotis bechsteinii,2015-06-27
CZ0310163,Myotis myotis,2015-06-27
CZ0310163,Salmo trutta,2015-08-24
CZ0310605,Canis lupus,2018-02-14
CZ0310605,Leucorrhinia pectoralis,2013-10-01
CZ0310605,Lutra lutra,2005-01-01
CZ0310605,Ophiogomphus cecilia,2013-10-01
CZ0310610,Barbastella barbastellus,2005-01-01
CZ0310610,Leucorrhinia pectoralis,2000-01-01
CZ0310610,Lynx lynx,2006-01-08
CZ0310610,Myotis myotis,2005-01-01
CZ0310610,Ophiogomphus cecilia,2015-07-11
CZ0310611,Canis lupus,2019-04-12
CZ0310611,Leucorrhinia pectoralis,2019-05-01
CZ0310611,Ophiogomphus cecilia,2021-09-06
CZ0310618,Bombina bombina,2025-07-18
CZ0310618,Lemna trisulca,2019-07-21
CZ0310629,Bombina bombina,2021-08-17
CZ0310629,Triturus cristatus,2021-08-17
CZ0310630,Bombina bombina,2012-06-07
CZ0310630,Leucorrhinia pectoralis,2019-05-29
CZ0310630,Triturus cristatus,2018-04-06
CZ0312030,Gentianella praecox subsp. bohemica,2024-09-04
CZ0312030,Sanguisorba officinalis,2013-05-05
CZ0312030,Succisa pratensis,2013-05-05
CZ0312032,Gentianella praecox subsp. bohemica,2025-08-18
CZ0312032,Succisa pratensis,2025-08-18
CZ0312033,Gentianella praecox subsp. bohemica,2024-04-13
CZ0312033,Succisa pratensis,2013-05-03
CZ0312034,Gentianella amarella,2002-04-01
CZ0312034,Gentianella praecox subsp. bohemica,2024-09-05
CZ0312036,Gentianella praecox subsp. bohemica,2023-08-31
CZ0312038,Bombina bombina,2025-04-29
CZ0312038,Coleanthus subtilis,2023-07-04
CZ0312038,Leucorrhinia pectoralis,2015-06-25
CZ0312038,Lutra lutra,2015-08-29
CZ0312038,Myotis myotis,2015-08-29
CZ0312040,Bombina bombina,2025-06-13
CZ0312040,Coleanthus subtilis,2021-04-28
CZ0312045,Gentianella praecox subsp. bohemica,2025-10-13
CZ0312048,Bombina bombina,2019-06-12
CZ0312048,Coleanthus subtilis,2024-04-30
CZ0312048,Lutra lutra,2015-05-25
CZ0312048,Myotis myotis,2015-05-25
CZ0312048,Triturus cristatus,2019-06-12
CZ0312050,Gentianella praecox subsp. bohemica,2024-07-18
CZ0312050,Sanguisorba officinalis,2024-04-03
CZ0312050,Succisa pratensis,2024-07-18
CZ0312226,Gentianella praecox subsp. bohemica,2024-08-15
CZ0312226,Sanguisorba officinalis,2024-08-12
CZ0312226,Succisa pratensis,2024-08-07
CZ0313004,Dicranum viride,2016-10-21
CZ0313004,Lycaena dispar,2020-09-05
CZ0313004,Phengaris nausithous,2021-07-13
CZ0313004,Phengaris teleius,2021-07-13
CZ0313004,Sanguisorba officinalis,2012-07-10
CZ0313004,Succisa pratensis,2019-05-10
CZ0313092,Lampetra planeri,2023-10-22
CZ0313092,Lutra lutra,2011-07-02
CZ0313092,Phengaris nausithous,2012-07-17
CZ0313092,Salmo trutta,2022-06-11
CZ0313094,Abramis brama,2004-01-01
CZ0313094,Blicca bjoerkna,2004-01-01
CZ0313094,Lampetra planeri,2004-01-01
CZ0313094,Leuciscus aspius,2004-01-01
CZ0313094,Misgurnus fossilis,2004-01-01
CZ0313094,Osmoderma barnabita,2025-08-10
CZ0313094,Salmo trutta,2004-01-01
CZ0313094,Scardinius erythrophthalmus,2004-01-01
CZ0313094,Unio crassus,2004-09-01
CZ0313094,Vertigo angustior,2006-09-15
CZ0313097,Graphoderus bilineatus,2022-06-07
CZ0313097,Leucorrhinia pectoralis,2013-04-25
CZ0313097,Luronium natans,2022-09-03
CZ0313097,Lutra lutra,2008-11-24
CZ0313097,Ophiogomphus cecilia,2021-07-11
CZ0313097,Sanguisorba officinalis,2016-08-29
CZ0313097,Triturus cristatus,2025-06-05
CZ0313098,Barbastella barbastellus,2022-07-01
CZ0313098,Bombina bombina,2024-06-16
CZ0313098,Coleanthus subtilis,2006-05-25
CZ0313098,Lutra lutra,2005-06-06
CZ0313098,Osmoderma barnabita,2020-04-10
CZ0313098,Sanguisorba officinalis,2025-06-15
CZ0313098,Succisa pratensis,2025-06-15
CZ0313098,Triturus cristatus,2024-08-07
CZ0313099,Cerambyx cerdo,2023-06-02
CZ0313099,Dicranum viride,2021-11-15
CZ0313099,Lemna trisulca,2015-05-21
CZ0313099,Lucanus cervus,2022-06-19
CZ0313099,Osmoderma barnabita,2025-07-23
CZ0313099,Sanguisorba officinalis,2010-05-12
CZ0313101,Anodonta sp.,2013-04-01
CZ0313101,Bombina bombina,2025-08-06
CZ0313101,Cobitis elongatoides,2019-11-01
CZ0313101,Cobitis sp.,2023-08-11
CZ0313101,Leucorrhinia pectoralis,2019-07-10
CZ0313101,Lutra lutra,2022-05-21
CZ0313101,Lycaena dispar,2021-08-21
CZ0313101,Lynx lynx,2005-12-10
CZ0313101,Myotis myotis,2015-05-21
CZ0313101,Rhodeus amarus,2013-05-19
CZ0313101,Sanguisorba officinalis,2020-08-19
CZ0313101,Scardinius erythrophthalmus,2015-10-07
CZ0313101,Succisa pratensis,2020-08-19
CZ0313101,Triturus cristatus,2024-03-31
CZ0313103,Bombina bombina,2025-05-31
CZ0313103,Triturus cristatus,2025-08-08
CZ0313106,Abramis brama,2012-07-27
CZ0313106,Ameiurus nebulosus,2016-08-20
CZ0313106,Blicca bjoerkna,2019-08-28
CZ0313106,Bombina bombina,2017-05-18
CZ0313106,Castor fiber,2026-01-24
CZ0313106,Cerambyx cerdo,2016-10-20
CZ0313106,Cobitis elongatoides,2010-08-18
CZ0313106,Cobitis sp.,2016-07-06
CZ0313106,Cottus gobio,2015-08-17
CZ0313106,Euplagia quadripunctaria,2018-08-12
CZ0313106,Lemna trisulca,2025-08-20
CZ0313106,Leuciscus aspius,2012-07-27
CZ0313106,Leucorrhinia pectoralis,2018-05-09
CZ0313106,Lutra lutra,2025-09-16
CZ0313106,Lycaena dispar,2024-08-12
CZ0313106,Misgurnus fossilis,2023-08-08
CZ0313106,Ophiogomphus cecilia,2025-08-07
CZ0313106,Osmoderma barnabita,2015-04-11
CZ0313106,Phengaris nausithous,2017-08-03
CZ0313106,Phengaris teleius,2015-07-26
CZ0313106,Salmo trutta,2004-01-01
CZ0313106,Sanguisorba officinalis,2025-06-16
CZ0313106,Scardinius erythrophthalmus,2017-05-24
CZ0313106,Succisa pratensis,2025-08-25
CZ0313106,Triturus cristatus,2012-04-06
CZ0313106,Unio crassus,2025-09-16
CZ0313110,Abramis brama,2004-01-01
CZ0313110,Blicca bjoerkna,2011-07-22
CZ0313110,Castor fiber,2024-05-03
CZ0313110,Cucujus cinnaberinus,2014-05-31
CZ0313110,Euplagia quadripunctaria,2013-08-06
CZ0313110,Leuciscus aspius,2011-07-22
CZ0313110,Lutra lutra,2024-05-03
CZ0313110,Lycaena dispar,2013-08-06
CZ0313110,Ophiogomphus cecilia,2019-06-16
CZ0313110,Rhodeus amarus,2023-08-21
CZ0313110,Romanogobio vladykovi,2012-07-15
CZ0313110,Salmo trutta,2004-01-01
CZ0313110,Sanguisorba officinalis,2020-08-28
CZ0313110,Scardinius erythrophthalmus,2020-09-07
CZ0313110,Succisa pratensis,2009-05-16
CZ0313110,Triturus cristatus,2013-04-16
CZ0313110,Unio crassus,2024-09-01
CZ0313113,Osmoderma barnabita,2021-09-23
CZ0313113,Phengaris nausithous,2017-07-19
CZ0313113,Sanguisorba officinalis,2011-05-30
CZ0313113,Succisa pratensis,2011-05-30
CZ0313114,Lampetra planeri,2004-01-01
CZ0313114,Lutra lutra,2004-01-01
CZ0313114,Phengaris nausithous,2024-07-23
CZ0313114,Salmo trutta,2004-01-01
CZ0313114,Sanguisorba officinalis,2013-05-28
CZ0313115,Bombina bombina,2025-08-07
CZ0313115,Coleanthus subtilis,2022-06-03
CZ0313115,Lutra lutra,2013-04-24
CZ0313115,Sanguisorba officinalis,2014-07-01
CZ0313115,Triturus cristatus,2018-05-03
CZ0313116,Bombina bombina,2025-06-10
CZ0313116,Lemna trisulca,2025-07-10
CZ0313116,Lutra lutra,2014-02-06
CZ0313116,Lycaena dispar,2013-05-01
CZ0313116,Misgurnus fossilis,2011-09-02
CZ0313116,Sanguisorba officinalis,2025-09-09
CZ0313116,Succisa pratensis,2025-09-09
CZ0313116,Triturus cristatus,2018-04-10
CZ0313116,Vertigo angustior,2011-01-01
CZ0313119,Leucorrhinia pectoralis,2021-07-29
CZ0313119,Triturus cristatus,2025-07-06
CZ0313122,Cerambyx cerdo,2025-08-10
CZ0313123,Abramis brama,2019-09-28
CZ0313123,Anodonta sp.,2011-05-24
CZ0313123,Blicca bjoerkna,2015-09-20
CZ0313123,Bombina bombina,2022-07-13
CZ0313123,Cobitis sp.,2009-09-27
CZ0313123,Cottus gobio,2004-01-01
CZ0313123,Hamatocaulis vernicosus,2024-08-31
CZ0313123,Lampetra planeri,2004-01-01
CZ0313123,Lutra lutra,2025-02-18
CZ0313123,Lycaena dispar,2009-08-01
CZ0313123,Misgurnus fossilis,2019-09-28
CZ0313123,Ophiogomphus cecilia,2022-05-24
CZ0313123,Phengaris nausithous,2022-05-24
CZ0313123,Phengaris teleius,2025-07-15
CZ0313123,Rumex sp.,2014-08-10
CZ0313123,Salmo trutta,2004-01-01
CZ0313123,Sanguisorba officinalis,2024-08-24
CZ0313123,Scardinius erythrophthalmus,2019-09-28
CZ0313123,Succisa pratensis,2025-05-29
CZ0313125,Ameiurus nebulosus,2011-03-01
CZ0313125,Bombina bombina,2025-08-08
CZ0313125,Lemna trisulca,2024-05-20
CZ0313125,Lutra lutra,2011-03-01
CZ0313125,Lycaena dispar,2021-08-25
CZ0313125,Sanguisorba officinalis,2022-08-16
CZ0313125,Scardinius erythrophthalmus,2011-01-01
CZ0313125,Triturus cristatus,2015-04-25
CZ0313128,Abramis brama,2019-11-15
CZ0313128,Ameiurus melas,2010-01-01
CZ0313128,Blicca bjoerkna,2019-11-15
CZ0313128,Bombina bombina,2025-08-13
CZ0313128,Cerambyx cerdo,2016-10-20
CZ0313128,Coleanthus subtilis,2024-04-30
CZ0313128,Cucujus cinnaberinus,2019-05-15
CZ0313128,Lemna trisulca,2024-08-07
CZ0313128,Lutra lutra,2025-10-15
CZ0313128,Misgurnus fossilis,2024-07-05
CZ0313128,Osmoderma barnabita,2024-07-06
CZ0313128,Phengaris teleius,2022-07-17
CZ0313128,Sanguisorba officinalis,2025-06-26
CZ0313128,Scardinius erythrophthalmus,2022-11-16
CZ0313128,Succisa pratensis,2012-06-18
CZ0313128,Vertigo angustior,2022-08-11
CZ0313131,Cerambyx cerdo,2021-12-07
CZ0313131,Lutra lutra,2019-10-22
CZ0313131,Lycaena dispar,2008-06-18
CZ0313131,Osmoderma barnabita,2021-12-07
CZ0313131,Sanguisorba officinalis,2014-06-04
CZ0313134,Bombina bombina,2025-07-29
CZ0313134,Bombina variegata,2025-04-20
CZ0313134,Canis lupus,2024-09-17
CZ0313134,Lutra lutra,2011-03-30
CZ0313134,Sanguisorba officinalis,2022-07-30
CZ0313134,Succisa pratensis,2022-07-30
CZ0313134,Triturus cristatus,2024-08-08
CZ0313137,Barbastella barbastellus,2015-04-28
CZ0313137,Lampetra planeri,2023-10-08
CZ0313137,Lutra lutra,2015-04-28
CZ0313137,Salmo trutta,2001-07-07
CZ0313138,Bombina bombina,2024-06-12
CZ0313138,Bombina variegata,2011-04-20
CZ0313138,Cerambyx cerdo,2025-06-05
CZ0313138,Cucujus cinnaberinus,2024-01-19
CZ0313138,Lemna trisulca,2013-05-28
CZ0313138,Lucanus cervus,2020-01-08
CZ0313138,Lutra lutra,2025-10-17
CZ0313138,Lycaena dispar,2025-06-28
CZ0313138,Osmoderma barnabita,2020-04-19
CZ0313138,Phengaris nausithous,2021-08-11
CZ0313138,Sanguisorba officinalis,2024-08-24
CZ0313138,Scardinius erythrophthalmus,2011-01-01
CZ0313138,Succisa pratensis,2023-05-12
CZ0313138,Triturus cristatus,2021-07-15
CZ0313140,Cottus gobio,2022-11-12
CZ0313140,Lampetra planeri,2012-09-20
CZ0313140,Lutra lutra,2011-06-26
CZ0313140,Salmo trutta,2012-09-20
CZ0313140,Sanguisorba officinalis,2015-07-10
CZ0313140,Scardinius erythrophthalmus,2011-06-25
CZ0313141,Lycaena dispar,2018-08-17
CZ0313141,Ophiogomphus cecilia,2013-07-16
CZ0313141,Phengaris nausithous,2023-07-23
CZ0313141,Phengaris teleius,2023-07-23
CZ0313141,Sanguisorba officinalis,2014-08-19
CZ0313141,Succisa pratensis,2014-08-19
CZ0313513,Carabus menetriesi pacholei,2019-06-09
CZ0313513,Castor fiber,2023-05-18
CZ0313513,Lutra lutra,2019-03-17
CZ0313513,Lynx lynx,2020-03-01
CZ0313513,Phengaris nausithous,2020-07-29
CZ0313513,Phengaris teleius,2020-07-29
CZ0313513,Sanguisorba officinalis,2013-07-26
CZ0313513,Succisa pratensis,2013-05-12
CZ0313635,Myotis myotis,2024-08-06
CZ0313805,Cottus gobio,2024-11-18
CZ0313805,Lampetra planeri,2022-10-26
CZ0313805,Lutra lutra,2024-11-05
CZ0313805,Margaritifera margaritifera,2024-08-03
CZ0313805,Salmo trutta,2024-11-18
CZ0313805,Sanguisorba officinalis,2011-01-01
CZ0313815,Bombina bombina,2025-05-16
CZ0313815,Leucorrhinia pectoralis,2009-05-24
CZ0313815,Lutra lutra,2011-01-01
CZ0313815,Sanguisorba officinalis,2021-07-30
CZ0313815,Triturus cristatus,2025-07-06
CZ0313820,Myotis myotis,2011-07-01
CZ0313822,Abramis brama,2019-11-17
CZ0313822,Blicca bjoerkna,2004-01-01
CZ0313822,Cobitis sp.,2019-11-17
CZ0313822,Lampetra planeri,2019-11-17
CZ0313822,Lutra lutra,2014-11-01
CZ0313822,Lycaena dispar,2019-08-14
CZ0313822,Ophiogomphus cecilia,2025-06-12
CZ0313822,Salmo trutta,2004-01-01
CZ0313822,Scardinius erythrophthalmus,2019-11-17
CZ0313824,Anodonta sp.,2001-05-01
CZ0313824,Lemna trisulca,2003-06-05
CZ0313824,Leucorrhinia pectoralis,2019-05-30
CZ0313824,Lutra lutra,2009-01-07
CZ0313824,Triturus cristatus,2021-05-09
CZ0314019,Abramis brama,2018-10-18
CZ0314019,Barbastella barbastellus,2022-09-08
CZ0314019,Blicca bjoerkna,2020-03-17
CZ0314019,Bombina bombina,2024-05-20
CZ0314019,Castor fiber,2025-04-04
CZ0314019,Cerambyx cerdo,2024-07-28
CZ0314019,Cobitis elongatoides,2019-09-07
CZ0314019,Cobitis sp.,2013-09-24
CZ0314019,Coleanthus subtilis,2024-04-30
CZ0314019,Graphoderus bilineatus,2020-05-29
CZ0314019,Lemna trisulca,2010-05-15
CZ0314019,Leucorrhinia pectoralis,2025-05-21
CZ0314019,Lucanus cervus,2018-07-17
CZ0314019,Lutra lutra,2024-02-21
CZ0314019,Lycaena dispar,2019-09-03
CZ0314019,Misgurnus fossilis,2022-11-15
CZ0314019,Osmoderma barnabita,2025-08-13
CZ0314019,Rhodeus amarus,2009-10-03
CZ0314019,Sanguisorba officinalis,2024-04-13
CZ0314019,Scardinius erythrophthalmus,2022-06-23
CZ0314019,Succisa pratensis,2015-06-28
CZ0314019,Triturus cristatus,2020-05-29
CZ0314019,Vertigo angustior,2022-08-10
CZ0314021,Ameiurus nebulosus,2020-08-08
CZ0314021,Bombina bombina,2009-05-01
CZ0314021,Lemna trisulca,2024-09-11
CZ0314021,Leucorrhinia pectoralis,2022-06-30
CZ0314021,Lutra lutra,2015-02-11
CZ0314021,Lycaena dispar,2014-06-21
CZ0314021,Phengaris teleius,2007-01-01
CZ0314021,Rumex sp.,2024-05-23
CZ0314021,Sanguisorba officinalis,2024-08-13
CZ0314021,Scardinius erythrophthalmus,2011-01-01
CZ0314021,Succisa pratensis,2024-05-27
CZ0314021,Triturus cristatus,2020-08-08
CZ0314022,Abramis brama,2023-09-26
CZ0314022,Bombina bombina,2023-08-08
CZ0314022,Canis lupus,2025-04-26
CZ0314022,Castor fiber,2026-02-14
CZ0314022,Cottus gobio,2025-06-03
CZ0314022,Dicranum viride,2021-11-03
CZ0314022,Euplagia quadripunctaria,2020-07-15
CZ0314022,Lampetra planeri,2024-04-24
CZ0314022,Lutra lutra,2025-04-12
CZ0314022,Lycaena dispar,2024-08-12
CZ0314022,Lynx lynx,2025-04-07
CZ0314022,Margaritifera margaritifera,2025-07-25
CZ0314022,Myotis myotis,2012-06-21
CZ0314022,Ophiogomphus cecilia,2025-08-22
CZ0314022,Phengaris nausithous,2024-07-31
CZ0314022,Phengaris teleius,2024-07-31
CZ0314022,Rumex sp.,2009-08-26
CZ0314022,Salmo trutta,2024-04-24
CZ0314022,Sanguisorba officinalis,2025-05-24
CZ0314022,Scardinius erythrophthalmus,2023-09-26
CZ0314022,Succisa pratensis,2025-05-24
CZ0314022,Triturus cristatus,2009-07-12
CZ0314023,Abramis brama,2021-11-01
CZ0314023,Aldrovanda vesiculosa,2022-07-06
CZ0314023,Ameiurus melas,2019-09-22
CZ0314023,Ameiurus nebulosus,2025-09-03
CZ0314023,Barbastella barbastellus,2023-08-04
CZ0314023,Blicca bjoerkna,2023-08-16
CZ0314023,Bombina bombina,2025-06-27
CZ0314023,Bombina variegata,2024-04-06
CZ0314023,Canis lupus,2023-06-19
CZ0314023,Castor fiber,2025-04-01
CZ0314023,Cerambyx cerdo,2023-06-23
CZ0314023,Cobitis elongatoides,2023-08-16
CZ0314023,Cobitis sp.,2023-08-11
CZ0314023,Coleanthus subtilis,2006-06-26
CZ0314023,Cottus gobio,2019-09-22
CZ0314023,Dicranum viride,2022-09-21
CZ0314023,Epidalea calamita,2020-08-24
CZ0314023,Graphoderus bilineatus,2025-09-03
CZ0314023,Hamatocaulis vernicosus,2023-09-18
CZ0314023,Lampetra planeri,2021-10-13
CZ0314023,Lemna trisulca,2022-07-06
CZ0314023,Leuciscus aspius,2022-08-22
CZ0314023,Leucorrhinia pectoralis,2018-05-12
CZ0314023,Lucanus cervus,2019-06-03
CZ0314023,Lutra lutra,2025-03-25
CZ0314023,Lycaena dispar,2022-08-16
CZ0314023,Lynx lynx,2005-12-01
CZ0314023,Misgurnus fossilis,2023-08-16
CZ0314023,Myotis myotis,2012-06-21
CZ0314023,Ophiogomphus cecilia,2024-08-21
CZ0314023,Osmoderma barnabita,2024-02-06
CZ0314023,Phengaris nausithous,2022-07-19
CZ0314023,Phengaris teleius,2022-07-24
CZ0314023,Salmo trutta,2019-09-05
CZ0314023,Sanguisorba officinalis,2024-10-25
CZ0314023,Scardinius erythrophthalmus,2024-11-15
CZ0314023,Succisa pratensis,2024-04-08
CZ0314023,Triturus cristatus,2025-05-15
CZ0314024,Abramis brama,2025-05-06
CZ0314024,Ameiurus nebulosus,2013-10-28
CZ0314024,Anodonta sp.,2024-08-24
CZ0314024,Austropotamobius torrentium,2008-05-12
CZ0314024,Barbastella barbastellus,2024-07-09
CZ0314024,Blicca bjoerkna,2025-05-06
CZ0314024,Bombina bombina,2025-04-17
CZ0314024,Bombina variegata,2014-06-13
CZ0314024,Boros schneideri,2005-11-17
CZ0314024,Buxbaumia viridis,2025-07-15
CZ0314024,Canis lupus,2026-03-16
CZ0314024,Carabus menetriesi pacholei,2025-07-10
CZ0314024,Castor fiber,2026-03-16
CZ0314024,Chamaecytisus sp.,2012-06-16
CZ0314024,Cottus gobio,2025-11-04
CZ0314024,Dicranum viride,2020-05-09
CZ0314024,Emys orbicularis,2006-08-04
CZ0314024,Euplagia quadripunctaria,2025-09-01
CZ0314024,Gentianella praecox subsp. bohemica,2025-09-17
CZ0314024,Hamatocaulis vernicosus,2025-05-01
CZ0314024,Lampetra planeri,2025-09-13
CZ0314024,Lemna trisulca,2024-06-17
CZ0314024,Leuciscus aspius,2025-04-07
CZ0314024,Lutra lutra,2026-03-09
CZ0314024,Lycaena dispar,2025-08-31
CZ0314024,Lycaena helle,2025-06-15
CZ0314024,Lynx lynx,2026-03-12
CZ0314024,Margaritifera margaritifera,2025-05-11
CZ0314024,Misgurnus fossilis,2009-10-24
CZ0314024,Mustela eversmanii,2022-05-18
CZ0314024,Myotis bechsteinii,2021-07-06
CZ0314024,Myotis emarginatus,2011-12-21
CZ0314024,Myotis myotis,2023-07-11
CZ0314024,Myotis sp.,2021-10-04
CZ0314024,Ophiogomphus cecilia,2023-07-27
CZ0314024,Orthotrichum rogeri,2025-06-29
CZ0314024,Phengaris nausithous,2025-08-28
CZ0314024,Phengaris teleius,2025-07-23
CZ0314024,Rhinolophus hipposideros,2025-05-29
CZ0314024,Rumex sp.,2025-06-18
CZ0314024,Salmo trutta,2026-01-14
CZ0314024,Sanguisorba officinalis,2025-11-07
CZ0314024,Scardinius erythrophthalmus,2019-10-03
CZ0314024,Succisa pratensis,2025-10-02
CZ0314024,Triturus cristatus,2018-04-20
CZ0314024,Unio crassus,2024-08-24
CZ0314024,Vertigo angustior,2023-10-28
CZ0314044,Barbastella barbastellus,2001-01-03
CZ0314044,Gentianella praecox subsp. bohemica,2025-10-25
CZ0314044,Myotis myotis,2008-01-11
CZ0314109,Bombina bombina,2020-05-20
CZ0314109,Hamatocaulis vernicosus,2023-10-10
CZ0314109,Lemna trisulca,2025-06-20
CZ0314109,Liparis loeselii,2025-09-10
CZ0314109,Lycaena dispar,2022-08-12
CZ0314109,Sanguisorba officinalis,2025-06-15
CZ0314109,Succisa pratensis,2025-06-15
CZ0314109,Unio crassus,2008-03-10
CZ0314123,Barbastella barbastellus,2011-12-21
CZ0314123,Bombina bombina,2025-05-18
CZ0314123,Bombina variegata,2025-07-17
CZ0314123,Buxbaumia viridis,2014-04-26
CZ0314123,Canis lupus,2025-09-11
CZ0314123,Carabus menetriesi pacholei,2022-06-01
CZ0314123,Castor fiber,2025-12-20
CZ0314123,Cottus gobio,2023-10-13
CZ0314123,Emys orbicularis,2006-07-23
CZ0314123,Euplagia quadripunctaria,2024-08-11
CZ0314123,Gentianella praecox subsp. bohemica,2023-10-13
CZ0314123,Lampetra planeri,2022-06-02
CZ0314123,Ligularia sibirica,2025-07-05
CZ0314123,Lutra lutra,2026-01-08
CZ0314123,Lycaena dispar,2023-07-14
CZ0314123,Lynx lynx,2025-08-10
CZ0314123,Margaritifera margaritifera,2023-05-20
CZ0314123,Myotis bechsteinii,2011-12-21
CZ0314123,Myotis myotis,2022-08-10
CZ0314123,Phengaris nausithous,2021-07-22
CZ0314123,Phengaris teleius,2025-07-22
CZ0314123,Rhinolophus hipposideros,2011-12-21
CZ0314123,Rumex sp.,2008-08-11
CZ0314123,Salmo trutta,2023-10-13
CZ0314123,Sanguisorba officinalis,2025-10-15
CZ0314123,Scardinius erythrophthalmus,2020-10-04
CZ0314123,Succisa pratensis,2025-10-15
CZ0314123,Triturus cristatus,2025-07-17
CZ0314123,Vertigo angustior,2023-10-26
CZ0314124,Abramis brama,2004-01-01
CZ0314124,Barbastella barbastellus,2025-01-25
CZ0314124,Blicca bjoerkna,2004-01-01
CZ0314124,Bombina bombina,2025-06-22
CZ0314124,Bombina variegata,2016-05-31
CZ0314124,Canis lupus,2025-01-04
CZ0314124,Castor fiber,2026-02-21
CZ0314124,Coleanthus subtilis,2024-05-02
CZ0314124,Cottus gobio,2024-03-25
CZ0314124,Dicranum viride,2019-10-31
CZ0314124,Euplagia quadripunctaria,2025-08-28
CZ0314124,Gentianella praecox subsp. bohemica,2023-09-19
CZ0314124,Hamatocaulis vernicosus,2011-08-19
CZ0314124,Lampetra planeri,2024-03-25
CZ0314124,Lemna trisulca,2015-07-31
CZ0314124,Leuciscus aspius,2002-01-01
CZ0314124,Leucorrhinia pectoralis,2025-05-27
CZ0314124,Lucanus cervus,2018-06-16
CZ0314124,Lutra lutra,2026-02-13
CZ0314124,Lycaena dispar,2025-08-13
CZ0314124,Lynx lynx,2025-12-29
CZ0314124,Margaritifera margaritifera,2022-03-25
CZ0314124,Morimus funereus,2022-05-10
CZ0314124,Myotis bechsteinii,2024-09-14
CZ0314124,Myotis emarginatus,2020-01-20
CZ0314124,Myotis myotis,2025-01-25
CZ0314124,Ophiogomphus cecilia,2023-08-21
CZ0314124,Phengaris nausithous,2025-07-23
CZ0314124,Phengaris teleius,2025-07-23
CZ0314124,Rhinolophus hipposideros,2013-01-01
CZ0314124,Rumex sp.,2007-06-28
CZ0314124,Salmo trutta,2025-09-03
CZ0314124,Sanguisorba officinalis,2025-06-04
CZ0314124,Scardinius erythrophthalmus,2023-10-06
CZ0314124,Succisa pratensis,2025-05-30
CZ0314124,Triturus cristatus,2025-05-27
CZ0314124,Vertigo angustior,2025-07-12
CZ0314126,Abramis brama,2025-06-18
CZ0314126,Barbastella barbastellus,2011-12-21
CZ0314126,Bombina bombina,2025-04-30
CZ0314126,Cerambyx cerdo,2020-07-20
CZ0314126,Cottus gobio,2012-09-26
CZ0314126,Dicranum viride,2024-06-26
CZ0314126,Euplagia quadripunctaria,2020-08-06
CZ0314126,Lampetra planeri,2012-09-26
CZ0314126,Limoniscus violaceus,2011-04-01
CZ0314126,Lucanus cervus,2024-06-18
CZ0314126,Lutra lutra,2016-11-15
CZ0314126,Lynx lynx,2003-02-15
CZ0314126,Myotis bechsteinii,2011-12-21
CZ0314126,Myotis myotis,2012-06-21
CZ0314126,Osmoderma barnabita,2020-07-20
CZ0314126,Phengaris nausithous,1995-01-01
CZ0314126,Rhinolophus hipposideros,2011-12-21
CZ0314126,Rhysodes sulcatus,2023-05-05
CZ0314126,Salmo trutta,2015-08-27
CZ0314126,Sanguisorba officinalis,2001-07-01
CZ0314126,Triturus cristatus,2021-05-07
CZ0314634,Barbastella barbastellus,2025-02-07
CZ0314634,Myotis bechsteinii,2024-12-15
CZ0314634,Myotis emarginatus,2006-02-07
CZ0314634,Myotis myotis,2025-02-07
CZ0314635,Coleanthus subtilis,2023-06-06
CZ0314636,Gentianella praecox subsp. bohemica,2023-09-19
CZ0314636,Hamatocaulis vernicosus,2001-01-01
CZ0314636,Phengaris nausithous,2019-08-01
CZ0314636,Sanguisorba officinalis,2024-05-06
CZ0314636,Succisa pratensis,2024-05-28
CZ0314637,Hamatocaulis vernicosus,2023-09-24
CZ0314637,Sanguisorba officinalis,2019-04-26
CZ0314637,Succisa pratensis,2019-04-26
CZ0314638,Bombina bombina,2020-05-31
CZ0314638,Coleanthus subtilis,2024-05-16
CZ0314638,Lutra lutra,2015-04-14
CZ0314639,Bombina bombina,2025-06-08
CZ0314639,Hamatocaulis vernicosus,2001-01-01
CZ0314639,Leucorrhinia pectoralis,2025-05-17
CZ0314639,Lutra lutra,2011-03-29
CZ0314639,Succisa pratensis,2013-09-03
CZ0314639,Triturus cristatus,2025-07-05
CZ0314640,Coleanthus subtilis,2024-05-16
CZ0314640,Leucorrhinia pectoralis,2015-07-05
CZ0314640,Lutra lutra,2015-05-23
CZ0314640,Triturus cristatus,2015-06-12
CZ0314641,Cottus gobio,2024-08-12
CZ0314641,Gentianella praecox subsp. bohemica,2023-09-21
CZ0314641,Hamatocaulis vernicosus,2001-01-01
CZ0314641,Lampetra planeri,2024-08-12
CZ0314641,Lutra lutra,2026-02-07
CZ0314641,Margaritifera margaritifera,2023-09-18
CZ0314641,Phengaris nausithous,2019-07-24
CZ0314641,Phengaris teleius,2024-06-24
CZ0314641,Salmo trutta,2024-08-12
CZ0314641,Sanguisorba officinalis,2025-08-17
CZ0314641,Succisa pratensis,2025-06-28
CZ0314641,Vertigo angustior,2014-09-06
CZ0314642,Phengaris teleius,2016-07-06
CZ0314642,Sanguisorba officinalis,2019-05-23
CZ0314642,Succisa pratensis,2019-05-23
CZ0314648,Bombina bombina,2025-04-11
CZ0314648,Phengaris teleius,2021-07-20
CZ0314648,Sanguisorba officinalis,2025-10-04
CZ0314648,Succisa pratensis,2025-10-04
CZ0315002,Bombina bombina,2011-04-01
CZ0315002,Hamatocaulis vernicosus,2024-01-01
CZ0315002,Sanguisorba officinalis,2013-06-16
CZ0315002,Vertigo angustior,2006-09-09
CZ0315005,Hamatocaulis vernicosus,2023-06-15
CZ0320005,Austropotamobius torrentium,2016-10-09
CZ0320005,Lutra lutra,2024-05-09
CZ0320005,Phengaris nausithous,2021-07-26
CZ0320005,Phengaris teleius,2025-07-01
CZ0320005,Sanguisorba officinalis,2021-06-20
CZ0320005,Succisa pratensis,2018-06-21
CZ0320005,Triturus cristatus,2022-05-11
CZ0320013,Sanguisorba officinalis,2022-05-18
CZ0320022,Castor fiber,2004-06-05
CZ0320022,Cucujus cinnaberinus,2013-08-25
CZ0320022,Lynx lynx,2000-03-12
CZ0320022,Sanguisorba officinalis,2014-06-24
CZ0320023,Barbastella barbastellus,2002-01-01
CZ0320023,Euplagia quadripunctaria,2000-05-01
CZ0320023,Lutra lutra,2005-10-01
CZ0320023,Lynx lynx,2014-04-01
CZ0320023,Myotis myotis,2019-01-17
CZ0320023,Rhinolophus hipposideros,2019-01-17
CZ0320023,Sanguisorba officinalis,2022-05-03
CZ0320023,Succisa pratensis,2025-06-28
CZ0320030,Barbastella barbastellus,2018-09-15
CZ0320030,Canis lupus,2025-03-29
CZ0320030,Castor fiber,2006-05-06
CZ0320030,Lutra lutra,2006-03-31
CZ0320030,Lynx lynx,2018-11-10
CZ0320030,Myotis bechsteinii,2018-09-15
CZ0320030,Myotis myotis,2018-09-15
CZ0320030,Sanguisorba officinalis,2020-07-01
CZ0320030,Succisa pratensis,2015-06-10
CZ0320037,Carabus menetriesi pacholei,2021-06-13
CZ0320037,Castor fiber,2022-06-15
CZ0320037,Lutra lutra,2011-09-29
CZ0320037,Myotis myotis,2012-06-30
CZ0320037,Sanguisorba officinalis,2004-08-20
CZ0320037,Succisa pratensis,2021-07-05
CZ0320043,Barbastella barbastellus,2019-04-25
CZ0320053,Austropotamobius torrentium,2017-10-02
CZ0320053,Barbastella barbastellus,2015-07-02
CZ0320053,Bombina variegata,2010-04-08
CZ0320053,Canis lupus,2024-05-11
CZ0320053,Castor fiber,2021-05-16
CZ0320053,Cottus gobio,2023-09-02
CZ0320053,Dicranum viride,2023-09-15
CZ0320053,Euplagia quadripunctaria,2019-08-20
CZ0320053,Lampetra planeri,2001-01-01
CZ0320053,Lucanus cervus,2024-07-05
CZ0320053,Lutra lutra,2021-01-19
CZ0320053,Myotis bechsteinii,2015-07-02
CZ0320053,Myotis myotis,2015-07-02
CZ0320053,Ophiogomphus cecilia,2017-06-25
CZ0320053,Osmoderma barnabita,2013-10-29
CZ0320053,Phengaris nausithous,2018-07-23
CZ0320053,Salmo trutta,2024-09-06
CZ0320053,Sanguisorba officinalis,2024-09-06
CZ0320053,Triturus cristatus,2010-04-08
CZ0320140,Barbastella barbastellus,2015-10-05
CZ0320140,Bombina variegata,2014-04-24
CZ0320140,Euplagia quadripunctaria,2025-08-18
CZ0320140,Lynx lynx,2000-08-22
CZ0320140,Myotis bechsteinii,2015-08-30
CZ0320140,Myotis emarginatus,2015-08-29
CZ0320140,Myotis myotis,2015-08-30
CZ0320140,Rumex sp.,2015-06-19
CZ0320140,Sanguisorba officinalis,2023-08-12
CZ0320180,Barbastella barbastellus,2018-10-13
CZ0320180,Canis lupus,2025-05-08
CZ0320180,Castor fiber,2023-11-14
CZ0320180,Cottus gobio,2023-06-28
CZ0320180,Lutra lutra,2006-09-18
CZ0320180,Lynx lynx,2025-12-11
CZ0320180,Myotis bechsteinii,2018-06-23
CZ0320180,Myotis myotis,2018-10-13
CZ0320180,Ophiogomphus cecilia,2019-07-10
CZ0320180,Phengaris nausithous,2019-08-14
CZ0320180,Phengaris teleius,2019-08-14
CZ0320180,Salmo trutta,2015-11-15
CZ0320180,Sanguisorba officinalis,2022-08-17
CZ0322055,Asplenium adulterinum,2024-07-03
CZ0322055,Bombina variegata,2021-09-21
CZ0322057,Bombina bombina,2014-05-14
CZ0322057,Coleanthus subtilis,2023-05-30
CZ0322057,Sanguisorba officinalis,2007-04-19
CZ0322057,Succisa pratensis,2007-04-19
CZ0322058,Gentianella praecox subsp. bohemica,2023-09-09
CZ0322058,Sanguisorba officinalis,2024-09-01
CZ0322058,Succisa pratensis,2025-10-11
CZ0322058,Vertigo angustior,2012-03-10
CZ0322059,Gentianella praecox subsp. bohemica,2025-10-11
CZ0322060,Gentianella praecox subsp. bohemica,2023-10-03
CZ0322060,Sanguisorba officinalis,2001-10-07
CZ0323142,Abramis brama,2014-10-08
CZ0323142,Blicca bjoerkna,2004-01-01
CZ0323142,Castor fiber,2016-01-01
CZ0323142,Cottus gobio,2011-06-15
CZ0323142,Leuciscus aspius,2022-11-01
CZ0323142,Lutra lutra,2017-08-21
CZ0323142,Rhodeus amarus,2014-10-08
CZ0323142,Salmo trutta,2011-06-15
CZ0323142,Sanguisorba officinalis,2008-08-14
CZ0323142,Scardinius erythrophthalmus,2004-01-01
CZ0323143,Bombina variegata,2025-09-21
CZ0323143,Myotis myotis,2015-05-01
CZ0323144,Triturus cristatus,2025-06-25
CZ0323145,Austropotamobius torrentium,2025-10-13
CZ0323145,Cottus gobio,2020-06-18
CZ0323145,Lampetra planeri,2016-07-08
CZ0323145,Lutra lutra,2019-11-25
CZ0323145,Salmo trutta,2016-07-08
CZ0323145,Sanguisorba officinalis,2021-07-12
CZ0323147,Scardinius erythrophthalmus,2015-08-06
CZ0323147,Triturus cristatus,2025-08-30
CZ0323149,Sanguisorba officinalis,2008-06-07
CZ0323149,Triturus cristatus,2025-07-13
CZ0323150,Chazara briseis,1995-01-01
CZ0323150,Hipparchia semele,1995-01-01
CZ0323150,Phengaris nausithous,2021-07-26
CZ0323150,Phengaris teleius,2018-07-12
CZ0323150,Sanguisorba officinalis,2010-05-08
CZ0323151,Barbastella barbastellus,2019-07-03
CZ0323151,Canis lupus,2023-12-31
CZ0323151,Castor fiber,2024-04-03
CZ0323151,Cottus gobio,2023-06-29
CZ0323151,Hamatocaulis vernicosus,2001-01-01
CZ0323151,Lampetra planeri,2020-11-16
CZ0323151,Lutra lutra,2020-02-09
CZ0323151,Lynx lynx,2003-01-01
CZ0323151,Myotis myotis,2019-07-03
CZ0323151,Ophiogomphus cecilia,2023-09-16
CZ0323151,Salmo trutta,2019-04-06
CZ0323151,Sanguisorba officinalis,2019-05-06
CZ0323151,Scardinius erythrophthalmus,2020-11-16
CZ0323151,Succisa pratensis,2019-05-06
CZ0323155,Osmoderma barnabita,2023-06-19
CZ0323156,Austropotamobius torrentium,2003-01-01
CZ0323158,Bombina bombina,2025-06-05
CZ0323158,Bombina variegata,2006-06-23
CZ0323158,Castor fiber,2024-05-23
CZ0323158,Lutra lutra,2024-11-09
CZ0323158,Phengaris nausithous,2022-07-30
CZ0323158,Sanguisorba officinalis,2008-06-06
CZ0323159,Castor fiber,2020-11-18
CZ0323159,Cottus gobio,2013-09-10
CZ0323159,Euplagia quadripunctaria,2018-08-03
CZ0323159,Leuciscus aspius,2010-08-15
CZ0323159,Ophiogomphus cecilia,2022-08-14
CZ0323159,Osmoderma barnabita,2013-11-06
CZ0323159,Rumex sp.,2024-04-28
CZ0323159,Sanguisorba officinalis,2024-10-06
CZ0323160,Bombina variegata,2024-06-07
CZ0323160,Triturus cristatus,2025-08-30
CZ0323161,Austropotamobius torrentium,2012-09-05
CZ0323162,Bombina variegata,2025-08-17
CZ0323162,Triturus cristatus,2025-04-10
CZ0323163,Vertigo angustior,2025-06-04
CZ0323164,Myotis myotis,2015-09-10
CZ0323164,Vertigo angustior,2025-06-03
CZ0323165,Abramis brama,2004-01-01
CZ0323165,Ameiurus nebulosus,2004-01-01
CZ0323165,Blicca bjoerkna,2004-01-01
CZ0323165,Castor fiber,2009-02-03
CZ0323165,Cottus gobio,2018-10-03
CZ0323165,Lampetra planeri,2024-10-22
CZ0323165,Lutra lutra,2016-11-10
CZ0323165,Myotis myotis,2015-05-12
CZ0323165,Ophiogomphus cecilia,2019-06-29
CZ0323165,Salmo trutta,2018-10-03
CZ0323165,Scardinius erythrophthalmus,2004-01-01
CZ0323166,Austropotamobius torrentium,2025-09-02
CZ0323166,Castor fiber,2024-05-09
CZ0323166,Cottus gobio,2023-06-29
CZ0323166,Lampetra planeri,2022-05-04
CZ0323166,Lutra lutra,2014-04-12
CZ0323166,Salmo trutta,2017-09-27
CZ0323166,Sanguisorba officinalis,2010-05-28
CZ0323167,Austropotamobius torrentium,2025-10-16
CZ0323167,Bombina bombina,2022-04-29
CZ0323167,Bombina variegata,2025-06-05
CZ0323167,Castor fiber,2022-05-18
CZ0323167,Myotis sp.,2015-07-04
CZ0323167,Phengaris nausithous,2025-08-05
CZ0323167,Phengaris teleius,2014-07-19
CZ0323167,Rumex sp.,2008-08-10
CZ0323167,Sanguisorba officinalis,2021-09-02
CZ0323167,Succisa pratensis,2021-05-16
CZ0323167,Triturus cristatus,2011-08-03
CZ0323169,Bombina variegata,2025-06-05
CZ0323169,Sanguisorba officinalis,2024-07-26
CZ0323169,Triturus cristatus,2025-06-05
CZ0323170,Austropotamobius torrentium,2016-10-19
CZ0323170,Salmo trutta,2004-01-01
CZ0323478,Bombina variegata,2025-08-17
CZ0323636,Myotis myotis,2025-06-09
CZ0323637,Barbastella barbastellus,2021-02-03
CZ0323637,Myotis myotis,2024-01-29
CZ0323638,Barbastella barbastellus,2025-01-29
CZ0323638,Myotis bechsteinii,2019-01-26
CZ0323638,Myotis myotis,2025-01-29
CZ0323639,Barbastella barbastellus,2022-02-02
CZ0323639,Myotis myotis,2025-06-09
CZ0323640,Myotis myotis,2025-06-09
CZ0323641,Myotis myotis,2025-06-09
CZ0323642,Myotis myotis,2025-06-09
CZ0323644,Myotis bechsteinii,2012-02-29
CZ0323644,Myotis myotis,2012-02-29
CZ0323645,Barbastella barbastellus,2022-01-26
CZ0323645,Myotis bechsteinii,2025-01-28
CZ0323645,Myotis myotis,2025-01-28
CZ0323646,Barbastella barbastellus,2024-01-31
CZ0323646,Myotis bechsteinii,2017-02-07
CZ0323646,Myotis myotis,2024-01-31
CZ0323647,Myotis myotis,2025-06-09
CZ0323648,Myotis myotis,2014-07-04
CZ0323648,Rhinolophus hipposideros,2014-07-04
CZ0323812,Cottus gobio,2022-11-11
CZ0323812,Lampetra planeri,2023-10-09
CZ0323812,Lutra lutra,2006-10-05
CZ0323812,Salmo trutta,2017-10-10
CZ0323824,Castor fiber,2023-04-12
CZ0323824,Cottus gobio,2019-09-23
CZ0323824,Gentianella praecox subsp. bohemica,2004-01-01
CZ0323824,Lampetra planeri,2023-10-27
CZ0323824,Lutra lutra,2015-06-27
CZ0323824,Misgurnus fossilis,2009-10-24
CZ0323824,Salmo trutta,2015-11-18
CZ0323825,Castor fiber,2021-09-08
CZ0323825,Cottus gobio,2019-09-12
CZ0323825,Lampetra planeri,2021-11-16
CZ0323825,Salmo trutta,2019-09-12
CZ0323826,Bombina variegata,2024-07-24
CZ0323826,Sanguisorba officinalis,2022-06-21
CZ0323826,Triturus cristatus,2024-07-24
CZ0324025,Castor fiber,2023-07-06
CZ0324025,Cottus gobio,2015-11-17
CZ0324025,Euplagia quadripunctaria,2015-08-09
CZ0324025,Lampetra planeri,2015-11-17
CZ0324025,Lutra lutra,2016-12-01
CZ0324025,Ophiogomphus cecilia,2015-06-28
CZ0324025,Salmo trutta,2015-11-17
CZ0324025,Sanguisorba officinalis,2025-05-11
CZ0324025,Succisa pratensis,2025-04-23
CZ0324026,Barbastella barbastellus,2015-12-16
CZ0324026,Canis lupus,2023-06-01
CZ0324026,Castor fiber,2024-03-28
CZ0324026,Cottus gobio,2016-09-23
CZ0324026,Lampetra planeri,2022-09-24
CZ0324026,Lutra lutra,2018-06-01
CZ0324026,Lynx lynx,2000-11-01
CZ0324026,Myotis bechsteinii,2015-08-20
CZ0324026,Myotis myotis,2015-10-04
CZ0324026,Phengaris nausithous,2020-08-16
CZ0324026,Rumex sp.,2009-06-06
CZ0324026,Salmo trutta,2016-09-23
CZ0324026,Sanguisorba officinalis,2019-05-22
CZ0324026,Succisa pratensis,2019-05-22
CZ0324029,Euplagia quadripunctaria,2017-04-01
CZ0324029,Phengaris nausithous,2011-05-29
CZ0324029,Sanguisorba officinalis,2016-04-01
CZ0324029,Succisa pratensis,2023-06-12
CZ0324032,Succisa pratensis,2019-07-12
CZ0325001,Hamatocaulis vernicosus,2020-11-01
CZ0325001,Phengaris nausithous,2025-08-15
CZ0325001,Sanguisorba officinalis,2018-06-30
CZ0325001,Succisa pratensis,2018-06-30
CZ0325002,Buxbaumia viridis,2024-09-29
CZ0325002,Hamatocaulis vernicosus,2020-11-01
CZ0325002,Sanguisorba officinalis,2007-09-16
CZ0325002,Succisa pratensis,2010-06-27
CZ0325003,Dicranum viride,2022-07-03
CZ0410001,Barbastella barbastellus,2017-10-04
CZ0410020,Abramis brama,2004-01-01
CZ0410020,Blicca bjoerkna,2015-10-22
CZ0410020,Castor fiber,2025-07-29
CZ0410020,Cottus gobio,2004-01-01
CZ0410020,Euphydryas aurinia,2007-06-11
CZ0410020,Lampetra planeri,2021-06-05
CZ0410020,Leuciscus aspius,2015-01-01
CZ0410020,Leucorrhinia pectoralis,2015-06-10
CZ0410020,Lutra lutra,2022-08-07
CZ0410020,Misgurnus fossilis,2017-10-19
CZ0410020,Ophiogomphus cecilia,2022-08-07
CZ0410020,Rumex sp.,2005-09-02
CZ0410020,Salmo trutta,2017-10-19
CZ0410020,Sanguisorba officinalis,2016-07-03
CZ0410020,Scardinius erythrophthalmus,2013-07-24
CZ0410020,Succisa pratensis,2005-08-27
CZ0410021,Euphydryas aurinia,2009-06-15
CZ0410021,Ophiogomphus cecilia,2025-06-30
CZ0410021,Sanguisorba officinalis,2010-09-21
CZ0410021,Succisa pratensis,2010-09-21
CZ0410023,Castor fiber,2020-04-19
CZ0410023,Sanguisorba officinalis,2018-05-25
CZ0410023,Succisa pratensis,2024-07-23
CZ0410038,Hamatocaulis vernicosus,2001-01-01
CZ0410040,Lycaena dispar,2025-07-18
CZ0410040,Rumex sp.,2005-08-26
CZ0410040,Sanguisorba officinalis,2005-08-26
CZ0410047,Euphydryas aurinia,2009-05-20
CZ0410047,Sanguisorba officinalis,2012-09-09
CZ0410150,Barbastella barbastellus,2013-07-23
CZ0410150,Castor fiber,2025-05-28
CZ0410150,Epidalea calamita,2020-07-28
CZ0410150,Euphydryas aurinia,2025-08-30
CZ0410150,Leucorrhinia pectoralis,2021-06-16
CZ0410150,Lutra lutra,2006-09-28
CZ0410150,Myotis sp.,2013-07-23
CZ0410150,Rumex sp.,2019-06-26
CZ0410150,Sanguisorba officinalis,2014-09-04
CZ0410150,Succisa pratensis,2014-09-04
CZ0410150,Triturus cristatus,2013-06-05
CZ0410151,Euplagia quadripunctaria,2020-01-01
CZ0410151,Lycaena dispar,2022-06-15
CZ0410151,Myotis myotis,2023-05-05
CZ0410151,Myotis sp.,2023-05-05
CZ0410151,Phengaris nausithous,2021-08-20
CZ0410151,Sanguisorba officinalis,2009-05-18
CZ0410151,Triturus cristatus,2011-06-03
CZ0410155,Barbastella barbastellus,2008-02-05
CZ0410155,Canis lupus,2025-01-26
CZ0410155,Lycaena dispar,2024-06-26
CZ0410155,Myotis myotis,2008-02-05
CZ0410155,Orthotrichum rogeri,2019-08-01
CZ0410155,Phengaris nausithous,2024-07-22
CZ0410155,Salmo trutta,2015-09-21
CZ0410155,Sanguisorba officinalis,2022-10-27
CZ0410168,Sanguisorba officinalis,2008-12-02
CZ0410168,Succisa pratensis,2008-11-23
CZ0410401,Canis lupus,2024-12-16
CZ0410401,Euphydryas aurinia,2011-09-06
CZ0410401,Leucorrhinia pectoralis,2022-05-15
CZ0410401,Sanguisorba officinalis,2010-08-22
CZ0410401,Succisa pratensis,2010-08-22
CZ0410404,Euphydryas aurinia,2009-06-16
CZ0410404,Lutra lutra,2024-12-16
CZ0410413,Abramis brama,2004-01-01
CZ0410413,Blicca bjoerkna,2004-01-01
CZ0410413,Castor fiber,2023-10-15
CZ0410413,Cottus gobio,2021-05-18
CZ0410413,Euphydryas aurinia,2009-06-15
CZ0410413,Leuciscus aspius,2004-01-01
CZ0410413,Ophiogomphus cecilia,2021-08-15
CZ0410413,Salmo trutta,2004-01-01
CZ0410413,Scardinius erythrophthalmus,2004-01-01
CZ0410413,Unio crassus,2021-08-15
CZ0410414,Asplenium adulterinum,2018-10-25
CZ0410414,Barbastella barbastellus,2022-06-10
CZ0410414,Canis lupus,2026-01-23
CZ0410414,Coleanthus subtilis,2023-07-03
CZ0410414,Euphydryas aurinia,2010-06-23
CZ0410414,Leucorrhinia pectoralis,2024-05-15
CZ0410414,Ligularia sibirica,2013-08-10
CZ0410414,Lutra lutra,2024-01-12
CZ0410414,Lynx lynx,2010-01-01
CZ0410414,Myotis myotis,2024-10-10
CZ0410414,Myotis sp.,2022-07-28
CZ0410414,Phengaris nausithous,2025-07-24
CZ0410414,Phengaris teleius,2010-07-01
CZ0410414,Salmo trutta,2003-07-26
CZ0410414,Sanguisorba officinalis,2025-07-24
CZ0410414,Succisa pratensis,2009-08-03
CZ0410438,Leucorrhinia pectoralis,2017-06-01
CZ0412065,Asplenium adulterinum,2018-10-25
CZ0412065,Cerastium alsinifolium,2000-01-01
CZ0412065,Euphydryas aurinia,2009-06-15
CZ0412069,Asplenium adulterinum,2018-11-14
CZ0412069,Cerastium alsinifolium,2018-11-14
CZ0412069,Euphydryas aurinia,2009-06-15
CZ0412070,Asplenium adulterinum,2026-03-07
CZ0412070,Canis lupus,2025-08-13
CZ0412070,Cerastium alsinifolium,2026-03-06
CZ0412070,Euphydryas aurinia,2009-06-15
CZ0412070,Myotis myotis,2024-09-27
CZ0412070,Phengaris nausithous,2018-07-25
CZ0412070,Sanguisorba officinalis,2022-06-27
CZ0412071,Asplenium adulterinum,2018-06-14
CZ0412071,Euphydryas aurinia,2009-06-16
CZ0412071,Gentianella obtusifolia subsp. sturmiana,2005-08-30
CZ0413007,Euphydryas aurinia,2024-08-24
CZ0413007,Sanguisorba officinalis,2017-07-23
CZ0413007,Succisa pratensis,2020-08-21
CZ0413008,Cottus gobio,2002-10-04
CZ0413008,Euphydryas aurinia,2025-09-02
CZ0413008,Gentianella obtusifolia subsp. sturmiana,2002-06-01
CZ0413008,Lampetra planeri,2004-01-01
CZ0413008,Lutra lutra,2020-03-26
CZ0413008,Salmo trutta,2015-09-23
CZ0413008,Sanguisorba officinalis,2021-06-15
CZ0413008,Succisa pratensis,2023-09-13
CZ0413009,Euphydryas aurinia,2024-08-22
CZ0413009,Gentianella obtusifolia subsp. sturmiana,2005-08-30
CZ0413009,Lutra lutra,2019-08-07
CZ0413009,Phengaris nausithous,2020-07-19
CZ0413009,Phengaris teleius,2020-07-19
CZ0413009,Sanguisorba officinalis,2020-09-15
CZ0413009,Succisa pratensis,2020-09-15
CZ0413009,Triturus cristatus,2024-05-17
CZ0413013,Bombina bombina,2019-05-30
CZ0413013,Euphydryas aurinia,2025-08-29
CZ0413013,Leucorrhinia pectoralis,2019-06-18
CZ0413013,Phengaris nausithous,2019-08-21
CZ0413013,Sanguisorba officinalis,2017-05-20
CZ0413013,Succisa pratensis,2017-05-20
CZ0413014,Bombina bombina,2025-06-13
CZ0413014,Euphydryas aurinia,2025-06-13
CZ0413014,Sanguisorba officinalis,2020-08-27
CZ0413014,Succisa pratensis,2025-06-13
CZ0413014,Triturus cristatus,2019-04-18
CZ0413015,Euphydryas aurinia,2025-08-29
CZ0413015,Rumex sp.,2010-05-15
CZ0413015,Sanguisorba officinalis,2010-10-03
CZ0413015,Succisa pratensis,2025-06-12
CZ0413017,Euphydryas aurinia,2012-08-21
CZ0413017,Lampetra planeri,2009-06-27
CZ0413017,Sanguisorba officinalis,2009-09-28
CZ0413017,Succisa pratensis,2009-09-27
CZ0413018,Euphydryas aurinia,2023-09-08
CZ0413018,Phengaris nausithous,2020-07-22
CZ0413018,Phengaris teleius,2020-07-22
CZ0413018,Sanguisorba officinalis,2022-08-23
CZ0413018,Succisa pratensis,2022-08-23
CZ0413173,Bombina bombina,2023-05-20
CZ0413173,Euphydryas aurinia,2025-08-29
CZ0413173,Lutra lutra,2023-12-14
CZ0413173,Sanguisorba officinalis,2017-06-02
CZ0413173,Succisa pratensis,2024-07-24
CZ0413173,Triturus cristatus,2020-07-03
CZ0413174,Triturus cristatus,2025-07-20
CZ0413177,Barbastella barbastellus,2013-06-07
CZ0413177,Castor fiber,2025-09-05
CZ0413177,Cottus gobio,2015-10-01
CZ0413177,Euphydryas aurinia,2025-08-31
CZ0413177,Hamatocaulis vernicosus,2001-01-01
CZ0413177,Lampetra planeri,2023-08-16
CZ0413177,Lutra lutra,2016-10-26
CZ0413177,Margaritifera margaritifera,2025-08-31
CZ0413177,Myotis myotis,2013-07-10
CZ0413177,Salmo trutta,2017-05-24
CZ0413177,Sanguisorba officinalis,2020-08-23
CZ0413177,Succisa pratensis,2025-09-17
CZ0413177,Triturus cristatus,2020-04-27
CZ0413179,Euphydryas aurinia,2025-08-27
CZ0413179,Gentianella obtusifolia subsp. sturmiana,2002-06-01
CZ0413179,Leucorrhinia pectoralis,2018-05-31
CZ0413179,Salmo trutta,2015-09-23
CZ0413179,Sanguisorba officinalis,2020-07-19
CZ0413179,Succisa pratensis,2020-08-23
CZ0413179,Triturus cristatus,2024-05-06
CZ0413180,Euphydryas aurinia,2024-09-04
CZ0413180,Sanguisorba officinalis,2015-06-04
CZ0413180,Succisa pratensis,2023-08-09
CZ0413181,Euphydryas aurinia,2025-09-04
CZ0413181,Lycaena dispar,2024-06-17
CZ0413181,Sanguisorba officinalis,2020-09-17
CZ0413181,Succisa pratensis,2023-08-30
CZ0413182,Canis lupus,2025-05-27
CZ0413182,Carabus menetriesi pacholei,2019-05-27
CZ0413182,Euphydryas aurinia,2024-09-06
CZ0413182,Leucorrhinia pectoralis,2021-07-27
CZ0413182,Phengaris nausithous,2019-07-24
CZ0413182,Sanguisorba officinalis,2021-08-16
CZ0413182,Succisa pratensis,2021-08-16
CZ0413184,Epidalea calamita,2025-07-25
CZ0413184,Euphydryas aurinia,1995-01-01
CZ0413184,Leucorrhinia pectoralis,2015-06-06
CZ0413184,Succisa pratensis,2023-08-22
CZ0413184,Triturus cristatus,2025-07-31
CZ0413185,Euphydryas aurinia,1995-01-01
CZ0413185,Triturus cristatus,2025-08-24
CZ0413187,Euphydryas aurinia,2015-09-12
CZ0413187,Phengaris nausithous,2022-07-23
CZ0413187,Sanguisorba officinalis,2014-07-14
CZ0413187,Succisa pratensis,2014-07-14
CZ0413188,Euphydryas aurinia,2009-05-26
CZ0413188,Spermophilus citellus,2025-07-07
CZ0413190,Bombina bombina,2022-07-11
CZ0413190,Euphydryas aurinia,2009-05-26
CZ0413190,Leucorrhinia pectoralis,2018-06-05
CZ0413190,Osmoderma barnabita,2018-10-03
CZ0413190,Rumex sp.,2010-09-21
CZ0413190,Sanguisorba officinalis,2010-09-21
CZ0413190,Succisa pratensis,2010-09-21
CZ0413190,Triturus cristatus,2025-07-31
CZ0413191,Cottus gobio,2021-10-12
CZ0413191,Euphydryas aurinia,2024-08-27
CZ0413191,Phengaris nausithous,2025-07-22
CZ0413191,Phengaris teleius,2025-07-22
CZ0413191,Salmo trutta,2014-09-24
CZ0413191,Sanguisorba officinalis,2020-09-02
CZ0413191,Succisa pratensis,2020-09-02
CZ0413193,Euphydryas aurinia,2007-06-11
CZ0413193,Leucorrhinia pectoralis,2021-06-17
CZ0413193,Lutra lutra,2025-03-13
CZ0413193,Scardinius erythrophthalmus,2010-11-11
CZ0413193,Triturus cristatus,2025-08-25
CZ0413194,Castor fiber,2026-01-27
CZ0413194,Cottus gobio,2015-09-21
CZ0413194,Lampetra planeri,2023-08-11
CZ0413194,Lutra lutra,2015-07-17
CZ0413194,Salmo trutta,2015-09-21
CZ0413194,Scardinius erythrophthalmus,2015-09-21
CZ0413195,Barbastella barbastellus,2015-06-07
CZ0413195,Cottus gobio,2023-08-13
CZ0413195,Euphydryas aurinia,2009-06-16
CZ0413195,Gentianella obtusifolia subsp. sturmiana,2005-08-30
CZ0413195,Lutra lutra,2022-09-07
CZ0413195,Myotis myotis,2015-06-07
CZ0413195,Salmo trutta,2017-06-09
CZ0413195,Sanguisorba officinalis,2015-05-19
CZ0413196,Bombina bombina,2025-08-09
CZ0413196,Lemna trisulca,2008-05-17
CZ0413196,Triturus cristatus,2025-06-29
CZ0414026,Asplenium adulterinum,2025-09-19
CZ0414026,Canis lupus,2025-08-13
CZ0414026,Cerastium alsinifolium,2025-09-19
CZ0414026,Euphydryas aurinia,2024-09-05
CZ0414026,Leucorrhinia pectoralis,2023-06-13
CZ0414026,Lutra lutra,2016-11-07
CZ0414026,Lynx lynx,2013-04-01
CZ0414026,Phengaris nausithous,2024-07-25
CZ0414026,Phengaris teleius,2020-07-23
CZ0414026,Sanguisorba officinalis,2025-07-04
CZ0414026,Succisa pratensis,2025-07-24
CZ0414027,Euphydryas aurinia,2025-08-29
CZ0414027,Leucorrhinia pectoralis,2014-07-05
CZ0414027,Salmo trutta,2002-10-03
CZ0414027,Sanguisorba officinalis,2021-09-01
CZ0414027,Succisa pratensis,2022-10-29
CZ0414027,Triturus cristatus,2020-04-25
CZ0414110,Barbastella barbastellus,2025-02-15
CZ0414110,Canis lupus,2025-04-27
CZ0414110,Carabus menetriesi pacholei,2025-05-24
CZ0414110,Castor fiber,2025-05-21
CZ0414110,Cottus gobio,2015-09-01
CZ0414110,Euplagia quadripunctaria,2013-07-05
CZ0414110,Hamatocaulis vernicosus,2024-05-10
CZ0414110,Lampetra planeri,2015-09-01
CZ0414110,Lutra lutra,2024-06-08
CZ0414110,Lynx lynx,2017-12-10
CZ0414110,Myotis bechsteinii,2024-08-24
CZ0414110,Myotis dasycneme,2016-01-29
CZ0414110,Myotis emarginatus,2023-09-02
CZ0414110,Myotis myotis,2025-03-01
CZ0414110,Myotis sp.,2024-07-06
CZ0414110,Phengaris nausithous,2025-06-29
CZ0414110,Phengaris teleius,2025-06-29
CZ0414110,Rhinolophus ferrumequinum,2023-09-02
CZ0414110,Rumex sp.,2023-07-22
CZ0414110,Salmo trutta,2018-06-10
CZ0414110,Sanguisorba officinalis,2023-06-05
CZ0414110,Succisa pratensis,2023-09-10
CZ0414127,Barbastella barbastellus,2025-03-02
CZ0414127,Bombina bombina,2025-08-15
CZ0414127,Canis lupus,2025-04-19
CZ0414127,Castor fiber,2026-01-19
CZ0414127,Cottus gobio,2021-05-28
CZ0414127,Euphydryas aurinia,2025-10-10
CZ0414127,Euplagia quadripunctaria,2025-08-07
CZ0414127,Lampetra planeri,2015-09-01
CZ0414127,Lemna trisulca,2022-05-29
CZ0414127,Leucorrhinia pectoralis,2021-07-23
CZ0414127,Lutra lutra,2026-01-19
CZ0414127,Lycaena dispar,2022-06-11
CZ0414127,Lynx lynx,2016-10-09
CZ0414127,Myotis alcathoe/emarginatus,2022-07-03
CZ0414127,Myotis bechsteinii,2022-09-09
CZ0414127,Myotis emarginatus,2020-08-12
CZ0414127,Myotis myotis,2025-02-15
CZ0414127,Myotis sp.,2025-02-28
CZ0414127,Phengaris nausithous,2024-07-25
CZ0414127,Phengaris teleius,2005-07-27
CZ0414127,Pulsatilla patens,2023-05-01
CZ0414127,Rumex sp.,2010-08-21
CZ0414127,Salmo salar,2023-11-12
CZ0414127,Salmo trutta,2021-05-28
CZ0414127,Sanguisorba officinalis,2024-06-18
CZ0414127,Succisa pratensis,2024-05-30
CZ0414127,Triturus cristatus,2025-08-15
CZ0414127,Vertigo angustior,2013-10-24
CZ0420004,Euplagia quadripunctaria,2010-08-08
CZ0420007,Euplagia quadripunctaria,2016-07-29
CZ0420012,Abramis brama,2006-08-09
CZ0420012,Barbastella barbastellus,2025-01-14
CZ0420012,Blicca bjoerkna,2019-01-01
CZ0420012,Castor fiber,2025-12-21
CZ0420012,Euplagia quadripunctaria,2025-08-11
CZ0420012,Lutra lutra,2023-08-16
CZ0420012,Myotis myotis,2024-01-15
CZ0420012,Myotis sp.,2023-08-16
CZ0420013,Cypripedium calceolus,2024-05-23
CZ0420013,Euplagia quadripunctaria,1995-01-01
CZ0420014,Euplagia quadripunctaria,2008-07-16
CZ0420014,Lucanus cervus,2023-07-06
CZ0420015,Barbastella barbastellus,2023-08-23
CZ0420015,Cucujus cinnaberinus,2018-04-05
CZ0420015,Euplagia quadripunctaria,2014-09-06
CZ0420015,Lemna trisulca,2007-07-05
CZ0420015,Myotis alcathoe/emarginatus,2023-08-23
CZ0420015,Myotis myotis,2023-04-29
CZ0420015,Ophiogomphus cecilia,2014-09-06
CZ0420015,Osmoderma barnabita,2007-07-26
CZ0420015,Rhinolophus hipposideros,2023-04-29
CZ0420021,Barbastella barbastellus,2025-01-14
CZ0420021,Euplagia quadripunctaria,2015-08-03
CZ0420021,Lutra lutra,2020-12-18
CZ0420021,Myotis myotis,2025-07-01
CZ0420021,Myotis sp.,2023-06-25
CZ0420021,Osmoderma barnabita,2015-10-01
CZ0420021,Rhinolophus hipposideros,2025-01-14
CZ0420021,Sanguisorba officinalis,2013-08-24
CZ0420026,Barbastella barbastellus,2013-10-19
CZ0420026,Chazara briseis,1995-01-01
CZ0420026,Euplagia quadripunctaria,2024-08-07
CZ0420026,Lucanus cervus,2025-10-27
CZ0420026,Myotis myotis,2013-07-21
CZ0420026,Rhinolophus hipposideros,2013-07-21
CZ0420035,Canis lupus,2025-03-15
CZ0420035,Lutra lutra,2020-05-04
CZ0420035,Lycaena dispar,2024-07-29
CZ0420035,Rhodeus amarus,2014-09-04
CZ0420035,Sanguisorba officinalis,2025-06-04
CZ0420035,Succisa pratensis,2025-06-07
CZ0420044,Cypripedium calceolus,2024-05-23
CZ0420053,Canis lupus,2024-04-27
CZ0420063,Chazara briseis,1995-01-01
CZ0420063,Cucujus cinnaberinus,2021-12-31
CZ0420063,Hipparchia semele,2009-01-01
CZ0420069,Euplagia quadripunctaria,2014-08-08
CZ0420073,Euplagia quadripunctaria,2022-08-08
CZ0420073,Lucanus cervus,2024-08-20
CZ0420074,Canis lupus,2024-04-06
CZ0420074,Lutra lutra,2019-11-16
CZ0420074,Salmo trutta,2011-10-20
CZ0420082,Ameiurus melas,2024-09-03
CZ0420082,Ameiurus nebulosus,2024-09-03
CZ0420082,Barbastella barbastellus,2015-05-16
CZ0420082,Canis lupus,2025-03-02
CZ0420082,Euplagia quadripunctaria,2024-08-12
CZ0420082,Myotis myotis,2014-08-16
CZ0420082,Salmo trutta,2025-09-01
CZ0420082,Succisa pratensis,2002-09-05
CZ0420082,Vertigo angustior,2009-06-30
CZ0420083,Canis lupus,2018-09-28
CZ0420083,Cottus gobio,2022-08-18
CZ0420083,Euphydryas aurinia,2019-07-16
CZ0420083,Euplagia quadripunctaria,2025-08-07
CZ0420083,Lycaena dispar,2019-08-21
CZ0420083,Salmo trutta,2022-08-18
CZ0420083,Succisa pratensis,2024-07-02
CZ0420085,Chazara briseis,1995-01-01
CZ0420085,Lutra lutra,2006-10-26
CZ0420085,Myotis myotis,2015-05-09
CZ0420085,Sanguisorba officinalis,2014-08-28
CZ0420144,Barbastella barbastellus,2021-08-10
CZ0420144,Canis lupus,2025-04-19
CZ0420144,Coleanthus subtilis,2013-07-03
CZ0420144,Cottus gobio,2015-09-01
CZ0420144,Lampetra planeri,2015-09-01
CZ0420144,Leucorrhinia pectoralis,2023-07-04
CZ0420144,Lutra lutra,2019-11-15
CZ0420144,Lycaena dispar,2025-08-02
CZ0420144,Myotis myotis,2012-06-21
CZ0420144,Orthotrichum rogeri,2015-07-15
CZ0420144,Phengaris teleius,2023-06-29
CZ0420144,Salmo trutta,2015-09-01
CZ0420160,Lutra lutra,2020-04-08
CZ0420160,Rhodeus amarus,1950-01-01
CZ0420160,Sanguisorba officinalis,2025-05-08
CZ0420160,Succisa pratensis,2002-05-01
CZ0420165,Cypripedium calceolus,2024-05-24
CZ0420165,Euplagia quadripunctaria,2005-08-28
CZ0420165,Lucanus cervus,2024-06-21
CZ0420165,Myotis myotis,2012-06-29
CZ0420166,Abramis brama,2004-01-01
CZ0420166,Bombina bombina,2020-06-23
CZ0420166,Euphydryas aurinia,2001-01-01
CZ0420166,Leucorrhinia pectoralis,2006-06-20
CZ0420166,Succisa pratensis,2023-01-01
CZ0420171,Barbastella barbastellus,2015-05-20
CZ0420171,Euplagia quadripunctaria,2019-08-18
CZ0420406,Chazara briseis,2007-08-26
CZ0420406,Euplagia quadripunctaria,2025-08-07
CZ0420406,Hipparchia semele,2010-08-22
CZ0420406,Stipa glabrata,2023-06-03
CZ0420416,Barbastella barbastellus,2013-10-22
CZ0420416,Euplagia quadripunctaria,2018-08-09
CZ0420416,Myotis myotis,2013-08-03
CZ0420416,Phengaris nausithous,2012-07-30
CZ0420416,Rhinolophus hipposideros,2013-08-03
CZ0420416,Rumex sp.,2020-06-22
CZ0420416,Sanguisorba officinalis,2024-05-13
CZ0420416,Vertigo angustior,2011-10-02
CZ0420449,Barbastella barbastellus,2013-10-09
CZ0420449,Myotis myotis,2015-05-15
CZ0420449,Rhinolophus hipposideros,2013-07-10
CZ0420451,Cucujus cinnaberinus,2023-04-26
CZ0420451,Euplagia quadripunctaria,2020-08-12
CZ0420451,Myotis myotis,2022-09-24
CZ0420451,Phengaris nausithous,2023-07-18
CZ0420451,Phengaris teleius,2024-08-08
CZ0420451,Sanguisorba officinalis,2021-06-01
CZ0420451,Succisa pratensis,2024-08-19
CZ0420454,Cucujus cinnaberinus,2022-04-18
CZ0420454,Euplagia quadripunctaria,2018-08-15
CZ0420459,Chazara briseis,2007-08-07
CZ0420459,Cucujus cinnaberinus,2017-03-16
CZ0420459,Euplagia quadripunctaria,2024-08-12
CZ0420459,Lucanus cervus,2013-06-20
CZ0420459,Lycaena dispar,2023-06-11
CZ0420459,Myotis myotis,2005-07-15
CZ0420459,Stipa glabrata,2025-05-13
CZ0420460,Chazara briseis,2007-08-07
CZ0420462,Chazara briseis,1995-01-01
CZ0420462,Euplagia quadripunctaria,2022-07-31
CZ0420462,Myotis myotis,2020-08-18
CZ0420500,Abramis brama,2004-01-01
CZ0420500,Barbastella barbastellus,2019-09-05
CZ0420500,Blicca bjoerkna,2004-01-01
CZ0420500,Bombina bombina,2018-07-12
CZ0420500,Cucujus cinnaberinus,2020-03-28
CZ0420500,Leuciscus aspius,2004-01-01
CZ0420500,Myotis myotis,2019-08-26
CZ0420500,Phengaris nausithous,2024-08-01
CZ0420500,Phengaris teleius,2018-07-08
CZ0420500,Salmo trutta,2004-01-01
CZ0420500,Sanguisorba officinalis,2017-07-05
CZ0420500,Scardinius erythrophthalmus,2004-01-01
CZ0420500,Succisa pratensis,2012-08-09
CZ0420500,Triturus cristatus,2008-06-25
CZ0420501,Barbastella barbastellus,2019-09-09
CZ0420501,Leucorrhinia pectoralis,2022-06-26
CZ0420501,Lutra lutra,2016-11-02
CZ0420501,Myotis myotis,2019-09-09
CZ0420501,Phengaris nausithous,2022-07-29
CZ0420501,Phengaris teleius,2022-07-29
CZ0420501,Salmo trutta,2013-09-23
CZ0420501,Sanguisorba officinalis,2019-03-01
CZ0420501,Succisa pratensis,2019-03-01
CZ0420507,Ameiurus melas,2024-10-21
CZ0420507,Ameiurus nebulosus,2024-10-21
CZ0420507,Barbastella barbastellus,2012-01-20
CZ0420507,Canis lupus,2019-04-06
CZ0420507,Leucorrhinia pectoralis,2018-06-12
CZ0420507,Myotis sp.,2022-02-11
CZ0420507,Ophiogomphus cecilia,2004-08-24
CZ0420507,Salmo trutta,2009-09-24
CZ0420520,Ameiurus melas,2024-11-07
CZ0420520,Ameiurus nebulosus,2024-11-07
CZ0420520,Barbastella barbastellus,2015-05-19
CZ0420520,Canis lupus,2025-04-12
CZ0420520,Myotis myotis,2001-02-09
CZ0420525,Sanguisorba officinalis,2015-05-08
CZ0420528,Barbastella barbastellus,2025-02-15
CZ0420528,Canis lupus,2025-04-10
CZ0420528,Cottus gobio,2024-08-24
CZ0420528,Lampetra planeri,2004-01-01
CZ0420528,Lynx lynx,2014-03-01
CZ0420528,Myotis myotis,2025-02-15
CZ0420528,Orthotrichum rogeri,2012-09-01
CZ0420528,Salmo trutta,2004-01-01
CZ0420528,Succisa pratensis,2023-06-05
CZ0422075,Barbastella barbastellus,2012-09-28
CZ0422075,Euplagia quadripunctaria,2018-08-09
CZ0422075,Lucanus cervus,2014-06-15
CZ0422075,Myotis myotis,2012-08-05
CZ0422075,Pulsatilla patens,2025-04-15
CZ0422075,Rhinolophus hipposideros,2012-08-05
CZ0422077,Dianthus arenarius subsp. bohemicus,2024-06-26
CZ0422077,Euplagia quadripunctaria,2009-07-30
CZ0422079,Luronium natans,2025-08-29
CZ0422079,Myotis myotis,2019-05-18
CZ0422079,Salmo trutta,2025-04-10
CZ0422081,Cypripedium calceolus,2021-06-11
CZ0422084,Hipparchia semele,1995-01-01
CZ0422084,Jurinea cyanoides,2005-07-21
CZ0422085,Cypripedium calceolus,2022-06-02
CZ0422087,Cypripedium calceolus,2022-05-25
CZ0423001,Austropotamobius torrentium,2022-07-07
CZ0423006,Ameiurus nebulosus,2014-09-19
CZ0423006,Triturus cristatus,2025-07-15
CZ0423198,Austropotamobius torrentium,2016-10-23
CZ0423201,Euplagia quadripunctaria,2022-07-21
CZ0423201,Lucanus cervus,2015-07-10
CZ0423201,Myotis myotis,2015-05-10
CZ0423202,Barbastella barbastellus,2025-03-11
CZ0423202,Cucujus cinnaberinus,2021-05-09
CZ0423202,Lemna trisulca,2012-09-28
CZ0423202,Leucorrhinia pectoralis,2020-06-22
CZ0423202,Osmoderma barnabita,2021-05-23
CZ0423202,Phengaris teleius,2012-07-20
CZ0423202,Sanguisorba officinalis,2012-09-28
CZ0423202,Succisa pratensis,2012-09-28
CZ0423202,Triturus cristatus,2025-07-03
CZ0423203,Cucujus cinnaberinus,2025-03-10
CZ0423203,Lucanus cervus,2025-07-09
CZ0423206,Triturus cristatus,2025-07-25
CZ0423210,Euplagia quadripunctaria,2009-01-01
CZ0423210,Osmoderma barnabita,2025-03-02
CZ0423211,Bombina bombina,2025-07-25
CZ0423211,Lemna trisulca,2009-03-03
CZ0423211,Triturus cristatus,2015-08-21
CZ0423212,Chazara briseis,2012-08-21
CZ0423212,Euplagia quadripunctaria,2022-07-15
CZ0423212,Hipparchia semele,2010-08-22
CZ0423213,Lucanus cervus,2009-06-26
CZ0423213,Osmoderma barnabita,2025-03-02
CZ0423215,Bombina bombina,2025-07-25
CZ0423215,Lemna trisulca,2009-03-02
CZ0423215,Leucorrhinia pectoralis,2017-06-24
CZ0423215,Triturus cristatus,2021-07-24
CZ0423216,Bombina bombina,2025-05-24
CZ0423216,Euplagia quadripunctaria,2024-07-26
CZ0423216,Leucorrhinia pectoralis,2024-06-20
CZ0423216,Triturus cristatus,2024-05-12
CZ0423217,Barbastella barbastellus,2024-06-22
CZ0423217,Bombina bombina,2009-08-27
CZ0423217,Myotis alcathoe/emarginatus,2018-07-04
CZ0423217,Myotis myotis,2024-06-22
CZ0423217,Osmoderma barnabita,2014-11-13
CZ0423217,Succisa pratensis,2021-05-28
CZ0423219,Austropotamobius torrentium,2014-08-11
CZ0423223,Cerambyx cerdo,2017-07-18
CZ0423223,Lucanus cervus,2015-05-17
CZ0423223,Osmoderma barnabita,2022-08-06
CZ0423224,Myotis myotis,2025-08-11
CZ0423224,Osmoderma barnabita,2022-11-28
CZ0423224,Rhinolophus hipposideros,2025-08-11
CZ0423225,Chazara briseis,1995-01-01
CZ0423225,Euplagia quadripunctaria,2024-08-06
CZ0423225,Stenobothrus eurasius bohemicus,2021-08-12
CZ0423227,Chazara briseis,2012-08-21
CZ0423227,Euplagia quadripunctaria,2022-07-15
CZ0423227,Hipparchia semele,2013-09-06
CZ0423227,Myotis myotis,2015-05-05
CZ0423228,Bombina bombina,2025-07-11
CZ0423228,Sanguisorba officinalis,2020-09-11
CZ0423228,Triturus cristatus,2015-08-05
CZ0423229,Cucujus cinnaberinus,2025-05-22
CZ0423229,Euplagia quadripunctaria,2009-08-19
CZ0423229,Lucanus cervus,2025-06-21
CZ0423232,Euplagia quadripunctaria,2021-08-12
CZ0423232,Stenobothrus eurasius bohemicus,2021-08-12
CZ0423233,Chazara briseis,2007-08-26
CZ0423233,Euplagia quadripunctaria,2022-07-29
CZ0423233,Hipparchia semele,2010-08-22
CZ0423233,Lucanus cervus,2021-07-23
CZ0423233,Osmoderma barnabita,2020-04-29
CZ0423233,Stenobothrus eurasius bohemicus,2024-09-06
CZ0423236,Euplagia quadripunctaria,2022-08-01
CZ0423507,Abramis brama,2004-01-01
CZ0423507,Ameiurus nebulosus,2023-06-26
CZ0423507,Blicca bjoerkna,2004-01-01
CZ0423507,Bombina bombina,2014-05-05
CZ0423507,Cottus gobio,2024-11-06
CZ0423507,Euplagia quadripunctaria,2019-08-15
CZ0423507,Lampetra planeri,2000-01-01
CZ0423507,Leuciscus aspius,2004-01-01
CZ0423507,Lutra lutra,2026-02-03
CZ0423507,Lycaena dispar,2022-06-11
CZ0423507,Phengaris nausithous,2023-08-03
CZ0423507,Phengaris teleius,2023-08-03
CZ0423507,Salmo salar,2024-11-06
CZ0423507,Salmo trutta,2024-11-06
CZ0423507,Sanguisorba officinalis,2009-07-10
CZ0423507,Scardinius erythrophthalmus,2022-07-26
CZ0423507,Succisa pratensis,2019-03-01
CZ0423507,Triturus cristatus,2014-05-05
CZ0423510,Ameiurus nebulosus,2018-08-01
CZ0423510,Blicca bjoerkna,2004-01-01
CZ0423510,Castor fiber,2026-01-18
CZ0423510,Chazara briseis,2007-08-07
CZ0423510,Cottus gobio,2025-04-21
CZ0423510,Cucujus cinnaberinus,2021-03-30
CZ0423510,Hipparchia semele,2010-06-09
CZ0423510,Lampetra planeri,2015-09-01
CZ0423510,Leuciscus aspius,2022-08-31
CZ0423510,Lucanus cervus,2021-05-09
CZ0423510,Lutra lutra,2026-01-18
CZ0423510,Myotis sp.,2023-08-19
CZ0423510,Ophiogomphus cecilia,2024-07-21
CZ0423510,Rhodeus amarus,2012-09-21
CZ0423510,Salmo salar,2013-03-18
CZ0423510,Salmo trutta,2024-08-17
CZ0423510,Sanguisorba officinalis,2007-07-08
CZ0423510,Unio crassus,2025-09-01
CZ0423652,Myotis myotis,2005-07-14
CZ0423653,Myotis myotis,2025-07-01
CZ0423654,Myotis myotis,2025-07-29
CZ0423656,Myotis myotis,2025-07-07
CZ0423659,Abramis brama,2004-01-01
CZ0423659,Ameiurus nebulosus,2023-08-03
CZ0423659,Leucorrhinia pectoralis,2025-06-21
CZ0423659,Scardinius erythrophthalmus,2004-01-01
CZ0423659,Succisa pratensis,2021-07-06
CZ0423660,Barbastella barbastellus,2008-01-01
CZ0423660,Bombina bombina,2025-07-24
CZ0423660,Leucorrhinia pectoralis,2022-06-22
CZ0423660,Lutra lutra,2024-01-12
CZ0423660,Myotis myotis,2021-08-11
CZ0423660,Triturus cristatus,2025-07-24
CZ0424030,Canis lupus,2023-12-27
CZ0424030,Cottus gobio,2015-09-01
CZ0424030,Euplagia quadripunctaria,2019-08-10
CZ0424030,Lampetra planeri,2015-09-01
CZ0424030,Lutra lutra,2023-09-02
CZ0424030,Lycaena dispar,2018-08-14
CZ0424030,Phengaris nausithous,2021-08-11
CZ0424030,Phengaris teleius,2011-01-01
CZ0424030,Pulsatilla patens,2023-04-16
CZ0424030,Salmo trutta,2015-09-01
CZ0424030,Sanguisorba officinalis,2018-08-25
CZ0424030,Succisa pratensis,2014-10-20
CZ0424031,Ameiurus melas,2021-07-12
CZ0424031,Ameiurus nebulosus,2022-05-04
CZ0424031,Barbastella barbastellus,2025-01-23
CZ0424031,Canis lupus,2025-11-10
CZ0424031,Castor fiber,2026-01-22
CZ0424031,Cottus gobio,2025-06-04
CZ0424031,Cucujus cinnaberinus,2023-05-08
CZ0424031,Euplagia quadripunctaria,2023-08-15
CZ0424031,Lampetra planeri,2026-01-06
CZ0424031,Leucorrhinia pectoralis,2022-07-05
CZ0424031,Lutra lutra,2026-01-08
CZ0424031,Lycaena dispar,2019-08-04
CZ0424031,Lynx lynx,2020-10-03
CZ0424031,Myotis bechsteinii,2015-07-16
CZ0424031,Myotis myotis,2024-01-19
CZ0424031,Ophiogomphus cecilia,2000-06-20
CZ0424031,Phengaris nausithous,2020-07-22
CZ0424031,Rhinolophus hipposideros,2025-07-04
CZ0424031,Rhodeus amarus,2021-07-19
CZ0424031,Salmo salar,2023-10-28
CZ0424031,Salmo trutta,2023-07-13
CZ0424031,Sanguisorba officinalis,2021-07-03
CZ0424031,Scardinius erythrophthalmus,2024-06-29
CZ0424031,Succisa pratensis,2015-08-31
CZ0424031,Trichomanes speciosum,2012-10-19
CZ0424031,Triturus cristatus,2025-07-20
CZ0424033,Chazara briseis,2007-08-26
CZ0424033,Crambe tataria,2018-05-26
CZ0424033,Euplagia quadripunctaria,2023-08-14
CZ0424033,Hipparchia semele,2010-08-22
CZ0424033,Lycaena dispar,2023-07-11
CZ0424033,Myotis myotis,2013-09-27
CZ0424033,Ophiogomphus cecilia,2018-08-07
CZ0424033,Spermophilus citellus,2025-08-17
CZ0424033,Stenobothrus eurasius bohemicus,2021-08-16
CZ0424034,Adenophora liliifolia,2024-07-24
CZ0424034,Chazara briseis,1995-01-01
CZ0424034,Euplagia quadripunctaria,2020-08-13
CZ0424034,Lycaena dispar,2016-06-22
CZ0424034,Myotis myotis,2020-09-23
CZ0424034,Phengaris nausithous,2017-07-06
CZ0424034,Phengaris teleius,2017-07-06
CZ0424034,Sanguisorba officinalis,2020-07-23
CZ0424034,Succisa pratensis,2024-07-08
CZ0424036,Chazara briseis,1995-01-01
CZ0424036,Hipparchia semele,2015-08-07
CZ0424036,Lucanus cervus,2025-06-28
CZ0424037,Barbastella barbastellus,2013-10-20
CZ0424037,Chazara briseis,1995-01-01
CZ0424037,Euplagia quadripunctaria,2023-08-12
CZ0424037,Lucanus cervus,2014-06-15
CZ0424037,Myotis myotis,2013-07-20
CZ0424037,Rhinolophus hipposideros,2013-07-20
CZ0424037,Spermophilus citellus,2002-01-01
CZ0424038,Canis lupus,2024-09-16
CZ0424038,Chazara briseis,1995-01-01
CZ0424038,Euplagia quadripunctaria,2022-08-02
CZ0424038,Pulsatilla patens,2025-05-02
CZ0424038,Succisa pratensis,2013-06-30
CZ0424039,Chazara briseis,2007-08-26
CZ0424039,Cucujus cinnaberinus,2025-05-05
CZ0424039,Euplagia quadripunctaria,2024-07-29
CZ0424039,Hipparchia semele,2010-08-22
CZ0424039,Lucanus cervus,2025-06-19
CZ0424039,Myotis myotis,2013-08-05
CZ0424039,Ophiogomphus cecilia,2024-07-29
CZ0424039,Rhinolophus hipposideros,2013-06-06
CZ0424039,Stenobothrus eurasius bohemicus,2021-08-16
CZ0424039,Stipa glabrata,2025-07-03
CZ0424111,Abramis brama,2011-09-07
CZ0424111,Ameiurus nebulosus,2011-09-07
CZ0424111,Barbastella barbastellus,2024-01-17
CZ0424111,Blicca bjoerkna,2011-09-07
CZ0424111,Canis lupus,2024-11-11
CZ0424111,Castor fiber,2025-03-10
CZ0424111,Cottus gobio,2011-09-07
CZ0424111,Cucujus cinnaberinus,2015-05-17
CZ0424111,Euplagia quadripunctaria,2021-08-13
CZ0424111,Lampetra planeri,2004-01-01
CZ0424111,Leuciscus aspius,2020-08-24
CZ0424111,Luronium natans,2025-08-29
CZ0424111,Lutra lutra,2025-10-21
CZ0424111,Lycaena dispar,2018-08-28
CZ0424111,Lynx lynx,2022-04-25
CZ0424111,Myotis bechsteinii,2025-09-17
CZ0424111,Myotis emarginatus,2025-09-17
CZ0424111,Myotis myotis,2026-02-27
CZ0424111,Myotis sp.,2022-01-27
CZ0424111,Ophiogomphus cecilia,2006-06-24
CZ0424111,Phengaris nausithous,2023-07-25
CZ0424111,Phengaris teleius,2021-07-19
CZ0424111,Rhinolophus hipposideros,2026-03-01
CZ0424111,Rhodeus amarus,2014-10-22
CZ0424111,Romanogobio belingi,2011-09-07
CZ0424111,Salmo salar,2020-12-13
CZ0424111,Salmo trutta,2015-10-22
CZ0424111,Sanguisorba officinalis,2024-08-14
CZ0424111,Scardinius erythrophthalmus,2011-09-07
CZ0424111,Succisa pratensis,2002-08-14
CZ0424111,Trichomanes speciosum,2001-01-01
CZ0424125,Abramis brama,2011-01-01
CZ0424125,Barbastella barbastellus,2025-09-01
CZ0424125,Blicca bjoerkna,2011-01-01
CZ0424125,Bombina bombina,2025-08-15
CZ0424125,Canis lupus,2025-04-19
CZ0424125,Castor fiber,2026-02-22
CZ0424125,Chazara briseis,1995-01-01
CZ0424125,Cottus gobio,2023-09-07
CZ0424125,Euphydryas aurinia,2025-08-30
CZ0424125,Euplagia quadripunctaria,2025-08-20
CZ0424125,Hipparchia semele,2009-01-01
CZ0424125,Lampetra planeri,2004-01-01
CZ0424125,Lemna trisulca,2024-08-22
CZ0424125,Leuciscus aspius,2011-01-01
CZ0424125,Leucorrhinia pectoralis,2024-08-06
CZ0424125,Lucanus cervus,2018-09-15
CZ0424125,Lutra lutra,2026-01-19
CZ0424125,Lycaena dispar,2022-06-10
CZ0424125,Lynx lynx,2018-03-20
CZ0424125,Myotis alcathoe/emarginatus,2022-09-23
CZ0424125,Myotis bechsteinii,2021-01-29
CZ0424125,Myotis myotis,2025-09-01
CZ0424125,Myotis sp.,2025-06-25
CZ0424125,Ophiogomphus cecilia,2021-08-21
CZ0424125,Orthotrichum rogeri,2015-09-12
CZ0424125,Phengaris nausithous,2025-08-21
CZ0424125,Pulsatilla patens,2025-05-28
CZ0424125,Rhinolophus hipposideros,2023-08-08
CZ0424125,Rumex sp.,2009-06-23
CZ0424125,Salmo salar,2023-10-29
CZ0424125,Salmo trutta,2020-07-26
CZ0424125,Sanguisorba officinalis,2024-06-18
CZ0424125,Scardinius erythrophthalmus,2025-07-03
CZ0424125,Succisa pratensis,2025-06-13
CZ0424125,Triturus cristatus,2025-08-15
CZ0424125,Unio crassus,2024-08-25
CZ0424125,Vertigo angustior,2015-10-10
CZ0424127,Barbastella barbastellus,2022-10-04
CZ0424127,Canis lupus,2025-03-30
CZ0424127,Carabus menetriesi pacholei,2023-06-01
CZ0424127,Castor fiber,2009-01-01
CZ0424127,Cottus gobio,2015-09-01
CZ0424127,Cucujus cinnaberinus,2021-10-10
CZ0424127,Euplagia quadripunctaria,2025-08-20
CZ0424127,Lampetra planeri,2015-09-01
CZ0424127,Limoniscus violaceus,2021-10-10
CZ0424127,Lucanus cervus,2022-08-29
CZ0424127,Lutra lutra,2020-04-10
CZ0424127,Myotis alcathoe/emarginatus,2022-07-28
CZ0424127,Myotis bechsteinii,2017-08-25
CZ0424127,Myotis emarginatus,2022-02-06
CZ0424127,Myotis myotis,2022-10-04
CZ0424127,Myotis sp.,2022-02-06
CZ0424127,Ophiogomphus cecilia,2022-09-15
CZ0424127,Osmoderma barnabita,2021-10-10
CZ0424127,Phengaris nausithous,2024-07-13
CZ0424127,Phengaris teleius,2010-07-28
CZ0424127,Rhinolophus hipposideros,2022-07-28
CZ0424127,Salmo trutta,2022-10-02
CZ0424127,Sanguisorba officinalis,2023-08-28
CZ0424127,Scardinius erythrophthalmus,2019-06-07
CZ0424127,Succisa pratensis,2023-10-12
CZ0424127,Triturus cristatus,2011-04-22
CZ0424129,Barbastella barbastellus,2011-09-06
CZ0424129,Chazara briseis,1995-01-01
CZ0424129,Cypripedium calceolus,2024-05-21
CZ0424129,Euplagia quadripunctaria,2025-08-21
CZ0424129,Lucanus cervus,2024-07-06
CZ0424129,Lycaena dispar,2015-07-06
CZ0424129,Myotis myotis,2015-10-24
CZ0424129,Rhinolophus hipposideros,2011-06-22
CZ0424129,Sanguisorba officinalis,2021-08-02
CZ0424133,Sanguisorba officinalis,2022-09-22
CZ0424134,Hipparchia semele,1995-01-01
CZ0424135,Sanguisorba officinalis,2021-06-20
CZ0424138,Barbastella barbastellus,2023-08-24
CZ0424138,Castor fiber,2021-01-23
CZ0424138,Cucujus cinnaberinus,2021-03-31
CZ0424138,Lutra lutra,2026-01-18
CZ0424138,Myotis myotis,2023-08-24
CZ0424138,Osmoderma barnabita,2018-10-26
CZ0424138,Unio crassus,2016-08-12
CZ0424139,Cucujus cinnaberinus,2015-05-13
CZ0424139,Hipparchia semele,1995-01-01
CZ0424139,Sanguisorba officinalis,2005-06-08
CZ0424140,Barbastella barbastellus,2023-08-24
CZ0424140,Cucujus cinnaberinus,2011-11-23
CZ0424140,Myotis myotis,2023-08-24
CZ0424141,Abramis brama,2025-11-26
CZ0424141,Ameiurus nebulosus,2025-07-22
CZ0424141,Barbastella barbastellus,2011-12-21
CZ0424141,Blicca bjoerkna,2018-10-20
CZ0424141,Bombina bombina,2009-04-30
CZ0424141,Canis lupus,2025-09-20
CZ0424141,Castor fiber,2026-02-03
CZ0424141,Chazara briseis,1995-01-01
CZ0424141,Cottus gobio,2025-08-21
CZ0424141,Cucujus cinnaberinus,2023-11-16
CZ0424141,Epidalea calamita,2008-05-03
CZ0424141,Euplagia quadripunctaria,2023-08-18
CZ0424141,Leuciscus aspius,2025-08-21
CZ0424141,Lucanus cervus,2025-07-17
CZ0424141,Lutra lutra,2024-07-26
CZ0424141,Lycaena dispar,2021-09-03
CZ0424141,Lynx lynx,2021-11-16
CZ0424141,Myotis bechsteinii,2025-08-25
CZ0424141,Myotis myotis,2026-02-06
CZ0424141,Ophiogomphus cecilia,2021-08-11
CZ0424141,Phengaris nausithous,2025-07-26
CZ0424141,Phengaris teleius,2025-07-26
CZ0424141,Rhinolophus hipposideros,2026-02-06
CZ0424141,Rhodeus amarus,2022-10-29
CZ0424141,Romanogobio belingi,2011-09-14
CZ0424141,Rumex sp.,2018-08-16
CZ0424141,Salmo salar,2010-07-21
CZ0424141,Salmo trutta,2013-09-23
CZ0424141,Sanguisorba officinalis,2023-07-25
CZ0424141,Scardinius erythrophthalmus,2021-09-03
CZ0424141,Stipa glabrata,2010-01-01
CZ0424141,Succisa pratensis,2012-09-09
CZ0424141,Trichomanes speciosum,2002-05-02
CZ0424141,Triturus cristatus,2006-08-09
CZ0424141,Unio crassus,2019-10-20
CZ0510028,Barbastella barbastellus,2015-07-05
CZ0510028,Euplagia quadripunctaria,2024-08-13
CZ0510028,Hipparchia semele,1995-01-01
CZ0510028,Myotis myotis,2009-08-31
CZ0510028,Ophiogomphus cecilia,2017-08-18
CZ0510028,Trichomanes speciosum,2021-05-19
CZ0510164,Myotis bechsteinii,2015-05-12
CZ0510164,Myotis myotis,2025-01-17
CZ0510164,Rhinolophus hipposideros,2025-01-17
CZ0510164,Scardinius erythrophthalmus,2024-08-01
CZ0510191,Barbastella barbastellus,2025-09-12
CZ0510191,Bombina bombina,2003-04-02
CZ0510191,Canis lupus,2020-05-03
CZ0510191,Cottus gobio,2024-07-04
CZ0510191,Cypripedium calceolus,2024-05-14
CZ0510191,Himantoglossum adriaticum,2016-06-12
CZ0510191,Lampetra planeri,2015-10-23
CZ0510191,Lemna trisulca,2009-08-14
CZ0510191,Lutra lutra,2020-01-22
CZ0510191,Myotis alcathoe/emarginatus,2024-08-27
CZ0510191,Myotis bechsteinii,2025-09-12
CZ0510191,Myotis emarginatus,2024-08-08
CZ0510191,Myotis myotis,2025-09-12
CZ0510191,Myotis sp.,2023-01-14
CZ0510191,Phengaris nausithous,2025-07-19
CZ0510191,Rhinolophus ferrumequinum,2023-01-14
CZ0510191,Rhinolophus hipposideros,2025-08-21
CZ0510191,Rhodeus amarus,2004-01-01
CZ0510191,Salmo trutta,2024-07-04
CZ0510191,Sanguisorba officinalis,2024-07-18
CZ0510191,Trichomanes speciosum,2021-07-29
CZ0510400,Barbastella barbastellus,2023-01-26
CZ0510400,Canis lupus,2025-12-08
CZ0510400,Cottus gobio,1950-01-01
CZ0510400,Lampetra planeri,2014-09-26
CZ0510400,Lutra lutra,2024-04-09
CZ0510400,Lynx lynx,2018-03-02
CZ0510400,Myotis bechsteinii,2014-03-22
CZ0510400,Myotis emarginatus,2014-04-05
CZ0510400,Myotis myotis,2023-01-26
CZ0510400,Myotis sp.,2021-02-01
CZ0510400,Phengaris nausithous,2007-07-01
CZ0510400,Salmo trutta,2025-10-18
CZ0510402,Canis lupus,2023-08-02
CZ0510402,Hipparchia semele,2004-08-12
CZ0510402,Lampetra planeri,2014-09-26
CZ0510402,Lutra lutra,2022-10-28
CZ0510402,Lynx lynx,2012-03-14
CZ0510402,Salmo trutta,2023-06-24
CZ0510403,Hipparchia semele,2004-08-12
CZ0510405,Canis lupus,2025-06-26
CZ0510405,Lutra lutra,2012-12-21
CZ0510405,Salmo trutta,2004-01-01
CZ0510405,Sanguisorba officinalis,2004-06-22
CZ0510408,Hipparchia semele,2004-08-12
CZ0510412,Canis lupus,2025-12-18
CZ0510412,Hipparchia semele,2004-08-12
CZ0510412,Lutra lutra,2018-02-21
CZ0510415,Canis lupus,2025-08-13
CZ0510415,Hipparchia semele,2004-08-12
CZ0510415,Lampetra planeri,2014-10-04
CZ0510415,Lutra lutra,2022-07-01
CZ0510415,Lycaena dispar,2015-07-17
CZ0510415,Rumex sp.,2020-08-13
CZ0510415,Salmo trutta,2014-10-04
CZ0510415,Succisa pratensis,2009-10-29
CZ0510441,Cottus gobio,2021-08-12
CZ0510441,Phengaris nausithous,2010-08-11
CZ0510441,Phengaris teleius,2010-07-27
CZ0510441,Sanguisorba officinalis,2014-05-23
CZ0510508,Ameiurus melas,2024-07-30
CZ0510508,Ameiurus nebulosus,2024-07-30
CZ0510508,Euplagia quadripunctaria,2025-08-07
CZ0510508,Myotis myotis,2006-01-01
CZ0510508,Ophiogomphus cecilia,2006-07-22
CZ0510508,Sanguisorba officinalis,2001-07-01
CZ0510509,Barbastella barbastellus,2022-07-26
CZ0510509,Canis lupus,2022-08-14
CZ0510509,Dicranum viride,2022-06-08
CZ0510509,Euplagia quadripunctaria,2025-08-08
CZ0510509,Myotis myotis,2022-07-26
CZ0512100,Barbastella barbastellus,2020-09-12
CZ0512100,Canis lupus,2025-03-04
CZ0512100,Cucujus cinnaberinus,2022-04-22
CZ0512100,Lutra lutra,2007-01-01
CZ0512100,Myotis alcathoe/emarginatus,2020-06-15
CZ0512100,Myotis myotis,2012-06-21
CZ0512100,Myotis sp.,2020-06-15
CZ0512100,Rhinolophus hipposideros,2020-06-15
CZ0512100,Trichomanes speciosum,2025-11-25
CZ0513237,Bombina bombina,2025-08-12
CZ0513237,Leucorrhinia pectoralis,2022-05-31
CZ0513237,Lycaena dispar,2024-08-16
CZ0513237,Phengaris nausithous,2024-07-25
CZ0513237,Phengaris teleius,2024-07-25
CZ0513237,Sanguisorba officinalis,2023-07-28
CZ0513237,Succisa pratensis,2023-07-28
CZ0513237,Triturus cristatus,2024-05-07
CZ0513238,Bombina bombina,2025-05-21
CZ0513238,Leucorrhinia pectoralis,2007-06-15
CZ0513240,Leucorrhinia pectoralis,2025-06-20
CZ0513240,Triturus cristatus,2025-04-15
CZ0513244,Bombina bombina,2025-06-20
CZ0513244,Leucorrhinia pectoralis,2025-06-20
CZ0513244,Lutra lutra,2020-10-08
CZ0513244,Sanguisorba officinalis,2008-08-05
CZ0513244,Succisa pratensis,2008-08-05
CZ0513244,Triturus cristatus,2024-05-07
CZ0513249,Triturus cristatus,2025-08-28
CZ0513251,Cottus gobio,2023-09-09
CZ0513251,Lutra lutra,2006-10-24
CZ0513251,Salmo trutta,2015-10-12
CZ0513254,Lampetra planeri,2023-08-13
CZ0513254,Salmo trutta,2022-10-18
CZ0513255,Euplagia quadripunctaria,2020-08-13
CZ0513255,Osmoderma barnabita,2023-07-24
CZ0513255,Rosalia alpina,2024-07-12
CZ0513256,Abramis brama,2022-05-30
CZ0513256,Castor fiber,2024-11-03
CZ0513256,Cottus gobio,2023-11-10
CZ0513256,Lampetra planeri,2023-09-09
CZ0513256,Lemna trisulca,2014-08-15
CZ0513256,Leuciscus aspius,2004-01-01
CZ0513256,Leucorrhinia pectoralis,2015-06-14
CZ0513256,Lutra lutra,2025-12-11
CZ0513256,Ophiogomphus cecilia,2025-10-23
CZ0513256,Phengaris nausithous,2019-08-01
CZ0513256,Salmo trutta,2022-10-22
CZ0513256,Sanguisorba officinalis,2014-08-22
CZ0513256,Scardinius erythrophthalmus,2024-11-04
CZ0513256,Succisa pratensis,2014-08-09
CZ0513256,Triturus cristatus,2025-06-07
CZ0513257,Bombina bombina,2025-05-21
CZ0513257,Leucorrhinia pectoralis,2020-06-04
CZ0513257,Lutra lutra,2020-06-27
CZ0513257,Sanguisorba officinalis,2008-08-02
CZ0513505,Abramis brama,2019-04-22
CZ0513505,Barbastella barbastellus,2024-08-31
CZ0513505,Bombina bombina,2025-07-25
CZ0513505,Castor fiber,2025-06-28
CZ0513505,Cottus gobio,2022-10-26
CZ0513505,Cucujus cinnaberinus,2017-03-28
CZ0513505,Euplagia quadripunctaria,2020-08-04
CZ0513505,Leuciscus aspius,2022-04-13
CZ0513505,Leucorrhinia pectoralis,2024-06-24
CZ0513505,Lutra lutra,2026-01-18
CZ0513505,Lycaena dispar,2025-06-13
CZ0513505,Ophiogomphus cecilia,2024-08-24
CZ0513505,Osmoderma barnabita,2025-07-03
CZ0513505,Phengaris nausithous,2025-08-31
CZ0513505,Phengaris teleius,2025-08-13
CZ0513505,Rumex sp.,2015-06-11
CZ0513505,Salmo salar,2023-10-22
CZ0513505,Salmo trutta,2011-01-01
CZ0513505,Sanguisorba officinalis,2018-06-16
CZ0513505,Scardinius erythrophthalmus,2021-09-03
CZ0513505,Succisa pratensis,2014-09-30
CZ0513505,Triturus cristatus,2024-05-07
CZ0513505,Vertigo angustior,2007-04-15
CZ0513506,Abramis brama,2017-09-28
CZ0513506,Ameiurus nebulosus,2024-08-17
CZ0513506,Barbastella barbastellus,2022-06-24
CZ0513506,Blicca bjoerkna,2022-09-06
CZ0513506,Bombina bombina,2013-06-11
CZ0513506,Canis lupus,2026-02-05
CZ0513506,Castor fiber,2026-02-05
CZ0513506,Cottus gobio,2023-08-31
CZ0513506,Cucujus cinnaberinus,2022-03-21
CZ0513506,Euplagia quadripunctaria,2019-08-01
CZ0513506,Graphoderus bilineatus,2022-09-25
CZ0513506,Hamatocaulis vernicosus,2001-01-01
CZ0513506,Hipparchia semele,1995-01-01
CZ0513506,Lampetra planeri,2016-06-21
CZ0513506,Lemna trisulca,2023-05-12
CZ0513506,Leuciscus aspius,2004-01-01
CZ0513506,Leucorrhinia pectoralis,2025-06-17
CZ0513506,Lutra lutra,2026-02-05
CZ0513506,Lycaena dispar,2021-06-21
CZ0513506,Myotis myotis,2022-08-09
CZ0513506,Myotis sp.,2017-07-31
CZ0513506,Ophiogomphus cecilia,2025-08-06
CZ0513506,Phengaris nausithous,2025-08-14
CZ0513506,Phengaris teleius,2025-08-06
CZ0513506,Salmo salar,2023-10-15
CZ0513506,Salmo trutta,2020-06-24
CZ0513506,Sanguisorba officinalis,2024-08-27
CZ0513506,Scardinius erythrophthalmus,2024-09-29
CZ0513506,Succisa pratensis,2018-08-16
CZ0513506,Triturus cristatus,2014-06-09
CZ0513506,Vertigo angustior,2012-11-10
CZ0513506,Vertigo moulinsiana,2023-11-24
CZ0513508,Ameiurus melas,2025-09-27
CZ0513508,Osmoderma barnabita,2025-08-30
CZ0513509,Cottus gobio,2022-10-25
CZ0513509,Lampetra planeri,2023-11-02
CZ0513509,Lutra lutra,2024-04-23
CZ0513509,Ophiogomphus cecilia,2023-07-13
CZ0513509,Salmo trutta,2022-10-23
CZ0513657,Lutra lutra,2014-12-18
CZ0513657,Myotis myotis,2025-02-03
CZ0513658,Myotis myotis,2022-06-15
CZ0513659,Myotis myotis,2018-06-08
CZ0513659,Rhinolophus hipposideros,2014-06-20
CZ0513662,Barbastella barbastellus,2025-02-10
CZ0513662,Myotis emarginatus,2015-02-24
CZ0513662,Myotis myotis,2025-02-10
CZ0513662,Myotis sp.,2015-02-24
CZ0513662,Rhinolophus hipposideros,2025-06-27
CZ0513663,Myotis emarginatus,2022-07-05
CZ0513663,Myotis myotis,2020-07-11
CZ0513663,Rhinolophus hipposideros,2022-07-05
CZ0513665,Barbastella barbastellus,2022-01-28
CZ0513665,Myotis myotis,2022-01-28
CZ0513665,Rhinolophus hipposideros,2022-01-28
CZ0513666,Rhinolophus hipposideros,2005-07-11
CZ0513668,Myotis myotis,2014-08-06
CZ0514041,Ameiurus melas,2024-07-31
CZ0514041,Ameiurus nebulosus,2024-07-31
CZ0514041,Barbastella barbastellus,2024-02-02
CZ0514041,Canis lupus,2022-01-26
CZ0514041,Myotis bechsteinii,2004-09-03
CZ0514041,Myotis emarginatus,2020-09-04
CZ0514041,Myotis myotis,2025-01-31
CZ0514041,Myotis sp.,2012-01-27
CZ0514041,Ophiogomphus cecilia,2006-08-10
CZ0514041,Rhinolophus hipposideros,2025-01-31
CZ0514042,Abramis brama,2024-09-26
CZ0514042,Aldrovanda vesiculosa,2024-07-25
CZ0514042,Ameiurus melas,2024-09-26
CZ0514042,Ameiurus nebulosus,2024-09-26
CZ0514042,Barbastella barbastellus,2022-09-16
CZ0514042,Blicca bjoerkna,2024-09-26
CZ0514042,Bombina bombina,2005-05-11
CZ0514042,Canis lupus,2026-01-27
CZ0514042,Castor fiber,2022-01-24
CZ0514042,Cottus gobio,2023-10-11
CZ0514042,Cypripedium calceolus,2023-06-05
CZ0514042,Epidalea calamita,2005-05-11
CZ0514042,Euplagia quadripunctaria,2022-07-30
CZ0514042,Graphoderus bilineatus,2022-08-03
CZ0514042,Hamatocaulis vernicosus,2025-09-25
CZ0514042,Hipparchia semele,1995-01-01
CZ0514042,Lemna trisulca,2022-09-15
CZ0514042,Leucorrhinia pectoralis,2023-06-22
CZ0514042,Ligularia sibirica,2025-10-21
CZ0514042,Liparis loeselii,2025-06-23
CZ0514042,Lutra lutra,2023-02-27
CZ0514042,Lycaena dispar,2019-08-01
CZ0514042,Myotis alcathoe/emarginatus,2022-09-16
CZ0514042,Myotis bechsteinii,2014-06-30
CZ0514042,Myotis emarginatus,2022-07-19
CZ0514042,Myotis myotis,2020-08-09
CZ0514042,Myotis sp.,2017-07-31
CZ0514042,Ophiogomphus cecilia,2025-07-14
CZ0514042,Osmoderma barnabita,2023-06-27
CZ0514042,Phengaris nausithous,2022-07-15
CZ0514042,Phengaris teleius,2023-07-11
CZ0514042,Pulsatilla patens,2025-04-08
CZ0514042,Rhinolophus hipposideros,2012-06-21
CZ0514042,Rosalia alpina,2024-06-30
CZ0514042,Rumex sp.,2019-10-14
CZ0514042,Sanguisorba officinalis,2022-07-19
CZ0514042,Scardinius erythrophthalmus,2025-10-30
CZ0514042,Succisa pratensis,2022-07-24
CZ0514042,Trichomanes speciosum,2022-05-20
CZ0514042,Triturus cristatus,2019-08-27
CZ0514042,Vertigo angustior,2022-07-09
CZ0514042,Vertigo moulinsiana,2024-11-21
CZ0514113,Ameiurus nebulosus,2025-11-14
CZ0514113,Barbastella barbastellus,2020-09-20
CZ0514113,Bombina bombina,2025-05-01
CZ0514113,Canis lupus,2024-12-29
CZ0514113,Cobitis elongatoides,2025-11-14
CZ0514113,Cobitis sp.,2023-10-23
CZ0514113,Cucujus cinnaberinus,2022-08-30
CZ0514113,Hamatocaulis vernicosus,2025-09-28
CZ0514113,Lampetra planeri,2000-01-01
CZ0514113,Lemna trisulca,2011-06-16
CZ0514113,Leuciscus aspius,2022-08-29
CZ0514113,Liparis loeselii,2025-06-12
CZ0514113,Lutra lutra,2025-11-13
CZ0514113,Myotis alcathoe/emarginatus,2020-09-21
CZ0514113,Myotis emarginatus,2020-07-11
CZ0514113,Myotis myotis,2020-09-21
CZ0514113,Myotis sp.,2020-09-21
CZ0514113,Phengaris nausithous,2022-07-23
CZ0514113,Phengaris teleius,2022-07-23
CZ0514113,Rhinolophus hipposideros,2025-07-10
CZ0514113,Sanguisorba officinalis,2022-08-04
CZ0514113,Scardinius erythrophthalmus,2024-11-15
CZ0514113,Succisa pratensis,2025-07-15
CZ0514113,Trichomanes speciosum,2020-09-18
CZ0514113,Triturus cristatus,2025-04-23
CZ0514243,Barbastella barbastellus,2024-07-03
CZ0514243,Euplagia quadripunctaria,2018-08-07
CZ0514243,Myotis bechsteinii,2025-08-27
CZ0514243,Myotis emarginatus,2025-08-27
CZ0514243,Myotis myotis,2025-08-27
CZ0514243,Ophiogomphus cecilia,2006-07-26
CZ0514243,Osmoderma barnabita,2020-07-25
CZ0514243,Rhinolophus hipposideros,2025-08-27
CZ0514243,Rosalia alpina,2025-07-15
CZ0514667,Barbastella barbastellus,2005-12-30
CZ0514667,Myotis emarginatus,2024-02-01
CZ0514667,Myotis myotis,2025-02-05
CZ0514667,Rhinolophus hipposideros,2025-02-05
CZ0514668,Barbastella barbastellus,2019-08-09
CZ0514668,Lycaena dispar,2009-07-04
CZ0514668,Myotis bechsteinii,2019-08-30
CZ0514668,Myotis emarginatus,2019-08-22
CZ0514668,Myotis myotis,2019-08-30
CZ0514668,Myotis sp.,2021-02-14
CZ0514668,Rhinolophus hipposideros,2025-01-01
CZ0514669,Abramis brama,2022-01-06
CZ0514669,Ameiurus nebulosus,2022-01-06
CZ0514669,Leucorrhinia pectoralis,2021-06-15
CZ0514669,Liparis loeselii,2005-06-14
CZ0514669,Phengaris nausithous,2021-07-13
CZ0514669,Phengaris teleius,2021-07-13
CZ0514669,Sanguisorba officinalis,2022-06-02
CZ0514669,Succisa pratensis,2012-09-13
CZ0514669,Vertigo moulinsiana,2024-11-28
CZ0514670,Barbastella barbastellus,2023-08-17
CZ0514670,Canis lupus,2024-11-30
CZ0514670,Cottus gobio,2023-08-31
CZ0514670,Cucujus cinnaberinus,2021-04-30
CZ0514670,Lemna trisulca,2013-06-19
CZ0514670,Lutra lutra,2023-11-17
CZ0514670,Lycaena dispar,2022-06-22
CZ0514670,Myotis bechsteinii,2023-08-17
CZ0514670,Myotis myotis,2020-08-21
CZ0514670,Osmoderma barnabita,2022-11-29
CZ0514670,Phengaris nausithous,2023-07-27
CZ0514670,Phengaris teleius,2023-07-27
CZ0514670,Rhinolophus hipposideros,2020-08-21
CZ0514670,Sanguisorba officinalis,2014-05-23
CZ0514670,Trichomanes speciosum,2025-02-07
CZ0514670,Vertigo angustior,2020-09-30
CZ0514670,Vertigo moulinsiana,2020-09-30
CZ0514672,Buxbaumia viridis,2016-10-01
CZ0514672,Cottus gobio,2023-09-24
CZ0514672,Lampetra planeri,2022-10-29
CZ0514672,Lutra lutra,2020-05-09
CZ0514672,Ophiogomphus cecilia,2021-08-18
CZ0514672,Rumex sp.,2016-05-28
CZ0514672,Salmo trutta,2023-07-06
CZ0514672,Succisa pratensis,2008-08-06
CZ0515001,Hamatocaulis vernicosus,2019-10-04
CZ0520008,Myotis bechsteinii,2015-05-17
CZ0520009,Phengaris nausithous,2021-07-20
CZ0520009,Phengaris teleius,2021-07-20
CZ0520009,Sanguisorba officinalis,2016-06-29
CZ0520009,Succisa pratensis,2016-07-18
CZ0520022,Bombina bombina,2024-05-10
CZ0520022,Lutra lutra,2023-03-10
CZ0520022,Lycaena dispar,2018-07-27
CZ0520022,Phengaris teleius,2015-07-29
CZ0520022,Sanguisorba officinalis,2019-04-30
CZ0520022,Succisa pratensis,2019-04-30
CZ0520022,Triturus cristatus,2005-03-28
CZ0520028,Abramis brama,2004-01-01
CZ0520028,Barbastella barbastellus,2013-07-25
CZ0520028,Bombina bombina,2020-06-09
CZ0520028,Cottus gobio,2020-09-18
CZ0520028,Lampetra planeri,2020-09-18
CZ0520028,Leuciscus aspius,2004-01-01
CZ0520028,Lutra lutra,2016-05-01
CZ0520028,Ophiogomphus cecilia,2004-08-04
CZ0520028,Osmoderma barnabita,2011-08-07
CZ0520028,Phengaris nausithous,2023-07-21
CZ0520028,Phengaris teleius,2023-07-21
CZ0520028,Salmo trutta,2020-09-18
CZ0520028,Sanguisorba officinalis,2024-05-09
CZ0520028,Vertigo angustior,2021-10-01
CZ0520030,Lutra lutra,2007-01-01
CZ0520030,Myotis myotis,2012-06-21
CZ0520030,Sanguisorba officinalis,2021-06-16
CZ0520030,Succisa pratensis,2006-09-21
CZ0520030,Triturus cristatus,2008-04-20
CZ0520038,Bombina bombina,2022-06-12
CZ0520038,Lucanus cervus,2024-03-24
CZ0520038,Myotis emarginatus,2007-07-06
CZ0520038,Osmoderma barnabita,2005-07-18
CZ0520038,Triturus cristatus,2008-03-17
CZ0520178,Barbastella barbastellus,2022-01-16
CZ0520178,Lampetra planeri,2004-01-01
CZ0520178,Myotis emarginatus,2001-01-01
CZ0520178,Myotis sp.,2020-01-30
CZ0520178,Phengaris teleius,2011-07-13
CZ0520178,Salmo trutta,2004-01-01
CZ0520178,Sanguisorba officinalis,2015-09-03
CZ0520178,Triturus cristatus,2025-07-05
CZ0520184,Bombina bombina,2015-03-01
CZ0520184,Sanguisorba officinalis,2009-05-07
CZ0520184,Succisa pratensis,2012-05-19
CZ0520507,Sanguisorba officinalis,2019-07-01
CZ0520508,Barbastella barbastellus,2015-05-01
CZ0520508,Lutra lutra,2015-05-01
CZ0520508,Myotis myotis,2015-05-01
CZ0520508,Phengaris nausithous,2021-07-19
CZ0520508,Sanguisorba officinalis,2021-07-19
CZ0520511,Sanguisorba officinalis,2015-07-17
CZ0520518,Barbastella barbastellus,2022-12-17
CZ0520518,Canis lupus,2025-01-26
CZ0520518,Lynx lynx,2021-02-08
CZ0520518,Rhinolophus hipposideros,2013-08-27
CZ0520518,Sanguisorba officinalis,2019-06-18
CZ0520519,Abramis brama,2021-07-03
CZ0520519,Barbastella barbastellus,2015-06-11
CZ0520519,Canis lupus,2025-07-25
CZ0520519,Cottus gobio,2023-07-12
CZ0520519,Lampetra planeri,2004-01-01
CZ0520519,Leucorrhinia pectoralis,2022-06-11
CZ0520519,Lutra lutra,2021-07-28
CZ0520519,Lynx lynx,2013-02-17
CZ0520519,Myotis myotis,2025-01-08
CZ0520519,Myotis sp.,2023-01-14
CZ0520519,Rhinolophus hipposideros,2013-08-18
CZ0520519,Salmo trutta,2013-10-19
CZ0520519,Sanguisorba officinalis,2020-07-14
CZ0520519,Succisa pratensis,2003-09-22
CZ0520600,Barbastella barbastellus,2015-09-03
CZ0520600,Canis lupus,2026-01-18
CZ0520600,Cottus gobio,2009-06-09
CZ0520600,Hamatocaulis vernicosus,2001-01-01
CZ0520600,Leucorrhinia pectoralis,2022-06-10
CZ0520600,Lutra lutra,2024-05-03
CZ0520600,Lycaena dispar,2017-06-24
CZ0520600,Lynx lynx,2009-08-18
CZ0520600,Myotis myotis,2015-09-03
CZ0520600,Ophiogomphus cecilia,2004-07-30
CZ0520600,Phengaris nausithous,2020-07-28
CZ0520600,Phengaris teleius,2020-07-19
CZ0520600,Rumex sp.,2022-06-12
CZ0520600,Salmo trutta,2019-09-24
CZ0520600,Sanguisorba officinalis,2025-05-10
CZ0520603,Cottus gobio,2023-07-27
CZ0520603,Phengaris nausithous,2021-08-25
CZ0520603,Sanguisorba officinalis,2022-07-01
CZ0520604,Barbastella barbastellus,2015-06-27
CZ0520604,Cottus gobio,2023-10-24
CZ0520604,Lampetra planeri,2024-09-11
CZ0520604,Lutra lutra,2020-07-31
CZ0520604,Myotis bechsteinii,2015-06-27
CZ0520604,Myotis emarginatus,2022-02-10
CZ0520604,Myotis myotis,2025-02-18
CZ0520604,Rhinolophus hipposideros,2025-02-18
CZ0520604,Salmo trutta,2023-10-24
CZ0520604,Sanguisorba officinalis,2017-10-12
CZ0522002,Cypripedium calceolus,2022-05-19
CZ0522127,Adenophora liliifolia,2024-07-25
CZ0522129,Cypripedium calceolus,2024-05-14
CZ0523002,Bombina bombina,2025-06-26
CZ0523002,Lemna trisulca,2012-06-18
CZ0523002,Triturus cristatus,2020-05-27
CZ0523003,Bombina bombina,2025-06-13
CZ0523003,Lemna trisulca,2015-08-15
CZ0523003,Lutra lutra,2018-04-04
CZ0523003,Triturus cristatus,2025-06-13
CZ0523005,Bombina bombina,2024-08-19
CZ0523006,Coenagrion ornatum,2025-06-01
CZ0523006,Lutra lutra,2016-10-29
CZ0523006,Lycaena dispar,2025-06-01
CZ0523006,Sanguisorba officinalis,2015-06-14
CZ0523007,Cottus gobio,2023-10-17
CZ0523007,Lampetra planeri,2023-10-17
CZ0523007,Lutra lutra,2022-07-28
CZ0523007,Myotis myotis,2015-05-10
CZ0523007,Ophiogomphus cecilia,2022-06-26
CZ0523007,Salmo trutta,2022-10-06
CZ0523007,Sanguisorba officinalis,2007-10-05
CZ0523009,Barbastella barbastellus,2016-01-27
CZ0523009,Rhinolophus hipposideros,2025-02-25
CZ0523010,Bombina bombina,2024-08-21
CZ0523010,Epidalea calamita,2024-05-03
CZ0523010,Hipparchia semele,1995-01-01
CZ0523010,Leucorrhinia pectoralis,2021-06-24
CZ0523010,Lycaena dispar,2021-09-05
CZ0523010,Myotis myotis,2020-06-12
CZ0523010,Ophiogomphus cecilia,2010-06-13
CZ0523010,Osmoderma barnabita,2017-11-04
CZ0523010,Phengaris nausithous,2021-08-06
CZ0523010,Phengaris teleius,2025-07-10
CZ0523010,Sanguisorba officinalis,2025-09-15
CZ0523010,Succisa pratensis,2025-09-15
CZ0523010,Triturus cristatus,2025-07-31
CZ0523010,Vertigo angustior,2006-11-15
CZ0523011,Bombina bombina,2025-05-15
CZ0523011,Triturus cristatus,2025-08-05
CZ0523014,Phengaris nausithous,2025-08-06
CZ0523014,Phengaris teleius,2025-08-06
CZ0523014,Sanguisorba officinalis,2019-06-16
CZ0523264,Ameiurus nebulosus,2004-01-01
CZ0523264,Blicca bjoerkna,2004-01-01
CZ0523264,Lampetra planeri,1950-01-01
CZ0523264,Leuciscus aspius,2004-01-01
CZ0523264,Lutra lutra,2025-08-13
CZ0523264,Osmoderma barnabita,2016-06-23
CZ0523264,Rhodeus amarus,2004-01-01
CZ0523264,Salmo trutta,2004-01-01
CZ0523264,Sanguisorba officinalis,2010-05-20
CZ0523264,Scardinius erythrophthalmus,2004-01-01
CZ0523264,Unio crassus,2025-08-13
CZ0523265,Barbastella barbastellus,2025-05-20
CZ0523265,Bombina bombina,2025-07-14
CZ0523265,Leucorrhinia pectoralis,2003-06-22
CZ0523265,Rumex sp.,2010-01-01
CZ0523265,Sanguisorba officinalis,2025-04-04
CZ0523265,Triturus cristatus,2025-07-14
CZ0523266,Ameiurus nebulosus,2025-07-23
CZ0523266,Hipparchia semele,1995-01-01
CZ0523266,Lemna trisulca,2008-09-26
CZ0523266,Myotis myotis,2015-05-08
CZ0523266,Sanguisorba officinalis,2020-05-05
CZ0523266,Succisa pratensis,2017-05-17
CZ0523266,Vertigo angustior,2019-08-14
CZ0523267,Ameiurus melas,2024-05-30
CZ0523267,Ameiurus nebulosus,2024-05-30
CZ0523267,Barbastella barbastellus,2015-09-07
CZ0523267,Canis lupus,2024-02-27
CZ0523267,Castor fiber,2025-07-03
CZ0523267,Cottus gobio,2023-10-23
CZ0523267,Lampetra planeri,2021-09-21
CZ0523267,Lutra lutra,2026-01-14
CZ0523267,Lycaena dispar,2024-06-15
CZ0523267,Myotis myotis,2015-09-07
CZ0523267,Phengaris nausithous,2020-08-01
CZ0523267,Phengaris teleius,2020-08-01
CZ0523267,Salmo trutta,2021-09-21
CZ0523267,Sanguisorba officinalis,2024-06-25
CZ0523267,Succisa pratensis,2020-07-19
CZ0523268,Bombina bombina,2024-08-17
CZ0523268,Osmoderma barnabita,2017-03-21
CZ0523268,Phengaris nausithous,2022-07-07
CZ0523268,Phengaris teleius,2022-07-07
CZ0523268,Sanguisorba officinalis,2021-06-15
CZ0523268,Succisa pratensis,2021-06-15
CZ0523268,Triturus cristatus,2012-01-01
CZ0523273,Abramis brama,2004-01-01
CZ0523273,Bombina bombina,2008-04-29
CZ0523273,Leuciscus aspius,2004-01-01
CZ0523273,Lutra lutra,2015-09-14
CZ0523273,Myotis myotis,2009-06-06
CZ0523273,Phengaris nausithous,2013-07-18
CZ0523273,Phengaris teleius,2005-07-28
CZ0523273,Salmo trutta,2004-01-01
CZ0523273,Sanguisorba officinalis,2025-05-10
CZ0523273,Scardinius erythrophthalmus,2004-01-01
CZ0523273,Unio crassus,2025-05-18
CZ0523274,Osmoderma barnabita,2021-08-13
CZ0523275,Phengaris nausithous,2025-08-21
CZ0523275,Phengaris teleius,2025-07-20
CZ0523275,Sanguisorba officinalis,2025-04-14
CZ0523276,Bombina bombina,2025-07-14
CZ0523276,Scardinius erythrophthalmus,2025-10-08
CZ0523276,Triturus cristatus,2025-06-14
CZ0523277,Cottus gobio,2023-09-24
CZ0523277,Lampetra planeri,2015-09-03
CZ0523277,Lutra lutra,2011-10-03
CZ0523277,Salmo trutta,2015-09-03
CZ0523279,Unio crassus,2025-04-05
CZ0523280,Abramis brama,2004-01-01
CZ0523280,Castor fiber,2021-05-22
CZ0523280,Cottus gobio,2022-10-25
CZ0523280,Lampetra planeri,2023-09-16
CZ0523280,Lutra lutra,2026-02-26
CZ0523280,Salmo trutta,2019-09-25
CZ0523280,Sanguisorba officinalis,2018-09-20
CZ0523280,Scardinius erythrophthalmus,2004-01-01
CZ0523282,Bombina bombina,2025-05-31
CZ0523282,Triturus cristatus,2001-05-01
CZ0523283,Cucujus cinnaberinus,2023-03-14
CZ0523283,Euphydryas maturna,2007-06-09
CZ0523283,Lucanus cervus,2023-07-03
CZ0523283,Sanguisorba officinalis,2012-04-01
CZ0523284,Lucanus cervus,2000-01-01
CZ0523284,Osmoderma barnabita,2023-08-03
CZ0523286,Bombina bombina,2025-07-14
CZ0523286,Myotis myotis,2025-07-14
CZ0523286,Sanguisorba officinalis,2010-06-06
CZ0523286,Vertigo angustior,2012-08-21
CZ0523288,Castor fiber,2017-03-20
CZ0523288,Coenagrion ornatum,2025-06-29
CZ0523288,Cucujus cinnaberinus,2025-04-20
CZ0523288,Ophiogomphus cecilia,2019-07-20
CZ0523288,Rhinolophus hipposideros,2016-06-18
CZ0523288,Sanguisorba officinalis,2010-05-29
CZ0523290,Bombina bombina,2013-06-07
CZ0523290,Cucujus cinnaberinus,2018-06-21
CZ0523290,Lemna trisulca,2009-08-15
CZ0523290,Lycaena dispar,2007-08-22
CZ0523290,Ophiogomphus cecilia,2014-07-25
CZ0523290,Osmoderma barnabita,2017-06-09
CZ0523290,Salmo trutta,2004-01-01
CZ0523290,Sanguisorba officinalis,2012-05-30
CZ0523290,Succisa pratensis,2009-08-16
CZ0523290,Triturus cristatus,2013-06-07
CZ0523290,Vertigo moulinsiana,2024-07-27
CZ0523291,Phengaris nausithous,2025-08-21
CZ0523291,Phengaris teleius,2022-07-29
CZ0523291,Sanguisorba officinalis,2025-08-21
CZ0523293,Euphydryas maturna,2007-06-09
CZ0523293,Lucanus cervus,2023-06-21
CZ0523669,Barbastella barbastellus,2017-12-29
CZ0523669,Rhinolophus hipposideros,2017-12-29
CZ0523675,Myotis emarginatus,2025-06-08
CZ0523675,Myotis myotis,2025-06-18
CZ0523675,Rhinolophus hipposideros,2025-06-08
CZ0523676,Barbastella barbastellus,2026-03-09
CZ0523676,Myotis emarginatus,2026-02-13
CZ0523676,Myotis myotis,2026-03-09
CZ0523676,Myotis sp.,2026-03-16
CZ0523676,Rhinolophus hipposideros,2026-03-16
CZ0523676,Triturus cristatus,2024-02-10
CZ0523677,Barbastella barbastellus,2025-01-16
CZ0523677,Myotis bechsteinii,2012-01-09
CZ0523677,Myotis emarginatus,2025-06-08
CZ0523677,Myotis myotis,2025-06-08
CZ0523677,Myotis sp.,2025-01-16
CZ0523677,Rhinolophus hipposideros,2025-06-08
CZ0523680,Barbastella barbastellus,2016-01-09
CZ0523680,Myotis bechsteinii,2018-01-06
CZ0523680,Myotis emarginatus,2026-01-09
CZ0523680,Myotis myotis,2026-01-09
CZ0523680,Rhinolophus hipposideros,2026-01-09
CZ0523682,Barbastella barbastellus,2017-01-12
CZ0523682,Myotis emarginatus,2025-06-08
CZ0523682,Myotis myotis,2013-07-06
CZ0523682,Rhinolophus hipposideros,2025-06-08
CZ0523683,Barbastella barbastellus,2020-01-10
CZ0523683,Myotis bechsteinii,2018-01-05
CZ0523683,Myotis emarginatus,2020-01-10
CZ0523683,Myotis myotis,2020-01-10
CZ0523683,Rhinolophus hipposideros,2020-01-10
CZ0523823,Austropotamobius torrentium,2025-08-30
CZ0523823,Cottus gobio,2023-09-21
CZ0523823,Lampetra planeri,1900-01-01
CZ0523823,Lutra lutra,2025-07-15
CZ0523823,Salmo trutta,2012-07-23
CZ0523824,Hipparchia semele,1995-01-01
CZ0523824,Leucorrhinia pectoralis,2021-07-27
CZ0524044,Austropotamobius torrentium,2024-09-21
CZ0524044,Barbastella barbastellus,2024-12-31
CZ0524044,Buxbaumia viridis,2022-11-05
CZ0524044,Campanula bohemica,2025-08-28
CZ0524044,Canis lupus,2026-03-15
CZ0524044,Cottus gobio,2024-11-05
CZ0524044,Euplagia quadripunctaria,2021-08-13
CZ0524044,Galium sudeticum,2024-07-11
CZ0524044,Gentianella praecox subsp. bohemica,2023-09-30
CZ0524044,Lampetra planeri,2018-10-09
CZ0524044,Lutra lutra,2025-08-11
CZ0524044,Lycaena dispar,2023-06-24
CZ0524044,Lynx lynx,2018-01-20
CZ0524044,Myotis bechsteinii,2018-03-01
CZ0524044,Myotis dasycneme,2008-08-20
CZ0524044,Myotis emarginatus,2025-07-24
CZ0524044,Myotis myotis,2025-07-13
CZ0524044,Pedicularis sudetica,2025-07-08
CZ0524044,Phengaris nausithous,2025-08-28
CZ0524044,Phengaris teleius,2025-07-29
CZ0524044,Rhinolophus hipposideros,2025-07-24
CZ0524044,Rumex sp.,2015-09-12
CZ0524044,Salmo trutta,2024-11-05
CZ0524044,Sanguisorba officinalis,2025-07-10
CZ0524044,Succisa pratensis,2025-09-02
CZ0524045,Bombina bombina,2025-06-27
CZ0524045,Castor fiber,2025-03-22
CZ0524045,Hamatocaulis vernicosus,2001-01-01
CZ0524045,Lutra lutra,2025-03-22
CZ0524045,Lycaena dispar,2010-08-20
CZ0524045,Myotis myotis,2000-01-01
CZ0524045,Ophiogomphus cecilia,2020-07-31
CZ0524045,Phengaris nausithous,2010-07-27
CZ0524045,Rhinolophus hipposideros,2000-01-01
CZ0524045,Sanguisorba officinalis,2023-06-24
CZ0524045,Succisa pratensis,2023-06-24
CZ0524046,Buxbaumia viridis,2015-10-13
CZ0524046,Canis lupus,2026-02-03
CZ0524046,Cottus gobio,2004-01-01
CZ0524046,Gentianella praecox subsp. bohemica,2024-06-21
CZ0524046,Lampetra planeri,2004-01-01
CZ0524046,Ophiogomphus cecilia,2022-07-15
CZ0524046,Phengaris nausithous,2021-07-27
CZ0524046,Rumex sp.,2005-06-09
CZ0524046,Salmo trutta,2004-01-01
CZ0524046,Sanguisorba officinalis,2024-06-21
CZ0524046,Succisa pratensis,2022-08-30
CZ0524047,Barbastella barbastellus,2001-01-01
CZ0524047,Buxbaumia viridis,2024-11-09
CZ0524047,Canis lupus,2025-01-24
CZ0524047,Cottus gobio,2015-09-16
CZ0524047,Cucujus cinnaberinus,2021-01-22
CZ0524047,Lampetra planeri,2004-01-01
CZ0524047,Lutra lutra,2024-04-21
CZ0524047,Myotis emarginatus,2002-01-01
CZ0524047,Ophiogomphus cecilia,2014-07-20
CZ0524047,Phengaris nausithous,2024-07-31
CZ0524047,Salmo trutta,2015-09-16
CZ0524047,Sanguisorba officinalis,2024-05-13
CZ0524047,Succisa pratensis,2006-06-01
CZ0524048,Bombina bombina,2024-07-10
CZ0524048,Lemna trisulca,2010-06-02
CZ0524048,Leucorrhinia pectoralis,2003-06-12
CZ0524048,Liparis loeselii,2024-09-05
CZ0524048,Sanguisorba officinalis,2020-06-28
CZ0524048,Succisa pratensis,2020-06-30
CZ0524048,Triturus cristatus,2020-07-06
CZ0524049,Abramis brama,2024-10-24
CZ0524049,Ameiurus nebulosus,2025-08-27
CZ0524049,Blicca bjoerkna,2014-10-29
CZ0524049,Bombina bombina,2014-06-21
CZ0524049,Castor fiber,2025-05-11
CZ0524049,Cottus gobio,2020-08-28
CZ0524049,Cucujus cinnaberinus,2024-05-25
CZ0524049,Epidalea calamita,2019-01-01
CZ0524049,Hipparchia semele,1995-01-01
CZ0524049,Lampetra planeri,2025-10-15
CZ0524049,Lemna trisulca,2022-09-08
CZ0524049,Leuciscus aspius,2024-10-24
CZ0524049,Lutra lutra,2019-02-04
CZ0524049,Lycaena dispar,2021-07-08
CZ0524049,Misgurnus fossilis,2014-10-31
CZ0524049,Ophiogomphus cecilia,2025-07-01
CZ0524049,Phengaris nausithous,2025-07-30
CZ0524049,Phengaris teleius,2025-07-16
CZ0524049,Rhodeus amarus,2024-10-23
CZ0524049,Rumex sp.,2019-07-19
CZ0524049,Salmo trutta,2008-06-03
CZ0524049,Sanguisorba officinalis,2025-04-29
CZ0524049,Scardinius erythrophthalmus,2025-06-22
CZ0524049,Succisa pratensis,2015-07-30
CZ0524049,Triturus cristatus,2013-06-07
CZ0524049,Unio crassus,2025-03-02
CZ0524050,Bombina bombina,2024-07-15
CZ0524050,Cypripedium calceolus,2024-05-14
CZ0524050,Ophiogomphus cecilia,2016-07-17
CZ0524050,Sanguisorba officinalis,2012-01-01
CZ0524050,Triturus cristatus,2023-04-29
CZ0525001,Hamatocaulis vernicosus,2021-09-16
CZ0525001,Lycaena dispar,2017-06-21
CZ0525001,Sanguisorba officinalis,2017-06-21
CZ0525001,Succisa pratensis,2001-01-01
CZ0525002,Hamatocaulis vernicosus,2020-10-30
CZ0525002,Phengaris nausithous,2024-07-16
CZ0525002,Salmo trutta,2015-09-04
CZ0525002,Sanguisorba officinalis,2019-06-14
CZ0525002,Succisa pratensis,2019-06-14
CZ0530020,Barbastella barbastellus,2017-02-15
CZ0530020,Cucujus cinnaberinus,2021-09-10
CZ0530020,Euplagia quadripunctaria,2022-08-06
CZ0530020,Myotis bechsteinii,2022-02-11
CZ0530020,Myotis emarginatus,2016-02-26
CZ0530020,Myotis myotis,2025-02-03
CZ0530020,Myotis sp.,2024-02-02
CZ0530020,Rhinolophus hipposideros,2025-02-03
CZ0530020,Sanguisorba officinalis,2016-08-23
CZ0530021,Bombina bombina,2025-05-03
CZ0530021,Hipparchia semele,1995-01-01
CZ0530021,Lutra lutra,2023-04-30
CZ0530021,Lycaena dispar,2023-08-04
CZ0530021,Myotis myotis,2013-05-07
CZ0530021,Phengaris nausithous,2023-08-11
CZ0530021,Phengaris teleius,2023-08-11
CZ0530021,Sanguisorba officinalis,2023-08-11
CZ0530021,Succisa pratensis,2020-07-26
CZ0530021,Triturus cristatus,2025-07-05
CZ0530027,Barbastella barbastellus,2020-03-12
CZ0530027,Cucujus cinnaberinus,2021-09-21
CZ0530027,Lemna trisulca,2022-05-25
CZ0530027,Lycaena dispar,2025-06-13
CZ0530027,Myotis myotis,2015-05-25
CZ0530027,Phengaris nausithous,2025-09-04
CZ0530027,Phengaris teleius,2025-07-30
CZ0530027,Sanguisorba officinalis,2022-07-15
CZ0530027,Succisa pratensis,2022-06-30
CZ0530027,Triturus cristatus,2020-06-11
CZ0530028,Cucujus cinnaberinus,2025-04-28
CZ0530028,Lampetra planeri,2004-01-01
CZ0530028,Myotis emarginatus,2008-02-06
CZ0530028,Myotis myotis,2015-05-17
CZ0530028,Phengaris nausithous,2020-07-23
CZ0530028,Rhinolophus hipposideros,2013-02-10
CZ0530028,Salmo trutta,2004-01-01
CZ0530028,Sanguisorba officinalis,2016-04-26
CZ0530033,Cottus gobio,2013-09-23
CZ0530033,Euplagia quadripunctaria,2024-09-12
CZ0530033,Lampetra planeri,2013-09-23
CZ0530033,Lynx lynx,2004-12-15
CZ0530033,Phengaris nausithous,2022-08-06
CZ0530033,Salmo trutta,2013-09-23
CZ0530033,Sanguisorba officinalis,2017-06-13
CZ0530034,Cottus gobio,2013-09-23
CZ0530034,Lampetra planeri,2013-09-23
CZ0530034,Myotis myotis,2015-05-16
CZ0530034,Salmo trutta,2013-09-23
CZ0530034,Sanguisorba officinalis,2013-09-18
CZ0530034,Scardinius erythrophthalmus,2004-01-01
CZ0530064,Hipparchia semele,1995-01-01
CZ0530064,Ophiogomphus cecilia,2019-08-03
CZ0530064,Phengaris nausithous,2023-08-04
CZ0530064,Phengaris teleius,2024-04-01
CZ0530064,Sanguisorba officinalis,2024-04-16
CZ0530064,Succisa pratensis,2023-05-04
CZ0530146,Barbastella barbastellus,2015-05-16
CZ0530146,Buxbaumia viridis,2022-10-19
CZ0530146,Canis lupus,2025-11-08
CZ0530146,Carabus variolosus,2023-06-08
CZ0530146,Castor fiber,2022-06-01
CZ0530146,Lutra lutra,2022-06-01
CZ0530146,Lynx lynx,2014-09-01
CZ0530146,Myotis bechsteinii,2011-12-21
CZ0530146,Myotis emarginatus,2020-02-22
CZ0530146,Myotis myotis,2022-03-05
CZ0530146,Rhinolophus hipposideros,2022-03-05
CZ0530149,Sanguisorba officinalis,2016-04-01
CZ0530174,Bombina bombina,2013-08-16
CZ0530174,Castor fiber,2021-05-06
CZ0530174,Lutra lutra,2024-04-27
CZ0530174,Lycaena dispar,2008-01-01
CZ0530174,Phengaris nausithous,2008-01-01
CZ0530174,Phengaris teleius,2008-01-01
CZ0530174,Sanguisorba officinalis,2026-03-08
CZ0530174,Succisa pratensis,2023-05-30
CZ0530174,Triturus cristatus,2006-06-11
CZ0530500,Barbastella barbastellus,2026-01-20
CZ0530500,Cucujus cinnaberinus,2025-09-16
CZ0530500,Lutra lutra,2004-01-01
CZ0530500,Lycaena dispar,2021-08-16
CZ0530500,Myotis bechsteinii,2022-01-21
CZ0530500,Myotis emarginatus,2023-02-04
CZ0530500,Myotis myotis,2026-01-20
CZ0530500,Rhinolophus hipposideros,2026-01-20
CZ0530500,Salmo trutta,2025-10-08
CZ0530500,Sanguisorba officinalis,2020-05-18
CZ0530501,Barbastella barbastellus,2021-02-15
CZ0530501,Myotis emarginatus,2015-05-01
CZ0530501,Myotis myotis,2015-05-01
CZ0530501,Phengaris nausithous,2013-07-23
CZ0530501,Sanguisorba officinalis,2015-05-19
CZ0530502,Lycaena dispar,2021-07-24
CZ0530503,Cucujus cinnaberinus,2021-05-30
CZ0530503,Lutra lutra,2012-03-01
CZ0530503,Salmo trutta,2019-08-06
CZ0530503,Sanguisorba officinalis,2008-08-27
CZ0530504,Hamatocaulis vernicosus,2001-01-01
CZ0530504,Phengaris nausithous,2025-07-06
CZ0530504,Phengaris teleius,2025-07-06
CZ0530504,Sanguisorba officinalis,2018-07-05
CZ0530504,Succisa pratensis,2018-05-29
CZ0532131,Cypripedium calceolus,2024-05-22
CZ0532132,Cypripedium calceolus,2023-05-07
CZ0532132,Dianthus lumnitzeri,2020-05-14
CZ0532132,Gentianella amarella,2001-01-01
CZ0532132,Sanguisorba officinalis,2021-05-14
CZ0533002,Bombina bombina,2025-07-05
CZ0533002,Sanguisorba officinalis,2011-05-04
CZ0533002,Triturus cristatus,2024-07-29
CZ0533005,Cucujus cinnaberinus,2019-05-07
CZ0533005,Osmoderma barnabita,2011-03-10
CZ0533012,Bombina bombina,2025-06-26
CZ0533012,Cobitis elongatoides,2023-05-23
CZ0533012,Lycaena dispar,2021-07-28
CZ0533012,Scardinius erythrophthalmus,2023-05-23
CZ0533012,Triturus cristatus,2025-06-26
CZ0533295,Bombina bombina,2009-07-04
CZ0533295,Cucujus cinnaberinus,2015-10-18
CZ0533295,Osmoderma barnabita,2022-07-01
CZ0533296,Bombina bombina,2025-05-28
CZ0533296,Leucorrhinia pectoralis,2020-06-26
CZ0533296,Triturus cristatus,2021-07-12
CZ0533297,Cucujus cinnaberinus,2015-07-23
CZ0533297,Hipparchia semele,1995-01-01
CZ0533297,Osmoderma barnabita,2015-07-23
CZ0533300,Barbastella barbastellus,2026-01-15
CZ0533300,Cucujus cinnaberinus,2021-06-22
CZ0533300,Myotis myotis,1993-01-01
CZ0533300,Osmoderma barnabita,2021-08-20
CZ0533300,Rhinolophus hipposideros,2026-01-15
CZ0533300,Sanguisorba officinalis,2006-09-15
CZ0533301,Abramis brama,2004-01-01
CZ0533301,Cottus gobio,2022-08-05
CZ0533301,Lampetra planeri,2023-10-15
CZ0533301,Phengaris nausithous,2022-07-20
CZ0533301,Salmo trutta,2021-06-08
CZ0533301,Sanguisorba officinalis,2009-09-15
CZ0533302,Barbastella barbastellus,2010-01-08
CZ0533302,Bombina bombina,2025-06-13
CZ0533302,Cucujus cinnaberinus,2021-05-10
CZ0533302,Lemna trisulca,2021-08-18
CZ0533302,Myotis emarginatus,2011-01-04
CZ0533302,Myotis myotis,1900-01-01
CZ0533302,Osmoderma barnabita,2021-07-15
CZ0533302,Rhinolophus hipposideros,2009-01-16
CZ0533302,Salmo trutta,2004-01-01
CZ0533302,Triturus cristatus,2019-06-14
CZ0533303,Abramis brama,2008-01-01
CZ0533303,Ameiurus melas,2024-10-15
CZ0533303,Ameiurus nebulosus,2024-10-15
CZ0533303,Barbastella barbastellus,2015-05-01
CZ0533303,Blicca bjoerkna,2008-01-01
CZ0533303,Castor fiber,2024-06-27
CZ0533303,Cobitis elongatoides,2013-09-06
CZ0533303,Cottus gobio,2022-10-05
CZ0533303,Lampetra planeri,2004-01-01
CZ0533303,Leuciscus aspius,2008-01-01
CZ0533303,Lutra lutra,2025-01-20
CZ0533303,Myotis myotis,2015-05-01
CZ0533303,Ophiogomphus cecilia,2023-08-14
CZ0533303,Phengaris nausithous,2023-07-19
CZ0533303,Salmo trutta,2021-08-12
CZ0533303,Sanguisorba officinalis,2018-06-14
CZ0533303,Scardinius erythrophthalmus,2019-11-05
CZ0533307,Osmoderma barnabita,2022-06-24
CZ0533307,Phengaris nausithous,2021-08-03
CZ0533307,Phengaris teleius,2021-08-03
CZ0533307,Sanguisorba officinalis,2022-08-03
CZ0533307,Succisa pratensis,2003-05-19
CZ0533308,Ameiurus nebulosus,2025-05-14
CZ0533308,Anisus vorticulus,2025-04-26
CZ0533308,Blicca bjoerkna,2016-11-01
CZ0533308,Bombina bombina,2025-06-10
CZ0533308,Cobitis elongatoides,2024-05-15
CZ0533308,Cobitis sp.,2015-05-01
CZ0533308,Cucujus cinnaberinus,2019-05-19
CZ0533308,Lemna trisulca,2019-10-03
CZ0533308,Leucorrhinia pectoralis,2019-08-11
CZ0533308,Lucanus cervus,2000-01-01
CZ0533308,Lutra lutra,2021-08-12
CZ0533308,Osmoderma barnabita,2014-05-20
CZ0533308,Phengaris nausithous,2021-08-15
CZ0533308,Rhodeus amarus,2016-11-01
CZ0533308,Sanguisorba officinalis,2024-08-28
CZ0533308,Scardinius erythrophthalmus,2025-09-03
CZ0533308,Succisa pratensis,2021-08-28
CZ0533309,Cucujus cinnaberinus,2022-07-22
CZ0533309,Osmoderma barnabita,2022-07-22
CZ0533310,Bombina bombina,2008-04-20
CZ0533310,Cucujus cinnaberinus,2021-05-24
CZ0533310,Osmoderma barnabita,2021-05-24
CZ0533310,Sanguisorba officinalis,2023-06-29
CZ0533310,Succisa pratensis,2008-07-02
CZ0533312,Bombina bombina,2025-06-21
CZ0533312,Sanguisorba officinalis,2005-06-23
CZ0533312,Triturus cristatus,2000-04-01
CZ0533314,Abramis brama,2004-01-01
CZ0533314,Barbastella barbastellus,2015-05-27
CZ0533314,Cottus gobio,2023-10-03
CZ0533314,Lampetra planeri,2023-10-02
CZ0533314,Lutra lutra,2018-12-19
CZ0533314,Myotis myotis,2015-05-27
CZ0533314,Salmo trutta,2018-10-03
CZ0533314,Sanguisorba officinalis,2016-06-18
CZ0533316,Bombina bombina,2025-06-25
CZ0533316,Cucujus cinnaberinus,2021-09-16
CZ0533316,Lycaena dispar,2007-08-18
CZ0533316,Myotis myotis,2008-05-15
CZ0533316,Osmoderma barnabita,2021-09-16
CZ0533316,Phengaris nausithous,2007-08-05
CZ0533316,Phengaris teleius,2007-08-05
CZ0533316,Sanguisorba officinalis,2021-06-09
CZ0533316,Unio crassus,2024-07-11
CZ0533501,Osmoderma barnabita,2025-08-05
CZ0533501,Sanguisorba officinalis,2021-06-09
CZ0533684,Myotis emarginatus,2020-01-31
CZ0533684,Rhinolophus hipposideros,2026-01-20
CZ0533685,Rhinolophus hipposideros,2025-08-12
CZ0533686,Barbastella barbastellus,2022-02-26
CZ0533686,Myotis bechsteinii,2020-02-29
CZ0533686,Myotis emarginatus,2022-02-26
CZ0533686,Myotis myotis,2022-02-26
CZ0533687,Myotis emarginatus,2024-01-13
CZ0533687,Myotis myotis,2025-01-03
CZ0533687,Myotis sp.,2016-02-11
CZ0533687,Rhinolophus hipposideros,2025-01-03
CZ0533688,Myotis bechsteinii,2021-02-04
CZ0533688,Myotis emarginatus,2025-01-18
CZ0533688,Myotis myotis,2025-01-18
CZ0533688,Rhinolophus hipposideros,2025-01-18
CZ0533691,Barbastella barbastellus,2022-01-21
CZ0533691,Myotis myotis,2015-02-11
CZ0533693,Myotis bechsteinii,2022-02-06
CZ0533693,Myotis emarginatus,2023-02-05
CZ0533693,Myotis myotis,2023-02-05
CZ0533693,Rhinolophus hipposideros,2023-02-05
CZ0533694,Myotis myotis,2023-06-27
CZ0533696,Bombina bombina,2025-07-22
CZ0533696,Cucujus cinnaberinus,2026-03-11
CZ0533696,Leucorrhinia pectoralis,2012-05-30
CZ0533696,Lutra lutra,2025-02-21
CZ0533696,Myotis myotis,2014-09-04
CZ0533696,Osmoderma barnabita,2023-08-02
CZ0533696,Phengaris nausithous,2022-07-31
CZ0533696,Sanguisorba officinalis,2016-06-21
CZ0533696,Triturus cristatus,2025-06-26
CZ0533697,Bombina bombina,2025-06-21
CZ0533697,Triturus cristatus,2013-07-09
CZ0533698,Ameiurus nebulosus,2004-01-01
CZ0533698,Blicca bjoerkna,2004-01-01
CZ0533698,Bombina bombina,2002-07-01
CZ0533698,Cobitis elongatoides,2024-08-29
CZ0533698,Cucujus cinnaberinus,2022-02-10
CZ0533698,Lemna trisulca,2014-05-19
CZ0533698,Myotis myotis,2010-07-20
CZ0533698,Osmoderma barnabita,2022-02-10
CZ0533698,Phengaris nausithous,2021-08-16
CZ0533698,Rhinolophus hipposideros,2006-09-20
CZ0533698,Rhodeus amarus,2008-09-22
CZ0533698,Sanguisorba officinalis,2023-06-05
CZ0533698,Scardinius erythrophthalmus,2004-01-01
CZ0533702,Hamatocaulis vernicosus,2023-09-28
CZ0533702,Phengaris nausithous,2019-07-15
CZ0533702,Phengaris teleius,2019-07-15
CZ0533702,Sanguisorba officinalis,2022-06-03
CZ0533702,Succisa pratensis,2022-06-03
CZ0533702,Vertigo geyeri,2024-05-22
CZ0534050,Bombina bombina,2025-09-20
CZ0534050,Coleanthus subtilis,2023-06-01
CZ0534050,Lemna trisulca,2021-08-30
CZ0534050,Leucorrhinia pectoralis,2023-07-06
CZ0534051,Lycaena dispar,2024-07-18
CZ0534051,Phengaris nausithous,2024-07-18
CZ0534051,Phengaris teleius,2021-07-17
CZ0534051,Sanguisorba officinalis,2024-08-15
CZ0534052,Abramis brama,2004-01-01
CZ0534052,Blicca bjoerkna,2004-01-01
CZ0534052,Castor fiber,2024-12-03
CZ0534052,Cucujus cinnaberinus,2021-07-27
CZ0534052,Leuciscus aspius,2004-01-01
CZ0534052,Lutra lutra,2020-12-27
CZ0534052,Ophiogomphus cecilia,2019-07-23
CZ0534052,Rhodeus amarus,2008-09-15
CZ0534052,Salmo trutta,2004-01-01
CZ0534052,Sanguisorba officinalis,2023-05-09
CZ0534052,Scardinius erythrophthalmus,2014-09-17
CZ0534052,Unio crassus,2025-09-09
CZ0534053,Cottus gobio,2023-10-15
CZ0534053,Cucujus cinnaberinus,2022-08-02
CZ0534053,Lampetra planeri,2018-10-17
CZ0534053,Lutra lutra,2026-01-16
CZ0534053,Myotis myotis,2018-09-08
CZ0534053,Osmoderma barnabita,2018-08-27
CZ0534053,Phengaris nausithous,2012-08-11
CZ0534053,Rhodeus amarus,2022-08-01
CZ0534053,Rumex sp.,2008-07-02
CZ0534053,Salmo trutta,2022-10-26
CZ0534053,Sanguisorba officinalis,2021-08-11
CZ0534053,Succisa pratensis,2019-06-20
CZ0534054,Bombina bombina,2021-04-17
CZ0534054,Hamatocaulis vernicosus,2025-05-09
CZ0534054,Leucorrhinia pectoralis,2021-06-11
CZ0534054,Lutra lutra,2026-03-05
CZ0534054,Lycaena dispar,2022-08-06
CZ0534054,Myotis myotis,2022-08-25
CZ0534054,Phengaris nausithous,2024-07-23
CZ0534054,Phengaris teleius,2019-07-20
CZ0534054,Salmo trutta,2002-08-01
CZ0534054,Sanguisorba officinalis,2021-04-26
CZ0534054,Succisa pratensis,2021-04-26
CZ0534054,Triturus cristatus,2021-08-20
CZ0534054,Vertigo geyeri,2014-06-13
CZ0534055,Barbastella barbastellus,2023-08-21
CZ0534055,Hamatocaulis vernicosus,2025-05-09
CZ0534055,Lutra lutra,2025-02-08
CZ0534055,Myotis myotis,2023-07-05
CZ0534055,Myotis sp.,2023-07-04
CZ0534055,Phengaris nausithous,2021-07-19
CZ0534055,Phengaris teleius,2025-07-13
CZ0534055,Sanguisorba officinalis,2022-05-31
CZ0534055,Succisa pratensis,2022-05-31
CZ0534055,Vertigo geyeri,2022-09-24
CZ0537011,Bombina bombina,2023-04-21
CZ0537011,Castor fiber,2021-11-19
CZ0537011,Lemna trisulca,2023-06-06
CZ0537011,Lucanus cervus,2023-06-04
CZ0537011,Phengaris nausithous,2023-07-31
CZ0537011,Phengaris teleius,2021-07-29
CZ0537011,Sanguisorba officinalis,2023-06-06
CZ0537011,Scardinius erythrophthalmus,2024-09-19
CZ0610003,Barbastella barbastellus,2015-08-18
CZ0610003,Lutra lutra,2004-01-01
CZ0610003,Myotis bechsteinii,2015-08-18
CZ0610003,Phengaris nausithous,1995-01-01
CZ0610005,Barbastella barbastellus,2001-02-14
CZ0610005,Cypripedium calceolus,2024-05-21
CZ0610005,Myotis emarginatus,2023-01-31
CZ0610005,Myotis myotis,2023-01-31
CZ0610005,Phengaris nausithous,2005-07-28
CZ0610005,Rhinolophus hipposideros,2026-01-14
CZ0610022,Phengaris nausithous,2011-08-14
CZ0610022,Phengaris teleius,2011-08-14
CZ0610022,Sanguisorba officinalis,2017-06-28
CZ0610022,Succisa pratensis,2017-06-28
CZ0610025,Cucujus cinnaberinus,2024-12-22
CZ0610025,Euplagia quadripunctaria,2014-07-31
CZ0610029,Leucorrhinia pectoralis,2024-05-25
CZ0610030,Anodonta sp.,2022-06-17
CZ0610030,Bombina bombina,2020-06-21
CZ0610030,Lutra lutra,2025-09-10
CZ0610030,Sanguisorba officinalis,2013-05-22
CZ0610056,Euplagia quadripunctaria,2024-08-24
CZ0610056,Lycaena dispar,2021-08-30
CZ0610056,Myotis emarginatus,2014-05-11
CZ0610056,Myotis myotis,2014-08-08
CZ0610056,Phengaris nausithous,2007-07-27
CZ0610056,Pulsatilla grandis,2025-04-06
CZ0610145,Castor fiber,2025-10-08
CZ0610145,Lutra lutra,2010-03-01
CZ0610145,Succisa pratensis,2015-06-09
CZ0610159,Barbastella barbastellus,2013-08-02
CZ0610159,Cucujus cinnaberinus,2022-05-07
CZ0610159,Dicranum viride,2023-11-19
CZ0610159,Hipparchia semele,2004-07-01
CZ0610159,Myotis bechsteinii,2015-05-22
CZ0610159,Osmoderma barnabita,2022-07-22
CZ0610170,Abramis brama,2021-08-09
CZ0610170,Barbastella barbastellus,2013-09-20
CZ0610170,Hamatocaulis vernicosus,2012-05-03
CZ0610170,Leuciscus aspius,2021-08-09
CZ0610170,Lutra lutra,2005-05-16
CZ0610170,Salmo trutta,2007-01-01
CZ0610170,Scardinius erythrophthalmus,2021-08-09
CZ0610170,Succisa pratensis,2022-06-09
CZ0610175,Lutra lutra,2010-03-01
CZ0610179,Barbastella barbastellus,2021-02-02
CZ0610179,Castor fiber,2025-10-03
CZ0610179,Cucujus cinnaberinus,2022-10-30
CZ0610179,Euplagia quadripunctaria,2011-08-17
CZ0610179,Lutra lutra,2013-02-01
CZ0610179,Lycaena dispar,2022-08-19
CZ0610179,Myotis bechsteinii,2016-02-05
CZ0610179,Myotis emarginatus,2011-07-14
CZ0610179,Myotis myotis,2025-01-29
CZ0610179,Osmoderma barnabita,2021-07-05
CZ0610179,Rhinolophus hipposideros,2025-01-29
CZ0610179,Sanguisorba officinalis,2025-08-20
CZ0610401,Barbastella barbastellus,2022-09-09
CZ0610401,Cucujus cinnaberinus,2024-11-10
CZ0610401,Dicranum viride,2020-11-06
CZ0610401,Myotis alcathoe/emarginatus,2015-07-04
CZ0610401,Myotis bechsteinii,2022-09-09
CZ0610401,Myotis myotis,2022-09-09
CZ0610412,Myotis myotis,2013-09-22
CZ0610412,Rumex sp.,2023-08-17
CZ0610512,Abramis brama,2004-01-01
CZ0610512,Bombina bombina,2024-06-05
CZ0610512,Hipparchia semele,2004-07-01
CZ0610512,Leuciscus aspius,2004-01-01
CZ0610512,Scardinius erythrophthalmus,2004-01-01
CZ0610512,Unio crassus,2022-07-27
CZ0610513,Phengaris nausithous,2018-07-15
CZ0610513,Sanguisorba officinalis,2022-06-01
CZ0610513,Succisa pratensis,2010-06-24
CZ0610514,Leucorrhinia pectoralis,2021-06-11
CZ0610514,Sanguisorba officinalis,2009-07-19
CZ0610514,Succisa pratensis,2020-08-20
CZ0610514,Triturus cristatus,2022-06-30
CZ0610515,Gentianella praecox subsp. bohemica,2023-08-25
CZ0610516,Ameiurus melas,2024-08-20
CZ0610516,Ameiurus nebulosus,2024-08-20
CZ0610516,Phengaris nausithous,2021-08-06
CZ0610516,Sanguisorba officinalis,2021-06-16
CZ0610516,Succisa pratensis,2021-06-16
CZ0610517,Ameiurus melas,2024-10-02
CZ0610517,Ameiurus nebulosus,2024-10-02
CZ0610517,Canis lupus,2024-07-17
CZ0610517,Lutra lutra,2018-04-01
CZ0610517,Phengaris nausithous,2022-07-27
CZ0610517,Phengaris teleius,2018-04-01
CZ0610517,Rumex sp.,2016-05-01
CZ0610517,Salmo trutta,2004-01-01
CZ0610517,Sanguisorba officinalis,2022-09-21
CZ0610517,Succisa pratensis,2022-09-21
CZ0610517,Triturus cristatus,2025-05-03
CZ0610518,Hamatocaulis vernicosus,2001-01-01
CZ0610518,Lycaena dispar,2009-06-17
CZ0610519,Lutra lutra,2025-01-03
CZ0610519,Scardinius erythrophthalmus,2022-07-19
CZ0610519,Succisa pratensis,2001-07-01
CZ0610519,Triturus cristatus,2013-04-19
CZ0612133,Cypripedium calceolus,2024-05-21
CZ0612134,Coleanthus subtilis,2024-05-28
CZ0612135,Bombina bombina,2015-07-15
CZ0612135,Coleanthus subtilis,2025-06-04
CZ0612135,Lutra lutra,2015-05-25
CZ0612135,Succisa pratensis,2025-06-04
CZ0612136,Lycaena dispar,2010-03-01
CZ0612136,Pulsatilla grandis,2025-03-08
CZ0612137,Bombina bombina,2025-06-24
CZ0612137,Coleanthus subtilis,2024-06-06
CZ0612137,Phengaris nausithous,2022-07-20
CZ0612139,Coleanthus subtilis,2024-05-23
CZ0612139,Hamatocaulis vernicosus,2001-01-01
CZ0612139,Leucorrhinia pectoralis,2019-06-14
CZ0612139,Lutra lutra,2025-04-05
CZ0612139,Myotis bechsteinii,2015-07-31
CZ0612139,Myotis myotis,2015-07-31
CZ0612139,Phengaris nausithous,2010-03-01
CZ0612139,Sanguisorba officinalis,2010-06-11
CZ0612139,Succisa pratensis,2022-05-24
CZ0612140,Bombina bombina,2019-06-16
CZ0612140,Coleanthus subtilis,2024-06-04
CZ0612140,Lutra lutra,2015-09-17
CZ0612140,Sanguisorba officinalis,2012-08-08
CZ0612140,Succisa pratensis,2012-08-08
CZ0612141,Lycaena dispar,2010-03-01
CZ0612141,Pulsatilla grandis,2024-03-26
CZ0612143,Coleanthus subtilis,2025-06-04
CZ0612145,Bombina bombina,2019-04-01
CZ0612145,Castor fiber,2025-05-24
CZ0612145,Coleanthus subtilis,2024-06-04
CZ0612145,Lutra lutra,2011-05-06
CZ0612145,Lycaena dispar,2011-08-16
CZ0612145,Myotis emarginatus,2015-09-15
CZ0612145,Succisa pratensis,2012-05-13
CZ0612147,Lycaena dispar,2010-03-01
CZ0612147,Pulsatilla grandis,2023-04-12
CZ0612149,Cerambyx cerdo,2021-10-31
CZ0612149,Dianthus moravicus,2024-06-06
CZ0612149,Euplagia quadripunctaria,2010-03-01
CZ0612149,Osmoderma barnabita,2021-10-31
CZ0613002,Barbastella barbastellus,2025-07-02
CZ0613002,Cucujus cinnaberinus,2020-09-10
CZ0613002,Dicranum viride,2023-12-19
CZ0613002,Myotis myotis,2014-06-07
CZ0613002,Osmoderma barnabita,2014-06-17
CZ0613003,Bombina bombina,2025-09-15
CZ0613003,Leucorrhinia pectoralis,2006-06-01
CZ0613003,Lutra lutra,2019-04-27
CZ0613003,Lycaena dispar,2022-06-30
CZ0613003,Myotis bechsteinii,2002-01-01
CZ0613003,Myotis sp.,2018-08-29
CZ0613003,Triturus cristatus,2025-07-27
CZ0613004,Abramis brama,2010-10-07
CZ0613004,Cottus gobio,2023-10-25
CZ0613004,Lampetra planeri,2000-01-01
CZ0613004,Lutra lutra,2016-10-19
CZ0613004,Phengaris nausithous,2025-08-08
CZ0613004,Salmo trutta,2022-10-27
CZ0613004,Sanguisorba officinalis,2020-06-22
CZ0613005,Abramis brama,2025-08-12
CZ0613005,Cottus gobio,2025-08-12
CZ0613005,Lampetra planeri,2021-08-13
CZ0613005,Lutra lutra,2015-05-17
CZ0613005,Salmo trutta,2021-08-13
CZ0613005,Scardinius erythrophthalmus,2021-08-13
CZ0613005,Unio crassus,2023-10-28
CZ0613009,Gentianella amarella,2008-09-23
CZ0613009,Phengaris nausithous,2021-07-15
CZ0613009,Salmo trutta,2021-04-21
CZ0613009,Sanguisorba officinalis,2022-09-13
CZ0613010,Cottus gobio,2013-09-24
CZ0613010,Phengaris nausithous,2019-07-29
CZ0613010,Salmo trutta,2021-06-15
CZ0613010,Sanguisorba officinalis,2012-07-18
CZ0613012,Phengaris nausithous,2025-06-01
CZ0613012,Phengaris teleius,2010-08-04
CZ0613012,Sanguisorba officinalis,2025-05-07
CZ0613013,Ameiurus melas,2024-07-10
CZ0613013,Ameiurus nebulosus,2024-07-10
CZ0613013,Bombina bombina,2025-06-15
CZ0613013,Bombina variegata,2021-06-05
CZ0613013,Lutra lutra,2024-10-29
CZ0613013,Scardinius erythrophthalmus,2023-07-27
CZ0613013,Triturus cristatus,2024-07-13
CZ0613318,Abramis brama,2025-10-30
CZ0613318,Bombina bombina,2023-05-31
CZ0613318,Castor fiber,2025-10-30
CZ0613318,Coleanthus subtilis,2022-06-13
CZ0613318,Leucorrhinia pectoralis,2023-06-22
CZ0613318,Lutra lutra,2022-01-27
CZ0613318,Lycaena dispar,2019-08-15
CZ0613318,Phengaris nausithous,2024-07-16
CZ0613318,Sanguisorba officinalis,2016-07-30
CZ0613318,Scardinius erythrophthalmus,2025-10-30
CZ0613318,Succisa pratensis,2015-08-23
CZ0613319,Bombina bombina,2024-06-06
CZ0613319,Succisa pratensis,2003-07-16
CZ0613319,Triturus cristatus,2025-07-27
CZ0613321,Barbastella barbastellus,2014-05-24
CZ0613321,Cottus gobio,2023-09-19
CZ0613321,Lampetra planeri,2023-09-19
CZ0613321,Lutra lutra,2020-01-23
CZ0613321,Margaritifera margaritifera,2009-05-06
CZ0613321,Phengaris nausithous,2022-07-21
CZ0613321,Salmo trutta,2017-09-21
CZ0613321,Sanguisorba officinalis,2022-06-06
CZ0613321,Succisa pratensis,2022-06-06
CZ0613322,Ameiurus melas,2024-10-31
CZ0613322,Ameiurus nebulosus,2024-10-31
CZ0613322,Bombina bombina,2015-05-28
CZ0613322,Lycaena dispar,2022-05-24
CZ0613322,Triturus cristatus,2025-07-04
CZ0613327,Abramis brama,2017-06-26
CZ0613327,Bombina bombina,2015-05-28
CZ0613327,Cobitis elongatoides,2023-10-24
CZ0613327,Cobitis sp.,2022-10-26
CZ0613327,Leuciscus aspius,2022-09-26
CZ0613327,Lutra lutra,2015-07-27
CZ0613327,Scardinius erythrophthalmus,2017-06-26
CZ0613328,Bombina bombina,2020-06-16
CZ0613328,Triturus cristatus,2025-07-19
CZ0613332,Abramis brama,2004-01-01
CZ0613332,Castor fiber,2026-02-25
CZ0613332,Cottus gobio,2004-01-01
CZ0613332,Lutra lutra,2026-02-25
CZ0613332,Rhodeus amarus,2017-09-25
CZ0613332,Salmo trutta,2004-01-01
CZ0613332,Sanguisorba officinalis,2016-09-18
CZ0613332,Triturus cristatus,2021-07-11
CZ0613333,Cottus gobio,2023-10-15
CZ0613333,Lampetra planeri,2022-09-01
CZ0613333,Lutra lutra,2014-02-18
CZ0613333,Salmo trutta,2022-09-01
CZ0613333,Sanguisorba officinalis,2001-01-01
CZ0613333,Succisa pratensis,2003-07-30
CZ0613334,Abramis brama,2004-01-01
CZ0613334,Barbastella barbastellus,2020-01-30
CZ0613334,Cottus gobio,2013-08-21
CZ0613334,Lampetra planeri,2013-08-21
CZ0613334,Leuciscus aspius,2025-05-01
CZ0613334,Lutra lutra,2018-09-05
CZ0613334,Misgurnus fossilis,2004-01-01
CZ0613334,Myotis bechsteinii,2020-01-30
CZ0613334,Myotis sp.,2025-01-19
CZ0613334,Ophiogomphus cecilia,2020-07-15
CZ0613334,Salmo trutta,2013-08-21
CZ0613334,Sanguisorba officinalis,2018-09-06
CZ0613335,Bombina bombina,2025-07-23
CZ0613335,Coleanthus subtilis,2023-06-08
CZ0613335,Lutra lutra,2024-07-04
CZ0613335,Lycaena dispar,2011-08-24
CZ0613335,Sanguisorba officinalis,2024-06-11
CZ0613335,Succisa pratensis,2024-08-20
CZ0613335,Triturus cristatus,2025-07-23
CZ0613336,Bombina bombina,2025-07-27
CZ0613336,Lutra lutra,2025-07-15
CZ0613336,Triturus cristatus,2025-07-04
CZ0613338,Anodonta sp.,2018-10-31
CZ0613338,Bombina bombina,2025-07-26
CZ0613338,Castor fiber,2025-06-25
CZ0613338,Coleanthus subtilis,2025-06-04
CZ0613338,Lutra lutra,2022-05-20
CZ0613338,Phengaris nausithous,2020-08-13
CZ0613338,Sanguisorba officinalis,2012-07-15
CZ0613338,Succisa pratensis,2017-06-01
CZ0613338,Triturus cristatus,2025-07-26
CZ0613695,Myotis myotis,2025-07-02
CZ0613696,Myotis myotis,2025-07-02
CZ0613698,Myotis myotis,2025-07-01
CZ0613698,Myotis sp.,2021-06-29
CZ0613699,Myotis emarginatus,2012-07-24
CZ0613700,Myotis emarginatus,2024-07-01
CZ0613809,Bombina bombina,2024-07-11
CZ0613809,Coleanthus subtilis,2024-05-23
CZ0613809,Lycaena dispar,2019-08-15
CZ0613809,Phengaris nausithous,2017-07-28
CZ0613809,Sanguisorba officinalis,2019-07-30
CZ0613809,Succisa pratensis,2002-07-18
CZ0613809,Triturus cristatus,2024-07-11
CZ0613816,Barbastella barbastellus,2018-08-21
CZ0613816,Cerambyx cerdo,2024-11-28
CZ0613816,Cucujus cinnaberinus,2024-11-28
CZ0613816,Limoniscus violaceus,2024-11-28
CZ0613816,Lucanus cervus,2025-06-24
CZ0613816,Myotis alcathoe/emarginatus,2018-08-21
CZ0613816,Myotis myotis,2018-08-21
CZ0613816,Osmoderma barnabita,2023-09-01
CZ0614052,Bombina bombina,2025-06-28
CZ0614052,Coleanthus subtilis,2024-05-28
CZ0614052,Lutra lutra,2025-05-23
CZ0614052,Scardinius erythrophthalmus,2012-11-01
CZ0614052,Succisa pratensis,2013-05-01
CZ0614053,Ameiurus nebulosus,2015-10-28
CZ0614053,Barbastella barbastellus,2014-08-01
CZ0614053,Coleanthus subtilis,2024-05-23
CZ0614053,Gentianella praecox subsp. bohemica,2022-09-23
CZ0614053,Leucorrhinia pectoralis,2023-06-01
CZ0614053,Lutra lutra,2025-06-05
CZ0614053,Lycaena dispar,2019-08-18
CZ0614053,Phengaris nausithous,2025-07-19
CZ0614053,Phengaris teleius,2025-07-19
CZ0614053,Sanguisorba officinalis,2022-05-23
CZ0614053,Succisa pratensis,2022-05-23
CZ0614054,Hamatocaulis vernicosus,2021-11-18
CZ0614054,Sanguisorba officinalis,2021-07-09
CZ0614054,Succisa pratensis,2021-07-09
CZ0614054,Vertigo geyeri,2024-08-13
CZ0614056,Hamatocaulis vernicosus,2022-06-15
CZ0614056,Lutra lutra,2021-05-03
CZ0614056,Lycaena dispar,2023-06-27
CZ0614056,Phengaris nausithous,2014-07-27
CZ0614056,Sanguisorba officinalis,2021-07-28
CZ0614056,Succisa pratensis,2021-07-28
CZ0614056,Triturus cristatus,2024-05-24
CZ0614056,Vertigo geyeri,2024-10-02
CZ0614057,Bombina bombina,2025-06-02
CZ0614057,Coleanthus subtilis,2024-06-04
CZ0614057,Sanguisorba officinalis,2013-05-01
CZ0614057,Scardinius erythrophthalmus,2012-11-01
CZ0614057,Succisa pratensis,2024-06-04
CZ0614058,Bombina bombina,2025-10-25
CZ0614058,Coleanthus subtilis,2024-05-28
CZ0614058,Leucorrhinia pectoralis,2012-06-29
CZ0614058,Lutra lutra,2025-03-29
CZ0614058,Scardinius erythrophthalmus,2025-09-10
CZ0614058,Triturus cristatus,2021-07-27
CZ0614059,Barbastella barbastellus,2020-06-15
CZ0614059,Buxbaumia viridis,2024-09-29
CZ0614059,Castor fiber,2019-04-07
CZ0614059,Cottus gobio,2015-09-17
CZ0614059,Gentianella praecox subsp. bohemica,2023-09-11
CZ0614059,Hamatocaulis vernicosus,2022-09-21
CZ0614059,Myotis bechsteinii,2020-09-03
CZ0614059,Myotis emarginatus,2020-09-03
CZ0614059,Myotis myotis,2020-09-03
CZ0614059,Phengaris nausithous,2021-07-24
CZ0614059,Rumex sp.,2021-06-21
CZ0614059,Salmo trutta,2018-04-17
CZ0614059,Sanguisorba officinalis,2024-07-14
CZ0614059,Succisa pratensis,2022-06-23
CZ0614059,Vertigo angustior,2024-07-29
CZ0614059,Vertigo geyeri,2024-07-29
CZ0614131,Abramis brama,2006-08-24
CZ0614131,Barbastella barbastellus,2021-09-18
CZ0614131,Castor fiber,2023-08-24
CZ0614131,Cerambyx cerdo,2023-01-25
CZ0614131,Cottus gobio,2023-10-14
CZ0614131,Cucujus cinnaberinus,2021-11-17
CZ0614131,Dicranum viride,2024-10-18
CZ0614131,Euplagia quadripunctaria,2021-08-14
CZ0614131,Himantoglossum adriaticum,2024-07-11
CZ0614131,Leuciscus aspius,2004-01-01
CZ0614131,Limoniscus violaceus,2023-10-26
CZ0614131,Lucanus cervus,2021-11-17
CZ0614131,Lutra lutra,2016-10-08
CZ0614131,Lycaena dispar,2019-06-05
CZ0614131,Lynx lynx,2000-01-01
CZ0614131,Myotis alcathoe/emarginatus,2021-09-11
CZ0614131,Myotis bechsteinii,2021-09-13
CZ0614131,Myotis emarginatus,2021-09-11
CZ0614131,Myotis myotis,2012-07-31
CZ0614131,Osmoderma barnabita,2022-06-24
CZ0614131,Phengaris nausithous,2024-08-04
CZ0614131,Pulsatilla grandis,2025-04-04
CZ0614131,Rhinolophus hipposideros,2011-12-21
CZ0614131,Rhodeus amarus,2019-09-11
CZ0614131,Salmo trutta,2021-11-10
CZ0614131,Sanguisorba officinalis,2013-06-06
CZ0614131,Scardinius erythrophthalmus,2004-01-01
CZ0614131,Succisa pratensis,2010-05-30
CZ0614131,Unio crassus,2017-10-01
CZ0614132,Bombina bombina,2019-05-19
CZ0614132,Coleanthus subtilis,2025-06-13
CZ0614132,Lutra lutra,2015-05-26
CZ0614133,Euplagia quadripunctaria,2014-07-30
CZ0614133,Lycaena dispar,2014-07-30
CZ0614133,Pulsatilla grandis,2025-06-06
CZ0614133,Succisa pratensis,2014-05-04
CZ0614134,Abramis brama,2004-01-01
CZ0614134,Barbastella barbastellus,2003-01-01
CZ0614134,Castor fiber,2026-03-15
CZ0614134,Cerambyx cerdo,2025-10-26
CZ0614134,Chamaecytisus sp.,2013-09-29
CZ0614134,Cottus gobio,2022-08-04
CZ0614134,Cucujus cinnaberinus,2023-12-17
CZ0614134,Euplagia quadripunctaria,2025-08-13
CZ0614134,Limoniscus violaceus,2004-04-09
CZ0614134,Lucanus cervus,2025-06-24
CZ0614134,Lutra lutra,2022-12-30
CZ0614134,Lycaena dispar,2024-08-04
CZ0614134,Myotis emarginatus,2021-08-12
CZ0614134,Osmoderma barnabita,2006-11-27
CZ0614134,Phengaris nausithous,2024-07-21
CZ0614134,Pulsatilla grandis,2023-04-04
CZ0614134,Salmo trutta,2024-08-14
CZ0614134,Sanguisorba officinalis,2013-09-29
CZ0614134,Spermophilus citellus,2025-07-02
CZ0614134,Unio crassus,2017-10-14
CZ0614135,Hamatocaulis vernicosus,2001-01-01
CZ0614135,Succisa pratensis,2007-06-08
CZ0614135,Vertigo geyeri,2022-10-10
CZ0614136,Phengaris teleius,2019-07-05
CZ0614136,Sanguisorba officinalis,2022-06-01
CZ0614136,Succisa pratensis,2021-06-29
CZ0614136,Vertigo geyeri,2024-07-04
CZ0614137,Sanguisorba officinalis,2023-05-28
CZ0614137,Succisa pratensis,2023-05-28
CZ0614137,Vertigo geyeri,2024-07-25
CZ0615001,Dicranum viride,2023-11-01
CZ0615014,Abramis brama,2021-06-30
CZ0615014,Castor fiber,2025-03-10
CZ0615014,Cottus gobio,2004-01-01
CZ0615014,Hamatocaulis vernicosus,2025-05-10
CZ0615014,Lutra lutra,2025-03-10
CZ0615014,Myotis emarginatus,2025-06-19
CZ0615014,Rumex sp.,2008-07-15
CZ0615014,Salmo trutta,2021-06-30
CZ0615014,Sanguisorba officinalis,2022-06-03
CZ0615014,Succisa pratensis,2022-06-03
CZ0615018,Hamatocaulis vernicosus,2021-11-17
CZ0615018,Lutra lutra,2010-03-01
CZ0615018,Phengaris nausithous,2021-08-13
CZ0615018,Succisa pratensis,2020-06-23
CZ0620001,Pulsatilla grandis,2025-03-18
CZ0620002,Coenagrion ornatum,2018-06-12
CZ0620002,Euplagia quadripunctaria,2024-08-07
CZ0620002,Lycaena dispar,2018-06-12
CZ0620002,Pulsatilla grandis,2024-03-21
CZ0620003,Eriogaster catax,2006-10-09
CZ0620003,Pulsatilla grandis,2023-03-29
CZ0620004,Cucujus cinnaberinus,2020-03-28
CZ0620004,Eriogaster catax,2007-04-05
CZ0620004,Euplagia quadripunctaria,2009-07-17
CZ0620004,Hipparchia semele,1995-01-01
CZ0620004,Lucanus cervus,2017-04-06
CZ0620004,Pulsatilla grandis,2025-05-29
CZ0620005,Crambe tataria,2025-05-09
CZ0620005,Cucujus cinnaberinus,2022-04-30
CZ0620005,Lucanus cervus,2022-04-30
CZ0620005,Lycaena dispar,2017-06-14
CZ0620006,Eriogaster catax,2025-04-23
CZ0620006,Pulsatilla grandis,2024-03-15
CZ0620007,Bombina bombina,2010-01-01
CZ0620007,Eriogaster catax,2006-10-09
CZ0620007,Pulsatilla grandis,2022-03-29
CZ0620009,Abramis brama,2015-11-17
CZ0620009,Barbastella barbastellus,2015-07-21
CZ0620009,Blicca bjoerkna,2015-11-17
CZ0620009,Bombina bombina,2025-06-06
CZ0620009,Castor fiber,2026-01-01
CZ0620009,Cerambyx cerdo,2024-04-15
CZ0620009,Coenagrion ornatum,2014-06-27
CZ0620009,Eriogaster catax,2023-05-10
CZ0620009,Lemna trisulca,2001-08-28
CZ0620009,Leuciscus aspius,2015-11-17
CZ0620009,Lucanus cervus,2025-06-29
CZ0620009,Lutra lutra,2026-02-16
CZ0620009,Lycaena dispar,2005-07-31
CZ0620009,Myotis emarginatus,2006-06-21
CZ0620009,Myotis sp.,2015-07-20
CZ0620009,Rosalia alpina,2024-06-29
CZ0620009,Sanguisorba officinalis,2003-06-07
CZ0620009,Scardinius erythrophthalmus,2015-11-17
CZ0620011,Crambe tataria,2024-03-27
CZ0620011,Pulsatilla grandis,2024-03-27
CZ0620011,Succisa pratensis,2009-05-17
CZ0620013,Barbastella barbastellus,2015-08-05
CZ0620013,Myotis myotis,2015-06-29
CZ0620014,Lycaena dispar,2009-06-15
CZ0620014,Pulsatilla grandis,2025-03-25
CZ0620016,Bombina bombina,2018-04-10
CZ0620016,Lycaena dispar,2003-08-05
CZ0620016,Pulsatilla grandis,2023-03-19
CZ0620018,Lycaena dispar,2020-08-15
CZ0620018,Pulsatilla grandis,2025-03-21
CZ0620020,Euplagia quadripunctaria,2025-08-20
CZ0620020,Lycaena dispar,2024-05-25
CZ0620020,Pulsatilla grandis,2026-03-13
CZ0620020,Triturus carnifex,2023-08-10
CZ0620020,Triturus cristatus s. l.,2015-08-04
CZ0620024,Bombina bombina,2016-06-25
CZ0620024,Cerambyx cerdo,2023-06-26
CZ0620024,Euplagia quadripunctaria,2025-08-14
CZ0620024,Hipparchia semele,1995-01-01
CZ0620024,Lemna trisulca,2003-04-01
CZ0620024,Lucanus cervus,2024-06-20
CZ0620024,Myotis sp.,2022-05-15
CZ0620024,Ophiogomphus cecilia,2010-07-13
CZ0620031,Lycaena dispar,2008-06-05
CZ0620037,Euplagia quadripunctaria,2006-01-01
CZ0620037,Lucanus cervus,2006-01-01
CZ0620037,Lycaena dispar,2006-06-12
CZ0620037,Pulsatilla grandis,2025-03-21
CZ0620037,Triturus cristatus,2003-03-15
CZ0620048,Chamaecytisus sp.,2009-08-15
CZ0620048,Eriogaster catax,2025-10-14
CZ0620048,Euplagia quadripunctaria,2024-07-14
CZ0620048,Lucanus cervus,2025-06-24
CZ0620048,Lycaena dispar,2009-05-09
CZ0620049,Eriogaster catax,2004-01-01
CZ0620049,Pulsatilla grandis,2025-04-27
CZ0620051,Pulsatilla grandis,2024-03-24
CZ0620055,Cerambyx cerdo,2020-06-21
CZ0620055,Lucanus cervus,2019-06-13
CZ0620056,Pulsatilla grandis,2023-03-29
CZ0620073,Cerambyx cerdo,2013-07-19
CZ0620073,Euplagia quadripunctaria,2021-08-12
CZ0620073,Hipparchia semele,1995-01-01
CZ0620078,Castor fiber,2023-02-28
CZ0620078,Hipparchia semele,1995-01-01
CZ0620078,Lemna trisulca,2024-04-26
CZ0620078,Sanguisorba officinalis,2024-05-09
CZ0620078,Succisa pratensis,2024-05-09
CZ0620084,Bombina bombina,2021-09-19
CZ0620084,Castor fiber,2022-04-14
CZ0620084,Cerambyx cerdo,2016-05-11
CZ0620084,Cucujus cinnaberinus,2025-03-06
CZ0620084,Emys orbicularis,2010-01-01
CZ0620084,Hipparchia semele,1995-01-01
CZ0620084,Lemna trisulca,2020-05-27
CZ0620084,Lucanus cervus,2021-09-19
CZ0620084,Osmoderma barnabita,2019-01-01
CZ0620084,Rumex sp.,2023-05-10
CZ0620084,Sanguisorba officinalis,2016-09-01
CZ0620084,Triturus dobrogicus,2018-06-17
CZ0620101,Barbastella barbastellus,2019-07-10
CZ0620101,Lucanus cervus,2019-09-29
CZ0620101,Myotis bechsteinii,2019-07-02
CZ0620103,Hipparchia semele,2003-01-01
CZ0620120,Cypripedium calceolus,2022-04-26
CZ0620120,Pulsatilla grandis,2024-04-06
CZ0620132,Dicranum viride,2023-10-25
CZ0620132,Lutra lutra,2010-03-01
CZ0620132,Rumex sp.,2004-07-07
CZ0620132,Sanguisorba officinalis,2013-07-05
CZ0620139,Lucanus cervus,2018-06-30
CZ0620139,Lycaena dispar,2019-07-04
CZ0620147,Echium maculatum,2025-06-04
CZ0620147,Lucanus cervus,2024-06-23
CZ0620147,Myotis myotis,2005-04-21
CZ0620147,Pulsatilla grandis,2025-03-20
CZ0620154,Eriogaster catax,2006-10-09
CZ0620154,Euplagia quadripunctaria,2021-08-08
CZ0620154,Lucanus cervus,2022-06-16
CZ0620154,Lycaena dispar,2022-08-26
CZ0620154,Pulsatilla grandis,2023-03-20
CZ0620154,Sanguisorba officinalis,2022-06-02
CZ0620158,Bombina bombina,2018-08-02
CZ0620162,Cypripedium calceolus,2024-04-19
CZ0620162,Eriogaster catax,2025-04-22
CZ0620162,Euplagia quadripunctaria,2024-07-22
CZ0620162,Spermophilus citellus,2021-05-04
CZ0620169,Lucanus cervus,2021-07-22
CZ0620169,Pulsatilla grandis,2025-04-16
CZ0620177,Castor fiber,2003-01-01
CZ0620177,Cerambyx cerdo,2019-05-10
CZ0620177,Euplagia quadripunctaria,2017-08-02
CZ0620177,Lucanus cervus,2025-05-18
CZ0620181,Cucujus cinnaberinus,2017-11-05
CZ0620181,Lucanus cervus,2016-06-10
CZ0620187,Bombina bombina,2024-05-06
CZ0620187,Graphoderus bilineatus,2013-04-30
CZ0620187,Lycaena dispar,2011-09-21
CZ0620191,Barbastella barbastellus,2015-02-14
CZ0620191,Castor fiber,2022-02-17
CZ0620191,Cottus gobio,2004-01-01
CZ0620191,Euplagia quadripunctaria,2015-08-14
CZ0620191,Lutra lutra,2006-10-18
CZ0620191,Salmo trutta,2004-01-01
CZ0620194,Barbastella barbastellus,2015-05-23
CZ0620194,Euplagia quadripunctaria,2015-08-12
CZ0620194,Lutra lutra,2012-12-19
CZ0620194,Myotis bechsteinii,2015-05-23
CZ0620194,Myotis myotis,2015-05-23
CZ0620194,Rhinolophus hipposideros,2015-05-23
CZ0620194,Salmo trutta,2004-01-01
CZ0620204,Cerambyx cerdo,2002-12-01
CZ0620204,Cucujus cinnaberinus,2021-04-06
CZ0620204,Euplagia quadripunctaria,2022-08-07
CZ0620204,Lucanus cervus,2022-08-12
CZ0620245,Castor fiber,2025-04-20
CZ0620245,Cottus gobio,2004-01-01
CZ0620245,Euplagia quadripunctaria,2022-08-20
CZ0620245,Lycaena dispar,2024-06-19
CZ0620245,Phengaris nausithous,2025-08-12
CZ0620245,Phengaris teleius,2020-07-24
CZ0620245,Rumex sp.,2007-06-14
CZ0620245,Salmo trutta,2004-01-01
CZ0620245,Sanguisorba officinalis,2025-08-12
CZ0620245,Succisa pratensis,2010-01-01
CZ0620245,Vertigo angustior,2014-09-18
CZ0620414,Lycaena dispar,2023-07-12
CZ0620415,Hipparchia semele,2003-01-01
CZ0620415,Lutra lutra,2016-03-30
CZ0620416,Bombina bombina,2024-05-09
CZ0620417,Lycaena dispar,2020-05-17
CZ0620418,Coenagrion ornatum,2016-06-07
CZ0620418,Cucujus cinnaberinus,2012-04-01
CZ0620419,Echium maculatum,2025-06-06
CZ0620419,Euplagia quadripunctaria,2023-09-08
CZ0620419,Hipparchia semele,2003-01-01
CZ0620419,Lycaena dispar,2013-08-03
CZ0620419,Pulsatilla grandis,2025-03-25
CZ0620421,Bombina bombina,2011-06-15
CZ0620421,Lucanus cervus,2025-07-03
CZ0622007,Echium maculatum,2025-06-19
CZ0622007,Eriogaster catax,2005-01-01
CZ0622007,Lucanus cervus,2019-06-18
CZ0622007,Sanguisorba officinalis,2020-04-12
CZ0622009,Crambe tataria,2022-05-27
CZ0622009,Echium maculatum,2025-06-10
CZ0622009,Klasea lycopifolia,2024-05-06
CZ0622009,Pulsatilla grandis,2023-04-06
CZ0622009,Sanguisorba officinalis,2012-04-11
CZ0622017,Crambe tataria,2024-04-16
CZ0622017,Echium maculatum,2025-06-10
CZ0622017,Klasea lycopifolia,2024-05-06
CZ0622017,Lycaena dispar,2008-05-31
CZ0622017,Pulsatilla grandis,2025-03-25
CZ0622026,Anodonta sp.,2011-10-26
CZ0622026,Bombina bombina,2012-04-23
CZ0622026,Cirsium brachycephalum,2025-08-03
CZ0622026,Lemna trisulca,2025-08-03
CZ0622026,Rumex sp.,2024-03-01
CZ0622037,Bombina bombina,2025-06-01
CZ0622037,Cirsium brachycephalum,2024-07-07
CZ0622037,Lutra lutra,2011-10-06
CZ0622037,Lycaena dispar,2024-07-19
CZ0622037,Rumex sp.,2024-03-01
CZ0622142,Asplenium adulterinum,2024-06-12
CZ0622150,Euplagia quadripunctaria,2003-08-10
CZ0622150,Pulsatilla grandis,2024-03-28
CZ0622161,Lycaena dispar,2009-05-13
CZ0622161,Pulsatilla grandis,2025-03-20
CZ0622162,Pulsatilla grandis,2024-03-16
CZ0622166,Echium maculatum,2025-06-02
CZ0622166,Sanguisorba officinalis,2012-06-07
CZ0622167,Pulsatilla grandis,2025-04-21
CZ0622168,Cypripedium calceolus,2024-04-29
CZ0622169,Iris arenaria,2022-05-09
CZ0622169,Pulsatilla grandis,2024-03-18
CZ0622170,Pulsatilla grandis,2024-03-14
CZ0622172,Eriogaster catax,2015-05-02
CZ0622172,Pulsatilla grandis,2025-03-21
CZ0622172,Sanguisorba officinalis,2020-09-06
CZ0622173,Pulsatilla grandis,2026-02-26
CZ0622173,Spermophilus citellus,2023-09-07
CZ0622174,Cypripedium calceolus,2025-05-24
CZ0622174,Sanguisorba officinalis,2002-09-21
CZ0622175,Dianthus moravicus,2021-06-02
CZ0622175,Pulsatilla grandis,2023-03-30
CZ0622179,Pulsatilla grandis,2024-08-15
CZ0622181,Dianthus moravicus,2023-09-15
CZ0622181,Lucanus cervus,2022-06-07
CZ0622184,Echium maculatum,2025-06-10
CZ0622184,Klasea lycopifolia,2022-07-20
CZ0622184,Lycaena dispar,2011-06-03
CZ0622184,Pulsatilla grandis,2025-03-25
CZ0622217,Lycaena dispar,2024-07-23
CZ0622217,Pulsatilla grandis,2025-03-21
CZ0622218,Artemisia pancicii,2024-09-11
CZ0622218,Chamaecytisus sp.,2019-05-23
CZ0622218,Crambe tataria,2022-05-18
CZ0622218,Eriogaster catax,2025-10-13
CZ0622218,Euplagia quadripunctaria,2021-07-29
CZ0622218,Klasea lycopifolia,2024-05-26
CZ0622218,Lucanus cervus,2024-06-09
CZ0622218,Lycaena dispar,2020-09-10
CZ0622218,Pulsatilla grandis,2024-03-13
CZ0622218,Spermophilus citellus,2005-05-01
CZ0622219,Echium maculatum,2025-06-06
CZ0622219,Klasea lycopifolia,2021-10-15
CZ0622219,Lycaena dispar,2008-01-01
CZ0622221,Iris arenaria,2022-05-05
CZ0622223,Iris arenaria,2021-04-28
CZ0622223,Pulsatilla grandis,2024-08-02
CZ0622224,Iris arenaria,2017-05-10
CZ0622226,Pulsatilla grandis,2025-04-02
CZ0622227,Lycaena dispar,2020-05-17
CZ0622227,Pulsatilla grandis,2025-03-16
CZ0623003,Myotis myotis,2005-06-03
CZ0623004,Cucujus cinnaberinus,2017-10-13
CZ0623004,Vertigo angustior,2024-09-29
CZ0623004,Vertigo moulinsiana,2024-09-29
CZ0623010,Bombina bombina,2025-08-20
CZ0623010,Castor fiber,2024-02-06
CZ0623010,Lemna trisulca,2011-01-01
CZ0623010,Lycaena dispar,2006-08-03
CZ0623010,Misgurnus fossilis,2022-04-26
CZ0623011,Bombina bombina,2024-08-01
CZ0623011,Eriogaster catax,2006-10-09
CZ0623011,Triturus carnifex,2025-08-07
CZ0623011,Triturus cristatus s. l.,2013-08-05
CZ0623016,Myotis emarginatus,2015-01-15
CZ0623016,Rhinolophus hipposideros,2025-01-16
CZ0623018,Eriogaster catax,2005-01-01
CZ0623018,Spermophilus citellus,2025-06-25
CZ0623019,Barbastella barbastellus,2015-08-25
CZ0623019,Bombina bombina,2020-07-21
CZ0623019,Castor fiber,2018-05-13
CZ0623019,Cobitis elongatoides,2020-04-28
CZ0623019,Cobitis sp.,2023-10-24
CZ0623019,Cucujus cinnaberinus,2017-10-20
CZ0623019,Misgurnus fossilis,2013-10-18
CZ0623019,Myotis bechsteinii,2015-08-25
CZ0623019,Myotis myotis,2015-08-25
CZ0623019,Pulsatilla grandis,2011-01-01
CZ0623021,Anisus vorticulus,2025-11-16
CZ0623021,Bombina bombina,2009-04-03
CZ0623021,Castor fiber,2023-02-28
CZ0623021,Eriogaster catax,2005-01-01
CZ0623021,Lemna trisulca,2009-01-01
CZ0623021,Lutra lutra,2025-06-13
CZ0623021,Sanguisorba officinalis,2014-06-04
CZ0623021,Succisa pratensis,2006-06-23
CZ0623021,Vertigo angustior,2009-01-01
CZ0623022,Bombina bombina,2014-06-20
CZ0623022,Misgurnus fossilis,2023-10-06
CZ0623022,Osmoderma barnabita,2024-04-22
CZ0623025,Myotis myotis,2006-06-28
CZ0623025,Osmoderma barnabita,2020-10-04
CZ0623026,Eriogaster catax,2025-10-14
CZ0623027,Bombina bombina,2025-07-18
CZ0623027,Cucujus cinnaberinus,2025-03-05
CZ0623027,Lucanus cervus,2022-06-11
CZ0623027,Lutra lutra,2019-04-09
CZ0623027,Lycaena dispar,2010-01-01
CZ0623030,Bombina bombina,2025-09-03
CZ0623030,Cucujus cinnaberinus,2014-05-14
CZ0623030,Lemna trisulca,2003-08-22
CZ0623030,Leucorrhinia pectoralis,2000-06-11
CZ0623030,Lycaena dispar,2011-05-25
CZ0623031,Abramis brama,2004-01-01
CZ0623031,Blicca bjoerkna,2004-01-01
CZ0623031,Bombina bombina,2025-06-14
CZ0623031,Hipparchia semele,1995-01-01
CZ0623031,Lemna trisulca,2009-01-01
CZ0623031,Leuciscus aspius,2004-01-01
CZ0623031,Lycaena dispar,2013-06-09
CZ0623031,Phengaris nausithous,2024-07-24
CZ0623031,Phengaris teleius,2024-07-24
CZ0623031,Scardinius erythrophthalmus,2004-01-01
CZ0623031,Triturus dobrogicus,2025-06-14
CZ0623032,Cerambyx cerdo,2024-08-15
CZ0623032,Cucujus cinnaberinus,2008-01-01
CZ0623032,Lucanus cervus,2024-08-15
CZ0623032,Osmoderma barnabita,2016-10-27
CZ0623034,Myotis myotis,2006-06-27
CZ0623035,Bolbelasmus unicornis,2020-07-01
CZ0623035,Crambe tataria,2025-04-23
CZ0623035,Euplagia quadripunctaria,2020-07-01
CZ0623035,Klasea lycopifolia,2022-07-12
CZ0623035,Lucanus cervus,2022-06-11
CZ0623040,Eriogaster catax,2005-01-01
CZ0623040,Lucanus cervus,2024-07-18
CZ0623041,Abramis brama,2013-10-18
CZ0623041,Cobitis elongatoides,2013-10-18
CZ0623041,Cobitis sp.,2023-10-13
CZ0623041,Coenagrion ornatum,2015-07-01
CZ0623041,Leuciscus aspius,2015-09-16
CZ0623041,Lutra lutra,2024-01-27
CZ0623041,Ophiogomphus cecilia,2019-07-11
CZ0623041,Rhodeus amarus,2016-10-14
CZ0623041,Romanogobio vladykovi,2005-09-17
CZ0623041,Scardinius erythrophthalmus,2015-09-16
CZ0623045,Castor fiber,2020-04-21
CZ0623045,Cerambyx cerdo,2025-06-23
CZ0623045,Cucujus cinnaberinus,2023-11-15
CZ0623045,Eriogaster catax,2011-05-07
CZ0623045,Euplagia quadripunctaria,2024-07-31
CZ0623045,Lucanus cervus,2025-07-28
CZ0623045,Lycaena dispar,2005-07-20
CZ0623045,Osmoderma barnabita,2014-07-10
CZ0623046,Abramis brama,2015-09-19
CZ0623046,Bombina bombina,2024-08-18
CZ0623046,Castor fiber,2025-10-07
CZ0623046,Cerambyx cerdo,2021-04-02
CZ0623046,Cucujus cinnaberinus,2025-10-07
CZ0623046,Eriogaster catax,2024-04-09
CZ0623046,Euplagia quadripunctaria,2024-08-11
CZ0623046,Lemna trisulca,2024-03-01
CZ0623046,Leuciscus aspius,2022-08-16
CZ0623046,Lucanus cervus,2025-06-25
CZ0623046,Lutra lutra,2009-04-19
CZ0623046,Lycaena dispar,2010-06-12
CZ0623046,Misgurnus fossilis,2023-08-22
CZ0623046,Ophiogomphus cecilia,2009-04-28
CZ0623046,Rhodeus amarus,2009-04-29
CZ0623324,Castor fiber,2024-07-23
CZ0623324,Cottus gobio,2023-10-14
CZ0623324,Lutra lutra,2015-05-20
CZ0623324,Salmo trutta,2023-10-06
CZ0623329,Myotis emarginatus,2024-07-31
CZ0623329,Rhinolophus hipposideros,2024-07-31
CZ0623344,Cerambyx cerdo,2025-06-29
CZ0623344,Chamaecytisus sp.,2018-06-12
CZ0623344,Euplagia quadripunctaria,2021-08-13
CZ0623344,Lucanus cervus,2023-10-01
CZ0623344,Pulsatilla grandis,2023-03-20
CZ0623345,Lutra lutra,2018-04-03
CZ0623345,Lycaena dispar,2018-05-30
CZ0623345,Pulsatilla grandis,2023-03-29
CZ0623345,Triturus carnifex,2025-07-20
CZ0623348,Bombina bombina,2024-08-17
CZ0623348,Scardinius erythrophthalmus,2015-08-04
CZ0623348,Triturus cristatus,2024-08-17
CZ0623348,Triturus cristatus s. l.,2021-07-28
CZ0623349,Bombina variegata,2025-07-19
CZ0623349,Eriogaster catax,2025-04-23
CZ0623349,Euplagia quadripunctaria,2008-01-01
CZ0623349,Lycaena dispar,2008-06-01
CZ0623349,Phengaris nausithous,2020-08-20
CZ0623349,Phengaris teleius,2020-08-20
CZ0623349,Sanguisorba officinalis,2021-09-23
CZ0623354,Myotis myotis,2015-05-24
CZ0623354,Phengaris nausithous,2025-08-06
CZ0623354,Phengaris teleius,2020-08-01
CZ0623354,Sanguisorba officinalis,2024-09-28
CZ0623355,Castor fiber,2016-01-28
CZ0623355,Euplagia quadripunctaria,2015-08-13
CZ0623355,Hipparchia semele,2003-01-01
CZ0623355,Lucanus cervus,2015-07-02
CZ0623355,Myotis bechsteinii,2015-05-13
CZ0623357,Bombina bombina,2024-04-07
CZ0623357,Scardinius erythrophthalmus,2025-04-04
CZ0623357,Triturus carnifex,2025-06-26
CZ0623357,Triturus cristatus s. l.,2013-08-05
CZ0623358,Bombina bombina,2025-08-25
CZ0623358,Lemna trisulca,2024-07-02
CZ0623359,Bombina bombina,2025-06-19
CZ0623359,Leucorrhinia pectoralis,2008-06-06
CZ0623359,Lycaena dispar,2008-06-06
CZ0623359,Triturus carnifex,2025-06-19
CZ0623359,Triturus cristatus,2014-05-03
CZ0623359,Triturus cristatus s. l.,2021-05-05
CZ0623360,Lycaena dispar,2022-06-11
CZ0623360,Sanguisorba officinalis,2023-05-27
CZ0623360,Succisa pratensis,2017-09-06
CZ0623360,Triturus carnifex,2025-05-19
CZ0623360,Triturus cristatus s. l.,2007-08-04
CZ0623365,Bombina bombina,2025-06-29
CZ0623365,Castor fiber,2024-04-27
CZ0623365,Cucujus cinnaberinus,2020-11-03
CZ0623365,Lemna trisulca,2021-07-23
CZ0623365,Lutra lutra,2024-04-27
CZ0623365,Lycaena dispar,2025-06-06
CZ0623365,Sanguisorba officinalis,2024-07-15
CZ0623365,Scardinius erythrophthalmus,2025-06-02
CZ0623365,Succisa pratensis,2010-05-19
CZ0623365,Triturus cristatus,2025-06-29
CZ0623366,Castor fiber,2023-04-17
CZ0623366,Lemna trisulca,2009-08-14
CZ0623366,Leucorrhinia pectoralis,2001-05-27
CZ0623366,Triturus cristatus,2025-06-30
CZ0623367,Bombina bombina,2024-05-01
CZ0623367,Lutra lutra,2025-04-01
CZ0623367,Sanguisorba officinalis,2013-04-04
CZ0623367,Triturus cristatus,2025-07-09
CZ0623367,Triturus cristatus s. l.,2021-07-28
CZ0623368,Abramis brama,2004-01-01
CZ0623368,Bombina bombina,2024-05-14
CZ0623368,Eriogaster catax,2006-10-09
CZ0623368,Scardinius erythrophthalmus,2004-01-01
CZ0623368,Triturus carnifex,2024-06-26
CZ0623368,Triturus cristatus s. l.,2007-08-04
CZ0623370,Spermophilus citellus,2026-03-06
CZ0623372,Bombina bombina,2025-06-19
CZ0623372,Lycaena dispar,2008-06-11
CZ0623372,Triturus carnifex,2025-06-19
CZ0623372,Triturus cristatus,2009-08-14
CZ0623372,Triturus cristatus s. l.,2015-04-15
CZ0623697,Myotis myotis,2024-07-31
CZ0623701,Myotis myotis,2005-06-15
CZ0623702,Myotis myotis,2005-06-14
CZ0623703,Myotis myotis,2005-06-16
CZ0623704,Myotis myotis,2001-01-01
CZ0623704,Rhinolophus hipposideros,2001-06-14
CZ0623707,Myotis myotis,2025-07-03
CZ0623707,Myotis sp.,2020-01-21
CZ0623707,Rhinolophus hipposideros,2016-02-05
CZ0623708,Barbastella barbastellus,1958-01-01
CZ0623708,Myotis emarginatus,2005-06-27
CZ0623709,Myotis myotis,2005-06-17
CZ0623709,Rhinolophus hipposideros,2005-06-17
CZ0623710,Myotis emarginatus,1958-01-01
CZ0623710,Myotis myotis,2021-06-07
CZ0623710,Rhinolophus hipposideros,2021-06-07
CZ0623711,Myotis myotis,2025-07-11
CZ0623713,Myotis myotis,2005-06-16
CZ0623717,Myotis emarginatus,2025-07-03
CZ0623717,Myotis myotis,2021-07-09
CZ0623717,Rhinolophus hipposideros,2017-07-13
CZ0623718,Barbastella barbastellus,2022-02-03
CZ0623718,Myotis emarginatus,2025-01-29
CZ0623718,Myotis myotis,2025-01-29
CZ0623718,Rhinolophus hipposideros,2025-07-03
CZ0623719,Myotis emarginatus,2025-06-26
CZ0623719,Myotis myotis,2025-06-26
CZ0623719,Myotis sp.,2025-01-28
CZ0623719,Rhinolophus hipposideros,2022-02-02
CZ0623772,Bombina bombina,2025-08-20
CZ0623772,Lycaena dispar,2010-06-17
CZ0623772,Scardinius erythrophthalmus,2015-09-21
CZ0623772,Triturus carnifex,2010-04-27
CZ0623772,Vertigo angustior,2023-09-07
CZ0623772,Vertigo moulinsiana,2023-09-07
CZ0623775,Myotis myotis,2005-06-15
CZ0623778,Myotis myotis,2005-07-13
CZ0623781,Myotis myotis,2005-06-03
CZ0623782,Myotis emarginatus,2005-07-13
CZ0623788,Rhinolophus hipposideros,2005-06-28
CZ0623793,Bombina bombina,2025-05-10
CZ0623793,Lemna trisulca,2008-07-10
CZ0623793,Lucanus cervus,2024-07-05
CZ0623793,Lutra lutra,2021-04-21
CZ0623793,Sanguisorba officinalis,2009-06-06
CZ0623797,Abramis brama,2017-09-26
CZ0623797,Bombina bombina,2009-04-11
CZ0623797,Castor fiber,2024-12-26
CZ0623797,Hipparchia semele,1995-01-01
CZ0623797,Lycaena dispar,2023-08-14
CZ0623797,Misgurnus fossilis,2017-09-26
CZ0623797,Phengaris nausithous,2024-07-23
CZ0623797,Phengaris teleius,2024-07-23
CZ0623797,Rhodeus amarus,2017-09-26
CZ0623797,Romanogobio vladykovi,2017-09-26
CZ0623797,Sanguisorba officinalis,2022-08-18
CZ0623797,Scardinius erythrophthalmus,2017-09-26
CZ0623798,Bombina bombina,2024-03-22
CZ0623798,Cucujus cinnaberinus,2009-04-01
CZ0623798,Euplagia quadripunctaria,2022-07-21
CZ0623798,Lucanus cervus,2022-07-21
CZ0623798,Misgurnus fossilis,2015-04-16
CZ0623798,Scardinius erythrophthalmus,2022-04-26
CZ0623798,Triturus cristatus s. l.,2010-04-27
CZ0623798,Vertigo angustior,2024-09-29
CZ0623798,Vertigo moulinsiana,2024-09-29
CZ0623799,Bombina bombina,2025-06-22
CZ0623799,Cerambyx cerdo,2020-07-25
CZ0623799,Cucujus cinnaberinus,2017-11-28
CZ0623799,Euplagia quadripunctaria,2014-08-08
CZ0623799,Lucanus cervus,2025-07-03
CZ0623799,Lutra lutra,2020-03-15
CZ0623799,Lycaena dispar,2024-06-20
CZ0623800,Bombina bombina,2025-04-03
CZ0623800,Emys orbicularis,2022-03-29
CZ0623800,Lemna trisulca,2015-09-01
CZ0623800,Lutra lutra,2014-03-28
CZ0623800,Misgurnus fossilis,2021-05-12
CZ0623801,Bombina bombina,2025-06-21
CZ0623801,Cerambyx cerdo,2022-07-12
CZ0623801,Lucanus cervus,2025-05-25
CZ0623801,Osmoderma barnabita,2019-01-01
CZ0623801,Triturus cristatus,2024-06-15
CZ0623803,Osmoderma barnabita,2001-08-01
CZ0623807,Lucanus cervus,1999-05-01
CZ0623808,Lucanus cervus,2013-07-07
CZ0623819,Abramis brama,2019-09-11
CZ0623819,Castor fiber,2025-04-13
CZ0623819,Cottus gobio,2004-01-01
CZ0623819,Cucujus cinnaberinus,2012-05-15
CZ0623819,Euplagia quadripunctaria,2025-08-03
CZ0623819,Leuciscus aspius,2004-01-01
CZ0623819,Limoniscus violaceus,2023-10-30
CZ0623819,Lutra lutra,2016-10-08
CZ0623819,Rhodeus amarus,2019-09-12
CZ0623819,Romanogobio vladykovi,2023-08-24
CZ0623819,Sanguisorba officinalis,2018-04-20
CZ0623819,Unio crassus,2025-11-15
CZ0623820,Spermophilus citellus,2025-07-16
CZ0624001,Abramis brama,2025-04-18
CZ0624001,Ameiurus nebulosus,2024-08-30
CZ0624001,Blicca bjoerkna,2025-04-18
CZ0624001,Bombina bombina,2021-06-12
CZ0624001,Castor fiber,2023-01-11
CZ0624001,Cobitis sp.,2015-09-19
CZ0624001,Cottus gobio,2015-10-12
CZ0624001,Cucujus cinnaberinus,2021-10-05
CZ0624001,Eriogaster catax,2006-10-09
CZ0624001,Leuciscus aspius,2004-01-01
CZ0624001,Lutra lutra,2022-09-10
CZ0624001,Ophiogomphus cecilia,2023-07-07
CZ0624001,Osmoderma barnabita,2016-05-24
CZ0624001,Rhodeus amarus,2024-09-03
CZ0624001,Romanogobio vladykovi,2014-10-30
CZ0624001,Salmo trutta,2015-10-12
CZ0624001,Scardinius erythrophthalmus,2019-08-21
CZ0624001,Unio crassus,2024-09-03
CZ0624020,Barbastella barbastellus,2021-01-13
CZ0624020,Euplagia quadripunctaria,2024-07-21
CZ0624020,Myotis myotis,2026-01-23
CZ0624020,Myotis sp.,2025-02-21
CZ0624020,Pulsatilla grandis,2024-10-01
CZ0624020,Rhinolophus hipposideros,2026-01-23
CZ0624020,Rumex sp.,2002-05-14
CZ0624043,Carabus hungaricus,2020-09-22
CZ0624043,Cerambyx cerdo,2023-07-18
CZ0624043,Cucujus cinnaberinus,2007-02-04
CZ0624043,Dianthus lumnitzeri,2025-06-10
CZ0624043,Eriogaster catax,2025-04-23
CZ0624043,Euplagia quadripunctaria,2023-08-11
CZ0624043,Himantoglossum adriaticum,2025-06-16
CZ0624043,Hipparchia semele,1995-01-01
CZ0624043,Iris arenaria,2024-04-26
CZ0624043,Lucanus cervus,2024-06-13
CZ0624043,Lycaena dispar,2007-05-24
CZ0624043,Myotis myotis,2014-04-28
CZ0624043,Pulsatilla grandis,2025-03-19
CZ0624043,Rumex sp.,2005-09-25
CZ0624043,Spermophilus citellus,2001-05-14
CZ0624060,Artemisia pancicii,2024-08-23
CZ0624060,Carabus hungaricus,2025-08-29
CZ0624060,Cerambyx cerdo,2022-04-23
CZ0624060,Crambe tataria,2025-06-02
CZ0624060,Cucujus cinnaberinus,2015-06-20
CZ0624060,Euplagia quadripunctaria,2024-08-10
CZ0624060,Hipparchia semele,1995-01-01
CZ0624060,Lucanus cervus,2023-08-20
CZ0624060,Lycaena dispar,2017-07-19
CZ0624060,Pulsatilla grandis,2023-06-17
CZ0624062,Cypripedium calceolus,2022-05-22
CZ0624062,Lucanus cervus,2015-07-11
CZ0624062,Pulsatilla grandis,2025-03-20
CZ0624064,Anodonta sp.,2020-07-06
CZ0624064,Barbastella barbastellus,2015-05-12
CZ0624064,Bombina bombina,2024-06-29
CZ0624064,Cerambyx cerdo,2023-11-21
CZ0624064,Cucujus cinnaberinus,2023-11-21
CZ0624064,Euplagia quadripunctaria,2022-07-27
CZ0624064,Lucanus cervus,2024-06-29
CZ0624064,Lutra lutra,2007-01-01
CZ0624064,Myotis myotis,2015-05-12
CZ0624064,Phengaris nausithous,1995-01-01
CZ0624064,Phengaris teleius,1995-01-01
CZ0624064,Sanguisorba officinalis,2022-05-11
CZ0624064,Succisa pratensis,2002-05-01
CZ0624064,Triturus cristatus,2024-06-29
CZ0624065,Barbastella barbastellus,2025-01-17
CZ0624065,Himantoglossum adriaticum,2025-06-27
CZ0624065,Lucanus cervus,2014-05-17
CZ0624065,Myotis bechsteinii,2025-01-17
CZ0624065,Myotis emarginatus,2025-01-17
CZ0624065,Myotis myotis,2025-01-17
CZ0624065,Myotis sp.,2020-02-15
CZ0624065,Rhinolophus hipposideros,2025-01-17
CZ0624066,Echium maculatum,2025-06-25
CZ0624066,Euplagia quadripunctaria,2022-08-15
CZ0624066,Sanguisorba officinalis,2023-06-22
CZ0624067,Euplagia quadripunctaria,2016-07-31
CZ0624067,Lucanus cervus,2023-08-19
CZ0624067,Pulsatilla grandis,2024-04-06
CZ0624068,Bombina bombina,2024-04-26
CZ0624068,Castor fiber,2023-04-15
CZ0624068,Cerambyx cerdo,2019-02-28
CZ0624068,Cucujus cinnaberinus,2020-10-26
CZ0624068,Euplagia quadripunctaria,2021-08-13
CZ0624068,Hipparchia semele,1995-01-01
CZ0624068,Lemna trisulca,2009-06-27
CZ0624068,Lucanus cervus,2023-05-27
CZ0624068,Lutra lutra,2005-04-20
CZ0624068,Lycaena dispar,2021-08-13
CZ0624068,Misgurnus fossilis,2023-08-23
CZ0624068,Ophiogomphus cecilia,2020-06-30
CZ0624068,Phengaris nausithous,2024-07-23
CZ0624068,Phengaris teleius,2024-07-23
CZ0624068,Rhodeus amarus,2023-05-28
CZ0624068,Romanogobio vladykovi,2005-01-01
CZ0624068,Sanguisorba officinalis,2009-06-18
CZ0624068,Scardinius erythrophthalmus,2002-07-25
CZ0624068,Triturus dobrogicus,2015-05-01
CZ0624068,Unio crassus,2008-10-18
CZ0624069,Barbastella barbastellus,2014-08-31
CZ0624069,Cypripedium calceolus,2025-05-26
CZ0624069,Myotis myotis,2014-08-31
CZ0624069,Pulsatilla grandis,2025-03-26
CZ0624070,Barbastella barbastellus,2015-08-28
CZ0624070,Bombina bombina,2025-06-25
CZ0624070,Castor fiber,2026-03-01
CZ0624070,Cerambyx cerdo,2025-07-23
CZ0624070,Chamaecytisus sp.,2010-05-07
CZ0624070,Cucujus cinnaberinus,2023-05-22
CZ0624070,Emys orbicularis,2025-07-21
CZ0624070,Eriogaster catax,2005-01-01
CZ0624070,Euplagia quadripunctaria,2023-08-19
CZ0624070,Gladiolus palustris,2025-07-26
CZ0624070,Lucanus cervus,2025-06-06
CZ0624070,Lutra lutra,2026-03-01
CZ0624070,Lycaena dispar,2025-06-05
CZ0624070,Myotis alcathoe/emarginatus,2015-08-28
CZ0624070,Myotis bechsteinii,2015-08-28
CZ0624070,Myotis emarginatus,2013-07-19
CZ0624070,Myotis myotis,2015-07-31
CZ0624070,Ophiogomphus cecilia,2023-07-16
CZ0624070,Rumex sp.,2024-03-01
CZ0624070,Sanguisorba officinalis,2023-05-24
CZ0624070,Succisa pratensis,2020-08-20
CZ0624070,Triturus dobrogicus,2024-04-30
CZ0624071,Bombina bombina,2020-08-24
CZ0624071,Castor fiber,2019-02-21
CZ0624071,Cerambyx cerdo,2015-04-10
CZ0624071,Cucujus cinnaberinus,2020-10-26
CZ0624071,Lycaena dispar,2017-06-18
CZ0624071,Misgurnus fossilis,2014-09-03
CZ0624071,Ophiogomphus cecilia,2009-06-17
CZ0624071,Rhodeus amarus,2023-10-16
CZ0624071,Sanguisorba officinalis,2025-05-16
CZ0624071,Triturus dobrogicus,2015-05-01
CZ0624072,Barbastella barbastellus,2013-05-29
CZ0624072,Bombina bombina,2022-06-20
CZ0624072,Bombina variegata,2025-05-28
CZ0624072,Carabus variolosus,2025-05-30
CZ0624072,Cerambyx cerdo,2007-07-05
CZ0624072,Colias myrmidone,2010-08-02
CZ0624072,Cucujus cinnaberinus,2022-04-23
CZ0624072,Cypripedium calceolus,2024-08-08
CZ0624072,Eriogaster catax,2025-04-23
CZ0624072,Euplagia quadripunctaria,2025-07-29
CZ0624072,Gladiolus palustris,2025-06-19
CZ0624072,Klasea lycopifolia,2025-08-26
CZ0624072,Leuciscus aspius,2008-01-01
CZ0624072,Lucanus cervus,2025-06-14
CZ0624072,Lutra lutra,2016-10-26
CZ0624072,Lycaena dispar,2022-08-12
CZ0624072,Myotis bechsteinii,2013-05-29
CZ0624072,Myotis blythii,2012-06-21
CZ0624072,Myotis emarginatus,2011-06-21
CZ0624072,Myotis myotis,2012-06-21
CZ0624072,Ophiogomphus cecilia,2017-06-11
CZ0624072,Phengaris nausithous,2022-08-12
CZ0624072,Phengaris teleius,2022-08-12
CZ0624072,Pulsatilla grandis,2024-04-01
CZ0624072,Rumex sp.,2010-10-02
CZ0624072,Salmo trutta,2012-03-13
CZ0624072,Sanguisorba officinalis,2025-05-21
CZ0624072,Succisa pratensis,2022-08-03
CZ0624072,Vertigo angustior,2018-09-24
CZ0624094,Chamaecytisus sp.,2024-08-14
CZ0624094,Cypripedium calceolus,2024-06-23
CZ0624094,Euplagia quadripunctaria,2016-06-01
CZ0624094,Lucanus cervus,2025-08-20
CZ0624095,Barbastella barbastellus,2025-01-29
CZ0624095,Blicca bjoerkna,2019-09-09
CZ0624095,Bombina bombina,2010-06-13
CZ0624095,Castor fiber,2024-03-31
CZ0624095,Cerambyx cerdo,2025-08-02
CZ0624095,Coleanthus subtilis,2005-10-18
CZ0624095,Cucujus cinnaberinus,2021-10-31
CZ0624095,Dianthus moravicus,2020-06-24
CZ0624095,Euplagia quadripunctaria,2025-08-02
CZ0624095,Leuciscus aspius,2005-09-30
CZ0624095,Limoniscus violaceus,2000-09-27
CZ0624095,Lucanus cervus,2023-06-11
CZ0624095,Lutra lutra,2016-10-08
CZ0624095,Lycaena dispar,2021-06-03
CZ0624095,Myotis emarginatus,2011-12-21
CZ0624095,Myotis myotis,2025-07-03
CZ0624095,Osmoderma barnabita,2023-07-06
CZ0624095,Rhinolophus hipposideros,2025-01-29
CZ0624095,Rhodeus amarus,2022-08-22
CZ0624095,Romanogobio vladykovi,2023-09-24
CZ0624095,Sanguisorba officinalis,2009-05-02
CZ0624095,Triturus cristatus s. l.,2018-07-03
CZ0624095,Unio crassus,2025-06-29
CZ0624096,Abramis brama,2004-01-01
CZ0624096,Barbastella barbastellus,2025-01-28
CZ0624096,Blicca bjoerkna,2004-01-01
CZ0624096,Bombina bombina,2023-04-30
CZ0624096,Buxbaumia viridis,2024-09-22
CZ0624096,Canis lupus,2025-05-26
CZ0624096,Castor fiber,2025-10-25
CZ0624096,Cerambyx cerdo,2025-08-26
CZ0624096,Cottus gobio,2023-10-12
CZ0624096,Cucujus cinnaberinus,2026-03-13
CZ0624096,Cypripedium calceolus,2024-04-26
CZ0624096,Dicranum viride,2024-09-19
CZ0624096,Eriogaster catax,2025-04-22
CZ0624096,Euplagia quadripunctaria,2025-08-12
CZ0624096,Leuciscus aspius,2004-01-01
CZ0624096,Lucanus cervus,2025-08-02
CZ0624096,Lutra lutra,2025-01-18
CZ0624096,Lycaena dispar,2024-05-22
CZ0624096,Lynx lynx,2013-01-01
CZ0624096,Myotis alcathoe/emarginatus,2015-06-23
CZ0624096,Myotis bechsteinii,2023-08-31
CZ0624096,Myotis emarginatus,2025-01-28
CZ0624096,Myotis myotis,2025-01-27
CZ0624096,Myotis sp.,2021-02-01
CZ0624096,Ophiogomphus cecilia,2021-08-21
CZ0624096,Osmoderma barnabita,2023-10-29
CZ0624096,Pulsatilla grandis,2026-03-16
CZ0624096,Rhinolophus hipposideros,2025-07-02
CZ0624096,Rumex sp.,2011-06-14
CZ0624096,Salmo trutta,2021-05-03
CZ0624096,Sanguisorba officinalis,2025-08-01
CZ0624096,Scardinius erythrophthalmus,2023-05-04
CZ0624096,Spermophilus citellus,2026-03-14
CZ0624096,Succisa pratensis,2025-07-28
CZ0624096,Triturus carnifex,2025-04-20
CZ0624096,Triturus cristatus s. l.,2016-01-01
CZ0624096,Vertigo angustior,2007-08-14
CZ0624097,Pulsatilla grandis,2024-05-27
CZ0624098,Barbastella barbastellus,1991-01-01
CZ0624098,Cerambyx cerdo,2018-06-23
CZ0624098,Euplagia quadripunctaria,2022-07-20
CZ0624098,Iris arenaria,2024-04-26
CZ0624098,Lucanus cervus,2019-07-30
CZ0624098,Lycaena dispar,2018-05-24
CZ0624098,Myotis bechsteinii,2017-01-11
CZ0624098,Myotis emarginatus,2025-01-16
CZ0624098,Myotis myotis,2020-01-15
CZ0624098,Myotis sp.,2013-01-10
CZ0624098,Pulsatilla grandis,2023-03-22
CZ0624098,Rhinolophus hipposideros,2025-01-16
CZ0624099,Abramis brama,2019-10-30
CZ0624099,Anisus vorticulus,2021-03-20
CZ0624099,Ballerus ballerus,2004-01-01
CZ0624099,Ballerus sapa,2017-05-09
CZ0624099,Barbastella barbastellus,2015-06-15
CZ0624099,Blicca bjoerkna,2022-04-23
CZ0624099,Bombina bombina,2025-05-09
CZ0624099,Castor fiber,2026-03-13
CZ0624099,Cerambyx cerdo,2025-08-13
CZ0624099,Cottus gobio,2022-09-20
CZ0624099,Cucujus cinnaberinus,2024-04-27
CZ0624099,Emys orbicularis,2022-09-04
CZ0624099,Euphydryas maturna,2004-05-20
CZ0624099,Euplagia quadripunctaria,2014-07-26
CZ0624099,Gymnocephalus schraetser,2012-10-06
CZ0624099,Hipparchia semele,1995-01-01
CZ0624099,Lemna trisulca,2025-08-25
CZ0624099,Leuciscus aspius,2023-08-16
CZ0624099,Leucorrhinia pectoralis,2021-05-15
CZ0624099,Limoniscus violaceus,2015-01-01
CZ0624099,Lucanus cervus,2025-07-16
CZ0624099,Lutra lutra,2026-03-02
CZ0624099,Lycaena dispar,2025-09-03
CZ0624099,Misgurnus fossilis,2023-10-18
CZ0624099,Myotis alcathoe/emarginatus,2015-07-21
CZ0624099,Myotis bechsteinii,2015-07-21
CZ0624099,Myotis blythii,2012-06-21
CZ0624099,Myotis emarginatus,2013-05-01
CZ0624099,Myotis myotis,2015-06-15
CZ0624099,Myotis sp.,2015-07-20
CZ0624099,Ophiogomphus cecilia,2023-07-08
CZ0624099,Osmoderma barnabita,2022-04-11
CZ0624099,Pelecus cultratus,2006-08-01
CZ0624099,Rhinolophus hipposideros,2025-01-16
CZ0624099,Rhodeus amarus,2023-10-18
CZ0624099,Romanogobio vladykovi,2015-09-15
CZ0624099,Rosalia alpina,2025-06-25
CZ0624099,Rumex sp.,2024-03-01
CZ0624099,Sanguisorba officinalis,2025-08-26
CZ0624099,Scardinius erythrophthalmus,2022-05-22
CZ0624099,Succisa pratensis,2025-09-22
CZ0624099,Triturus dobrogicus,2025-04-25
CZ0624099,Zingel streber,2005-05-12
CZ0624100,Barbastella barbastellus,2015-06-03
CZ0624100,Bombina bombina,2025-04-12
CZ0624100,Castor fiber,2014-04-04
CZ0624100,Cerambyx cerdo,2025-05-25
CZ0624100,Chamaecytisus sp.,2002-04-26
CZ0624100,Cucujus cinnaberinus,2023-05-10
CZ0624100,Eriogaster catax,2025-05-02
CZ0624100,Euplagia quadripunctaria,2025-08-20
CZ0624100,Lemna trisulca,2003-06-17
CZ0624100,Lucanus cervus,2025-07-29
CZ0624100,Lutra lutra,2020-03-26
CZ0624100,Lycaena dispar,2020-09-05
CZ0624100,Myotis bechsteinii,2011-06-21
CZ0624100,Myotis blythii,2012-06-21
CZ0624100,Myotis emarginatus,2011-06-21
CZ0624100,Myotis myotis,2015-05-11
CZ0624100,Osmoderma barnabita,2011-05-06
CZ0624100,Pulsatilla grandis,2024-03-15
CZ0624100,Rhinolophus hipposideros,2012-06-21
CZ0624100,Spermophilus citellus,2002-01-01
CZ0624101,Cerambyx cerdo,2021-09-26
CZ0624101,Cucujus cinnaberinus,2021-09-26
CZ0624101,Cypripedium calceolus,2023-05-19
CZ0624101,Dracocephalum austriacum,2025-05-07
CZ0624101,Echium maculatum,2025-07-01
CZ0624101,Euplagia quadripunctaria,2023-08-19
CZ0624101,Lucanus cervus,2023-11-09
CZ0624101,Pulsatilla grandis,2025-03-25
CZ0624102,Bombina bombina,2016-04-21
CZ0624102,Coenagrion ornatum,2014-06-27
CZ0624102,Cucujus cinnaberinus,2011-04-21
CZ0624102,Eriogaster catax,2004-01-01
CZ0624102,Euplagia quadripunctaria,2024-07-27
CZ0624102,Lucanus cervus,2025-06-29
CZ0624102,Lycaena dispar,2022-08-12
CZ0624102,Myotis alcathoe/emarginatus,2015-07-20
CZ0624102,Scardinius erythrophthalmus,2015-11-17
CZ0624102,Vertigo angustior,2023-09-19
CZ0624103,Abramis brama,2025-08-11
CZ0624103,Ballerus ballerus,2004-01-01
CZ0624103,Blicca bjoerkna,2017-09-11
CZ0624103,Bombina bombina,2018-06-19
CZ0624103,Castor fiber,2011-12-28
CZ0624103,Cerambyx cerdo,2025-05-10
CZ0624103,Cucujus cinnaberinus,2025-06-03
CZ0624103,Emys orbicularis,2024-06-09
CZ0624103,Lemna trisulca,2024-08-27
CZ0624103,Leuciscus aspius,2025-08-11
CZ0624103,Lucanus cervus,2025-05-10
CZ0624103,Lutra lutra,2010-12-09
CZ0624103,Lycaena dispar,2018-05-20
CZ0624103,Misgurnus fossilis,2004-01-01
CZ0624103,Ophiogomphus cecilia,2019-09-06
CZ0624103,Rhodeus amarus,2025-08-11
CZ0624103,Romanogobio vladykovi,2025-08-11
CZ0624103,Sabanejewia balcanica,2025-08-11
CZ0624103,Salmo trutta,2025-08-11
CZ0624103,Scardinius erythrophthalmus,2018-06-19
CZ0624103,Triturus dobrogicus,2018-06-22
CZ0624103,Unio crassus,2009-10-04
CZ0624104,Barbastella barbastellus,2014-04-28
CZ0624104,Carabus hungaricus,2024-09-20
CZ0624104,Cerambyx cerdo,2023-07-11
CZ0624104,Chazara briseis,1995-01-01
CZ0624104,Cucujus cinnaberinus,2015-03-24
CZ0624104,Dianthus lumnitzeri,2025-05-20
CZ0624104,Eriogaster catax,2025-04-23
CZ0624104,Euplagia quadripunctaria,2025-08-01
CZ0624104,Iris arenaria,2023-05-04
CZ0624104,Lucanus cervus,2025-08-04
CZ0624104,Lycaena dispar,2007-05-01
CZ0624104,Myotis bechsteinii,2012-05-23
CZ0624104,Myotis blythii,2000-01-01
CZ0624104,Myotis emarginatus,2006-08-14
CZ0624104,Myotis myotis,2015-09-08
CZ0624104,Pulsatilla grandis,2024-03-31
CZ0624104,Rhinolophus hipposideros,2006-08-14
CZ0624104,Rumex sp.,2004-04-20
CZ0624104,Spermophilus citellus,2002-01-01
CZ0624104,Triturus dobrogicus,2018-04-17
CZ0624106,Barbastella barbastellus,2015-08-13
CZ0624106,Bombina bombina,2025-04-21
CZ0624106,Cerambyx cerdo,2023-05-13
CZ0624106,Echium maculatum,2005-01-01
CZ0624106,Eriogaster catax,2006-10-09
CZ0624106,Euplagia quadripunctaria,2012-08-10
CZ0624106,Lucanus cervus,2023-07-05
CZ0624106,Myotis bechsteinii,2015-08-13
CZ0624106,Myotis emarginatus,2014-08-13
CZ0624106,Myotis myotis,2015-07-23
CZ0624106,Rhinolophus hipposideros,2015-08-10
CZ0624108,Crambe tataria,2025-11-07
CZ0624108,Euplagia quadripunctaria,2008-08-01
CZ0624112,Crambe tataria,2025-05-14
CZ0624112,Lycaena dispar,2015-06-04
CZ0624112,Pulsatilla grandis,2004-01-01
CZ0624112,Spermophilus citellus,2000-01-01
CZ0624114,Cucujus cinnaberinus,2023-11-09
CZ0624114,Echium maculatum,2001-06-06
CZ0624114,Euplagia quadripunctaria,2021-08-21
CZ0624114,Lucanus cervus,2023-11-09
CZ0624114,Lycaena dispar,2017-06-01
CZ0624114,Pulsatilla grandis,2023-03-23
CZ0624115,Colias myrmidone,2003-05-23
CZ0624115,Cucujus cinnaberinus,2018-11-01
CZ0624115,Cypripedium calceolus,2024-05-02
CZ0624115,Echium maculatum,2025-06-04
CZ0624115,Euplagia quadripunctaria,2024-08-04
CZ0624115,Lycaena dispar,2011-08-17
CZ0624115,Pulsatilla grandis,2025-04-06
CZ0624116,Artemisia pancicii,2024-09-03
CZ0624116,Carabus hungaricus,2002-03-20
CZ0624116,Crambe tataria,2025-04-23
CZ0624116,Echium maculatum,2025-06-11
CZ0624116,Klasea lycopifolia,2024-05-06
CZ0624116,Lucanus cervus,2015-06-29
CZ0624116,Lycaena dispar,2021-06-02
CZ0624116,Pulsatilla grandis,2023-03-21
CZ0624118,Eriogaster catax,2025-04-22
CZ0624118,Pulsatilla grandis,2025-04-01
CZ0624119,Abramis brama,2025-07-07
CZ0624119,Acipenser ruthenus,2021-06-10
CZ0624119,Ameiurus melas,2024-08-27
CZ0624119,Ameiurus nebulosus,2024-08-27
CZ0624119,Anisus vorticulus,2025-09-08
CZ0624119,Anodonta sp.,2018-10-04
CZ0624119,Ballerus ballerus,2012-08-28
CZ0624119,Ballerus sapa,2019-11-08
CZ0624119,Barbastella barbastellus,2015-06-24
CZ0624119,Blicca bjoerkna,2025-09-30
CZ0624119,Bombina bombina,2025-07-20
CZ0624119,Castor fiber,2026-03-15
CZ0624119,Cerambyx cerdo,2025-07-29
CZ0624119,Cobitis elongatoides,2019-10-31
CZ0624119,Cobitis sp.,2023-09-07
CZ0624119,Cucujus cinnaberinus,2024-05-11
CZ0624119,Emys orbicularis,2019-07-01
CZ0624119,Eriogaster catax,2023-12-19
CZ0624119,Euphydryas maturna,2006-08-17
CZ0624119,Euplagia quadripunctaria,2024-07-27
CZ0624119,Graphoderus bilineatus,2021-05-21
CZ0624119,Gymnocephalus baloni,2019-11-08
CZ0624119,Gymnocephalus schraetser,2019-01-03
CZ0624119,Lemna trisulca,2025-07-23
CZ0624119,Leuciscus aspius,2025-09-30
CZ0624119,Limoniscus violaceus,2002-03-05
CZ0624119,Lucanus cervus,2025-06-26
CZ0624119,Lutra lutra,2026-03-15
CZ0624119,Lycaena dispar,2025-05-03
CZ0624119,Misgurnus fossilis,2023-09-08
CZ0624119,Myotis alcathoe/emarginatus,2015-07-23
CZ0624119,Myotis bechsteinii,2015-07-23
CZ0624119,Myotis dasycneme,2011-06-21
CZ0624119,Myotis emarginatus,2014-05-21
CZ0624119,Myotis myotis,2015-06-24
CZ0624119,Ophiogomphus cecilia,2020-06-30
CZ0624119,Osmoderma barnabita,2023-08-24
CZ0624119,Pelecus cultratus,2012-08-28
CZ0624119,Phengaris nausithous,2012-08-09
CZ0624119,Phengaris teleius,2024-07-19
CZ0624119,Rhinolophus hipposideros,2012-06-21
CZ0624119,Rhodeus amarus,2025-09-30
CZ0624119,Rhysodes sulcatus,2020-06-22
CZ0624119,Romanogobio vladykovi,2025-09-30
CZ0624119,Rosalia alpina,2025-07-29
CZ0624119,Rumex sp.,2001-08-02
CZ0624119,Rutilus virgo,2016-01-31
CZ0624119,Salmo trutta,2019-01-01
CZ0624119,Sanguisorba officinalis,2025-09-29
CZ0624119,Scardinius erythrophthalmus,2025-08-12
CZ0624119,Spermophilus citellus,2002-01-01
CZ0624119,Triturus dobrogicus,2025-07-20
CZ0624119,Unio crassus,2025-11-22
CZ0624119,Zingel streber,2019-10-31
CZ0624119,Zingel zingel,2020-11-15
CZ0624128,Cerambyx cerdo,2025-04-22
CZ0624128,Cucujus cinnaberinus,2015-05-11
CZ0624128,Dianthus moravicus,2022-06-09
CZ0624128,Euplagia quadripunctaria,2023-08-16
CZ0624128,Lucanus cervus,2025-06-25
CZ0624128,Lutra lutra,2006-10-22
CZ0624128,Myotis myotis,2005-04-14
CZ0624128,Pulsatilla grandis,2024-04-16
CZ0624128,Rhinolophus hipposideros,2014-05-21
CZ0624128,Spermophilus citellus,2005-04-14
CZ0624128,Unio crassus,2000-06-07
CZ0624129,Anodonta sp.,2021-04-26
CZ0624129,Bombina bombina,2013-08-02
CZ0624129,Cucujus cinnaberinus,2026-02-20
CZ0624129,Lutra lutra,2024-11-15
CZ0624129,Lycaena dispar,2025-08-06
CZ0624129,Phengaris nausithous,2025-08-06
CZ0624129,Sanguisorba officinalis,2025-07-22
CZ0624129,Triturus cristatus,2025-03-19
CZ0624129,Vertigo angustior,2014-09-23
CZ0624130,Abramis brama,2022-03-23
CZ0624130,Anodonta sp.,2022-03-23
CZ0624130,Barbastella barbastellus,2026-03-03
CZ0624130,Bombina bombina,2010-04-20
CZ0624130,Buxbaumia viridis,2025-12-18
CZ0624130,Canis lupus,2025-11-07
CZ0624130,Castor fiber,2026-02-19
CZ0624130,Cerambyx cerdo,1995-06-01
CZ0624130,Chamaecytisus sp.,2002-07-06
CZ0624130,Cottus gobio,2025-03-08
CZ0624130,Cucujus cinnaberinus,2022-10-17
CZ0624130,Cypripedium calceolus,2024-06-05
CZ0624130,Dicranum viride,2024-11-26
CZ0624130,Echium maculatum,2025-06-04
CZ0624130,Euplagia quadripunctaria,2025-08-29
CZ0624130,Lemna trisulca,2007-06-01
CZ0624130,Limoniscus violaceus,2023-11-18
CZ0624130,Lucanus cervus,2025-07-30
CZ0624130,Lutra lutra,2025-08-29
CZ0624130,Lycaena dispar,2025-08-15
CZ0624130,Lynx lynx,2019-02-01
CZ0624130,Myotis alcathoe/emarginatus,2024-08-08
CZ0624130,Myotis bechsteinii,2026-02-06
CZ0624130,Myotis blythii,2012-06-21
CZ0624130,Myotis dasycneme,2026-02-06
CZ0624130,Myotis emarginatus,2026-02-09
CZ0624130,Myotis myotis,2026-03-03
CZ0624130,Myotis sp.,2026-03-03
CZ0624130,Osmoderma barnabita,2024-04-07
CZ0624130,Phengaris nausithous,2025-08-11
CZ0624130,Phengaris teleius,2020-07-31
CZ0624130,Pulsatilla grandis,2025-03-26
CZ0624130,Rhinolophus hipposideros,2026-03-03
CZ0624130,Rumex sp.,2007-12-07
CZ0624130,Salmo trutta,2022-10-08
CZ0624130,Sanguisorba officinalis,2025-08-29
CZ0624130,Scardinius erythrophthalmus,2024-10-11
CZ0624130,Triturus cristatus,2024-09-18
CZ0624132,Barbastella barbastellus,2017-12-02
CZ0624132,Canis lupus,2022-01-08
CZ0624132,Castor fiber,2026-01-28
CZ0624132,Euplagia quadripunctaria,2021-07-31
CZ0624132,Limoniscus violaceus,2015-04-16
CZ0624132,Lutra lutra,2006-10-20
CZ0624132,Lycaena dispar,2022-08-19
CZ0624132,Lynx lynx,2021-01-21
CZ0624132,Ophiogomphus cecilia,2012-07-03
CZ0624132,Phengaris nausithous,2020-07-31
CZ0624132,Phengaris teleius,2020-07-31
CZ0624132,Rhinolophus hipposideros,2024-10-28
CZ0624132,Rumex sp.,2013-04-01
CZ0624234,Cerambyx cerdo,2025-07-21
CZ0624234,Cucujus cinnaberinus,2019-05-06
CZ0624234,Euplagia quadripunctaria,2025-08-02
CZ0624234,Iris arenaria,2024-04-29
CZ0624234,Lucanus cervus,2025-08-03
CZ0624234,Lycaena dispar,2007-05-21
CZ0624234,Pulsatilla grandis,2000-09-20
CZ0624234,Spermophilus citellus,2001-05-15
CZ0624235,Lycaena dispar,2018-06-10
CZ0624235,Pulsatilla grandis,2025-04-21
CZ0624236,Echium maculatum,2025-06-06
CZ0624236,Euplagia quadripunctaria,2024-07-30
CZ0624236,Lucanus cervus,2021-07-07
CZ0624236,Lycaena dispar,2015-08-18
CZ0624236,Pulsatilla grandis,2025-03-20
CZ0624238,Abramis brama,2025-08-11
CZ0624238,Blicca bjoerkna,2025-08-11
CZ0624238,Castor fiber,2024-06-02
CZ0624238,Cucujus cinnaberinus,2025-04-07
CZ0624238,Leuciscus aspius,2025-08-11
CZ0624238,Lutra lutra,2019-04-19
CZ0624238,Ophiogomphus cecilia,2019-08-25
CZ0624238,Rhodeus amarus,2025-08-11
CZ0624238,Romanogobio vladykovi,2025-08-11
CZ0624238,Sabanejewia balcanica,2025-08-11
CZ0624238,Salmo trutta,2014-08-08
CZ0624238,Unio crassus,2025-07-13
CZ0625020,Buxbaumia viridis,2023-12-14
CZ0625020,Dicranum viride,2023-12-14
CZ0710004,Euplagia quadripunctaria,2020-08-21
CZ0710004,Lucanus cervus,2020-08-05
CZ0710004,Lycaena dispar,2003-01-01
CZ0710004,Myotis bechsteinii,2021-07-17
CZ0710004,Sanguisorba officinalis,2022-03-29
CZ0710004,Succisa pratensis,2022-03-29
CZ0710006,Euplagia quadripunctaria,2022-08-04
CZ0710006,Lycaena dispar,2011-08-03
CZ0710006,Phengaris nausithous,2010-08-10
CZ0710006,Sanguisorba officinalis,2022-08-23
CZ0710007,Euplagia quadripunctaria,2021-08-11
CZ0710148,Cucujus cinnaberinus,2021-04-03
CZ0710148,Euplagia quadripunctaria,2021-08-11
CZ0710148,Lutra lutra,2016-04-29
CZ0710161,Bombina bombina,2006-01-01
CZ0710161,Cucujus cinnaberinus,2022-05-21
CZ0710161,Dicranum viride,2024-04-06
CZ0710161,Lemna trisulca,2021-03-03
CZ0710161,Lutra lutra,2011-01-03
CZ0710161,Lycaena dispar,2024-08-29
CZ0710161,Succisa pratensis,2006-01-01
CZ0710161,Triturus cristatus,2024-04-06
CZ0710182,Bombina variegata,2008-07-26
CZ0710182,Castor fiber,2021-05-20
CZ0710182,Cucujus cinnaberinus,2018-04-22
CZ0710182,Leucorrhinia pectoralis,2021-06-17
CZ0710182,Lycaena dispar,2024-07-23
CZ0710182,Phengaris nausithous,2021-07-27
CZ0710182,Phengaris teleius,2010-08-17
CZ0710182,Sanguisorba officinalis,2017-07-06
CZ0710182,Succisa pratensis,2017-06-02
CZ0710182,Triturus cristatus,2018-05-01
CZ0710183,Barbastella barbastellus,2020-08-08
CZ0710183,Buxbaumia viridis,2015-09-24
CZ0710183,Canis lupus,2023-02-04
CZ0710183,Carabus variolosus,2012-11-08
CZ0710183,Lutra lutra,2016-11-18
CZ0710183,Myotis bechsteinii,2020-08-08
CZ0710183,Salmo trutta,2024-11-25
CZ0710505,Euplagia quadripunctaria,2020-08-06
CZ0710505,Pulsatilla grandis,2023-06-14
CZ0712186,Abramis brama,2020-09-20
CZ0712186,Angelica palustris,2024-04-24
CZ0712186,Blicca bjoerkna,2005-09-07
CZ0712186,Bombina bombina,2024-04-05
CZ0712186,Castor fiber,2023-01-26
CZ0712186,Cucujus cinnaberinus,2022-10-28
CZ0712186,Lemna trisulca,2017-09-18
CZ0712186,Lycaena dispar,2018-08-05
CZ0712186,Misgurnus fossilis,2020-09-20
CZ0712186,Myotis myotis,2014-08-28
CZ0712186,Phengaris nausithous,2017-07-16
CZ0712186,Rhodeus amarus,2000-01-01
CZ0712186,Scardinius erythrophthalmus,2020-09-20
CZ0712186,Triturus cristatus,2024-04-10
CZ0712187,Asplenium adulterinum,2022-04-10
CZ0712187,Sanguisorba officinalis,2021-04-30
CZ0712189,Barbastella barbastellus,2000-01-22
CZ0712189,Cypripedium calceolus,2023-06-13
CZ0712189,Myotis myotis,2001-01-27
CZ0712189,Rhinolophus hipposideros,2001-01-27
CZ0712191,Gentianella praecox subsp. bohemica,2023-09-25
CZ0712191,Succisa pratensis,2001-08-23
CZ0712192,Lycaena dispar,2004-01-01
CZ0712192,Pulsatilla grandis,2025-03-20
CZ0712193,Lycaena dispar,2017-09-10
CZ0712193,Pulsatilla grandis,2024-04-15
CZ0712197,Asplenium adulterinum,2024-10-16
CZ0712225,Pulsatilla grandis,2024-04-08
CZ0712226,Cypripedium calceolus,2023-06-08
CZ0713004,Cottus gobio,2017-09-29
CZ0713004,Eudontomyzon mariae,2023-10-01
CZ0713004,Lampetra planeri,2013-09-23
CZ0713004,Lutra lutra,2015-09-16
CZ0713004,Myotis myotis,2015-09-16
CZ0713004,Salmo trutta,2019-08-14
CZ0713008,Bombina bombina,2025-08-29
CZ0713008,Triturus cristatus,2025-08-29
CZ0713374,Abramis brama,2004-01-01
CZ0713374,Castor fiber,2022-09-22
CZ0713374,Cottus gobio,2025-09-03
CZ0713374,Lampetra planeri,2025-09-03
CZ0713374,Lutra lutra,2015-09-27
CZ0713374,Salmo trutta,2025-09-03
CZ0713375,Castor fiber,2025-12-07
CZ0713375,Cucujus cinnaberinus,2024-12-20
CZ0713375,Lutra lutra,2016-10-24
CZ0713383,Triturus cristatus,2024-05-23
CZ0713385,Bombina bombina,2021-04-27
CZ0713385,Bombina variegata,2025-06-04
CZ0713385,Leucorrhinia pectoralis,2022-06-03
CZ0713385,Lutra lutra,2016-04-13
CZ0713385,Myotis myotis,2015-10-09
CZ0713385,Salmo trutta,2015-10-23
CZ0713385,Triturus cristatus,2025-06-08
CZ0713388,Lycaena dispar,2020-08-20
CZ0713388,Phengaris nausithous,2022-08-22
CZ0713388,Sanguisorba officinalis,2021-07-29
CZ0713391,Anisus vorticulus,2025-08-02
CZ0713391,Lemna trisulca,2015-06-10
CZ0713394,Abramis brama,2020-09-16
CZ0713394,Bombina bombina,2026-05-07
CZ0713394,Rumex sp.,2020-05-17
CZ0713394,Scardinius erythrophthalmus,2020-09-16
CZ0713394,Triturus cristatus,2015-08-08
CZ0713395,Bombina variegata,2005-06-11
CZ0713395,Castor fiber,2024-04-12
CZ0713395,Lemna trisulca,2020-07-19
CZ0713395,Leucorrhinia pectoralis,2020-09-05
CZ0713395,Lycaena dispar,2020-07-04
CZ0713395,Phengaris nausithous,2020-08-13
CZ0713395,Phengaris teleius,2020-08-13
CZ0713395,Sanguisorba officinalis,2022-07-27
CZ0713395,Succisa pratensis,2022-07-27
CZ0713395,Triturus cristatus,2006-06-13
CZ0713395,Vertigo geyeri,2024-06-11
CZ0713397,Carabus variolosus,2013-08-03
CZ0713397,Lissotriton montandoni,2025-08-24
CZ0713397,Lutra lutra,2015-04-21
CZ0713397,Lynx lynx,2007-02-01
CZ0713397,Salmo trutta,2025-08-24
CZ0713397,Scardinius erythrophthalmus,2025-08-24
CZ0713397,Triturus cristatus,2025-05-06
CZ0713398,Bombina bombina,2023-05-23
CZ0713398,Bombina variegata,2025-09-22
CZ0713398,Castor fiber,2025-09-19
CZ0713398,Lampetra planeri,2020-09-07
CZ0713398,Leucorrhinia pectoralis,2023-06-01
CZ0713398,Lissotriton montandoni,2024-04-11
CZ0713398,Lutra lutra,2015-08-23
CZ0713398,Lycaena dispar,2013-06-12
CZ0713398,Myotis emarginatus,2015-08-23
CZ0713398,Myotis myotis,2015-08-23
CZ0713398,Scardinius erythrophthalmus,2020-09-07
CZ0713398,Triturus cristatus,2025-06-04
CZ0713526,Barbastella barbastellus,2022-01-23
CZ0713526,Myotis bechsteinii,2022-01-23
CZ0713526,Myotis emarginatus,2022-01-23
CZ0713526,Myotis myotis,2022-01-23
CZ0713526,Rhinolophus hipposideros,2022-01-23
CZ0713720,Myotis myotis,2021-07-22
CZ0713722,Barbastella barbastellus,2025-02-03
CZ0713722,Myotis emarginatus,2025-07-29
CZ0713722,Rhinolophus hipposideros,2025-07-29
CZ0713723,Barbastella barbastellus,2017-01-25
CZ0713723,Myotis myotis,2021-01-19
CZ0713723,Myotis sp.,2019-02-15
CZ0713723,Rhinolophus hipposideros,2021-07-15
CZ0713724,Rhinolophus hipposideros,2011-07-20
CZ0713725,Myotis emarginatus,2011-07-20
CZ0713726,Myotis myotis,2006-06-24
CZ0713728,Myotis myotis,2005-07-01
CZ0713730,Barbastella barbastellus,2025-08-22
CZ0713730,Bombina variegata,2001-06-19
CZ0713730,Myotis bechsteinii,2004-08-02
CZ0713730,Myotis emarginatus,2025-01-25
CZ0713730,Myotis myotis,2025-01-25
CZ0713730,Myotis sp.,2024-01-26
CZ0713730,Rhinolophus hipposideros,2025-08-22
CZ0713730,Triturus cristatus,2008-09-05
CZ0713734,Myotis emarginatus,2011-07-08
CZ0713735,Rhinolophus hipposideros,2021-08-02
CZ0713736,Myotis myotis,2006-06-28
CZ0713739,Barbastella barbastellus,2004-12-31
CZ0713739,Myotis myotis,2021-07-26
CZ0713739,Rhinolophus hipposideros,2021-07-26
CZ0713740,Myotis myotis,2021-07-30
CZ0713740,Rhinolophus hipposideros,2021-07-30
CZ0713741,Barbastella barbastellus,2022-01-17
CZ0713741,Myotis bechsteinii,2021-01-18
CZ0713741,Myotis emarginatus,2022-01-17
CZ0713741,Myotis myotis,2022-01-17
CZ0713741,Myotis sp.,2024-11-16
CZ0713741,Rhinolophus hipposideros,2024-11-16
CZ0713742,Barbastella barbastellus,2024-01-13
CZ0713742,Myotis bechsteinii,2025-02-16
CZ0713742,Myotis emarginatus,2025-02-16
CZ0713742,Myotis myotis,2025-02-16
CZ0713742,Rhinolophus hipposideros,2025-02-16
CZ0713743,Barbastella barbastellus,2022-01-21
CZ0713743,Myotis emarginatus,2022-01-21
CZ0713743,Myotis myotis,2022-01-21
CZ0713743,Rhinolophus hipposideros,2022-01-21
CZ0713745,Barbastella barbastellus,2001-02-10
CZ0713745,Myotis emarginatus,2001-02-10
CZ0713746,Myotis myotis,2021-06-14
CZ0713747,Myotis emarginatus,2011-07-05
CZ0713827,Barbastella barbastellus,2004-03-16
CZ0713827,Bombina variegata,2024-07-31
CZ0713827,Castor fiber,2023-12-16
CZ0713827,Cottus gobio,2004-01-01
CZ0713827,Lampetra planeri,2004-01-01
CZ0713827,Salmo trutta,2004-01-01
CZ0713827,Triturus cristatus,2024-06-17
CZ0714073,Abramis brama,2023-11-04
CZ0714073,Ameiurus nebulosus,2016-04-21
CZ0714073,Angelica palustris,2003-01-01
CZ0714073,Anisus vorticulus,2025-11-01
CZ0714073,Barbastella barbastellus,2025-12-17
CZ0714073,Blicca bjoerkna,2004-01-01
CZ0714073,Bombina bombina,2026-02-05
CZ0714073,Canis lupus,2017-12-28
CZ0714073,Castor fiber,2026-03-04
CZ0714073,Cottus gobio,2023-10-05
CZ0714073,Cucujus cinnaberinus,2024-03-17
CZ0714073,Euplagia quadripunctaria,2020-08-02
CZ0714073,Lampetra planeri,2015-09-01
CZ0714073,Lemna trisulca,2024-07-03
CZ0714073,Leuciscus aspius,2012-06-08
CZ0714073,Leucorrhinia pectoralis,2021-07-18
CZ0714073,Lucanus cervus,2015-06-06
CZ0714073,Lutra lutra,2026-01-19
CZ0714073,Lycaena dispar,2025-06-02
CZ0714073,Misgurnus fossilis,2022-09-01
CZ0714073,Myotis alcathoe/emarginatus,2022-06-02
CZ0714073,Myotis bechsteinii,2022-10-05
CZ0714073,Myotis blythii,2012-06-21
CZ0714073,Myotis dasycneme,2022-06-02
CZ0714073,Myotis emarginatus,2023-02-16
CZ0714073,Myotis myotis,2023-12-06
CZ0714073,Myotis sp.,2004-01-30
CZ0714073,Ophiogomphus cecilia,2025-08-07
CZ0714073,Phengaris nausithous,2025-08-10
CZ0714073,Phengaris teleius,2004-07-17
CZ0714073,Rhinolophus hipposideros,2025-12-17
CZ0714073,Rhodeus amarus,2023-11-04
CZ0714073,Rumex sp.,2022-09-30
CZ0714073,Salmo trutta,2018-09-23
CZ0714073,Sanguisorba officinalis,2024-07-26
CZ0714073,Scardinius erythrophthalmus,2022-09-01
CZ0714073,Succisa pratensis,2024-07-26
CZ0714073,Triturus cristatus,2026-02-05
CZ0714073,Unio crassus,2025-08-18
CZ0714075,Barbastella barbastellus,2011-12-21
CZ0714075,Buxbaumia viridis,2024-08-22
CZ0714075,Canis lupus,2026-02-19
CZ0714075,Carabus variolosus,2021-06-29
CZ0714075,Cottus gobio,2004-01-01
CZ0714075,Lissotriton montandoni,2012-07-07
CZ0714075,Lutra lutra,2016-01-31
CZ0714075,Lynx lynx,2013-01-26
CZ0714075,Myotis emarginatus,2011-12-21
CZ0714075,Myotis myotis,2012-06-21
CZ0714075,Rhinolophus hipposideros,2012-06-21
CZ0714075,Salmo trutta,2004-01-01
CZ0714076,Bombina bombina,2011-04-21
CZ0714076,Euplagia quadripunctaria,2023-08-20
CZ0714076,Lycaena dispar,2023-06-08
CZ0714076,Pulsatilla grandis,2025-05-25
CZ0714076,Spermophilus citellus,2001-08-15
CZ0714076,Triturus cristatus,2011-07-05
CZ0714077,Barbastella barbastellus,2022-08-11
CZ0714077,Buxbaumia viridis,2021-11-01
CZ0714077,Campanula gelida,2024-07-25
CZ0714077,Canis lupus,2026-03-04
CZ0714077,Carabus variolosus,2023-06-28
CZ0714077,Cottus gobio,2004-01-01
CZ0714077,Lutra lutra,2015-03-10
CZ0714077,Lynx lynx,2011-02-06
CZ0714077,Myotis bechsteinii,2021-09-14
CZ0714077,Myotis emarginatus,2011-12-21
CZ0714077,Myotis myotis,2022-07-24
CZ0714077,Myotis sp.,2002-03-09
CZ0714077,Poa riphaea,2024-08-27
CZ0714077,Rhinolophus hipposideros,2022-07-24
CZ0714077,Salmo trutta,2004-01-01
CZ0714078,Barbastella barbastellus,2015-05-06
CZ0714078,Buxbaumia viridis,2021-06-03
CZ0714078,Carabus variolosus,2003-01-01
CZ0714078,Lutra lutra,2015-05-17
CZ0714078,Lynx lynx,2005-02-01
CZ0714078,Salmo trutta,2001-05-22
CZ0714080,Barbastella barbastellus,2026-03-03
CZ0714080,Cypripedium calceolus,2024-05-15
CZ0714080,Euplagia quadripunctaria,2022-08-03
CZ0714080,Lutra lutra,2012-05-09
CZ0714080,Myotis bechsteinii,2021-02-05
CZ0714080,Myotis emarginatus,2026-03-03
CZ0714080,Myotis myotis,2026-03-03
CZ0714080,Myotis sp.,2026-01-17
CZ0714080,Rhinolophus ferrumequinum,2007-07-16
CZ0714080,Rhinolophus hipposideros,2026-03-03
CZ0714081,Buxbaumia viridis,2020-10-08
CZ0714081,Canis lupus,2024-11-09
CZ0714081,Carabus variolosus,2022-06-07
CZ0714081,Castor fiber,2025-01-10
CZ0714081,Lampetra planeri,2025-09-11
CZ0714081,Leucorrhinia pectoralis,2020-06-27
CZ0714081,Lissotriton montandoni,2025-07-26
CZ0714081,Lynx lynx,2007-01-01
CZ0714081,Myotis myotis,1982-01-01
CZ0714081,Salmo trutta,2025-09-11
CZ0714082,Abramis brama,2017-08-07
CZ0714082,Blicca bjoerkna,2004-01-01
CZ0714082,Bombina bombina,2025-05-14
CZ0714082,Castor fiber,2014-01-12
CZ0714082,Cobitis sp.,2019-10-28
CZ0714082,Cucujus cinnaberinus,2024-10-28
CZ0714082,Euplagia quadripunctaria,2019-08-04
CZ0714082,Lemna trisulca,2005-04-01
CZ0714082,Leuciscus aspius,2012-10-17
CZ0714082,Lucanus cervus,2024-05-22
CZ0714082,Lutra lutra,2025-01-12
CZ0714082,Misgurnus fossilis,2004-01-01
CZ0714082,Myotis bechsteinii,2014-08-29
CZ0714082,Myotis myotis,2014-08-29
CZ0714082,Osmoderma barnabita,2013-04-06
CZ0714082,Phengaris nausithous,2004-07-19
CZ0714082,Rhodeus amarus,2022-09-01
CZ0714082,Romanogobio banaticus,2023-09-21
CZ0714082,Salmo trutta,2024-07-09
CZ0714082,Scardinius erythrophthalmus,2004-01-01
CZ0714082,Triturus cristatus,2025-05-06
CZ0714082,Unio crassus,2024-07-09
CZ0714083,Bombina bombina,2004-05-30
CZ0714083,Euplagia quadripunctaria,2022-08-15
CZ0714083,Lemna trisulca,2007-08-21
CZ0714083,Lycaena dispar,2004-01-01
CZ0714083,Triturus cristatus,2011-04-21
CZ0714084,Asplenium adulterinum,2025-03-26
CZ0714084,Lynx lynx,2013-08-01
CZ0714085,Abramis brama,2021-06-08
CZ0714085,Ameiurus nebulosus,2004-01-01
CZ0714085,Blicca bjoerkna,2025-08-19
CZ0714085,Bombina bombina,2025-07-24
CZ0714085,Canis lupus,2025-02-05
CZ0714085,Castor fiber,2025-12-19
CZ0714085,Cerambyx cerdo,2013-02-10
CZ0714085,Cottus gobio,2010-01-01
CZ0714085,Cucujus cinnaberinus,2023-09-07
CZ0714085,Euplagia quadripunctaria,2015-08-02
CZ0714085,Lemna trisulca,2020-04-01
CZ0714085,Leuciscus aspius,2025-08-19
CZ0714085,Lutra lutra,2026-01-21
CZ0714085,Lycaena dispar,2023-08-16
CZ0714085,Misgurnus fossilis,2020-05-06
CZ0714085,Ophiogomphus cecilia,2020-08-08
CZ0714085,Osmoderma barnabita,2022-10-27
CZ0714085,Phengaris nausithous,2025-07-24
CZ0714085,Phengaris teleius,2001-01-01
CZ0714085,Rhodeus amarus,2025-08-19
CZ0714085,Romanogobio banaticus,2025-08-19
CZ0714085,Romanogobio vladykovi,2025-08-19
CZ0714085,Salmo trutta,2004-01-01
CZ0714085,Sanguisorba officinalis,2022-08-14
CZ0714085,Scardinius erythrophthalmus,2022-09-01
CZ0714085,Succisa pratensis,2022-08-07
CZ0714085,Triturus carnifex,2024-08-10
CZ0714085,Triturus cristatus,2025-07-05
CZ0714085,Unio crassus,2007-07-14
CZ0714086,Barbastella barbastellus,2014-01-25
CZ0714086,Buxbaumia viridis,2015-09-24
CZ0714086,Canis lupus,2026-02-19
CZ0714086,Carabus variolosus,2020-05-27
CZ0714086,Cottus gobio,2004-01-01
CZ0714086,Lampetra planeri,2004-01-01
CZ0714086,Lutra lutra,2018-12-02
CZ0714086,Lycaena dispar,2013-07-09
CZ0714086,Lynx lynx,2013-07-06
CZ0714086,Myotis bechsteinii,2021-01-30
CZ0714086,Myotis emarginatus,2025-02-01
CZ0714086,Myotis myotis,2025-02-01
CZ0714086,Myotis sp.,2018-01-26
CZ0714086,Rhinolophus hipposideros,2025-02-01
CZ0714086,Salmo trutta,2018-10-03
CZ0714086,Sanguisorba officinalis,2019-04-21
CZ0714086,Triturus cristatus,2025-02-24
CZ0714133,Barbastella barbastellus,2025-01-26
CZ0714133,Bombina variegata,2025-06-02
CZ0714133,Canis lupus,2024-11-05
CZ0714133,Carabus variolosus,2023-05-19
CZ0714133,Castor fiber,2022-05-01
CZ0714133,Cottus gobio,2023-10-21
CZ0714133,Cucujus cinnaberinus,2025-06-01
CZ0714133,Euplagia quadripunctaria,2024-08-18
CZ0714133,Lampetra planeri,2016-09-23
CZ0714133,Lemna trisulca,2013-07-21
CZ0714133,Leucorrhinia pectoralis,2017-06-18
CZ0714133,Lucanus cervus,2025-06-01
CZ0714133,Lutra lutra,2025-10-15
CZ0714133,Lycaena dispar,2018-05-27
CZ0714133,Lynx lynx,2014-11-01
CZ0714133,Myotis bechsteinii,2021-01-18
CZ0714133,Myotis emarginatus,2025-01-19
CZ0714133,Myotis myotis,2025-02-08
CZ0714133,Myotis sp.,2024-02-04
CZ0714133,Phengaris nausithous,2022-08-07
CZ0714133,Rhinolophus hipposideros,2025-04-12
CZ0714133,Salmo trutta,2025-08-06
CZ0714133,Sanguisorba officinalis,2025-10-22
CZ0714133,Succisa pratensis,2015-10-10
CZ0714133,Triturus cristatus,2021-04-01
CZ0714771,Barbastella barbastellus,2015-08-27
CZ0714771,Euplagia quadripunctaria,2021-08-29
CZ0714771,Miniopterus schreibersii,2011-04-21
CZ0714771,Myotis bechsteinii,2012-08-30
CZ0714771,Myotis emarginatus,2007-09-19
CZ0714771,Myotis myotis,2024-03-30
CZ0714771,Rhinolophus hipposideros,2011-08-04
CZ0714772,Barbastella barbastellus,2015-05-08
CZ0714772,Bombina bombina,2006-05-23
CZ0714772,Carabus variolosus,2023-05-19
CZ0714772,Castor fiber,2006-01-01
CZ0714772,Euplagia quadripunctaria,2024-08-11
CZ0714772,Lutra lutra,2025-10-15
CZ0714772,Lycaena dispar,1995-01-01
CZ0714772,Myotis bechsteinii,2024-01-21
CZ0714772,Myotis emarginatus,2022-01-23
CZ0714772,Myotis myotis,2025-04-12
CZ0714772,Myotis sp.,2001-01-24
CZ0714772,Phengaris nausithous,2016-08-18
CZ0714772,Phengaris teleius,2010-08-05
CZ0714772,Rhinolophus hipposideros,2025-04-12
CZ0714772,Salmo trutta,2010-01-01
CZ0715024,Buxbaumia viridis,2024-05-11
CZ0715024,Mannia triandra,2022-05-17
CZ0715025,Buxbaumia viridis,2020-10-11
CZ0715025,Carabus variolosus,2015-11-30
CZ0720013,Colias myrmidone,2005-03-20
CZ0720013,Euplagia quadripunctaria,2005-03-20
CZ0720013,Lycaena dispar,2005-03-20
CZ0720013,Phengaris nausithous,2024-07-21
CZ0720013,Phengaris teleius,2024-07-21
CZ0720013,Pulsatilla grandis,2001-04-20
CZ0720013,Sanguisorba officinalis,2012-06-06
CZ0720016,Bombina variegata,2001-05-15
CZ0720016,Colias myrmidone,1995-01-01
CZ0720016,Eriogaster catax,2008-04-01
CZ0720016,Euplagia quadripunctaria,1995-01-01
CZ0720016,Hipparchia semele,1995-01-01
CZ0720016,Lucanus cervus,2006-04-03
CZ0720016,Lycaena dispar,1995-01-01
CZ0720016,Pulsatilla grandis,2023-03-24
CZ0720016,Sanguisorba officinalis,2013-07-25
CZ0720016,Succisa pratensis,2007-03-11
CZ0720033,Bombina variegata,2025-08-05
CZ0720033,Canis lupus,2025-01-29
CZ0720033,Carabus variolosus,2019-10-09
CZ0720033,Castor fiber,2018-05-22
CZ0720033,Euplagia quadripunctaria,2020-08-28
CZ0720033,Myotis emarginatus,2002-02-24
CZ0720033,Phengaris nausithous,2025-07-22
CZ0720033,Phengaris teleius,2025-07-22
CZ0720033,Rhinolophus hipposideros,2003-02-17
CZ0720033,Sanguisorba officinalis,2024-05-21
CZ0720033,Succisa pratensis,2024-05-21
CZ0720033,Vertigo angustior,2025-12-05
CZ0720058,Sanguisorba officinalis,2016-06-02
CZ0720058,Succisa pratensis,2016-06-02
CZ0720153,Cucujus cinnaberinus,2023-09-26
CZ0720185,Bombina variegata,2014-06-14
CZ0720185,Phengaris nausithous,2010-07-29
CZ0720185,Phengaris teleius,2010-07-29
CZ0720185,Sanguisorba officinalis,2023-05-31
CZ0720190,Bombina variegata,2025-04-29
CZ0720190,Carabus variolosus,2017-09-18
CZ0720190,Cucujus cinnaberinus,2021-05-26
CZ0720190,Rhysodes sulcatus,2021-05-26
CZ0720192,Bombina variegata,2005-04-01
CZ0720192,Carabus variolosus,2018-08-10
CZ0720192,Cucujus cinnaberinus,2021-10-28
CZ0720192,Salmo trutta,2004-01-01
CZ0720192,Sanguisorba officinalis,2014-08-05
CZ0720420,Eriogaster catax,2010-05-02
CZ0720420,Euplagia quadripunctaria,2011-08-07
CZ0720420,Lycaena dispar,2023-09-06
CZ0720420,Phengaris nausithous,2013-08-02
CZ0720420,Phengaris teleius,2015-07-24
CZ0720420,Sanguisorba officinalis,2012-09-20
CZ0720422,Bombina variegata,2016-08-16
CZ0720422,Eriogaster catax,2010-05-02
CZ0720422,Euplagia quadripunctaria,2022-08-09
CZ0720422,Lycaena dispar,2015-09-12
CZ0720422,Phengaris nausithous,2024-07-21
CZ0720422,Phengaris teleius,2024-07-21
CZ0720422,Sanguisorba officinalis,2021-07-17
CZ0720428,Bombina variegata,2025-05-22
CZ0720428,Canis lupus,2023-12-09
CZ0720428,Carabus variolosus,2005-06-01
CZ0720428,Euplagia quadripunctaria,2023-08-11
CZ0720428,Lutra lutra,2007-01-01
CZ0720428,Lycaena dispar,2013-09-03
CZ0720428,Myotis emarginatus,2011-06-21
CZ0720428,Myotis myotis,2012-06-21
CZ0720428,Phengaris nausithous,2021-08-02
CZ0720428,Phengaris teleius,2023-08-11
CZ0720428,Salmo trutta,2000-08-11
CZ0720428,Sanguisorba officinalis,2023-09-13
CZ0720428,Succisa pratensis,2005-07-14
CZ0720435,Barbastella barbastellus,2021-10-03
CZ0720435,Bombina variegata,2024-07-14
CZ0720435,Cucujus cinnaberinus,2023-05-07
CZ0720435,Euplagia quadripunctaria,2023-07-16
CZ0720435,Lycaena dispar,2022-08-08
CZ0720435,Myotis alcathoe/emarginatus,2021-07-22
CZ0720435,Myotis bechsteinii,2021-08-07
CZ0720435,Myotis myotis,2021-07-22
CZ0720435,Myotis sp.,2021-08-07
CZ0720435,Phengaris nausithous,2021-08-13
CZ0720435,Phengaris teleius,2022-07-05
CZ0720435,Rumex sp.,2003-06-18
CZ0720435,Sanguisorba officinalis,2014-06-29
CZ0720435,Succisa pratensis,2002-08-07
CZ0720437,Bombina variegata,2022-08-10
CZ0720437,Euplagia quadripunctaria,2022-08-09
CZ0720437,Lutra lutra,2016-10-09
CZ0720437,Lycaena dispar,2023-08-15
CZ0720437,Phengaris nausithous,2021-07-22
CZ0720437,Phengaris teleius,2015-07-24
CZ0720437,Rosalia alpina,2021-07-22
CZ0720437,Salmo trutta,2004-07-13
CZ0720437,Sanguisorba officinalis,2024-07-25
CZ0720437,Succisa pratensis,2005-08-19
CZ0720441,Bombina variegata,2023-06-15
CZ0720441,Carabus variolosus,2019-05-02
CZ0720441,Cottus gobio,2004-01-01
CZ0720441,Euplagia quadripunctaria,2009-08-15
CZ0720441,Hipparchia semele,1995-01-01
CZ0720441,Lycaena dispar,2022-07-05
CZ0720441,Phengaris nausithous,2022-08-08
CZ0720441,Phengaris teleius,2022-08-08
CZ0720441,Rosalia alpina,2024-07-02
CZ0720441,Salmo trutta,2004-08-16
CZ0720441,Sanguisorba officinalis,2019-07-31
CZ0720441,Succisa pratensis,2005-09-11
CZ0720441,Tephroseris longifolia subsp. moravica,2014-06-29
CZ0720441,Vertigo angustior,2005-07-01
CZ0720454,Bombina bombina,2023-06-15
CZ0720454,Bombina variegata,2021-05-26
CZ0720454,Euplagia quadripunctaria,2021-08-13
CZ0720454,Hipparchia semele,1995-01-01
CZ0720454,Lissotriton montandoni,2019-06-13
CZ0720454,Lycaena dispar,2005-09-04
CZ0720454,Phengaris teleius,2007-08-02
CZ0720454,Sanguisorba officinalis,2019-05-08
CZ0720454,Succisa pratensis,2014-06-18
CZ0722198,Hipparchia semele,1995-01-01
CZ0722198,Sanguisorba officinalis,2021-06-16
CZ0722198,Tephroseris longifolia subsp. moravica,2022-07-15
CZ0722199,Bombina variegata,2019-06-12
CZ0722199,Euplagia quadripunctaria,2011-08-03
CZ0722199,Lycaena dispar,2013-08-20
CZ0722199,Phengaris nausithous,2013-08-20
CZ0722199,Phengaris teleius,2013-08-20
CZ0722199,Sanguisorba officinalis,2019-06-28
CZ0722199,Succisa pratensis,2010-09-23
CZ0722199,Tephroseris longifolia subsp. moravica,2022-07-01
CZ0722201,Echium maculatum,2025-06-25
CZ0722201,Eriogaster catax,2005-03-20
CZ0722201,Euplagia quadripunctaria,2005-03-20
CZ0722201,Lycaena dispar,2005-03-20
CZ0722201,Pulsatilla grandis,2025-04-02
CZ0723007,Abramis brama,2004-01-01
CZ0723007,Blicca bjoerkna,2011-05-26
CZ0723007,Bombina bombina,2001-03-11
CZ0723007,Castor fiber,2010-01-01
CZ0723007,Eriogaster catax,2008-04-01
CZ0723007,Leuciscus aspius,2004-01-01
CZ0723007,Rhodeus amarus,2022-09-24
CZ0723007,Scardinius erythrophthalmus,2004-01-01
CZ0723012,Blicca bjoerkna,2011-05-26
CZ0723012,Bombina bombina,2001-03-11
CZ0723012,Castor fiber,2001-03-11
CZ0723012,Rhodeus amarus,2023-08-22
CZ0723020,Eriogaster catax,2021-05-01
CZ0723020,Lycaena dispar,2023-05-01
CZ0723024,Eriogaster catax,2025-04-25
CZ0723024,Hipparchia semele,1995-01-01
CZ0723024,Lycaena dispar,2021-08-03
CZ0723024,Rumex sp.,2022-05-01
CZ0723401,Vertigo angustior,2024-09-07
CZ0723403,Bombina variegata,2024-04-11
CZ0723403,Euplagia quadripunctaria,2018-08-03
CZ0723403,Lycaena dispar,2018-07-21
CZ0723403,Phengaris nausithous,2025-07-23
CZ0723403,Phengaris teleius,2025-07-23
CZ0723403,Sanguisorba officinalis,2015-09-19
CZ0723403,Succisa pratensis,2005-01-01
CZ0723406,Bombina variegata,2015-06-11
CZ0723406,Lissotriton montandoni,2015-07-31
CZ0723406,Triturus cristatus,2026-03-11
CZ0723409,Bombina bombina,2025-06-13
CZ0723409,Bombina variegata,2023-06-01
CZ0723409,Echium maculatum,2012-06-03
CZ0723409,Euplagia quadripunctaria,2021-08-22
CZ0723409,Lucanus cervus,2008-04-03
CZ0723409,Lycaena dispar,2018-08-11
CZ0723409,Scardinius erythrophthalmus,2011-12-01
CZ0723409,Triturus cristatus,2024-07-29
CZ0723410,Bombina bombina,2025-04-14
CZ0723410,Leucorrhinia pectoralis,2002-05-18
CZ0723410,Lycaena dispar,2002-05-18
CZ0723410,Triturus cristatus,2025-07-11
CZ0723412,Abramis brama,2015-10-01
CZ0723412,Bombina variegata,2025-05-08
CZ0723412,Eriogaster catax,2008-04-01
CZ0723412,Euplagia quadripunctaria,2008-08-13
CZ0723412,Hipparchia semele,1995-01-01
CZ0723412,Myotis myotis,2015-05-08
CZ0723412,Phengaris nausithous,2018-07-19
CZ0723412,Scardinius erythrophthalmus,2016-05-12
CZ0723412,Triturus cristatus,2025-05-08
CZ0723413,Bombina bombina,2025-05-13
CZ0723413,Bombina variegata,2020-06-15
CZ0723413,Castor fiber,2024-03-06
CZ0723413,Eriogaster catax,2010-05-02
CZ0723413,Triturus cristatus,2015-07-31
CZ0723414,Eriogaster catax,2010-05-02
CZ0723414,Lycaena dispar,2008-01-01
CZ0723415,Eriogaster catax,2010-05-02
CZ0723416,Bombina bombina,2015-06-20
CZ0723416,Bombina variegata,2025-05-08
CZ0723416,Castor fiber,2025-03-27
CZ0723416,Cucujus cinnaberinus,2024-09-13
CZ0723416,Eriogaster catax,2012-04-14
CZ0723416,Euplagia quadripunctaria,2015-08-20
CZ0723416,Hipparchia semele,1995-01-01
CZ0723416,Lucanus cervus,2015-05-29
CZ0723416,Lycaena dispar,2021-09-10
CZ0723416,Myotis myotis,2015-05-07
CZ0723416,Rhodeus amarus,2025-05-06
CZ0723416,Triturus cristatus,2025-04-25
CZ0723417,Phengaris nausithous,2020-08-10
CZ0723417,Phengaris teleius,2009-07-26
CZ0723417,Vertigo angustior,2025-09-05
CZ0723421,Eriogaster catax,2015-05-07
CZ0723421,Euplagia quadripunctaria,2008-01-01
CZ0723421,Lycaena dispar,2021-07-25
CZ0723421,Phengaris nausithous,2024-07-21
CZ0723421,Phengaris teleius,2024-07-21
CZ0723421,Triturus cristatus,2010-04-08
CZ0723423,Bombina bombina,2025-06-13
CZ0723423,Castor fiber,2023-02-23
CZ0723423,Leucorrhinia pectoralis,2002-06-16
CZ0723423,Misgurnus fossilis,2020-05-16
CZ0723423,Scardinius erythrophthalmus,1975-01-01
CZ0723423,Triturus cristatus,2025-05-24
CZ0723424,Ameiurus nebulosus,2000-03-05
CZ0723424,Bombina bombina,2025-06-13
CZ0723424,Castor fiber,2015-04-06
CZ0723424,Cucujus cinnaberinus,2024-09-05
CZ0723424,Lucanus cervus,2008-04-03
CZ0723424,Sanguisorba officinalis,2025-08-19
CZ0723424,Scardinius erythrophthalmus,2000-03-05
CZ0723424,Triturus cristatus,2015-05-16
CZ0723425,Castor fiber,2012-01-01
CZ0723425,Cucujus cinnaberinus,2022-06-14
CZ0723425,Eriogaster catax,2025-04-16
CZ0723425,Euplagia quadripunctaria,2008-01-01
CZ0723425,Hipparchia semele,1995-01-01
CZ0723425,Lucanus cervus,2007-04-14
CZ0723425,Lycaena dispar,2021-05-26
CZ0723426,Bombina bombina,2025-06-13
CZ0723426,Lycaena dispar,2007-04-01
CZ0723426,Misgurnus fossilis,2019-04-20
CZ0723426,Rhodeus amarus,2019-04-20
CZ0723426,Triturus cristatus,2015-06-12
CZ0723430,Bombina bombina,2015-07-05
CZ0723430,Bombina variegata,2025-07-22
CZ0723430,Eriogaster catax,2017-04-23
CZ0723430,Lycaena dispar,2008-01-01
CZ0723430,Phengaris nausithous,2018-07-28
CZ0723430,Phengaris teleius,2009-07-19
CZ0723430,Sanguisorba officinalis,2022-09-10
CZ0723434,Abramis brama,2025-08-11
CZ0723434,Bombina variegata,2022-05-13
CZ0723434,Castor fiber,2023-03-23
CZ0723434,Cottus gobio,2025-08-11
CZ0723434,Hipparchia semele,1995-01-01
CZ0723434,Lutra lutra,2016-10-09
CZ0723434,Rhodeus amarus,2025-08-11
CZ0723434,Sabanejewia balcanica,2025-08-11
CZ0723434,Salmo trutta,2025-08-11
CZ0723434,Sanguisorba officinalis,2009-06-17
CZ0723750,Myotis myotis,2015-07-01
CZ0723751,Myotis myotis,2025-07-22
CZ0723752,Myotis myotis,2005-06-21
CZ0723753,Myotis myotis,2025-07-22
CZ0723753,Rhinolophus hipposideros,2025-07-22
CZ0723754,Rhinolophus hipposideros,2015-07-01
CZ0723755,Myotis myotis,2024-07-11
CZ0723756,Myotis myotis,2025-07-10
CZ0723757,Myotis emarginatus,2025-07-10
CZ0723758,Myotis emarginatus,2022-08-01
CZ0723758,Myotis myotis,2025-06-23
CZ0723759,Myotis emarginatus,2012-01-26
CZ0723759,Myotis myotis,2012-01-26
CZ0723759,Rhinolophus hipposideros,2012-01-26
CZ0723813,Euplagia quadripunctaria,2020-08-08
CZ0723813,Phengaris nausithous,2020-08-08
CZ0723813,Phengaris teleius,2020-08-08
CZ0723813,Succisa pratensis,2015-07-28
CZ0723813,Vertigo angustior,2024-09-07
CZ0724087,Bombina variegata,2017-07-13
CZ0724087,Chamaecytisus sp.,2022-05-09
CZ0724087,Colias myrmidone,1995-01-01
CZ0724087,Eriogaster catax,2024-10-11
CZ0724087,Euplagia quadripunctaria,2025-08-13
CZ0724087,Hipparchia semele,1995-01-01
CZ0724087,Lucanus cervus,2007-04-24
CZ0724087,Lycaena dispar,2025-08-13
CZ0724087,Osmoderma barnabita,2024-07-26
CZ0724087,Phengaris nausithous,2008-01-01
CZ0724087,Phengaris teleius,2008-01-01
CZ0724089,Aconitum firmum subsp. moravicum,2025-11-21
CZ0724089,Ameiurus melas,2024-10-14
CZ0724089,Ameiurus nebulosus,2024-10-14
CZ0724089,Barbastella barbastellus,2026-01-23
CZ0724089,Bombina bombina,2022-05-25
CZ0724089,Bombina variegata,2025-10-09
CZ0724089,Buxbaumia viridis,2024-10-18
CZ0724089,Canis lupus,2026-03-12
CZ0724089,Carabus variolosus,2025-11-01
CZ0724089,Castor fiber,2026-03-03
CZ0724089,Cottus gobio,2025-07-03
CZ0724089,Cucujus cinnaberinus,2025-07-15
CZ0724089,Cypripedium calceolus,2024-07-03
CZ0724089,Dicranum viride,2020-10-26
CZ0724089,Euplagia quadripunctaria,2025-08-27
CZ0724089,Hamatocaulis vernicosus,2024-06-20
CZ0724089,Lampetra planeri,2004-01-01
CZ0724089,Lemna trisulca,2021-06-26
CZ0724089,Leucorrhinia pectoralis,2021-07-15
CZ0724089,Lissotriton montandoni,2025-07-21
CZ0724089,Lutra lutra,2026-03-06
CZ0724089,Lycaena dispar,2025-09-07
CZ0724089,Lynx lynx,2026-02-26
CZ0724089,Myotis alcathoe/emarginatus,2021-06-18
CZ0724089,Myotis bechsteinii,2025-09-20
CZ0724089,Myotis emarginatus,2025-09-20
CZ0724089,Myotis myotis,2026-01-23
CZ0724089,Myotis sp.,2023-08-21
CZ0724089,Ophiogomphus cecilia,2022-07-20
CZ0724089,Phengaris nausithous,2025-08-19
CZ0724089,Phengaris teleius,2025-08-18
CZ0724089,Rhinolophus hipposideros,2025-09-20
CZ0724089,Rhysodes sulcatus,2019-06-07
CZ0724089,Rosalia alpina,2003-01-01
CZ0724089,Rumex sp.,2019-10-08
CZ0724089,Salmo trutta,2025-04-14
CZ0724089,Sanguisorba officinalis,2025-11-03
CZ0724089,Scardinius erythrophthalmus,2025-06-26
CZ0724089,Succisa pratensis,2025-09-11
CZ0724089,Triturus cristatus,2025-07-31
CZ0724089,Unio crassus,2025-05-21
CZ0724089,Ursus arctos,2025-09-30
CZ0724089,Vertigo angustior,2014-08-26
CZ0724090,Barbastella barbastellus,2021-09-06
CZ0724090,Bombina bombina,2023-06-08
CZ0724090,Bombina variegata,2025-07-17
CZ0724090,Canis lupus,2025-08-29
CZ0724090,Carabus variolosus,2025-06-07
CZ0724090,Castor fiber,2025-12-07
CZ0724090,Chamaecytisus sp.,2017-09-07
CZ0724090,Colias myrmidone,2010-08-01
CZ0724090,Cottus gobio,2015-07-18
CZ0724090,Cucujus cinnaberinus,2023-05-27
CZ0724090,Cypripedium calceolus,2023-06-12
CZ0724090,Eriogaster catax,2025-04-24
CZ0724090,Euphydryas maturna,2018-05-26
CZ0724090,Euplagia quadripunctaria,2025-08-24
CZ0724090,Klasea lycopifolia,2025-04-23
CZ0724090,Liparis loeselii,2024-06-18
CZ0724090,Lucanus cervus,2024-07-15
CZ0724090,Lutra lutra,2026-02-22
CZ0724090,Lycaena dispar,2025-08-26
CZ0724090,Lynx lynx,2015-06-30
CZ0724090,Mustela eversmanii,2001-05-01
CZ0724090,Myotis alcathoe/emarginatus,2023-09-05
CZ0724090,Myotis bechsteinii,2021-09-06
CZ0724090,Myotis blythii,2019-05-26
CZ0724090,Myotis emarginatus,2023-05-13
CZ0724090,Myotis myotis,2023-05-13
CZ0724090,Myotis sp.,2021-08-21
CZ0724090,Phengaris nausithous,2025-08-09
CZ0724090,Phengaris teleius,2025-08-09
CZ0724090,Pulsatilla grandis,2025-04-02
CZ0724090,Rosalia alpina,2025-07-18
CZ0724090,Rumex sp.,2004-06-19
CZ0724090,Salmo trutta,2021-10-13
CZ0724090,Sanguisorba officinalis,2025-08-06
CZ0724090,Scardinius erythrophthalmus,2019-06-04
CZ0724090,Succisa pratensis,2025-07-15
CZ0724090,Ursus arctos,2024-09-20
CZ0724090,Vertigo angustior,2025-09-05
CZ0724090,Vertigo moulinsiana,2025-07-29
CZ0724091,Barbastella barbastellus,2021-01-16
CZ0724091,Bombina bombina,2025-06-17
CZ0724091,Bombina variegata,2025-08-13
CZ0724091,Carabus variolosus,2006-05-20
CZ0724091,Castor fiber,2025-04-09
CZ0724091,Cordulegaster heros,2025-06-22
CZ0724091,Cucujus cinnaberinus,2022-02-14
CZ0724091,Dicranum viride,2020-10-27
CZ0724091,Euplagia quadripunctaria,2025-08-16
CZ0724091,Hipparchia semele,2003-01-01
CZ0724091,Lucanus cervus,2024-07-20
CZ0724091,Lutra lutra,2024-02-16
CZ0724091,Lycaena dispar,2024-08-17
CZ0724091,Myotis emarginatus,2011-12-21
CZ0724091,Myotis myotis,2012-06-21
CZ0724091,Ophiogomphus cecilia,2021-07-04
CZ0724091,Phengaris nausithous,2023-08-16
CZ0724091,Phengaris teleius,2019-07-20
CZ0724091,Rhinolophus hipposideros,2012-06-21
CZ0724091,Rosalia alpina,2025-07-19
CZ0724091,Rumex sp.,2023-09-04
CZ0724091,Salmo trutta,2020-10-20
CZ0724091,Sanguisorba officinalis,2024-08-16
CZ0724091,Spermophilus citellus,2002-01-01
CZ0724091,Succisa pratensis,2019-06-06
CZ0724091,Triturus cristatus,2013-08-07
CZ0724091,Vertigo angustior,2024-09-06
CZ0724107,Abramis brama,2020-09-23
CZ0724107,Ameiurus nebulosus,2004-01-01
CZ0724107,Blicca bjoerkna,2011-05-26
CZ0724107,Bombina bombina,2025-06-17
CZ0724107,Bombina variegata,2011-03-01
CZ0724107,Castor fiber,2012-01-01
CZ0724107,Cucujus cinnaberinus,2020-05-01
CZ0724107,Eriogaster catax,2008-04-01
CZ0724107,Euplagia quadripunctaria,2011-08-01
CZ0724107,Leuciscus aspius,2020-09-23
CZ0724107,Lucanus cervus,2021-06-18
CZ0724107,Lutra lutra,2011-10-22
CZ0724107,Lycaena dispar,2007-07-19
CZ0724107,Myotis myotis,2012-06-21
CZ0724107,Ophiogomphus cecilia,2020-06-25
CZ0724107,Phengaris nausithous,2006-07-25
CZ0724107,Phengaris teleius,2006-07-25
CZ0724107,Rhodeus amarus,2023-08-22
CZ0724107,Romanogobio vladykovi,2006-09-05
CZ0724107,Salmo trutta,2010-09-21
CZ0724107,Sanguisorba officinalis,2019-10-04
CZ0724107,Scardinius erythrophthalmus,2018-09-12
CZ0724120,Abramis brama,2011-05-27
CZ0724120,Blicca bjoerkna,2011-05-27
CZ0724120,Bombina bombina,2023-04-30
CZ0724120,Bombina variegata,2002-09-01
CZ0724120,Castor fiber,2025-05-17
CZ0724120,Cucujus cinnaberinus,2022-06-15
CZ0724120,Eriogaster catax,2008-04-01
CZ0724120,Hipparchia semele,1995-01-01
CZ0724120,Leuciscus aspius,2001-03-11
CZ0724120,Lucanus cervus,2019-06-19
CZ0724120,Lycaena dispar,2023-08-02
CZ0724120,Ophiogomphus cecilia,2001-03-11
CZ0724120,Osmoderma barnabita,2022-06-15
CZ0724120,Phengaris nausithous,2009-07-23
CZ0724120,Rhodeus amarus,2023-04-30
CZ0724120,Sanguisorba officinalis,2019-07-17
CZ0724120,Scardinius erythrophthalmus,2023-04-30
CZ0724120,Triturus cristatus,2011-03-01
CZ0724121,Bombina variegata,2018-05-28
CZ0724121,Canis lupus,2025-01-29
CZ0724121,Castor fiber,2011-10-01
CZ0724121,Cucujus cinnaberinus,2020-12-14
CZ0724121,Euplagia quadripunctaria,2016-08-05
CZ0724121,Lycaena dispar,2019-08-01
CZ0724121,Myotis emarginatus,2004-07-19
CZ0724121,Phengaris nausithous,2019-08-01
CZ0724121,Phengaris teleius,2019-08-01
CZ0724121,Sanguisorba officinalis,2024-03-31
CZ0724121,Succisa pratensis,2013-06-01
CZ0724121,Triturus cristatus,2005-05-23
CZ0724121,Vertigo angustior,2016-10-10
CZ0724121,Vertigo moulinsiana,2024-09-07
CZ0724429,Barbastella barbastellus,2011-12-21
CZ0724429,Bombina variegata,2025-08-12
CZ0724429,Buxbaumia viridis,2015-10-29
CZ0724429,Canis lupus,2026-01-07
CZ0724429,Carabus variolosus,2025-10-29
CZ0724429,Cucujus cinnaberinus,2025-07-15
CZ0724429,Dicranum viride,2020-10-27
CZ0724429,Euplagia quadripunctaria,2025-08-12
CZ0724429,Lemna trisulca,2020-06-04
CZ0724429,Leucorrhinia pectoralis,2022-06-23
CZ0724429,Lissotriton montandoni,2025-04-18
CZ0724429,Lutra lutra,2006-10-31
CZ0724429,Lycaena dispar,2025-06-17
CZ0724429,Myotis bechsteinii,2021-08-18
CZ0724429,Myotis emarginatus,2021-08-18
CZ0724429,Myotis myotis,2012-06-21
CZ0724429,Rhinolophus hipposideros,2021-08-18
CZ0724429,Rhysodes sulcatus,2020-06-03
CZ0724429,Sanguisorba officinalis,2023-05-26
CZ0724429,Triturus cristatus,2015-06-11
CZ0724430,Barbastella barbastellus,2021-09-05
CZ0724430,Bombina variegata,2025-08-14
CZ0724430,Canis lupus,2025-03-09
CZ0724430,Carabus variolosus,2022-07-12
CZ0724430,Cottus gobio,2005-10-12
CZ0724430,Cucujus cinnaberinus,2025-04-22
CZ0724430,Euplagia quadripunctaria,2025-08-05
CZ0724430,Lucanus cervus,2025-06-25
CZ0724430,Lutra lutra,2004-10-01
CZ0724430,Lycaena dispar,2023-08-26
CZ0724430,Lynx lynx,2019-10-23
CZ0724430,Myotis alcathoe/emarginatus,2023-04-21
CZ0724430,Myotis bechsteinii,2023-08-31
CZ0724430,Myotis blythii,2012-06-21
CZ0724430,Myotis myotis,2023-08-31
CZ0724430,Myotis sp.,2021-09-05
CZ0724430,Phengaris nausithous,2024-06-25
CZ0724430,Phengaris teleius,2022-08-07
CZ0724430,Rhinolophus hipposideros,2012-07-11
CZ0724430,Rhysodes sulcatus,2020-06-23
CZ0724430,Rosalia alpina,2025-07-24
CZ0724430,Sabanejewia balcanica,2005-10-12
CZ0724430,Salmo trutta,2005-10-12
CZ0724430,Sanguisorba officinalis,2024-06-18
CZ0724430,Succisa pratensis,2007-09-30
CZ0724430,Tephroseris longifolia subsp. moravica,2023-07-04
CZ0724430,Ursus arctos,2025-08-19
CZ0724430,Vertigo angustior,2012-11-12
CZ0810001,Euplagia quadripunctaria,2019-08-17
CZ0810001,Leucorrhinia pectoralis,2016-06-07
CZ0810001,Lycaena dispar,2016-08-07
CZ0810001,Myotis bechsteinii,2013-08-15
CZ0810001,Sanguisorba officinalis,2016-04-13
CZ0810004,Barbastella barbastellus,2013-05-28
CZ0810004,Bombina variegata,2025-06-11
CZ0810004,Canis lupus,2001-01-01
CZ0810004,Castor fiber,2025-01-26
CZ0810004,Cottus gobio,2017-09-27
CZ0810004,Cucujus cinnaberinus,2024-06-11
CZ0810004,Euplagia quadripunctaria,2025-08-10
CZ0810004,Lampetra planeri,2017-10-02
CZ0810004,Lutra lutra,2026-01-16
CZ0810004,Myotis bechsteinii,2013-05-28
CZ0810004,Myotis emarginatus,2013-05-28
CZ0810004,Ophiogomphus cecilia,2000-08-01
CZ0810004,Phengaris nausithous,2024-08-09
CZ0810004,Rhinolophus hipposideros,2013-05-28
CZ0810004,Rumex sp.,2021-08-22
CZ0810004,Salmo trutta,2018-05-21
CZ0810004,Sanguisorba officinalis,2022-04-26
CZ0810014,Carabus variolosus,2015-06-17
CZ0810014,Hamatocaulis vernicosus,2025-09-30
CZ0810014,Myotis bechsteinii,2015-05-05
CZ0810014,Myotis myotis,2015-05-05
CZ0810018,Barbastella barbastellus,2023-03-04
CZ0810018,Bombina variegata,2012-06-05
CZ0810018,Buxbaumia viridis,2018-06-01
CZ0810018,Euplagia quadripunctaria,2022-08-18
CZ0810018,Leptidea morsei,1995-01-01
CZ0810018,Lutra lutra,2016-10-23
CZ0810018,Lycaena dispar,2007-05-24
CZ0810018,Myotis bechsteinii,2011-12-21
CZ0810018,Myotis emarginatus,2024-02-24
CZ0810018,Myotis myotis,2025-01-30
CZ0810018,Ophiogomphus cecilia,2002-01-01
CZ0810018,Phengaris nausithous,2014-07-20
CZ0810018,Rhinolophus hipposideros,2025-01-30
CZ0810018,Salmo trutta,2014-09-19
CZ0810018,Sanguisorba officinalis,2022-09-26
CZ0810018,Triturus cristatus,2012-06-05
CZ0810031,Barbastella barbastellus,2015-05-31
CZ0810031,Rhinolophus hipposideros,2010-08-25
CZ0810032,Barbastella barbastellus,2015-05-07
CZ0810032,Myotis myotis,2015-05-07
CZ0810035,Bombina variegata,2015-07-01
CZ0810035,Salmo trutta,2004-01-01
CZ0810035,Sanguisorba officinalis,2013-08-01
CZ0810036,Barbastella barbastellus,2012-02-24
CZ0810036,Bombina variegata,2025-05-01
CZ0810036,Euplagia quadripunctaria,2021-08-13
CZ0810036,Leucorrhinia pectoralis,2022-06-23
CZ0810036,Lycaena dispar,2022-08-10
CZ0810036,Phengaris nausithous,2013-08-05
CZ0810036,Sanguisorba officinalis,2016-04-06
CZ0810036,Triturus cristatus,2025-04-12
CZ0810423,Euplagia quadripunctaria,2025-08-22
CZ0810424,Bombina bombina,2020-05-08
CZ0810424,Bombina variegata,2001-05-22
CZ0810424,Lemna trisulca,2025-04-04
CZ0810424,Leucorrhinia pectoralis,2010-03-16
CZ0810424,Lutra lutra,2023-03-23
CZ0810424,Lycaena dispar,2025-06-17
CZ0810424,Misgurnus fossilis,2020-05-11
CZ0810424,Triturus cristatus,2010-03-16
CZ0810425,Bombina variegata,2016-07-21
CZ0810425,Lutra lutra,2023-08-11
CZ0810425,Triturus cristatus,2009-05-31
CZ0813438,Bombina bombina,2024-07-25
CZ0813438,Bombina variegata,2025-07-20
CZ0813438,Leucorrhinia pectoralis,2025-06-17
CZ0813438,Lycaena dispar,2024-07-19
CZ0813438,Triturus cristatus,2025-08-13
CZ0813439,Abramis brama,2010-08-12
CZ0813439,Ameiurus melas,2024-06-06
CZ0813439,Ameiurus nebulosus,2024-06-06
CZ0813439,Bombina bombina,2025-05-24
CZ0813439,Castor fiber,2025-04-12
CZ0813439,Cucujus cinnaberinus,2021-03-30
CZ0813439,Emys orbicularis,2023-05-12
CZ0813439,Lemna trisulca,2024-06-06
CZ0813439,Leuciscus aspius,2004-01-01
CZ0813439,Leucorrhinia pectoralis,2024-05-28
CZ0813439,Lutra lutra,2025-04-08
CZ0813439,Lycaena dispar,2018-08-01
CZ0813439,Misgurnus fossilis,2021-10-15
CZ0813439,Ophiogomphus cecilia,2006-09-09
CZ0813439,Phengaris nausithous,2022-07-03
CZ0813439,Rhodeus amarus,2020-10-30
CZ0813439,Sanguisorba officinalis,2010-03-25
CZ0813439,Scardinius erythrophthalmus,2024-06-06
CZ0813439,Triturus cristatus,2025-07-31
CZ0813442,Bombina bombina,2025-07-20
CZ0813442,Bombina variegata,2010-04-22
CZ0813442,Castor fiber,2020-05-29
CZ0813442,Emys orbicularis,2009-05-03
CZ0813442,Lutra lutra,2021-10-04
CZ0813442,Misgurnus fossilis,2020-06-03
CZ0813442,Myotis myotis,2018-08-22
CZ0813442,Ophiogomphus cecilia,2006-07-31
CZ0813444,Abramis brama,2015-11-27
CZ0813444,Ameiurus melas,2024-09-19
CZ0813444,Ameiurus nebulosus,2024-09-19
CZ0813444,Blicca bjoerkna,2010-09-01
CZ0813444,Bombina bombina,2025-06-06
CZ0813444,Bombina variegata,2002-04-28
CZ0813444,Castor fiber,2024-01-21
CZ0813444,Lemna trisulca,2008-04-01
CZ0813444,Lutra lutra,2017-12-27
CZ0813444,Misgurnus fossilis,2020-06-03
CZ0813444,Rhodeus amarus,2004-01-01
CZ0813444,Scardinius erythrophthalmus,2015-11-27
CZ0813444,Triturus cristatus,2026-09-20
CZ0813445,Lissotriton montandoni,2026-09-22
CZ0813447,Lycaena dispar,2022-08-10
CZ0813447,Osmoderma barnabita,2019-07-31
CZ0813448,Lycaena dispar,2018-08-01
CZ0813448,Phengaris nausithous,2022-08-04
CZ0813448,Phengaris teleius,2020-08-16
CZ0813449,Bombina bombina,2023-06-01
CZ0813449,Lemna trisulca,2018-08-15
CZ0813449,Leucorrhinia pectoralis,2009-07-25
CZ0813449,Lycaena dispar,2013-08-01
CZ0813449,Ophiogomphus cecilia,2006-09-09
CZ0813449,Osmoderma barnabita,2015-08-03
CZ0813449,Phengaris nausithous,2025-08-02
CZ0813449,Sanguisorba officinalis,2022-08-15
CZ0813450,Bombina bombina,2025-06-15
CZ0813450,Carabus variolosus,2014-05-07
CZ0813450,Lissotriton montandoni,2025-09-22
CZ0813450,Lutra lutra,2015-04-12
CZ0813450,Lynx lynx,2009-11-01
CZ0813450,Sanguisorba officinalis,2022-09-07
CZ0813451,Bombina variegata,2002-05-23
CZ0813451,Osmoderma barnabita,2025-07-25
CZ0813455,Bombina bombina,2014-03-20
CZ0813455,Bombina variegata,2006-05-06
CZ0813455,Castor fiber,2021-05-21
CZ0813455,Leucorrhinia pectoralis,2022-06-03
CZ0813455,Triturus cristatus,2025-04-19
CZ0813456,Barbastella barbastellus,2015-05-06
CZ0813456,Castor fiber,2016-12-17
CZ0813456,Cottus gobio,2023-10-24
CZ0813456,Lampetra planeri,2023-10-24
CZ0813456,Lutra lutra,2022-06-06
CZ0813456,Lycaena dispar,2025-08-16
CZ0813456,Myotis myotis,2015-05-06
CZ0813456,Phengaris nausithous,2025-08-16
CZ0813456,Rumex sp.,2016-06-09
CZ0813456,Salmo trutta,2018-10-20
CZ0813456,Sanguisorba officinalis,2025-08-16
CZ0813457,Abramis brama,2004-01-01
CZ0813457,Blicca bjoerkna,2004-01-01
CZ0813457,Bombina bombina,2016-05-23
CZ0813457,Bombina variegata,2025-09-23
CZ0813457,Canis lupus,2022-06-19
CZ0813457,Castor fiber,2024-03-16
CZ0813457,Cucujus cinnaberinus,2024-04-06
CZ0813457,Lutra lutra,2023-09-29
CZ0813457,Lycaena dispar,2023-09-29
CZ0813457,Misgurnus fossilis,2020-06-03
CZ0813457,Ophiogomphus cecilia,2025-07-15
CZ0813457,Osmoderma barnabita,2025-07-30
CZ0813457,Phengaris nausithous,2023-09-29
CZ0813457,Phengaris teleius,2020-08-07
CZ0813457,Salmo trutta,2004-01-01
CZ0813457,Sanguisorba officinalis,2006-04-22
CZ0813457,Scardinius erythrophthalmus,2004-01-01
CZ0813457,Succisa pratensis,2010-01-01
CZ0813457,Triturus cristatus,2022-05-14
CZ0813460,Abramis brama,2004-01-01
CZ0813460,Blicca bjoerkna,2004-01-01
CZ0813460,Bombina bombina,2025-08-22
CZ0813460,Castor fiber,2012-03-14
CZ0813460,Coleanthus subtilis,2004-05-17
CZ0813460,Misgurnus fossilis,1996-01-01
CZ0813460,Ophiogomphus cecilia,2021-08-10
CZ0813460,Osmoderma barnabita,2021-08-10
CZ0813460,Salmo trutta,2019-10-08
CZ0813460,Scardinius erythrophthalmus,2004-01-01
CZ0813461,Barbastella barbastellus,2023-04-27
CZ0813461,Bombina variegata,2002-08-21
CZ0813461,Myotis alcathoe/emarginatus,2023-04-27
CZ0813461,Myotis bechsteinii,2023-04-27
CZ0813461,Myotis myotis,2023-04-27
CZ0813461,Osmoderma barnabita,2019-09-02
CZ0813462,Abramis brama,2004-01-01
CZ0813462,Bombina bombina,2003-06-09
CZ0813462,Castor fiber,2026-01-28
CZ0813462,Cottus gobio,2023-08-18
CZ0813462,Lampetra planeri,2019-02-17
CZ0813462,Leuciscus aspius,2004-01-01
CZ0813462,Lutra lutra,2026-01-28
CZ0813462,Salmo trutta,2014-09-22
CZ0813462,Sanguisorba officinalis,2012-08-17
CZ0813463,Osmoderma barnabita,2019-07-10
CZ0813468,Barbastella barbastellus,2015-05-15
CZ0813468,Carabus variolosus,2020-09-03
CZ0813468,Salmo trutta,2015-07-20
CZ0813469,Bombina variegata,2023-07-27
CZ0813469,Triturus cristatus,2025-09-26
CZ0813472,Myotis bechsteinii,2025-02-22
CZ0813472,Myotis emarginatus,2025-02-22
CZ0813472,Myotis myotis,2025-02-22
CZ0813472,Rhinolophus hipposideros,2025-02-22
CZ0813472,Triturus cristatus,2025-09-22
CZ0813474,Barbastella barbastellus,2015-05-05
CZ0813474,Carabus variolosus,2025-07-29
CZ0813474,Cottus gobio,2023-10-24
CZ0813474,Euplagia quadripunctaria,2025-08-23
CZ0813474,Lutra lutra,2015-05-05
CZ0813474,Myotis bechsteinii,2015-05-05
CZ0813474,Ophiogomphus cecilia,2020-07-05
CZ0813474,Salmo trutta,2015-07-29
CZ0813474,Sanguisorba officinalis,2020-07-14
CZ0813475,Bombina bombina,2020-06-15
CZ0813475,Bombina variegata,2025-06-22
CZ0813475,Triturus cristatus,2025-08-24
CZ0813516,Abramis brama,2004-01-01
CZ0813516,Bombina bombina,2025-06-02
CZ0813516,Bombina variegata,2025-06-02
CZ0813516,Castor fiber,2025-06-24
CZ0813516,Cottus gobio,2018-10-06
CZ0813516,Cucujus cinnaberinus,2023-06-19
CZ0813516,Lampetra planeri,2025-08-18
CZ0813516,Lutra lutra,2025-07-14
CZ0813516,Salmo trutta,2025-09-22
CZ0813760,Barbastella barbastellus,2025-01-18
CZ0813760,Myotis emarginatus,2025-01-18
CZ0813760,Myotis myotis,2025-01-18
CZ0813760,Rhinolophus hipposideros,2025-01-18
CZ0813763,Barbastella barbastellus,2025-02-15
CZ0813763,Carabus variolosus,2020-06-04
CZ0813763,Myotis bechsteinii,2021-02-06
CZ0813763,Myotis dasycneme,2020-02-08
CZ0813763,Myotis emarginatus,2025-02-15
CZ0813763,Myotis myotis,2025-02-15
CZ0813763,Myotis sp.,2024-02-10
CZ0813763,Rhinolophus hipposideros,2025-02-15
CZ0813764,Barbastella barbastellus,2008-01-06
CZ0813764,Myotis emarginatus,2009-12-27
CZ0813764,Myotis myotis,2009-12-27
CZ0813764,Rhinolophus hipposideros,2009-12-27
CZ0813765,Barbastella barbastellus,2018-02-10
CZ0813765,Myotis bechsteinii,2017-02-04
CZ0813765,Myotis emarginatus,2022-02-12
CZ0813765,Myotis myotis,2022-02-12
CZ0813765,Rhinolophus hipposideros,2022-02-12
CZ0813766,Barbastella barbastellus,2024-12-21
CZ0813766,Myotis emarginatus,2024-12-21
CZ0813766,Myotis myotis,2024-12-21
CZ0813766,Rhinolophus hipposideros,2024-12-21
CZ0813767,Barbastella barbastellus,2010-02-20
CZ0813767,Myotis emarginatus,2010-02-20
CZ0813767,Myotis myotis,2010-02-20
CZ0813767,Rhinolophus hipposideros,2010-02-20
CZ0813770,Barbastella barbastellus,2025-01-18
CZ0813770,Myotis bechsteinii,2023-01-28
CZ0813770,Myotis emarginatus,2025-01-18
CZ0813770,Myotis myotis,2025-01-18
CZ0813770,Rhinolophus hipposideros,2024-01-15
CZ0813810,Cottus gobio,2023-10-21
CZ0813810,Lampetra planeri,2018-10-12
CZ0813810,Lutra lutra,2015-05-08
CZ0813810,Myotis myotis,2015-05-08
CZ0813810,Phengaris nausithous,2021-08-18
CZ0813810,Salmo trutta,2015-08-09
CZ0814092,Abramis brama,2021-06-04
CZ0814092,Ameiurus melas,2024-08-27
CZ0814092,Ameiurus nebulosus,2025-10-20
CZ0814092,Anisus vorticulus,2024-08-21
CZ0814092,Barbastella barbastellus,2019-04-01
CZ0814092,Blicca bjoerkna,2004-01-01
CZ0814092,Bombina bombina,2025-09-12
CZ0814092,Bombina variegata,2022-09-04
CZ0814092,Castor fiber,2026-02-26
CZ0814092,Cottus gobio,2022-10-19
CZ0814092,Cucujus cinnaberinus,2024-03-30
CZ0814092,Lampetra planeri,2015-09-01
CZ0814092,Lemna trisulca,2024-08-08
CZ0814092,Leuciscus aspius,2004-01-01
CZ0814092,Leucorrhinia pectoralis,2024-06-06
CZ0814092,Lutra lutra,2026-01-19
CZ0814092,Lycaena dispar,2024-08-02
CZ0814092,Misgurnus fossilis,2025-10-31
CZ0814092,Myotis alcathoe/emarginatus,2024-08-14
CZ0814092,Myotis bechsteinii,2015-06-04
CZ0814092,Myotis emarginatus,2005-04-22
CZ0814092,Myotis myotis,2015-06-04
CZ0814092,Ophiogomphus cecilia,2022-08-16
CZ0814092,Osmoderma barnabita,2023-02-21
CZ0814092,Phengaris nausithous,2025-07-31
CZ0814092,Phengaris teleius,2023-07-25
CZ0814092,Rhinolophus hipposideros,2016-04-23
CZ0814092,Rhodeus amarus,2025-06-19
CZ0814092,Rumex sp.,2021-04-01
CZ0814092,Salmo trutta,2019-10-17
CZ0814092,Sanguisorba officinalis,2024-06-19
CZ0814092,Scardinius erythrophthalmus,2025-05-03
CZ0814092,Triturus cristatus,2026-07-20
CZ0814092,Unio crassus,2025-10-27
CZ0814093,Abramis brama,2010-09-17
CZ0814093,Blicca bjoerkna,2004-01-01
CZ0814093,Bombina bombina,2009-05-24
CZ0814093,Bombina variegata,2025-09-26
CZ0814093,Castor fiber,2023-09-24
CZ0814093,Cucujus cinnaberinus,2024-03-08
CZ0814093,Leuciscus aspius,2010-09-17
CZ0814093,Lutra lutra,2025-06-05
CZ0814093,Misgurnus fossilis,2020-06-03
CZ0814093,Ophiogomphus cecilia,2015-09-04
CZ0814093,Osmoderma barnabita,2024-03-08
CZ0814093,Phengaris nausithous,2020-08-07
CZ0814093,Phengaris teleius,2020-08-07
CZ0814093,Rhodeus amarus,2025-06-03
CZ0814093,Scardinius erythrophthalmus,2019-07-30
CZ0815031,Bombina bombina,2025-04-27
CZ0815031,Hamatocaulis vernicosus,2021-09-16
CZ0815031,Leucorrhinia pectoralis,2014-07-13
NA,Chazara briseis,2025-08-07
NA,Eriogaster catax,2025-12-07
NA,Euphydryas aurinia,2025-09-24
NA,Euphydryas maturna,2025-06-22
NA,Gentianella amarella,2025-09-09
NA,Gentianella obtusifolia subsp. sturmiana,2017-09-21
NA,Gentianella praecox subsp. bohemica,2025-10-12
NA,Gladiolus palustris,2025-06-29
NA,Hipparchia semele,2025-09-20
NA,Ornithogalum pyrenaicum subsp. sphaerocarpum,2025-07-29
NA,Pulsatilla patens,2025-05-16
