SITECODE,NAZEV,HABITAT_CODE,ROZLOHA,KVALITA,TYPICKE_DRUHY,REPRE,REPRE_SDF,CONSERVATION,DEGREE_OF_CONSERVATION,MRTVE_DREVO,KALAMITA_POLOM,RELATIVE_AREA_PERC,EVL_AREA_PERC,GOOD_DOC_AREA_HA,W_AREA_HA,W_AREA_PERC,PASEKY_AREA_HA,PASEKY_AREA_PERC,DEGRAD_AREA_HA,DEGRAD_AREA_PERC,PERC_0,PERC_1,PERC_2,DATE_MIN,DATE_MAX,DATE_MEAN,DATE_MEDIAN
CZ0310163,Žofínský prales - Pivonické skály,9410,53.57513200736237,1.8285006047692134,1.691866070218088,1.7566272348938332,1.8516942153092528,1.713282631580703,91.64553799849978,0.6995961742079385,0.5024557136797998,6.957220187021775e-10,11.837697382513541,49.09921796155369,1.7028211806735927,3.1783798133051517,2.77309286513508,5.176082188195071,4.475914045808673,8.354462001500224,0,0,94.82391781180493,2016-09-13,2016-09-20,2016-09-16,2016-09-14
CZ0310163,Žofínský prales - Pivonické skály,9410,53.57513200736237,1.8285006047692134,1.691866070218088,1.7566272348938332,1.8516942153092528,1.713282631580703,91.64553799849978,0.6995961742079385,0.5024557136797998,6.957220187021775e-10,11.837697382513541,49.09921796155369,1.7028211806735927,3.1783798133051517,2.77309286513508,5.176082188195071,4.475914045808673,8.354462001500224,0,0,94.82391781180493,2016-09-13,2016-09-20,2016-09-16,2016-09-14
CZ0520519,Adršpašsko-teplické skály,7140,1.6567385297395383,1.9228304181189921,2.0526050982613535,1.9999999999999998,2.0526050982613535,1.922830418118992,97.15873121085599,NA,NA,3.0799810317241377e-10,0.09656135286757803,1.6096661349763255,0,0,NA,NA,0,0,0,0,100,2018-07-12,2018-09-19,2018-07-27,2018-07-21
CZ0520519,Adršpašsko-teplické skály,8220,187.24949367299362,1.9909631505041312,2.764185976684958,1.9996269196852245,2.7643725168423456,1.9670237030834525,97.73288803915496,NA,NA,2.74493665921872e-8,10.913649986564776,183.0043380053114,0.03492955002052523,0.018654015738768858,NA,NA,0.03492955002052523,0.018654015738768858,0,0,100,2018-06-11,2018-09-22,2018-08-14,2018-07-28
CZ0520519,Adršpašsko-teplické skály,8310,0.010068036071792812,1,3,2,1,1,100,NA,NA,5.591152283418967e-9,5.86805441148719e-4,0.010068036071792812,0,0,NA,NA,0,0,0,0,100,2018-08-25,2018-08-25,2018-08-25,2018-08-25
CZ0520519,Adršpašsko-teplické skály,9110,101.09279576796936,2.7463688791738505,2.1351879250116257,1.7822297338158772,2.2709689111809146,2.6032051139890724,35.77737876837483,0.20061027649888444,0,7.370579337844568e-10,5.892092777039207,36.168352449446004,5.969570912573755,5.905040875786302,0.684144563725417,0.6767490784364913,6.653715476299173,6.581789954222793,0,0,99.32325092156353,2018-07-09,2018-09-22,2018-08-09,2018-07-26
CZ0520519,Adršpašsko-teplické skály,9410,76.9985143936742,1.8468714471503378,1.9626266732109372,1.8941989568959,2.022230899481419,1.8037289586724135,92.15978303396393,0.7210327428200932,0,9.99896031309341e-10,4.487781617426231,70.96166380458563,2.692811456528754,3.4972252097762313,0.86427480937652,1.1224564735855793,3.557086265905274,4.619681683361811,0,0,98.87754352641441,2018-07-11,2018-09-21,2018-08-14,2018-07-28
CZ0520519,Adršpašsko-teplické skály,91D0,30.54036394316246,2.188429186662277,1.9486976141507815,1.8353006162694143,2.03201488595722,2.103082057066003,79.76985173360816,0.6477449977952091,0,2.1363671798683257e-9,1.7800146531774044,24.362003036365024,1.8078543211145375,5.919557227540144,0.573412686618594,1.8775568218039285,2.3812670077331317,7.7971140493440725,0,0,98.12244317819608,2018-07-09,2018-09-22,2018-08-09,2018-07-27
CZ0214005,Andělské schody,6410,7.982588079230522,1.6938408850102236,2.0312474922249755,1.0720742017287574,2.9279257982712426,1.6038347424026913,96.31937956245496,NA,NA,1.0258787769183733e-9,4.272553665740399,7.68877931094133,0,0,NA,NA,0,0,0,0,100,2019-07-10,2023-09-18,2022-12-07,2023-05-27
CZ0214005,Andělské schody,6430,4.03880292901498,2.883139085885704,2.1447690043521184,1.2065888793483228,2.8181721065046244,2.1356741428384898,74.33044973562782,NA,NA,4.3486228635439217e-10,2.1617052124314795,3.0020603810725444,0.4846887366197363,12.000801849917114,NA,NA,0.4846887366197363,12.000801849917114,0,0,100,2023-06-07,2023-12-28,2023-08-25,2023-09-06
CZ0214005,Andělské schody,6510,4.290202654135545,2.3691947706162457,1.8232763237526453,1.2525413254836462,2.5603251658651,2.063335355429887,73.1384296678413,NA,NA,2.456759618933638e-11,2.2962629281082654,3.1377868508027857,0.044660290608314605,1.0409832403899213,NA,NA,0.044660290608314605,1.0409832403899213,0,0,100,2023-05-16,2023-09-12,2023-08-13,2023-09-06
CZ0214005,Andělské schody,9170,54.60024895907408,2.448315430451271,2.690928065047435,1.3489429959159709,2.917046927786491,2.140108370007382,84.91030835565947,1.0557505272318612,0,3.298983154074544e-10,29.223917296621615,46.36123975410755,2.6635417845308083,4.878259413299161,0,0,2.6635417845308083,4.878259413299161,0,0,100,2019-07-10,2024-04-05,2023-09-09,2023-10-16
CZ0214005,Andělské schody,9180,4.6442335971569255,2.462734765219373,2.511638535197604,0.37859933168562415,3,2,100,1.1586659030950028,0,2.632172725635144e-10,2.4857523754376505,4.6442335971569255,0,0,0,0,0,0,0,0,100,2023-08-23,2023-12-28,2023-10-19,2023-10-16
CZ0214005,Andělské schody,91E0,20.883346568492335,3.07306884269347,2.346746581768236,1.4106949318544755,2.588154626322528,2.3500262015935416,64.99737984064582,0.6724792478202896,0,2.3446235104088346e-10,11.177480041377748,13.573628092561439,4.973534094610882,23.815790626750797,0,0,4.973534094610882,23.815790626750797,0,0,100,2019-07-10,2024-05-14,2023-05-31,2023-09-11
CZ0534051,Anenské údolí,6210,3.1019475598217805,2.6466887650907025,2.4668672084903474,1.0656092307697367,3.119236875617692,2.365651646308769,63.43483536912309,NA,NA,2.2784720051159413e-10,7.873482943722072,1.9677153278094774,0.8717624048249621,28.103711878193337,NA,NA,0.8717624048249621,28.103711878193337,0,0,100,2022-07-13,2022-07-15,2022-07-13,2022-07-13
CZ0534051,Anenské údolí,6510,6.831218414379978,2.636403440790435,2.3182017203952174,0.7090202011767737,3.2909797988232263,2.3182017203952174,68.17982796047825,NA,NA,3.9118575278459045e-11,17.339262071068376,4.65751296252878,2.1737054518511982,31.820172039521744,NA,NA,2.1737054518511982,31.820172039521744,0,0,100,2022-07-13,2022-07-15,2022-07-13,2022-07-13
CZ0534051,Anenské údolí,91E0,5.017458560063672,2.146315845570186,2.073157922785093,1.8536841544298144,2.146315845570186,2.073157922785093,92.68420772149072,0.875713218374738,0,5.6332213152925926e-11,12.735506849046589,4.650391714149132,0.36706684591454103,7.31579227850928,0,0,0.36706684591454103,7.31579227850928,0,0,100,2022-07-15,2022-07-15,2022-07-15,2022-07-15
CZ0610175,Baba a Belfrídský potok,9110,29.52001374889654,2.749236106599583,2.339799701311329,1.9731721995098632,2.353213601556398,2.3746180532997916,62.538194670020836,0,0,2.1522760522905947e-10,34.06038252665957,18.461283664901835,0.39597851966074665,1.3413900245068426,0,0,0.39597851966074665,1.3413900245068426,0,100,0,2011-09-04,2011-09-04,2011-09-04,2011-09-04
CZ0720013,Babí hora,6210,5.372544967102234,1.7386789150803916,1.8132556967033355,2,1.8132556967033358,1.492452610235919,75.37736951555276,NA,NA,3.946292794347656e-10,10.899633418912536,4.0496830722418835,0,0,NA,NA,0,0,0,24.622630484447253,75.37736951555276,2012-06-06,2013-06-28,2013-01-23,2013-06-27
CZ0720013,Babí hora,6510,15.071655537673971,2.4653865961084724,2.261845342132967,0.796458746024495,3.203541253975505,1.6827442095562573,73.81546578670329,NA,NA,8.63069596018788e-11,30.576853499166518,11.125212736901501,3.9464428007724695,26.18453421329671,NA,NA,3.9464428007724695,26.18453421329671,0,26.184534174301092,73.81546582569891,2012-06-06,2013-06-28,2013-01-12,2013-06-27
CZ0720013,Babí hora,91I0,15.373419313939149,3.0321008049621474,2.0321008049621474,0.9678991950378526,2.6155041427127035,2.5834033377505565,41.65966622494436,0.551302532788409,0,2.2441863766072595e-9,31.18906141190386,6.40451517354818,6.898014308546251,44.869746721159096,0,0,6.898014308546251,44.869746721159096,0,100,0,2012-06-06,2012-06-06,2012-06-06,2012-06-06
CZ0520028,Babiččino údolí - Rýzmburk,7220,1.2096488233133702,1.005361297874614,2.3274232939135757,1.9999999999999998,2.3274232939135757,1.0053612978746143,100,NA,NA,3.826150855916942e-8,1.8479748833932084,1.2096488233133702,0,0,NA,NA,0,0,0,0,100,2015-08-17,2015-08-21,2015-08-17,2015-08-17
CZ0520028,Babiččino údolí - Rýzmburk,8210,0.1418428960470977,1.0000000000000004,2.3731562350644317,1.3731562350644317,3,1,100,NA,NA,7.913953812461912e-10,0.21669273282538906,0.1418428960470977,0,0,NA,NA,0,0,0,0,100,2015-08-17,2015-08-18,2015-08-17,2015-08-18
CZ0520028,Babiččino údolí - Rýzmburk,9180,11.540873569763917,1.3736645043557671,2.0006716310278723,1.9209590054892751,2.079040994510725,1.3729928733278947,99.93283689721275,1.7493130789339701,0,6.540922631224324e-10,17.630938895904027,11.533122360985711,0,0,0.00775120877820568,0.06716310278723762,0.00775120877820568,0.06716310278723762,0,0,99.93283689721277,2015-08-17,2015-08-21,2015-08-17,2015-08-17
CZ0424034,Babinské louky,6410,4.677187787603727,2.0463678302984443,1.5425635840966274,2,1.5425635840966274,1.5425635840966274,100,NA,NA,6.010867201639429e-10,6.297231433038145,4.677187787603727,0,0,NA,NA,0,0,0,0,100,2012-07-18,2013-06-30,2012-09-25,2012-07-18
CZ0424034,Babinské louky,6430,7.102449917892914,1.5758054885744897,1.261814096421644,1.9227754516206048,1.3390386448010387,1.261814096421644,99.99999999999999,NA,NA,7.647284763076447e-10,9.562534776361606,7.102449917892914,0,0,NA,NA,0,0,0,0,100,2012-07-18,2013-06-30,2013-03-28,2013-06-30
CZ0424034,Babinské louky,6510,12.299337999060777,1.9355814267167393,1.7878764965366831,1.178183800606615,2.1987845962333754,1.7878764965366831,100,NA,NA,7.043144432019158e-11,16.559475772711494,12.299337999060777,0,0,NA,NA,0,0,0,0,100,2013-06-20,2013-06-30,2013-06-27,2013-06-30
CZ0410404,Bečovské lesní rybníky,3150,2.8699257788389696,3.0469345129049277,2.932664523610827,1.6367890686334527,3.1142699892941006,2.1142699892941006,81.83945343167265,NA,NA,4.356070485760958e-10,5.645533746959076,2.348731571296487,0.5211942075424828,18.160546568327362,NA,NA,0.5211942075424828,18.160546568327362,0,0,100,2014-04-11,2014-04-17,2014-04-15,2014-04-17
CZ0410404,Bečovské lesní rybníky,3160,0.6528619634920652,1.0911666314026505,1.9806554759032884,2,1.9806554759032884,1.0911666314026505,100,NA,NA,2.2221302839293688e-8,1.284268141767587,0.6528619634920652,0,0,NA,NA,0,0,0,0,100,2014-04-17,2014-04-17,2014-04-17,2014-04-17
CZ0410404,Bečovské lesní rybníky,7140,1.8577067917834105,1.6321841316668082,1.6780683174028714,1.791832888270415,1.886235429132456,1.6321841316668082,99.99999999999999,NA,NA,3.4535936591620985e-10,3.654361538649667,1.8577067917834105,0,0,NA,NA,0,0,0,0,100,2014-04-11,2014-04-17,2014-04-14,2014-04-17
CZ0410404,Bečovské lesní rybníky,9410,26.41038784412541,2.7393388268792234,2.293114335501805,1.2799675800196333,2.68927981964925,2.318408618355829,57.90697914766054,0.8242162485693743,0,3.429630064765377e-10,51.952819457444846,15.293457781713977,5.996180675062161,22.703872091738024,2.5572707101738,9.682821491554225,8.553451385235961,32.386693583292256,0,0,90.31717850844578,2014-03-13,2014-04-17,2014-04-02,2014-03-31
CZ0714082,Bečva - Žebračka,9170,41.10638378045233,1.3974658550471788,1.2070918483790234,0.9720296701041735,2.207091848379023,1.3694955251513523,97.20296701041735,1.8950592930828403,0,2.4836748952973084e-10,14.2397701298038,39.95662466528863,1.1497591151637025,2.7970329895826476,0,0,1.1497591151637025,2.7970329895826476,0,0,100,2022-04-23,2022-04-26,2022-04-25,2022-04-26
CZ0714082,Bečva - Žebračka,91F0,183.37864151970237,1.3789516536396573,1.1616386706411106,1.4904138226452088,1.622201042968888,1.3136603210421618,90.70308016286597,1.8566560989745156,0,7.521379330725187e-9,63.52467577549393,166.33007621919026,8.21925598148951,4.482122843409997,0,0,8.21925598148951,4.482122843409997,0,0.8545208849761765,99.14547911502383,2010-09-09,2023-05-27,2021-04-22,2022-04-23
CZ0323142,Berounka,3260,78.5321955199559,1.1477586583046868,1.187889503271604,2,1.1878895032716041,1.187889503271604,100.00000000000001,NA,NA,1.7093382925735257e-8,55.95839089086794,78.5321955199559,0,0,NA,NA,0,0,0,0,100,2021-05-08,2021-07-15,2021-06-16,2021-07-15
CZ0724089,Beskydy,3220,0.003198757397494046,1,1,2,1,1,100,NA,NA,2.2638298999184904e-10,2.6570724181941773e-6,0.003198757397494046,0,0,NA,NA,0,0,0,0,100,2013-06-23,2013-06-23,2013-06-23,2013-06-23
CZ0724089,Beskydy,3240,16.116607290298155,2.3445840819076675,2.1081733876498436,1.4073548203997441,2.453403576274935,2.1537984077366312,64.81041196644766,NA,NA,2.3014923643441783e-7,0.013387383719523898,10.445239579856773,2.9061895466043053,18.032266309260805,NA,NA,2.9061895466043053,18.032266309260805,0,8.485805439469093,91.51419456053091,2010-10-08,2020-06-28,2015-10-24,2016-10-01
CZ0724089,Beskydy,5130,186.4124937849335,2.3320859714360838,1.6099325049888795,1.5792947312918855,1.9529718677762529,2.0524478632253063,71.93082872021321,NA,NA,4.342968766124007e-7,0.1548449707473204,134.0880516175186,10.530186083298576,5.64886283611837,NA,NA,10.530186083298576,5.64886283611837,0,35.39353169965798,64.60646830034202,2010-09-22,2024-10-03,2015-01-30,2014-04-30
CZ0724089,Beskydy,6210,61.33402877811334,2.8924791314068212,2.4852832159396607,1.3754205136179556,2.9032236540540035,2.400798851402198,59.23402543361006,NA,NA,4.505165378744695e-9,0.050947582423951615,36.33061420588537,9.731185769555301,15.865883855044938,NA,NA,9.731185769555301,15.865883855044938,0,11.134516268785124,88.86548373121488,2010-06-19,2024-05-18,2016-03-22,2017-08-18
CZ0724089,Beskydy,6230,744.634960348637,2.2455526274738116,1.7906352023921768,1.4096762838664159,2.261160638984328,1.99616635902631,73.09142087688564,NA,NA,7.172951891398314e-8,0.6185367531515529,544.2642728648528,75.60535018653461,10.153344150150604,NA,NA,75.60535018653461,10.153344150150604,0,30.248893132049282,69.75110686795071,2003-09-24,2024-10-03,2015-04-18,2014-07-18
CZ0724089,Beskydy,6430,88.37172572147247,2.1146247609491375,2.0731161904415423,1.6268482696788304,2.313149380111629,1.9291361890602863,82.06803659266136,NA,NA,9.515079436097992e-9,0.0734066532043659,72.5528210654752,8.892389461832785,10.06248252960406,NA,NA,8.892389461832785,10.06248252960406,0,20.129919824561565,79.87008017543845,2001-09-30,2024-09-03,2015-10-01,2015-07-01
CZ0724089,Beskydy,6510,8643.338556691626,2.4143350695258823,2.2312204923338985,1.3696643110648155,2.656257244345899,2.1141597344128913,70.43491001524745,NA,NA,4.9495575968615437e-8,7.1796556056709635,6089.694788725816,1655.6999909622161,19.15579240709462,NA,NA,1655.6999909622161,19.15579240709462,0,36.3365443599635,63.66345564003651,2003-09-24,2024-10-03,2015-10-02,2015-09-19
CZ0724089,Beskydy,7220,0.8709434759856048,1.6302593841410444,1.998942861596348,1.8579284505913998,2.076613794961789,1.7281634294126573,98.63649001849271,NA,NA,2.754816986445595e-8,7.234558924851446e-4,0.8590680747572548,0.01092179521805048,1.254018833505907,NA,NA,0.01092179521805048,1.254018833505907,0,38.2490291660025,61.75097083399749,2010-09-23,2024-09-03,2018-03-02,2019-06-07
CZ0724089,Beskydy,7230,2.474030671877626,1.2821083262031312,1.3013891853725852,1.6016629449576234,1.6997262404149618,1.28714140664466,100,NA,NA,4.9457878536414735e-8,0.0020550725932396018,2.474030671877626,0,0,NA,NA,0,0,0,27.250817018249332,72.74918298175066,2010-06-18,2018-08-29,2015-02-03,2014-07-22
CZ0724089,Beskydy,8220,12.542702541539384,1.5885791400067553,2.287700508193021,1.8458534785595255,2.3334015867453566,1.580544664858732,93.59807180543092,NA,NA,1.8386658001902428e-9,0.01041869227058203,11.739727731171643,0.57321503410947094,4.5701078552335614,NA,NA,0.57321503410947094,4.5701078552335614,0,34.394352266173804,65.60564773382619,2002-10-09,2023-09-24,2015-05-07,2015-09-19
CZ0724089,Beskydy,8310,0.2717937763752187,1.6056025509206706,3,2,0.9999999999999996,1.6056025509206706,100,NA,NA,1.5093712245001584e-7,2.257675893799239e-4,0.2717937763752187,0,0,NA,NA,0,0,0,0,100.00000000000001,2013-08-08,2016-10-04,2014-11-08,2014-09-16
CZ0724089,Beskydy,9110,13471.829001627395,2.1864019266148746,2.279456015028877,1.480152742394818,2.580589683724785,1.9422934995017405,75.2065186722167,0.6033840170893421,0.004884779752398444,9.822182058380778e-8,11.190478306012007,10166.111471174809,2193.309608049786,16.28071145933366,361.74856641939,2.6852223731142284,2555.0581744691763,18.965933832447885,2.159138587350702e-5,28.996780617807612,68.31797541769228,2002-10-09,2024-10-03,2016-07-31,2017-06-29
CZ0724089,Beskydy,9130,9427.51767068913,2.2427149147162435,1.978758335625496,1.434358819397053,2.321120798961046,1.9752859056886518,73.63210384273674,0.519444765819365,0.022490158018465815,7.2041348789751e-8,7.831040013991224,6942.967636288166,1580.8886599958441,16.768875065712656,249.978648936327,2.6515850478173024,1830.8673089321712,19.42046011352996,0,24.92852096391286,72.41989398826985,2002-10-09,2024-10-03,2016-09-09,2017-06-20
CZ0724089,Beskydy,9140,77.32901269002068,1.410694571469493,1.7147452523368296,1.5637059963146327,2.089713548751746,1.3439310003288092,93.86742927295491,1.2811689616478865,0.26067034160620794,1.5185236047344953e-7,0.06423393874940586,72.58675629427948,1.2014228597217007,1.5536508458186282,3.54083353601949,4.5789198812264615,4.74225639574119,6.132570727045089,0,10.654018704756716,84.76706141401682,2009-09-03,2019-10-14,2014-08-11,2013-08-21
CZ0724089,Beskydy,9170,1179.861750149468,2.328635301907352,2.2886940095933435,1.281088365715071,2.6882064908863432,2.112250645159018,72.02620872742851,0.5242537011343649,2.0627691216512433e-4,7.1288027290819346e-9,0.980061231295768,853.3283407905845,169.4435722448326,14.361307350065978,24.5794848557613,2.0832512667393033,194.02305710059392,16.44455861680528,0,35.62804625516672,62.28870247809397,2007-07-28,2024-09-30,2015-09-22,2015-10-01
CZ0724089,Beskydy,9180,562.2996347538771,1.8353040763175699,2.0474514813360387,1.3730047918310664,2.5182744941861817,1.7322868137439038,86.67975693545793,0.8394865841948151,0.01309554875696472,3.186897754539775e-8,0.46707851349891805,487.3999566536283,30.25269225303806,5.3801728443732495,16.865912135175,2.9994527993171016,47.11860438821306,8.37962564369035,0,28.16087825669551,68.83966894398739,2007-07-29,2024-10-03,2017-03-12,2017-07-31
CZ0724089,Beskydy,9410,1050.8971340364146,2.1956174913550184,2.0739488461500954,1.4878565525202228,2.352733523543849,1.9487141801159484,72.94563607024749,0.7268775543329671,0.12047754095199968,1.3646859058409299e-8,0.8729357816866649,773.7990929197633,207.70749056987475,19.764778477612392,22.5324718940309,2.1441177413326287,230.23996246390564,21.90889621894502,0,12.937354084942148,84.91852817372522,2009-09-03,2023-09-26,2015-05-13,2013-08-02
CZ0724089,Beskydy,91E0,863.2180289380226,2.5549098020800782,2.222217062303384,1.1647814254983064,2.6713391112025517,2.224538158701821,66.64794085489959,0.5288686461068437,0.002342351311600388,9.691556277241716e-9,0.7170386905165202,575.8390886041714,144.54267672675277,16.74463135397867,22.9408753427391,2.657599189739144,167.48355206949188,19.40223054371781,0,31.01278892274048,66.32961188752037,2002-08-27,2024-10-01,2015-08-26,2015-09-15
CZ0424036,Běšický chochol,6210,3.9018530008637624,2.752405593196344,2.167491201119122,0.8348463819162011,2.750068010161021,2.2247971023282234,41.50856079227776,NA,NA,2.866026152633119e-10,12.726795629552504,1.6196030248888489,2.058650773374979,52.7608490868121,NA,NA,2.058650773374979,52.7608490868121,0,100,0,2009-01-24,2009-01-25,2009-01-24,2009-01-24
CZ0424036,Běšický chochol,91H0,4.18480867988551,1.6437651241804012,1.429176749453601,0.7854116252731995,2.429176749453601,1.429176749453601,78.54116252731995,0.7854116252731995,0,4.404683445080906e-9,13.649720993048732,3.2867973867262714,0.898011293159239,21.45883747268005,0,0,0.898011293159239,21.45883747268005,0,100.00000000000001,0,2009-01-24,2009-01-27,2009-01-25,2009-01-25
CZ0620001,Bezourek,6240,1.5794509442138938,1,2,1,3,1,100,NA,NA,5.700787919616166e-9,75.7159783731716,1.5794509442138938,0,0,NA,NA,0,0,0,0,100,2023-05-19,2023-05-19,2023-05-19,2023-05-19
CZ0424030,Bezručovo údolí,8220,2.0706434056653342,2.077234643013769,2.776022507985154,1.9248532842371404,2.813595865866584,2.039661285132339,96.03387148676609,NA,NA,3.0354074026529813e-10,0.17326456449377875,1.988519027145844,0.07780102572588622,3.75733578814298,NA,NA,0.07780102572588622,3.75733578814298,0,0,100,2014-05-07,2015-07-18,2014-11-10,2014-10-20
CZ0424030,Bezručovo údolí,9110,576.5608266814646,1.5755545564324511,1.9682810612119623,1.8936788045568278,2.060625666537088,1.4846399572071047,95.94969297281762,0.4707887391316705,0,4.203650006774708e-9,48.24469547282487,553.2083430024045,3.1556360506284014,0.5473205782625622,4.9027183020205,0.8503384335420916,8.058354352648902,1.397659011804654,0,0,99.14966156645791,2014-05-07,2015-07-18,2015-03-08,2015-07-17
CZ0424030,Bezručovo údolí,9130,66.52978345586621,2.0313827933907973,1.9862984960419383,1.392207095800737,2.530795152460105,1.968086545609701,93.67037522189035,0.9090880130455751,0,5.083942032537515e-10,5.566991363557433,62.31869779742102,2.983437485828903,4.484363740351,1.2276481726163,1.845261037758651,4.211085658445203,6.32962477810965,0,0,98.15473896224137,2014-06-28,2015-07-17,2014-10-14,2014-10-20
CZ0424030,Bezručovo údolí,9180,17.579747185863933,2.137654369337116,2.107220124504531,1.5015039514988657,2.498496048501134,2.030434244832585,74.86373704429245,0.892779875495469,0,9.96352360366181e-10,1.4710148699363956,13.160855706276577,1.5689545599022763,8.924784545046755,0.315948122124234,1.7972279054063494,1.8849026820265102,10.722012450453104,0,0,98.20277209459364,2014-05-07,2014-10-20,2014-07-08,2014-06-28
CZ0424030,Bezručovo údolí,91E0,52.16235125064438,2.0185348303403705,1.6964884071029982,1.8714833687904393,1.8157376231423736,2.0092674151701853,99.07325848298147,0.8760064967843181,0,5.856392542227199e-10,4.364772344521765,51.678941085351624,0.10100047797158476,0.1936271574229259,0.382409687321167,0.7331143595955961,0.4834101652927517,0.9267415170185221,0,0,99.2668856404044,2014-05-07,2015-07-17,2014-10-12,2014-10-20
CZ0724090,Bílé Karpaty,3140,0.006568168452953106,1.1039475629469853,1.0000000000000002,1.9999999999999998,0.9999999999999996,1.103947562946986,100,NA,NA,2.6243568861484337e-10,3.27698825294097e-5,0.006568168452953106,0,0,NA,NA,0,0,0,0,100,2017-06-07,2017-09-22,2017-07-12,2017-06-07
CZ0724090,Bílé Karpaty,6210,1001.9718301377587,1.8937432830751937,1.9093375656400706,1.4317361684146714,2.377890578999681,1.7397891753463455,86.44317688126426,NA,NA,7.35977872241926e-8,4.99903426755587,866.1362814264235,95.48259650649983,9.529469156171002,NA,NA,95.48259650649983,9.529469156171002,0,40.92986115664623,59.07013884335377,2008-07-03,2023-06-17,2014-07-02,2015-07-31
CZ0724090,Bílé Karpaty,6230,13.359965592305027,1.0649659634681798,1.9350340365318202,2,1.9350340365318202,1.0649659634681798,100,NA,NA,1.2869445509175808e-9,0.06665549250034086,13.359965592305027,0,0,NA,NA,0,0,0,0,100,2015-06-30,2018-08-04,2017-01-15,2017-01-15
CZ0724090,Bílé Karpaty,6410,23.672047680937037,1.5308896464605466,1.4005970850733669,1.0520405237991988,2.2750430428229955,1.4347738077211785,90.11777204650397,NA,NA,3.04220273939201e-9,0.11810449553651703,21.33272196784657,1.5332013058476617,6.4768427578081464,NA,NA,1.5332013058476617,6.4768427578081464,0,60.31169156600371,39.68830843399629,2008-07-03,2018-08-06,2014-02-16,2012-05-21
CZ0724090,Bílé Karpaty,6430,2.4894683760692975,2.9021990928560673,2.36685232254417,1.0864481568882676,2.9115658227458594,2.4453390993332396,54.63119238838507,NA,NA,2.680437567396929e-10,0.012420446708822199,1.3600262579784235,0.8712587369320716,34.99778287233077,NA,NA,0.8712587369320716,34.99778287233077,0,2.1108135887107227,97.88918641128926,2002-04-10,2018-08-02,2015-05-01,2015-09-01
CZ0724090,Bílé Karpaty,6510,1751.4934726371657,2.3046778293097274,2.1172986142229373,1.2756466174946621,2.6908373107805996,2.039865405661693,77.3412179479539,NA,NA,1.0029825589364547e-8,8.738544962795821,1354.6263840164968,261.2707467012071,14.917026570919523,NA,NA,261.2707467012071,14.917026570919523,0,22.834269949634272,77.16573005036572,2002-06-08,2023-06-20,2017-10-26,2016-06-15
CZ0724090,Bílé Karpaty,7220,2.39896640551963,1.8669899740520317,2.4027598885406807,1.5102790110779667,2.5453349635590463,1.7132179903050715,85.81805944484626,NA,NA,7.587993464626445e-8,0.0119689146013807,2.0587464159507274,0.182646843584218,7.6135640400789875,NA,NA,0.182646843584218,7.6135640400789875,0,19.91831683406225,80.08168316593775,2001-08-11,2023-06-17,2015-05-03,2015-09-05
CZ0724090,Bílé Karpaty,7230,0.9521827559399919,1.3175095943096826,1.8739426024219343,1.4025358517085396,2.4714067507133946,1.3175095943096826,100,NA,NA,1.9034905113770614e-8,0.004750626796828576,0.9521827559399919,0,0,NA,NA,0,0,0,40.25358517085397,59.74641482914603,2008-07-02,2023-06-17,2017-01-29,2019-02-03
CZ0724090,Bílé Karpaty,9110,78.36737283427759,2.3399240428198333,2.6118271407279696,1.3530081137207588,2.9033201089903615,2.1164883700632444,77.65643272434114,0.1816392517616082,0,5.713690422601818e-10,0.3909902159654711,60.85730616288438,16.27440379318391,20.766810478129933,0.549243848363172,0.7008578040821279,16.823647641547083,21.467668282212063,0,23.206166706714235,76.09297548920365,2010-06-09,2023-06-14,2015-04-09,2015-07-02
CZ0724090,Bílé Karpaty,9130,5905.993099206965,2.3462631328807437,2.1281783053344316,1.3340413964758677,2.509142137041793,2.0369199196543546,67.51355153562127,0.48979250547824094,0,4.513125550882474e-8,29.466159625290956,3987.34569472333,1468.610024670732,24.866436516289387,143.696130964477,2.4330561947959604,1612.306155635209,27.29949271108535,0,28.306574781239078,69.26036902396496,2008-07-05,2023-06-18,2015-12-13,2016-06-15
CZ0724090,Bílé Karpaty,9170,2521.5709862895537,1.9218952860344856,1.7518920793671737,1.4527906736837781,2.114645161424664,1.6959698943603247,78.82334361937296,0.712300992938269,0,1.523549867292297e-8,12.580612936795879,1987.5865631294268,372.04057062305657,14.754316759113237,41.5415622833896,1.6474476629554364,413.5821329064462,16.401764422068673,0,38.56265572253499,59.78989661450956,2008-07-03,2023-06-15,2014-10-21,2015-09-08
CZ0724090,Bílé Karpaty,9180,103.25327117303968,1.6228562104637159,1.8546848706799393,1.6183772089345352,2.1185839288442505,1.5545587868774426,92.73160923848528,1.2173679683511733,0,5.851997719939435e-9,0.51515085085805,95.74841995013671,7.480872968647742,7.245168006455434,0.023978254255217,0.023222755059287583,7.50485122290296,7.268390761514722,0,1.5181449029001937,98.45863234204052,2012-05-21,2018-08-04,2018-01-16,2018-08-03
CZ0724090,Bílé Karpaty,6210p,470.5364289238479,1.1548535720901731,1.0872571164238893,1.9180417167731318,1.165440176570061,1.1300330903289764,99.62247769193034,NA,NA,5.045638585661547e-7,2.347598666521673,468.760048937066,1.7763799867819086,0.3775223080696691,NA,NA,1.7763799867819086,0.3775223080696691,0,20.956236576073042,79.04376342392696,2008-07-03,2023-06-17,2015-08-13,2014-07-28
CZ0724090,Bílé Karpaty,91E0,229.59813585165614,2.5399095124249422,2.049181339387538,1.3570540463269192,2.487032723102012,2.1715155041128034,71.49973625648933,0.5725823518499724,0,2.577753452964404e-9,1.1455101973591142,164.16206158375022,45.093199559389355,19.640054738303352,0.255719961556207,0.11137719416042134,45.348919520945564,19.751431932463774,0,25.0451814179219,74.8434413879177,2008-07-03,2023-06-18,2016-04-26,2016-06-16
CZ0724090,Bílé Karpaty,91G0,58.662677637379325,2.116919888710992,1.8599711506869947,1.5166935833357365,2.169337307606414,2.0888012417269994,83.7567004660077,0.7609427590103173,0,5.6536223139118925e-9,0.2926796212379778,49.133923194079486,3.673442616599426,6.26197569655215,0.777362675102797,1.3251401170400523,4.450805291702223,7.587115813592201,0,79.0247685791573,19.65009130380265,2010-05-21,2017-07-14,2012-04-03,2010-06-10
CZ0724090,Bílé Karpaty,91I0,95.2612518080598,2.25786117432191,1.6223351521692835,1.3250452101313985,2.1065088538970267,2.0654937743800645,74.42227044393172,0.4630115277783334,0,1.3906080303967416e-8,0.4752770964561807,70.89558644886907,17.054845304077375,17.903234505505846,4.70908286145714e-4,4.943335062345587e-4,17.055316212363522,17.903728839012086,0,11.994591429337518,88.00491423715624,2010-05-22,2018-08-06,2015-11-26,2017-06-05
CZ0720441,Bílé potoky,6210,11.502369499819098,2.4482674558376045,2.000861614259099,1.3348385512723597,2.6660230629867394,2.284760152373956,71.5239847626044,NA,NA,8.448829773042008e-10,7.0068863754071025,8.226953008389067,0,0,NA,NA,0,0,0,0,100,2014-06-21,2014-07-30,2014-07-06,2014-07-03
CZ0720441,Bílé potoky,6510,6.532167813990002,2,2,1.463160150308931,2.536839849691069,2,100,NA,NA,3.7406079393567115e-11,3.979193822493633,6.532167813990002,0,0,NA,NA,0,0,0,0,100,2014-06-29,2014-07-24,2014-07-10,2014-07-09
CZ0720441,Bílé potoky,7220,0.23393965815948745,1.1762594706084917,1.3768551027563192,2,1.3768551027563194,1.1762594706084917,100,NA,NA,7.399572554025121e-9,0.14250877642653434,0.23393965815948745,0,0,NA,NA,0,0,0,0,100,2014-06-29,2014-07-24,2014-07-17,2014-07-24
CZ0720441,Bílé potoky,9130,30.65622242617508,2.5245128898262554,2.1349389680676256,1.351552984429596,2.4591624758528274,2.2622564449131275,73.77435550868722,0.15357970848499905,0,2.342626860564482e-10,18.674818892124282,22.616430518220305,7.471780867173453,24.372803548012662,0.568011040781322,1.8528409433001092,8.039791907954775,26.22564449131277,0,0,98.14715905669989,2014-07-26,2014-07-27,2014-07-26,2014-07-26
CZ0720441,Bílé potoky,9170,22.639118114778558,1.4855252485378272,2.0437381349204395,1.9552166450231003,2.082886139311134,1.4798898979516224,99.43646494137948,0.9259055130534966,0,1.3678704897433649e-10,13.791047859501369,22.51153874723927,0,0,0.127579367539287,0.563535058620524,0.127579367539287,0.563535058620524,0,0,99.43646494137947,2014-07-07,2014-07-30,2014-07-21,2014-07-27
CZ0720441,Bílé potoky,6210p,4.148760803078029,1.26991159167294,1.3604008261029086,2,1.3604008261029086,1.26991159167294,100,NA,NA,4.448783623101482e-9,2.527296271117674,4.148760803078029,0,0,NA,NA,0,0,0,0,100,2014-06-29,2014-06-29,2014-06-29,2014-06-29
CZ0424129,Bílé stráně u Litoměřic,6210,15.914280228957347,1.4431478873363988,1.8798519605462833,1.8973693364707318,1.9289232831680203,1.2574506068964026,97.58844704266009,NA,NA,1.168950837625789e-9,24.897352646531605,15.530498933456567,0.2948114563813635,1.8524963249354482,NA,NA,0.2948114563813635,1.8524963249354482,0,0,100,2012-05-22,2024-06-01,2020-01-01,2024-05-26
CZ0424129,Bílé stráně u Litoměřic,8230,0.003837978499945603,2,2,2,2,2,100,NA,NA,4.517535971103111e-11,0.006004387429918503,0.003837978499945603,0,0,NA,NA,0,0,0,0,100,2012-06-05,2012-06-05,2012-06-05,2012-06-05
CZ0424129,Bílé stráně u Litoměřic,6210p,9.329367170024556,1.2300449456187383,1.5041413110722046,2,1.5041413110722046,1.048462022068447,100,NA,NA,1.0004032010983417e-8,14.595479095462299,9.329367170024556,0,0,NA,NA,0,0,0,0,100,2012-05-22,2024-06-01,2018-09-13,2024-05-26
CZ0424129,Bílé stráně u Litoměřic,91E0,3.492864959669821,1.0446355585395857,1.0297570390263906,1.9702429609736094,1.0446355585395857,1.0148785195131953,98.51214804868046,0.9851214804868047,0,3.9215234379536046e-11,5.464468979839653,3.492864959669821,0.05196865945940372,1.487851951319535,0,0,0.05196865945940372,1.487851951319535,0,0,100,2012-06-18,2012-07-18,2012-07-03,2012-07-03
CZ0424135,Bílé stráně u Štětí,6210,3.790490148564575,1.9749099663431942,1.5718438094915768,2,1.5718438094915768,1.9749099663431944,59.69338431483824,NA,NA,2.784226851877648e-10,33.38822033276004,2.2626718517987348,0,0,NA,NA,0,0,0,0,100,2021-05-16,2021-07-20,2021-06-19,2021-06-23
CZ0424135,Bílé stráně u Štětí,6210p,0.3425518869895942,2,2,2,2,2,100,NA,NA,3.6732395460620016e-10,3.017340087941517,0.3425518869895942,0,0,NA,NA,0,0,0,0,100,2021-05-15,2021-06-20,2021-06-02,2021-06-02
CZ0210100,Bílichovské údolí,7220,0.13388218662302243,2.9268262892681873,2.5525480697286276,1.8536525785363742,2.552548069728627,2.4793743589968145,52.06256410031856,NA,NA,4.234728568053219e-9,0.11619668466321906,0.06970249922951917,0,0,NA,NA,0,0,0,0,100,2016-07-22,2016-10-07,2016-08-16,2016-07-22
CZ0210100,Bílichovské údolí,9150,54.76226327011413,1.9254543433848648,1.3447204398827926,1.8002309453045082,1.5405523083554575,1.3447204398827926,99.60628137771732,1.1739025322952306,0,4.74102591027489e-8,47.52830527453768,54.546654041636224,0.21560922847791225,0.3937186222826888,0,0,0.21560922847791225,0.3937186222826888,0,0,100,2016-07-22,2016-10-24,2016-09-07,2016-10-07
CZ0210100,Bílichovské údolí,91E0,4.211963920386217,1.5982381176794704,1.475292146671158,2,1.475292146671158,1.475292146671158,100,1.167138294362485,0,4.728873124018765e-11,3.655574022315923,4.211963920386217,0,0,0,0,0,0,0,0,100,2016-07-22,2016-12-09,2016-10-02,2016-10-05
CZ0623035,Bílý kopec u Čejče,6250,0.49586799965770917,3,2,2,2,2,100,NA,NA,7.2493061825985776e-9,0.6796566255524996,0.49586799965770917,0,0,NA,NA,0,0,0,0,100,2019-07-10,2019-07-10,2019-07-10,2019-07-10
CZ0510441,Binov - Bobří soutěska,6510,31.62671788367819,3.1849420961215205,2.1124404016497906,1.7990331717181063,2.200966828281894,2.5701165439401175,38.51286273299581,NA,NA,1.81108562088853e-10,6.936889192626499,12.180354445492819,2.0215403859049985,6.391875354692648,NA,NA,2.0215403859049985,6.391875354692648,0,0,100,2014-05-14,2014-06-06,2014-05-28,2014-06-01
CZ0510441,Binov - Bobří soutěska,8220,4.3625641434644935,1.17374768640597,1.6781472067889265,2,1.6781472067889265,1.17374768640597,100,NA,NA,6.395190721584263e-10,0.9568689413249722,4.3625641434644935,0,0,NA,NA,0,0,0,0,100,2014-05-17,2014-06-06,2014-06-01,2014-06-04
CZ0510441,Binov - Bobří soutěska,9170,76.63527426377952,2.3273405629141126,2.160888078800661,1.4577304661104444,2.5731562566961594,1.8986379181789825,66.67163623827403,0.7562679629756388,0,4.6303539566933583e-10,16.80890213678263,51.09399128735072,6.747892009197327,8.805203705503816,2.34639874220646,3.061773791178887,9.094290751403786,11.866977496682702,0,0,96.9382262088211,2014-05-19,2014-06-06,2014-05-27,2014-05-27
CZ0510441,Binov - Bobří soutěska,9180,173.16703124901892,2.270164210020376,2.1601732824511886,1.7427654223342097,2.331601279818466,1.9928668185829514,73.58049965855058,0.9149418706592541,0,9.814440361309734e-9,37.98182637884365,127.41716683690653,9.743474769325985,5.626633833847161,4.3432668814452,2.5081372880958295,14.086741650771184,8.13477112194299,0,0,97.49186271190418,2014-05-19,2014-06-06,2014-05-30,2014-06-01
CZ0510441,Binov - Bobří soutěska,91E0,17.537095483941208,1.8244406118763399,1.5757224679979178,1.6231203387481379,1.8534077311896753,1.630376044111999,80.5935432235659,0.7930174856939451,0,1.9689318587457434e-10,3.8465226957803593,14.13376662900818,1.6507921256233007,9.413144423687138,0.0887895046288311,0.50629538232335,1.7395816302521319,9.919439806010487,0,0,99.49370461767663,2014-05-14,2014-06-06,2014-05-29,2014-06-01
CZ0510441,Binov - Bobří soutěska,91I0,19.246085510038977,1.9320621392033908,1.929146550451852,0.9100190918242971,2.9290626478523034,1.8419134258285914,90.98512866252008,0.5787536786112172,0,2.8095117958231746e-9,4.221366348098206,17.5110756638076,0,0,1.73339504962596,9.006481077525097,1.73339504962596,9.006481077525097,0,0,90.9935189224749,2014-05-19,2014-06-01,2014-05-26,2014-05-27
CZ0310629,Blana,3140,0.11712132979620947,1.6631375171725602,1,2,1,1.6631375171725602,100,NA,NA,4.679663296810676e-9,0.3827164327976787,0.11712132979620947,0,0,NA,NA,0,0,0,100,0,2010-08-21,2010-08-21,2010-08-21,2010-08-21
CZ0310629,Blana,3160,0.3567546497813666,1.7628365270898656,1,1.9513544329468364,1.0486455670531636,1.768987443283758,100,NA,NA,1.2142770685727442e-8,1.165764316251203,0.3567546497813666,0,0,NA,NA,0,0,0,100,0,2010-08-07,2010-08-21,2010-08-14,2010-08-17
CZ0314124,Blanský les,3260,104.92449843787887,1.0918821702215493,2.019423069799548,1.9611538604009036,2.038846139599096,1.0724591004220008,98.05769302004516,NA,NA,2.283795350702531e-8,0.47237877936864464,102.88654258103733,2.0379558568415233,1.9423069799548351,NA,NA,2.0379558568415233,1.9423069799548351,0,5.303603062245258,94.69639693775474,2010-07-01,2015-08-01,2013-01-14,2013-01-14
CZ0314124,Blanský les,6190,0.9069252370010222,1.4834631009974992,2.1864950868545314,1.8766611954272931,2.1864950868545314,1.3601242964247922,87.66611954272932,NA,NA,2.8220633895167835e-9,0.004083052507387543,0.7950661624324974,0,0,NA,NA,0,0,0,0,100,2015-07-11,2015-07-20,2015-07-16,2015-07-16
CZ0314124,Blanský les,6210,28.31174581322359,2.106071285857089,1.883256410483628,1.6710457320408845,2.0678167246308394,1.7468396078788266,74.87089578518327,NA,NA,2.079581263298166e-9,0.12746182377001278,21.197257702784622,3.4887947185831027,12.322782005741194,NA,NA,3.4887947185831027,12.322782005741194,0,81.6844951298671,18.31550487013291,2010-05-04,2021-09-09,2013-08-24,2011-07-01
CZ0314124,Blanský les,6410,33.1740796270268,2.4800012907349993,2.332721996992242,0.8660311352384347,2.884865600914374,2.010562703225207,62.168231807048485,NA,NA,4.263352172926794e-9,0.14935245318490692,20.623738722384868,7.626699186810039,22.98993452887415,NA,NA,7.626699186810039,22.98993452887415,0,47.93352139364418,52.06647860635582,2001-07-15,2022-05-27,2012-07-27,2012-05-06
CZ0314124,Blanský les,6510,462.9356718098224,2.8022732076091783,2.321596872597426,1.234894501205329,2.7469698934241005,2.2957105583087647,56.316810870255964,NA,NA,2.6509742227910023e-9,2.084174724029762,261.62404768663987,142.40248834558372,30.760750794785107,NA,NA,142.40248834558372,30.760750794785107,0,46.720039891051236,53.27996010894876,2002-06-08,2022-08-25,2014-04-08,2013-06-05
CZ0314124,Blanský les,8220,7.997717317737463,1.747525734826556,2.4587526076506014,1.9413702580092778,2.4587526076506014,1.802113117547595,83.34701784792324,NA,NA,1.1724051704975163e-9,0.036006385548986455,6.66585888024109,0,0,NA,NA,0,0,0,43.654152200922816,56.345847799077184,2010-07-01,2022-08-31,2014-04-19,2015-07-01
CZ0314124,Blanský les,9110,1517.7710063314933,2.2143012020080235,2.2377854153194647,1.4490243154473124,2.5596133470983,1.9005891641868182,73.19491817290941,0.26131375674654445,0,1.1065923673258376e-8,6.83313073692196,1132.5735454787546,217.43643267948897,14.326036785024678,91.8137904533896,6.049251835117526,309.25022313287855,20.375288620142204,0,37.74883164404762,56.20191652083485,2007-07-11,2022-10-12,2014-08-01,2013-06-20
CZ0314124,Blanský les,9130,1420.6522894345908,2.16334753264882,1.9546887217343036,1.310405272205571,2.3685923776015176,1.9419600473999858,74.67428093072355,0.4298664013156783,0.0012069617351549303,1.0856061019149952e-8,6.395894232343675,1068.9258520409198,235.53742006352678,16.579526307402702,68.2210611250066,4.802094195206491,303.7584811885334,21.381620502609195,0,55.32750357844846,39.87040222634504,2007-07-11,2022-10-12,2013-11-06,2012-10-12
CZ0314124,Blanský les,9170,112.42349418785858,2.40553597923851,2.1193566954873697,1.1645105798411972,2.5905963748523875,2.0641962431506826,78.62806462716983,0.5956506136476244,0,6.792701874417101e-10,0.50613987912709,88.56150842838231,4.791631855485802,4.262126782395708,5.21357013478409,4.637438261856783,10.005201990269892,8.89956504425249,0,17.908995331526313,77.45356640661691,2010-05-06,2021-07-28,2015-07-09,2015-07-23
CZ0314124,Blanský les,9180,127.86830888746144,1.8812784807815541,2.069049002216748,1.6420682917791296,2.3589174997157727,1.8167693683006676,90.91827818972546,1.1253562570655065,0.06954319816464598,7.2470832503495495e-9,0.5756737136842579,116.25566479079963,0.832967197702236,0.6514258340863343,2.44697975401295,1.9136717888140438,3.279946951715186,2.565097622900378,0,24.412340075567,73.67398813561897,2007-07-31,2022-10-12,2015-01-07,2015-07-23
CZ0314124,Blanský les,6210p,5.701666034783118,1.4323346116919375,1.540762190741796,2,1.540762190741796,1.4283357059532873,100,NA,NA,6.113989136495424e-9,0.025669372567676558,5.701666034783118,0,0,NA,NA,0,0,0,100,0,2011-06-22,2011-08-17,2011-07-11,2011-06-29
CZ0314124,Blanský les,91U0,34.28262822154687,1.6149702965583028,1.7879485038510368,0.708978805755649,2.4263929365799184,1.901576748560194,92.41125307736942,0.23199726721631891,0,1.0091602178311167e-7,0.15434323074159212,31.681006327387347,2.157656824264489,6.2937322375662745,0,0,2.157656824264489,6.2937322375662745,0,70.58392188144887,29.416078118551123,2011-06-15,2020-06-23,2013-02-21,2011-06-30
CZ0110142,Blatov a Xaverovský háj,6410,1.3349652525442106,3.2947901690738717,2.647395084536936,0.7052098309261282,3.2947901690738717,2.647395084536936,35.26049154630641,NA,NA,1.7156246907839888e-10,0.6241512014299969,0.4707153100194794,0.8642499425247312,64.73950845369359,NA,NA,0.8642499425247312,64.73950845369359,0,0,100,2021-06-10,2021-08-27,2021-08-01,2021-08-27
CZ0110142,Blatov a Xaverovský háj,9170,40.238556575419146,3.4173601249014816,3,0.884386573909104,3.4239552427932445,2.746739288556319,25.326071144368107,0.5760447572067557,0,2.431240201598421e-10,18.813181378685375,10.190845465757466,17.059347022581516,42.39552427932442,0,0,17.059347022581516,42.39552427932442,0,0,100,2021-08-27,2021-11-10,2021-10-07,2021-10-16
CZ0110142,Blatov a Xaverovský háj,9190,67.59085354188286,2.0059866910755693,1.6590783178598867,1.447217212527124,2.1012145851232176,1.6518954921797888,91.37611727982181,0.9580400372772561,0,7.2198326159157316e-9,31.60150600432803,61.761897602863485,2.0047179767633674,2.9659604394862953,0.500579266770603,0.7406020793337336,2.5052972435339704,3.7065625188200295,0,0,99.25939792066625,2021-08-27,2021-11-10,2021-10-24,2021-10-29
CZ0410023,Blažejský rybník,3150,0,NA,NA,NA,NA,NA,NA,NA,NA,NA,NA,NA,0,NA,NA,NA,0,NA,NA,NA,NA,NA,NA,NA,NA
CZ0410023,Blažejský rybník,4030,0,NA,NA,NA,NA,NA,NA,NA,NA,NA,NA,NA,0,NA,NA,NA,0,NA,NA,NA,NA,NA,NA,NA,NA
CZ0410023,Blažejský rybník,6410,1.9876150039614993,4,2.7949414106424104,0.4101171787151791,2.7949414106424104,3,0,NA,NA,2.5543746326506976e-10,3.245247428916129,0,0,0,NA,NA,0,0,0,0,100,2015-10-04,2015-10-04,2015-10-04,2015-10-04
CZ0410023,Blažejský rybník,6430,1.0551553172486206,2.21100645247011,2,2,2,2.1055032262350553,89.44967737649449,NA,NA,1.1360971599315863e-10,1.722788403983389,0.943833027099818,0,0,NA,NA,0,0,0,0,100,2015-10-04,2018-05-25,2017-01-28,2017-01-28
CZ0410023,Blažejský rybník,7140,0,NA,NA,NA,NA,NA,NA,NA,NA,NA,NA,NA,0,NA,NA,NA,0,NA,NA,NA,NA,NA,NA,NA,NA
CZ0623324,Bobrůvka,3260,6.520195755374756,1.6044620397061582,2,1.9999999999999998,2,1.604462039706158,100,NA,NA,1.4191912254516442e-9,37.249618004708765,6.520195755374756,0,0,NA,NA,0,0,0,0,100,2015-07-15,2023-07-06,2019-11-17,2020-01-25
CZ0530033,Bohdalov,6210,6.499018351935886,2.9147202172265834,2.3623244862741775,1.1207487860991778,2.8792512139008224,2.4573601086132917,54.26398913867083,NA,NA,4.773720731910577e-10,0.679516590844956,3.526626612614714,2.354753485651621,36.23244862741773,NA,NA,2.354753485651621,36.23244862741773,0,0,100,2017-06-19,2017-06-22,2017-06-20,2017-06-19
CZ0530033,Bohdalov,6510,125.85199740306773,1.874512993105664,1.8917313772788003,1.5527829433109797,2.1236384892680187,1.7081579074661732,83.36604764342903,NA,NA,7.206841496961822e-10,13.158682680267725,104.9178361152485,18.621309637335738,14.796197137576641,NA,NA,18.621309637335738,14.796197137576641,0,0,100,2003-07-30,2017-06-20,2017-03-02,2017-06-07
CZ0530033,Bohdalov,9110,81.00703451568015,2.900579494396627,2.374082538878936,1.1292808707458468,2.8707191292541534,2.4502897471983136,54.97102528016863,0.45777287242332954,0,5.906145638624344e-10,8.469836665741683,44.53039742232946,11.434742583770856,14.115740259023415,18.8685745549084,23.292513628870218,30.303317138679255,37.408253887893636,0,0,76.70748637112978,2017-06-03,2017-06-22,2017-06-15,2017-06-18
CZ0530033,Bohdalov,9130,267.42108923807587,2.544018800040156,2.198481099542046,1.5441092508136192,2.440219532022187,2.273003856248942,72.69961437510578,0.6690341262992452,0,2.0435258396208443e-9,27.960694529347396,194.41410063378868,43.66539247272711,16.328327955411666,12.539699052023,4.689121223666596,56.20509152475012,21.01744917907826,0,0,95.31087877633341,2017-05-27,2017-06-22,2017-06-13,2017-06-14
CZ0420451,"Bohyňská lada, Chmelník, Lotarův vrch",6210,2.4686613813380296,1.0704646337226058,2,1,3,1.0704646337226058,100.00000000000001,NA,NA,1.8133046220203398e-10,0.65506861533065,2.4686613813380296,0,0,NA,NA,0,0,0,0,100,2014-05-09,2014-05-09,2014-05-09,2014-05-09
CZ0420451,"Bohyňská lada, Chmelník, Lotarův vrch",6410,6.6459909288297085,1.4095902197210148,1.8959999358085065,1.6671064983296828,2.228893437478823,1.4204612250795463,90.6174311135533,NA,NA,8.541065852085956e-10,1.7635387778006515,6.022426251745262,0,0,NA,NA,0,0,0,0,100,2014-04-17,2014-05-09,2014-05-03,2014-05-09
CZ0420451,"Bohyňská lada, Chmelník, Lotarův vrch",6510,48.41944186191906,3.030465182386465,2.400465868944457,1.4530555088532395,2.681619338762275,2.419972541141675,42.49648281556524,NA,NA,2.7727112010198634e-10,12.848281653913526,20.576559790243035,12.619616408090867,26.063118290539293,NA,NA,12.619616408090867,26.063118290539293,0,0,100,2014-04-25,2014-05-09,2014-05-03,2014-05-09
CZ0420451,"Bohyňská lada, Chmelník, Lotarův vrch",8220,1.0302327424700117,2.784414231285807,2.4703634839158366,1.9714066311336307,2.4846601683490213,2.3922071156429032,60.77928843570965,NA,NA,1.510243668413847e-10,0.2733761467570507,0.6261681301049703,0.01472891241182806,1.4296684433184565,NA,NA,0.01472891241182806,1.4296684433184565,0,0,100,2014-04-17,2014-04-25,2014-04-22,2014-04-25
CZ0420451,"Bohyňská lada, Chmelník, Lotarův vrch",9170,132.12365452575222,2.238777059212203,2.1000268222598395,1.432379993215239,2.592602734994126,2.0014500610525907,76.26730018403879,0.769924625762737,0,7.982998591488713e-10,35.059510420055666,100.76714421127777,7.028466119219195,5.319612255994083,0.914784530087252,0.6923699873204396,7.943250649306448,6.011982243314522,0,0,99.30763001267955,2014-04-17,2014-05-09,2014-04-26,2014-04-25
CZ0420451,"Bohyňská lada, Chmelník, Lotarův vrch",9180,63.911827559912986,1.8159893719972104,2.2339045194968463,1.5573409994472707,2.6561936218538715,1.7956194738015065,97.9630101804296,1.015831271024998,0,3.6222762233941782e-9,16.959244673820557,62.60995013901617,1.2622553224477917,1.9749948806651059,0.0396220984490274,0.061994938905297906,1.3018774208968191,2.0369898195704037,0,0,99.9380050610947,2014-04-17,2014-05-09,2014-04-24,2014-04-25
CZ0420451,"Bohyňská lada, Chmelník, Lotarův vrch",6210p,1.734904908427922,1,2,0.19851470428820978,3,1,100,NA,NA,1.8603667240893362e-9,0.46036356573060944,1.734904908427922,0,0,NA,NA,0,0,0,0,100,2014-04-17,2014-05-09,2014-04-28,2014-04-28
CZ0420451,"Bohyňská lada, Chmelník, Lotarův vrch",91E0,33.567739291445605,2.544367010764627,2.1150563741965396,1.5275148949685198,2.4969660107632334,2.1996257093082074,65.52586985435809,0.8849436258034603,0,3.7687307671626573e-10,8.907326320108455,21.995553161162867,1.6580145069620058,4.939309414216447,1.38239920466449,4.118237432262173,3.0404137116264955,9.057546846478619,0,0,95.88176256773782,2014-04-17,2014-05-09,2014-04-30,2014-05-04
CZ0314123,Boletice,3150,117.63952052447479,2.9614184312452827,2.944906359739155,1.9999999999999998,2.944906359739155,2.9514025746629367,3.3314940508340616,NA,NA,1.785572460076112e-8,0.5781172156578028,3.9191536277025922,0,0,NA,NA,0,0,0,99.6656846028149,0.33431539718508513,2008-08-08,2013-06-15,2009-10-18,2009-05-20
CZ0314123,Boletice,6230,197.13148093590527,3.4301663947031282,2.0831412217081855,0.8280042473748783,2.771780471206422,2.7407504170835337,24.42622916245095,NA,NA,1.8989366660562277e-8,0.9687654486270578,48.15178728473753,88.07831698660733,44.679985443443634,NA,NA,88.07831698660733,44.679985443443634,0,93.80327124903401,6.1967287509659865,2007-05-08,2022-09-23,2011-08-19,2012-05-19
CZ0314123,Boletice,6410,434.84811959309,3.2977972188603224,2.3984978105073256,0.8157266812009575,3.0718196737080756,2.6068740901702485,37.811353025270364,NA,NA,5.5884313789672005e-8,2.136978993219259,164.42195762309314,199.23156183186762,45.816355838976364,NA,NA,199.23156183186762,45.816355838976364,0,62.33464900957198,37.66535099042802,2008-07-28,2022-09-28,2014-03-19,2010-09-11
CZ0314123,Boletice,6430,217.4271834237439,2.9350509745368027,2.206356508847213,1.42149732208761,2.5473606911860402,2.4478969311327,51.020340807922636,NA,NA,2.3410620364758677e-08,1.0685048470858207,110.9320899918612,50.263370415978514,23.11733501970644,NA,NA,50.263370415978514,23.11733501970644,0,84.95594697279455,15.044053027205441,2007-08-12,2022-07-30,2012-02-26,2010-08-18
CZ0314123,Boletice,6510,217.5652713039337,3.548812450089852,2.706781294334708,0.3225053605060143,3.574396156881482,2.7555779312926547,24.442206870734523,NA,NA,1.245874883105134e-9,1.0691834539048175,53.17775369098229,153.74761624880475,70.66735206742754,NA,NA,153.74761624880475,70.66735206742754,0,51.870350629342504,48.129649370657496,2008-07-19,2022-07-30,2014-10-30,2012-06-17
CZ0314123,Boletice,7120,35.27130159081644,2.3786718538090725,3,1.7739754263729444,1.2260245736270559,2.1156376979055427,86.58490996247319,NA,NA,3.658996736486053e-8,0.17333415316043485,30.53962472500079,0,0,NA,NA,0,0,0,100,0,2012-06-17,2012-08-14,2012-07-21,2012-08-12
CZ0314123,Boletice,7140,300.78898261440986,2.185782967774119,1.700544180620111,1.0524238092883733,2.3794699829940216,2.029688330753637,83.45990311582582,NA,NA,5.5918561944088446e-8,1.4781706721884162,251.03819347306467,2.1188453333923127,0.704429169903647,NA,NA,2.1188453333923127,0.704429169903647,0,83.92993285766995,16.070067142330043,2007-05-08,2022-09-24,2013-02-25,2012-07-13
CZ0314123,Boletice,8220,4.62031197778573,1.5466488700136631,2.3972314664160064,1.9987048630304476,2.397231466416007,1.546648870013663,97.70539405017173,NA,NA,6.77302964941504e-10,0.022705650993470057,4.51429402424283,0,0,NA,NA,0,0,0,41.70048411131263,58.29951588868735,2008-07-27,2022-09-24,2014-09-11,2013-05-25
CZ0314123,Boletice,9110,1832.2515194713137,3.167245111425595,2.1921019619030693,0.9752493308003778,2.788509652473379,2.520212211822094,47.551901328609354,0.4353368529445387,0,1.3358771105852115e-8,9.00425420045092,871.2704346309448,615.1239914750855,33.572027908732544,167.081968624917,9.118942833412284,782.2059601000026,42.69097074214483,0,58.78328766339763,32.09776950319011,2007-05-08,2022-09-24,2015-02-18,2012-06-01
CZ0314123,Boletice,9130,2054.2854637892465,3.167973966847115,2.1382231265716776,0.7694106444139552,2.853163789483302,2.5502677206651914,40.734130312746025,0.57709516632683,0.019322842055216873,1.569803428432487e-8,10.095398104288044,836.7953178157107,591.9887922993781,28.817260440884446,467.300821483611,22.747608826557535,1059.2896137829891,51.564869267441985,0,44.573975264196946,32.67841590924553,2007-08-10,2022-09-28,2013-01-04,2012-06-02
CZ0314123,Boletice,9180,67.74693845980512,2.5497502802462613,2.2394204411988596,0.9090354612344629,3.0039219732828775,2.219136351879756,66.86127712716167,1.0145792361446104,0.025706170579620945,3.839635537892524e-9,0.33292953981034523,45.29646826877798,1.257288015754614,1.8558595330482344,20.270036265098,29.92022477462121,21.527324280852614,31.77608430766945,0,40.319008660080755,29.760766565298034,2007-08-10,2022-07-22,2013-08-19,2012-05-07
CZ0314123,Boletice,91E0,784.9964697569394,3.1421710262896507,2.1870433519104107,1.0234245367812942,2.6998502273593097,2.5179479940792917,44.1579023781186,0.3686630887006121,0,8.813344032497822e-9,3.857716959180139,346.6379747869466,310.0696755277665,39.49949935746516,19.6089220040843,2.497963081306068,329.6785975318508,41.99746243877123,0,61.99867391114111,35.503363007552835,2007-05-08,2022-09-24,2014-04-07,2012-06-23
CZ0422075,Borečský vrch,6210,0.9933836340149401,3.9246940715043617,2.760522749789675,1.9999999999999998,2.760522749789675,3,0,NA,NA,7.296695887964728e-11,2.910114962954903,0,0,0,NA,NA,0,0,0,0,100,2014-09-16,2014-09-26,2014-09-20,2014-09-16
CZ0422075,Borečský vrch,6510,3.3129248111307623,4,2.6268295062483573,2,2.6268295062483573,3,0,NA,NA,1.89712714123277e-11,9.705205253936347,0,0,0,NA,NA,0,0,0,0,100,2014-09-16,2014-09-16,2014-09-16,2014-09-16
CZ0422075,Borečský vrch,8220,0.35824568683800406,1.0169102847683154,1.385966552007584,1.9999999999999998,1.385966552007584,1.0169102847683154,100,NA,NA,5.251612164708639e-11,1.049479876639132,0.35824568683800406,0,0,NA,NA,0,0,0,0,100,2014-09-16,2024-09-25,2022-08-12,2024-07-16
CZ0422075,Borečský vrch,40A0,0.3364776455521293,1.0176701358417697,1.0176701358417697,1.0176701358417695,2,1.0176701358417697,100,NA,NA,6.750453758190965e-9,0.9857104521276632,0.3364776455521293,0,0,NA,NA,0,0,0,0,100,2014-09-26,2024-09-25,2019-09-26,2019-09-26
CZ0314021,Borkovická blata,3160,0.17529832707356308,1,1.6220697606132277,2,1.6220697606132277,1,100,NA,NA,5.96658624786087e-9,0.025888669540023654,0.17529832707356308,0,0,NA,NA,0,0,0,0,100,2014-07-07,2014-07-07,2014-07-07,2014-07-07
CZ0314021,Borkovická blata,6410,56.3317824826231,2.6711306046160312,2.248029206353938,1.1830984106629026,2.92229257123421,2.476279031487378,49.754783469535084,NA,NA,7.2394541145452435e-9,8.319274494166343,28.02775639875862,0,0,NA,NA,0,0,0,0,100,2014-05-24,2014-09-05,2014-06-09,2014-05-24
CZ0314021,Borkovická blata,7140,27.296921594642573,1.133146684666566,1.014954139409038,1.9454917683717232,1.0545082316282768,1.133146684666566,100,NA,NA,5.074669250867106e-9,4.031304772960452,27.296921594642573,0,0,NA,NA,0,0,0,0,100,2014-07-07,2014-09-05,2014-07-31,2014-07-26
CZ0314021,Borkovická blata,91D0,54.674112474976084,2.6889916742105813,1.4366424370382402,1.5927397908270968,1.7469146712962282,2.4556819539894774,35.99770770812701,0.7993001445031956,0,3.824577195522223e-9,8.074463994540908,19.6814272007545,3.604123940835288,6.592011790744418,0,0,3.604123940835288,6.592011790744418,0,0,100,2014-07-26,2014-09-07,2014-08-03,2014-07-27
CZ0314021,Borkovická blata,91T0,2.3578988073572518,4,2,0,3,3,0,0,0,1.2762301286200259e-8,0.3482227357872699,0,0,0,0,0,0,0,0,0,100,2014-10-05,2014-10-05,2014-10-05,2014-10-05
CZ0420026,Bořeň,6190,7.617704897032745,1.0131338884281011,2,2,2,1.013133888428101,100,NA,NA,2.3703879024412455e-8,11.653582462450634,7.617704897032745,0,0,NA,NA,0,0,0,0,100,2023-05-13,2023-05-13,2023-05-13,2023-05-13
CZ0420026,Bořeň,8150,0.5208946213166462,2,3,2,3,2,100,NA,NA,6.154508396680409e-9,0.7968657890810443,0.5208946213166462,0,0,NA,NA,0,0,0,0,100,2023-05-13,2023-05-13,2023-05-13,2023-05-13
CZ0420026,Bořeň,8220,0,NA,NA,NA,NA,NA,NA,NA,NA,NA,NA,NA,0,NA,NA,NA,0,NA,NA,NA,NA,NA,NA,NA,NA
CZ0420026,Bořeň,9180,9.154260022157862,2,2,2,2,2,100,0.7576728229311721,0,5.188281995213756e-10,14.004208024976904,9.154260022157862,0,0,0,0,0,0,0,0,100,2023-05-13,2023-05-13,2023-05-13,2023-05-13
CZ0420026,Bořeň,40A0,0.39566604267562744,1,1,2,1,1,100,NA,NA,7.937898282619903e-9,0.6052908216105862,0.39566604267562744,0,0,NA,NA,0,0,0,0,100,2023-05-13,2023-05-13,2023-05-13,2023-05-13
CZ0624094,Bosonožský hájek,9170,35.45165048588426,2.2278975259291016,1.5800803157919674,1.1283221089545672,2.4517582068374004,1.950561890455095,100,1.060222973689634,0,2.142012169664915e-10,76.07120278878203,35.45165048588426,0,0,0,0,0,0,0,0,100,2024-06-23,2024-08-14,2024-07-30,2024-08-14
CZ0533296,Boušovka,3140,0,NA,NA,NA,NA,NA,NA,NA,NA,NA,NA,NA,0,NA,NA,NA,0,NA,NA,NA,NA,NA,NA,NA,NA
CZ0623798,Božické rybníky,91E0,19.13040463992719,2.1129712971137473,2.0058961786456266,0.8184255332120969,2.8007151199817493,1.7808488735649306,67.57892615644425,0.33446637085215686,0,2.1478165070573617e-10,33.30044955051529,12.92812202504538,6.161913224965281,32.21005170013348,0.0403693899165297,0.2110221434222802,6.202282614881811,32.42107384355576,0,24.936819351448452,74.85215850512928,2009-09-06,2018-04-30,2014-01-02,2014-01-02
CZ0530501,Brandýs,8210,2.6427784298533843,1.007784569053995,2.239328200210526,1.2040962513699456,2.835702214344095,1.0155691381079905,99.22154309460048,NA,NA,1.4745064443330114e-8,1.4720631696781674,2.6222055386717815,0,0,NA,NA,0,0,0,0,100,2015-05-08,2023-05-07,2017-08-02,2015-05-21
CZ0530501,Brandýs,9130,58.91991356433217,2.5509553011346098,2.0708895448597717,0.7861237268203165,2.8498196144714885,2.280744551740637,71.92554482593631,0.618694197490304,0,4.502425974704918e-10,32.81918519498673,42.37846884211666,10.559566475834828,17.921897431681195,1.10499731503686,1.8754224984229824,11.664563790871687,19.79731993010418,0,0,98.12457750157702,2015-05-08,2015-05-30,2015-05-16,2015-05-21
CZ0530501,Brandýs,9180,52.414806905756706,1.483395492173393,2.065462744383966,1.5333811316981714,2.4764591593051337,1.437598412921743,95.42029207483502,1.5096142929714549,0,2.9706693746245616e-9,29.195753196774,50.01436183993385,1.2401216161556217,2.365975741140085,1.16032344966724,2.213732184024896,2.4004450658228618,4.579707925164982,0,0,97.7862678159751,2015-05-10,2023-05-07,2018-08-28,2015-05-25
CZ0710505,Brániska,40A0,0.3379106428853702,2,2,2,2,2,100,NA,NA,6.779202717777212e-9,22.065719345236513,0.3379106428853702,0,0,NA,NA,0,0,0,0,100,2023-06-14,2023-06-14,2023-06-14,2023-06-14
CZ0214047,Brda,4030,8.116929958868116,2.7142837330751513,2.732437823243014,2,2.732437823243014,2.709115691073838,29.088430892616216,NA,NA,5.810283217273502e-9,12.25315287391145,2.361087561687414,0,0,NA,NA,0,0,0,0,99.99999999999999,2014-06-22,2014-07-26,2014-07-10,2014-07-26
CZ0214047,Brda,7140,6.9666959806322,1.611282690722787,2,2,2,1.571463034017586,93.47812437264722,NA,NA,1.2951525596202162e-9,10.51678298437043,6.512336733439583,0,0,NA,NA,0,0,0,0,100,2014-05-04,2014-07-26,2014-06-24,2014-06-22
CZ0214047,Brda,91D0,11.584327677809721,2.0030802337610965,2.4773664576053003,1.7712370107582878,2.5986691981996364,1.9031378500940457,64.22064090518766,0.7105626948033467,0,8.103497881613732e-10,17.487466159863217,7.439529479246447,1.2448547326701134,10.746024864737608,0,0,1.2448547326701134,10.746024864737608,0,0,100,2014-05-04,2014-07-26,2014-06-09,2014-06-22
CZ0520518,Broumovské stěny,4030,2.6992890009658406,1.3989094018876567,3,1.7340603987415621,3,1.1329698006292188,86.70301993707811,NA,NA,1.9322125064967074e-9,0.1988986992979012,2.3403650806667695,0,0,NA,NA,0,0,0,13.296980062921893,86.70301993707811,2002-04-17,2013-10-30,2007-02-02,2002-05-15
CZ0520518,Broumovské stěny,8220,75.80300308550909,2.2993568199804812,2.979181864940197,1.1341425545650636,2.980037021496153,1.436822907788907,56.70712772825318,NA,NA,1.1112149782987289e-8,5.585588912927722,42.98570578155134,0.06482343504974619,0.08551565559562664,NA,NA,0.06482343504974619,0.08551565559562664,0,43.2073566161512,56.7926433838488,2001-08-14,2013-10-31,2009-03-14,2013-10-06
CZ0520518,Broumovské stěny,8310,0.009926408532685308,4,3,0,3,2,0,NA,NA,5.512501280082333e-9,7.314332571074264e-4,0,0,0,NA,NA,0,0,0,100,0,2007-05-04,2007-05-04,2007-05-04,2007-05-04
CZ0520518,Broumovské stěny,9110,102.35969789651176,3.2381809057350845,2.7327071038538318,0.8559041266156298,3.010827759189747,2.2837803058394006,35.0747921284581,0.4901271275710081,0,7.46294796392489e-10,7.542434605874922,35.90245126051919,4.897948848036452,4.785036443726516,3.07463203667044,3.0037525509101934,7.9725808847068915,7.78878899463671,0,36.547177287601826,60.44907016148799,2001-08-14,2013-10-30,2009-02-05,2013-10-04
CZ0520518,Broumovské stěny,9130,104.33811376164357,3.165200489185801,2.509927154610965,0.6741764972825218,2.836012931015186,2.121965766094859,41.19438055499908,0.4506378098386253,0,7.973104594581823e-10,7.688215343730056,42.98143964687931,4.529584465830893,4.341255848441496,1.28468600783937,1.231272026609745,5.814270473670263,5.57252787505124,0,46.61707541792771,52.15165255546254,2001-08-14,2013-10-29,2008-11-21,2013-10-01
CZ0520178,Březinka,6510,57.73866650716759,3.077837736092803,2.041742954819811,1.9132195606394047,2.0851331745001085,2.4422168507480486,53.80932151997646,NA,NA,3.306371184800537e-10,35.50747478441828,31.068784702188765,2.505293423793451,4.3390219680297735,NA,NA,2.505293423793451,4.3390219680297735,0,100,0,2010-06-06,2010-06-17,2010-06-06,2010-06-06
CZ0520178,Březinka,9110,12.50059925373015,3.2986187639207847,2.6489541862237824,0.5039384031652846,3.4960615968347155,2.6493093819603923,35.069061803960764,0.09332613285322246,0,9.114067710788509e-11,7.6874777275439925,4.383842878156084,7.512101044127299,60.09392743220454,0.600215171886773,4.801491190173705,8.112316216014072,64.89541862237826,0,95.19850880982631,0,2010-06-06,2010-06-17,2010-06-12,2010-06-17
CZ0520178,Březinka,9130,12.10099153067714,3.2450009891475613,2.6225004945737806,0.6498288635444713,3.3501711364555287,2.6225004945737806,37.749950542621924,0,0,9.247097507690062e-11,7.441731471034897,4.568118317997488,6.577104475001652,54.35178149102972,0.955768737678002,7.898267966348371,7.532873212679654,62.25004945737809,0,92.10173203365164,0,2010-06-06,2010-06-17,2010-06-15,2010-06-17
CZ0520178,Březinka,91E0,5.8464824321655176,2.567873899923248,2.0762882591504033,1.5444504126686127,2.3040630528160966,2.320984842815988,67.9015157184012,0.043178600141597696,0,6.563986341312309e-11,3.5954039138034326,3.9698501876504335,1.2466342021273042,21.322807629912866,0.0850471275292989,1.4546717366564927,1.3316813296566032,22.77747936656936,0,98.5453282633435,0,2010-06-06,2010-06-17,2010-06-08,2010-06-06
CZ0212001,Březinský rybník,3130,0.13578762221440208,1,3,2,3,1,99.99999999999999,NA,NA,1.381830384695139e-10,3.3256904477548734,0.13578762221440208,0,0,NA,NA,0,0,0,100,0,2012-05-15,2012-05-15,2012-05-15,2012-05-15
CZ0623004,Břežanka a Břežanský rybník,91E0,15.704696617019179,2.4982349353364435,1.8052965038437625,0.8607921779684886,2.4644545020852964,2.118299266022524,62.00643306860802,1.0450858020488465,0,1.7632040339576464e-10,78.47468176008837,9.737922196459945,0.683164271289343,4.3500634743176,2.08428433095735,13.27172617074698,2.7674486022466933,17.62178964506458,0,86.72827382925301,0,2009-09-11,2009-09-26,2009-09-18,2009-09-18
CZ0510405,Bukovec,6230,8.824628533805965,1.7247388748127799,2.183462288809461,1.0403813318027664,2.9001711345938026,1.580868089786796,98.68622205518376,NA,NA,8.500626387836355e-10,7.332517903332102,8.708692510416862,0.11593602338910336,1.3137779448162386,NA,NA,0.11593602338910336,1.3137779448162386,0,0,100,2023-06-11,2023-07-30,2023-07-07,2023-07-18
CZ0510405,Bukovec,6430,0.41588503080798545,1.128223543317033,1.1282235433170331,1.2166513175539357,1.7833486824460643,1.1282235433170331,100,NA,NA,4.477879176982656e-11,0.3455651897918661,0.41588503080798545,0,0,NA,NA,0,0,0,0,100,2023-07-18,2023-07-30,2023-07-22,2023-07-18
CZ0510405,Bukovec,7140,7.984661400224816,1.8667599818189027,2.026087907916606,1.0022640607241546,2.857787894628654,1.861893503954142,99.51335221352393,NA,NA,1.4843987277400144e-9,6.634576452131098,7.945804222263011,0,0,NA,NA,0,0,0,0,100,2023-06-11,2023-08-02,2023-07-09,2023-07-18
CZ0510405,Bukovec,9130,13.294134571650321,1.6484547060636938,1.1349570181904718,1.9682353124609935,1.1508393619599748,1.6325723622941906,98.41176562304969,1.62907936050676,0,1.0158850070488809e-10,11.046298366271333,13.082992556265333,0.21114201538498747,1.5882343769503193,0,0,0.21114201538498747,1.5882343769503193,0,0,100,2023-07-18,2023-07-30,2023-07-24,2023-07-24
CZ0510405,Bukovec,9140,11.098390081580998,1.493116402589639,2,1,3,1.493116402589639,100,1,0,2.1794106412542954e-8,9.221820914002617,11.098390081580998,0,0,0,0,0,0,0,0,100,2023-07-30,2023-07-30,2023-07-30,2023-07-30
NA,NA,NA,0.11448926664405101,NA,NA,NA,NA,NA,NA,NA,NA,6.488810666692611e-12,0.09513087085658914,0,0,0,0.114489266644051,99.99999999999999,0.114489266644051,99.99999999999999,NA,NA,NA,Inf,-Inf,NaN,NA
CZ0510405,Bukovec,9410,29.01729760849814,1.965065838309895,1.6323764547933541,1.480305203850094,2.021084015417247,1.8558465068298164,90.15739580049748,0.9755367737562568,0,3.7681611062931093e-10,24.110913383553278,26.161239855501957,2.8560577529961826,9.84260419950252,0,0,2.8560577529961826,9.84260419950252,0,0,100,2023-07-17,2023-08-02,2023-07-26,2023-07-30
CZ0510405,Bukovec,91D0,5.835575765590597,4,3,0,4,3,0,0,0,4.0821165603803785e-10,4.848868551636287,0,5.835575765590597,100,0,0,5.835575765590597,100,0,0,100,2023-06-11,2023-07-18,2023-06-29,2023-06-29
CZ0413177,Bystřina - Lužní potok,3160,0.26810433681190016,1.8627135335252043,1.8627135335252043,2,1.8627135335252043,1.8627135335252043,100.00000000000001,NA,NA,9.125401683625021e-9,0.023734866799531167,0.26810433681190016,0,0,NA,NA,0,0,0,100,0,2012-09-05,2012-09-09,2012-09-07,2012-09-07
CZ0413177,Bystřina - Lužní potok,6430,5.863915421220952,3.6127318231938323,2.523568634125035,0.6652002154407849,3.334799784559215,2.985457546926387,1.454245307361277,NA,NA,6.313741254225638e-10,0.5191234617888446,0.08527571484073997,2.348991354988702,40.05841125347623,NA,NA,2.348991354988702,40.05841125347623,0,100,0,2012-09-09,2012-09-10,2012-09-09,2012-09-10
CZ0524048,Byšičky,7230,0.3726470239488175,1.132244656529434,2,1.867755343470566,2.132244656529434,1.132244656529434,100,NA,NA,7.449516069834999e-9,2.1274256840547148,0.3726470239488175,0,0,NA,NA,0,0,0,0,100,2014-06-18,2014-06-18,2014-06-18,2014-06-18
CZ0620073,Bzenecká střelnice,2330,13.31527343000786,2,1.4,2,1.4,1.4,100,NA,NA,1.8348391158023845e-8,46.323770772192,13.31527343000786,0,0,NA,NA,0,0,0,0,100,2021-11-03,2021-11-03,2021-11-03,2021-11-03
CZ0620194,Čepičkův vrch a údolí Hodonínky,8220,3.650149782089298,2,2,2,2,2,99.99999999999999,NA,NA,5.350844881852519e-10,1.9474135159482204,3.650149782089298,0,0,NA,NA,0,0,0,0,100,2014-05-24,2014-09-07,2014-06-14,2014-05-24
CZ0620194,Čepičkův vrch a údolí Hodonínky,9180,118.00114747688848,2.017841237196955,2.397643573221627,1.8229747444693976,2.4237476012645187,2.0089206185984776,99.10793814015224,1.1135099291893238,0,6.6878505459427515e-9,62.95550681823228,116.94850424606445,0,0,1.05264323082404,0.892061859847769,1.05264323082404,0.892061859847769,0,0,99.10793814015224,2013-10-12,2014-09-07,2014-06-02,2014-05-24
CZ0320023,Čepičná,6110,0.44374467821819946,1.5623082716085892,2.5383656948269784,0.6180960016538088,2.7801232857952733,1.5623082716085892,97.35392447319008,NA,NA,7.834064739011383e-9,0.2485186239397058,0.43200285888634626,0,0,NA,NA,0,0,0,0,100,2022-05-02,2022-05-03,2022-05-02,2022-05-02
CZ0320023,Čepičná,9150,100.83429192243918,1.8937546014560556,1.6309249617043975,1.5027414771413075,1.9187081371877888,1.5771144431565922,79.0524652624699,0.6901410319204404,0,8.729697461379409e-8,56.4721126912918,79.71199359464372,18.825161940537022,18.66940460594216,2.29713638725844,2.2781301315879485,21.122298327795463,20.94753473753011,0,0,97.72186986841206,2022-06-07,2022-06-08,2022-06-07,2022-06-08
CZ0320023,Čepičná,91U0,10.046669720135112,2.0156442366762013,1.0550539713658056,1.730239993842259,1.3169918591854457,2.0078221183381006,99.21778816618993,1.7103182816661282,0,2.957386854277582e-8,5.626624175077906,9.968083480680404,0,0,0.078586239454709,0.7822118338100611,0.078586239454709,0.7822118338100611,0,0,99.21778816618995,2022-06-07,2022-06-08,2022-06-07,2022-06-08
CZ0320180,Čerchovský les,6410,4.2203000724657675,2.3300480474993637,1.2981226822474803,0.7397923914003999,2.29812268224748,2.295127828049482,70.48721719505183,NA,NA,5.423699974992376e-10,0.17253787864016742,2.9747720783618745,0,0,NA,NA,0,0,0,0,99.99999999999999,2020-06-16,2022-08-17,2021-03-30,2020-12-12
CZ0320180,Čerchovský les,7140,0.11256148133912357,2,2,1,3,2,100,NA,NA,2.0925886686644212e-11,0.004601833725889572,0.11256148133912357,0,0,NA,NA,0,0,0,0,100,2021-06-16,2021-06-16,2021-06-16,2021-06-16
CZ0320180,Čerchovský les,9110,1133.858993247612,1.9459767219184423,2.0872734784532887,1.6376104233330948,2.2736526028734074,1.6842870733689508,80.65856824098499,1.3404271650342319,0.027061513912199974,8.266857795526534e-9,46.355382795735025,914.5544298251705,168.81820636016883,14.888818395013809,30.5724175682858,2.696315657445193,199.39062392845463,17.585134052459,0,0,97.3036843425548,2020-05-07,2024-10-03,2023-08-28,2024-07-11
CZ0320180,Čerchovský les,9130,66.26186358745235,2.1979407582000974,1.8451020298603493,0.7949808093287406,2.686143733189886,1.9514563908537648,73.85174651085383,1.3654179632148193,0.2885481913471828,5.063468659416067e-10,2.7089735757683897,48.93554352997307,6.608016826199204,9.972579200821825,1.84885456322355,2.7902242151451615,8.456871389422755,12.762803415966989,0,0,97.20977578485484,2020-05-07,2024-04-09,2022-03-31,2021-12-07
CZ0320180,Čerchovský les,9180,14.597506122136343,2.480937037840691,1.8758050959427053,0.9662006739682398,2.7991784876461177,2.1174874679318894,87.8381237829055,1.6184994542992985,0.17636769938198785,8.273304232694269e-10,0.59678759720958,12.822175496779328,0,0,0,0,0,0,0,0,100,2020-04-22,2024-07-31,2021-08-16,2020-05-19
CZ0320180,Čerchovský les,9190,0.5589829313305207,2,2,1,3,2,100,2,0,5.97087177906328e-11,0.022852813191428043,0.5589829313305207,0,0,0,0,0,0,0,0,100,2020-08-19,2020-08-19,2020-08-19,2020-08-19
CZ0320180,Čerchovský les,9410,44.673602007903945,1.9602328973510672,1.2370690259463963,1.8769648552544878,1.3108848064385277,1.8074616541698358,95.07806357466188,1.7887636131940774,0,5.801275219884754e-10,1.8263839986040218,42.47479571816634,2.1980054647746496,4.920143811966996,8.00824962952174e-4,0.0017926133711145269,2.1988062897376017,4.92193642533811,0,0,99.99820738662889,2021-06-17,2024-09-25,2023-11-16,2024-08-07
NA,NA,NA,0.165258074204996,NA,NA,NA,NA,NA,NA,NA,NA,1.156017415499205e-11,0.00675622042553721,0,0,0,0.165258074204996,100,0.165258074204996,100,NA,NA,NA,Inf,-Inf,NaN,NA
CZ0624062,Černecký a Milonický hájek,6210,14.969311173959618,1.31695941547077,1.740742521330171,1.7986267216010021,1.8414291605296702,1.216272776271271,89.93133608005012,NA,NA,1.0995400724213349e-9,7.336578777986086,13.462101540722118,1.5072096332374996,10.068663919949891,NA,NA,1.5072096332374996,10.068663919949891,0,100,0,2012-05-14,2012-05-14,2012-05-14,2012-05-14
CZ0624062,Černecký a Milonický hájek,91G0,146.16906178331627,2.2303530796781,2.1591368278059218,1.533872754836632,2.392200450387606,1.9972894570964161,76.6936377418316,0.1318725319541496,0,1.4087060164726579e-8,71.63862279402089,112.1023707347306,34.06669104858568,23.306362258168406,0,0,34.06669104858568,23.306362258168406,0,100,0,2012-05-06,2012-05-14,2012-05-12,2012-05-14
CZ0624062,Černecký a Milonický hájek,91I0,10.187668221819633,1.5374043888555513,2,0.46259561114444864,3,1.5374043888555513,100,0,0,1.4871789916035344e-9,4.993057436295819,10.187668221819633,0,0,0,0,0,0,0,100,0,2012-05-14,2012-05-14,2012-05-14,2012-05-14
CZ0534050,Černý Nadýmač,3150,11.85165761185493,1.0000000000000004,2,2,2,1,100,NA,NA,1.7988847067407808e-9,44.63246231454951,11.85165761185493,0,0,NA,NA,0,0,0,0,100,2021-09-15,2021-09-15,2021-09-15,2021-09-15
CZ0214004,Černý Orel,2330,0.1751543872970273,2.2135294939960173,2.1067647469980084,0.7402176946981035,2.736655899648957,2.1067647469980084,89.32352530019915,NA,NA,2.4136201393559837e-10,0.07914130669362507,0.15645407345166895,0.018700313845358325,10.676474699800858,NA,NA,0.018700313845358325,10.676474699800858,0,0,100,2022-07-22,2022-07-28,2022-07-26,2022-07-28
CZ0214004,Černý Orel,6510,39.223923474737845,3.7819116635671595,2.786306937307396,0.42738612538520826,3.5726138746147917,2.7900475628432235,20.99524371567763,NA,NA,2.246135184220009e-10,17.72283643787547,8.2351583283721,30.842043136600783,78.63069373073958,NA,NA,30.842043136600783,78.63069373073958,0,0,100,2022-07-19,2022-11-09,2022-08-07,2022-07-28
CZ0214004,Černý Orel,9170,72.68544916662515,2.770214483570267,2.364997465098505,1.132655517526636,2.9472934864976716,2.3526343228966073,64.73656771033929,0.1705741438588836,0,4.39170291195508e-10,32.84200592078121,47.054065015316525,16.74758313772756,23.04117719536295,0.00554498860390304,0.007628746423774076,16.75312812633146,23.048805941786718,0,0,99.99237125357622,2022-07-19,2022-11-08,2022-07-23,2022-07-19
CZ0214004,Černý Orel,9190,9.158826345204975,3.7509736283873925,2.5261865264902887,0.24902637161260743,3.401673340683985,2.8754868141936964,12.451318580630371,0,0,9.78315699618211e-10,4.138300478367875,1.1403946464881767,4.819251021311152,52.618652649028874,0,0,4.819251021311152,52.618652649028874,0,0,100,2022-07-19,2022-07-19,2022-07-19,2022-07-19
CZ0624072,Čertoryje,3140,0.0021335601693636273,2,2,2,2,2,99.99999999999999,NA,NA,8.524786418904945e-11,4.394510371941269e-5,0.0021335601693636273,0,0,NA,NA,0,0,0,0,100,2020-06-30,2021-05-26,2021-02-05,2021-05-26
CZ0624072,Čertoryje,6210,857.7396253439553,1.8104210527761828,1.71669563231871,1.6516507988159634,1.9703710576467683,1.642373416941205,78.33238680575292,NA,NA,6.300350622745932e-8,17.66692936118743,671.8879211106429,55.684248470495604,6.491975749420008,NA,NA,55.684248470495604,6.491975749420008,0,6.870897567799264,93.12910243220074,2003-06-23,2021-05-28,2013-12-27,2013-06-08
CZ0624072,Čertoryje,6410,1.6705452530112817,2.56574794030259,2.2441221481544,1.0612862822443063,2.732854918030694,2.282873970151295,71.7126029848705,NA,NA,2.1468938443723463e-10,0.034408349699108706,1.1979914849745807,0.4725537680367008,28.287397015129496,NA,NA,0.4725537680367008,28.287397015129496,0,0,100,2013-06-08,2020-06-30,2017-09-02,2020-06-30
CZ0624072,Čertoryje,6430,0.07293119087045925,2,2,2,2,2,100,NA,NA,7.852580322905587e-12,0.00150216937548968,0.07293119087045925,0,0,NA,NA,0,0,0,0,100,2013-06-27,2013-06-27,2013-06-27,2013-06-27
CZ0624072,Čertoryje,6510,110.75886863327182,2.692792559963779,2.3861994673300373,0.9091342701057641,3.0908657298942357,2.202405201340615,52.3501067346735,NA,NA,6.342542248783961e-10,2.281308978216301,57.98238594763462,42.77501606824716,38.619946733003744,NA,NA,42.77501606824716,38.619946733003744,0,16.638081608776123,83.36191839122388,2010-05-31,2021-05-26,2013-01-27,2013-05-28
CZ0624072,Čertoryje,7220,0.06833541375681598,2.1455595023311154,2.1039753838397584,1.9168317630172853,2.1455595023311154,2.1039753838397584,89.60246161602419,NA,NA,2.1614670042740652e-9,0.0014075097990547695,0.061230212881602346,0.0028416679428193673,4.158411849135735,NA,NA,0.0028416679428193673,4.158411849135735,0,0,100,2013-05-17,2021-05-26,2016-01-26,2013-06-08
CZ0624072,Čertoryje,9130,734.2111939799659,2.64518448970026,1.8743883692728762,1.4659130589905842,2.2358938701004423,2.2351492446252013,76.48507553747989,0.6128295765731195,0,5.610550577412373e-9,15.122604712398168,561.5619863202098,113.58229903810164,15.469976482162012,7.73611518014038,1.0536634749744054,121.31841421824201,16.523639957136417,0,0,98.94633652502559,2013-05-08,2021-05-28,2020-06-19,2021-05-27
CZ0624072,Čertoryje,9170,141.11152084353472,2.543853152733374,2.348437516907704,1.0162660690986287,2.9023132112305676,2.0272704987101964,63.29632477522714,0.09721225386347777,0,8.526051418878994e-10,2.906484901863727,102.553787298854,26.22055124538929,18.581439055187275,22.0118111188584,15.598875972193104,48.23236236424769,34.180315027380374,0,84.40112402780692,0,2010-06-10,2010-10-03,2010-08-01,2010-08-02
CZ0624072,Čertoryje,6210p,138.02408515498735,1.1443624716295924,1.45544378919684,1.7748747090112433,1.6674076286823212,1.1282367650453646,98.38742934157723,NA,NA,1.480054692898918e-7,2.8428927503469974,135.79834925622154,1.8165973030513152,1.3161451503275365,NA,NA,1.8165973030513152,1.3161451503275365,0,0,100,2013-05-08,2013-06-14,2013-06-05,2013-06-09
CZ0624072,Čertoryje,91E0,71.37431794633794,2.8930997801468585,2.2988974091109506,1.0090083625598778,2.9183799183534704,2.4310046315619305,48.577653145856225,0.5031197700509239,0,8.0133662173122e-10,1.470102343534887,35.79332107271224,21.22752606193581,29.741126322069388,0.0104955222296866,0.014704900210153396,21.238021584165494,29.755831222279543,0,12.907831656847252,87.0774634429426,2010-05-31,2021-05-28,2016-07-30,2013-06-14
CZ0624072,Čertoryje,91G0,1337.6548141880564,2.7655646821335305,2.081690508862965,1.3955965184544954,2.4519713529929446,2.2304312524469765,65.52131193222885,0.4726551347777115,0,1.2891663678485834e-7,27.55177960029084,882.9041425869267,304.41952515783066,22.757704149751845,3.54396302617765,0.2649385318684627,307.9634881840083,23.022642681620308,0,7.536532277992585,92.19852919013894,2010-06-10,2021-05-28,2016-01-30,2013-06-12
CZ0624072,Čertoryje,91I0,93.82638951502916,2.44868768155996,2.008301866283965,1.1255626389557083,2.5135479973904795,2.090084235331286,68.02714317386118,0.23219944499575296,0,1.3696621474765567e-8,1.93254939704175,63.82741233025356,27.125158008710084,28.909945431040125,0,0,27.125158008710084,28.909945431040125,0,27.138691295310874,72.86130870468912,2010-06-10,2020-06-30,2014-11-01,2013-06-08
CZ0210704,Čertova skála,6190,1.8776109025155194,1,2,2,2,1,100,NA,NA,5.8425289886829344e-9,48.269049939967054,1.8776109025155194,0,0,NA,NA,0,0,0,0,100,2024-10-08,2024-10-08,2024-10-08,2024-10-08
CZ0210704,Čertova skála,40A0,0.18776109025155194,2,1,2,1,3,0,NA,NA,3.766884885475272e-9,4.826904993996705,0,0,0,NA,NA,0,0,0,0,100,2024-10-08,2024-10-08,2024-10-08,2024-10-08
CZ0310032,Čertova stěna-Luč,3260,0,NA,NA,NA,NA,NA,NA,NA,NA,NA,NA,NA,0,NA,NA,NA,0,NA,NA,NA,NA,NA,NA,NA,NA
CZ0310032,Čertova stěna-Luč,8220,4.229235074507467,1.001497138982426,2.624492499195557,2,2.624492499195557,1.033724405153509,100,NA,NA,6.199740340415929e-10,3.188882490958226,4.229235074507467,0,0,NA,NA,0,0,0,0,100,2017-08-16,2017-08-29,2017-08-24,2017-08-29
CZ0310610,Červené blato,7120,42.63118359629422,1.8449077535672918,3,1.9897666041275952,1.0153500938086073,1.4839156646614555,99.48833020637976,NA,NA,4.4225008609263404e-8,10.782653934676595,42.41305270716919,0.21813088912502862,0.5116697936202502,NA,NA,0.21813088912502862,0.5116697936202502,0,100,0,2011-08-31,2011-09-05,2011-09-04,2011-09-05
CZ0310610,Červené blato,91D0,333.64612330386296,1.473513045662881,1.3605486397798243,1.6792392796308506,1.520928999964399,1.4258329630497597,96.00887837943489,1.9124087011812276,0,2.3339297096891884e-8,84.38871222296338,320.32990074050514,7.45763667968281,2.2351935655163855,5.858585883675,1.7559280550487277,13.316222563357812,3.9911216205651137,0,98.24407194495126,0,2011-08-31,2011-09-05,2011-09-02,2011-09-02
CZ0810001,Červený kámen,6510,9.354038889111047,1.6323881740333257,2.171313861953195,1.964743820160809,2.1713138619531955,1.6335824722698131,100,NA,NA,5.356536012244246e-11,3.74827930611751,9.354038889111047,0,0,NA,NA,0,0,0,100,0,2008-06-15,2008-06-24,2008-06-22,2008-06-24
CZ0810001,Červený kámen,7220,0.19024314025910571,3.6109270085025265,3,0,3.6109270085025265,3,0,NA,NA,6.0174402678366055e-9,0.07623278395753862,0,0.11622467256662203,61.092700850252655,NA,NA,0.11622467256662203,61.092700850252655,0,100,0,2008-06-29,2008-06-30,2008-06-29,2008-06-30
CZ0810001,Červený kámen,9180,151.9298296955396,1.6915386182018541,2.120630125806011,1.999999287087961,2.1206304822620305,1.7465203783225798,99.059814154161,1.0902308934547758,0,8.610797574433015e-9,60.8801656034026,150.50140694113483,0,0,5.41563023310437e-5,3.564560194635276e-5,5.41563023310437e-5,3.564560194635276e-5,0,99.99996435439803,0,2008-06-17,2008-06-28,2008-06-21,2008-06-20
CZ0424031,České Švýcarsko,3260,18.866025430091746,1.3739296020244853,1.5395193698570029,1.9163816907111086,1.5813285245014481,1.3435085630960812,95.81908453555543,NA,NA,4.10639477004397e-9,0.17753073850004503,18.077252855358996,0.7887725747327505,4.180915464444568,NA,NA,0.7887725747327505,4.180915464444568,0,0,100,2014-09-16,2025-04-27,2018-05-04,2015-08-28
CZ0424031,České Švýcarsko,4030,64.96915938076546,1.84680511612885,2.589524968976658,1.9806255399515462,2.5992121990008847,1.7401707222872147,98.86414612391386,NA,NA,4.650640307398546e-8,0.6113647459733297,64.23120466567845,0.6293711914021265,0.9687230024226785,NA,NA,0.6293711914021265,0.9687230024226785,0,0,100,2015-06-17,2025-07-21,2016-09-01,2015-08-18
CZ0424031,České Švýcarsko,6230,90.88382943314292,3.130536880624722,2.4985194976530805,0.747422159021273,3.259979788852341,2.376127194799619,49.93588643493426,NA,NA,8.754696877578282e-9,0.8552237680779765,51.43082658636724,43.4646719619084,47.82442843023292,NA,NA,43.4646719619084,47.82442843023292,0,0,100,2014-09-16,2025-07-30,2016-09-28,2015-08-19
CZ0424031,České Švýcarsko,6510,98.07498919311085,3.393911269486165,2.662917120710686,0.4568214685229824,3.515496861531762,2.6422601111024306,32.789808903025445,NA,NA,5.616207263419758e-10,0.9228931299999967,32.15860153808391,64.99376108160067,66.26945525696378,NA,NA,64.99376108160067,66.26945525696378,0,0,100,2014-09-16,2025-07-07,2016-12-18,2015-08-22
CZ0424031,České Švýcarsko,8160,3.1135280970492962,1.0170655228743728,2.591719053782671,2,2.591719053782671,1.0170655228743726,100,NA,NA,1.2240137534423138e-7,0.029298536910066772,3.1135280970492962,0,0,NA,NA,0,0,0,0,100,2015-08-30,2015-09-24,2015-09-11,2015-09-10
CZ0424031,České Švýcarsko,8220,1436.7476709031805,1.5531318226864266,2.4289813892950076,1.996918127047684,2.430529685744261,1.3540533071430565,99.7070812788252,NA,NA,2.1061639604732624e-7,13.51990518611428,1432.539167999062,2.203362468927442,0.15335765030628834,NA,NA,2.203362468927442,0.15335765030628834,0,0,100,2014-09-16,2025-07-19,2015-10-10,2015-08-18
CZ0424031,České Švýcarsko,8310,0,NA,NA,NA,NA,NA,NA,NA,NA,NA,NA,NA,0,NA,NA,NA,0,NA,NA,NA,NA,NA,NA,NA,NA
CZ0424031,České Švýcarsko,9110,1258.2343174663956,3.0931145883352773,2.6543730934987058,0.8020046808652752,3.2847600629503386,2.4188384222841592,41.96762307431425,0.542483666007826,0,9.173666424035296e-9,11.840080912306023,529.0737803398889,416.8736575736261,33.13163945592032,274.629364136415,21.826567621316663,691.5030217100411,54.958207077236985,0,0,78.17343237868334,2014-09-16,2025-07-30,2016-01-24,2015-08-19
CZ0424031,České Švýcarsko,9130,168.80538359600243,1.8417108981211188,2.1065183998479298,1.4257058842240524,2.444449807452491,1.5900882527315305,85.40696416706751,1.1805674176183978,0,1.2899437521116186e-9,1.58847153702983,145.64348070143254,22.521586039586772,13.341746311531807,0.895678991815693,0.5305985939164704,23.417265031402465,13.872344905448278,0,0,99.46940140608352,2014-09-16,2025-05-18,2015-10-12,2015-08-19
CZ0424031,České Švýcarsko,9180,49.02460950694183,1.4902344108514347,2.308307283338818,1.3469008818454917,2.764926882418139,1.4641906288414357,98.57966176623961,1.31166080676836,0.10241537958825221,2.778526043739084e-9,0.46132531532378973,48.328294234163,0,0,0.340228422685381,0.6939951712153976,0.340228422685381,0.6939951712153976,0,0,99.3060048287846,2015-06-18,2025-07-30,2016-04-03,2015-08-30
CZ0424031,České Švýcarsko,9410,259.94414828946896,2.5867413500723933,2.2044426515087956,1.5146998014036794,2.4480930808916064,2.0487572051089833,70.30593809973435,1.00559398927119,0.004749061694765492,3.3756121697080475e-9,2.4460942653552977,186.51517334659235,52.763210793679114,20.297902892171663,5.22447198546762,2.0098440452868918,57.98768277914674,22.307746937458557,0,0,97.9901559547131,2002-09-25,2025-07-30,2015-09-25,2015-08-18
CZ0520038,Češovské lesy,9170,607.7623030660286,2.2969478344310517,2.115159061247847,1.7153472854794358,2.3068030661409606,2.1306141774746865,84.34362503932309,0.8958158118105848,0,3.672140031814201e-9,82.14094541457038,512.6087580283656,46.9053281872316,7.717709366080197,9.62185938114757,1.5831615966649102,56.527187568379176,9.300870962745108,0,0,98.41683840333508,2016-06-29,2021-06-16,2020-07-18,2021-05-27
CZ0520038,Češovské lesy,9190,21.251646971929613,2.0725551170706886,1.3739703047989815,1.2276997854115574,2.1099929608520798,2.0362775585353443,96.37224414646556,0.9637224414646556,0,2.270031016175714e-9,2.872225482042346,20.48068910493296,0.27638564360057355,1.3005375252357592,0.494572223396077,2.3272183282986783,0.7709578669966506,3.6277558535344374,0,0,97.6727816717013,2016-06-29,2021-05-21,2016-12-06,2016-07-16
CZ0620002,Člupy,6210,11.73975804496786,2.254459158017628,2.1964279072646704,1.6071441854706587,2.3928558145293413,1.5334079864530885,80.35720927353293,NA,NA,8.623198663561786e-10,65.29694446967244,9.433741940401243,2.3060161045666177,19.64279072646706,NA,NA,2.3060161045666177,19.64279072646706,0,0,100,2013-07-04,2013-07-04,2013-07-04,2013-07-04
CZ0620002,Člupy,6240,1.0628432170424795,1.491039415343264,1.9999999999999998,1.508960584656736,2.491039415343264,0.9999999999999996,100,NA,NA,3.836170913923121e-9,5.911571112229067,1.0628432170424795,0,0,NA,NA,0,0,0,0,100,2013-07-04,2013-07-04,2013-07-04,2013-07-04
CZ0620002,Člupy,6210p,0.5441468982076505,1,2,2,2,1,100,NA,NA,5.834975608889388e-10,3.026564062011444,0.5441468982076505,0,0,NA,NA,0,0,0,0,100,2013-07-04,2013-07-04,2013-07-04,2013-07-04
CZ0210150,Čtvrtě,7220,0.6830918208705355,2,2.7288330866415085,1,3,2,100,NA,NA,2.160637289700883e-8,0.6063662018104664,0.6830918208705355,0,0,NA,NA,0,0,0,100,0,2009-07-30,2009-07-30,2009-07-30,2009-07-30
CZ0210150,Čtvrtě,9170,50.50289123342366,1.7629364340273925,1.741701229856764,1.6334003940257036,2.0038950977715997,1.5747255963260418,88.05258499351683,1.4484595184913591,0,3.051418090346176e-10,44.83035135544705,44.46910122749373,4.7540119607115745,9.413346136439193,0.518779672650679,1.0272276695068538,5.272791633362253,10.440573805946046,0,98.97277233049316,0,2009-05-14,2009-08-04,2009-07-11,2009-07-31
CZ0310630,Ďáblík,3140,0,NA,NA,NA,NA,NA,NA,NA,NA,NA,NA,NA,0,NA,NA,NA,0,NA,NA,NA,NA,NA,NA,NA,NA
CZ0620421,Dambořický les,91G0,767.31658431183,1.9723363202214004,1.693184762183517,1.539595358750584,1.9274303583375665,1.7461320387223611,73.66026269989912,0.27475648507426403,0,7.395022419051341e-8,74.40435439499883,565.2074117439869,145.6866145495682,18.98650668162316,27.8489714442337,3.629397827913511,173.5355859938019,22.615904509536673,0,0,96.37060217208649,2016-08-02,2016-08-09,2016-08-06,2016-08-08
CZ0614053,Dářská rašeliniště,3140,0,NA,NA,NA,NA,NA,NA,NA,NA,NA,NA,NA,0,NA,NA,NA,0,NA,NA,NA,NA,NA,NA,NA,NA
CZ0614053,Dářská rašeliniště,6410,3.75334145522099,2.500973066821187,2,1,3,2.2504865334105935,74.95134665894065,NA,NA,4.823590173038592e-10,0.961317235316582,2.8131799653964116,0,0,NA,NA,0,0,0,0,100,2022-05-21,2022-05-21,2022-05-21,2022-05-21
CZ0614053,Dářská rašeliniště,7140,20.491318687759566,2.4655145231865387,1.6175466045223308,1.3797227094421896,2.1373743263232607,2.1814173421656404,63.07595705586005,NA,NA,3.809464905921878e-9,5.24829889950639,12.925095375670649,1.9102545186110307,9.322262504033555,NA,NA,1.9102545186110307,9.322262504033555,0,0,100,2022-05-20,2022-05-23,2022-05-21,2022-05-21
CZ0614053,Dářská rašeliniště,9410,45.14801375604202,3.5153762197954492,2.755161709814695,0.4846237802045508,3.5153762197954492,2.760214509980754,23.97854900192462,0.005819136642787383,0,5.862881918131487e-10,11.563446673262481,10.825838601888204,26.356664830406157,58.378348542252155,7.73738643234392,17.13782243921738,34.09405126275008,75.51617098146953,0,0,82.86217756078263,2022-05-21,2022-10-28,2022-06-19,2022-05-22
CZ0614053,Dářská rašeliniště,91D0,157.68656089166942,1.5772147416575746,1.2895247425909688,1.8403353278070183,1.4009280459106646,1.5289533727842881,92.43861831302021,1.192041328469545,0,1.103052976127655e-8,40.38716183205195,145.7632781535785,1.237209419539664,0.7846004203171291,6.37295986201311,4.041536467011497,7.610169281552773,4.826136887328627,0,0,95.95846353298852,2022-05-21,2022-10-28,2022-06-04,2022-05-22
CZ0813439,Děhylovský potok - Štěpán,3260,3.030833454145305,2,2,2,2,2,100,NA,NA,6.596937278121784e-10,3.569808472174479,3.030833454145305,0,0,NA,NA,0,0,0,0,100,2013-06-20,2013-06-20,2013-06-20,2013-06-20
CZ0420069,Dětanský chlum,91I0,37.9694592211722,1.1604935075968141,1.1266392172047481,1.9465973410511397,1.153340546679178,1.1266392172047481,97.32986705255699,0.0020691701832345447,0,5.542718986012354e-9,77.53788531329629,36.95562418054174,1.0138350406304584,2.6701329474430135,0,0,1.0138350406304584,2.6701329474430135,0,0,100,2021-05-05,2021-05-07,2021-05-06,2021-05-06
CZ0624104,Děvín,6190,6.425057110270038,1.1744016372281165,1.6558389007518424,1.2288098486397765,2.427029052112066,1.1744016372281165,100,NA,NA,1.9992737776716138e-8,1.5812817906771006,6.425057110270038,0,0,NA,NA,0,0,0,0,100,2022-06-10,2022-08-09,2022-07-15,2022-07-27
CZ0624104,Děvín,6210,27.055429860840224,2.2471829108000896,2.1776557525975675,1.3239021725130782,2.686713286676949,2.0237591751065858,77.65762643064961,NA,NA,1.9873011498570945e-9,6.658658101186907,21.010604650537726,4.519346942221888,16.704029340754065,NA,NA,4.519346942221888,16.704029340754065,0,0,100,2022-06-10,2022-08-14,2022-07-12,2022-07-07
CZ0624104,Děvín,6240,53.43406539943321,1.8229894421319228,1.6953465599881188,1.338858730588721,2.340751230366825,1.6922175078582335,86.8969247204139,NA,NA,1.9286213075562096e-7,13.150749194573594,46.432559585202206,0.8408704618711538,1.5736599032572827,NA,NA,0.8408704618711538,1.5736599032572827,0,0,100,2022-06-10,2022-08-09,2022-07-14,2022-07-27
CZ0624104,Děvín,8160,0.18424050360076596,2.03541607172041,2,2,2,2.0354160717204106,48.22919641397947,NA,NA,7.2430022572205206e-9,0.045343745347164,0.08885771435571835,0,0,NA,NA,0,0,0,0,100,2022-07-07,2022-08-09,2022-07-24,2022-07-27
CZ0624104,Děvín,8210,0.46949270132535137,1,1.5271333502722235,1.8752435850453235,1.6518897652268998,1,99.99999999999999,NA,NA,2.6194780684279685e-9,0.11554765144031202,0.46949270132535137,0,0,NA,NA,0,0,0,0,100,2022-06-10,2022-07-27,2022-07-04,2022-07-07
CZ0624104,Děvín,9180,154.6867148791097,1.7272716029842847,2.0563082385349185,1.4800018760726783,2.493186121109731,1.6738337249198532,92.86540540171973,1.3809611014098875,0,8.76704720822282e-9,38.07021187516204,143.65044487508752,2.3071112292479237,1.4914734151869282,4.68107123461973,3.026162420139355,6.988182463867654,4.517635835326283,0,0,96.97383757986064,2022-07-07,2022-08-11,2022-07-31,2022-08-09
CZ0624104,Děvín,91G0,70.78814184590571,2.1034187612390722,2.017848271751088,1.654893592934375,2.224640599581835,1.9561850555180729,85.27662942790005,0.7144400824662333,0,6.822215323586985e-9,17.421790620020474,60.36574140082926,9.36808015213185,13.2339681588544,0.422916508032565,0.5974397646334403,9.790996660164414,13.83140792348784,0,0,99.40256023536655,2013-04-26,2022-08-14,2021-02-11,2022-08-11
CZ0624104,Děvín,91H0,19.59030937408267,1.9927734096169316,1.6449539225796408,1.3934569790888678,2.196333363040294,1.9958340230772522,95.5542607167393,0.5994198869939414,0,2.061960724722927e-8,4.821404534669711,18.71937529452677,0.07487683163506445,0.38221362514123447,0,0,0.07487683163506445,0.38221362514123447,0,0,100,2022-07-07,2022-08-14,2022-08-03,2022-08-09
CZ0620414,Dobrá studně,6230,8.78894475648492,0.9999999999999996,2,1,3,1,100.00000000000001,NA,NA,8.466252764295044e-10,88.810778485012,8.78894475648492,0,0,NA,NA,0,0,0,100,0,2010-08-27,2010-08-27,2010-08-27,2010-08-27
CZ0424139,Dobříňský háj,91F0,20.323389586009434,2.301528173745645,1.6670053651431207,1.7899180077746366,1.7868726434037177,2.1011059271100048,79.95777533643601,0.22223159896265335,0,8.335753885823364e-10,97.07993968962828,16.250130185930058,0,0,1.83346877829635,9.021471396476624,1.83346877829635,9.021471396476624,0,0,90.97852860352337,2016-04-04,2016-04-04,2016-04-04,2016-04-04
CZ0534052,Dolní Chrudimka,3260,8.228168599864194,2,2,2,2,2,100.00000000000001,NA,NA,1.7909500138608702e-9,12.546431705433001,8.228168599864194,0,0,NA,NA,0,0,0,0,100,2022-05-14,2023-05-09,2022-11-10,2022-11-10
CZ0610514,Doubravníček,3140,0.04202546740241349,2,1,2,1,2,100,NA,NA,1.6791564583204788e-9,0.8041821954171348,0.04202546740241349,0,0,NA,NA,0,0,0,0,100,2020-09-24,2020-09-24,2020-09-24,2020-09-24
CZ0610514,Doubravníček,6230,2.6488474768916612,2,1.4344411459545814,1.122180322931944,2.312260823022637,2,100,NA,NA,2.551593267995353e-10,50.6872644364579,2.6488474768916612,0,0,NA,NA,0,0,0,0,100,2020-08-20,2020-08-20,2020-08-20,2020-08-20
CZ0424125,Doupovské hory,3150,33.95965338785208,1.6828685322938544,2.0135515395295136,2,2.0135515395295136,1.7677244434822015,97.2400943154239,NA,NA,5.154511134756246e-9,0.26984856678464064,33.02239898353841,0,0,NA,NA,0,0,0,43.57069610166556,56.42930389833443,2010-07-17,2024-06-18,2015-12-15,2015-09-05
CZ0424125,Doupovské hory,3260,157.9981544176853,1.6281157491180922,1.7077880034392332,2,1.7077880034392332,1.6324983698188573,99.61930535910174,NA,NA,3.4390009564098597e-8,1.2554773465232762,157.396663911099,0,0,NA,NA,0,0,0,13.937518815495222,86.06248118450478,2009-01-27,2022-09-20,2016-05-03,2016-07-01
CZ0424125,Doupovské hory,5130,2.1855685407747396,2.77191200219315,2,2,2,2,100,NA,NA,5.091856085439635e-9,0.017366859773328344,2.1855685407747396,0,0,NA,NA,0,0,0,0,100.00000000000001,2018-09-21,2021-06-22,2019-08-22,2018-09-22
CZ0424125,Doupovské hory,6210,307.80374845423484,2.4578306979554605,2.335618491051366,1.6312418075928243,2.620903064226832,2.1998062223559303,79.80407514244814,NA,NA,2.2609093493605582e-8,2.445855363206604,245.63993470768966,16.92203811474347,5.49767122711291,NA,NA,16.92203811474347,5.49767122711291,0,8.331108634831581,91.66889136516842,2010-09-21,2024-04-25,2018-04-15,2018-09-20
CZ0424125,Doupovské hory,6230,69.05686453889125,1.9554262227201118,2.0827350866909065,1.8643199294579604,2.2110310106311353,2.001505938429556,99.84940615704436,NA,NA,6.652139551389837e-9,0.548736340434113,68.95286915275747,0,0,NA,NA,0,0,0,99.84940615704437,0.1505938429556377,2010-05-23,2015-07-18,2011-10-20,2011-10-06
CZ0424125,Doupovské hory,6430,62.04480486505593,2.406538232162383,2.2548821729737756,1.8555620332868956,2.3761763391181114,2.228512038237754,76.7462154965082,NA,NA,6.6804313491499556e-9,0.4930174486191069,47.61703964612383,0.9794520619536936,1.5786205856944002,NA,NA,0.9794520619536936,1.5786205856944002,0,52.72197154242501,47.27802845757498,2010-05-23,2024-06-18,2015-09-17,2015-07-24
CZ0424125,Doupovské hory,6510,2256.5370525841595,2.391528104708727,2.2347073744343433,1.5463995550179428,2.52808535383311,2.1609592283432484,79.69238390137762,NA,NA,1.2921928301154665e-8,17.93078635349366,1798.407700409393,332.8361076012095,14.749862282121603,NA,NA,332.8361076012095,14.749862282121603,0,24.741556213475114,75.25844378652488,2001-07-09,2024-06-18,2016-07-22,2017-04-12
CZ0424125,Doupovské hory,8160,3.0141553537684156,1.2874657960850384,2.2101239697613924,2,2.2101239697613924,1.2965781062576782,100,NA,NA,1.1849475877608917e-7,0.02395093651255029,3.0141553537684156,0,0,NA,NA,0,0,0,100,0,2011-10-08,2011-10-15,2011-10-11,2011-10-11
CZ0424125,Doupovské hory,9130,1139.6983354626157,1.7773071252583188,1.8757480563369289,1.6946764628285735,2.0766736757402557,1.6491242937680017,95.0222841995451,0.5196401229984949,0,8.709122397662842e-9,9.056216177443131,1094.433938144254,29.194150811132726,2.5615682591378452,16.442211955612,1.442681053749011,45.636362766744725,4.004249312886856,0,47.37371935605567,51.183599590195314,2001-07-09,2024-06-18,2016-02-22,2017-04-26
CZ0424125,Doupovské hory,9180,139.8366134211079,2.3538254812020867,2.241233607641705,1.315608721256875,2.6832457476726015,2.0456976559312627,77.50110953727724,0.7060222137898136,0,7.925400654212367e-9,1.1111629816929207,114.61850801157898,14.792694986413222,10.578556376981247,12.3174807498112,8.808480446189005,27.11017573622442,19.387036823170252,0,35.83496180975043,55.35655774406055,2001-09-25,2024-07-02,2015-10-13,2016-05-29
CZ0424125,Doupovské hory,40A0,3.473823968521075,1.8162044702021776,1.4202237022660473,2,1.4202237022660475,1.8689469301275812,96.2591696738359,NA,NA,6.969226150259643e-8,0.02760353318278773,3.3438741080290812,0,0,NA,NA,0,0,0,36.08164344364407,63.91835655635594,2010-09-21,2022-06-23,2017-07-01,2018-09-18
CZ0424125,Doupovské hory,91E0,576.107034798906,2.1521819341339277,1.9947184833835652,1.8521909559731164,2.0741999570666003,1.9700634531593575,83.19021508801704,0.5271519697047051,0,6.468092141608092e-9,4.577834051470179,480.78333893496284,31.748354096279922,5.510842982044455,2.29288699783864,0.3979967018870005,34.04124109411856,5.908839683931456,0,25.622551267466363,73.97945203064664,2001-07-09,2024-06-18,2016-02-01,2016-06-25
CZ0424125,Doupovské hory,91I0,239.66273562998418,2.075621266707346,1.9064149339088934,1.650430094169678,2.1919559781201343,1.8986047287351122,93.1805504696302,0.44192851842462677,0,3.4985570568127856e-8,1.904396519682145,223.3190563305938,9.825770944800787,4.099832591400783,2.50624774035859,1.0457394362000405,12.332018685159378,5.145572027600823,0,0,98.95426056379996,2015-05-14,2023-07-05,2020-03-24,2022-05-14
CZ0610030,Doupský a Bažantka,3150,4.125965540188236,2,1,2,1,2,100,NA,NA,6.262530148829053e-10,36.919333213361526,4.125965540188236,0,0,NA,NA,0,0,0,0,100.00000000000001,2013-07-17,2013-07-17,2013-07-17,2013-07-17
CZ0623799,Drnholecký luh,91F0,123.10230756589137,2.658053353277025,2.1479244211625264,1.6732457088005865,2.3164335215938108,2.366678348818738,60.19210686592308,0.11374507985585802,0,5.049111194289171e-9,82.571374051794,74.09787252447865,13.270069987214509,10.779708560793315,6.21027815754687,5.044810516019592,19.48034814476138,15.824519076812907,0,94.9551894839804,0,2012-04-20,2012-04-23,2012-04-21,2012-04-22
CZ0710006,Dřevohostický les,6510,3.3000943652120456,2.000720018155582,2.000360009077791,1.9992799818444178,2.000720018155582,2.000360009077791,99.96399909222089,NA,NA,1.8897798609369006e-11,1.0648729480009453,3.2989063012830018,0.0011880639290437103,0.03600090777911352,NA,NA,0.0011880639290437103,0.03600090777911352,0,0,100,2008-10-13,2022-08-05,2020-04-15,2022-08-04
CZ0710006,Dřevohostický les,9170,256.27995160945846,2.1565857318514263,1.8625074927959646,1.5426190475651609,2.1316187341331228,1.9040699326817143,74.53547485854972,0.6489512795647158,0,1.5484604176811802e-9,82.69629816066436,191.0194788993713,45.41691097467748,17.721601198008532,2.35989956467016,0.9208287850258293,47.776810539347636,18.64242998303436,0,0,99.07917121497415,2022-08-04,2022-08-23,2022-08-06,2022-08-05
CZ0523268,Dubno - Česká Skalice,6410,5.081962352746376,1.3592242824873861,1.2537412720032604,1.6558191117148326,1.597922160288428,1.3592242824873861,100,NA,NA,6.531061444026335e-10,6.296910729718633,5.081962352746376,0,0,NA,NA,0,0,0,0,100,2021-06-04,2021-06-04,2021-06-04,2021-06-04
CZ0523268,Dubno - Česká Skalice,9170,15.467458542652334,2.1023057446465847,2,1.7613298520000822,2.1473086288680348,2,100,1.1378535971033938,0,9.345540751435755e-11,19.165274926932618,15.467458542652334,0,0,0,0,0,0,0,0,100,2015-08-21,2021-08-23,2020-11-07,2021-05-06
CZ0523268,Dubno - Česká Skalice,91E0,36.06135254374029,2.0530238268444885,2.0182217201463573,1.8160490916367291,2.183950908363271,2.0265119134222442,97.34880865777556,0.9817782798536425,0,4.048694720163282e-10,44.682565906480875,35.10529708721162,0.6570998741511721,1.8221720146357483,0,0,0.6570998741511721,1.8221720146357483,0,0,100,2015-08-21,2021-05-06,2018-11-24,2021-05-06
CZ0622218,Dunajovické kopce,6210,39.96048686730571,1.9733482375855238,2.0886294567529307,1.5330583089899206,2.4427023800348113,1.7916128358917276,91.0207461475601,NA,NA,2.9352156631297274e-9,45.520467576150885,38.41960325943924,2.573061574732203,6.439014577766302,NA,NA,2.573061574732203,6.439014577766302,0,100,0,2002-07-15,2010-06-05,2010-02-28,2010-05-30
CZ0622218,Dunajovické kopce,6250,2.897329358633912,1.5602041338038255,2,1.5569309514132483,2.443069048586752,1.4430690485867517,100,NA,NA,4.235729598818175e-8,3.300454961048812,2.897329358633912,0,0,NA,NA,0,0,0,100,0,2010-05-09,2010-06-05,2010-05-29,2010-06-01
CZ0622218,Dunajovické kopce,40A0,0.30180115607571656,1.544102484677349,1,2,1,1.1203405637518062,100,NA,NA,6.054769983053951e-9,0.3437928518040548,0.30180115607571656,0,0,NA,NA,0,0,0,100,0,2010-05-29,2010-06-05,2010-06-02,2010-06-04
CZ0310080,Dvořiště,7140,2.9938914071052567,1,1,1.8230996371787498,1.1769003628212502,1,100,NA,NA,5.565832253793098e-10,11.727305398428047,2.9938914071052567,0,0,NA,NA,0,0,0,0,100,2015-05-08,2015-05-08,2015-05-08,2015-05-08
CZ0310080,Dvořiště,7150,0.9028193172953616,1,1,2,1,1,100,NA,NA,4.484856202751177e-8,3.536413454541435,0.9028193172953616,0,0,NA,NA,0,0,0,0,100,2015-05-08,2015-05-08,2015-05-08,2015-05-08
CZ0620003,Dyjské svahy,6210,4.9857342473051744,2,2,2,2,2,100,NA,NA,3.6621689078732556e-10,64.11902253682669,4.9857342473051744,0,0,NA,NA,0,0,0,100,0,2012-08-27,2012-08-27,2012-08-27,2012-08-27
CZ0210101,Dymokursko,3130,2.0934793841067028,2,2,2,2,2,99.99999999999999,NA,NA,2.13041025059255e-9,0.048581179481322186,2.0934793841067028,0,0,NA,NA,0,0,0,0,100,2014-05-31,2014-06-01,2014-05-31,2014-05-31
CZ0210101,Dymokursko,3150,23.878705223972286,1.9719718552492975,1.9975509006450594,1.9925319933386167,2.0050189073064426,1.9719718552492973,52.39456975925901,NA,NA,3.6243907013655234e-09,0.5541280573739131,12.511144866181985,0,0,NA,NA,0,0,0,0,100,2014-05-29,2016-06-08,2014-10-25,2014-05-31
CZ0210101,Dymokursko,6410,39.2707960057373,2.6673020507506906,2.145124928194422,1.147478439291534,2.7315148942018768,2.2660797153873418,58.08458086113708,NA,NA,5.0468689822286524e-9,0.911316157977448,22.810277260764675,10.017305530150118,25.508282359967012,NA,NA,10.017305530150118,25.508282359967012,0,0,100,2014-05-30,2023-05-19,2015-08-07,2014-06-05
CZ0210101,Dymokursko,6510,25.133243903032835,2.469120909580287,2.192240623199334,0.8410765509770557,3.1589234490229443,2.2725159141058926,72.74840858941076,NA,NA,1.4392406068338214e-10,0.5832408201727252,18.284034966351495,4.831630470939889,19.22406231993338,NA,NA,4.831630470939889,19.22406231993338,0,0,100,2014-05-29,2023-05-19,2016-06-23,2014-12-09
CZ0210101,Dymokursko,7230,0.5669519014805812,2,2,1.165278668168154,2.834721331831846,2,100,NA,NA,1.1333828071798024e-8,0.01315665790272772,0.5669519014805812,0,0,NA,NA,0,0,0,0,100,2014-05-30,2014-06-02,2014-05-31,2014-06-01
CZ0210101,Dymokursko,9170,2638.180186582996,2.1593661712187586,2.1857155747627637,1.4782102752525588,2.5151950700275485,1.9403694412045775,71.59151436365563,0.6641228154951931,0,1.5940059173492334e-8,61.22147947644853,1888.7131472166825,376.5509470368761,14.273132250477158,124.499251736607,4.719133756282962,501.0501987734831,18.99226600676012,0,0,95.28086624371703,2014-05-28,2023-05-19,2016-04-09,2015-08-29
CZ0210101,Dymokursko,9190,318.47312993981467,1.961104068433316,1.7660000024502174,1.200659351964245,2.423769320748249,1.8244448178014177,81.90120948080673,0.562880076811773,0,3.401825203179985e-8,7.390471768216847,260.8333452920894,29.7488613477519,9.341089891437267,15.2501513591673,4.788520576931965,44.9990127069192,14.129610468369233,0,0,95.21147942306803,2014-05-28,2023-05-19,2016-07-22,2015-08-03
CZ0210101,Dymokursko,91E0,74.97832985752531,2.3573984436655806,2.1391575797901465,1.2309310653201626,2.661212473434843,2.1750719817706763,73.94642574198743,0.858651727775601,0,8.417997296485706e-10,1.7399434299050918,55.44379501067734,8.76577091175307,11.69107251176425,0.672534132168489,0.8969713428485886,9.438305043921558,12.588043854612838,0,0,99.10302865715141,2014-05-28,2023-05-19,2015-03-06,2014-06-01
CZ0210101,Dymokursko,91H0,49.61998559492395,2.0303507500436053,1.9977766361650133,1.081201232016546,2.7306431789903227,1.8444185248854605,72.8640076338257,0.737499875199106,0,5.2227077941611915e-8,1.1514789418746703,36.1551100917886,7.854141022792366,15.828583843030843,1.37181331118694,2.7646386727836423,9.225954333979306,18.59322251581449,0,0,97.23536132721637,2015-06-28,2016-06-09,2016-04-08,2016-06-09
CZ0210101,Dymokursko,91I0,17.648095288142247,2.583879501495286,2.132496798470476,1.4660585556053787,2.3074495784630473,2.3712486800671053,62.87513199328945,0.5363154489763992,0,2.5762398208188474e-9,0.40954083006771835,11.096263206720934,2.4869620317417778,14.091957183689773,0.118445950585417,0.671154301082003,2.6054079823271947,14.763111484771777,0,0,99.32884569891799,2015-06-17,2023-05-11,2016-08-12,2015-08-25
CZ0420044,Evaňská rokle,6210,7.478424147593603,2,2,2,2,2,100,NA,NA,5.493123186019964e-10,45.14652223968481,7.478424147593603,0,0,NA,NA,0,0,0,0,100,2017-05-28,2017-10-08,2017-07-30,2017-07-23
CZ0310001,Fabián - Homolka,9110,190.94280910905593,2.6186754496063105,2.2474501413270174,1.6408449761665937,2.4712682213917203,2.2278410881918287,60.916563858551825,0.9642394950393206,0,1.392145813000772e-9,71.88136115505769,116.31579824423078,24.623460411293888,12.895725440611033,1.21815580813669,0.6379689362593106,25.841616219430577,13.533694376870345,0,0,99.36203106374069,2016-08-15,2016-08-19,2016-08-18,2016-08-18
CZ0310001,Fabián - Homolka,9130,38.62668827454564,3.022866819750382,2.374406815646663,0.6255931843533369,3.374406815646663,2.428591073363779,47.63742131749333,0.6838841165684237,0,2.9516982304167003e-10,14.541207092541738,18.400758234340103,14.461655052457331,37.439541670434444,4.40303391600028e-4,0.0011398942318598425,14.46209535584893,37.4406815646663,0,0,99.99886010576813,2016-08-15,2016-08-19,2016-08-18,2016-08-19
CZ0620004,Fládnitzské vřesoviště,4030,0.731043767925083,2,1.0061118295945932,1.0061118295945932,2,2,100,NA,NA,5.232977686627478e-10,13.216802452308846,0.731043767925083,0,0,NA,NA,0,0,0,0,100,2025-05-29,2025-05-29,2025-05-29,2025-05-29
CZ0620004,Fládnitzské vřesoviště,40A0,0.005257474962889683,2,1,2,1,2,100,NA,NA,1.0547607572442778e-10,0.09505177532625339,0.005257474962889683,0,0,NA,NA,0,0,0,0,100,2025-05-29,2025-05-29,2025-05-29,2025-05-29
CZ0620004,Fládnitzské vřesoviště,6210p,0.6765593561565608,2,1,1,2,2,100,NA,NA,7.254855911414138e-10,12.23175923236773,0.6765593561565608,0,0,NA,NA,0,0,0,0,100,2025-05-29,2025-05-29,2025-05-29,2025-05-29
CZ0420074,Grünwaldské vřesoviště,7110,23.888792636723053,2.3606603825473287,2.1072939139553375,1.8468005766272002,2.2604933373281373,1.847627711828831,74.70376699985027,NA,NA,3.1649589774702984e-8,18.3767580824883,17.84582799041498,0,0,NA,NA,0,0,0,0,100,2013-08-21,2013-08-21,2013-08-21,2013-08-21
CZ0420074,Grünwaldské vřesoviště,7140,21.158160710789026,2.2746658843330487,1.1020409772297817,1.7253341156669513,1.3767068615628304,2,100,NA,NA,3.933435028256764e-9,16.27618468481607,21.158160710789026,0,0,NA,NA,0,0,0,0,100,2013-08-20,2013-08-30,2013-08-21,2013-08-20
CZ0420074,Grünwaldské vřesoviště,91D0,46.131293103473276,2.021123936421729,1.2708031149756829,1.9848547973548807,1.2783757162982425,1.8305044570365625,99.05438799288879,0.4606446108052034,0,3.226987757400677e-9,35.48708493922356,45.695070056851165,0.08341122680816697,0.18081267876249243,0.265922664358586,0.576447453493482,0.349333891166753,0.7572601322559745,0,0,99.42355254650653,2013-08-20,2013-08-30,2013-08-22,2013-08-21
CZ0610025,Habrová seč,9130,22.50163652492683,1.6629051808053266,1.6415756333746014,1.556079684994709,2.0641664009491674,1.6415756333746014,97.8670452569275,0.37975391405612363,0,1.7194857669399196e-10,24.59295491122754,22.021686801399465,0,0,0.479949723527366,2.132954743072523,0.479949723527366,2.132954743072523,0,97.86704525692748,0,2012-10-08,2012-10-08,2012-10-08,2012-10-08
CZ0610025,Habrová seč,9170,57.10688854559781,2.325538555849418,2.237556590332241,1.5178196713567398,2.6572655178000373,2.0507350870115446,82.52803776135059,0.14500902410749564,0,3.450435975754469e-10,62.414444103502845,47.12919454324336,3.3751417164464788,5.910218193294752,0.192405627768087,0.33692192425167405,3.5675473442145655,6.247140117546426,0,99.6630780757483,0,2009-07-30,2012-10-08,2012-08-22,2012-10-08
CZ0714084,Hadce a bučiny u Raškova,8220,2.609501261158596,1.9244604028047467,2.1706885161032776,2,2.1706885161032776,1.9206935450205516,99.62331422158047,NA,NA,3.8253324660737365e-10,0.3230285270550582,2.5996716410201333,0,0,NA,NA,0,0,0,0,100,2023-07-16,2023-11-04,2023-09-25,2023-11-01
CZ0714084,Hadce a bučiny u Raškova,9110,42.32796842927143,2.8203199049869534,2.404538511638857,0.8793818402949585,3.0869751241560444,2.4101599524934767,58.98400475065232,0.4197053712206052,0,3.086091814433474e-10,5.239752706181792,24.96673090917607,10.434593116173138,24.651769275459042,3.68020582947837,8.694501451511586,14.114798945651508,33.34627072697063,0,0,91.30549854848842,2017-08-30,2023-11-04,2022-12-29,2023-07-16
CZ0714084,Hadce a bučiny u Raškova,9130,486.4412854319482,2.676085378807162,2.2264272466558395,1.427069778042235,2.48043792244634,2.328488402103692,63.36656301430792,0.5048411118328439,0,3.7171912621804898e-9,60.21626211519248,308.2411236608449,85.14243339016043,17.5031264697354,9.41019069261235,1.934496716136322,94.55262408277278,19.437623185871715,0,0,98.06550328386369,2017-08-30,2023-11-04,2023-08-27,2023-10-30
CZ0310070,Hadí vrch,5130,5.32585707472113,2.9938179983265987,2.503091000836701,1.5030910008367007,3,2.496908999163299,50.30910008367006,NA,NA,1.2407983209022382e-8,43.97214019124753,2.679390766034676,0,0,NA,NA,0,0,0,0,100,2015-05-22,2015-05-22,2015-05-22,2015-05-22
CZ0610516,Hajnice,6230,4.505461933246704,1.8038991356475598,2.0249220984639336,1.4816525957442577,2.5432695027196757,1.80389913564756,96.80348611646596,NA,NA,4.3400408813164045e-10,14.215326495323655,4.3614442170331325,0,0,NA,NA,0,0,0,0,100,2021-06-03,2021-06-16,2021-06-14,2021-06-16
CZ0524050,Halín,3150,2.537075387518725,2,1,2,1,2,100,NA,NA,3.850858895797586e-10,1.598985631035159,2.537075387518725,0,0,NA,NA,0,0,0,0,100,2015-08-06,2015-08-06,2015-08-06,2015-08-06
CZ0524050,Halín,9170,107.40791273372811,2.8090982841645915,2.1641121904825265,1.4075921786080965,2.4731614256470538,2.1655220008369978,63.22272446958626,0.006704355337172828,0,6.489657125711512e-10,67.69357740239477,67.90620872617858,21.273806560291334,19.806554302037895,9.16114774157126,8.529304320699723,30.434954301862593,28.335858622737618,0,0,91.47069567930028,2014-10-01,2014-10-10,2014-10-02,2014-10-02
CZ0320030,Haltravský hřeben,9110,515.9853947216236,2.5245990334848427,2.4484309670266433,1.4739598882218963,2.712171949821684,2.1307725548774616,60.543613521987005,1.010491239202306,0,3.762000308799221e-9,53.450547950675876,312.39620321015894,126.82264960559293,24.57872856537234,8.51986999787099,1.6511843329339773,135.34251960346393,26.229912898306317,0,2.4342861646004508,95.91452950246556,2010-07-27,2023-09-14,2022-06-30,2023-08-08
CZ0320030,Haltravský hřeben,9180,2.9636418248003067,2.045403777309088,3,1.954596222690912,3.0227018886545443,2.0227018886545443,97.7298111345456,0,0,1.6796780387115722e-10,0.3070014792774886,2.8963615580817406,0.06728026671856642,2.2701888654544087,0,0,0.06728026671856642,2.2701888654544087,0,0,100,2022-07-06,2023-04-19,2022-11-26,2022-11-26
CZ0620415,Haluzický rybník,3140,0.7057641719606007,2,1,2,1,2,100,NA,NA,2.8199292968025122e-8,20.604933637931662,0.7057641719606007,0,0,NA,NA,0,0,0,0,100,2023-07-07,2023-07-07,2023-07-07,2023-07-07
CZ0610022,Havranka,6410,9.128474287849336,1.959970187831455,1.9420473149609465,1.0413730616806507,2.7824456038647725,1.841741538415932,88.17713505844769,NA,NA,1.1731418362817992e-9,39.74287717912491,8.04922710157258,1.0792471862767556,11.822864941552305,NA,NA,1.0792471862767556,11.822864941552305,0,100,0,2011-08-31,2011-08-31,2011-08-31,2011-08-31
CZ0110049,Havránka a Salabka,4030,1.0390126132744426,1.7010733411422074,2.0909620245687046,1.9999999999999998,2.0909620245687046,1.7010733411422072,99.99999999999999,NA,NA,7.437488779668877e-10,38.814460768373124,1.0390126132744426,0,0,NA,NA,0,0,0,0,100,2024-04-16,2024-04-18,2024-04-17,2024-04-18
CZ0530037,Hemže-Mýtkov,9180,7.363972830508919,1.2558423949196396,2.037207649093293,1.811884478827809,2.188115521172191,1.2186347458263471,96.27923509067071,1.7813652541736529,0,4.173616169662462e-10,26.458621817445593,7.089976713498801,0,0,0.273996117010117,3.720764909329267,0.273996117010117,3.720764909329267,0,0,96.27923509067072,2023-04-30,2023-05-01,2023-04-30,2023-05-01
CZ0313098,Hliníř - Ponědrážka,3160,0,NA,NA,NA,NA,NA,NA,NA,NA,NA,NA,NA,0,NA,NA,NA,0,NA,NA,NA,NA,NA,NA,NA,NA
CZ0313098,Hliníř - Ponědrážka,7140,1.0335174038596917,2.6883840922858835,1,2,1,1.910009232223949,100,NA,NA,1.9213737971948236e-10,0.6289759623043986,1.0335174038596917,0,0,NA,NA,0,0,0,0,100,2025-06-15,2025-06-15,2025-06-15,2025-06-15
CZ0620418,Hluboké louky,3130,0,NA,NA,NA,NA,NA,NA,NA,NA,NA,NA,NA,0,NA,NA,NA,0,NA,NA,NA,NA,NA,NA,NA,NA
CZ0810423,Hněvošický háj,9170,48.698685550309754,1.5665158444211094,2.016309209038988,1.0140076360494095,2.9859923639505905,1.5502066353821213,98.3690790961012,0.9533739458726146,0,2.9424067896918566e-10,69.4149097723358,47.90444850774581,0.7942370425639441,1.6309209038987957,0,0,0.7942370425639441,1.6309209038987957,0,100,0,2010-06-09,2010-06-10,2010-06-09,2010-06-10
CZ0810423,Hněvošický háj,9190,20.855090448748413,2,1,1,2,2,100,1,0,2.2276721529555055e-9,29.7267617274439,20.855090448748413,0,0,0,0,0,0,0,100,0,2010-06-10,2010-06-10,2010-06-10,2010-06-10
CZ0612135,Hodíškovský rybník,3130,1.6608219994243,2,1,2,1,2,100,NA,NA,1.6901203990088123e-9,32.132088860762806,1.6608219994243,0,0,NA,NA,0,0,0,0,100,2025-06-04,2025-06-04,2025-06-04,2025-06-04
CZ0624070,Hodonínská Dúbrava,2330,23.267206851866327,1.7859472606914997,1.8597418142358935,1.6359889765159854,2.196639585400908,1.657997060622347,87.20497999308475,NA,NA,3.206211383617407e-8,0.7689005959819571,20.290163080119672,0.6308496501330193,2.7113252319000085,NA,NA,0.6308496501330193,2.7113252319000085,0,0,100,2022-07-22,2022-09-01,2022-07-23,2022-07-22
CZ0624070,Hodonínská Dúbrava,6260,36.73117138174209,1.7924717387328437,1.128555121606263,1.4033830659343107,1.7065040752151268,1.7609155253558095,96.84437866229656,NA,NA,3.7520345600157936e-7,1.2138379886484518,35.572074700031415,0.475319645409789,1.2940497880393096,NA,NA,0.475319645409789,1.2940497880393096,0,0,100,2022-07-22,2024-09-19,2022-09-12,2022-07-22
CZ0624070,Hodonínská Dúbrava,91E0,129.81058724132188,2.83681683372252,2.367480917077965,1.144736560441261,2.9099632357364524,2.456931230537661,54.30687694623389,0.6499064623547732,0,1.4574146617150801e-9,4.289790284243511,70.49607587632828,31.882842352831254,24.561049318388854,5.85707031706694,4.512012803838924,37.739912669898196,29.07306212222778,0,4.860348802931077,90.62763839323001,2007-06-10,2024-10-16,2019-10-22,2024-09-17
CZ0624070,Hodonínská Dúbrava,91G0,342.3242657266472,2.9845838125005435,2.7330228752293766,0.9348046230394749,3.2306006458774243,2.505487347226937,48.8885350258602,0.3885239690354865,0,3.2991540537394006e-8,11.312631275945002,167.35731855179066,138.39820190046902,40.42897794776336,12.2887165725026,3.5897883389649587,150.68691847297163,44.018766286728315,0,12.4037134394629,84.00649822157216,2008-07-13,2024-10-16,2021-07-07,2022-09-12
CZ0624070,Hodonínská Dúbrava,91I0,912.4297322854088,2.580580839511934,2.1671061089712587,1.1688900495785104,2.6351658318072215,2.249464252683594,60.31829458858066,0.3239499530235602,0,1.3319498629362815e-7,30.15264227513556,554.2615045369981,252.30022661407367,27.651469224060087,20.8880532629018,2.289278014930798,273.18827987697546,29.940747238990884,0,40.69774385985341,57.012978125215795,2007-06-03,2024-10-16,2016-01-26,2010-05-10
CZ0620005,Hochberk,6210,8.011411123427084,1.6085528310305723,1.4521377180768478,1.9515625551630604,1.5005751629137878,1.4037002732399082,100,NA,NA,5.884617845458296e-10,22.87115453016697,8.011411123427084,0,0,NA,NA,0,0,0,0,100,2023-05-22,2023-05-22,2023-05-22,2023-05-22
CZ0620005,Hochberk,6210p,1.4739144205831456,2,1,2,1,2,100,NA,NA,1.5805023830919767e-9,4.207763645885429,1.4739144205831456,0,0,NA,NA,0,0,0,0,100,2023-05-22,2023-05-22,2023-05-22,2023-05-22
CZ0620005,Hochberk,91G0,12.272094679496018,2.631083614186672,1.631083614186672,1.5636238835721994,1.849271672400572,2.2181880582139004,78.18119417860997,1.1742088880544566,0,1.182724538203293e-9,35.03464864046655,9.594470171159646,2.6776245083363728,21.818805821390026,0,0,2.6776245083363728,21.818805821390026,0,0,100,2023-05-22,2023-05-22,2023-05-22,2023-05-22
CZ0420007,Holý vrch,6210,7.42065734039941,2.360839572590576,2.039114417148305,1.7760722843431447,2.1700112510799054,2.445618971468317,52.18288069133724,NA,NA,5.450691761736163e-10,19.407579284432767,3.8723127664535832,0.6903502953583421,9.303088172525491,NA,NA,0.6903502953583421,9.303088172525491,0,100,0,2011-09-20,2011-10-03,2011-09-29,2011-09-30
CZ0420007,Holý vrch,9170,14.283684512250224,2.227952199197304,2.113976099598652,1.772047800802696,2.227952199197304,2.113976099598652,88.6023900401348,0.886023900401348,0,8.630296652923549e-11,37.356763279733904,12.65568586364627,1.6279986486039533,11.397609959865191,0,0,1.6279986486039533,11.397609959865191,0,100,0,2011-09-30,2011-10-02,2011-09-30,2011-09-30
CZ0420007,Holý vrch,91H0,2.274681171411965,2,2,1.4276771878434298,2.57232281215657,2,100,1,0,2.394195592910507e-9,5.949076093386625,2.274681171411965,0,0,0,0,0,0,0,100,0,2011-09-30,2011-09-30,2011-09-30,2011-09-30
CZ0424038,Holý vrch u Hlinné,6190,0.18493410751504824,2,2,2,2,2,100,NA,NA,5.7545622615703e-10,0.17971141148092928,0.18493410751504824,0,0,NA,NA,0,0,0,0,100,2012-06-18,2012-06-18,2012-06-18,2012-06-18
CZ0424038,Holý vrch u Hlinné,6210,5.940350717665625,2.5653761072816783,2,0.8969927097439199,2.55150364512804,2.00407182240765,99.59281775923499,NA,NA,4.3633628711470394e-10,5.772590175539001,5.916162664504134,0,0,NA,NA,0,0,0,0,100,2012-06-18,2013-06-30,2013-04-27,2013-06-30
CZ0424038,Holý vrch u Hlinné,6510,48.80276741678677,2.1095617256376435,1.7406631535676955,1.7335608681215242,1.8738827195069332,1.7480110164327392,100,NA,NA,2.7946621161636167e-10,47.42453587655593,48.80276741678677,0,0,NA,NA,0,0,0,0,100,2013-06-30,2013-06-30,2013-06-30,2013-06-30
CZ0424038,Holý vrch u Hlinné,8220,0.31136769793379815,1.310902727619808,1.8433251051640893,1.691544334432205,1.997552937947987,1.1542278327838975,100,NA,NA,4.5644161262599544e-11,0.3025744100811544,0.31136769793379815,0,0,NA,NA,0,0,0,0,100,2013-06-30,2013-06-30,2013-06-30,2013-06-30
CZ0424038,Holý vrch u Hlinné,8230,0.6930554361253605,2,2,2,2,2,100,NA,NA,8.157687341680644e-9,0.6734829628465633,0.6930554361253605,0,0,NA,NA,0,0,0,0,100,2012-06-18,2013-06-30,2013-02-24,2013-06-30
CZ0424038,Holý vrch u Hlinné,40A0,0.18693281360318767,2.492963026537004,2.246481513268502,1.5070369734629956,2.246481513268502,2.246481513268502,75.35184867314977,NA,NA,3.750267902779148e-9,0.18165367241408809,0.14085733082673513,0,0,NA,NA,0,0,0,0,100,2013-06-30,2013-06-30,2013-06-30,2013-06-30
CZ0420014,Hora Říp,6110,0,NA,NA,NA,NA,NA,NA,NA,NA,NA,NA,NA,0,NA,NA,NA,0,NA,NA,NA,NA,NA,NA,NA,NA
CZ0420014,Hora Říp,6190,1.4623745555737988,1.3982350495803542,2,2,2,1.3982350495803542,100,NA,NA,4.550445314205147e-9,1.623982004334971,1.4623745555737988,0,0,NA,NA,0,0,0,0,100,2021-06-24,2021-06-24,2021-06-24,2021-06-24
CZ0420014,Hora Říp,6210,2.6052883688427597,2.3545397378362134,1.9777809547934704,1.987156198569009,1.990108231144681,2.1772698689181067,82.27301310818935,NA,NA,1.9136611754982264e-10,2.8931995643508293,2.143449241204136,0.001345696782566956,0.05165250797802086,NA,NA,0.001345696782566956,0.05165250797802086,0,0,100,2021-06-24,2021-06-24,2021-06-24,2021-06-24
CZ0420014,Hora Říp,8220,1.0293423596334388,1.385095947899813,2.307304540658996,2,2.307304540658996,1.385095947899813,100,NA,NA,1.5089384341828183e-10,1.1430952911297707,1.0293423596334388,0,0,NA,NA,0,0,0,0,100,2021-06-24,2021-06-24,2021-06-24,2021-06-24
CZ0420014,Hora Říp,9180,23.49532976650717,2.2933051428300706,2.207559846450963,1.9188948473283416,2.248112422786792,2.166236717748418,83.37632822515819,0.6969436245225312,0,1.3316247965878114e-9,26.091805674061376,19.589543263706307,0.9527961538917618,4.055257633582919,0,0,0.9527961538917618,4.055257633582919,0,0,100,2021-06-24,2021-06-24,2021-06-24,2021-06-24
CZ0420014,Hora Říp,40A0,0.18283532502391145,2,1.705496570652985,2,1.705496570652985,2,100,NA,NA,3.668063609136602e-9,0.2030405113818896,0.18283532502391145,0,0,NA,NA,0,0,0,0,100,2021-06-24,2021-06-24,2021-06-24,2021-06-24
CZ0423507,Horní Kamenice,3260,3.5860901512486527,1.6916478535282096,2,2,2,1.6916478535282096,100,NA,NA,7.805513618414563e-10,1.9318969071503524,3.5860901512486527,0,0,NA,NA,0,0,0,0,100,2015-08-31,2023-08-10,2021-08-07,2023-07-25
CZ0423507,Horní Kamenice,6430,4.9182716166424045,3.159551343210376,2.693385482282355,1.127002909279454,3.237997984172327,2.560002197588684,35.36874343827739,NA,NA,5.295556326256928e-10,2.649569119562829,1.73953086968787,1.6150846025881964,32.838458883057356,NA,NA,1.6150846025881964,32.838458883057356,0,76.91795451881356,23.082045481186427,2008-11-15,2023-06-08,2012-06-12,2009-07-15
CZ0314022,Horní Malše,3140,0,NA,NA,NA,NA,NA,NA,NA,NA,NA,NA,NA,0,NA,NA,NA,0,NA,NA,NA,NA,NA,NA,NA,NA
CZ0314022,Horní Malše,3260,14.884724039901974,1.2498012943019772,2.041046434145021,2,2.041046434145021,1.2283390731359793,100,NA,NA,3.2398214015713844e-9,0.7872042600272666,14.884724039901974,0,0,NA,NA,0,0,0,1.4429289474773492,98.55707105252264,2009-08-31,2024-07-13,2019-07-20,2016-09-11
CZ0314022,Horní Malše,9110,154.64836398666324,2.668749089826534,2.1264467467807044,1.6359227630835562,2.3730777549328996,2.403965299735562,50.36457310083693,0.9325955581555269,0,1.1275264746340314e-9,8.1788450098367,77.88798832931138,14.663204743454905,9.481642330674413,3.49966239133944,2.2629805457503887,18.162867134794347,11.744622876424803,0,0,97.73701945424962,2014-09-21,2025-08-30,2019-12-05,2016-09-12
CZ0314022,Horní Malše,9130,76.26963310657302,2.2343059566155183,2.1251506447589357,1.7378295942260784,2.301601899401396,2.148586805484057,71.97665170042966,0.9044044141320045,0,5.828222690878634e-10,4.033650871273146,54.896328174313645,3.8828381917035344,5.090935977465592,2.65493001529991,3.480979135680547,6.537768207003444,8.571915113146138,0,0,96.51902086431946,2014-09-23,2025-05-25,2017-02-04,2016-09-12
CZ0314022,Horní Malše,91E0,65.94031583146067,2.8630145037301697,2.0963982776021752,1.7040105617598114,2.248422988152512,2.3325062625285478,66.2729677355591,0.6211494798468771,0,7.403277739760664e-10,3.4873671417028906,43.7006042357097,8.990159664073785,13.633783142701459,0.502919948385272,0.7626896262837201,9.493079612459056,14.396472768985177,0,0.10857090446903507,99.12873946924724,2009-08-31,2025-08-30,2020-06-04,2024-06-07
CZ0610029,Horní Mrzatec,3130,0.4381424829415977,1,1,2,1,1,100,NA,NA,4.45871711928583e-10,6.420900357166497,0.4381424829415977,0,0,NA,NA,0,0,0,100,0,2009-07-30,2009-07-30,2009-07-30,2009-07-30
CZ0513506,Horní Ploučnice,2330,0.9619170679406741,3.4667938553678357,3,1.8471218611494906,3.068240865874313,2.733396927683918,26.66030723160822,NA,NA,1.325517700926737e-9,0.11011745445291524,0.2564500456262613,0.06564205361555214,6.824086587431319,NA,NA,0.06564205361555214,6.824086587431319,0,0,100,2014-07-27,2014-08-01,2014-07-29,2014-07-27
CZ0513506,Horní Ploučnice,3140,4.62253556561796,1.5164856526388064,1,2,1,1.516485652638806,100,NA,NA,1.8469658824967028e-7,0.5291743608351382,4.62253556561796,0,0,NA,NA,0,0,0,0,100,2014-07-27,2014-07-27,2014-07-27,2014-07-27
CZ0513506,Horní Ploučnice,3150,16.026244997761385,1.5007220026916794,1.1601811271999836,1.983287819560158,1.1712234297774953,1.4857055273332436,77.97171229218345,NA,NA,2.432517709937601e-9,1.8346376859393574,12.49593764089495,0,0,NA,NA,0,0,0,7.005236394431872,92.99476360556814,2008-08-19,2014-08-01,2011-11-27,2012-07-30
CZ0513506,Horní Ploučnice,3260,49.586554736662265,1.8190418161121342,1.7543292016805896,2,1.7543292016805898,1.7650143684414985,90.73840820183419,NA,NA,1.0793050703215275e-8,5.676523854994286,44.99405045017855,0,0,NA,NA,0,0,0,22.451675033383157,77.54832496661685,2008-08-14,2024-05-13,2015-06-20,2014-08-28
CZ0513506,Horní Ploučnice,6410,5.0919572236872455,2.4080553213750893,2.720939876808857,1.2999635724740948,2.8644135682691134,2.307850832203464,69.21491677965359,NA,NA,6.543906308216376e-10,0.5829123802283491,3.5243939548306864,0.06972322474988177,1.369281431225241,NA,NA,0.06972322474988177,1.369281431225241,0,44.103406755109575,55.896593244890425,2008-08-23,2015-06-11,2011-05-01,2010-08-15
CZ0513506,Horní Ploučnice,6430,29.032688114577056,2.370236281065959,2.1962547327113375,1.3694377649318694,2.5801158018758206,2.0884516674203315,69.88382938507148,NA,NA,3.125980978625793e-9,3.3235772788052937,20.289154227890958,4.462847233281242,15.371801659111567,NA,NA,4.462847233281242,15.371801659111567,0,15.670010088157557,84.32998991184246,2001-08-05,2024-05-10,2013-11-10,2012-07-31
CZ0513506,Horní Ploučnice,7140,1.503421699593032,1.5190381040594025,1.2093028387815723,1.8056044292864804,1.4036628509576952,1.5190381040594025,80.56399878238773,NA,NA,2.794955410469619e-10,0.17210732197827117,1.2112166397542832,0,0,NA,NA,0,0,0,20.92672802441754,79.07327197558247,2008-08-20,2016-08-26,2012-11-19,2014-07-27
CZ0513506,Horní Ploučnice,91D0,32.154518393243976,2.448860010258925,2.1718825801515966,1.8709982968689765,2.2363834317171083,2.1628328788945175,70.55279052412882,0.8586382274703626,0,2.2492809158280636e-9,3.680955284641903,22.6859100060279,1.43462102150321,4.46164673952834,0.639372796539939,1.9884384170228415,2.073993818043149,6.450085156551181,0,0.8444963394303983,97.16706524354679,2008-08-20,2014-08-01,2014-03-06,2014-07-27
CZ0513506,Horní Ploučnice,91E0,58.58769477410502,3.5528602924002577,2.519704233411091,0.8618938510020152,3.1400950750255525,2.724149066856606,25.111230839569227,0.26080263701467066,0.007593446792190783,6.577781302316459e-10,6.706948058007331,14.712091278307748,29.2096341359013,49.8562611970382,0,0,29.2096341359013,49.8562611970382,0,32.41897027689782,67.58102972310218,2008-08-19,2024-05-20,2017-11-01,2017-04-21
CZ0724429,Hostýnské vrchy,8310,0.00989839239702942,1,1,2,1,1,100,NA,NA,5.49694288520492e-9,4.130196087608299e-4,0.00989839239702942,0,0,NA,NA,0,0,0,100,0,2007-09-21,2007-09-21,2007-09-21,2007-09-21
CZ0724429,Hostýnské vrchy,9110,282.4162502112484,1.670657129505234,2.9021234000716705,0.23405476247807147,2.9885021553859477,2.009527045010496,14.865891789803005,0.18169432876594613,0,2.059069949214029e-9,11.784080130522609,41.98369415322348,2.035710427263222,0.7208191546132715,7.60472815133425,2.6927374560231168,9.640438578597472,3.4135566106363884,80.20332918173334,13.588389672380266,3.5155436898632852,2002-09-15,2024-06-30,2005-10-04,2002-09-15
CZ0724429,Hostýnské vrchy,9130,1251.2747633352014,1.877754801914485,2.310546119440291,1.2502682872182915,2.5406986769920885,2.0315396588453924,62.11246710983251,0.6091050199550703,0,9.561745181078521e-9,52.210600719375464,777.1976258302117,75.109252213237,6.002618642530404,29.9071936551342,2.3901380041757005,105.01644586837119,8.392756646706104,21.173798734930305,65.64891169819083,10.787151562703182,2002-06-09,2024-07-02,2009-06-08,2007-09-11
CZ0724429,Hostýnské vrchy,9180,172.98256209413583,1.3438932109589405,2.7108243528988276,0.3533695359049171,2.84057111838408,1.822645430644776,23.358016504781613,0.40704923692228395,0.004346021798438296,9.803985360112089e-9,7.217857936204586,40.405295404342354,0,0,2.00831880961872,1.1609949496098966,2.00831880961872,1.1609949496098966,75.26368745568658,15.2922782337353,8.283039360968232,2002-09-15,2024-06-29,2005-09-02,2002-09-15
CZ0210010,Housina,6210,6.020210393931107,2.4217135791309614,2.012565387948099,0.9874346120519013,3.012565387948099,2.1888767197350254,81.11232802649747,NA,NA,4.4220221596099866e-10,2.846311296104459,4.883132802610694,0.07564627912892029,1.2565387948098672,NA,NA,0.07564627912892029,1.2565387948098672,0,0,100,2022-09-05,2022-09-19,2022-09-14,2022-09-16
CZ0210010,Housina,9170,66.47097278477779,3.141394263677758,2.527233067733861,0.6939195940655722,3.272491998331476,2.461387176164343,46.512447558379364,0.6148379939660642,0,4.0162201387817283e-10,31.426988148303277,30.917276358064385,23.993722037938788,36.09654114078722,0.025161165706953,0.03785286216349017,24.018883203645743,36.13439400295071,0,0,99.96214713783651,2002-09-07,2022-09-19,2020-12-06,2022-09-14
CZ0210010,Housina,91I0,8.648258107989141,2.930605358065984,2.4634007427395566,1.0184272646906485,2.9815727353093515,2.465302679032992,53.46973209670081,1,0,1.2624584440843886e-9,4.08883296989274,4.624200441373,0,0,0,0,0,0,0,0,100,2022-09-14,2022-09-14,2022-09-14,2022-09-14
CZ0622009,Hovoranské louky,6210,6.240375326934282,2.708417756488822,1.8887224296802227,1.1669961429716604,2.3225841589616265,2.274556027207418,60.08578722530645,NA,NA,4.5837397988291304e-10,62.380030362126206,3.749578641002254,2.490796685932027,39.914212774693546,NA,NA,2.490796685932027,39.914212774693546,0,0,100,2013-06-15,2013-06-15,2013-06-15,2013-06-15
CZ0210172,Hrabanovská černava,3140,0.5144163658179517,1.6440259042659626,1,2,1,1.6440259042659626,100,NA,NA,2.0553859750275068e-8,0.9915133214621843,0.5144163658179517,0,0,NA,NA,0,0,0,0,100,2021-06-18,2022-06-22,2022-03-10,2022-06-22
CZ0210172,Hrabanovská černava,6210,2.4676915432629176,2.1613640981756506,2.0806820490878253,1.6489649377129854,2.3510350622870146,2.0806820490878253,91.93179509121748,NA,NA,1.8125922473392651e-10,4.756359247074666,2.268593133035768,0.19909841022714972,8.068204908782516,NA,NA,0.19909841022714972,8.068204908782516,0,0,100,2021-05-28,2021-06-18,2021-06-06,2021-06-04
CZ0210172,Hrabanovská černava,6410,4.3102466396041095,3.2697845613931413,2.9698156803804032,0.2678473048173472,3.403155130078076,2.5376318662104884,46.23681337895113,NA,NA,5.539294407985822e-10,8.307797430122022,1.9929206949262648,1.7376980446581844,40.315513007807596,NA,NA,1.7376980446581844,40.315513007807596,0,0,100,2021-05-28,2022-06-22,2021-09-10,2021-06-18
CZ0210172,Hrabanovská černava,7210,1.6788615791589836,1.3711867964617475,1,2,1,1.3711867964617477,100,NA,NA,5.220434063457272e-7,3.235926636938038,1.6788615791589836,0,0,NA,NA,0,0,0,0,100,2021-05-28,2022-06-22,2021-12-17,2021-12-26
CZ0210172,Hrabanovská černava,7230,12.342145334173273,1.9400303295836134,1.3810746675364227,1.5009819365038197,1.768462634337403,1.8883699033047998,100,NA,NA,2.46729489555218e-7,23.78890394514756,12.342145334173273,0,0,NA,NA,0,0,0,0,100,2021-05-28,2021-07-01,2021-06-12,2021-06-18
CZ0210043,Hradec a Kuchyňka,9110,35.15839809212055,1.1391856734006285,2.0724279677674984,1.8172680351215897,2.1535087773756203,1.768952330698459,100,1.191478281883467,0,2.5633652780191865e-10,23.180042851458488,35.15839809212055,0,0,0,0,0,0,0,97.65943122615793,2.3405687738420533,2008-04-28,2024-05-14,2010-01-08,2008-10-04
CZ0210043,Hradec a Kuchyňka,9180,21.842686910555543,1.8727426612764928,1.64276374163782,1.448847475680232,2.150942661705583,1.702183848269365,99.88173521884592,1.8616654479135513,0,1.2379593648292835e-9,14.400952433926179,21.8168547046826,0,0,0.0258322058729385,0.11826478115407593,0.0258322058729385,0.11826478115407593,0,98.98283238677239,0.8989028320735203,2008-10-04,2024-05-14,2011-01-15,2009-08-28
CZ0520020,Hrádeček,8220,3.0662733989887636,1.0750652056160441,1.7681128015031353,1.8920935459054407,1.876019255597695,1.0750652056160441,100,NA,NA,4.4949260449110426e-10,2.557364501367639,3.0662733989887636,0,0,NA,NA,0,0,0,0,100,2014-05-19,2014-06-05,2014-05-30,2014-06-02
CZ0520020,Hrádeček,9110,21.095164112213325,2.5250118076900057,2.0385065466360204,1.949721009917466,2.0887855367185546,2.3199118206859444,68.00881793140556,1.0000009742054214,0,1.5380282991756354e-10,17.594003153433952,14.346571753406367,0,0,0,0,0,0,0,0,100,2014-05-19,2014-06-05,2014-05-31,2014-06-02
CZ0520020,Hrádeček,9130,33.96524347150273,2.3906324709853157,1.7144419595076046,1.8714544390238992,1.7833497482861032,2.168357140974938,75.85265241666399,1.3092606769168458,0,2.5954891172115704e-10,28.32803753343599,25.76353807291262,0.890244095355738,2.621044351125185,0.662048196420239,1.9491931420297512,1.5522922917759772,4.570237493154936,0,0,98.05080685797026,2014-05-17,2014-06-05,2014-05-30,2014-06-02
CZ0414127,Hradiště,3150,28.907237504112175,1.8315981491079838,2.2067815839232447,1.7712346413025082,2.434279102059109,2.07356445518047,76.66069426193145,NA,NA,4.387638350964154e-9,0.08717747163579298,22.160488962597817,0,0,NA,NA,0,0,0,32.67372028396261,67.32627971603739,2001-09-09,2024-06-13,2017-12-24,2017-06-07
CZ0414127,Hradiště,5130,1.6125063245676086,4,3,0,3,2,0,NA,NA,3.756757103874202e-9,0.004862942173306329,0,0,0,NA,NA,0,0,0,0,100,2001-05-06,2002-12-31,2002-03-04,2002-03-04
CZ0414127,Hradiště,6210,1849.3161674844891,2.4145609482098296,2.23257501777391,1.3503633370489134,2.582691026890654,2.0742907486369817,77.73598559606015,NA,NA,1.358377288771381e-7,5.577105308439051,1437.5841495813538,14.292684527518443,0.7728632225694485,NA,NA,14.292684527518443,0.7728632225694485,0,27.057870713103306,72.94212928689669,2001-05-06,2024-07-02,2014-07-23,2015-06-03
CZ0414127,Hradiště,6230,6.647757103957897,2,2,1.3861968030011418,2.613803196998858,2.079520515672394,92.0479484327606,NA,NA,6.403680250261923e-10,0.020048081602037884,6.119124030986344,0,0,NA,NA,0,0,0,100,0,2010-06-29,2012-05-15,2011-10-08,2011-10-22
CZ0414127,Hradiště,6430,460.5580354224561,2.5040302448480607,2.0087912969306023,1.430760788036777,2.324788223463315,2.101948119495076,76.0468994853687,NA,NA,4.9588782568190904e-8,1.38893538560944,350.24010626950394,12.546665773012858,2.724231216920182,NA,NA,12.546665773012858,2.724231216920182,0,11.33719007626241,88.66280992373757,2001-05-06,2024-06-17,2014-12-24,2015-09-15
CZ0414127,Hradiště,6510,6912.246840460205,2.564704180046907,2.2266519207392688,1.5472532012369755,2.4331017261156456,2.189020092560636,70.37206686772475,NA,NA,3.958257985173429e-8,20.845720826422724,4873.176112058986,439.3024720070024,6.35542222589022,NA,NA,439.3024720070024,6.35542222589022,0,19.571448353333928,80.42855164666607,2001-05-06,2024-07-02,2015-10-25,2015-09-20
CZ0414127,Hradiště,8230,4.367244450118392,2.1844724027262674,2.31811163091448,1.5092147959384024,2.546730359139966,1.9292922176362122,86.76976299376122,NA,NA,5.1405144396431333e-08,0.01317058847711099,3.7894476587259196,0,0,NA,NA,0,0,0,39.50756725213914,60.492432747860875,2001-08-26,2024-05-31,2014-12-11,2015-06-25
CZ0414127,Hradiště,8310,0.008320147222533778,2,3,2,1,2.9748592812720505,2.514071872794952,NA,NA,4.620485048914614e-9,2.509161930104456e-5,2.091744810968521e-4,0,0,NA,NA,0,0,0,0,100,2017-04-02,2017-05-07,2017-04-21,2017-04-23
CZ0414127,Hradiště,9130,5598.1439976506135,2.43183530079615,2.0017221617869496,1.5590591186511114,2.150590402058403,2.0698858773694284,78.8128330936763,0.22010759829056933,0.0010187160776186912,4.2778794842663894e-8,16.882693806312226,4417.49549625962,403.65248537392284,7.210469854711215,234.354444401747,4.186288250178972,638.0069297756698,11.396758104890187,0,3.2355828575020795,92.57812889231894,2001-05-01,2024-06-18,2017-03-14,2017-04-14
CZ0414127,Hradiště,9180,459.6520394931605,2.551926493922984,2.3929209122483006,1.3933855722196964,2.6286074379555915,2.1112484137792293,71.48306691959978,0.45292222539052757,0.0030249632071469366,2.6051307203348326e-8,1.3862031136510047,328.5733749882011,20.573762749494023,4.475942883268803,26.7799478133236,5.826134882998181,47.353710562817625,10.302077766266985,0,13.135843082190814,81.03802203481101,2001-05-06,2024-07-02,2015-11-10,2017-04-02
CZ0414127,Hradiště,40A0,6.355788237210208,2.924914116773727,1.99992908665767,1.9938969909254245,1.9999290866576702,1.9812895071333843,99.69484954627121,NA,NA,1.2751056469662127e-7,0.019167571743708794,6.336393520566321,0,0,NA,NA,0,0,0,0.3122417879617661,99.68775821203822,2001-09-08,2022-06-28,2014-09-13,2016-09-03
CZ0414127,Hradiště,91E0,1477.4373702473267,2.128870945228196,1.843232102758885,1.769727547073314,1.9155473490339419,1.9130623175308574,85.29132722893853,0.564287226268628,0,1.6587544443977348e-8,4.4556057776214235,1260.1259420602717,31.50628246739945,2.1324952990816266,16.199320147772,1.096447164123119,47.70560261517145,3.228942463204746,0,15.015851560329713,83.88770127554717,2001-05-01,2024-06-18,2016-10-03,2015-09-28
CZ0414127,Hradiště,91I0,356.9917247435723,2.3329270587705673,2.4296411895751753,1.3207221975248518,2.7576566776272418,2.0961819554705974,83.12300661233398,0.7147121073927672,0,5.2113062739701754e-8,1.0766035998292265,296.7422549640848,10.899192127798655,3.0530657638149905,24.2054050087771,6.780382661856904,35.104597136575755,9.833448425671895,0,0,93.21961733814311,2001-09-12,2023-07-11,2015-04-29,2016-06-05
CZ0814093,Hraniční meandry Odry,91E0,37.214238444792855,2.4491715059194514,2.436538962234313,1.811840929036409,2.593669064402328,2.0310289687955763,96.89710312044238,0.7930146434291281,0,4.178131991127554e-10,29.56553693355452,36.05951900133824,1.042923401016303,2.8024848676225766,0.111796042438308,0.30041201193504713,1.154719443454611,3.102896879557624,0,99.69958798806496,0,2012-06-06,2012-06-06,2012-06-06,2012-06-06
CZ0610145,Hroznětínská louka a olšina,91E0,11.09711137936407,1.934706484967101,1.2898015950684139,1.7101984049315861,1.4347023926026208,1.789805687432894,79.3271381679303,0.6736788784183595,0,1.2458993654272726e-10,66.57364806614594,8.803020876557252,1.607980289195776,14.490079753420684,0,0,1.607980289195776,14.490079753420684,0,0,100,2015-06-08,2015-06-09,2015-06-08,2015-06-09
CZ0530020,Hřebečovský hřbet,8210,1.3327627241088194,1.6994658586635554,2.2330048788674532,2,2.2330048788674532,1.6994658586635554,100,NA,NA,7.435989348430911e-9,0.18047546872686995,1.3327627241088194,0,0,NA,NA,0,0,0,61.43925304751844,38.56074695248156,2008-07-10,2016-07-27,2011-07-27,2009-07-21
CZ0530020,Hřebečovský hřbet,9130,427.63796451381313,2.417357548519091,2.001141712881875,1.5729239212499115,2.2274513214093163,2.1625868343526267,78.19258039217135,0.911289751357928,0.01530793901808812,3.267839619443196e-9,57.908403870345225,334.38115918990854,64.44098461312551,15.069051384712594,18.7510162386006,4.384787552695154,83.1920008517261,19.453838937407745,0,72.80146122472694,22.8137512225779,2008-05-08,2023-05-21,2011-06-21,2009-08-28
CZ0530020,Hřebečovský hřbet,9180,46.499344747298196,1.8211116985416016,1.8424751158811417,1.3937455250405077,2.315285388339282,1.7222435401445069,93.72112076668225,1.4902302290528575,0.1980032956184272,2.635403763468543e-9,6.296687990259066,43.57970704633126,1.5453848820928484,3.3234551809090638,1.37425281887409,2.9554240524086945,2.9196377009669385,6.27887923331776,0,53.72415783339556,43.32041811419575,2008-05-08,2016-09-18,2012-02-07,2009-08-20
CZ0534054,Hubský-Strádovka,3140,0,NA,NA,NA,NA,NA,NA,NA,NA,NA,NA,NA,0,NA,NA,NA,0,NA,NA,NA,NA,NA,NA,NA,NA
CZ0534054,Hubský-Strádovka,6410,2.9364918355315806,2.1157266801610257,1.974944123315987,1.0578633400805129,2.917080783235474,2.057863340080513,94.21366599194872,NA,NA,3.773819496591529e-10,3.4163197145590622,2.7665766098085673,0,0,NA,NA,0,0,0,100,0,2011-05-25,2012-07-12,2011-12-18,2011-12-18
CZ0534054,Hubský-Strádovka,6430,0.8012819065654184,3.5786003113582048,2.1679043927839725,1.0320916814693617,2.7572084742097407,2.7893001556791024,21.06998443208976,NA,NA,8.627489085941284e-11,0.932212765312649,0.1688299729704857,0.3033687249411363,37.86042371048705,NA,NA,0.3033687249411363,37.86042371048705,0,100,0,2011-05-25,2012-07-12,2011-12-18,2011-12-18
CZ0534054,Hubský-Strádovka,7140,7.102890271178403,1.4863463745306187,1.5418463707421153,1.4285654528002374,2.0889108021450076,1.5498762451498196,100,NA,NA,1.320471934040595e-9,8.263514909239928,7.102890271178403,0,0,NA,NA,0,0,0,100,0,2011-05-25,2012-07-12,2012-03-23,2012-07-12
CZ0534054,Hubský-Strádovka,91E0,22.463558417866782,2.118979265073145,1.4372911516224505,1.7035903001560346,1.6369338182463977,2.013859906035521,88.69479525611192,1.3452740212254963,0,2.5220376926290283e-10,26.1341429775217,19.924007145964033,0.5276247140295803,2.3488029109845963,1.58332663656578,7.048423082010256,2.1109513505953603,9.397225992994853,0,92.95157691798975,0,2011-05-25,2012-07-12,2011-12-02,2011-05-25
CZ0714771,Hůrka u Hranic,8310,0.012524038835951127,1,3,2,1,1,100,NA,NA,6.955061328339763e-9,0.03352796404046503,0.012524038835951127,0,0,NA,NA,0,0,0,0,100,2014-04-16,2014-04-16,2014-04-16,2014-04-16
CZ0320140,Chejlava,9130,153.0466116056921,2.539034885924524,1.8189153288458908,1.679093143348253,2.012905242599182,2.1534579062149324,59.411449617608206,0.409820231758455,0,1.169521470328813e-9,40.80583423183118,90.9272105455723,16.047694196347027,10.485494600620209,2.97603949620483,1.9445314502435842,19.023733692551858,12.430026050863793,0,0,98.05546854975643,2015-06-04,2015-07-23,2015-06-22,2015-06-19
CZ0320140,Chejlava,9180,18.26730214793535,1.5656851411144541,2.011136238821411,1.9291144360628474,2.0708855639371526,1.519722390659286,98.8863761178589,0.9934428385874239,0,1.035320327430701e-9,4.870493345072529,18.063873108593068,0,0,0.203429039342282,1.1136238821410989,0.203429039342282,1.1136238821410989,0,0,98.8863761178589,2015-06-04,2015-07-23,2015-07-03,2015-07-01
CZ0210109,Chlum u Nepřevázky,6210,20.365647212531698,2.6549752836181613,2.187581005010174,1.3383252287037872,2.6616747712962128,2.423583469633402,57.6416530366598,NA,NA,1.495916876250706e-9,9.118741238027622,11.739095704917698,3.8202085718093395,18.758100501017374,NA,NA,3.8202085718093395,18.758100501017374,0,100,0,2012-06-07,2012-06-07,2012-06-07,2012-06-07
CZ0210109,Chlum u Nepřevázky,6410,11.653009033976048,4,2.3786407572941877,0.6213592427058124,3.3786407572941877,3,0,NA,NA,1.4975813027729794e-9,5.217647782872318,0,4.4123041653807,37.86407572941876,NA,NA,4.4123041653807,37.86407572941876,0,100,0,2012-06-07,2012-06-07,2012-06-07,2012-06-07
CZ0210109,Chlum u Nepřevázky,9170,106.50923575900806,1.9791793726052562,1.4777401504114172,1.4120767596251724,1.9239375922615292,1.8017024338112249,86.67220662540652,0.8464026750626786,0,6.435358468524467e-10,47.68962902140626,92.31390489218883,13.242199738978195,12.432912173870548,0.513453305384821,0.4820739738914102,13.755653044363017,12.914986147761958,0,99.5179260261086,0,2012-06-07,2012-06-07,2012-06-07,2012-06-07
CZ0320029,Chlumská stráň,9170,48.91256884956292,2.0965712377929453,2.3205203107806867,1.5160232785464025,2.6248061986568287,2.009487306957321,99.0512693042679,0.9276245303459882,0,2.95532976009265e-10,42.536410688923,48.44852029481602,0.0289681182554923,0.05922428311746942,0,0,0.0289681182554923,0.05922428311746942,0,0,100,2021-07-09,2021-07-13,2021-07-12,2021-07-13
CZ0320029,Chlumská stráň,9180,32.335430315296875,1.81739593463722,2.0388287345237974,1.8392245264654474,2.19960420805835,1.8085705507008725,100,0.9901711160971551,0,1.8326476471748487e-9,28.120239358616505,32.335430315296875,0,0,0,0,0,0,0,0,100,2021-05-21,2021-07-13,2021-07-04,2021-07-11
CZ0710182,Choryňský mokřad,3150,1.019633657898237,1.945508466246272,2.365039931172603,1.958378133563468,2.385850864390869,1.3858508643908691,97.9189066781734,NA,NA,1.5476344775912104e-10,0.46826076020850943,0.9984141299366207,0.021219527961616403,2.0810933218265912,NA,NA,0.021219527961616403,2.0810933218265912,0,0,100.00000000000001,2017-06-02,2017-06-02,2017-06-02,2017-06-02
CZ0710182,Choryňský mokřad,6410,29.39439844465216,2.8530966496264103,2.542739297124585,1.2315747547087257,3.03939129889655,2.542739297124585,45.7260702875415,NA,NA,3.777608117235817e-9,13.499204596616373,13.440903293401655,1.1578835350175714,3.9391298896549785,NA,NA,1.1578835350175714,3.9391298896549785,0,0,100,2017-06-02,2017-07-06,2017-06-25,2017-07-03
CZ0710182,Choryňský mokřad,9170,109.63747605932289,1.8788644603572435,2.2530701372059667,1.6758977012256238,2.487849472947413,1.8005424476957674,81.523181224895,0.9106770369670703,0,6.624368816451107e-10,50.35036602528925,89.37995829824266,6.924348478759173,6.315676653311986,2.86879574231145,2.616619649980993,9.793144221070623,8.93229630329298,0,0,97.38338035001901,2017-06-02,2017-07-23,2017-06-15,2017-06-02
CZ0710182,Choryňský mokřad,91E0,30.197225512489943,1.57820090730816,2.168640970383897,1.1481662649620026,2.8518337350379976,1.409559936924263,83.13590296161028,0.8820685712021304,0,3.390315084485659e-10,13.86789820553136,25.104736099162263,5.0924894133276775,16.864097038389705,0,0,5.0924894133276775,16.864097038389705,0,0,100,2017-06-02,2017-07-06,2017-06-13,2017-06-02
CZ0614136,Chotáry,7140,2.518817788813609,1,1,2,1,1,100,NA,NA,4.682640545056255e-10,35.14784375032325,2.518817788813609,0,0,NA,NA,0,0,0,100,0,2010-06-22,2010-06-22,2010-06-22,2010-06-22
CZ0533303,Chrudimka,3260,9.832886675804337,1.3814010577818663,1.8062984507775222,2,1.806298450777522,1.5509314919162036,100,NA,NA,2.1402342835579232e-9,4.274928525969698,9.832886675804337,0,0,NA,NA,0,0,0,100,0,2009-07-08,2011-07-12,2010-06-26,2010-06-19
CZ0724091,Chřiby,6210,14.053264814705864,3.6093346927545062,2.4504203761645034,0.9938485036940518,3.025375447330472,2.789820188121754,18.57450707014767,NA,NA,1.0322537645551898e-9,0.07309338864695718,2.6103246665941153,5.91188913967699,42.06772744715212,NA,NA,5.91188913967699,42.06772744715212,0,0,100,2003-05-04,2024-08-15,2016-09-23,2015-08-27
CZ0724091,Chřiby,6410,3.495609595644567,1.243280841268387,1.243280841268387,2,1.243280841268387,1.243280841268387,100,NA,NA,4.492367213453478e-10,0.018181252121934697,3.495609595644567,0,0,NA,NA,0,0,0,0,100,2019-06-06,2019-06-06,2019-06-06,2019-06-06
CZ0724091,Chřiby,6430,2.151305711200175,3.6695129784556144,2.7666845434471945,0.13614389156122542,3.7666845434471945,2.90282843500842,9.717156499157998,NA,NA,2.316334163023729e-10,0.011189302024866468,0.20904574273264498,1.6493728370068486,76.66845434471946,NA,NA,1.6493728370068486,76.66845434471946,0,13.614389156122543,86.38561084387746,2010-07-18,2025-08-07,2019-07-14,2022-08-31
CZ0724091,Chřiby,6510,390.8300648552162,2.5646269236061867,2.2428559623368063,1.3968811864646373,2.5824322623428166,2.203519067505341,71.27193250448377,NA,NA,2.2380656547213407e-9,2.032772754376913,278.55214003083984,77.1573347025092,19.74191384971683,NA,NA,77.1573347025092,19.74191384971683,0,14.872996023287778,85.1270039767122,2001-07-09,2025-09-07,2017-03-06,2015-10-07
CZ0724091,Chřiby,7220,0.16654533943727085,2.318987454342761,2.8783132662689805,1.300516480242368,3.1379019536197785,1.8596336352201022,65.0258240121184,NA,NA,5.267872631756466e-9,8.6623025918427e-4,0.10829747932286496,0.04323328604891424,25.95886873507981,NA,NA,0.04323328604891424,25.95886873507981,0,11.993533472464808,88.00646652753518,2001-07-24,2025-08-07,2017-06-18,2015-06-25
CZ0724091,Chřiby,8220,9.949373237570052,1.8562000591261114,2.271736561403633,1.8168924090139613,2.3632903568966523,1.7413528441703576,90.0426821024678,NA,NA,1.4585032408017972e-9,0.051748359860574036,8.95868251549321,0.9109028826762078,9.155379549301928,NA,NA,0.9109028826762078,9.155379549301928,0,9.156349424791792,90.84365057520822,2007-08-22,2025-09-07,2017-09-04,2015-10-09
CZ0724091,Chřiby,8310,0,NA,NA,NA,NA,NA,NA,NA,NA,NA,NA,NA,0,NA,NA,NA,0,NA,NA,NA,NA,NA,NA,NA,NA
CZ0724091,Chřiby,9130,8703.877094152876,2.4977871639359988,2.44560819952334,1.3252655142436696,2.814486810896292,2.194745635210445,72.4154433668066,0.5177988429617669,0.0013345053178385594,6.651157467596203e-8,45.2703254059886,6302.9511878327285,1796.044429670856,20.634993006477647,274.412396806487,3.152760474878865,2070.456826477343,23.787753481356514,0,9.335079082714252,87.51216044240688,2010-07-12,2025-09-07,2019-01-22,2015-10-23
CZ0724091,Chřiby,9170,3933.8050237229727,2.4466648259509434,2.3937992188252526,1.283187765853294,2.8178941845094814,2.0984567125754023,72.16181433598794,0.6143027360361252,0.0019547750061472244,2.376831013060636e-8,20.46038007904386,2838.7050775587377,700.2677438777673,17.801282464554646,84.2294400624969,2.1411696704475136,784.4971839402642,19.94245213500216,0,12.58760394887279,85.27122638067969,2008-07-24,2025-09-07,2019-07-04,2022-06-12
CZ0724091,Chřiby,9180,1.0750999132524304,2.1854497659947434,2.628962986563006,0.9072751170026282,3.0927248829973717,2.0927248829973717,90.72751170026281,0.37103701343699413,0,6.0932522229892e-11,0.005591775066491166,0.975411399585614,0,0,0.0996885136668163,9.27248829973719,0.0996885136668163,9.27248829973719,0,0,90.72751170026281,2015-09-28,2015-10-21,2015-10-13,2015-10-21
CZ0724091,Chřiby,6210p,0,NA,NA,NA,NA,NA,NA,NA,NA,NA,NA,NA,0,NA,NA,NA,0,NA,NA,NA,NA,NA,NA,NA,NA
CZ0724091,Chřiby,91E0,237.61380600815508,2.452492578443248,2.1572398394182444,1.5310225511147328,2.4458991006364865,2.1456055110533425,76.00406610951336,0.6476990194280753,0,2.6677473083025367e-9,1.2358692801591729,180.596154203769,32.2708529193062,13.581219652783409,2.77506590715472,1.1678891701517873,35.04591882646092,14.749108822935195,0,11.708128896918556,87.12398193292965,2008-08-10,2025-09-07,2018-05-05,2015-10-10
CZ0110040,Chuchelské háje,6190,0.376146109401267,1.2305271305343894,1.80588620836865,1.19411379163135,2.6117724167373,1.1536847536895936,92.31576231552033,NA,NA,1.1704472663707493e-9,0.502726537478834,0.3472421483139507,0,0,NA,NA,0,0,0,100,0,2011-05-31,2011-06-18,2011-06-12,2011-06-18
CZ0110040,Chuchelské háje,6210,2.6877811421728826,2.0208250628105153,1.3941258403784724,1.1783382280931576,2.1912458168682507,1.9123793272845768,68.86742409638397,NA,NA,1.9742545514442264e-10,3.5922713895839307,1.8510056379628321,0.06596297491705046,2.454179541706436,NA,NA,0.06596297491705046,2.454179541706436,0,100,0,2011-04-18,2011-06-18,2011-05-18,2011-05-18
CZ0110040,Chuchelské háje,9170,41.2469450680671,2.70835390958283,1.8037747921161014,0.7997226631636424,2.7833971177728234,2.2616416164216933,73.8358383578307,0.869232430760473,0.14929171209369568,2.492167701260588e-10,55.12733843945799,30.455027688001238,6.934910445036993,16.813149273462,1.34321494364666,3.2565198257229513,8.278125388683653,20.06966909918495,0,96.74348017427702,0,2011-05-31,2011-06-19,2011-06-05,2011-05-31
CZ0110040,Chuchelské háje,9180,2.6220395271402084,2.135482271926544,2.067741135963272,1.8645177280734562,2.135482271926544,2.067741135963272,93.2258864036728,0.9322588640367281,0,1.4860710135469364e-10,3.5044064518174594,2.4444195910311306,0,0,0.177619936109078,6.77411359632719,0.177619936109078,6.77411359632719,0,93.22588640367282,0,2011-05-31,2011-05-31,2011-05-31,2011-05-31
CZ0314634,Chýnovská jeskyně,8310,0.008195047869320987,1,3,2,1,1,100,NA,NA,4.551012757657181e-9,0.2741115353831125,0.008195047869320987,0,0,NA,NA,0,0,0,100,0,2010-08-01,2010-08-01,2010-08-01,2010-08-01
CZ0720454,Jalovcová,5130,8.917257355613456,1.8901011392948743,2.0010131746788375,1.1662080325170985,2.832778792804064,1.8631629452636558,100.00000000000001,NA,NA,2.0775093658474988e-8,29.202269439168038,8.917257355613456,0,0,NA,NA,0,0,0,0,100,2014-06-04,2014-07-24,2014-06-15,2014-06-05
CZ0613321,Jankovský potok,6230,8.420640376209057,2.0630150406286063,1.8273833495955973,1.4373825826855866,2.3796665517356166,1.769364886208088,93.55099518029027,NA,NA,8.111470925973469e-10,5.272092318212294,7.877592872496913,0.08702070955393137,1.0334215174393635,NA,NA,0.08702070955393137,1.0334215174393635,0,0,100,2014-04-29,2022-06-06,2021-03-04,2021-12-20
CZ0620416,Jaroslavické komory,3130,0.706931889449241,1,2,2,2,1,99.99999999999999,NA,NA,7.194028062502573e-10,72.39658725135084,0.706931889449241,0,0,NA,NA,0,0,0,100,0,2012-09-25,2012-09-25,2012-09-25,2012-09-25
CZ0624066,Jasenová,6210,15.024475701295119,1.0679346243306824,2,1,3,1.0679346243306822,100,NA,NA,1.1035920697161123e-9,28.226005647802488,15.024475701295119,0,0,NA,NA,0,0,0,100,0,2012-06-06,2012-06-06,2012-06-06,2012-06-06
CZ0624066,Jasenová,9170,29.126742484918818,1.3442371051341953,1.2294914034227966,1.7705085965772034,1.3442371051341953,1.2294914034227966,88.52542982886015,0,0,1.7598570450262646e-10,54.719486671374426,25.78457397991961,3.3421685049992056,11.474570171139826,0,0,3.3421685049992056,11.474570171139826,0,100,0,2012-06-06,2012-06-06,2012-06-06,2012-06-06
CZ0620162,Ječmeniště,6240,11.142669323970296,2.746249198343717,2.2129097967476734,0.351016107165026,3.150145922408082,1.7767091201462002,63.434970800165715,NA,NA,4.0217769920029346e-8,18.03830973430482,7.068349032019579,2.3723834609930496,21.29097967476733,NA,NA,2.3723834609930496,21.29097967476733,0,0,100,2013-05-28,2013-07-04,2013-06-30,2013-07-04
CZ0620162,Ječmeniště,6250,11.579340617111036,3.2131146379311555,2.459576857190174,1.0399476560014855,2.9396030291894313,2.242425878311934,39.34426810344223,NA,NA,1.6928332859547702e-7,18.745215037579626,4.555806817006949,0,0,NA,NA,0,0,0,0,100,2013-07-04,2013-07-04,2013-07-04,2013-07-04
CZ0620162,Ječmeniště,40A0,0.2363761603590101,1,1,2,1,1,100,NA,NA,4.7422060904638085e-9,0.38265753657331597,0.2363761603590101,0,0,NA,NA,0,0,0,0,100,2013-05-28,2013-05-28,2013-05-28,2013-05-28
CZ0610179,Jedlový les a údolí Rokytné,6510,19.618365684335195,3.1566736897440264,2.4112010767746117,0.8711863716271655,3.1288136283728347,2.5311615428766996,46.88384571233002,NA,NA,1.1234343104116066e-10,5.231035959383174,9.19784429872441,8.067093093956727,41.120107677461185,NA,NA,8.067093093956727,41.120107677461185,0,0,100,2025-08-12,2025-08-20,2025-08-16,2025-08-16
CZ0610179,Jedlový les a údolí Rokytné,9170,188.06424912042093,2.412917617205011,2.277201460752254,1.3796142178003785,2.669373867263593,2.119371378041623,73.81276922863891,0.7167866153691325,0,1.136296631535484e-9,50.14540281552786,138.81543020482889,35.44584548776822,18.847731907339604,3.17103743243571,1.6861457971234277,38.61688292020393,20.533877704463034,0,0.09839261745106642,98.21546158542549,2012-08-09,2025-08-20,2025-06-17,2025-08-14
CZ0514042,Jestřebsko - Dokesko,2330,26.229333594080277,2.2505172881658817,2.720302096156962,1.8500929872026357,2.815088998798043,1.9705601656065677,91.62856811272185,NA,NA,3.614391211177676e-8,0.3785104412148543,24.03356279776488,1.1571721893766092,4.411748339796831,NA,NA,1.1571721893766092,4.411748339796831,0,10.763439306419793,89.23656069358022,2011-09-14,2017-09-11,2014-11-14,2015-05-18
CZ0514042,Jestřebsko - Dokesko,3140,0.8898930135034024,1.8617672503577327,1.027434112627363,2,1.027434112627363,2,100,NA,NA,3.555628748944495e-8,0.012841874002136657,0.8898930135034024,0,0,NA,NA,0,0,0,0,100,2014-07-31,2016-08-03,2015-10-31,2016-01-29
CZ0514042,Jestřebsko - Dokesko,3150,146.00771020303014,1.693022553905021,1.0756284576549084,2,1.0756284576549082,2.11562043465598,73.50760729315256,NA,NA,2.2161544448242176e-8,2.107009032901714,107.32677423376762,0,0,NA,NA,0,0,0,5.1543565508493545,94.84564344915064,2012-07-27,2016-08-03,2015-06-05,2015-06-16
CZ0514042,Jestřebsko - Dokesko,3160,1.2674456495867468,1.0101246150832908,1.712991500028701,1.7273664285004569,1.9852259936691414,1.0101246150832905,99.98004610704486,NA,NA,4.313973732083523e-8,0.018290263087324506,1.2671927448385636,0,0,NA,NA,0,0,0,71.2592422169598,28.74075778304018,2012-07-04,2016-08-03,2014-02-18,2013-07-18
CZ0514042,Jestřebsko - Dokesko,4030,0.7090403578332765,2.110386507605774,3,2,3,1.8661366352225732,94.43300191197545,NA,NA,5.075472268905434e-10,0.010232024299053576,0.6695680946693756,0,0,NA,NA,0,0,0,0,100,2012-11-24,2014-09-04,2014-05-15,2014-08-08
CZ0514042,Jestřebsko - Dokesko,6410,60.024563537655176,2.896957317286825,2.3003433991991606,1.2449091466156057,2.8004598413772523,2.368840787099561,60.69888056109088,NA,NA,7.714030238800027e-9,0.8662028696563833,36.43423812903742,12.1892737247979,20.307142620289458,NA,NA,12.1892737247979,20.307142620289458,0,0,100,2005-08-30,2017-09-11,2015-06-04,2015-07-15
CZ0514042,Jestřebsko - Dokesko,6430,3.0605019493672274,3.9621435567422423,2.9621435567422423,0.07571288651551544,3.132169093503622,2.1700255367613797,3.785644325775772,NA,NA,3.295275601423063e-10,0.04416551183196505,0.11585971838647734,0.5203634867004119,17.002553676137975,NA,NA,0.5203634867004119,17.002553676137975,0,0,100,2005-08-30,2015-07-24,2011-01-01,2012-07-30
CZ0514042,Jestřebsko - Dokesko,7140,59.451655039312286,2.0089078097826243,1.4606931940492927,1.6789170842722594,1.7717972028749709,1.9207653712583248,95.38948407087767,NA,NA,1.1052436249821264e-8,0.8579353378982586,56.71062701359793,0.22776461815623103,0.3831089614000185,NA,NA,0.22776461815623103,0.3831089614000185,0,17.783806024580823,82.21619397541917,2012-07-03,2017-08-31,2014-07-01,2014-07-31
CZ0514042,Jestřebsko - Dokesko,7150,11.722794002927202,1.5362832825613362,1.1628238603481034,1.8777343489943885,1.1783810214214463,1.2525381506638158,93.88671744971943,NA,NA,5.823429382869771e-7,0.16916937345751928,11.006146482740917,0.18237339453315363,1.555716107334264,NA,NA,0.18237339453315363,1.555716107334264,0,38.70748489437513,61.29251510562488,2002-12-31,2014-07-31,2012-08-30,2012-08-29
CZ0514042,Jestřebsko - Dokesko,7230,12.454969324447486,2,1.9864375545696193,1.9603159075662557,2.0261216470033636,1.887828879154245,100,NA,NA,2.4898493257393406e-7,0.17973525394400705,12.454969324447486,0,0,NA,NA,0,0,0,0,100,2015-06-30,2015-07-15,2015-07-08,2015-07-09
CZ0514042,Jestřebsko - Dokesko,8310,0.006348887045693118,2.7227190101394108,3,2,1,2.3613595050697054,63.86404949302947,NA,NA,3.5257714662096095e-9,9.161956129266422e-5,0.00405465636511799,0,0,NA,NA,0,0,0,0,100,2014-08-01,2014-08-08,2014-08-04,2014-08-04
CZ0514042,Jestřebsko - Dokesko,9110,605.8979652270286,2.3309699316251233,2.707357956674671,1.6550629683697295,2.8895426143766922,2.1104500426501573,79.54589132361717,0.6433854352371614,0,4.417544286335161e-9,8.74359637566334,481.9669369514999,84.75998832212618,13.989152165310012,12.0595760474216,1.9903641767311273,96.81956436954778,15.979516342041139,0,3.3344850520773752,94.6751507711915,2011-09-14,2017-09-10,2013-04-21,2012-11-18
CZ0514042,Jestřebsko - Dokesko,9410,169.3031094912475,2.694440289838223,2.6613938890567006,1.4573782618020419,2.9302451514259387,2.2967692206259884,65.1325143851955,0.9473732945733793,0,2.198555499436192e-9,2.4431804354740385,110.27137214397008,14.421706006904342,8.518275919586642,14.2042625401998,8.389841499594027,28.625968547104144,16.90811741918067,0,0,91.61015850040596,2011-11-21,2019-10-14,2014-05-21,2014-07-31
CZ0514042,Jestřebsko - Dokesko,91D0,409.8689175674126,2.0322562618222655,2.0287108170510013,1.7620671741677802,2.184226524156341,1.7475431881609418,75.14683541966438,0.8658536992747357,0,2.8671253072451265e-8,5.914739094389714,308.0035209207434,27.538031664481167,6.718741159471281,4.78283224319596,1.1669175285557756,32.32086390767713,7.885658688027057,0,8.423231080292984,90.40985139115124,2011-09-24,2017-09-01,2014-09-22,2014-07-31
CZ0514042,Jestřebsko - Dokesko,91T0,5.602563354039846,1.8249080078427191,2.8418862039207826,1.7591827470771377,3.0176378826177617,1.7598424336168363,93.49344257741171,0.9736860308825265,0,3.032428757170484e-8,0.08084950841261185,5.238029352272355,0,0,0.0988173547971295,1.763788261776195,0.0988173547971295,1.763788261776195,0,0,98.23621173822382,2014-08-02,2014-09-08,2014-08-16,2014-08-02
CZ0623041,Jevišovka,3260,5.422183246032105,1.3198369204645313,2,1.9999999999999998,2,1.319836920464531,100,NA,NA,1.1801969103790185e-9,26.98410552584412,5.422183246032105,0,0,NA,NA,0,0,0,100,0,2009-09-04,2012-06-19,2010-06-25,2009-09-13
CZ0620078,Jezero,3140,0.35239629856804383,1,1,2,1,1,100,NA,NA,1.4080236513794967e-8,3.6920374661948925,0.35239629856804383,0,0,NA,NA,0,0,0,0,100,2024-05-09,2024-05-09,2024-05-09,2024-05-09
CZ0620078,Jezero,6410,0.15163172377911396,2,2,0,3,2,100,NA,NA,1.9486883926439148e-11,1.588637586521377,0.15163172377911396,0,0,NA,NA,0,0,0,0,100,2024-05-09,2024-05-09,2024-05-09,2024-05-09
CZ0620078,Jezero,7230,0.5384453236424772,1,2,2,2,1,100,NA,NA,1.0763958473885643e-8,5.641263306293234,0.5384453236424772,0,0,NA,NA,0,0,0,0,99.99999999999999,2024-05-09,2024-05-09,2024-05-09,2024-05-09
CZ0410018,Jezerský vrch,6210,6.408273427152391,1.6643625104404687,2,2,2,1.4923510033074943,100,NA,NA,4.707065907243772e-10,20.36932254633196,6.408273427152391,0,0,NA,NA,0,0,0,0,100,2002-08-03,2014-06-21,2012-12-25,2014-06-21
CZ0510509,Jezevčí vrch,9130,25.663688710110097,1.0917155715065427,2.4557651168895926,1.882196877457481,2.5600478073103963,1.0781951393848275,98.64795678782843,1.4474646642211186,0,1.9611172465312278e-10,26.733201925236155,25.316704548912217,0,0,0.346984161197883,1.3520432121715618,0.346984161197883,1.3520432121715618,0,98.64795678782845,0,2008-08-22,2011-08-23,2011-03-15,2011-08-19
CZ0510509,Jezevčí vrch,9180,8.327208577090904,1.2380953834604917,2.3134644146246197,1.6440173500590263,2.5900819367454293,1.3928295424447834,92.0634872179836,1.2774048155773257,0,4.719541090851184e-10,8.674238176729137,7.6663186039849185,0.5741439328065142,6.894794666078731,0.0867460402994708,1.0417181159376625,0.660889973105985,7.936512782016393,0,98.95828188406233,0,2011-04-19,2011-08-29,2011-07-07,2011-08-19
CZ0510412,Jizerské smrčiny,4030,2.6202860272323023,1.0180826665942266,2.847940973862558,2,2.847940973862558,1.0180826665942264,100,NA,NA,1.8756603796797e-9,0.9171627449689544,2.6202860272323023,0,0,NA,NA,0,0,0,100,0,2007-08-09,2007-09-28,2007-09-20,2007-09-27
CZ0510412,Jizerské smrčiny,7110,4.091156695862121,1.0505250858111004,1.1033576272876466,1.9999979053183168,1.1033586746284882,1.125709033861025,99.89236586625385,NA,NA,5.4202584909635394e-9,1.4320026387494693,4.086753214792332,0,0,NA,NA,0,0,0,100,0,2007-07-09,2007-09-21,2007-08-06,2007-08-15
CZ0510412,Jizerské smrčiny,7140,0.7820739936440524,1.7551119226917873,2.512322699725833,1.4144710067679018,2.512322699725833,1.7147673785566786,87.86053885170229,NA,NA,1.4539246975846677e-10,0.27374459250811406,0.6871344250346922,0,0,NA,NA,0,0,0,100,0,2007-06-08,2007-09-21,2007-08-10,2007-08-15
CZ0510412,Jizerské smrčiny,8220,4.504306258598884,1.3402213366357416,2.985290021851295,2,2.985290021851295,1.3542684354496306,100,NA,NA,6.602973995309455e-10,1.5766148616534765,4.504306258598884,0,0,NA,NA,0,0,0,100,0,2007-07-13,2007-09-28,2007-09-16,2007-09-27
CZ0510412,Jizerské smrčiny,9410,141.70154800121264,2.030129564378515,2.556465824872806,1.5785798077828526,2.7808791701832556,1.8369567311234483,86.22430495714546,0.764835172607484,0.6402144509790819,1.8401240152815583e-9,49.598929040741815,126.96484298184879,10.835333112556041,7.646587680512365,5.00538998890091,3.532346724157223,15.840723101456952,11.178934404669588,0,96.46765327584279,0,2007-07-01,2010-09-18,2007-09-28,2007-08-14
CZ0510412,Jizerské smrčiny,91D0,54.896947350306355,2.5329642882361565,2.1248172463482264,1.4433461381000652,2.388479662178464,2.2288560154913357,69.45933784240628,0.7792566178921696,0.47389498599390795,3.840164996475467e-9,19.21524383176028,38.13105612521719,9.474999540378017,17.259610957812466,3.8284826735509,6.973944560379157,13.303482213928916,24.233555518191626,0,93.02605543962085,0,2007-07-09,2007-09-22,2007-08-15,2007-08-15
CZ0510400,Jizerskohorské bučiny,8220,199.45274229654126,1.351263656233562,2.8037348821996324,2,2.8037348821996324,1.665192156057049,100,NA,NA,2.9238271002622322e-8,5.639107400686038,199.45274229654126,0,0,NA,NA,0,0,0,0,100,2013-07-23,2022-10-11,2018-12-26,2022-07-03
CZ0510400,Jizerskohorské bučiny,9110,2788.8610110676614,2.159013263980927,2.386369430684522,1.5307399885480044,2.650511555439108,1.867719122931352,76.95939128320104,0.8860058114299906,0,2.0333319687265497e-8,78.84918796260199,2146.290457852198,522.6392504747297,18.740240133897796,24.3591897361446,0.8734458131643913,546.9984402108743,19.613685947062184,0,0.012571939524421705,99.11398224731118,2012-06-06,2022-10-11,2019-10-15,2022-09-09
CZ0510400,Jizerskohorské bučiny,9130,120.36157459257227,1.6174634798840226,2.000901900369583,1.247262051434146,2.5998739348204163,1.5802658992570862,96.34311491633072,1.264771808278229,0,9.197553883209322e-10,3.402970739976479,115.96009012482702,1.1714530152122955,0.9732782403168959,0.386463814414293,0.3210857083936341,1.5579168296265884,1.29436394871053,0,0,99.67891429160636,2014-07-17,2022-10-10,2022-05-30,2022-09-30
CZ0510400,Jizerskohorské bučiny,9140,13.206929011560119,2.438239874538903,2.162681231941212,0.5205867084870324,3.162681231941212,1.9588265830259353,52.058670848703244,1.0411734169740647,0,2.5934681890352086e-8,0.37339818080162496,6.8753517033499785,0,0,6.33157730821014,47.941329151296756,6.33157730821014,47.941329151296756,0,0,52.058670848703244,2022-09-14,2022-09-14,2022-09-14,2022-09-14
CZ0510400,Jizerskohorské bučiny,9180,2.415408325957105,1.6776341768614302,2.562794621258331,1.0580280242514002,3.0574197778015497,1.6202143990598805,94.25802221984502,1.8851604443969003,0,1.3689604073206803e-10,0.06829059761099904,2.276716116580635,0.13869220937647042,5.741977780154983,0,0,0.13869220937647042,5.741977780154983,0,0,100,2022-09-11,2022-10-11,2022-09-27,2022-09-30
CZ0624236,Jižní svahy Hádů,6210,8.235662520288846,2.3048969363045853,1.9694027247975279,0.7858788696344796,2.8128868091936976,1.9342598903352346,62.936295403064904,NA,NA,6.049337112951981e-10,27.548985235789125,5.183220892168488,3.0524416281203575,37.063704596935096,NA,NA,3.0524416281203575,37.063704596935096,0,0,100,2024-07-15,2024-07-17,2024-07-15,2024-07-16
CZ0624236,Jižní svahy Hádů,6240,0.2636104219562025,1.8812915534351746,2,1,3,1.8812915534351746,100,NA,NA,9.514617180597459e-10,0.8817990786510348,0.2636104219562025,0,0,NA,NA,0,0,0,0,100,2024-07-16,2024-07-16,2024-07-16,2024-07-16
CZ0210732,Kaliště,6230,0.7987462461424946,4,2,2,2,3,0,NA,NA,7.694197428405224e-11,13.241736999036055,0,0,0,NA,NA,0,0,0,100,0,2012-07-26,2012-07-26,2012-07-26,2012-07-26
CZ0210732,Kaliště,7140,2.4685372678483604,2,1,1,2,2,100,NA,NA,4.5891658970908225e-10,40.92378703628436,2.4685372678483604,0,0,NA,NA,0,0,0,100,0,2012-07-26,2012-07-26,2012-07-26,2012-07-26
CZ0210105,Kalivodské bučiny,7220,1.348229790336704,2,1,2,1,2,99.99999999999999,NA,NA,4.264486077983921e-8,0.7408278456284471,1.348229790336704,0,0,NA,NA,0,0,0,100,0,2011-08-31,2011-08-31,2011-08-31,2011-08-31
CZ0210105,Kalivodské bučiny,9130,96.92362511178966,1.5338467451145887,1.2989639044323935,1.0019531306648475,2.2554335924800917,1.468858865679593,92.28326601086681,0.9521717804377368,0,7.406518795880551e-10,53.25777615708541,89.44428678928816,4.029743921470409,4.157648784620456,0,0,4.029743921470409,4.157648784620456,0,100,0,2011-08-16,2011-09-13,2011-09-07,2011-09-13
CZ0210105,Kalivodské bučiny,9150,13.232490614105576,2,2.0624939218863014,1.0514713969009797,2.94852860309902,2,100,0.9495820033528655,0,1.145598759304403e-8,7.2710138762757195,13.232490614105576,0,0,0,0,0,0,0,100,0,2011-08-31,2011-09-13,2011-09-05,2011-08-31
CZ0210105,Kalivodské bučiny,9180,15.60474401069159,2.3208480487911927,2.0893614825996796,1.2451259915572979,2.754874008442702,2.189537249926806,81.04627500731941,1.4887532742338645,0,8.844167873167577e-10,8.574524142607014,12.64706374509331,1.3944630603838712,8.936148259967961,0,0,1.3944630603838712,8.936148259967961,0,100,0,2011-08-16,2011-09-13,2011-09-02,2011-08-31
CZ0614132,Kamenický rybník,3130,0.6380802418956999,1,1,2,1,1,100,NA,NA,6.493365534694403e-10,12.702662350560127,0.6380802418956999,0,0,NA,NA,0,0,0,0,100,2014-06-26,2014-06-26,2014-06-26,2014-06-26
CZ0620006,Kameníky,6210,2.9835012718885205,2,1,1,2,2,100,NA,NA,2.1914697118917e-10,45.09762772746203,2.9835012718885205,0,0,NA,NA,0,0,0,0,100,2022-06-24,2022-06-24,2022-06-24,2022-06-24
CZ0620006,Kameníky,6240,1.6065006848630494,1,2,1,3,1,100,NA,NA,5.798419843726481e-9,24.283338007094937,1.6065006848630494,0,0,NA,NA,0,0,0,0,100,2022-06-24,2022-06-24,2022-06-24,2022-06-24
CZ0520008,Kamenná,8210,0.757923286683897,1,2,2,2,1,100,NA,NA,4.228741834355983e-9,26.082227257412477,0.757923286683897,0,0,NA,NA,0,0,0,0,100,2014-05-20,2014-05-20,2014-05-20,2014-05-20
CZ0620007,Kamenná hora u Derflic,6210,5.038881423671385,1.7527973634929892,1.6452841524358552,1.148797923105448,2.487371573720674,1.6705054622106685,91.77080987176792,NA,NA,3.701207077012494e-10,60.79794420447138,4.6242222909813,0.045927668835045773,0.9114655609732996,NA,NA,0.045927668835045773,0.9114655609732996,0,100,0,2012-08-21,2012-09-03,2012-08-26,2012-08-21
CZ0610515,Kamenný vrch u Heraltic,6230,1.4556513605822343,1,1,1,2,1,100,NA,NA,1.4022061461116807e-10,55.83656374325865,1.4556513605822343,0,0,NA,NA,0,0,0,0,100,2023-06-13,2023-06-13,2023-06-13,2023-06-13
CZ0624115,Kamenný vrch u Kurdějova,6210,2.296219865705911,3.4590032486466837,2.311441232791613,1.377117534416774,2.622882465583226,2.729501624323342,27.049837567665815,NA,NA,1.686641240931422e-10,2.194359491138407,0.6211237438699231,0.7151375457360409,31.144123279161295,NA,NA,0.7151375457360409,31.144123279161295,0,100,0,2010-09-04,2010-09-06,2010-09-05,2010-09-06
CZ0624115,Kamenný vrch u Kurdějova,6240,30.409097343918518,1.4563915425771783,1.549862191951802,1.4582356184213667,2.0535985443601303,1.4408210273873532,98.4429484810175,NA,NA,1.0975701108015316e-7,29.06014897361121,29.935612031816163,0.47348531210235495,1.5570515189825151,NA,NA,0.47348531210235495,1.5570515189825151,0,100,0,2010-09-04,2010-09-10,2010-09-06,2010-09-06
CZ0624115,Kamenný vrch u Kurdějova,6210p,24.55445243163258,1.0772377298425027,1.756912672997593,1.9227622701574973,1.8341504028400957,1.0772377298425027,100,NA,NA,2.6330138332156065e-8,23.465216265993377,24.55445243163258,0,0,NA,NA,0,0,0,100,0,2010-09-03,2010-09-09,2010-09-06,2010-09-06
CZ0410413,Kaňon Ohře,3260,32.051262417401254,2,2,2,2,2,99.99999999999999,NA,NA,6.976304407720886e-9,9.440266885455664,32.051262417401254,0,0,NA,NA,0,0,0,0,100,2016-05-03,2023-10-02,2021-03-25,2023-08-09
CZ0410413,Kaňon Ohře,8220,22.21714304276361,2,2.511791412649366,2,2.511791412649366,2,100.00000000000001,NA,NA,3.256865970900277e-9,6.5437597129454534,22.21714304276361,0,0,NA,NA,0,0,0,0,100,2023-07-26,2023-10-06,2023-09-09,2023-09-29
CZ0410413,Kaňon Ohře,9110,60.86286045991935,2.4441144044661405,2.422521916151141,1.5092023214508512,2.6859604399718817,2.0406905030988454,78.63495250006126,1.2190672899091,0,4.437453117605173e-10,17.92633434126279,47.85948141283614,11.145014748592317,18.311684111415957,1.69262042093535,2.7810398790737234,12.837635169527667,21.09272399048968,0,0,97.21896012092625,2023-07-27,2023-10-06,2023-09-14,2023-09-29
CZ0410413,Kaňon Ohře,9130,0.6086209454463329,4,3,0,4,3,0,0,0,4.650839737799425e-12,0.17926108751249584,0,0.6086209454463329,100,0,0,0.6086209454463329,100,0,0,100,2023-07-27,2023-07-27,2023-07-27,2023-07-27
CZ0410413,Kaňon Ohře,9170,14.487359996393236,2.260996920083912,2.1066784575166504,1.4722625757463261,2.3157720448637,2.051903332736863,94.80966672631371,1.7485385990909694,0,8.753358727528633e-11,4.2670564126476975,13.735417730021721,0.3429815374777387,2.367453680747404,0.408960728893779,2.8228795929389037,0.7519422663715176,5.190333273686308,0,0,97.1771204070611,2023-07-26,2023-10-05,2023-08-25,2023-08-03
CZ0410413,Kaňon Ohře,9180,10.3860961902987,1.904933823578868,2.426457459647464,1.917367841693179,2.4353687473205783,1.8871908061090912,99.10887123268857,1.637132668686991,0,5.88643928993212e-10,3.059084495879393,10.293542699346311,0,0,0.0925534909523878,0.8911287673114261,0.0925534909523878,0.8911287673114261,0,0,99.10887123268859,2023-07-26,2023-10-05,2023-09-01,2023-08-10
CZ0410413,Kaňon Ohře,91E0,27.71752866024999,2.8517793716409923,2.114863087739562,1.5918077994173012,2.3183350517039827,2.2043830195414995,79.56169804585002,0.9321885038690141,0.0027775347127390144,3.1119135591659406e-10,8.163824081261945,22.052536458440038,5.606490321629277,20.22723739317209,0.0332496711119066,0.1199590032699788,5.639739992741184,20.347196396442072,0,0,99.88004099673002,2023-07-26,2023-10-06,2023-09-02,2023-08-10
CZ0324025,Kaňon Střely,8150,0,NA,NA,NA,NA,NA,NA,NA,NA,NA,NA,NA,0,NA,NA,NA,0,NA,NA,NA,NA,NA,NA,NA,NA
CZ0324025,Kaňon Střely,8220,1.6810515907432488,2,2.2572590491938374,2,2.257259049193837,2,100,NA,NA,2.46429512142099e-10,0.46900706089097893,1.6810515907432488,0,0,NA,NA,0,0,0,0,100,2015-09-18,2025-08-08,2021-11-25,2025-04-27
CZ0324025,Kaňon Střely,9110,27.133797855892045,1.9656892545813074,2.0154038872108258,1.8681628773646863,2.1359808181813493,1.746059729487984,97.26799244025123,0.6861772573348336,0,1.9782993270154996e-10,7.570227382239536,26.392500447222126,0,0,0.305531764451005,1.1260191664789727,0.305531764451005,1.1260191664789727,0,0,98.87398083352102,2015-09-08,2025-08-08,2019-07-02,2015-09-18
CZ0324025,Kaňon Střely,9170,108.43735059915244,2.401445789034341,2.1242346421096574,1.7900964131176014,2.269459131413921,2.122051519283611,87.79484807163888,0.04129031795410403,0,6.551856442398637e-10,30.253612307536116,95.20240721143627,3.2836461636387275,3.0281504901175564,0.053047400696016,0.04891986054888972,3.3366935643347437,3.0770703506664465,0,0,99.9510801394511,2025-04-23,2025-08-08,2025-05-02,2025-04-27
CZ0324025,Kaňon Střely,9180,54.27314234500277,2.245731025153985,2.062549484806965,1.67811889975378,2.313912457720016,2.050127295323244,92.94818726668305,0.14375639527734807,0,3.075992669758964e-9,15.14200225425158,50.44590198234663,3.3917419258964365,6.249392939763572,0.00301516663857386,0.005555540932948179,3.3947570925350106,6.2549484806965205,0,0,99.99444445906707,2015-09-18,2025-08-02,2023-07-27,2025-04-23
CZ0110154,Kaňon Vltavy u Sedlce,6190,6.192702346258683,1.3516169832231197,1.4646647527310692,1.9643083670891381,1.5003563856419309,1.2632596853430338,97.50128529415794,NA,NA,1.9269723523562745e-8,17.820259657270547,6.037964382043691,0,0,NA,NA,0,0,0,16.391371542005345,83.60862845799466,2008-06-13,2024-04-30,2021-11-09,2023-10-30
CZ0110154,Kaňon Vltavy u Sedlce,6210,4.5331327543751385,1.8044350151709887,1.8034319649289936,1.971003966738728,1.8324279981902656,1.6515008756712672,99.99999999999999,NA,NA,3.3297197573872884e-10,13.044644845985074,4.5331327543751385,0,0,NA,NA,0,0,0,33.21097334952015,66.78902665047984,2008-06-11,2024-04-30,2017-02-09,2017-08-14
CZ0110154,Kaňon Vltavy u Sedlce,8220,2.0776126652767575,1.0328729036563589,1.5762343307624187,2,1.5762343307624187,1.1191123461202452,100,NA,NA,3.045623812758963e-10,5.978584968617703,2.0776126652767575,0,0,NA,NA,0,0,0,23.155406764802184,76.84459323519782,2008-06-12,2024-04-30,2018-02-11,2023-10-20
CZ0110154,Kaňon Vltavy u Sedlce,8230,1.5156390493850285,1.2330341305359056,1.6783747016113117,1.6269423241410241,2.0514323774702876,1.2728719901047487,100,NA,NA,1.7840000731902058e-8,4.361437042595375,1.5156390493850285,0,0,NA,NA,0,0,0,43.57680289898291,56.42319710101709,2008-06-12,2024-04-30,2020-07-18,2023-10-30
CZ0110154,Kaňon Vltavy u Sedlce,40A0,2.263097857638785,1.8172133361883525,1.0052818418357259,1.9486459886317213,1.0539949322861415,1.7646913901474532,99.7359079082137,NA,NA,4.540253309602066e-8,6.512341333069331,2.2571211951673757,0.005976662471409072,0.26409209178629395,NA,NA,0.005976662471409072,0.26409209178629395,0,24.60374245764597,75.39625754235402,2008-06-13,2024-04-30,2020-01-30,2023-10-30
CZ0620177,Kapánsko,91G0,482.572553300098,2.566954100747249,2.3217426764447175,1.2134583266878785,2.789371676735567,2.2113852153205498,61.1846962696831,0.3247954058838898,0,4.650798540570595e-8,68.3246516028969,295.26055101751956,114.605758020424,23.748917595227176,27.6149445413876,5.722444086913219,142.2207025618116,29.471361682140397,0,0,94.27755591308676,2021-07-06,2021-09-17,2021-07-29,2021-07-07
CZ0620177,Kapánsko,91I0,199.41423874109745,2.2401851149513186,2.5100847566216387,0.7476484991670542,3.246013564093793,1.9445161214416389,69.2084238305414,0.16692616016883524,0,2.9110161425084374e-8,28.233906577296473,138.01145152638642,37.920406131205816,19.01589694426909,11.1382014725421,5.585459465110211,49.058607603747916,24.6013564093793,0,0,94.41454053488978,2021-07-06,2021-09-17,2021-08-05,2021-07-07
CZ0214007,Káraný - Hrbáčkovy tůně,3150,9.247450075084542,2.4282330559460394,1.0050419235793646,2,1.0050419235793648,2.8909408901510636,10.401718626957152,NA,NA,1.4036092723248078e-9,2.7437729528653696,0.9618937369786319,0,0,NA,NA,0,0,0,0,100,2021-07-13,2021-07-16,2021-07-15,2021-07-16
CZ0214007,Káraný - Hrbáčkovy tůně,6440,3.6779839021234775,1.5139461803873973,1.722878540140361,0.9588309855465962,2.722878540140361,1.4727771659339939,95.88309855465963,NA,NA,2.990820699488272e-9,1.0912795062187313,3.5265649296975696,0.15141897242590785,4.116901445340377,NA,NA,0.15141897242590785,4.116901445340377,0,0,100,2021-07-16,2021-07-16,2021-07-16,2021-07-16
CZ0214007,Káraný - Hrbáčkovy tůně,6510,23.886295916223897,2.3903333139136254,2.2142418427577337,1.1882768797865129,2.860987171971405,2.1331958338804564,74.28625199668309,NA,NA,1.3678348549878154e-10,7.087204812887242,17.744233976999507,3.940708335426543,16.497779099981592,NA,NA,3.940708335426543,16.497779099981592,0,0,100,2021-07-13,2021-07-18,2021-07-15,2021-07-16
CZ0214007,Káraný - Hrbáčkovy tůně,7230,0,NA,NA,NA,NA,NA,NA,NA,NA,NA,NA,NA,0,NA,NA,NA,0,NA,NA,NA,NA,NA,NA,NA,NA
CZ0214007,Káraný - Hrbáčkovy tůně,9170,68.82568501067105,2.3950950183382913,2.2743346241583806,1.290331310201704,2.7613739894275846,2.0282448597808087,65.9374451004646,0.32905411284370745,0,4.1584934088493775e-10,20.420986483993996,45.38189826892992,12.569378441674402,18.26262744747922,0,0,12.569378441674402,18.26262744747922,0,0,100,2021-07-13,2021-07-18,2021-07-14,2021-07-15
CZ0214007,Káraný - Hrbáčkovy tůně,91E0,14.141329027325998,2.5332561756153305,2.206814831693829,0.9200199028509941,2.806618136382168,2.206814831693829,79.31851683061713,1.066547129073009,0,1.5876809972554664e-10,4.195815688401248,11.216692444612516,2.924636582713481,20.681483169382872,0,0,2.924636582713481,20.681483169382872,0,0,100,2021-07-13,2021-07-16,2021-07-14,2021-07-15
CZ0214007,Káraný - Hrbáčkovy tůně,91F0,127.98735797946918,2.2120802402065514,1.7397683723510398,1.2406548347235606,2.300712374236909,1.9918903680734688,77.98101278669176,0.693999589016468,0,5.2494743167648436e-9,37.9746036238595,99.80583799131881,21.341220967844126,16.674475748821642,0,0,21.341220967844126,16.674475748821642,0,0,100,2021-07-13,2021-07-18,2021-07-14,2021-07-15
CZ0214002,Karlické údolí,6210,2.700651933767552,2.7727600848709804,2.080733886005117,1.774171610232538,2.225828389767462,2.4106659148735794,58.933408512642075,NA,NA,1.9837085276209934e-10,0.514465128924584,1.5915862366317994,0.21803412536028904,8.073388600511727,NA,NA,0.21803412536028904,8.073388600511727,0,0,100,2016-08-26,2020-04-26,2018-04-15,2018-07-08
CZ0214002,Karlické údolí,6510,3.2765833665429644,1.8393490464191649,2,1.6607301385678057,2.3392698614321943,1.8393490464191649,100,NA,NA,1.8763164241746952e-11,0.6241781338141751,3.2765833665429644,0,0,NA,NA,0,0,0,0,100,2017-03-26,2018-09-16,2017-11-25,2017-06-08
CZ0214002,Karlické údolí,7220,0.4750342992927399,3.978986259069025,3,0.4027032235535743,3.7986483882232127,2.9894931295345124,1.0506870465487645,NA,NA,1.5025459090269937e-8,0.09049243961190656,0.004991123849332507,0.37938537748089,79.86483882232129,NA,NA,0.37938537748089,79.86483882232129,0,0,100,2018-09-19,2019-05-26,2018-12-26,2018-09-19
CZ0214002,Karlické údolí,8160,0,NA,NA,NA,NA,NA,NA,NA,NA,NA,NA,NA,0,NA,NA,NA,0,NA,NA,NA,NA,NA,NA,NA,NA
CZ0214002,Karlické údolí,8210,0.10743073528145905,3.3366558529287014,2.6683279264643507,0.6633441470712986,3.3366558529287014,2.6683279264643507,33.16720735356493,NA,NA,5.99396868471994e-10,0.02046519449099648,0.035631774732260965,0.07179896054919808,66.83279264643507,NA,NA,0.07179896054919808,66.83279264643507,0,0,100,2019-05-24,2019-05-27,2019-05-25,2019-05-25
CZ0214002,Karlické údolí,8230,1.2444308933996446,2,2,1,3,2,100.00000000000001,NA,NA,1.4647714479287875e-8,0.23705990838939692,1.2444308933996446,0,0,NA,NA,0,0,0,0,100,2016-05-19,2017-05-11,2016-11-13,2016-11-13
CZ0214002,Karlické údolí,8310,0,NA,NA,NA,NA,NA,NA,NA,NA,NA,NA,NA,0,NA,NA,NA,0,NA,NA,NA,NA,NA,NA,NA,NA
CZ0214002,Karlické údolí,9130,44.60525538455652,2.180158067901471,1.787852173431382,1.0515711584000291,2.5865966227383534,1.85945140861462,72.02949390178567,0.5137259681141072,0,3.408556603405296e-10,8.497151437844272,32.12893970709506,6.676647157649742,14.968297121243179,6.33876616251655e-5,1.421080567271271e-4,6.6767105453113675,14.968439229299907,0,0,99.99985789194326,2017-09-06,2019-12-07,2019-04-15,2019-05-21
NA,NA,NA,0.0244913014864549,NA,NA,NA,NA,NA,NA,NA,NA,2.120326808826479e-11,0.00466551073065618,0,0,0,0.0244913014864549,100,0.0244913014864549,100,NA,NA,NA,Inf,-Inf,NaN,NA
CZ0214002,Karlické údolí,9170,257.83204245457677,2.3665020019127416,1.8431619304135887,1.629030887611043,2.0722756852215083,2.07413095804459,70.49018802976339,0.2470568012454353,0.013866660817396449,1.5578382532208615e-9,49.1161387010858,181.74629152721053,35.82907363568831,13.89628429988505,0.745782942554958,0.28925145821871434,36.57485657824327,14.185535758103764,0,0,99.71074854178129,2016-07-25,2020-06-04,2019-02-04,2019-05-21
CZ0214002,Karlické údolí,9180,4.90980317062699,2.6126849154024328,2.1663266987464493,1.3631812403007781,2.6368187596992216,2.2550891439268304,64.24042285243979,1.1593716796019515,0,2.7826873312041627e-10,0.9353010247592888,3.154078318033274,0.6596460250524804,13.435284514027524,0.156985327812757,3.1973853606174143,0.8166313528652374,16.632669874644936,0,0,96.8026146393826,2019-05-21,2020-04-08,2019-07-16,2019-05-26
CZ0214002,Karlické údolí,40A0,0,NA,NA,NA,NA,NA,NA,NA,NA,NA,NA,NA,0,NA,NA,NA,0,NA,NA,NA,NA,NA,NA,NA,NA
CZ0214002,Karlické údolí,6210p,0.3437511306692846,1,2,1,3,1,100,NA,NA,3.686099230906585e-10,0.0654834366274786,0.3437511306692846,0,0,NA,NA,0,0,0,0,100,2016-08-13,2016-08-13,2016-08-13,2016-08-13
CZ0214002,Karlické údolí,91H0,42.27495390467915,2.4101367402387357,1.2791262437743451,1.3715038303038667,1.888044887772688,1.933752427051101,85.69227137213207,0.5045673830228021,0,4.449612965594237e-8,8.053236827342877,36.226368222441394,0.5720090804943815,1.3530684901138812,0.255629915947374,0.6046840796651464,0.8276389964417554,1.9577525697790275,0,0,99.39531592033485,2016-04-28,2020-04-28,2018-12-21,2019-05-13
CZ0214002,Karlické údolí,91I0,8.771871919445447,1.6333847052285675,1.1975721664297458,1.848151003658147,1.3493213549023655,1.551413724580379,91.80290193518115,0,0,1.2805033842480388e-9,1.6710121587759794,8.052832976088196,0,0,8.75501845471445e-4,0.009980786923377626,8.75501845471445e-4,0.009980786923377626,0,0,99.99001921307661,2017-07-06,2019-05-14,2018-04-15,2018-01-18
CZ0214017,Karlštejn - Koda,3260,29.618381645955377,1,2,2,2,2,100,NA,NA,6.446761557636998e-9,1.1143006953494383,29.618381645955377,0,0,NA,NA,0,0,0,0,100,2014-07-19,2014-07-19,2014-07-19,2014-07-19
CZ0214017,Karlštejn - Koda,3270,0.20745638952807655,1,2,2,2,1,100,NA,NA,3.6845106489323873e-9,0.00780490986540406,0.20745638952807655,0,0,NA,NA,0,0,0,0,100,2014-04-12,2014-07-19,2014-05-31,2014-05-31
CZ0214017,Karlštejn - Koda,5130,3.833666391009539,1.310872332159429,2,2,2,1,100,NA,NA,8.931532998588875e-9,0.1442299304635727,3.833666391009539,0,0,NA,NA,0,0,0,31.08723321594292,68.9127667840571,2011-08-24,2017-06-21,2014-04-14,2013-09-27
CZ0214017,Karlštejn - Koda,6110,6.235482433879105,1.9326778911945266,1.9903425626370606,0.5195731208877431,2.7305560021931887,1.9100608355161912,96.05885455909463,NA,NA,1.1008396373816774e-7,0.23459088666512362,5.989733002217823,0,0,NA,NA,0,0,0,81.33138277664175,18.668617223358254,2011-06-05,2017-06-21,2016-05-29,2017-04-28
CZ0214017,Karlštejn - Koda,6190,31.93741508996914,1.5394624219789854,1.5491647134968687,1.5371554436613073,1.9554324589378762,1.4046853394837353,90.21094496226034,NA,NA,9.937909565648264e-8,1.2015472103715046,28.81104394918069,1.7208867558230878,5.388309451391956,NA,NA,1.7208867558230878,5.388309451391956,0,29.04179453835769,70.95820546164232,2006-09-30,2017-06-21,2013-12-11,2013-11-16
CZ0214017,Karlštejn - Koda,6210,96.66480546275322,2.5318086527829724,2.242471725499201,1.1141131837522191,2.801977244702697,2.0731890872507868,63.112226762874116,NA,NA,7.1003151690777084e-9,3.636716591423666,63.78835983525454,26.25776234001188,27.163725426550922,NA,NA,26.25776234001188,27.163725426550922,0,21.314650604502205,78.6853493954978,2005-09-20,2018-09-26,2013-12-05,2013-09-26
CZ0214017,Karlštejn - Koda,7220,0.2768617079858633,1.0687600427427277,1.9480408643005835,1.9968614641366154,1.9496101322322756,1.0671907748110352,99.84307320683077,NA,NA,8.757208212538495e-9,0.010416071931681984,0.2764272377860075,4.3447019985578666e-4,0.15692679316923486,NA,NA,4.3447019985578666e-4,0.15692679316923486,0,2.5031169260828925,97.4968830739171,2011-07-13,2017-06-19,2014-03-18,2013-04-20
CZ0214017,Karlštejn - Koda,8160,1.9386644699115034,1.5402910845303013,1.3251008251747742,1.9977746273361738,1.3262135115066873,1.5130482703593002,99.8887313668087,NA,NA,7.621424636349e-8,0.07293629991990594,1.9365073444536673,0.002157125457836082,0.11126863319130985,NA,NA,0.002157125457836082,0.11126863319130985,0,84.26928463535883,15.730715364641174,2011-06-05,2017-06-16,2014-12-18,2017-04-06
CZ0214017,Karlštejn - Koda,8210,7.732219510789649,2.043772578975672,2.0765854217204733,1.9626647695892179,2.1139206521312555,1.7930970742404317,82.61799346931802,NA,NA,4.3140988926148066e-8,0.2909010249263226,6.388204610457526,0,0,NA,NA,0,0,0,23.800737076077503,76.1992629239225,2011-06-05,2017-06-19,2014-09-19,2014-04-12
CZ0214017,Karlštejn - Koda,8310,0.0041152198126983425,1,3,2,1,1.10558875213561,100,NA,NA,2.2853335534824063e-9,1.5482251372204016e-4,0.0041152198126983425,0,0,NA,NA,0,0,0,71.92960890287993,28.070391097120055,2011-08-24,2017-06-21,2014-07-10,2014-07-07
CZ0214017,Karlštejn - Koda,9150,182.6431125179986,1.7679695034539407,1.981467100974976,1.4542118741466123,2.3682505776464344,1.5417992383570567,83.53689317511311,0.7625061313884919,0,1.581227065999748e-7,6.87138648263666,154.17558749555099,25.60511372876835,14.01920574817465,3.43599030265158,1.8812591700182397,29.04110403141993,15.900464918192888,0,39.88847989845464,58.23026093152711,2007-04-13,2017-06-19,2014-11-06,2017-04-19
CZ0214017,Karlštejn - Koda,9170,1214.7250758947046,2.021580490896108,1.8665236403551249,1.3866345023678623,2.271939912074065,1.7460070056804837,77.57490110210568,0.4133630349341455,0,7.3394492490543205e-9,45.70030236316808,962.6118423348353,233.54649118309823,19.226283857775783,8.24389513992249,0.6786634526211996,241.79038632302073,19.904947310396985,0,18.60830355947711,80.71303298790168,2006-07-11,2017-06-21,2014-08-31,2014-05-11
CZ0214017,Karlštejn - Koda,9180,102.14980480491616,1.6607106172247774,1.9602809978047346,1.4795439576013085,2.312043727881374,1.5513082514955536,94.4331246313509,0.6547970453333578,0,5.789457496303646e-9,3.8430728553824025,96.46325248210816,2.404108177231159,2.3535122576322896,1.16987656998322,1.1452558056448852,3.573984747214379,3.4987680632771747,0,38.03678944446917,60.81795474988593,2006-06-30,2017-06-19,2015-02-18,2017-04-06
CZ0214017,Karlštejn - Koda,40A0,0.4111051920292728,1.0689251315896264,1.3099587740891958,2,1.3099587740891958,1.0689251315896264,100.00000000000001,NA,NA,8.247640297149784e-9,0.015466570956368898,0.4111051920292728,0,0,NA,NA,0,0,0,30.995877408919586,69.00412259108042,2011-08-26,2017-06-19,2015-05-10,2017-04-27
CZ0214017,Karlštejn - Koda,6210p,6.368213004094721,1.5521875045959237,2.0285365104044235,1.350267211522635,2.649732788477365,1.5236509941915004,97.14634895955767,NA,NA,6.828738282529913e-9,0.23958446695095215,6.1864864274457885,0.18172657664893269,2.8536510404423288,NA,NA,0.18172657664893269,2.8536510404423288,0,0,100,2009-07-30,2017-06-21,2016-05-23,2017-04-30
CZ0214017,Karlštejn - Koda,91H0,293.6140687765273,1.6083044633731745,1.3713291448354548,1.3649716456707415,1.922819740587784,1.5046653796846399,90.3444312043748,0.39745910647160837,0,3.0904089694685836e-7,11.04632808480069,265.4158884385137,24.21344505942953,8.246691025510305,0.145321354762554,0.049494002575591695,24.358766414192086,8.296185028085898,0,16.298231717103125,83.65227428032127,2006-06-30,2017-06-21,2015-02-17,2017-04-27
CZ0214017,Karlštejn - Koda,91I0,41.39811467311224,2.4352210949863187,1.6159115940306772,0.9603053255394332,2.394572477225773,2.174187303720847,70.74560886283163,0.44831256509444717,0,6.043228449664814e-9,1.5574769924238638,29.287348283226496,10.62768993329429,25.6719177122259,0.178616891070942,0.4314614143212476,10.806306824365231,26.103379126547143,0,0.8640858044699575,98.70445278120879,2011-07-09,2017-06-21,2016-03-29,2017-05-02
CZ0323151,Kateřinský a Nivní potok,6430,4.4800983155210865,2.291691034599928,2.003667148257225,1.3602325937412263,2.515385611641947,1.423766928503837,87.19510571259488,NA,NA,4.823770386477144e-10,0.45706222608861574,4.3332532948510165,0.5712358224649914,12.7505197929691,NA,NA,0.5712358224649914,12.7505197929691,0,5.683388989271955,94.31661101072805,2012-05-05,2015-08-16,2013-06-08,2013-05-13
CZ0714075,Keprník,4060,26.457661424813413,1.3246112258694551,1.909280581457828,1.9857439698613022,1.915196134028978,1.3454693414692407,97.88515581990369,NA,NA,4.14653086315694e-8,1.040412986183808,25.89812311198116,0.0038406761667593124,0.0145163100588978,NA,NA,0.0038406761667593124,0.0145163100588978,0,75.3535467454494,24.64645325455061,2010-07-28,2013-08-02,2012-09-03,2013-07-24
CZ0714075,Keprník,6150,15.285641978669027,1.7451014565440839,2.289862231340418,1.2904980802270327,2.61906463124341,1.9319431146155845,97.36496615053429,NA,NA,1.812957282023106e-8,0.6010879102810113,14.882860138422958,0.16217851028491834,1.0609859272592996,NA,NA,0.16217851028491834,1.0609859272592996,0,62.03541010143178,37.964589898568214,2012-07-23,2013-08-02,2013-03-27,2013-07-24
CZ0714075,Keprník,6430,6.466800524785789,2.1533674481370495,2.361828993657836,1.4986676146975226,2.6828611377845677,1.9970615806320664,86.01025779801445,NA,NA,6.962874175918232e-10,0.25429848606110694,5.562111802651609,0.5333369295644496,8.247307575365737,NA,NA,0.5333369295644496,8.247307575365737,0,35.15789595829407,64.84210404170594,2010-07-28,2013-08-06,2013-01-12,2013-07-25
CZ0714075,Keprník,7110,3.5226144421891776,1.4119910028721887,1.966002819565545,2,1.9660028195655452,1.4119910028721887,100,NA,NA,4.667012842597356e-9,0.1385222129849709,3.5226144421891776,0,0,NA,NA,0,0,0,0,100,2013-07-24,2013-08-01,2013-07-26,2013-07-24
CZ0714075,Keprník,8220,13.44227781737634,1.357318007991429,2.939844172778107,1.7924994109972086,3.0435944672795023,1.389669663873409,89.62497054986044,NA,NA,1.9705367657098567e-9,0.5286000217680807,12.047637535053964,1.3946402823223751,10.375029450139579,NA,NA,1.3946402823223751,10.375029450139579,0,2.2674208589581006,97.7325791410419,2010-07-17,2013-08-02,2013-05-13,2013-08-01
CZ0714075,Keprník,9110,372.80825619677046,2.726633603304885,2.18944004090552,1.3951311945706453,2.5337708540072708,2.2547366407268115,72.87280763053066,0.3810226815046934,0,2.718109445116769e-9,14.660197848774745,271.6758433690084,52.453995404528555,14.069966137456735,37.9475627722899,10.178841842027486,90.40155817681845,24.248807979484223,0,14.323739274407624,75.49741888356489,2010-07-17,2013-08-06,2013-03-28,2013-07-31
CZ0714075,Keprník,9410,1418.5162879531606,2.25296085752797,1.8834383287898073,1.670568282280409,2.085035427035254,2.014373809377852,79.26162031256747,0.8428595439553185,0.011748110935032008,1.842072951460151e-8,55.78130067518341,1124.3389942293602,44.9094417078955,3.1659447331900084,135.271345165168,9.53611504597927,180.18078687306348,12.702059779169279,0,26.293498966131903,64.17038598788882,2010-07-16,2013-08-06,2012-11-11,2013-07-24
CZ0714075,Keprník,91D0,43.226322568011156,1.2891050153194188,1.9871844687817888,1.8069653596647992,2.174020208646774,1.2829061148492034,99.38010995297846,0.8238089167786491,0,3.0237785316692583e-9,1.6998186885312065,42.95836689671862,0,0,0.267955671292533,0.6198900470215541,0.267955671292533,0.6198900470215541,0,0,99.38010995297846,2013-07-24,2013-08-01,2013-07-30,2013-08-01
CZ0214044,Kersko,6410,4.984093472931709,4,2.7584899785878485,0.8124957263544723,3.3522421154106126,3,0,NA,NA,6.405285685931197e-10,2.2903555610508395,0,2.9593161496775924,59.375213682276396,NA,NA,2.9593161496775924,59.375213682276396,0,0,100,2014-06-18,2014-06-22,2014-06-19,2014-06-19
CZ0214044,Kersko,6510,3.0218322971981486,4,3,0,4,3,0,NA,NA,1.730434704707852e-11,1.3886317429716561,0,3.0218322971981486,100,NA,NA,3.0218322971981486,100,0,0,100,2014-06-18,2014-06-19,2014-06-18,2014-06-18
CZ0214044,Kersko,9170,49.45474005512492,2.942137455986045,2.2932236855548873,1.3220398270369607,2.786954576244936,2.4927610892419185,50.72389107580813,0.40721967815369414,0,2.988088102918412e-10,22.72608640282037,25.085368477385618,8.250975346170598,16.683891851364734,0.86003591918238,1.739036375934314,9.111011265352978,18.42292822729905,0,0,98.26096362406568,2014-06-18,2014-06-25,2014-06-21,2014-06-22
CZ0214044,Kersko,9190,95.41005528323564,2.0671502090737133,1.410885212661419,1.4308689957693168,1.8322343142827555,1.9132469481069463,81.5932438731035,0.3483499661269755,0,1.0191388226713e-8,43.844071521714206,77.84815908671332,11.443370442423992,11.99388304351469,2.65650905539552,2.7843072174199768,14.099879497819511,14.778190260934668,0,0,97.21569278258002,2014-06-17,2014-06-25,2014-06-20,2014-06-21
CZ0410414,Kladské rašeliny,7110,27.41426514667468,1.4186552085663102,1.3432248341806896,1.4671287803181707,1.8760960538625189,1.2222711929175496,100,NA,NA,3.6320389190929464e-8,1.0256577810612182,27.41426514667468,0,0,NA,NA,0,0,0,64.17453637103091,35.82546362896908,2009-03-12,2023-06-20,2019-04-23,2022-07-27
CZ0410414,Kladské rašeliny,7140,27.184714677413965,1.5416742236303191,1.5527523082646233,1.7433325219737106,1.7078079601628313,1.540715526151696,99.9041302521377,NA,NA,5.053809279876591e-9,1.0170695433797106,27.158652759995643,0.02606191741832299,0.09586974786230207,NA,NA,0.02606191741832299,0.09586974786230207,0,43.3795681931159,56.620431806884106,2009-03-08,2023-07-04,2019-04-23,2022-07-27
CZ0410414,Kladské rašeliny,9410,768.2934723283619,2.2992286254704473,2.289219332742296,1.691940209301017,2.4530189871115535,2.04825355131402,84.30502671136479,1.2890304803155075,0.011765280673951231,9.976992412273277e-9,28.744384495300263,647.7100170680975,77.28291429675821,10.059035652424257,28.4762742977538,3.70643189398117,105.75918859451201,13.765467546405427,0,33.96697861282935,62.326589493189466,2009-03-07,2023-07-04,2019-02-09,2022-07-27
CZ0410414,Kladské rašeliny,91D0,327.30212596710726,1.5392424246292595,1.454475647446019,1.9087020068652256,1.5409509730504793,1.3441931961112676,99.51773324696859,1.5493662312353103,0.32373634879981095,2.2895520207898683e-8,12.245448508648519,325.7236566316029,0.5326577626864426,0.16274191959876633,1.04581157281788,0.31952483343263727,1.5784693355043227,0.4822667530314036,0,43.13784261000346,56.5426325565639,2009-03-12,2023-06-28,2017-12-01,2022-07-26
CZ0422077,Kleneč,2330,1.5987279154623626,1.6415677253891152,1.937369816520837,1.2958020911317218,2.5187559461534117,1.5187559461534117,87.71882207642965,NA,NA,2.2030403883443345e-9,30.149625847731382,1.4023852956506424,0.19634261981172021,12.281177923570356,NA,NA,0.19634261981172021,12.281177923570356,0,0,100,2021-06-25,2021-06-25,2021-06-25,2021-06-25
CZ0510508,Klíč,4030,0.6882552299950645,1.6524699212773712,2.347530078722629,2,2.347530078722629,1.6524699212773712,100,NA,NA,4.926687592852755e-10,0.21319456696770384,0.6882552299950645,0,0,NA,NA,0,0,0,0,100,2023-08-13,2023-08-13,2023-08-13,2023-08-13
CZ0510508,Klíč,6510,23.41092103607051,2.473210006769232,2.201982387873352,1.5057600101299833,2.4942399898700165,2.2035529718730444,69.97861781838724,NA,NA,1.3406127887227062e-10,7.251788224894348,16.3826389595962,4.414054682177637,18.854681861412704,NA,NA,4.414054682177637,18.854681861412704,0,0,100,2022-09-07,2024-03-15,2023-06-03,2023-06-02
CZ0510508,Klíč,8150,0.07914377828766883,1,2,2,2,1,100,NA,NA,9.351047756747197e-10,0.024515648853621518,0.07914377828766883,0,0,NA,NA,0,0,0,0,100,2023-08-13,2023-08-13,2023-08-13,2023-08-13
CZ0510508,Klíč,8220,8.119537964339234,1.4762329970078216,2.853832264282481,1.6325878013356672,2.853832264282481,1.5833141801645407,100,NA,NA,1.1902631605058042e-9,2.515115475835248,8.119537964339234,0,0,NA,NA,0,0,0,0,99.99999999999999,2023-06-03,2023-10-04,2023-08-22,2023-08-14
CZ0510508,Klíč,9110,134.76268461759568,2.814991582700105,2.8156870265218674,1.2528715892851092,3.181670925207051,2.3245798639745763,46.966713612223074,0.5083904558111372,0,9.82541882642867e-10,41.744211941055035,63.29360414048956,39.63820828999139,29.41334123943084,4.15121214225221,3.080386943931655,43.7894204322436,32.4937281833625,0,0,96.91961305606836,2023-08-12,2024-03-15,2023-10-04,2023-09-30
CZ0620008,Klínky,6210p,0,NA,NA,NA,NA,NA,NA,NA,NA,NA,NA,NA,0,NA,NA,NA,0,NA,NA,NA,NA,NA,NA,NA,NA
CZ0420528,Klínovecké Krušnohoří,4030,8.075743020026634,2.978856887782923,2.058941947181978,1.0083193068814258,2.709869226518519,2.3305679402056794,59.264656563827614,NA,NA,5.780800668978246e-9,0.6869039385964913,4.786061365796064,2.751837002900502,34.07534137820332,NA,NA,2.751837002900502,34.07534137820332,0,0,100,2013-08-04,2013-09-07,2013-08-18,2013-08-07
CZ0420528,Klínovecké Krušnohoří,6230,8.40831322896499,1.9046258904308426,2.1482299795550768,1.1953409526982073,2.846237492721828,1.6966300180421356,89.33484658649586,NA,NA,8.099596378195257e-10,0.7151915878955228,7.51155372360791,0.896759505357081,10.665153413504154,NA,NA,0.896759505357081,10.665153413504154,0,0,100,2013-08-04,2013-09-05,2013-08-21,2013-08-21
CZ0420528,Klínovecké Krušnohoří,6430,0,NA,NA,NA,NA,NA,NA,NA,NA,NA,NA,NA,0,NA,NA,NA,0,NA,NA,NA,NA,NA,NA,NA,NA
CZ0420528,Klínovecké Krušnohoří,6520,129.79610866961275,3.185964268577144,2.5598163687511346,0.6597001756339279,3.340299824366072,2.5395531733612557,45.951067089155195,NA,NA,8.537517640501762e-9,11.040155443103878,59.64269697388654,70.15341169572622,54.04893291084482,NA,NA,70.15341169572622,54.04893291084482,0,0.043175928500793416,99.9568240714992,2011-10-04,2013-09-05,2013-07-12,2013-09-05
CZ0420528,Klínovecké Krušnohoří,7110,0.6106289406949654,1,1,2,1,1,100,NA,NA,8.09005116811469e-10,0.051938678997612744,0.6106289406949654,0,0,NA,NA,0,0,0,0,100,2013-08-04,2013-08-04,2013-08-04,2013-08-04
CZ0420528,Klínovecké Krušnohoří,7120,70.84071845306183,2.2705079394873695,3,1.9690083431855823,1.0309916568144177,2.1277031603414964,87.22968396585036,NA,NA,7.348919544765815e-8,6.025546924628716,61.79413482574366,0,0,NA,NA,0,0,0,0,100,2013-08-04,2013-09-07,2013-09-03,2013-09-07
CZ0420528,Klínovecké Krušnohoří,7140,17.92312646694631,1.2797547271956735,1.6715384958817507,1.477323197005924,2.1612947049803504,1.234757753860808,96.70794061045237,NA,NA,3.3320218342520317e-9,1.5244994957835882,17.333086499190713,0.5900399677556009,3.2920593895476213,NA,NA,0.5900399677556009,3.2920593895476213,0,0,100.00000000000001,2013-08-04,2013-08-07,2013-08-04,2013-08-04
CZ0420528,Klínovecké Krušnohoří,9410,540.7771734495924,2.8775493212656675,2.4988172627693035,0.9947385493054417,3.050453631644193,2.2486414381801927,53.65470511134765,0.5899291292395181,0,7.022485483166067e-9,45.99724996504134,290.40332369918406,242.89244645733643,44.9154399228682,2.4176430949441,0.44706825909867226,245.31008955228054,45.362508181966874,0,0.3427014651206816,99.21023027578065,2011-10-02,2013-09-07,2013-07-13,2013-08-05
CZ0420528,Klínovecké Krušnohoří,91D0,115.79600045207857,1.8748438379599537,1.7032447460676658,1.5264162375899597,2.091285140927595,1.6700984114671003,87.0395151875878,0.3250153397217234,0,8.100190796227358e-9,9.849338765114833,100.78827740010617,9.868542794230459,8.522352029174352,0.0370370332745835,0.031984725836805596,9.905579827505042,8.554336755011157,0,0,99.968015274163193,2013-08-04,2013-09-07,2013-08-16,2013-08-05
CZ0310010,Klokočínské louky,6410,22.873460925498197,2.1995438896522375,2,2,2,2.0997719448261187,90.02280551738812,NA,NA,2.9395727156702068e-9,76.96984553248251,20.59133124405701,0,0,NA,NA,0,0,0,100,0,2012-05-09,2012-05-09,2012-05-09,2012-05-09
CZ0724120,Kněžpolský les,3150,24.181978811454407,1.827692004771107,1.1375914048586275,1.9999999999999998,1.1375914048586275,1.7200005133987661,100,NA,NA,3.670422592966433e-9,4.639935592849552,24.181978811454407,0,0,NA,NA,0,0,0,0,100,2019-06-26,2020-04-15,2019-08-30,2019-07-20
CZ0724120,Kněžpolský les,6510,37.505086417609824,3.5098069828971514,2.836602327632384,0.32679534473523236,3.6732046552647675,2.6732046552647675,16.33976723676162,NA,NA,2.147706978983403e-10,7.1963170069248665,6.128243822583743,31.376842595026083,83.66023276323838,NA,NA,31.376842595026083,83.66023276323838,0,0,100,2019-07-17,2020-04-28,2020-01-14,2020-04-22
CZ0724120,Kněžpolský les,91E0,42.94297651594285,2.4669598472758993,2.237962223902468,1.4959261486813047,2.5206297994180202,1.9238045836457012,70.86650011186313,1.0193929650995996,0,4.821311182860046e-10,8.239716309107202,30.432184500708,9.507844502296741,22.140627580314312,0,0,9.507844502296741,22.140627580314312,0,0,100,2019-06-26,2020-04-28,2019-10-05,2019-09-03
CZ0724120,Kněžpolský les,91F0,294.33992436645536,2.493873958098397,2.0141652085030435,1.2490373942881678,2.3896465113589596,1.9818509531741983,56.99536612901563,0.5775717255061994,0.024224448359457737,1.2072519487495579e-08,56.47669705250318,167.76011755652888,97.99250456064925,33.29229113976664,9.61985600431562,3.268281061436582,107.61236056496487,36.56057220120322,0,0,96.7317189385634,2019-06-26,2020-04-23,2019-10-25,2019-09-23
CZ0620417,Kobylská skála,6250,1.9688124336121509,2.8968310489855673,2,1.5515844755072163,2.4484155244927837,2.4484155244927837,55.15844755072163,NA,NA,2.8782910285022714e-8,28.66007494703691,1.0859663735660445,0,0,NA,NA,0,0,0,0,100,2015-07-07,2015-07-07,2015-07-07,2015-07-07
CZ0314648,Kocelovické pastviny,6410,1.760899274127395,1,2,2,2,1,100,NA,NA,2.263011915043469e-10,81.7337996826976,1.760899274127395,0,0,NA,NA,0,0,0,0,100,2022-08-01,2022-08-01,2022-08-01,2022-08-01
CZ0320053,Kohoutov,8220,3.0446476278275716,2.119681397131208,2.1526899621345534,1.991559564306099,2.156910179981504,2.0042202178469504,99.57797821530495,NA,NA,4.4632242918756526e-10,0.2411350541010025,3.0317985515709385,0.012849076256633271,0.4220217846950451,NA,NA,0.012849076256633271,0.4220217846950451,0,92.03092421440856,7.969075785591452,2007-07-18,2013-05-15,2011-05-07,2012-09-02
CZ0320053,Kohoutov,8230,0.15881610054019096,2.9054196153305174,3,1.8108392306610348,3,2.9054196153305174,9.458038466948262,NA,NA,1.8693628611802016e-9,0.012578181017024423,0.015020887880798488,0,0,NA,NA,0,0,0,100,0,2007-10-10,2012-09-04,2010-03-23,2010-03-23
CZ0320053,Kohoutov,9130,315.17691691480536,2.7224718996172337,2.443774211757642,1.111494821194351,2.899025154870525,2.216823978561547,57.767059745622674,0.1245919867760429,0,2.4084569231338417e-9,24.961904365224264,182.4997420574504,112.32105068577975,35.63746094900121,17.6267650016209,5.592657347551104,129.94781568740066,41.23011829655232,0,90.51309657426981,3.8942460781790884,2007-07-17,2024-07-08,2012-08-30,2012-09-02
CZ0320053,Kohoutov,9170,243.89969809826562,2.169400875776864,2.3449104469158173,1.1064731729737252,3.014681585829747,1.9992403032579174,77.08794637937275,0.14392480344810904,0,1.4736581071510377e-9,19.31677293575932,190.99168814637127,34.843468100568586,14.285982464205585,9.87370560593226,4.0482647920106105,44.717173706500844,18.334247256216194,0,92.84121612512814,3.1105190828612486,2007-06-12,2024-07-02,2011-08-06,2012-09-03
CZ0320053,Kohoutov,9180,94.61326587373111,1.9772473003774813,2.227169373746124,1.5773372536582035,2.5268101595605112,1.8830312293598748,96.95855397781469,0.7073936163916795,0.048293552300552677,5.362315497406417e-9,7.493338400349936,91.7356544623549,0.7412359937533736,0.7834376996800974,1.41293991575157,1.4933845721352121,2.1541759095049438,2.27682227181531,0,98.50661542786479,0,2007-06-13,2012-09-04,2011-03-14,2012-09-02
CZ0810035,Kojetínské vrchy,6510,100.46656487635495,1.6791528422759643,3,0,3,2,0,NA,NA,5.753159455143243e-10,39.75014050703755,0,0,0,NA,NA,0,0,100,0,0,2004-05-03,2004-06-14,2004-05-10,2004-05-04
CZ0810035,Kojetínské vrchy,9130,20.285881148187503,1.5633146515776812,3,0,3,2,0,0,0,1.5501665341319732e-10,8.026218741945836,0,0,0,0,0,0,0,100,0,0,2004-05-03,2004-06-14,2004-05-09,2004-05-04
CZ0810035,Kojetínské vrchy,9170,90.74617930827222,1.8296718150726883,3,0,3,2,0,0,0,5.48294417226948e-10,35.90421731269525,0,0,0,0,0,0,0,100,0,0,2004-05-03,2004-06-14,2004-05-13,2004-05-04
CZ0214013,Kokořínsko,3140,0.015318869389267638,2,1,2,1,3,0,NA,NA,6.120759639113355e-10,1.5825634287158698e-4,0,0,0,NA,NA,0,0,0,100,0,2008-05-30,2008-05-30,2008-05-30,2008-05-30
CZ0214013,Kokořínsko,3150,24.34300894888644,1.5181338138025855,1.2734652076964994,1.9884097804073348,1.2835906791399325,1.421612102254476,98.88552780128738,NA,NA,3.6948642922660395e-9,0.25148302220267565,24.07171288182097,0.035656377304624766,0.14647481492322192,NA,NA,0.035656377304624766,0.14647481492322192,0,5.515213915290267,94.48478608470973,2008-09-05,2020-10-08,2014-10-08,2015-08-04
CZ0214013,Kokořínsko,6210,6.225839887322608,2.1799715469498278,2.1932521882872678,1.1741942987583591,2.949633157422438,2.02369717566043,80.80327734466276,NA,NA,4.573063089568722e-10,0.06431797457337242,5.030682671187925,0.3309080320333696,5.3150745605774805,NA,NA,0.3309080320333696,5.3150745605774805,0,15.832245561835725,84.16775443816427,2008-08-13,2019-10-29,2015-03-15,2015-08-07
CZ0214013,Kokořínsko,6410,2.1737329761770554,1.8707068184302522,2,1.2401308579316375,2.7598691420683625,1.8707068184302524,100,NA,NA,2.7935633215870647e-10,0.02245642432529399,2.1737329761770554,0,0,NA,NA,0,0,0,100,0,2012-06-13,2012-09-09,2012-07-27,2012-07-27
CZ0214013,Kokořínsko,6430,11.000171367488312,3.6538001643169897,2.682891398744875,0.4502531067812108,3.466916836815529,2.7536485260003345,19.233531626936305,NA,NA,1.184400366948022e-9,0.1136406902717688,2.1157214389830563,7.511922411577418,68.2891398744875,NA,NA,7.511922411577418,68.2891398744875,0,90.2501861012408,9.74981389875922,2008-05-29,2016-08-14,2011-01-01,2008-09-08
CZ0214013,Kokořínsko,6510,113.90921639482316,3.4474145228072666,2.6468722162683003,0.6325147589858874,3.3674852410141125,2.626059986953876,31.724843935656793,NA,NA,6.522945082638831e-10,1.1767745744109877,36.13752112958723,72.17724057868809,63.363828549669776,NA,NA,72.17724057868809,63.363828549669776,0,24.899113888077412,75.10088611192259,2008-05-10,2020-09-22,2014-09-26,2015-08-07
CZ0214013,Kokořínsko,7210,0.5799342627773434,0.9999999999999996,1,2,0.9999999999999996,1,100,NA,NA,1.803310420317938e-7,0.005991191203534374,0.5799342627773434,0,0,NA,NA,0,0,0,100,0,2012-06-13,2012-06-13,2012-06-13,2012-06-13
CZ0214013,Kokořínsko,7230,3.5075479136979766,1.0780565079146545,1.0780565079146547,1.1581833826682202,1.9198731252464345,1.0780565079146547,100,NA,NA,7.011872595123194e-8,0.0362358142212246,3.5075479136979766,0,0,NA,NA,0,0,0,98.16597675162141,1.8340232483785894,2012-06-13,2016-06-07,2013-03-31,2012-06-13
CZ0214013,Kokořínsko,8220,436.50916301206973,1.650461491727257,2.1478070022667524,1.9989150386754506,2.148349482929027,1.2108657094392792,99.26337415587051,NA,NA,6.398895826811633e-8,4.509493619458958,433.29372370532957,0.23679777983977693,0.05424806622747329,NA,NA,0.23679777983977693,0.05424806622747329,0,3.201435532343316,96.79856446765669,2008-05-10,2020-10-08,2015-05-31,2015-08-13
CZ0214013,Kokořínsko,8230,0.04234838085096926,2.1177381793307397,2.8822618206692603,1.7184926776720242,3,2,100,NA,NA,4.984664031206515e-10,4.374931145181558e-4,0.04234838085096926,0,0,NA,NA,0,0,0,14.07536611639879,85.92463388360122,2012-04-27,2018-09-07,2014-06-21,2012-05-30
CZ0214013,Kokořínsko,8310,0,NA,NA,NA,NA,NA,NA,NA,NA,NA,NA,NA,0,NA,NA,NA,0,NA,NA,NA,NA,NA,NA,NA,NA
CZ0214013,Kokořínsko,9110,1692.1988228383786,2.82863004711022,2.671440307232747,1.2016519782008508,3.080504297977921,2.2632878552125186,61.14142236144305,0.7409920420943403,0.003863581815972533,1.2337660250058379e-8,17.481786044969294,1034.6344294669805,486.9085818942921,28.77372181819539,26.5623131907884,1.5696922153765946,513.4708950850805,30.343414033571985,0,20.148107532353098,78.2822002522703,2008-05-24,2020-10-08,2015-07-28,2016-08-13
CZ0214013,Kokořínsko,91E0,204.43216670102908,2.610135371148588,1.8537751951868477,1.6284019393615372,2.153429959719419,2.154150372429208,74.74506691864958,1.0747463591145805,0,2.2952090689057358e-9,2.111950056189244,152.80295980392947,12.985451109276429,6.351960808724854,0.239893256204574,0.11734613983493353,13.225344365481003,6.4693069485597885,0,24.256209989035753,75.62644387112931,2008-05-28,2018-11-02,2015-04-06,2015-08-09
CZ0420021,Kokrháč - Hasištejn,8220,4.406310182944821,2,2.3103582669234064,2,2.3103582669234064,2,100,NA,NA,6.459319123274302e-10,2.6224292434769385,4.406310182944821,0,0,NA,NA,0,0,0,0,100,2013-08-22,2014-08-21,2013-12-10,2013-08-24
CZ0420021,Kokrháč - Hasištejn,9110,21.953034705239933,2.018594010569873,2.408997642760353,1.7906323335343732,2.6183653092259798,2.018594010569873,98.14059894301269,1,0,1.6005748260519826e-10,13.065417050510506,21.54483974588991,0,0,0,0,0,0,0,0,100,2013-08-23,2014-08-21,2014-03-15,2014-04-07
CZ0420021,Kokrháč - Hasištejn,9130,30.636977286243265,2.0031848532089525,2.676256696460138,1.75965241962625,2.6778491230646138,2.0015924266044762,99.84075733955238,0.9984075733955239,0,2.3411562233439907e-10,18.233692552594675,30.58819014853192,0,0,0.0487871377113461,0.15924266044761762,0.0487871377113461,0.15924266044761762,0,0,99.84075733955238,2013-08-22,2014-08-21,2014-01-28,2014-04-07
CZ0420021,Kokrháč - Hasištejn,9180,11.804585640227126,2.0001618785934543,2.1348356501851034,1.7945414598409124,2.2054585401590874,2.000080939296727,99.99190607032729,0.9999190607032729,0,6.690384475632615e-10,7.025535948395401,11.803630185367252,0,0,9.5545485987328e-4,0.008093929672697064,9.5545485987328e-4,0.008093929672697064,0,0,99.99190607032729,2013-08-23,2014-08-21,2014-02-05,2014-01-04
CZ0423216,Kopistská výsypka,3140,0.3650123202113621,1,1,2,1,1,100,NA,NA,1.4584318336796232e-8,0.11139287210525566,0.3650123202113621,0,0,NA,NA,0,0,0,100,0,2009-02-24,2009-02-24,2009-02-24,2009-02-24
CZ0714076,Kosířské lomy,6210,23.03767995360026,1.7469161753147446,2.094355955313193,1.6519897386851927,2.3480102613148075,1.5284502777376756,91.66863277107326,NA,NA,1.692185564868631e-9,55.29332211703407,21.118326235640986,1.9193537179592763,8.331367228926737,NA,NA,1.9193537179592763,8.331367228926737,0,0,100,2021-05-16,2021-06-14,2021-06-12,2021-06-14
CZ0714076,Kosířské lomy,6510,0,NA,NA,NA,NA,NA,NA,NA,NA,NA,NA,NA,0,NA,NA,NA,0,NA,NA,NA,NA,NA,NA,NA,NA
CZ0714076,Kosířské lomy,8210,0.6758077567288303,1.9219793017311644,2.166942322425776,2,2.1669423224257764,1.9219793017311642,100,NA,NA,3.770588109734872e-9,1.6220234006748455,0.6758077567288303,0,0,NA,NA,0,0,0,0,100,2021-06-13,2021-06-14,2021-06-13,2021-06-14
CZ0420459,Košťálov,6210,8.659389559522777,3.2497741546002685,2.464414613639465,1.4598842707028141,2.7350366702144364,2.6296759495762143,32.89912822541189,NA,NA,6.360577125262391e-10,1.7836620400755079,2.848863674725328,2.3336506959281955,26.949367272221487,NA,NA,2.3336506959281955,26.949367272221487,0,0,100,2014-09-09,2015-06-30,2014-11-07,2014-09-16
CZ0420459,Košťálov,6510,6.551570532947965,4,2.3386032671366914,1.317318014129497,2.682681985870503,3,0,NA,NA,3.751718793616124e-11,1.3494932387752006,0,2.2183831873326563,33.86032671366915,NA,NA,2.2183831873326563,33.86032671366915,0,0,100,2014-09-09,2015-05-02,2014-10-15,2014-09-11
CZ0420459,Košťálov,8220,1.4797135891156201,2.0524645556174317,2.442554324002209,2,2.442554324002209,1.9935516217818703,94.10870661644388,NA,NA,2.169148763094028e-10,0.30479157230973136,1.392539320344471,0,0,NA,NA,0,0,0,0,100,2014-09-11,2015-05-02,2014-10-29,2014-09-11
CZ0420459,Košťálov,9170,305.6796182954984,2.006680704536085,2.1052999126483365,1.567756701593147,2.353067268620971,1.7849578839666147,76.95176434999466,0.059231969459562106,0,1.846936471034522e-9,62.96392232162138,235.22585953671512,55.12356440040076,18.033117388648787,1.26697126759339,0.41447685477303153,56.39053566799415,18.44759424342182,0,0,99.58552314522699,2014-09-09,2015-05-02,2014-09-30,2014-09-11
CZ0420459,Košťálov,9180,10.374500376108227,2.219871322200368,2.139015540789857,1.950635400607469,2.139015540789857,1.9558198004707459,73.59484782703782,0.2887012162216452,0,5.879867229073171e-10,2.1369407599019166,7.635097764612315,0,0,0,0,0,0,0,0,100,2014-09-11,2015-05-02,2014-11-29,2014-09-16
CZ0420459,Košťálov,40A0,0.09670132911369483,2.185825906472769,1.0929129532363846,2,1.0929129532363846,2.0929129532363846,90.70870467636155,NA,NA,1.940033340005258e-9,0.019918550699138615,0.0877165230438579,0,0,NA,NA,0,0,0,0,100,2014-09-11,2015-05-02,2015-01-05,2015-01-05
CZ0420459,Košťálov,6210p,0,NA,NA,NA,NA,NA,NA,NA,NA,NA,NA,NA,0,NA,NA,NA,0,NA,NA,NA,NA,NA,NA,NA,NA
CZ0420459,Košťálov,91H0,4.325170840968475,2.300248081933942,2.0356657740231943,1.6907878612230343,2.163352092551624,1.9818262723030882,68.15781903691459,0.2914163473834478,0,4.552420399032844e-9,0.8908991786139355,2.94794211482469,0,0,0.00449316198639572,0.1038840349110841,0.00449316198639572,0.1038840349110841,0,0,99.89611596508892,2014-09-09,2014-09-16,2014-09-10,2014-09-11
CZ0420459,Košťálov,91I0,32.36198645511749,1.0122028215859893,1.0081352143906597,0.9959323928046702,2.0081352143906597,1.0081352143906597,99.59323928046702,0,0,4.72414936712698e-9,6.665925627280816,32.230350606157494,0,0,0.131635848960001,0.4067607195329787,0.131635848960001,0.4067607195329787,0,0,99.59323928046702,2015-05-02,2015-05-02,2015-05-02,2015-05-02
CZ0214037,Kotýz,6110,0.04176982929036953,2,3,2,3,2,99.99999999999999,NA,NA,7.374230336962002e-10,0.14372226228804927,0.04176982929036953,0,0,NA,NA,0,0,0,0,100,2022-10-15,2022-10-15,2022-10-15,2022-10-15
CZ0214037,Kotýz,6190,3.7266170900496327,1.9654600056511433,1.9921974016093853,1.0560425558637327,2.8933829547647942,1.9148855162796699,100,NA,NA,1.1596049186317641e-8,12.822600617779587,3.7266170900496327,0,0,NA,NA,0,0,0,0,100,2022-10-14,2022-10-19,2022-10-15,2022-10-15
CZ0214037,Kotýz,6210,4.017490890988754,2.1435597956721812,2,1.0717798978360904,2.92822010216391,2.0717798978360906,92.82201021639096,NA,NA,2.9509655948058954e-10,13.823443604727892,3.7291158052761575,0,0,NA,NA,0,0,0,0,100,2022-10-14,2022-10-19,2022-10-17,2022-10-18
CZ0214037,Kotýz,8310,0.0026549587636138313,1,3,2,1,1,100,NA,NA,1.4743966596575127e-9,0.00913522239067514,0.0026549587636138313,0,0,NA,NA,0,0,0,0,100,2022-10-19,2022-10-19,2022-10-19,2022-10-19
CZ0720016,Kovářův žleb - Obora,6210,6.594387873498809,1.6305392926880242,1.3694607073119756,2,1.3694607073119753,1.6305392926880242,100,NA,NA,4.843772459359801e-10,3.0787593179854,6.594387873498809,0,0,NA,NA,0,0,0,0,100,2013-07-23,2013-07-25,2013-07-24,2013-07-24
CZ0720016,Kovářův žleb - Obora,9170,131.6437291522938,2.3749481152005805,2.3110272660336983,1.6124783287635485,2.4692335052054353,1.811148701823135,81.87971519745041,0.835569127768641,0,7.954001183007314e-10,61.461255473122414,107.78951050520115,20.82685929972713,15.820623917173679,0,0,20.82685929972713,15.820623917173679,0,0,100,2013-07-25,2013-08-08,2013-08-06,2013-08-08
CZ0720016,Kovářův žleb - Obora,91E0,1.5549417973102013,2.3943579898677623,2.197178994933881,1.6056420101322375,2.3943579898677623,2.197178994933881,80.28210050661187,1.6056420101322375,0,1.7457705274074137e-11,0.7259645078859664,1.2483399365358927,0.30660186077430845,19.71789949338813,0,0,0.30660186077430845,19.71789949338813,0,0,100,2013-08-08,2013-08-08,2013-08-08,2013-08-08
CZ0720016,Kovářův žleb - Obora,91I0,21.18195406593002,2.110904237080399,2.1823579136773783,1.252508715682508,2.7180294769468754,1.865588030470838,75.4683793390439,0.3567871571532832,0,3.0921066923335372e-9,9.889339193361685,15.985677445898107,4.486755601496738,21.181972104799488,0,0,4.486755601496738,21.181972104799488,0,0,100,2013-07-22,2013-08-05,2013-07-24,2013-07-23
CZ0614133,Kozének,6210,10.326902827852669,1.9878097798988756,2,1.173660168786077,2.826339831213923,1.9878097798988754,99.9882919878927,NA,NA,7.58541482054159e-10,37.0421547611934,10.325693752819273,0,0,NA,NA,0,0,0,0,100,2014-05-18,2025-06-14,2024-01-20,2025-06-06
CZ0614133,Kozének,6510,4.957793864679479,1.1888713610335575,1.682853628156435,1.5784959183590388,2.1043577097973962,1.1888713610335573,100,NA,NA,2.839051846187373e-11,17.783392627094106,4.957793864679479,0,0,NA,NA,0,0,0,0,100,2025-06-06,2025-06-06,2025-06-06,2025-06-06
CZ0210022,Kozí hůra,6210,0.3410584955696191,2,2,1.947313454623249,2.0526865453767513,2,100,NA,NA,2.5051752786787393e-11,0.14791184212992714,0.3410584955696191,0,0,NA,NA,0,0,0,0,100,2025-06-06,2025-07-14,2025-06-25,2025-06-25
CZ0210022,Kozí hůra,9170,135.14086285145734,2.794383019962635,2.638410189935438,1.536666604337564,2.898179682555975,2.4989119029005677,42.56621254105834,0.46979209438405306,0,8.165300314074181e-10,58.6085209166315,57.5243469111715,23.777293288837466,17.594451291148506,3.73250821365513,2.7619390130413684,27.509801502492596,20.356390304189873,0,0,97.23806098695863,2025-06-06,2025-07-14,2025-06-26,2025-07-04
CZ0210022,Kozí hůra,9190,25.540173385572782,2.327618941730811,2.146051850691601,1.651717370052483,2.348282629947517,2.10543543812683,85.39481493083991,0.7603152841904022,0,2.7281172993479052e-9,11.076381743455736,21.809983795625506,3.703059468007367,14.498959784271332,0.0271301219399087,0.10622528488876296,3.7301895899472757,14.605185069160093,0,0,99.89377471511125,2025-06-06,2025-07-14,2025-07-03,2025-07-04
CZ0520507,Kozínek,6510,7.928620729055024,1.875955451261405,2.1314577766214575,1.999041182246544,2.1319371854981854,1.6961082264913647,95.11311429746893,NA,NA,4.5402785861889394e-11,9.430374658408724,7.54115809623892,0.003801051157718757,0.04794088767280191,NA,NA,0.003801051157718757,0.04794088767280191,0,0,100,2018-08-12,2018-09-16,2018-09-07,2018-09-07
CZ0520507,Kozínek,8210,0.9482203122740522,1.048667706971461,2.0001857840654584,1.8580158795483257,2.1421699045171327,1.0523700929152051,100,NA,NA,5.290481204559843e-9,1.1278219893516577,0.9482203122740522,0,0,NA,NA,0,0,0,0,100,2013-08-28,2018-09-16,2018-01-15,2018-09-07
CZ0520507,Kozínek,9130,34.720985547638286,2.1173476459015474,1.9644180620390317,1.1225036814044564,2.6998952210458333,1.9665210558484592,88.60071442230314,0.9206366950471249,0,2.653239927556105e-10,41.29746060667587,30.763041249672142,3.309649798997608,9.532130919661437,0.0969220799506145,0.27914553236870066,3.406571878948222,9.811276452030137,0,0,99.72085446763133,2013-08-28,2018-09-18,2018-04-25,2018-09-06
CZ0520507,Kozínek,9180,20.24875979251502,1.503691375008283,2.0293275453967574,1.5747467392436973,2.4252532607563024,1.496569110309235,97.91679477590586,1.313291626114611,0,1.1476217149461068e-9,24.08406174755921,19.826936570703076,0.3461224484266061,1.7093513478023021,0.0757007733853421,0.37385387629184574,0.4218232218119482,2.0832052240941477,0,0,99.62614612370817,2013-08-28,2018-09-16,2017-11-22,2018-09-06
CZ0510164,Kozlov - Tábor,9130,149.58513172911523,2.726370480154322,1.7512304532212133,1.2550421708063293,2.322975113875807,2.303032642769434,65.51632952045999,1.078011961652025,0,1.1430702147780026e-9,33.235279861114684,98.00268781726129,18.753695126835016,12.53713849100739,7.15641950630022,4.784178362900285,25.910114633135237,17.321316853907675,0,0,95.21582163709971,2017-05-21,2022-08-02,2021-03-01,2022-07-24
CZ0510164,Kozlov - Tábor,9170,73.07030663912629,2.4812359494947387,1.9501986048467734,1.361110016829435,2.4830678773422914,2.1038642919566515,74.18670929804911,1.1970990333173237,0,4.414956254983838e-10,16.234983133795932,54.20845596956168,6.8280017260505,9.344427360585856,0.918964113073284,1.2576437069188575,7.746965839123784,10.602071067504713,0,0,98.74235629308114,2017-04-15,2022-08-02,2020-10-19,2022-07-26
CZ0510164,Kozlov - Tábor,9180,10.499006549202258,1.6609920366580098,1.888446067094826,1.0503723007504744,2.6898555923742187,1.5127738626878762,85.17818260298667,1.1379562555655336,0,5.950432532504924e-10,2.33270123101744,8.94286296997903,1.240720051336399,11.817499546475394,0.315423527886829,3.0043178505379227,1.5561435792232279,14.821817397013318,0,0,96.99568214946207,2017-08-23,2022-07-31,2020-07-07,2022-07-26
CZ0510164,Kozlov - Tábor,91E0,21.481946098227727,2.8150043048140607,1.4645289746251953,0.9704816065167395,2.2978573847137453,2.4322773129355197,56.772268706448024,1.428394007988014,0,2.411829718290036e-10,4.772924168886596,12.195788162260172,2.7670947832749806,12.881024701496981,1.44744786502238,6.737973637974054,4.2145426482973605,19.618998339471034,0,0,93.26202636202594,2017-04-15,2022-08-02,2021-07-28,2022-07-24
CZ0310073,Králek,3130,0.5636889129534625,4,2.9914566433963934,0.008543356603606422,3.9871849650945905,3,0,NA,NA,5.736328943185905e-10,14.83921530743268,0,0.5612810152550322,99.57283216981968,NA,NA,0.5612810152550322,99.57283216981968,0,0,100,2018-05-04,2018-05-04,2018-05-04,2018-05-04
CZ0530146,Králický Sněžník,4060,5.996960731722764,1,2.2412330596904697,1.877071163164676,2.294251966089586,1,100,NA,NA,9.398632161762963e-9,0.3346343940259708,5.996960731722764,0,0,NA,NA,0,0,0,100,0,2010-06-28,2010-06-28,2010-06-28,2010-06-28
CZ0530146,Králický Sněžník,6150,1.8444233952324176,1.2225237706895955,1.4365183651883946,1.5995364805093184,1.836981884679076,1.2225237706895955,100,NA,NA,2.1875828507475972e-9,0.10292005113957396,1.8444233952324176,0,0,NA,NA,0,0,0,100,0,2010-06-28,2010-06-28,2010-06-28,2010-06-28
CZ0530146,Králický Sněžník,6430,9.127354389708483,1.102682576792502,1.2095664542166793,1.8946694381291465,1.2826830203796922,1.1026825767925017,100,NA,NA,9.827521342427714e-10,0.5093124404006156,9.127354389708483,0,0,NA,NA,0,0,0,100,0,2010-06-28,2010-07-10,2010-06-29,2010-06-28
CZ0530146,Králický Sněžník,7110,0.4475855233415182,1.3817839616535545,2.284694529076731,1.9999999999999998,2.284694529076731,1.3817839616535545,100,NA,NA,5.929934768272159e-10,0.024975569639116003,0.4475855233415182,0,0,NA,NA,0,0,0,100,0,2010-07-01,2010-07-10,2010-07-03,2010-07-02
CZ0530146,Králický Sněžník,8110,2.4683788966091895,1,3,2,3,1,100,NA,NA,1.3405632897803074e-8,0.13773718275724342,2.4683788966091895,0,0,NA,NA,0,0,0,100,0,2010-06-28,2010-06-28,2010-06-28,2010-06-28
CZ0530146,Králický Sněžník,8220,18.513495994841563,1.0520850452539037,2.959513345612145,2,2.959513345612145,1.075163723591082,100,NA,NA,2.7139391861473916e-9,1.033065379395325,18.513495994841563,0,0,NA,NA,0,0,0,22.373245657546963,77.62675434245303,2010-06-28,2023-09-03,2017-10-19,2022-08-26
CZ0530146,Králický Sněžník,8310,0.003025930017248538,1,3,2,1,1,100,NA,NA,1.680410698249763e-9,1.6884890580166816e-4,0.003025930017248538,0,0,NA,NA,0,0,0,0,100,2022-08-25,2022-08-25,2022-08-25,2022-08-25
CZ0530146,Králický Sněžník,9110,57.0933462121421,2.8709188199572324,2.2865484947798835,1.0225033323558756,2.909604565023968,2.4011768713721553,53.23898124599972,0.7331937675185757,0,4.1626214283901765e-10,3.185846659217104,30.395915882596018,17.685783062226935,30.976960076068693,0,0,17.685783062226935,30.976960076068693,0,24.010723814960855,75.98927618503913,2010-06-28,2023-09-03,2019-08-26,2022-08-27
CZ0530146,Králický Sněžník,9410,1170.7942716354012,2.441236719609498,2.30287790698632,1.3279557903295118,2.652984646687716,2.108554086222421,61.84319777958307,1.1047901029765916,0.12467590070471705,1.5203832890886587e-8,65.33109839210842,724.0566169995101,354.04112957226545,30.239397146838616,11.8761264963618,1.014364930208692,365.91725606862724,31.25376207704731,0,78.84405176215422,20.141583307637077,2010-06-28,2023-09-03,2014-10-06,2010-07-05
CZ0530146,Králický Sněžník,91D0,2.3084366158356606,2.114869887353347,2.197168230319795,1.377926425049585,2.676936233723131,1.9725643158062682,69.6192295218791,1.253346043583289,0.44321802766774093,1.614803357306336e-10,0.12881229720268916,1.6071157859457272,0.1567126765948051,6.788693071309418,0.171790715401892,7.441864083398421,0.3285033919966971,14.230557154707837,0,92.55813591660157,0,2010-07-01,2010-07-10,2010-07-02,2010-07-02
CZ0710161,Království,9170,283.5523429831381,2.0530633870278674,1.9229234693375865,1.3862091819441729,2.3577379487641634,1.8157021912663418,75.21636793838756,1.2122639136659044,0,1.7132420101250815e-9,47.9051199050573,213.27777359611582,44.36805292363344,15.647217884661197,3.45905553298797,1.2199001766646198,47.82710845662141,16.86711806132582,0,0,98.78009982333539,2021-04-26,2021-05-20,2021-05-03,2021-05-01
CZ0710161,Království,91F0,271.6547190429549,2.0218878948433305,1.4313933251197652,1.4241963168295748,1.8593872608904576,1.8372535664970229,81.12856241226606,1.2708314397410534,0,1.1142072882485139e-8,45.89506033212812,220.38956828462972,34.35642600746838,12.64709338696812,4.13773846363531,1.5231609000619044,38.49416447110369,14.170254287030023,0,0,98.4768390999381,2021-04-26,2021-05-20,2021-05-06,2021-05-06
CZ0410401,Krásenské rašeliniště,7110,17.129071634621933,3.2395810749793914,2.012366489124477,2,2.012366489124477,2.487014583925623,49.1269494457514,NA,NA,2.2693825456205713e-8,11.288804473910858,8.41499036246726,0,0,NA,NA,0,0,0,100,0,2010-08-19,2010-08-19,2010-08-19,2010-08-19
CZ0410401,Krásenské rašeliniště,7120,31.969558706495736,3.7184744800245935,3,0.21399540830261987,3.6183951641921968,2.859237240012297,14.076275998770324,NA,NA,3.316478431417576e-8,21.06933201361502,4.500123319115247,26.611159274106637,83.23905724948168,NA,NA,26.611159274106637,83.23905724948168,0,100,0,2010-08-19,2010-08-22,2010-08-19,2010-08-19
CZ0410401,Krásenské rašeliniště,7140,7.444003303258626,1.9271072754395617,1.0801578050216987,1.3604404337121625,1.7151791151442874,1.9271072754395615,100,NA,NA,1.3838869901657257e-9,4.905922491665027,7.444003303258626,0,0,NA,NA,0,0,0,100,0,2010-08-19,2010-08-22,2010-08-20,2010-08-22
CZ0410401,Krásenské rašeliniště,9410,23.241204122414633,2.6191457610801487,2.190709971720797,1.6185800565584056,2.3814199434415944,2.204129617762003,64.54443624537303,1.0681299953674557,0,3.018082614690273e-10,15.316966072223485,15.000904177448922,2.343651211930108,10.084035231504243,2.08867816901286,8.986961940575469,4.432329380942968,19.07099717207971,0,91.01303805942453,0,2010-07-10,2010-08-22,2010-08-11,2010-08-19
CZ0410401,Krásenské rašeliniště,91D0,11.023843857917702,2.357371992539948,2.075492665375585,1.458196172218352,2.346394579266409,1.997618857156046,72.9098086109176,0.18443183524169984,0,7.711426837570847e-10,7.265193381024869,8.037463458374193,0,0,2.98638039954351,27.090191389082396,2.98638039954351,27.090191389082396,0,72.9098086109176,0,2010-08-19,2010-08-19,2010-08-19,2010-08-19
CZ0534053,Krkanka-Strádovské peklo,6510,38.307703629830314,2.4634301689451523,2.0969720817949593,1.8019138511646038,2.1980861488353964,1.998288298436372,90.30279182050405,NA,NA,2.1936683872293198e-10,13.804830063797072,34.59292586006134,3.714777769768973,9.697208179495952,NA,NA,3.714777769768973,9.697208179495952,0,0,100,2019-05-07,2021-06-08,2020-01-06,2019-05-14
CZ0534053,Krkanka-Strádovské peklo,8220,7.602830349719997,1.503864341751989,2.0227037034655786,1.976290321456881,2.034558542737138,1.5328805908157241,99.69933086673639,NA,NA,1.1145177127801767e-9,2.7398087339287565,7.579970985603992,0.0228593641160056,0.30066913326360734,NA,NA,0.0228593641160056,0.30066913326360734,0,0,100,2021-05-04,2021-08-23,2021-07-15,2021-08-11
CZ0534053,Krkanka-Strádovské peklo,9110,43.48147200431662,2.3309987475129095,2.274377807097829,1.2214056681448613,2.8241776300202464,2.0464967617862264,78.06859016458768,0.7279942803678751,0,3.170192660114624e-10,15.669285158505849,33.945372176579866,8.34783795714292,19.19860936702922,0.525488076051953,1.2085333173628188,8.873326033194873,20.407142684392042,0,0,98.79146668263718,2019-05-07,2021-08-19,2021-02-03,2021-07-19
CZ0534053,Krkanka-Strádovské peklo,9130,38.114513095824,2.246738662289874,2.0944648945923396,1.2096237862790231,2.6825145799476218,2.034657335784207,84.29033102165019,0.8203785306599269,0,2.9125598357929945e-10,13.735210581573277,32.12684925576026,5.487372537692194,14.397068444496055,0.500291302371546,1.312600533853757,5.98766384006374,15.70966897834981,0,0,98.68739946614625,2019-05-07,2021-08-19,2021-01-17,2021-05-12
CZ0534053,Krkanka-Strádovské peklo,9180,24.024443912135858,2.1710851244823726,2.140754995839281,1.3816694864896089,2.6471181977362592,2.0646902861096317,91.05596349170419,0.9937783025179353,0,1.3616129484267748e-9,8.657615418273213,21.87568887771938,2.054832124678631,8.553089229427036,0.093922909737851,0.39094727886877834,2.148755034416482,8.944036508295813,0,0,99.60905272113123,2019-05-07,2021-08-23,2021-06-12,2021-08-12
CZ0524044,Krkonoše,4030,48.8170346880561,2.017083415567572,2.151928153805862,1.6001269772587638,2.4264933795560317,1.9130521399765472,87.8476008387202,NA,NA,3.4944344573921105e-8,0.08879118966430032,42.8845937740631,3.996611684883586,8.186920222463705,NA,NA,3.996611684883586,8.186920222463705,0,25.8014384855428,74.1985615144572,2010-09-20,2025-07-14,2020-08-18,2023-06-12
CZ0524044,Krkonoše,4060,370.6168517276637,1.1146082112344455,1.7996683346536921,1.9037908297803803,1.8696742504628716,1.1323742494400493,97.64078212693462,NA,NA,5.808427999057951e-7,0.6740989366686836,361.87319272111245,3.337159973655999,0.9004339543923944,NA,NA,3.337159973655999,0.9004339543923944,0,33.92930279803686,66.07069720196313,2009-08-25,2023-10-06,2021-01-21,2022-07-13
CZ0524044,Krkonoše,4070,1380.327008284321,1.1346617543363395,1.8652443096489886,1.915680248377065,1.9480447184874858,1.138691400860197,98.70416769413922,NA,NA,1.0543256093724487e-6,2.5106170002848605,1362.440284984451,2.097189880201239,0.15193427844376847,NA,NA,2.097189880201239,0.15193427844376847,0,47.80098651542127,52.19901348457872,2009-08-25,2023-10-13,2019-10-19,2021-07-13
CZ0524044,Krkonoše,4080,32.57349104084126,1.0540463572822247,1.9006160464151582,1.8737235175371894,2.026892528877969,1.1745728381103193,99.78670493945306,NA,NA,8.703601663002613e-7,0.059246511786660364,32.50401339340345,0,0,NA,NA,0,0,0,0,100,2016-08-16,2023-09-09,2020-05-03,2022-07-12
CZ0524044,Krkonoše,6150,633.0072310570059,1.07212440974061,1.7377317568696535,1.8199693678239381,1.8896829463156406,1.1254532980875809,99.44297766343193,NA,NA,7.507797649058954e-7,1.1513494310093315,629.4812393879274,0,0,NA,NA,0,0,0,58.31434490260167,41.68565509739833,2009-08-25,2023-10-06,2018-07-30,2019-08-21
CZ0524044,Krkonoše,6230,981.6964478904536,2.4820210597030528,2.134173791249896,1.398920444411395,2.520968186149874,2.1195071217995443,70.63914516888595,NA,NA,9.456528054199789e-8,1.7855651424632266,693.4619789431343,164.26520346534846,16.73278983725921,NA,NA,164.26520346534846,16.73278983725921,0,53.79258266633788,46.20741733366212,2001-07-03,2025-07-10,2016-04-02,2015-06-17
CZ0524044,Krkonoše,6430,488.7037103823081,1.607719737821058,2.244193317134717,1.7095809787441976,2.4249755389032615,1.5105945213823198,90.91835628018522,NA,NA,5.261925787960054e-8,0.8888820084112878,444.32138055987144,30.30471322913653,6.201040136451891,NA,NA,30.30471322913653,6.201040136451891,0,51.61464734439284,48.38535265560716,2001-07-03,2025-07-10,2018-11-08,2021-07-13
CZ0524044,Krkonoše,6510,2880.892577044129,2.860015467172017,2.345095340367927,1.1043983390797718,2.8994763111035944,2.25480760022037,59.46987143954653,NA,NA,1.6497263929817312e-8,5.239930709543597,1713.2631118795828,934.9330839835335,32.45289641944231,NA,NA,934.9330839835335,32.45289641944231,0,20.406529310004395,79.59347068999563,2002-05-17,2025-07-10,2017-12-17,2015-09-03
CZ0524044,Krkonoše,6520,1909.233025753325,2.692923487968186,2.0981497590845493,1.2973531152933124,2.5704886947751175,2.1885971073599517,64.41322875751356,NA,NA,1.2558242927519808e-7,3.4726212435120742,1242.3620191901466,414.30828458906905,21.700247114968885,NA,NA,414.30828458906905,21.700247114968885,0,48.2517236909852,51.7482763090148,2001-06-20,2025-07-14,2015-01-12,2012-09-24
CZ0524044,Krkonoše,7110,64.03711265924927,1.1108531333127432,1.3571026827782176,1.7604674599358436,1.5857050944115931,1.212290757232982,99.98714100975656,NA,NA,8.484097027599709e-8,0.11647433015985151,64.02887813318024,0,0,NA,NA,0,0,0,36.99879560482138,63.00120439517863,2009-08-25,2023-09-05,2016-07-11,2016-08-16
CZ0524044,Krkonoše,7140,127.7131709592898,1.4033608781750342,1.5914322579736888,1.726259268217297,1.8072319430535853,1.4076815833100322,95.35231397825224,NA,NA,2.374268099612527e-8,0.23229195418643453,121.77746376468407,1.90312599418846,1.490156402737119,NA,NA,1.90312599418846,1.490156402737119,0,25.827094636723082,74.17290536327691,2009-08-25,2025-07-09,2018-05-30,2016-08-30
CZ0524044,Krkonoše,8110,167.1658502758782,1.0878449824152043,1.645332971233511,1.9664338225249873,1.6625011571413255,1.1008505238745934,98.36020084328018,NA,NA,9.078687331697524e-7,0.3040507235248167,164.42466607273084,2.74118420314736,1.6397991567198154,NA,NA,2.74118420314736,1.6397991567198154,0,51.78629848056458,48.21370151943541,2009-08-25,2023-10-06,2018-08-17,2019-08-25
CZ0524044,Krkonoše,8220,133.147339203088,1.1897717617665426,2.4896337245802322,1.9609062296374498,2.50967569999911,1.5707240397658264,98.15479749447684,NA,NA,1.951839790254654e-8,0.24217592739959767,130.6905011640752,2.1234840582373393,1.59483777216037,NA,NA,2.1234840582373393,1.59483777216037,0,46.294940966494735,53.70505903350526,2009-08-27,2025-07-05,2019-12-10,2022-07-13
CZ0524044,Krkonoše,8310,0.01031012868148573,1,3,2,1,1,100,NA,NA,5.725595251027683e-9,1.8752646429077797e-5,0.01031012868148573,0,0,NA,NA,0,0,0,96.38530334548061,3.6146966545193857,2012-07-24,2022-07-09,2017-07-16,2017-07-16
CZ0524044,Krkonoše,9110,3766.789007110367,2.9645933612329145,2.3589953576158216,1.1619113698367673,2.8104674973640758,2.4374604096795376,46.10772450301395,0.6195546304778442,0,2.746329945167507e-8,6.851249349595761,1745.7966667477642,1198.565953131647,31.81930155549402,241.670100145548,6.415811973788821,1440.236053277195,38.23511352928285,0,27.814810399981287,65.7693776262299,2009-09-01,2025-07-09,2017-04-18,2016-08-31
CZ0524044,Krkonoše,9130,1421.55808388773,2.815250247435508,2.206191058259272,1.042938751415964,2.7752021427350915,2.3094492111947207,51.36629837035462,0.7305350711777061,0,1.086298274090215e-8,2.5856104175900927,730.2017668776674,486.6097480188905,34.23073271041392,43.1616109891854,3.0362186025593423,529.7713590080759,37.26695131297326,0,21.62669591727883,75.33708548016182,2002-05-27,2025-08-07,2019-08-17,2018-09-06
CZ0524044,Krkonoše,9140,212.77868885490588,2.9085911282994723,2.223343838548285,0.9040355023249649,2.855248123107613,2.431689257728274,49.541562333352275,0.7061429506409943,0,4.1783730371140333e-7,0.38701393969059633,105.41388677114288,44.14526596095733,20.74703354858064,35.1714491903094,16.529592028030997,79.31671515126673,37.276625576611636,0,20.71568658025451,62.754721391714504,2009-09-08,2023-06-14,2015-05-14,2015-06-24
CZ0524044,Krkonoše,9180,185.70872432131017,2.52809280883774,2.2354006486045233,1.0475093685124148,2.898906641238465,2.0796329633596606,69.78607401604552,1.037121904323091,0.029404788240889917,1.0525255219080483e-8,0.33777755385791786,129.59882780912346,34.95205965382205,18.82090342365853,7.26054876955523,3.9096433385612777,42.212608423377276,22.730546762219806,0,2.3634494580120666,93.72690720342665,2010-07-02,2025-07-09,2018-07-02,2018-07-02
CZ0524044,Krkonoše,9410,11929.775665531335,2.763075853841869,2.392047010064001,1.0906223109764699,2.8810210900488658,2.3301682410324247,49.84362116756606,0.6668615319702997,0.03631179689924679,1.5491903235155822e-07,21.698552166051837,5946.486526711776,4655.438271047922,39.02368662722523,337.97613624512,2.8330468712972823,4993.414407293042,41.856733498522516,0,58.091300098384025,39.07565303031868,2009-08-26,2025-07-14,2015-11-10,2015-08-09
CZ0524044,Krkonoše,91D0,181.61673071470446,1.3866029169732652,1.4449663981129575,1.8055759272803173,1.6057828228462032,1.3101818469262192,95.12672617693718,0.430600665318303,0.04387739292637661,1.2704498988157794e-8,0.3303348039500025,172.76605011848224,1.4153048380936235,0.7792810896463486,4.04318902126803,2.2262205719468313,5.458493859361654,3.00550166159318,0,51.80662202930298,45.96715739875019,2009-08-25,2023-10-13,2014-09-25,2016-08-16
CZ0524044,Krkonoše,91E0,761.4143293698222,2.558066220112863,1.6119463777865444,1.4833950204623598,1.9501563131338742,2.1773857787151942,72.92234264880751,0.8912697321266991,0,8.548581674625464e-9,1.3849035395985054,555.2411662401815,127.9639173786913,16.80608210835742,4.36357193626864,0.5730877090112175,132.32748931495993,17.379169817368634,0,13.894461570239498,85.5324507207493,2002-05-23,2025-07-10,2018-05-04,2017-07-27
CZ0210107,Krnčí a Voleška,9150,9.543970803112249,1.5708101842556852,1.9509522238298138,1.3801420395741286,2.439640827245589,1.439640827245589,86.88306429899039,1.0490477761701862,0,8.262663038829498e-9,12.88701634990623,8.292094289544885,1.251876513567363,13.116935701009599,0,0,1.251876513567363,13.116935701009599,0,0,100,2015-05-18,2016-05-19,2016-03-06,2016-05-18
CZ0210107,Krnčí a Voleška,9180,5.208453534660581,1.1904562445627138,2,1.392586584413784,2.6074134155862163,1,100,1.607413415586216,0,2.951950854725343e-10,7.03286160902858,5.208453534660581,0,0,0,0,0,0,0,0,100,2016-05-18,2016-05-18,2016-05-18,2016-05-18
CZ0210107,Krnčí a Voleška,91I0,13.52776825418151,1.5411055648495977,1.3141024576404923,1,2.3141024576404923,1.541105564849598,100,1,0,1.974761281272529e-9,18.266251465535753,13.52776825418151,0,0,0,0,0,0,0,0,100,2016-05-18,2016-05-19,2016-05-18,2016-05-18
CZ0624128,Krumlovsko-rokytenské slepence,6110,0.8663375258104876,2,2,1,3,1,100,NA,NA,1.5294705708441212e-8,0.9010958955794571,0.8663375258104876,0,0,NA,NA,0,0,0,0,100,2022-05-29,2022-06-13,2022-06-03,2022-06-04
CZ0624128,Krumlovsko-rokytenské slepence,6190,6.549371251747677,1.4463153725224136,1.6548532487214442,1.4947290044902226,2.1601242442312216,1.2029532676397678,100,NA,NA,2.0379563915355016e-8,6.812138892465461,6.549371251747677,0,0,NA,NA,0,0,0,0,100,2022-03-21,2022-06-14,2022-05-28,2022-05-29
CZ0624128,Krumlovsko-rokytenské slepence,6240,10.04770277282651,2.126956056107755,1.8957051517662296,1.225426529119582,2.5294859857889653,1.5332259661931655,85.85151069599894,NA,NA,3.6265654718217206e-8,10.45082714168018,8.626104620715333,1.2310542418861383,12.252096521161638,NA,NA,1.2310542418861383,12.252096521161638,0,0,100,2022-05-01,2022-06-13,2022-05-26,2022-05-29
CZ0624128,Krumlovsko-rokytenské slepence,8220,1.1519739441017616,1.4001756877374159,1.8093170347972645,2,1.8093170347972642,1.3081526932865897,100,NA,NA,1.688707108149452e-10,1.198192346422321,1.1519739441017616,0,0,NA,NA,0,0,0,0,100,2022-05-06,2022-05-28,2022-05-19,2022-05-28
CZ0624128,Krumlovsko-rokytenské slepence,40A0,0.6479391337156151,1.4755870093868682,1.2013237259776848,1.7986762740223152,1.4026474519553696,1.2013237259776848,100,NA,NA,1.2999030449979602e-8,0.6739351310336392,0.6479391337156151,0,0,NA,NA,0,0,0,0,100,2022-05-01,2022-06-04,2022-05-23,2022-05-28
CZ0624064,Krumlovský les,6410,0,NA,NA,NA,NA,NA,NA,NA,NA,NA,NA,NA,0,NA,NA,NA,0,NA,NA,NA,NA,NA,NA,NA,NA
CZ0624064,Krumlovský les,9170,577.9350113933127,3.5117445611604508,2.6030180672105008,1.2738869545145934,2.997015438769303,2.6308588696004795,33.470706137720434,0.6580122628618489,0,3.4919215627853988e-9,29.70591027096326,193.43892933045683,169.4016979873422,29.311547950511024,7.82983831979595,1.3547956371287162,177.23153630713816,30.666343587639737,0,0,98.64520436287128,2022-05-07,2023-10-10,2022-12-10,2022-09-22
CZ0624064,Krumlovský les,91G0,78.11585173569685,2.366228789373917,1.7532351179879293,1.6861633590148921,2.037015532070378,1.9186869086953782,87.56722915145566,0.7737816425682571,0,7.528424208201526e-9,4.015161630035364,68.40388689300902,0.9570758933912031,1.2252006118162124,1.39079187107139,1.780422078449713,2.347867764462593,3.005622690265925,0,0,98.2195779215503,2022-05-07,2023-09-23,2022-08-07,2022-05-11
CZ0624064,Krumlovský les,91I0,48.6885194983705,2.7608619604436404,1.87661864906319,1.0445014280639884,2.545341089140785,2.067653141069475,63.83763343428224,0.9806303950870876,0,7.107469712762465e-9,2.5025941722370186,31.081598601948794,9.879682038167118,20.291604961407316,0.646766989429165,1.3283767838757365,10.526449027596284,21.619981745283056,0,0,98.67162321612426,2022-05-07,2023-09-18,2022-12-26,2023-01-29
CZ0414110,Krušnohorské plató,4030,117.79455885675435,1.906558618794985,1.8035611023528306,1.7963249580477532,1.9467432516057017,1.8310614581253308,79.85752139235393,NA,NA,8.432002639911605e-8,0.9999886916493004,94.06781503806155,5.277412090406658,4.480183245835935,NA,NA,5.277412090406658,4.480183245835935,0,31.83619493417511,68.16380506582489,2007-08-06,2022-10-19,2015-07-10,2014-09-15
CZ0414110,Krušnohorské plató,6230,300.24190191445143,1.932911953986265,2.075478273080067,1.399046151410881,2.58638574194884,1.8578612453799959,87.84060203040457,NA,NA,2.8921831943076767e-8,2.5488317082526617,263.73429418919096,12.054824153464212,4.015037233843202,NA,NA,12.054824153464212,4.015037233843202,0,27.81189000708793,72.18810999291208,2005-10-05,2022-10-19,2016-09-06,2015-09-08
CZ0414110,Krušnohorské plató,6520,733.0915434110472,2.3136118375622,1.9792343029654234,1.4389297927918607,2.4156397222580726,2.060918075249349,76.95908092958715,NA,NA,4.822010496405394e-8,6.22340505766701,564.1805141816673,89.66198546309617,12.230666997726145,NA,NA,89.66198546309617,12.230666997726145,0,31.866545663876845,68.13345433612317,2007-06-19,2022-10-19,2016-12-20,2015-09-03
CZ0414110,Krušnohorské plató,7110,100.52478171618476,1.8329865808957622,1.4521608527412448,1.7086368239133594,1.6816315785393128,1.68098138597599,85.8432402826955,NA,NA,1.331824572254834e-7,0.8533810553078452,86.29372991227964,1.009452804528423,1.004183035560771,NA,NA,1.009452804528423,1.004183035560771,0,60.96976621492372,39.03023378507629,2006-07-10,2022-10-17,2013-09-18,2010-09-07
CZ0414110,Krušnohorské plató,7140,471.3385023078025,1.7654820578110013,1.5992382783122696,1.5687590152261432,1.9844012768806163,1.7052850430270627,94.072983299382,NA,NA,8.762478934183565e-8,4.001315313892309,443.40219055957624,6.7911483532026,1.4408218976279843,NA,NA,6.7911483532026,1.4408218976279843,0,41.68673046470166,58.31326953529835,2005-10-05,2022-10-19,2016-03-31,2014-10-03
CZ0414110,Krušnohorské plató,8220,10.081250235401361,2.0167533437815894,2.9362276209179714,1.8379117334982042,2.99163328932294,1.9488727363690361,93.63052832263152,NA,NA,1.4778354162194268e-9,0.08558235907439078,9.43912785693283,0.5585584076501564,5.54056684049683,NA,NA,0.5585584076501564,5.54056684049683,0,37.61842400809656,62.38157599190344,2008-09-29,2022-10-14,2014-06-04,2014-10-03
CZ0414110,Krušnohorské plató,9140,4.984005994491176,1.1505501480627633,1.1189803112837078,0,3,1.1505501480627633,100,1.8494498519372367,0,9.787181402549796e-9,0.0423105250528957,4.984005994491176,0,0,0,0,0,0,0,11.898031128370798,88.10196887162921,2010-09-06,2014-09-15,2013-05-13,2014-09-15
CZ0414110,Krušnohorské plató,9410,6611.874249901435,2.583979935582782,2.250147871420971,1.3106661734326515,2.683075229665408,2.231568414177152,65.32801192135875,0.8985410083822704,0.013033242593609266,8.586122568795967e-8,56.12992267791421,4319.608797411029,1344.8320319969448,20.33964926082786,308.733248232702,4.669375680236271,1653.5652802296468,25.00902494106413,0,31.069348745502257,64.26127557426148,2007-06-10,2022-10-19,2016-01-15,2014-10-03
CZ0414110,Krušnohorské plató,91D0,1362.0602115871993,2.3031216686442804,1.7970756487338635,1.4654490426692826,2.1149960851624727,1.9700928925227967,70.62129176332695,0.6735636605029613,0.19852648599468553,9.527917671363818e-8,11.562883906963696,961.9045160171846,270.11498395394773,19.83135412488003,12.4991288411969,0.9176634582572346,282.61411279514465,20.749017583137267,0,61.985880646777844,37.09645589496493,2006-07-10,2022-10-19,2013-12-30,2013-09-12
CZ0420406,"Křížové vršky, Malý vrch, Šibeník",6110,0.34999516098525846,1.0000000000000004,1.0000000000000002,1.9999999999999998,1.0000000000000004,1.0000000000000002,100,NA,NA,6.178969312959237e-9,1.9082262220119606,0.34999516098525846,0,0,NA,NA,0,0,0,0,100,2023-06-03,2023-06-23,2023-06-14,2023-06-18
CZ0420406,"Křížové vršky, Malý vrch, Šibeník",6210,9.707546417099216,2.0849127238715077,1.777422334972877,1.715199261826985,1.9198227040593845,1.777422334972877,85.75996309134923,NA,NA,7.130479262839283e-10,52.92700211157264,8.325188224379882,1.382358192719333,14.24003690865076,NA,NA,1.382358192719333,14.24003690865076,0,0,100,2023-06-03,2023-07-05,2023-06-13,2023-06-06
CZ0420406,"Křížové vršky, Malý vrch, Šibeník",40A0,0.03314268862857716,2,2,2,2,2,100,NA,NA,6.649124836873308e-10,0.18069891975361438,0.03314268862857716,0,0,NA,NA,0,0,0,0,100,2023-06-03,2023-06-23,2023-06-13,2023-06-13
CZ0420406,"Křížové vršky, Malý vrch, Šibeník",6210p,0,NA,NA,NA,NA,NA,NA,NA,NA,NA,NA,NA,0,NA,NA,NA,0,NA,NA,NA,NA,NA,NA,NA,NA
CZ0210409,Kulivá hora,6190,0.47289554451889526,1.6276486866327646,1.4361626970618653,0.9999999999999999,2.4361626970618655,1.6276486866327644,100,NA,NA,1.4715007905892844e-9,1.2530231681728308,0.47289554451889526,0,0,NA,NA,0,0,0,100,0,2011-07-09,2011-07-10,2011-07-09,2011-07-10
CZ0210409,Kulivá hora,8160,0.05950860710094275,2,2,2,2,2,100,NA,NA,2.3394474457699297e-9,0.15767892987665086,0.05950860710094275,0,0,NA,NA,0,0,0,100,0,2011-07-09,2011-07-10,2011-07-09,2011-07-09
CZ0210409,Kulivá hora,9170,10.76440859624833,1.8465348121651521,1.1671035876763427,1.5414968534007034,1.5654449339516998,1.7863730118412124,93.98381996760605,0.8737950035558759,0,6.50392686839512e-11,28.52226780123322,10.11680239567554,0.6476062005727901,6.016180032393951,0,0,0.6476062005727901,6.016180032393951,0,100,0,2011-07-09,2011-07-10,2011-07-09,2011-07-10
CZ0210409,Kulivá hora,9180,4.9421746846011025,2.259985319790207,1.4962291420050728,1.514300709444487,1.8519357726654824,2.1299926598951036,87.00073401048965,1.344177336877735,0,2.8010342585039306e-10,13.095195022957121,4.299728251683561,0.6424464329175418,12.999265989510356,0,0,0.6424464329175418,12.999265989510356,0,100,0,2011-07-10,2011-07-10,2011-07-10,2011-07-10
CZ0210409,Kulivá hora,91H0,7.476163365140546,1,1.019325564244559,1.911056062891014,1.1082695013535449,1.069618372864427,100,1,0,7.868969772844153e-9,19.809461125493335,7.476163365140546,0,0,0,0,0,0,0,100,0,2011-07-10,2011-07-10,2011-07-10,2011-07-10
CZ0624101,Kuntínov,6240,1.5916809876744682,1.5855667872226373,1.1677437949543197,1,2.16774379495432,1.4178229922683179,100,NA,NA,5.744930401072672e-9,0.24063217570100215,1.5916809876744682,0,0,NA,NA,0,0,0,0,100,2014-04-24,2014-04-24,2014-04-24,2014-04-24
CZ0624101,Kuntínov,91G0,347.28321115222906,1.9284950259176088,1.8394589277465807,1.5765069469603397,2.0996733277033703,1.677604985614731,80.82808575771267,0,0,3.3469459473942453e-8,52.50267819438369,280.7023717322621,41.68943093694735,12.004447551215799,15.0145040182828,4.323417757071275,56.70393495523015,16.327865308287073,0,0,95.67658224292873,2014-04-18,2014-04-24,2014-04-22,2014-04-24
CZ0624101,Kuntínov,91I0,205.74292902054896,1.577063721785978,1.4302354085712279,0.9171328042781229,2.430235408571228,1.4621964100154496,89.20597989398074,0.00760955895962294,0,3.0034013186158384e-8,31.104454365347383,183.53499589535798,6.930465384621104,3.368507203437796,10.118874182917,4.918212368749917,17.049339567538105,8.286719572187714,0,0,95.08178763125008,2014-04-18,2014-04-24,2014-04-23,2014-04-24
CZ0624065,Květnice,6240,4.9904139227022455,1,1.8123709662670322,1.9628272438936258,1.8495437223734061,1,100,NA,NA,1.801213992029663e-8,3.913839689213556,4.9904139227022455,0,0,NA,NA,0,0,0,0,100,2017-08-28,2017-10-19,2017-09-23,2017-09-23
CZ0624065,Květnice,8310,0.03989306249640076,1.2503502669299418,3,2,1,1.250350266929942,100,NA,NA,2.2154091014257616e-8,0.03128699417345024,0.03989306249640076,0,0,NA,NA,0,0,0,0,100,2017-10-19,2017-10-19,2017-10-19,2017-10-19
CZ0624065,Květnice,9150,15.116304732328738,1.7656249773382076,1.756852756116745,1.982455557557075,1.7656249773382076,1.756852756116745,99.12277787785376,1.982455557557075,0,1.3086893806796476e-8,11.855287824221005,14.98370116316571,0,0,0.132603569163028,0.877222122146249,0.132603569163028,0.877222122146249,0,0,99.12277787785375,2017-10-19,2017-10-19,2017-10-19,2017-10-19
CZ0624065,Květnice,9170,29.808095740255116,2.7334230737283502,2.292507646281331,1.6455303835304593,2.598313022820789,2.304410504127621,57.09874303992707,0.8724725777674334,0,1.801024859352773e-10,23.377641609519213,17.020047991823713,1.4505883229626575,4.866423993008292,0,0,1.4505883229626575,4.866423993008292,0,0,100,2017-08-28,2017-10-19,2017-09-23,2017-09-23
CZ0624065,Květnice,9180,0.5560676950538181,2,3,2,3,2,100,1,0,3.151577520612825e-11,0.43610807610376795,0.5560676950538181,0,0,0,0,0,0,0,0,100,2017-08-28,2017-08-28,2017-08-28,2017-08-28
CZ0624065,Květnice,91H0,14.8679030855405,1.5724815102321608,2.215268485828584,1.9997428953010485,2.2153970381780597,1.5723529578826851,99.98714476505242,1.7402691516265707,0,1.5649080183455183e-8,11.660473478332161,14.865991781667075,0,0,0.00191130387342302,0.012855234947568517,0.00191130387342302,0.012855234947568517,0,0,99.98714476505243,2017-08-28,2017-10-19,2017-09-26,2017-10-19
CZ0213039,Labe - Liběchov,3150,3.3271273294398465,1.16767053748706,2.018485623734823,1.9630287525303538,2.036971247469646,2.018485623734823,98.15143762651769,NA,NA,5.050026474205485e-10,2.845470263128909,3.265623305509975,0.06150402392987162,1.8485623734823038,NA,NA,0.06150402392987162,1.8485623734823038,0,100,0,2008-08-04,2008-08-07,2008-08-05,2008-08-05
CZ0424111,Labské údolí,3260,1.421289912169762,2,2,2,2,1.8652146274152224,100,NA,NA,3.0935914316859805e-10,0.10356321167579811,1.421289912169762,0,0,NA,NA,0,0,0,0,100,2017-09-21,2017-09-30,2017-09-25,2017-09-25
CZ0424111,Labské údolí,3270,2.3466376724358966,1.006032084042999,3,2,3,1.006032084042999,100,NA,NA,4.167724847108562e-8,0.17098927665353997,2.3466376724358966,0,0,NA,NA,0,0,0,100.00000000000001,0,2012-06-11,2015-06-20,2014-08-08,2015-06-20
CZ0424111,Labské údolí,4030,1.5393033147328514,1.5353855281693338,2.546920774067652,2,2.546920774067652,1.0112398353556729,100,NA,NA,1.1018683493891998e-9,0.11216233482834645,1.5393033147328514,0,0,NA,NA,0,0,0,1.7359939145131023,98.26400608548691,2012-04-23,2017-09-30,2015-11-20,2015-08-18
CZ0424111,Labské údolí,8220,136.27028168669256,1.2590218254447914,2.563692194917574,2,2.563692194917574,1.1106094994428586,99.66493521567197,NA,NA,1.997619776836877e-8,9.929422496143022,135.81368796125582,0,0,NA,NA,0,0,0,23.067264436246916,76.93273556375307,2012-04-17,2017-09-30,2014-08-08,2012-06-04
CZ0424111,Labské údolí,8310,0.02570307190997992,1.1138779695299732,3,2,1,1.0405063879024523,100,NA,NA,1.4273865148635268e-8,0.0018728710125493163,0.02570307190997992,0,0,NA,NA,0,0,0,0,100,2017-09-13,2017-09-21,2017-09-16,2017-09-15
CZ0424111,Labské údolí,9110,412.423342334336,2.9844090814538395,2.7442188570713473,1.0457766542874194,3.2165767008124773,2.329895047952343,51.12393823883074,0.45257976841190506,0,3.0069392604704238e-9,30.051494446341632,221.24660201521093,176.50410134164943,42.79682627627906,11.2408119961955,2.725551840148514,187.74491333784493,45.52237811642757,0,56.31480999291131,40.95963816694017,2012-04-17,2017-09-30,2014-08-30,2012-06-04
CZ0424111,Labské údolí,9180,24.436882636279133,2.1163405421965984,2.511475820665451,1.4729618136192748,2.8096977239350625,1.8579948898189222,83.29066617654753,0.400382145240751,0,1.3849883867628281e-9,1.780609309534965,20.35364234053796,3.838313106955331,15.707048906708543,0.24492718878584,1.002284916743921,4.083240295741171,16.709333823452464,0,86.1895505840815,12.808164499174573,2012-04-25,2017-09-30,2012-12-11,2012-06-11
CZ0424111,Labské údolí,91E0,10.893092564448622,3.3178599334720325,2.3182625657621276,0.847985331858535,3.026910226057531,2.3913797305770723,33.880044955438095,1.0132648796083634,0,1.2229936827366348e-10,0.7937322578571215,3.690584657872678,4.3214644389716,39.671603021858104,0.508173417518172,4.665097762748097,4.829637856489772,44.3367007846062,0,47.02358273236207,48.311319504889845,2012-04-23,2017-09-20,2013-07-02,2012-06-11
NA,NA,NA,0.0632301666381222,NA,NA,NA,NA,NA,NA,NA,NA,3.4223794273716626e-10,0.004607307119940842,0,0,0,0.0632301666381222,100,0.0632301666381222,100,NA,NA,NA,Inf,-Inf,NaN,NA
CZ0214008,Lánská obora,3150,11.228550467178158,2.0176032231949472,2.643142855215652,2,2.643142855215652,2.0354375592422422,89.672423089737,NA,NA,1.7043073952853136e-9,0.37406472365111304,10.068913281772636,0,0,NA,NA,0,0,0,0,100,2013-08-03,2014-07-31,2014-05-10,2014-07-15
CZ0214008,Lánská obora,8150,4.410600215467774,2.038385253235218,2.6424353063702712,2,2.6424353063702712,2.027174082179769,97.2825917820231,NA,NA,5.211241381583712e-8,0.1469334760134106,4.290746202750546,0,0,NA,NA,0,0,0,0,100,2013-08-02,2014-07-24,2013-12-20,2013-08-08
CZ0214008,Lánská obora,8230,5.138855264819618,2.1407229196457003,2.22023923367012,1.278868611762311,2.7395827905412284,2.143283104830357,79.82121686334192,NA,NA,6.048747670015418e-8,0.17119435675483954,4.101896805224931,0,0,NA,NA,0,0,0,0,100,2013-08-03,2014-07-24,2014-04-03,2014-05-06
CZ0214008,Lánská obora,9110,259.37861700781923,2.2840160672101293,2.3490820980309968,1.455305547390497,2.7681746759582198,2.140336001248025,85.71708877553154,1.0303813056635724,0,1.8911047623853183e-9,8.640865174507333,222.3317994053384,18.37664285262408,7.084871939181517,10.0019423422313,3.856116767686282,28.378585194855383,10.940988706867799,0,0,96.14388323231373,2013-08-01,2015-12-14,2014-06-16,2014-07-08
CZ0214008,Lánská obora,9130,349.60003009882706,2.2307183687444283,2.3427825528885817,1.2462753823184487,2.8591233447420663,2.0509645501777514,84.35412553163503,0.8715252742598157,0,2.671504693495423e-9,11.646475565087169,294.90204824819847,24.861547526400646,7.111426025727925,13.0420385894603,3.7305599160770946,37.903586115860946,10.841985941805019,0,0.004146969249628755,96.26529311467328,2009-07-11,2015-07-20,2014-05-06,2014-07-24
CZ0214008,Lánská obora,9170,575.5553223921642,2.529403549086094,2.6451730848886954,1.2969463354973136,2.95727368170061,2.2450450303455924,73.29440199223404,0.8171514286955538,0,3.4775433244506067e-9,19.173885644979233,421.84983168181145,85.42859715773085,14.842812468950232,9.05240988629965,1.572813165670222,94.48100704403049,16.415625634620454,0,0.5984675125802611,97.82871932174952,2011-09-29,2015-07-20,2014-03-15,2014-05-02
CZ0214008,Lánská obora,9180,268.8903220303549,1.935935340103239,2.366291655401371,1.5431605153873684,2.7346224739387446,1.8769857203458784,95.0533240666039,1.2277541577675195,0.030481174529162075,1.5239667795108887e-8,8.957735399306694,255.58918918324812,7.290810282562692,2.7114439179181895,0.330878159418203,0.12305320508368844,7.621688441980895,2.834497123001878,0,0,99.87694679491634,2013-08-01,2015-07-20,2014-05-06,2014-07-07
CZ0214008,Lánská obora,9190,91.50129854034392,2.959930360446929,2.6528107608571756,0.8989397765521594,3.1926048943748393,2.2725576123325624,44.875598745568304,0.20272573624565607,0,9.77386769040962e-9,3.0482481289335484,45.650017774974344,44.6831443521946,48.8333445153167,0.0612958293956425,0.06698902679355583,44.74444018159024,48.90033354211026,0,0,99.93301097320644,2013-08-03,2015-12-14,2014-08-21,2014-07-29
CZ0710034,Lánský luh,9170,26.344194895264703,1.0000000000000004,1.6126077894272064,1.7518103257947673,1.860797463632439,1.0000000000000002,99.99999999999999,0.9824863679474135,0,1.5917336793148691e-10,81.9700518699415,26.344194895264703,0,0,0,0,0,0,0,100,0,2012-08-09,2012-08-09,2012-08-09,2012-08-09
CZ0530174,Lanškrounské rybníky,6410,0.2776135256502312,2,2,1,3,2,100,NA,NA,3.567737948185716e-11,0.7028867842290547,0.2776135256502312,0,0,NA,NA,0,0,0,0,100,2023-05-30,2023-05-30,2023-05-30,2023-05-30
CZ0530174,Lanškrounské rybníky,91E0,19.666416903870818,1.6925662582503223,1.1132580064463815,1.9992628348490549,1.113626589021854,1.390296009001882,99.96314174245275,1.0042730089594838,0,2.2079958921855003e-10,49.79319542335913,19.65916820527807,0.007120382046955638,0.0362057922485828,1.2831654578913e-4,6.524652986679756e-4,0.007248698592744768,0.03685825754725078,0,0,99.99934753470134,2023-05-13,2023-05-29,2023-05-17,2023-05-15
CZ0620204,Lapikus,9170,90.10802458008614,2.197522071046368,2.0908827800517873,1.251518328959348,2.7695803139613453,2.069186591168984,89.51922572777593,0.6001184919530091,0,5.44438644152439e-10,64.60268970848273,80.66400592268714,4.322883637539748,4.79744579651467,1.18610465752158,1.3163141274586425,5.508988295061328,6.113759923973312,0,0,98.68368587254136,2015-04-21,2015-06-19,2015-06-07,2015-06-13
CZ0620009,Lednické rybníky,3130,70.54529821273974,1.598448601701782,1.6010342655321457,2,1.601034265532146,1.5984486017017818,100,NA,NA,7.178978096679879e-8,11.418231711200749,70.54529821273974,0,0,NA,NA,0,0,0,100,0,2012-07-18,2012-08-01,2012-07-22,2012-07-18
CZ0710007,Lesy u Bezuchova,6510,6.318374139606598,3.3095101226177603,2.579297683379018,0.841422301288373,3.158586532734832,2.65475506130888,34.524493869111986,NA,NA,3.6181802341054713e-11,2.517739848448999,2.1813866924560372,3.6601636851322334,57.92888493558134,NA,NA,3.6601636851322334,57.92888493558134,0,0,100,2008-10-18,2022-08-18,2020-08-19,2022-08-08
CZ0710007,Lesy u Bezuchova,9170,213.03661131017256,2.6189754836286663,2.2196817948491563,1.468820364341812,2.5545631198320375,2.2842733522115073,63.54369687862436,0.6176794003471078,0,1.2871812955288474e-9,84.89063066271007,135.37133853142922,37.730411992339356,17.71076424859454,3.13556360246498,1.4718426016924049,40.86597559480433,19.182606850286945,0,0,98.5281573983076,2022-08-03,2022-08-18,2022-08-10,2022-08-12
CZ0710007,Lesy u Bezuchova,91E0,12.765934109788818,2.4283696872707337,1.8441364092898833,1.3303915435396865,2.3593981849874908,2.206342449617164,79.36575503828361,0.9972627446605411,0,1.4332621042309224e-10,5.086957546469514,10.131779993923683,1.7683370070745927,13.851998544459398,0.202042549606725,1.5826695318112316,1.9703795566813178,15.43466807627063,0,0,98.41733046818875,2022-08-03,2022-08-18,2022-08-14,2022-08-17
CZ0420455,Lhota,9180,30.106285523814165,2.8840711564359185,2.1776336534561,1.0637061907517764,3.019365790423624,2.019365790423624,98.06342095763758,0,0,1.7063083061644324e-9,36.28702097159502,29.523253507926192,0,0,0.583032015887974,1.9365790423624125,0.583032015887974,1.9365790423624125,0,0,98.06342095763759,2024-06-07,2024-06-16,2024-06-14,2024-06-16
CZ0420455,Lhota,91I0,0.3904993438757921,3,3,1,3,2,100,0,0,5.7004449674089915e-11,0.47066775705048053,0.3904993438757921,0,0,0,0,0,0,0,0,100,2024-06-16,2024-06-16,2024-06-16,2024-06-16
CZ0714133,Libavá,3130,4.2715032682154295,2.79815355955809,2.5195216467475556,1.7019105323722423,2.5898109109972025,2.3037030639197535,54.14231788314707,NA,NA,4.346856442500276e-9,0.039648270518742354,2.3126908778662143,0.009987408025195509,0.23381482813117685,NA,NA,0.009987408025195509,0.23381482813117685,4.176474593308487,0,95.82352540669152,2004-08-07,2015-10-10,2010-11-24,2013-07-11
CZ0714133,Libavá,3150,3.739545740101753,1.274976356795524,2.1385360790201875,1.9900012445288853,2.1440014281906166,1.2709069595323919,99.49897688671611,NA,NA,5.676009097071628e-10,0.0347106186770421,3.7208097516120193,0,0,NA,NA,0,0,0.16037685100246216,0,99.83962314899755,2004-08-16,2013-07-31,2012-08-05,2013-06-14
CZ0714133,Libavá,6230,122.39489471306766,3.1200566096838873,2.2211799162289028,1.0583639906925073,2.4518524436916627,2.258754428066888,40.17172839228935,NA,NA,1.1790108419279014e-8,1.1360744897016315,49.168144670162064,14.471785411478562,11.823847265365933,NA,NA,14.471785411478562,11.823847265365933,6.117944333318217,6.743313728876725,87.13874193780507,2004-07-10,2020-07-23,2010-09-24,2013-07-01
CZ0714133,Libavá,6410,81.03594314386977,3.026606853727454,2.2987325892249793,1.2306047716545483,2.609546359841974,2.3089633495190554,44.98119806941103,NA,NA,1.0414298397177662e-8,0.7521789856552983,36.45093809295937,9.299489738094682,11.475759246220573,NA,NA,9.299489738094682,11.475759246220573,0.23507486284496903,5.7326853705117164,94.0322397666433,2004-06-19,2015-10-10,2012-05-10,2013-07-21
CZ0714133,Libavá,6430,41.4936510774155,3.502715547549012,2.3362050451583687,1.0938688039503237,2.6301396379611957,2.535754728720176,24.333416862939348,NA,NA,4.467666359031049e-9,0.38514579046898273,10.096823088321038,7.1062340767738466,17.126075657973818,NA,NA,7.1062340767738466,17.126075657973818,0.22469845272220393,0,99.77530154727779,2003-06-14,2025-10-21,2012-02-01,2013-07-05
CZ0714133,Libavá,6510,131.5871388608211,3.400418293066561,2.6224839704811393,0.7410123932599669,3.0659721994766223,2.547344098428019,25.122324474193064,NA,NA,7.53526103977057e-10,1.2213972811779727,33.05774799092248,55.37050466941327,42.07896390845484,NA,NA,55.37050466941327,42.07896390845484,4.65793616463289,3.9631511180400985,91.378912717327,2004-07-10,2020-08-26,2012-01-16,2013-06-13
CZ0714133,Libavá,7140,3.0817776548516815,2.4324759306282413,2.867521890391827,1.4757460814020498,2.9735797184675556,1.917214968078693,64.86472918402134,NA,NA,5.72921831088622e-10,0.028605188025344258,1.9989867298732276,0,0,NA,NA,0,0,0,0,100,2004-08-07,2013-09-06,2011-07-11,2013-06-14
CZ0714133,Libavá,8150,1.9608723321132528,1.1353796829962253,2.06671378626098,1.9215015644861762,2.06671378626098,1.0568812474824012,96.07507822430881,NA,NA,2.3168227773796072e-8,0.018200898324215547,1.8839096269566362,0,0,NA,NA,0,0,0,2.746456850406812,97.25354314959318,2004-08-07,2024-08-19,2013-11-07,2013-02-02
CZ0714133,Libavá,8220,11.0081038167071,1.6651122077319074,2.812167055085534,0.5503399479787667,2.8586825434791385,1.9595426101313183,22.769633496791677,NA,NA,1.6137051760328931e-9,0.10217767624594294,2.506504894010543,0.5120473253216316,4.651548839360442,NA,NA,0.5120473253216316,4.651548839360442,67.83145376170123,12.81222766899064,19.356318569308137,2003-06-14,2025-10-21,2011-02-06,2012-08-05
CZ0714133,Libavá,9110,160.7065535083615,2.74201596470228,2.4423342817723714,1.16431227509375,2.887586753208292,2.3919594752648066,58.41715163081026,0.43064876385445133,0,1.171696156730729e-9,1.4916848958180189,93.88019104362877,29.278268652308274,18.21846590144498,6.57882511922261,4.093688138785401,35.857093771530884,22.312154040230382,1.3929888868588818,24.875157707029253,69.63816526732647,2004-08-25,2025-10-21,2014-03-06,2013-05-16
CZ0714133,Libavá,9130,2395.735238724318,2.450935548573306,2.4126768775954788,0.9606569204736883,2.790426652161382,2.231438936642291,49.78046156556799,0.5983485821649835,0,1.830725796223513e-8,22.237313861616126,1192.6080597259277,412.5797692666451,17.221425915425264,83.7593615681916,3.4961860649005527,496.3391308348367,20.717611980325817,19.793144181127143,29.553868764340596,47.156800989631705,2003-06-14,2025-10-22,2014-03-20,2013-05-14
CZ0714133,Libavá,9170,775.8730331780627,1.870187105381774,2.1455128690421303,1.0682298122529912,2.9453865127197485,1.7160345506388586,79.43935762027068,1.04099846459453,0,4.687876181798557e-9,7.201685677392191,616.3485535055626,54.127666293943484,6.976356179339101,23.6502123156782,3.048206511161277,77.77787860962168,10.024562690500376,0.8863925001344406,58.277758930096546,37.78764205860774,2004-08-15,2025-10-22,2019-01-12,2020-05-18
CZ0714133,Libavá,9180,321.02403206152246,2.01955088248794,2.1797707578814793,1.219857117077741,2.7119139167852024,1.9835541871603368,82.28113479266642,1.1790900761791703,0.019211963254551104,1.8194405681554044e-8,2.979758381762927,264.14221653739395,8.894653724136209,2.770712730451158,8.7668707464927,2.7309079292894114,17.66152447062891,5.501620659740569,8.56772489399793,46.73832358232949,41.96304359438316,2003-06-14,2025-10-22,2016-01-07,2013-07-15
CZ0714133,Libavá,40A0,0.021437314888748806,0.9999999999999996,2,2,2,1,100,NA,NA,4.300779108782068e-10,1.9898204602326647e-4,0.021437314888748806,0,0,NA,NA,0,0,0,0,100,2025-05-22,2025-05-22,2025-05-22,2025-05-22
CZ0714133,Libavá,91E0,148.49508810528084,2.4100414132371757,1.7281376140584013,1.7911984203955769,1.8578857279596854,2.174742088671105,73.37064978543593,0.7641799618086549,0,1.667190043559232e-9,1.3783375674115768,108.95181104230012,9.417216052066498,6.3417693960286625,0.710288360043738,0.4783244813728478,10.127504412110236,6.820093877401509,0,16.54841944949984,82.97325606912732,2012-07-21,2025-10-23,2016-02-29,2013-07-13
CZ0214009,Libické luhy,3150,24.609709828748542,2.1694048018790584,1.9270826456368044,2,1.9270826456368044,2.169404801879058,76.47781982919564,NA,NA,3.735345054516406e-9,1.6642404908422663,18.82096954331816,0,0,NA,NA,0,0,0,0,100,2014-06-03,2016-07-19,2015-04-14,2015-05-27
CZ0214009,Libické luhy,6430,1.1527588807088043,4,2.9769297439858216,0.04614051202835681,3.953859487971643,3,0,NA,NA,1.2411879739886693e-10,0.0779557344968159,0,1.1261644382082345,97.69297439858217,NA,NA,1.1261644382082345,97.69297439858217,0,0,100,2015-06-18,2016-08-26,2016-03-31,2016-08-18
CZ0214009,Libické luhy,6440,13.508231387963402,3.0655649342171323,2.4255281506861404,1.164833216281753,2.8431115425452638,2.6468655438139064,35.31344561860936,NA,NA,1.0984468427192643e-8,0.9134990128674072,4.770221945224376,5.640813081003633,41.75833918591235,NA,NA,5.640813081003633,41.75833918591235,0,0,100,2014-06-20,2015-09-06,2015-04-07,2015-06-06
CZ0214009,Libické luhy,6510,121.3944945254299,2.5579318221591354,2.1279495390939016,1.3424212799390058,2.5970195289264293,2.4056584511794923,58.15161234651731,NA,NA,6.951585184990058e-10,8.209346414907483,70.59285586644218,14.259317103041482,11.746263418934882,NA,NA,14.259317103041482,11.746263418934882,0,0,100,2014-06-03,2016-05-25,2015-07-09,2015-06-04
CZ0214009,Libické luhy,91F0,801.2279566931228,1.837266922632982,1.362662442364497,1.7160752455154493,1.549317832036937,1.7122580823147344,88.76921706982198,0.8923046938446387,0.015281119079896991,3.286282057020994e-8,54.18332914944885,711.2437841010175,62.78409316597199,7.835983834750144,9.48240561313331,1.1834841175874187,72.26649877910529,9.019467952337562,0,0,98.81651588241259,2014-06-03,2017-04-25,2015-08-28,2015-07-08
CZ0310014,Libín,9110,27.96631069618831,1.3598105693986335,1.9984945708601802,2,1.9984945708601805,1.2626028741084458,100,1.1409172602912383,0,2.0389970443213073e-10,21.094914056257,27.96631069618831,0,0,0,0,0,0,0,0,100,2015-07-11,2015-08-23,2015-07-22,2015-07-11
CZ0310014,Libín,9130,83.72360639593336,1.3446186700098632,1.0013984094736426,1.8070085227025985,1.1943898867710439,1.2394517573595323,100,1.1733535019285337,0,6.397825749038738e-10,63.15249446337664,83.72360639593336,0,0,0,0,0,0,0,0,100,2015-07-11,2015-08-23,2015-07-13,2015-07-11
CZ0310014,Libín,9180,4.184810845192898,1.232025838068541,2,2,2,1.2320258380685414,100,1,0,2.371789604941938e-10,3.1565917321038826,4.184810845192898,0,0,0,0,0,0,0,0,100,2015-07-11,2015-07-11,2015-07-11,2015-07-11
CZ0810021,Libotín,7220,0.014187800335965586,2.2785751357165474,3,2,3,2.278575135716548,72.14248642834524,NA,NA,4.4876383420389174e-10,0.01809417424500902,0.010235431931854692,0,0,NA,NA,0,0,0,100,0,2008-09-29,2008-09-29,2008-09-29,2008-09-29
CZ0810021,Libotín,9180,33.83334052114385,1.7144547957553038,2.112118959223227,1.9808817955578049,2.1216780614443245,1.7048956935342061,99.04408977789024,1.6762183868709133,0,1.9175434282934943e-9,43.14878587122698,33.50992416062103,0,0,0.323416360522821,0.9559102221097701,0.323416360522821,0.9559102221097701,0,99.04408977789024,0,2008-09-03,2008-09-26,2008-09-20,2008-09-25
CZ0420500,Libouchecké bučiny,6230,8.16950274057065,3.2593509890355548,2.458998458008759,1.3689772569661958,2.631022743033804,2.6463025056749228,25.387375983847505,NA,NA,7.869553976800091e-10,1.336666841482187,2.074022376759397,0.14684076365970833,1.7974259673172142,NA,NA,0.14684076365970833,1.7974259673172142,0,100,0,2012-08-02,2012-08-08,2012-08-05,2012-08-05
CZ0420500,Libouchecké bučiny,6510,47.39662725228647,2.723332449327308,2.2830358147891374,0.9943932430553143,3.005606756944686,2.2490451281955735,69.9779137737382,NA,NA,2.714140316770876e-10,7.754878363844821,33.16717095026513,13.41494301260793,28.303581478913724,NA,NA,13.41494301260793,28.303581478913724,0,100,0,2012-06-03,2012-08-11,2012-08-04,2012-08-07
CZ0420500,Libouchecké bučiny,8220,31.841645329784082,1.891043373185862,2.4445461906194095,1.863444868177944,2.567671179436932,1.4708212017569633,98.65698569954664,NA,NA,4.6677455752271955e-9,5.209824005467624,31.414007479505443,0.4276378502786392,1.3430143004533586,NA,NA,0.4276378502786392,1.3430143004533586,0,100,0,2012-08-02,2012-08-10,2012-08-07,2012-08-09
CZ0420500,Libouchecké bučiny,9110,102.26747695436083,3.5463991501460708,2.819279386073175,0.4845574143312893,3.572483931356518,2.7446793341558964,25.532066584410348,0.18923379304804114,0,7.456224222974107e-10,16.732664122637818,26.111000310183915,73.88616756543087,72.24796168424517,2.27030907874606,2.2199717313444984,76.15647664417693,74.46793341558967,0,97.7800282686555,0,2012-03-17,2012-08-10,2012-07-13,2012-08-05
CZ0420500,Libouchecké bučiny,9180,14.496427113497747,2.6173998217773757,2.508651278327738,1.024420650420487,2.6232674709893358,2.083849447709329,88.53838073384027,0.6476568541624335,0,8.216016543755533e-10,2.3718571445417336,12.834901830552285,1.241881671243012,8.566812094593194,0.419643611702447,2.894807171566525,1.6615252829454592,11.46161926615972,0,97.10519282843346,0,2012-08-02,2012-08-10,2012-08-07,2012-08-09
CZ0530500,Lichnice - Kaňkovy hory,6190,0.36689518564189805,1.8159136978568067,2.0752018043188243,1.195041209540176,2.6318273957136133,1.815913697856807,100,NA,NA,1.1416613287924165e-9,0.08130811420088822,0.36689518564189805,0,0,NA,NA,0,0,0,0,100,2016-07-29,2016-08-12,2016-08-07,2016-08-12
CZ0530500,Lichnice - Kaňkovy hory,8220,3.577149224988552,1.3542936840596456,2.2314397985048173,1.9999999999999998,2.2314397985048173,1.366553411102993,100,NA,NA,5.243831558933116e-10,0.7927366427284455,3.577149224988552,0,0,NA,NA,0,0,0,0,100,2016-07-29,2020-09-29,2019-07-20,2020-07-21
CZ0530500,Lichnice - Kaňkovy hory,9110,132.62092835413193,1.8480913373533232,2.079026584291696,1.8518572304365846,2.178286810784118,1.8037509682034902,95.62541367631562,0.8419126144170362,0.024681894637896527,9.669265419627877e-10,29.390294585577625,126.81931136000883,5.551170600115892,4.185742528730338,0.250446394007225,0.18884379495404285,5.801616994123117,4.374586323684381,0,0,99.81115620504596,2016-07-29,2020-09-29,2019-01-17,2020-06-24
CZ0530500,Lichnice - Kaňkovy hory,9130,152.2031466718163,1.730567249787501,1.8202119513535724,1.628504347143789,2.0554169685528256,1.547350006395587,88.6661494466273,0.8182674305129687,0,1.1630760460277594e-9,33.729935184827795,134.95266949050202,15.835911517632304,10.40445737418165,0.498747644782293,0.32768550170497024,16.334659162414596,10.73214287588662,0,0,99.67231449829502,2016-04-08,2020-09-29,2018-08-08,2020-04-28
CZ0530500,Lichnice - Kaňkovy hory,9180,20.110034006080664,2.205308424275829,2.2216204936632784,0.8695415249771351,3.130458475022865,1.983687930612551,77.83795063367218,0.8757484372503729,0,1.1397592716870438e-9,4.4566105131345966,15.653238342067754,4.351534438713687,21.638622974968193,0.105261225299223,0.5234263913596326,4.45679566401291,22.162049366327828,0,0,99.47657360864035,2016-04-15,2020-09-29,2018-09-26,2020-07-22
CZ0420454,Lipská hora,8150,2.4112304439573755,2,2,2,2,2,100.00000000000001,NA,NA,2.8489328563533127e-8,3.6519977249888966,2.4112304439573755,0,0,NA,NA,0,0,0,0,100,2024-06-06,2024-06-06,2024-06-06,2024-06-06
CZ0420454,Lipská hora,8220,0.32172047621065286,2,2,2,2,2,100,NA,NA,4.716180064626214e-11,0.48727090774257753,0.32172047621065286,0,0,NA,NA,0,0,0,0,100,2024-06-16,2024-06-16,2024-06-16,2024-06-16
CZ0420454,Lipská hora,9180,16.355528562617074,2.6316420018344515,2.0010434846975746,1.6285115477417278,2.371488452258272,2.0010434846975746,99.89565153024253,0.6295550324393024,0,9.269683639992104e-10,24.771731483133326,16.33846181884124,0,0,0.0170667437758355,0.10434846975746176,0.0170667437758355,0.10434846975746176,0,0,99.89565153024255,2024-05-04,2024-06-16,2024-05-25,2024-05-25
CZ0530503,Litice,8220,1.333380418807671,1.5144790179766532,2.2104636006224165,2,2.2104636006224165,1.7249426185990693,100,NA,NA,1.9546353479926456e-10,1.2012018298159528,1.333380418807671,0,0,NA,NA,0,0,0,72.49426185990694,27.505738140093058,2010-05-26,2023-09-28,2015-09-23,2010-07-02
CZ0530503,Litice,9110,40.45793001351141,1.9480347226811845,2.2303083342793024,1.7594799799964065,2.3775083024731885,1.8547146708714766,90.66799481902922,1.278440470748871,0,2.9497490967999434e-10,36.447317567669735,36.682393888536986,2.9575470326015028,7.31017882430909,0.817989092372917,2.0218263566616974,3.77553612497442,9.332005180970787,0,97.348445546768275,0.6297280965700189,2010-04-29,2023-09-28,2011-03-26,2010-06-11
CZ0530503,Litice,9130,14.121051844885011,2.697304201917585,2.2946062934709284,0.8356334263678956,3.1643665736321043,2.2946062934709284,70.53937065290718,1.1663697028582292,0,1.0790747435015474e-10,12.72122574754,9.960901100952626,2.4642382911037655,17.450812575242917,1.69591245282862,12.009816771849902,4.160150743932386,29.46062934709282,0,48.31241011922521,39.67777310892489,2010-05-26,2023-09-10,2018-05-17,2023-09-10
CZ0714073,Litovelské Pomoraví,3150,3.5598084472269007,2.1182861521688796,1.8575834272850138,1.9847556930379306,1.8652055807660481,2.0076221534810346,99.23778465189655,NA,NA,5.403197750361657e-10,0.03763581967017446,3.532675040879054,0.027133406347846615,0.762215348103452,NA,NA,0.027133406347846615,0.762215348103452,0,0,100,2013-06-13,2022-10-07,2020-11-22,2022-09-29
CZ0714073,Litovelské Pomoraví,6410,19.31015728879812,2.6137624432984063,2.012764293218703,1.0907533103952762,2.5665136938484636,2.1731776096562108,64.45027110250375,NA,NA,2.4816363245744716e-9,0.20415525394071515,12.445448722950276,6.8647085658478435,35.549728897496244,NA,NA,6.8647085658478435,35.549728897496244,0,68.74334944371078,31.256650556289216,2012-07-17,2022-08-24,2015-01-02,2012-07-18
CZ0714073,Litovelské Pomoraví,6510,37.98736807448981,3.0696270875705256,2.4950096446547354,0.6959410836553492,3.1108672822638006,2.3109638285844225,44.6372095848482,NA,NA,2.1753245578041378e-10,0.40161872634179774,16.956501103177732,11.465271859180438,30.18180105738853,NA,NA,11.465271859180438,30.18180105738853,0,55.733105035189716,44.26689496481029,2002-05-16,2022-10-06,2011-10-12,2012-05-31
CZ0714073,Litovelské Pomoraví,8310,0.010523178267547792,1,3,2,1,1,100,NA,NA,5.8439095549394125e-9,1.1125554801777331e-4,0.010523178267547792,0,0,NA,NA,0,0,0,100,0,2010-05-27,2010-06-04,2010-05-30,2010-05-28
CZ0714073,Litovelské Pomoraví,9170,2122.8043647728996,2.189912155574603,2.2613201353041275,1.2737518095366043,2.751698603519026,1.948020808340407,73.81839651814835,0.6155150021506807,0.0015076075505805603,1.28261243717605e-8,22.443197001200808,1593.1511528602418,297.6440532314575,14.02126631029892,124.364058097444,5.858479479372496,422.0081113289015,19.879745789671414,0,29.330343091155118,64.81117742947237,2007-08-23,2022-10-07,2012-03-11,2013-10-19
CZ0714073,Litovelské Pomoraví,91E0,151.4653147803759,2.7748882883315606,2.2414071556947297,1.4464101848724482,2.50718352860563,2.236251816317604,68.23498037708801,0.7279760106603015,0,1.700537492306639e-9,1.6013561847130164,103.35232781848407,32.180298539876155,21.245985317851453,2.45838343992097,1.6230669334993402,34.63868197979713,22.869052251350798,0,20.649245452304218,77.727687614196455,2002-05-16,2023-05-25,2016-09-12,2014-05-15
CZ0714073,Litovelské Pomoraví,91F0,2321.124774513872,2.2245825298756228,1.69574475519568,1.5457025350438824,1.9491382867373277,1.9286637452460522,73.0907369989521,0.39910397596549735,7.039385745552933e-4,9.520225342702786e-8,24.539925319192406,1696.527204357454,330.4327613395766,14.235889641425295,134.711510805454,5.803716899866681,465.1442721450306,20.039606541291977,0,49.06677190731313,45.12951119282016,2002-05-25,2022-09-30,2014-04-14,2012-07-20
CZ0410439,Lítovský mokřad,3140,0.8133962326185777,2,1,2,1,2,100,NA,NA,3.249980598898927e-8,73.58782177415449,0.8133962326185777,0,0,NA,NA,0,0,0,0,100,2021-06-01,2021-06-01,2021-06-01,2021-06-01
CZ0414027,Lomnický rybník,3130,0,NA,NA,NA,NA,NA,NA,NA,NA,NA,NA,NA,0,NA,NA,NA,0,NA,NA,NA,NA,NA,NA,NA,NA
CZ0414027,Lomnický rybník,3160,0.024807875272698905,2,1,2,1,2,100,NA,NA,8.443795780128456e-10,0.022132522612330074,0.024807875272698905,0,0,NA,NA,0,0,0,0,100,2018-05-27,2018-05-27,2018-05-27,2018-05-27
CZ0414027,Lomnický rybník,4030,0,NA,NA,NA,NA,NA,NA,NA,NA,NA,NA,NA,0,NA,NA,NA,0,NA,NA,NA,NA,NA,NA,NA,NA
CZ0414027,Lomnický rybník,6230,2.0652899537983167,2,2,1.4518222167858819,2.274088891607059,2,100,NA,NA,1.9894614501376047e-10,1.8425631417843904,2.0652899537983167,0,0,NA,NA,0,0,0,0,100,2018-05-27,2018-05-28,2018-05-27,2018-05-27
CZ0414027,Lomnický rybník,6410,5.5968056028659525,2.2225555313903573,2.765246831440337,1.3894608983295664,2.8174150492415593,2.102582864219742,89.74171357802581,NA,NA,7.192709970162314e-10,4.993229980423475,5.022669253642864,0,0,NA,NA,0,0,0,0,100,2018-05-27,2018-05-28,2018-05-27,2018-05-27
CZ0414027,Lomnický rybník,7140,2.5274677396425305,2.2451213858518653,1.5593709400396527,1.8351934081581842,1.7241775318814683,2.1225606929259326,87.74393070740675,NA,NA,4.698721347186579e-10,2.2548983451692166,2.2176995421240013,0,0,NA,NA,0,0,0,0,100,2018-05-27,2018-05-28,2018-05-27,2018-05-27
CZ0414027,Lomnický rybník,91E0,7.381374893975173,2.848718713788373,1.864441480974842,1.70856191655304,2.010160522698322,2.4478299614092265,55.21700385907734,0.8510087729921397,0,8.287246997886291e-11,6.585346183628156,4.075774060059237,0.37460394521960844,5.074988746681431,0.701002930932209,9.496915425666588,1.0756068761518174,14.571904172348018,0,2.3729450727110377,88.1301395016224,2010-06-21,2018-05-28,2017-10-26,2018-05-27
CZ0210720,Loučeňské rybníčky,3140,0.004525747766182758,4,3,0,4,3,0,NA,NA,1.8082936514535538e-10,0.09654007683648416,0,0.004525747766182758,100,NA,NA,0.004525747766182758,100,0,0,100,2025-07-05,2025-07-05,2025-07-05,2025-07-05
CZ0210720,Loučeňské rybníčky,7230,0.6112911905671412,2.5277501848901216,1.0278134208093475,0.9860932895953263,2.0278134208093475,2.0139067104046737,98.60932895953263,NA,NA,1.2220206401283238e-8,13.039634896973752,0.6027901410069957,0.008501049560145475,1.3906710404673763,NA,NA,0.008501049560145475,1.3906710404673763,0,0,100,2025-07-05,2025-07-05,2025-07-05,2025-07-05
CZ0210058,Louky u Budenína,6230,0,NA,NA,NA,NA,NA,NA,NA,NA,NA,NA,NA,0,NA,NA,NA,0,NA,NA,NA,NA,NA,NA,NA,NA
CZ0210058,Louky u Budenína,6410,5.733398567429003,2.1136631718370196,2.05683158591851,0.9431684140814902,3.05683158591851,2.05683158591851,94.31684140814903,NA,NA,7.368251814525032e-10,20.04173090233363,5.407560434139101,0.32583813328990247,5.683158591850981,NA,NA,0.32583813328990247,5.683158591850981,0,100,0,2012-07-23,2012-07-24,2012-07-23,2012-07-24
CZ0210058,Louky u Budenína,6430,0.9391397476317128,2.1430790003459426,2.3810263334486477,1.237947333102705,2.762052666897295,1.762052666897295,61.89736665513525,NA,NA,1.0111819393995957e-10,3.282867200031507,0.5813027729957132,0.35783697463599967,38.10263334486475,NA,NA,0.35783697463599967,38.10263334486475,0,100,0,2012-07-23,2012-07-24,2012-07-23,2012-07-24
CZ0210058,Louky u Budenína,6510,3.5871262484541466,2.0894540020604184,2.044727001030209,1.4211006934147095,2.5788993065852903,1.796074573630436,95.52729989697907,NA,NA,2.0541470008937793e-11,12.539197849008746,3.426684849044048,0.16044139941009924,4.472700103020925,NA,NA,0.16044139941009924,4.472700103020925,0,100,0,2012-07-23,2012-08-17,2012-07-27,2012-07-24
CZ0210113,Louky u rybníka Proudnice,6410,1.4534884058963944,3.474815426440676,2.0900274393702327,2,2.0900274393702327,2.7824214329054544,21.75785670945455,NA,NA,1.8679441971779195e-10,5.505740180674101,0.3162479246434727,0,0,NA,NA,0,0,0,0,100,2013-06-23,2013-06-23,2013-06-23,2013-06-23
CZ0210113,Louky u rybníka Proudnice,6510,12.863251884867866,3.531601233961451,2.471874373178919,0.528125626821081,3.471874373178919,2.7658006169807257,23.419938301927452,NA,NA,7.366066441745517e-11,48.72534412338277,3.012565655057575,6.069838920214573,47.1874373178919,NA,NA,6.069838920214573,47.1874373178919,0,0,100,2013-06-23,2013-06-23,2013-06-23,2013-06-23
CZ0210113,Louky u rybníka Proudnice,7230,2.8682824831969103,2.274857899757646,2,1,3,2.274857899757646,72.51421002423538,NA,NA,5.7339291818244565e-8,10.864908211993388,2.0799123839537614,0,0,NA,NA,0,0,0,0,100,2013-06-23,2013-06-23,2013-06-23,2013-06-23
CZ0210011,Lounín,5130,0,NA,NA,NA,NA,NA,NA,NA,NA,NA,NA,NA,0,NA,NA,NA,0,NA,NA,NA,NA,NA,NA,NA,NA
CZ0210011,Lounín,6210,3.410182029920841,2.0223117770426957,2.01115581878906,0.9888441812109398,3.01115581878906,2.0111559582536356,98.88440417463644,NA,NA,2.5048793178084894e-10,17.995736867159184,3.3721381815577463,0.03804337276350707,1.1155818789060403,NA,NA,0.03804337276350707,1.1155818789060403,0,0,100,2017-05-29,2025-06-03,2024-06-02,2025-06-03
CZ0210011,Lounín,9170,12.728575176125315,2.4770632877574914,1.240358603949936,1.2403559305434668,2.0000017837671646,2.24035770533352,75.96422946664798,0.9963469829625909,0,7.690689306725265e-11,67.16946120577691,9.669164054626627,1.1323840767363435e-5,8.89639304531374e-5,0,0,1.1323840767363435e-5,8.89639304531374e-5,0,0,100,2017-04-23,2025-06-03,2020-07-21,2017-04-23
CZ0424140,Loužek,91F0,12.049897129217552,1.1857311145269587,1.1077850324382652,1.9358428631301277,1.1398636008732015,1.1536525460920224,96.79214315650638,1.8463474539079776,0,4.942333875634262e-10,99.54316615198556,11.663353679524008,0.3865434496935457,3.2078568434936137,0,0,0.3865434496935457,3.2078568434936137,0,0,100,2022-04-14,2022-04-15,2022-04-14,2022-04-14
CZ0424037,Lovoš,6210,2.563641768124399,1.845295652312477,1.8452956523124773,1.560321301266671,1.845295652312477,1.5388901325224074,73.16263729966099,NA,NA,1.883070518494831e-10,0.8751286100373179,1.87562792847547,0,0,NA,NA,0,0,0,0,100,2014-07-10,2024-06-21,2018-03-13,2014-07-28
CZ0424037,Lovoš,8220,0.11895231943235936,1.1200330342925597,1.1200330342925602,2,1.1200330342925597,1.1200330342925602,100.00000000000001,NA,NA,1.7437514831372327e-11,0.040605742682104866,0.11895231943235936,0,0,NA,NA,0,0,0,0,100,2015-07-15,2024-06-21,2022-03-28,2024-06-21
CZ0424037,Lovoš,9110,27.915166797302362,2.0269125774153487,2.0134562887076743,1.9730874225846513,2.0269125774153487,2.0134562887076743,98.65437112923256,0.9865437112923257,0,2.035268191424106e-10,9.529163326183445,27.539532253554977,0,0,0.375634543747384,1.3456288707674287,0.375634543747384,1.3456288707674287,0,0,98.65437112923257,2014-06-03,2014-07-03,2014-06-09,2014-06-03
CZ0424037,Lovoš,9170,143.35768934464787,1.9050270676245948,1.8746636089521473,1.405558147276714,2.1650683385728042,1.8713493675278243,97.34617493763717,1.2642148084874376,0,8.661766405305877e-10,48.93679646440197,139.55322705599536,0,0,1.43656118746034,1.0020817118548044,1.43656118746034,1.0020817118548044,0,0,98.99791828814519,2014-05-28,2024-06-30,2015-10-04,2014-06-30
CZ0424037,Lovoš,9180,37.036692240955105,2,1.6179858490021983,1.9999999999999998,1.6179858490021983,1.6179858490021983,100,1.4941627924416,0,2.0990970657475905e-9,12.642900971659547,37.036692240955105,0,0,0,0,0,0,0,0,100,2014-06-28,2024-07-02,2019-07-02,2019-07-07
CZ0624129,Luční údolí,6430,1.2764400276308396,2.4033192693460133,2,2,2,1.9676067789009157,76.03228478274652,NA,NA,1.3743568046415855e-10,1.0132547397110212,0.970506516889248,0,0,NA,NA,0,0,0,100,0,2009-04-01,2012-07-24,2010-08-15,2009-05-22
CZ0624129,Luční údolí,6510,3.8417279636357495,2.0302890694555096,2.0981616664120315,1.8036766671759372,2.196323332824063,1.8513017635872122,82.1012694131703,NA,NA,2.1999431935669757e-11,3.0496137566755226,3.154107425545688,0.37711041881218504,9.816166641203138,NA,NA,0.37711041881218504,9.816166641203138,0,100,0,2009-05-22,2012-07-24,2011-03-25,2012-07-05
CZ0624129,Luční údolí,9130,76.44155345984322,1.9559019152425403,2.0617734266545744,1.8108166112626825,2.189168331357455,1.818420144393278,89.36026816844284,0.22342282809912836,0,5.841360162020696e-10,60.68030199414925,68.30837716383951,1.8717586293863488,2.448614064822261,2.64622512655616,3.4617626235791934,4.517983755942509,5.9103766884014535,0,96.53823737642082,0,2009-04-01,2012-07-24,2009-11-23,2009-04-04
CZ0420520,Lužickohorské bučiny,8220,1.9809853942385423,1.0047209662974983,3,2,3,1.0660431731875795,99.84263445675006,NA,NA,2.903975505278753e-10,0.3161902823506499,1.977868005811197,0,0,NA,NA,0,0,0,100,0,2008-09-02,2008-09-09,2008-09-03,2008-09-03
CZ0420520,Lužickohorské bučiny,9110,388.4722616029693,2.15376612199922,2.6084623634432047,1.845898712012387,2.684510871854234,2.016641235254091,88.15043192940233,0.13606523689657132,0,2.8323142148214324e-9,62.00507809844436,342.4399765289352,22.18498358540241,5.710828231045271,7.35775246856267,1.8940226100576834,29.54273605396508,7.604850841102954,0,98.10597738994231,0,2001-08-15,2009-09-02,2008-08-21,2008-09-10
CZ0420520,Lužickohorské bučiny,9130,17.293157169404296,2.944900652841937,2.375378922773968,1.3504153241199615,2.6833951992139378,2.34849900121885,63.472493728110045,0.154633474152656,0,1.3214744441056784e-10,2.7602062408087016,10.976398099742356,2.3939622772224247,13.843407850695494,2.93261160198865,16.958219793301463,5.326573879211075,30.80162764399696,0,83.04178020669853,0,2001-08-15,2008-09-11,2008-02-06,2008-09-10
CZ0420520,Lužickohorské bučiny,9180,0,NA,NA,NA,NA,NA,NA,NA,NA,NA,NA,NA,0,NA,0,NA,0,NA,NA,NA,NA,NA,NA,NA,NA
CZ0610512,Lužný rybník,3150,11.644468424384296,2,3,2,3,2,100,NA,NA,1.7674368305913584e-9,77.62137060441819,11.644468424384296,0,0,NA,NA,0,0,0,0,100,2015-07-23,2015-07-23,2015-07-23,2015-07-23
CZ0210714,Lžovické tůně,3150,9.862623204712316,2,2,2,2,2,99.99999999999999,NA,NA,1.4969823321218049e-9,14.159458759628066,9.862623204712316,0,0,NA,NA,0,0,0,0,100,2014-05-26,2014-08-02,2014-06-08,2014-05-26
CZ0210714,Lžovické tůně,91E0,5.94363582893749,2.346930455671503,2.418263224650338,1.0737411202239588,2.6049976696686414,2.2372864363743368,72.40284450452658,0.6524593317618957,0,6.673062794858944e-11,8.53309151685705,4.30336140714094,0.1257924610008462,2.116422752356505,0,0,0.1257924610008462,2.116422752356505,0,0,100,2014-05-26,2014-05-27,2014-05-26,2014-05-26
CZ0210714,Lžovické tůně,91F0,21.73557556957267,1.7083066408929475,2,1.8207770743123577,2.1700257482191585,1.5319037326394993,81.43999142780677,0.926739985324144,0,8.914970002808895e-10,31.205084033535353,17.701450880644447,0,0,0,0,0,0,0,0,100,2014-05-26,2014-05-26,2014-05-26,2014-05-26
CZ0624235,Malhostovické kopečky,6110,0.32585979947609595,1,2,1,3,1,100,NA,NA,5.752872970077016e-9,12.371839070760943,0.32585979947609595,0,0,NA,NA,0,0,0,0,100,2022-05-21,2022-05-21,2022-05-21,2022-05-21
CZ0624235,Malhostovické kopečky,6210,1.6734062588996284,2.035326238092728,2,1.6808440119203865,2.3191559880796135,1.2907005360663972,100,NA,NA,1.2291662707243393e-10,63.53380493204729,1.6734062588996284,0,0,NA,NA,0,0,0,0,100,2022-05-21,2022-05-22,2022-05-21,2022-05-21
CZ0714083,Malý Kosíř,4030,0.069996015362849,1,1.203392273463316,2,1.203392273463316,1,100,NA,NA,5.01047410042568e-11,0.5762941263329755,0.069996015362849,0,0,NA,NA,0,0,0,0,100,2021-06-14,2021-06-14,2021-06-14,2021-06-14
CZ0714083,Malý Kosíř,6210p,1.4670872839544784,1,2,2,2,1,100,NA,NA,1.5731815335496855e-9,12.078884493323699,1.4670872839544784,0,0,NA,NA,0,0,0,0,100,2021-05-15,2021-05-15,2021-05-15,2021-05-15
CZ0614137,Maršálka,7140,2.3475733758262476,1,1.0819591370331882,1.0409795685165941,2.040979568516594,1,100,NA,NA,4.364286420780093e-10,29.013725080338876,2.3475733758262476,0,0,NA,NA,0,0,0,100,0,2009-06-15,2009-06-15,2009-06-15,2009-06-15
CZ0620020,Mašovická střelnice,6210,31.397673126053146,2.039775081732097,2.0364336615485046,1.0101006302433337,3.0046634191182497,2.019427468479833,98.05725315201668,NA,NA,2.3062517294007193e-9,40.49745562477495,30.787695821056644,0.1464205091245938,0.4663419118249788,NA,NA,0.1464205091245938,0.4663419118249788,0,0,100,2023-05-28,2023-05-29,2023-05-28,2023-05-29
CZ0620020,Mašovická střelnice,6210p,13.504050574302205,1.4959674978809128,2,1,3,1.4959674978809128,100,NA,NA,1.4480612860572262e-8,17.417841337857954,13.504050574302205,0,0,NA,NA,0,0,0,0,100,2023-05-28,2023-05-29,2023-05-28,2023-05-29
CZ0530064,Mazurovy chalupy,6410,9.033888378901217,1.5426850099128648,2.002347180624273,1.6079257181923823,2.380747526788843,1.2897185365570958,95.69943063618221,NA,NA,1.1609861700213947e-9,77.42827551711935,8.645379742916697,0.12352880829957781,1.367393564304837,NA,NA,0.12352880829957781,1.367393564304837,0,100,0,2012-08-12,2013-05-31,2012-09-19,2012-09-11
CZ0624001,Meandry Dyje,3260,57.46118034585742,1,2,2,2,1,100.00000000000001,NA,NA,1.2507048255984186e-8,24.748635697641255,57.46118034585742,0,0,NA,NA,0,0,0,100,0,2012-08-21,2012-09-25,2012-08-30,2012-08-26
CZ0624001,Meandry Dyje,6430,8.171225879563183,1.204597495094493,2.4657040442223215,1.9999999999999998,2.4657040442223215,1.2045974950944929,100,NA,NA,8.798047418400903e-10,3.5193619636639903,8.171225879563183,0,0,NA,NA,0,0,0,100,0,2012-08-21,2012-09-25,2012-08-30,2012-08-26
CZ0410038,Mechové údolí,7140,1.6529959624245598,1.1361078860877512,1.3015197522750284,2,1.3015197522750284,1,100,NA,NA,3.073023363912853e-10,16.662312773455728,1.6529959624245598,0,0,NA,NA,0,0,0,100,0,2011-08-03,2011-08-03,2011-08-03,2011-08-03
CZ0410038,Mechové údolí,7150,0.1312455178061966,1,1,2,1,1,100,NA,NA,6.519768278549603e-9,1.3229638290183092,0.1312455178061966,0,0,NA,NA,0,0,0,100,0,2011-08-03,2011-08-03,2011-08-03,2011-08-03
CZ0620101,Mikulovický les,91I0,23.607331548656838,3.3154279244233598,2.712241238896459,0.7289773935239229,3.3212712815760392,2.6534353606268626,33.80074362035029,0.008557203169634538,0,3.4461592940166476e-9,15.378180493977696,7.979453612367568,0.8813280252354453,3.7332810081433765,8.80912836754394,37.31522281282631,9.690456392779385,41.04850382096969,0,62.68477718717369,0,2012-07-05,2012-07-11,2012-07-05,2012-07-05
CZ0210719,Milčice,7220,0.3487785538905417,1.4212679275655353,1.309875453950284,2,1.309875453950284,1.3424344550143483,92.11665274488132,NA,NA,1.103195685205954e-8,8.549514010841163,0.321283129335969,0,0,NA,NA,0,0,0,0,100,2014-07-18,2014-07-18,2014-07-18,2014-07-18
CZ0420416,Milešovka,6190,0.2721273069939064,1.3072801282693556,2.3072801282693556,2,2.3072801282693556,1.3072801282693556,100,NA,NA,8.467737791648113e-10,0.05551596167263549,0.2721273069939064,0,0,NA,NA,0,0,0,0,100,2015-08-11,2015-08-19,2015-08-15,2015-08-15
CZ0420416,Milešovka,8220,0.5480169217265478,1.8692137398701782,2.816269766498993,2,2.816269766498993,1.8692137398701785,100,NA,NA,8.033515652364901e-11,0.111799461651263,0.5480169217265478,0,0,NA,NA,0,0,0,0,100,2015-08-10,2015-08-19,2015-08-13,2015-08-11
CZ0420416,Milešovka,8230,0.008361931379868185,2,2,2,2,2,100.00000000000001,NA,NA,9.842505839203061e-11,0.0017058951823764057,0.008361931379868185,0,0,NA,NA,0,0,0,0,100,2015-08-19,2015-08-19,2015-08-19,2015-08-19
CZ0420416,Milešovka,9130,24.05721129005635,2.8798241072990445,2.369268039201751,0.6473006298444648,3.352699370155535,2.341553316764961,44.5160540419701,0.8411578494570923,0,1.8383566172928726e-10,4.907847120095039,10.709321178872418,8.484963269701508,35.26993701555353,0,0,8.484963269701508,35.26993701555353,0,0,100,2015-08-10,2015-08-11,2015-08-10,2015-08-11
CZ0420416,Milešovka,9180,32.01023105780258,1.3701715087864113,2.1155664609839695,1.6827094326007326,2.378764232311956,1.3275052596412527,96.99931890734364,1.549210289565324,0,1.8142166057970572e-9,6.53032134175703,31.049706106735474,0,0,0.0188038713781163,0.058743316610745944,0.0188038713781163,0.058743316610745944,0,0,99.94125668338926,2015-08-11,2015-08-19,2015-08-14,2015-08-11
CZ0420416,Milešovka,40A0,0.14893046969338553,1.0966163016624986,1.1122930908239734,2,1.112293090823973,1.096616301662499,100,NA,NA,2.9878604482065217e-9,0.030382905481700643,0.14893046969338553,0,0,NA,NA,0,0,0,0,100,2015-08-11,2015-08-19,2015-08-13,2015-08-11
CZ0420416,Milešovka,91E0,19.96237758279511,3.0389870809551542,1.7241006074491727,1.7557326644913136,1.9471866246014753,2.519493540477577,48.05064595224228,0.9123237572013334,0,2.2412241089220552e-10,4.072471083565117,9.592051375958658,0,0,0.0966300353816571,0.48406075368967677,0.0966300353816571,0.48406075368967677,0,0,99.51593924631032,2015-05-17,2015-08-19,2015-07-05,2015-08-10
CZ0520022,Miletínská bažantnice,3150,0,NA,NA,NA,NA,NA,NA,NA,NA,NA,NA,NA,0,NA,NA,NA,0,NA,NA,NA,NA,NA,NA,NA,NA
CZ0520022,Miletínská bažantnice,6410,7.4599633783491965,2.0716235585104155,2,1.81586754292106,2.18413245707894,2,100,NA,NA,9.587138946012654e-10,10.718032158206217,7.4599633783491965,0,0,NA,NA,0,0,0,0,100,2016-05-06,2016-08-06,2016-05-20,2016-05-10
CZ0520022,Miletínská bažantnice,6510,3.413929505124176,2.61569101292995,2.233637178803218,1.4246640958665842,2.808973082936634,2.191026917063366,80.8973082936634,NA,NA,1.9549668922959434e-11,4.904931078879777,2.7617770766886416,0,0,NA,NA,0,0,0,0,100,2016-05-06,2016-05-10,2016-05-08,2016-05-08
CZ0520022,Miletínská bažantnice,7230,0.3348135490594129,1.9999999999999996,1.9999999999999998,1.6920140555231158,2.307985944476884,1.9999999999999998,100,NA,NA,6.693194239649045e-9,0.48104021478669046,0.3348135490594129,0,0,NA,NA,0,0,0,0,100,2016-05-06,2016-05-10,2016-05-07,2016-05-06
CZ0520022,Miletínská bažantnice,9170,19.054930479980086,2.9720163153941823,2.0729470945365405,1.8248030688206285,2.1751969311793715,2.3483064111053418,65.16935888946584,0.8977501633571692,0,1.1513115023089795e-10,27.376991990274945,12.417976030636439,1.2989335138011724,6.816784323437373,0.0910683013091446,0.4779251302166901,1.390001815110317,7.294709453654064,0,0,99.5220748697833,2016-05-10,2016-08-06,2016-07-09,2016-08-06
CZ0214006,Milovice - Mladá,2330,1.7164174798929286,2.264576627915318,2.9978261828617905,1.6794128445486267,3.1110079570434435,2.151394853733665,84.75182376972305,NA,NA,2.3652161164463894e-9,0.13796348990966564,1.4546951177115763,0.19426717561068363,11.318177418165314,NA,NA,0.19426717561068363,11.318177418165314,0,0,100,2022-05-25,2022-06-18,2022-05-29,2022-05-26
CZ0214006,Milovice - Mladá,4030,18.984688629349247,2.2116332878485774,2.3261283168054736,1.9817989015270818,2.3443294152783913,1.894917025049599,97.44220167100534,NA,NA,1.3589672239041095e-8,1.5259655234440725,18.499098580822913,0,0,NA,NA,0,0,0,0,100,2022-05-25,2022-10-22,2022-08-04,2022-08-07
CZ0214006,Milovice - Mladá,6210,448.42347422155376,2.5023786884594843,2.1883146999792205,1.7646646910969062,2.3154215260587274,2.1130894367666033,72.40144772484993,NA,NA,3.2938027247286616e-8,36.04371790998178,324.66508727447416,48.53219227748077,10.822848282358729,NA,NA,48.53219227748077,10.822848282358729,0,0,100,2022-05-25,2022-08-16,2022-07-16,2022-07-11
CZ0214006,Milovice - Mladá,6510,0,NA,NA,NA,NA,NA,NA,NA,NA,NA,NA,NA,0,NA,NA,NA,0,NA,NA,NA,NA,NA,NA,NA,NA
CZ0214006,Milovice - Mladá,9170,173.05840213490652,2.148941376642533,2.5239906677524417,0.8441719802667051,3.010892249472229,2.0554540434296844,90.12691573166407,0.8291395464161069,0,1.0456303115798033e-9,13.91021787905086,155.97220025869152,10.11700794459358,5.846007948638595,0.906198842064838,0.523637587592203,11.023206786658417,6.369645536230798,0,0,99.47636241240781,2022-04-30,2022-10-21,2022-09-03,2022-10-20
CZ0214006,Milovice - Mladá,9190,28.997641362736672,1.594505344512343,2.009786066631869,0.9325741436294576,2.557621862360284,1.556473542794186,96.19681982818432,0.8783711571323091,0,3.0974326543395993e-9,2.330794138615732,27.894808816134848,0,0,1.10283254660182,3.803180171815669,1.10283254660182,3.803180171815669,0,0,96.19681982818433,2021-09-20,2022-10-22,2022-07-08,2022-10-20
CZ0624100,Milovický les,6210,17.165574646408967,1.6467336174212184,1.7985016063891848,2,1.7985016063891845,1.1964518113897837,95.71090218991634,NA,NA,1.2608621045101712e-9,0.7025833108523216,16.429326360161564,0,0,NA,NA,0,0,0,0,100,2011-06-16,2013-06-19,2011-12-13,2011-07-22
CZ0624100,Milovický les,6240,6.158713610126369,1.600529974882027,1.7793857084453486,1.9013936198390382,1.8779920886063106,1.7793857084453486,75.9725825455652,NA,NA,2.222893992219453e-8,0.2520748351235097,4.6789337811982135,0,0,NA,NA,0,0,0,0,100,2011-05-31,2011-07-14,2011-06-19,2011-06-16
CZ0624100,Milovický les,91G0,945.7597498552274,2.9668871724788612,2.3912693148879356,1.3745412129492858,2.7009335340078287,2.4199733892687485,45.10017502054883,0.6736635737782668,0,9.114770482236228e-8,38.70974494076474,426.53930245861244,220.68618078989192,23.334274991473634,49.2549856298251,5.207980741130592,269.94116641971704,28.542255732604225,0,0,94.7920192588694,2011-05-10,2013-09-05,2012-02-07,2011-07-14
CZ0624100,Milovický les,91H0,50.86198164793966,3.24802505259856,2.608951927486254,1.876598295380569,2.6301802974406296,2.7145278486199627,20.671760271946724,0.9562886738295137,0,5.353432992659962e-8,2.0817700658914537,10.514066915823625,0.9982158440318424,1.9625972321357217,0.0815011190032886,0.16023976330184944,1.079716963035131,2.122836995437571,0,0,99.83976023669815,2011-05-10,2013-08-01,2011-12-09,2011-07-02
CZ0624100,Milovický les,91I0,752.051359679403,2.472293884023161,2.1590095146621104,1.5774513395614842,2.3917615604547793,2.1363895938911863,70.10807136188667,0.6747039301928881,0,1.0978321617567523e-7,30.781301826390173,527.2487039220749,91.84435428374863,12.21251090123706,29.5112927793837,3.924106033391691,121.35564706313232,16.13661693462875,0,0,96.0758939666083,2011-05-10,2013-09-05,2011-11-29,2011-07-12
CZ0213047,Minartice,3140,0,NA,NA,NA,NA,NA,NA,NA,NA,NA,NA,NA,0,NA,NA,NA,0,NA,NA,NA,NA,NA,NA,NA,NA
CZ0620147,Miroslavské kopce,6110,1.3330533072477626,1.4807472593301636,1.8868908267051607,2,1.8868908267051605,1.4807472593301636,100,NA,NA,2.353431245973621e-8,4.323483634514904,1.3330533072477626,0,0,NA,NA,0,0,0,100,0,2012-05-17,2012-05-28,2012-05-21,2012-05-17
CZ0620147,Miroslavské kopce,6240,14.538795934219864,1.3466764836409348,1.8028188322727616,1.9276994394043918,1.8389691125705658,1.2526738313364694,95.53919177441986,NA,NA,5.2475572306436266e-8,47.15358789134193,13.890248129285874,0.5255815482146238,3.615028029780417,NA,NA,0.5255815482146238,3.615028029780417,0,100,0,2012-05-17,2012-05-28,2012-05-22,2012-05-28
CZ0314635,Mnišský rybník,3130,12.100432544875146,4,3,0,4,3,0,NA,NA,1.2313895100144811e-8,47.07510626158701,0,12.100432544875146,100,NA,NA,12.100432544875146,100,0,0,100,2015-08-09,2015-08-09,2015-08-09,2015-08-09
CZ0410438,Močál u Bystřiny,3140,0.08156269369565416,2,1,2,1,2,100,NA,NA,3.2588935315257763e-9,14.448254715319733,0.08156269369565416,0,0,NA,NA,0,0,0,0,100,2017-09-17,2017-09-17,2017-09-17,2017-09-17
CZ0620010,Modřické rameno,3260,2.839710007278249,2,2,2,2,2,100,NA,NA,6.180936395712372e-10,44.70147814074645,2.839710007278249,0,0,NA,NA,0,0,0,0,100,2024-09-20,2024-09-20,2024-09-20,2024-09-20
CZ0420085,Mokřad pod Terezínskou pevností,6430,0.2229611460544262,4,3,0,4,3,0,NA,NA,2.4006468115806336e-11,5.797517403385136,0,0.2229611460544262,100,NA,NA,0.2229611460544262,100,0,0,100,2021-09-27,2021-09-27,2021-09-27,2021-09-27
CZ0714085,Morava - Chropyňský luh,3150,18.35254049298642,1,1,2,1,1,100,NA,NA,2.785610714036403e-9,0.5725624907136956,18.35254049298642,0,0,NA,NA,0,0,0,0,100,2014-05-13,2014-05-13,2014-05-13,2014-05-13
CZ0714085,Morava - Chropyňský luh,6430,0,NA,NA,NA,NA,NA,NA,NA,NA,NA,NA,NA,0,NA,NA,NA,0,NA,NA,NA,NA,NA,NA,NA,NA
CZ0714085,Morava - Chropyňský luh,6510,6.597355348000761,3.878389000346613,2.6526006255201637,0.5936637247333382,3.421193531203614,2.9391945001733064,6.080549982669349,NA,NA,3.777937201894256e-11,0.20582426785099314,0.40115548946949564,4.207419629971827,63.774336958321165,NA,NA,4.207419629971827,63.774336958321165,0,0,100,2014-05-13,2022-08-09,2021-08-27,2022-05-03
CZ0714085,Morava - Chropyňský luh,91E0,41.24509603498315,3.450545538615254,2.652010270696117,0.5270597150018311,3.51184495108048,2.639412214981036,36.05877850189637,0.47521777952742883,0,4.6306860605662596e-10,1.2867643542070017,14.872477822149015,24.071808548959645,58.3628379202766,0.408946387164631,0.9915030548547443,24.480754936124274,59.354340975131336,0,23.49566316139494,75.51283378375031,2012-09-17,2023-06-03,2018-11-06,2022-03-12
CZ0714085,Morava - Chropyňský luh,91F0,1976.8261718245124,2.989996733433152,2.1798099863869353,1.3200153895266067,2.547336209508533,2.3645150637468415,57.649415534764486,0.5897714191697117,0,8.10806503199011e-8,61.67301562856713,1139.6287341950904,449.9395224766213,22.76070242743445,162.421361662553,8.216269289506934,612.3608841391742,30.97697171694138,0,2.037018876225282,89.74671183426777,2010-05-14,2023-06-05,2021-05-27,2022-08-15
CZ0813456,Moravice,3260,5.755821321861017,1.5569827054006717,2,2,2,1.556982705400672,100,NA,NA,1.252816851168779e-9,2.7461091448433557,5.755821321861017,0,0,NA,NA,0,0,0,0,100,2016-07-23,2016-07-24,2016-07-23,2016-07-24
CZ0813456,Moravice,6430,10.855708720854562,2.9510222910260286,2.4109773671839445,1.7052115045077392,2.602851577012496,2.3921909805937096,45.88688417680218,NA,NA,1.1688459172974466e-9,5.179271441048794,4.981346487309547,1.1172075083800532,10.29142856637099,NA,NA,1.1172075083800532,10.29142856637099,0,20.74416970153269,79.2558302984673,2008-10-04,2017-05-17,2015-05-07,2016-07-24
CZ0813456,Moravice,91E0,48.51243923238326,2.016957340691381,1.5137318200545233,1.8183338952717145,1.6103695640394977,1.7410997987677812,88.0054903564007,0.8271854150253096,0,5.446608147715922e-10,23.14534200509744,42.6936100303098,4.124933183589039,8.502836074331103,0,0,4.124933183589039,8.502836074331103,0,22.583144730031965,77.41685526996804,2008-10-04,2022-09-13,2015-07-25,2016-07-24
CZ0530034,Moravská Sázava,9110,87.14504789343685,2.67954567542804,2.406037754147442,1.4817856036884829,2.8816483443857894,2.492614162755898,50.73858372441018,0.3126244927190226,0,6.3536623408169e-10,24.661716343541425,44.21616308708881,2.687719795346693,3.0841910817850535,1.02499092534237,1.1761895255319093,3.7127107206890626,4.2603806073169626,0,0,98.82381047446808,2013-09-18,2013-09-19,2013-09-18,2013-09-19
CZ0530034,Moravská Sázava,9130,114.36070333296736,2.1144207888308366,2.241566726016752,1.4465341046613873,2.57509515379479,1.8848984452561375,75.0313787453801,0.2895633716382326,0,8.738991115621331e-10,32.363643082671835,85.80641245363925,22.27609317123211,19.478800428827427,2.79381799249912,2.4429877668422235,25.069911163731227,21.92178819566965,0,0,97.55701223315776,2013-09-18,2013-09-19,2013-09-18,2013-09-19
CZ0530034,Moravská Sázava,91E0,11.918722337048088,1.5346556100409305,1.1993655354077897,2,1.19936553540779,1.5321392916049301,99.74836815639998,0.4707765051510059,0,1.3381436023113105e-10,3.37295298538528,11.888731036297806,0,0,0,0,0,0,0,0,100,2013-09-18,2013-09-19,2013-09-18,2013-09-19
CZ0624130,Moravský kras,6110,1.1898007835459927,1.9088794611331923,2.2726252331971026,1.8248662534868618,2.2726252331971026,2.009321733525913,89.6889423890043,NA,NA,2.1005269071063515e-8,0.018345918779824548,1.0671197392984872,0,0,NA,NA,0,0,0,49.588643666386524,50.41135633361347,2002-07-15,2024-09-10,2011-02-07,2011-01-01
CZ0624130,Moravský kras,6190,2.873165303008779,1.1760569126850053,1.7992803369879677,2,1.7992803369879677,1.229385719947767,100,NA,NA,8.940378195299722e-9,0.04430225464544877,2.873165303008779,0,0,NA,NA,0,0,0,74.0633764019115,25.936623598088516,2007-11-07,2013-06-27,2010-12-25,2011-06-23
CZ0624130,Moravský kras,6210,80.5720141063394,1.8023507784278792,2.077581149788008,1.7230209862459138,2.293786266807249,1.5943138859473616,89.66269713421038,NA,NA,5.918252162446244e-9,1.2423656524383524,73.19276319207869,2.5309007318859886,3.1411660239071244,NA,NA,2.5309007318859886,3.1411660239071244,0,76.61022836705659,23.389771632943408,2001-07-20,2025-05-18,2012-01-15,2011-09-15
CZ0624130,Moravský kras,6240,1.9846348474036888,1.0478442902906524,1.8028409901920266,0.9999999999999999,2.802840990192027,1.0478442902906522,100,NA,NA,7.163237582259503e-9,0.030601719398405575,1.9846348474036888,0,0,NA,NA,0,0,0,75.49966999013745,24.500330009862545,2010-05-20,2024-07-18,2021-01-01,2024-07-18
CZ0624130,Moravský kras,6510,348.9650317153242,1.977083032121965,2.0475779445484195,1.8733982260199813,2.126587586699171,1.7171797857914914,93.17885703306004,NA,NA,1.998327975280346e-9,5.380803423046961,325.3744923187838,16.60798979320024,4.7592131829267545,NA,NA,16.60798979320024,4.7592131829267545,0,71.69466911649351,28.305330883506496,2007-10-15,2024-08-23,2011-11-21,2012-07-15
CZ0624130,Moravský kras,8160,2.2408953366531765,2.294210674304988,2.340363946927176,1.3593304972221893,2.6606986983160814,1.972685506980247,61.44765922553753,NA,NA,8.809577516540407e-8,0.034553081834256136,1.3769777300676058,0.7178366505553526,32.03347513889053,NA,NA,0.7178366505553526,32.03347513889053,0,47.589675972685555,52.410324027314445,2007-12-05,2024-07-16,2012-11-19,2011-05-12
CZ0624130,Moravský kras,8210,33.15482379378357,1.1364293167816757,1.946496405440064,1.96998622820218,1.9618047716534912,1.1690785487111206,98.52945944156076,NA,NA,1.8498335234017888e-7,0.5112248309900657,32.667268662816916,0.48755513096665143,1.4705405584392415,NA,NA,0.48755513096665143,1.4705405584392415,0,74.14074644743094,25.859253552569054,2007-09-25,2024-09-24,2012-01-28,2011-06-30
CZ0624130,Moravský kras,8310,0.21791260617638245,2.1555787142102725,2.995526603223377,1.2471198559359202,2.1337936128727426,2.0962485573082628,62.15665970524492,NA,NA,1.2101491859195352e-7,0.003360064163092112,0.13544719707588457,0.08203103716572696,37.64400720320399,NA,NA,0.08203103716572696,37.64400720320399,0,30.64500128379301,69.35499871620698,2007-12-03,2013-07-31,2011-12-13,2012-07-19
CZ0624130,Moravský kras,9130,2085.857024379,2.5137209506841645,2.16426352242791,1.3461056191427494,2.5409382166678283,2.1612385608142066,67.42441085206073,0.307019922515537,0.0019735030479827954,1.593929162138133e-8,32.162496516043355,1413.4530893182882,494.44956560334833,23.704863747818745,68.4023088239041,3.2793383258983817,562.8518744272524,26.98420207371712,0,51.23437311143485,45.48628856266677,2007-10-15,2024-10-04,2012-08-03,2012-08-06
CZ0624130,Moravský kras,9150,77.77096061499067,1.379394163277511,1.5868280942910487,1.7786826549794148,1.7904386370090717,1.36976732599924,98.90912782643288,1.0387725255598157,0,6.73299672666853e-8,1.1991753128782499,76.9225788465259,0.26260632388901434,0.33766629833603456,0.585775444575759,0.7532058752310801,0.8483817684647734,1.0908721735671147,0,71.78352588298189,27.463268241787038,2007-11-02,2013-10-02,2011-10-25,2012-06-25
CZ0624130,Moravský kras,9170,818.390255765513,2.3129440057835167,2.1651225880198837,1.228000965936968,2.75143405745231,2.0743953194628904,75.6307870024185,0.5564079979447614,0,4.9447680527114016e-9,12.619021074878587,622.0241830639142,112.1428531086159,13.702857813686789,28.2666954712229,3.4539384202201373,140.4095485798388,17.156796233906928,0,52.64236504548293,43.903696534296934,2007-10-15,2024-10-04,2015-01-21,2012-10-19
CZ0624130,Moravský kras,9180,253.25560772785175,1.4079958117358427,1.8848156051203782,1.8129439583895175,2.03324662551306,1.3978955697614455,96.19603984152775,1.1837210769696844,0.0023756489093806708,1.435355240708578e-8,3.9050292067072516,243.9233356999065,6.4768870823433025,2.5574506090713536,1.73898324077057,0.6866514255586711,8.215870323113872,3.2441020346300244,0,80.73171196159635,18.581636612844992,2002-07-15,2024-09-24,2011-11-13,2011-06-30
CZ0624130,Moravský kras,91E0,52.821375129709494,2.1160577778375043,1.9221669128948444,1.4921217710642223,2.2754034912050423,1.9106775458692047,82.11850266360544,0.44664221195412457,0,5.930382737031903e-10,0.8144696754024578,43.60981233509284,7.205112578213306,13.640524428832554,0.252667879812293,0.47834400219955536,7.457780458025599,14.118868431032109,0,67.48446667380992,32.03718932399054,2002-07-15,2024-09-02,2013-04-15,2012-07-20
CZ0624130,Moravský kras,91G0,610.8503606827586,1.726576843404585,1.4283510836585125,0.9451211533702779,2.3796951893727574,1.5766406039293281,84.28746762719294,0.902444992845389,0,5.8870773866902774e-8,9.418897061332467,514.8703000110714,59.08958798372308,9.673332748412813,4.15464584769214,0.6801413431349073,63.244233831415215,10.35347409154772,0,54.01560229616709,45.304256360698,2010-05-17,2024-09-24,2017-07-24,2014-02-04
CZ0624130,Moravský kras,91H0,6.900174435502212,1.5909732461865174,1.2395444540948306,1.2228615894989192,2.00613163669682,1.5804220182874258,98.94487721009087,0.9142446574238146,0,7.262717708055076e-9,0.10639599629701524,6.8273691224897455,0.07280489564877934,1.0551167413129379,4.17363687301986e-7,6.048596179751639e-6,0.07280531301246665,1.0551227899091176,0,80.8880711931186,19.11192275828521,2010-05-20,2024-09-24,2014-10-13,2013-02-05
CZ0210421,Mramor,9170,104.04935225725048,2.053378679674039,1.6779360170866253,1.5666681406841323,1.9723473738202397,1.9278292045934302,87.29512506790648,0.14026139485451597,0,6.286730680410041e-10,81.63301696290772,90.83001218531338,9.875775811225651,9.49143420596112,1.43908988126386,1.3830839404995716,11.31486569248951,10.874518146460693,0,0,98.61691605950044,2020-04-03,2021-06-18,2020-07-24,2020-06-12
CZ0210421,Mramor,91H0,5.896103244131606,1.7553640977153426,1.0357122712301665,1.8787555728824141,1.1391005627326694,1.7375079621002592,98.21438643849167,0,0,6.205891436505245e-9,4.625850000038909,5.790821625003859,0.10528161912774667,1.785613561508332,0,0,0.10528161912774667,1.785613561508332,0,0,100,2020-04-09,2021-06-25,2020-08-04,2020-05-17
CZ0624103,Mušovský luh,3150,1.902627323364999,2,2,2,2,2,100,NA,NA,2.887872149803662e-10,0.33665012528255406,1.902627323364999,0,0,NA,NA,0,0,0,0,100,2024-08-27,2024-08-27,2024-08-27,2024-08-27
CZ0624103,Mušovský luh,91E0,12.706195953479078,2.173514599417002,1.7852046366776004,1.2485365457540079,2.2865031868380106,1.924520952360923,78.12391697060049,1.1153576120679676,0,1.426555157846974e-10,2.2482292812015983,9.926577976817795,2.55944791003454,20.143305828159676,0,0,2.55944791003454,20.143305828159676,0,0,100,2014-04-17,2024-08-31,2021-04-15,2024-08-25
CZ0624103,Mušovský luh,91F0,380.60061108523036,2.660138293701917,2.115335901974459,1.4097399633346552,2.4132709658285703,2.2971391225423807,63.913733816377736,0.6260431621034946,0,1.561055063858275e-8,67.34332143293791,243.25606147252117,73.02310283042902,19.186281026247876,38.2359604569998,10.046216254875475,111.25906328742883,29.232497281123354,0,0,89.95378374512453,2014-04-17,2024-08-31,2022-11-01,2024-08-29
CZ0420015,Myslivna,7220,0.1918662016802607,1.191968975922245,3,2,3,1.191968975922245,100,NA,NA,6.068778124957384e-9,0.3190992163339729,0.1918662016802607,0,0,NA,NA,0,0,0,0,100,2014-09-16,2014-09-16,2014-09-16,2014-09-16
CZ0420015,Myslivna,9170,13.186371132526805,1.8588820294460051,2.270790098593594,0.7454613689803887,3.2545386310196114,1.572961797806791,71.40797683607857,0.7443400344520261,0,7.967292651392061e-11,21.930703051548047,9.416120843834094,2.253680710365716,17.090984985297165,1.31705802870294,9.98802487406224,3.5707387390686565,27.07900985935941,0,0,90.01197512593777,2014-04-13,2014-09-16,2014-05-09,2014-04-13
CZ0420015,Myslivna,91F0,24.681750479974653,1.3660511175848868,1.9491183657966549,1.893534390123344,2.054641787226942,1.3388499387761847,97.27988211912981,0.999057811553631,0,1.0123360407065313e-9,41.04906005819394,24.010377771857097,0,0,0.0232548601383925,0.09421884463689134,0.0232548601383925,0.09421884463689134,0,0,99.90578115536312,2014-04-13,2014-04-13,2014-04-13,2014-04-13
CZ0620419,Na Adamcích,6210,10.84768029698394,1.9133432037494775,1.64123904679211,1.7688856418764907,1.8380213203188775,1.6777858806621784,96.56679154032582,NA,NA,7.967941237067765e-10,72.02894023112178,10.475256819349477,0.3724234776344616,3.433208459674178,NA,NA,0.3724234776344616,3.433208459674178,0,0,100,2013-07-07,2013-07-07,2013-07-07,2013-07-07
CZ0620419,Na Adamcích,6240,0.3987013291312382,1.7652361923952817,1.920802025837108,1.1555658334418266,2.5101574615968545,1.5101574615968543,74.49212692015729,NA,NA,1.4390517976976607e-9,2.64738943440723,0.29700110012879594,0.10170022900244222,25.507873079842717,NA,NA,0.10170022900244222,25.507873079842717,0,0,100,2013-07-07,2013-07-07,2013-07-07,2013-07-07
CZ0213065,Na Babě,6190,0.6741216018492263,1,2.0479481342572594,2,2.0479481342572594,1.945771145147464,100,NA,NA,2.097652391890564e-9,2.3078996331831125,0.6741216018492263,0,0,NA,NA,0,0,0,0,100,2014-04-24,2014-05-04,2014-05-02,2014-05-04
CZ0213065,Na Babě,6210,0.9400723283775616,1,2,2,2,1,100,NA,NA,6.905108618649559e-11,3.2183994339843434,0.9400723283775616,0,0,NA,NA,0,0,0,0,100,2014-05-04,2014-05-04,2014-05-04,2014-05-04
CZ0213065,Na Babě,40A0,0.3998020471240813,1,1.7256879290943568,2,1.7256879290943568,1,100,NA,NA,8.020875286120824e-9,1.36874859872818,0.3998020471240813,0,0,NA,NA,0,0,0,0,100,2014-05-04,2014-05-04,2014-05-04,2014-05-04
CZ0420008,Na Černčí,91U0,5.498307756825551,1.8380593945923516,1.083144932207116,1.916855067792884,1.1247173983106742,1.7964869284887934,95.84275338964419,0.37185657286221135,0,1.618508772933929e-8,77.02584630511777,5.2697295439779905,0.22857821284756064,4.157246610355807,0,0,0.22857821284756064,4.157246610355807,0,0,100,2022-05-21,2022-05-21,2022-05-21,2022-05-21
CZ0420076,Na dlouhé stráni,6210,11.245074244821671,1.5239564550381073,2.0883081870312163,1.9287666137801238,2.1595415732510927,1.5239564550381075,100,NA,NA,8.259838816794351e-10,82.6962609871299,11.245074244821671,0,0,NA,NA,0,0,0,0,100,2013-10-01,2013-10-01,2013-10-01,2013-10-01
CZ0210044,Na horách,6210,1.2407355127842492,1.6276567077347477,2.0768818353943432,1.4107720018755399,2.6661098335188034,1.6276567077347477,100,NA,NA,9.113568418269796e-11,25.5427860699246,1.2407355127842492,0,0,NA,NA,0,0,0,0,100,2014-05-08,2014-05-08,2014-05-08,2014-05-08
CZ0210044,Na horách,8230,0.03179667448726483,2,2,2,2,2,100,NA,NA,3.742663507878206e-10,0.6545920913802874,0.03179667448726483,0,0,NA,NA,0,0,0,0,100,2014-05-08,2014-05-08,2014-05-08,2014-05-08
CZ0210044,Na horách,6210p,1.4004332594917948,2,2,2,2,2,99.99999999999999,NA,NA,1.5017073400451108e-9,28.830453214106004,1.4004332594917948,0,0,NA,NA,0,0,0,0,100,2014-05-08,2014-05-08,2014-05-08,2014-05-08
CZ0622169,Na Kocourkách,6210,1.6912124257096974,2.241423165363318,2.162460474967432,1.6750790500651358,2.324920949934864,1.5611747938403373,83.75395250325678,NA,NA,1.2422454256142104e-10,56.57082992379225,1.416457251758077,0.27475517395162025,16.2460474967432,NA,NA,0.27475517395162025,16.2460474967432,0,0,100,2018-05-23,2018-05-23,2018-05-23,2018-05-23
CZ0720428,Na Koncoch,6210,7.762052373751501,3.227448028998885,2.2344822682846015,0.8261222854286016,3.158786928979936,2.555205405650622,32.77573766517369,NA,NA,5.701456486534751e-10,0.4472939846958921,2.544069923454179,1.5259454632434295,19.65904621313345,NA,NA,1.5259454632434295,19.65904621313345,0,0,100,2013-07-29,2023-09-08,2017-03-08,2013-08-01
CZ0720428,Na Koncoch,6510,173.49872892967622,2.881497688146771,2.390242782763644,1.0243992936069575,2.9574933260861185,2.465147858882635,51.746754059521116,NA,NA,9.935303889662718e-10,9.997992034305206,89.77996055563477,70.26932908787329,40.50135094439531,NA,NA,70.26932908787329,40.50135094439531,0,0,100,2013-07-24,2024-03-27,2019-09-03,2023-09-02
CZ0720428,Na Koncoch,7220,0.2283826779801864,1.7015108943389592,1.9989564104366857,1.9825854407780301,2.0076636900476705,1.684499105661813,98.29882113228535,NA,NA,7.223803818012073e-9,0.01316072001971096,0.2244974801248667,0.0019885918354790194,0.8707279610984954,NA,NA,0.0019885918354790194,0.8707279610984954,0,0,100,2013-07-24,2024-04-06,2019-12-18,2022-10-24
CZ0720428,Na Koncoch,9130,668.499993232717,2.538215715931505,2.2285446740225874,1.31242840748589,2.6340103089290503,2.2422402198803715,63.836267096522086,0.7264845281342883,0,5.108411658368601e-9,38.52280445226119,426.74544122026924,154.7050492455631,23.14211680054684,29.0996070626189,4.35297043488358,183.804656308182,27.49508723543042,0,0,95.64702956511643,2013-07-24,2024-04-06,2019-08-02,2022-10-24
CZ0720428,Na Koncoch,9170,289.40650786682613,2.6324741444738526,2.2339015257383616,1.2392334345049272,2.661951853357473,2.2653034954609748,59.20802668949284,0.7239088190919692,0,1.7486132615399562e-9,16.67726316024726,171.35188241891964,88.72156992902761,30.65638384671498,5.29954622546435,1.8311772822686485,94.02111615449196,32.487561128983636,0,0,98.16882271773136,2013-07-24,2024-04-09,2019-05-17,2023-09-02
CZ0720428,Na Koncoch,6210p,0,NA,NA,NA,NA,NA,NA,NA,NA,NA,NA,NA,0,NA,NA,NA,0,NA,NA,NA,NA,NA,NA,NA,NA
CZ0420035,Na loučkách,4030,8.196658819800149,1.3437893452562681,2.154495460135302,2,2.154495460135302,1.3437893452562681,100,NA,NA,5.867354950669404e-9,0.8074587487323922,8.196658819800149,0,0,NA,NA,0,0,0,0,100.00000000000001,2025-06-06,2025-06-25,2025-06-09,2025-06-07
CZ0420035,Na loučkách,6230,22.558397035839977,2.0071912583810865,1.9484861477225122,2,1.9484861477225124,1.9713503720179417,100,NA,NA,2.173015038259594e-9,2.2222438977168473,22.558397035839977,0,0,NA,NA,0,0,0,0,100,2025-05-30,2025-06-26,2025-06-05,2025-06-07
CZ0420035,Na loučkách,6430,0,NA,NA,NA,NA,NA,NA,NA,NA,NA,NA,NA,0,NA,NA,NA,0,NA,NA,NA,NA,NA,NA,NA,NA
CZ0420035,Na loučkách,6520,439.14423948740705,2.1390221069370785,1.8473865087738401,1.9493179095292208,1.876143162998507,2.0219254362461125,97.80745637538878,NA,NA,2.88853165921315e-8,43.26041450852841,429.5158104616784,9.628429025728565,2.1925436246112184,NA,NA,9.628429025728565,2.1925436246112184,0,0,100,2023-08-24,2025-06-07,2025-04-22,2025-06-06
CZ0420035,Na loučkách,7120,25.892671092190618,2.5966517618056266,3,1.2038432488124493,2.194235126781326,2.619879550382435,38.0120449617565,NA,NA,2.686070395822873e-8,2.5507056303155218,9.842333777363226,10.307312448163144,39.807837559377525,NA,NA,10.307312448163144,39.807837559377525,0,0,100,2025-06-04,2025-06-07,2025-06-06,2025-06-07
CZ0420035,Na loučkách,7140,19.872760902548226,1.8095215145940053,2.142106688521599,2,2.1421066885215985,1.7056656819559464,100.00000000000001,NA,NA,3.694471126802386e-9,1.9576799528933961,19.872760902548226,0,0,NA,NA,0,0,0,0,100,2025-05-30,2025-06-26,2025-06-06,2025-06-06
CZ0420035,Na loučkách,9410,198.8372656982434,3.262284022045413,2.4536479730081386,1.1958515684160063,2.8557221888001356,2.440064759807849,55.9935240192151,0,0,2.582083491008345e-9,19.587601886543872,111.33599212789647,79.94733767584614,40.20742157919969,0,0,79.94733767584614,40.20742157919969,0,0,100,2025-05-30,2025-06-26,2025-06-10,2025-06-07
CZ0420035,Na loučkách,91D0,65.60595079259511,3.389811642926147,2.591444699424288,0.8704916471757042,3.156198875836436,2.584620705330167,40.855530057571194,0.19480906240402027,0,4.589283884704195e-9,6.46288934320672,26.803658945624065,37.051234707607954,56.47541764121479,0,0,37.051234707607954,56.47541764121479,0,0,100,2025-05-30,2025-06-26,2025-06-12,2025-06-07
CZ0614054,Na Oklice,4030,1.2462403451890685,2,2,2,2,2,100,NA,NA,8.920872052653414e-10,2.0687714692520682,1.2462403451890685,0,0,NA,NA,0,0,0,0,100,2021-07-05,2021-07-05,2021-07-05,2021-07-05
CZ0614054,Na Oklice,5130,4.984961380756274,2,2,1,3,1,100,NA,NA,1.161377713338047e-8,8.275085877008273,4.984961380756274,0,0,NA,NA,0,0,0,0,100,2021-07-05,2021-07-05,2021-07-05,2021-07-05
CZ0614054,Na Oklice,6230,7.18045375714961,1.2994637751990954,1.4841510601270844,1.1433915801841388,2.3407594799429456,1.2994637751990952,100,NA,NA,6.916818589115105e-10,11.919625236351425,7.18045375714961,0,0,NA,NA,0,0,0,0,100,2021-07-05,2021-07-09,2021-07-07,2021-07-09
CZ0614054,Na Oklice,7140,5.234221853391799,1.3622363743530106,1.2362973237848993,1.7704095464382275,1.4232666030400023,1.3622363743530106,100,NA,NA,9.730747329705183e-10,8.68886076095526,5.234221853391799,0,0,NA,NA,0,0,0,0,100,2021-07-05,2021-07-09,2021-07-07,2021-07-09
CZ0320037,Na požárech,6230,2.65628752522741,2,1.5479571164070514,1.5237498531166107,2.0242072632904407,2,100,NA,NA,2.558760149974278e-10,3.3982934176040396,2.65628752522741,0,0,NA,NA,0,0,0,0,100,2021-07-05,2021-07-06,2021-07-05,2021-07-05
CZ0320037,Na požárech,7140,19.38529271241919,1.5764826309529654,1.3474337786821136,1.6930924108928238,1.6543413677892898,1.4099104125677189,100,NA,NA,3.603847727140016e-9,24.800369687879268,19.38529271241919,0,0,NA,NA,0,0,0,0,100,2021-07-05,2021-07-06,2021-07-05,2021-07-05
CZ0210003,Na pramenech,7140,2.701766210713936,2.185483705155918,1.1854837051559184,1.1001310169345369,1.9926108356434225,2.092741852577959,90.72581474220408,NA,NA,5.022753157349675e-10,89.00440791175393,2.451199407099793,0.2505668036141433,9.274185257795919,NA,NA,0.2505668036141433,9.274185257795919,0,0,100,2015-07-08,2015-07-08,2015-07-08,2015-07-08
CZ0620154,Načeratický kopec,6210,49.0034530382456,1.8944117221863008,1.2242965362396254,1.99924852330496,1.224672274587145,1.8940359838387808,99.962426165248,NA,NA,3.5994482095007193e-9,38.547224856970494,48.98504056177824,0.018412476467364467,0.03757383475200029,NA,NA,0.018412476467364467,0.03757383475200029,0,100,0,2012-08-21,2012-08-21,2012-08-21,2012-08-21
CZ0620154,Načeratický kopec,8230,19.329842250189472,0.9999999999999996,2,2,2,1,100.00000000000001,NA,NA,2.2752409291041447e-7,15.205291249298018,19.329842250189472,0,0,NA,NA,0,0,0,100,0,2012-08-21,2012-08-21,2012-08-21,2012-08-21
CZ0724121,Nad Jasenkou,5130,4.988310101244096,2.098465586097972,2.0984655860979715,1.0984655860979715,3,2.0984655860979715,90.15344139020283,NA,NA,1.1621578857497671e-8,0.6753965045514265,4.497133223486664,0,0,NA,NA,0,0,0,100,0,2008-06-02,2008-06-14,2008-06-06,2008-06-03
CZ0724121,Nad Jasenkou,6210,6.226295033702002,2.1239577163583294,2.116656727912354,1.1786355860915185,2.938021141820835,2.1786355860915183,82.13644139084815,NA,NA,4.573397408013403e-10,0.84301453131782,5.114057171177934,0,0,NA,NA,0,0,0,100,0,2008-05-30,2008-06-02,2008-05-31,2008-05-31
CZ0724121,Nad Jasenkou,6510,234.74779112612973,2.5733733875038585,2.346622422713689,1.2907730107951236,2.7977217560492313,2.3069304731282205,63.907789890217245,NA,NA,1.3442695843671047e-9,31.783877577742054,150.02212512481304,58.53340012847516,24.934590373642845,NA,NA,58.53340012847516,24.934590373642845,0,100,0,2008-05-08,2008-06-17,2008-06-04,2008-06-03
CZ0724121,Nad Jasenkou,7220,0.24558843887871598,3,3,2,3,3,0,NA,NA,7.768026533893283e-9,0.033251656334588785,0,0,0,NA,NA,0,0,0,100,0,2008-06-03,2008-06-03,2008-06-03,2008-06-03
CZ0724121,Nad Jasenkou,9130,153.16528157858585,1.3106730638394501,1.9761084546422842,1.8535618542905568,2.122546586450056,1.303386769049422,97.0838788053742,0.9437115719630702,0,1.1704282991682527e-9,20.737944052638568,148.69879633966443,0,0,2.12925341311494e-6,1.3901671391649323e-6,2.12925341311494e-6,1.3901671391649323e-6,0,99.99999860983286,0,2008-05-12,2008-06-14,2008-06-01,2008-06-02
CZ0724121,Nad Jasenkou,9170,118.70841387573252,1.9897538090212317,2.2520309498935576,1.6669723045140614,2.418544797636527,1.9358136644736121,65.60548399042393,0.7214278614339216,0,7.172440878730959e-10,16.07262703505901,77.87922946052988,19.657641598986196,16.559602607077537,0.108953154926908,0.09178216721938799,19.766594753913104,16.651384774296925,0,99.90821783278061,0,2008-05-16,2008-06-20,2008-06-05,2008-06-03
CZ0720058,Nad Kašavou,6510,19.377649631032554,1.439691710329953,1.6969439996476359,1.683668923456933,2.013275076190703,1.4280794066076232,98.83876962776705,NA,NA,1.1096498455026367e-10,70.48618789193203,19.152630478092117,0,0,NA,NA,0,0,0,0,100,2016-06-02,2016-06-02,2016-06-02,2016-06-02
CZ0313128,Nadějská soustava,7150,0.060933370769000614,2,1,2,1,2,100,NA,NA,3.026933524933491e-9,0.009952216032124614,0.060933370769000614,0,0,NA,NA,0,0,0,0,100,2025-06-04,2025-06-04,2025-06-04,2025-06-04
CZ0410021,Nadlesí,3160,0.21374432911687763,1.5451792165664897,2.04166817960979,2,2.04166817960979,1.5451792165664897,100,NA,NA,7.275163408329769e-9,0.19211332268150255,0.21374432911687763,0,0,NA,NA,0,0,0,100,0,2010-09-21,2010-09-21,2010-09-21,2010-09-21
CZ0410021,Nadlesí,6510,11.759896491058829,2.429748334499389,2.2148741672496945,1.5058307916631126,2.4941692083368876,2.2148741672496945,78.51258327503055,NA,NA,6.734236387230561e-11,10.569790546594957,9.232998525599958,2.5268979654588706,21.487416724969453,NA,NA,2.5268979654588706,21.487416724969453,0,100,0,2010-07-19,2010-09-21,2010-08-17,2010-08-15
CZ0410021,Nadlesí,7140,5.9412493761531024,1.6095989607843424,1.0227280897521094,1.9295777163254617,1.093150373426648,1.343252434987623,100,NA,NA,1.1045155922202924e-9,5.339992706464044,5.9412493761531024,0,0,NA,NA,0,0,0,100,0,2010-07-19,2010-09-21,2010-09-01,2010-09-21
CZ0410021,Nadlesí,9410,18.732969358937993,2.7191197026773377,2.560070240514565,1.314027437326333,2.903056521851399,2.2986024284417725,61.8569754887506,0.5533563351470492,0,2.4326471574340444e-10,16.8371858196456,11.587648264673435,2.6226576960285186,14.000224127720465,3.80249380279047,20.298404005962887,6.425151498818988,34.29862813368335,0,79.70159599403712,0,2010-09-21,2010-09-21,2010-09-21,2010-09-21
CZ0410021,Nadlesí,91D0,7.457598308413955,1.8687790941985898,2.0261438251854873,1.8112423798095632,2.1205226352807056,1.7744002841033713,90.56211899047815,1.328252434492115,0,5.216757827898805e-10,6.70288655691043,6.753759053897732,0,0,0.703839254516222,9.437881009521831,0.703839254516222,9.437881009521831,0,90.56211899047815,0,2010-09-21,2010-09-21,2010-09-21,2010-09-21
CZ0724107,Nedakonický les,91F0,991.5625111483315,2.4978045656436496,2.0995776351016184,1.4103262070241684,2.396201218900266,2.184633741724124,64.69912520268576,0.5982672525498048,0,4.066950062814016e-8,65.02941147843589,641.5322705507539,259.70308786922936,26.191297568165062,30.874513435043,3.1137233495533363,290.5776013042724,29.305020917718398,0,96.88627665044665,0,2009-07-28,2009-08-17,2009-08-08,2009-08-10
CZ0520030,Nechanice - Lodín,9170,1268.2625056103823,2.503969430504255,2.533287120386671,1.3713745258731618,2.8747988005943936,2.0155420932360495,69.78519455901032,0.7387808094027601,0,7.66292594029955e-9,81.16299955403792,885.0594570591844,286.6327040496504,22.600424027492746,44.9739877190202,3.546110329688835,331.6066917686706,26.146534357181583,0,1.8150664051965573,94.63882326511458,2012-04-30,2021-08-10,2021-04-09,2021-06-16
CZ0520030,Nechanice - Lodín,91E0,19.7493472585435,2.9585528216983796,2.2758041240715166,1.0846232063429606,2.801928658165753,2.2508244850243795,74.91755149756203,0.9335870748501868,0,2.2173066824199297e-10,1.2638678945777586,14.795727402851684,3.467087633313588,17.555454304008645,0.547662367713707,2.7730656641160136,4.014750001027295,20.328519968124656,0,0,97.226934335884,2021-06-09,2021-08-10,2021-06-16,2021-06-12
CZ0310084,Nerestský lom,6110,0.1962116778659828,2,3,2,3,2,100,NA,NA,3.46400771075008e-9,3.694244745128792,0.1962116778659828,0,0,NA,NA,0,0,0,0,100,2015-09-29,2015-09-29,2015-09-29,2015-09-29
CZ0310084,Nerestský lom,6210,1.68449547179447,2.003183255913642,2,1.998408372043179,2.001591627956821,2.001591627956821,99.840837204317893,NA,NA,1.2373116247809112e-10,31.715434129870594,1.6818143817084235,0,0,NA,NA,0,0,0,0,100,2015-09-29,2015-09-29,2015-09-29,2015-09-29
CZ0310084,Nerestský lom,8210,0.9741059867856907,1.7410218593474625,2,1.9999999999999998,2,2,100,NA,NA,5.434907212628311e-9,18.340324908385185,0.9741059867856907,0,0,NA,NA,0,0,0,0,100,2015-09-29,2015-09-29,2015-09-29,2015-09-29
CZ0214043,Niva Bělé u Klokočky,6410,1.4192823246171815,1.7236233077549041,1.7236233077549037,1,2.7236233077549037,1.7236233077549037,100,NA,NA,1.8239844030890932e-10,12.674360430124137,1.4192823246171815,0,0,NA,NA,0,0,0,0,100,2012-08-20,2012-08-20,2012-08-20,2012-08-20
CZ0214043,Niva Bělé u Klokočky,7230,0.20767316941376776,1,2,2,2,1,100,NA,NA,4.151554992785655e-9,1.8545461710912796,0.20767316941376776,0,0,NA,NA,0,0,0,0,100,2012-08-20,2012-08-20,2012-08-20,2012-08-20
CZ0610517,Niva Doubravy,6230,16.252708234993253,1.5989166983471246,1.1558782937421228,1.4242697112353242,1.7316085825067988,1.5989166983471244,100,NA,NA,1.565597916863281e-9,19.134506562692703,16.252708234993253,0,0,NA,NA,0,0,0,0,99.99999999999999,2022-06-08,2022-09-21,2022-07-06,2022-06-30
CZ0624099,Niva Dyje,3150,34.18001694872015,1.705128377077774,1.950935827833148,1.6709484816251776,2.27998734620797,1.710705654438238,99.06072300420516,NA,NA,5.187958661891352e-9,1.0520026311059223,33.858971912362044,0,0,NA,NA,0,0,0,0,100,2014-07-05,2025-08-26,2021-01-07,2025-07-15
CZ0624099,Niva Dyje,6440,274.9140443068389,3.6470452414790446,2.3147214329353374,1.0078102850235204,2.8571782299793953,2.7847699905758647,18.810374154789436,NA,NA,2.235514445341164e-7,8.461385445556191,51.712360338180005,123.63789532671767,44.973291793242154,NA,NA,123.63789532671767,44.973291793242154,0,0,100,2014-06-01,2025-08-26,2017-11-08,2014-07-21
CZ0624099,Niva Dyje,6510,30.264211474488683,3.8997787185550097,2.926582006329999,0.14683598734000208,3.853164012659998,2.949889359277505,5.011064072249518,NA,NA,1.7330624831374873e-10,0.9314808166208441,1.5165590279477184,28.0422737880271,92.6582006329999,NA,NA,28.0422737880271,92.6582006329999,0,0,100,2025-07-05,2025-08-23,2025-07-13,2025-07-09
CZ0624099,Niva Dyje,91E0,63.27386101618734,2.611705532577952,1.8339771927473372,1.4318394784763084,2.233557366542152,2.290535234628525,68.66388544068066,1.29824044750475,0,7.103908449075945e-10,1.9474615348823572,43.44629144205038,9.098422807559409,14.379433562987032,1.56830668469807,2.478601209900642,10.66672949225748,16.858034772887674,0,0,97.52139879009935,2014-06-14,2025-08-25,2021-11-03,2025-04-30
CZ0624099,Niva Dyje,91F0,1429.930097636303,2.3924661754778245,1.7131546386946503,1.5337062671146524,1.9567834118676979,2.003695587353241,69.17434493254964,0.6653000315661804,0,5.864939663427491e-8,44.010809803512,989.1447780332802,259.95929971191015,18.179860689807633,56.8029989962505,3.9724318755264165,316.76229870816064,22.15229256533405,0,0,96.02756812447359,2014-06-14,2025-09-01,2020-09-01,2025-07-06
CZ0214041,Niva Kotelského potoka,6410,52.645738091515724,2.4873371719451995,1.8315464791437928,0.799547026871088,2.6669643688623843,2.148593786011693,80.16921936622424,NA,NA,6.765743749675638e-9,28.176269757333984,42.20567725755512,1.9203547186100554,3.647692649444563,NA,NA,1.9203547186100554,3.647692649444563,0,95.21868531281457,4.781314687185424,2011-05-24,2015-05-12,2011-09-15,2011-06-23
CZ0214041,Niva Kotelského potoka,6430,2.937264444601625,2.605367897409508,2.274248504656049,1.3100724574278726,2.8143992779012086,2.104008405365666,80.94158679339928,NA,NA,3.162584445085681e-10,1.5720390356357978,2.3774684497788816,0.18801989949632436,6.401190735205494,NA,NA,0.18801989949632436,6.401190735205494,0,99.01566256827749,0.9843374317225023,2011-05-24,2015-03-30,2011-10-05,2011-08-22
CZ0214041,Niva Kotelského potoka,6510,20.17407604269747,3.293927065263207,2.115519913559993,0.972542205897467,3.0335547304031074,2.4001984113159933,59.98015886840068,NA,NA,1.1552567411522979e-10,10.797269243255606,12.100442860641904,2.207507464049867,10.94229772594186,NA,NA,2.207507464049867,10.94229772594186,0,100,0,2011-05-31,2011-10-17,2011-07-13,2011-06-30
CZ0214041,Niva Kotelského potoka,91E0,23.336242884330343,2.5352934018799207,1.5836511583875605,1.7491794026218606,1.709250644667002,2.136196840960703,84.9114000251256,0.6914480352204894,0,2.620016075094132e-10,12.489677198343301,19.815130546348644,2.631670893489477,11.27718333466855,0.290519369355447,1.2449277752012209,2.9221902628449237,12.52211110986977,0,95.7895943980525,2.96547782674627,2011-06-30,2015-03-30,2012-06-25,2011-10-17
CZ0810004,Niva Morávky,3230,12.071866739176343,1,1,2,1,1,100.00000000000001,NA,NA,9.03165953693432e-7,3.2860919933197867,12.071866739176343,0,0,NA,NA,0,0,0,100,0,2008-06-10,2008-06-10,2008-06-10,2008-06-10
CZ0810004,Niva Morávky,9170,94.84539166268638,1.9129824136984772,1.9931363898429344,1.7037512696019659,2.214255148630526,1.6436371436330794,67.82562915789222,1.2733817959345959,0,5.730621293894384e-10,25.81793593981456,64.32948362248409,7.125731582998886,7.512997161044206,0,0,7.125731582998886,7.512997161044206,0,84.2726719831126,15.727328016887391,2008-05-31,2014-08-29,2010-04-23,2008-08-01
CZ0810004,Niva Morávky,91E0,149.2163768898865,1.352151426881525,1.9550222126365995,1.8378206981404561,2.117201514496143,1.3018991225065535,92.54502116679858,1.145421475407586,0,1.6752881260989923e-9,40.61830303168996,138.0923275770754,0,0,0,0,0,0,0,99.92066888342097,0.07933111657902601,2008-06-21,2014-04-24,2008-09-06,2008-07-30
CZ0324026,Niva Nemanického potoka,3260,2.513145119723439,1,1.149094669691018,2,1.149094669691018,1,100,NA,NA,5.470132548180112e-10,0.3690916072478566,2.513145119723439,0,0,NA,NA,0,0,0,100,0,2012-05-12,2012-06-01,2012-05-25,2012-05-31
CZ0324026,Niva Nemanického potoka,6430,80.00410708193792,1.6342093282555066,2.1487032865956848,1.3585288080482725,2.7177917502583777,1.607510372191644,93.12288700569381,NA,NA,8.614128873051557e-9,11.749757002712052,74.50213423782732,1.8166142410740256,2.270651229459384,NA,NA,1.8166142410740256,2.270651229459384,0,87.12083773774184,12.879162262258163,2009-06-06,2022-07-06,2012-02-19,2012-05-13
CZ0324026,Niva Nemanického potoka,7140,11.651606390454589,1.4737920790440393,2.4342821956896814,1.5385399228657295,2.6796893927109195,1.8262531630878303,100,NA,NA,2.1661068435076334e-9,1.7112064464250016,11.651606390454589,0,0,NA,NA,0,0,0,91.91815980650304,8.081840193496953,2009-06-06,2022-07-06,2012-10-03,2012-05-31
CZ0324026,Niva Nemanického potoka,91E0,103.42554604020233,2.3036456158084655,2.20435921282113,1.7668152574619103,2.320951584090175,2.1606054802837122,81.3030195263481,0.5399869734273267,0,1.161183462753003e-9,15.189533114851045,84.08809189229784,0.8976772236958517,0.8679453559248479,11.1609524389271,10.791291770979628,12.058629662622952,11.659237126904474,0,80.39912629746566,8.809581931554712,2009-06-06,2022-08-08,2013-02-02,2012-05-13
CZ0620011,Nové hory,6210,4.752525574003394,2.7329094255787316,1.7033216493082488,2,1.7033216493082484,2.5833367853370133,41.66632146629868,NA,NA,3.490870256551482e-10,40.993265948475674,1.9802025834323107,0,0,NA,NA,0,0,0,0,100,2018-05-21,2018-05-29,2018-05-24,2018-05-21
CZ0620011,Nové hory,6210p,1.3148488303800578,1,1,2,1,1,100,NA,NA,1.4099337660318049e-9,11.341327247274148,1.3148488303800578,0,0,NA,NA,0,0,0,0,100,2018-05-21,2018-05-21,2018-05-21,2018-05-21
CZ0420144,Novodomské a polské rašeliniště,7110,9.882867378882425,1.2596686625864235,1.1142507879942856,1.7916311312750113,1.3226196567192745,1.2438083402085984,100.00000000000001,NA,NA,1.3093533151549416e-8,0.37803196664841304,9.882867378882425,0,0,NA,NA,0,0,0,0,100,2014-05-01,2015-09-04,2015-03-16,2015-07-14
CZ0420144,Novodomské a polské rašeliniště,7120,99.62806104216966,3.458922940058656,3,1.8725376661673445,1.1274623338326557,2.729461470029328,27.053852997067196,NA,NA,1.033527921494813e-7,3.8108972229675415,26.953229178176947,0,0,NA,NA,0,0,0,0,100,2015-09-04,2015-09-05,2015-09-04,2015-09-04
CZ0420144,Novodomské a polské rašeliniště,7140,51.82285088182698,1.492358638073299,1.2961878792391792,1.8236609788474534,1.4479210259272381,1.4421010060889536,94.9742368015655,NA,NA,9.63419361961655e-9,1.982288488262589,49.218357113828525,1.275146563190099,2.460587446448767,NA,NA,1.275146563190099,2.460587446448767,0,0,100,2014-05-01,2015-09-05,2015-05-26,2015-07-29
CZ0420144,Novodomské a polské rašeliniště,9410,576.7090554234281,2.5449737646576525,2.253496760337385,1.2982419703434778,2.7193563007912385,2.2908505014761,70.91494985239001,0.69063474865308,0,7.48909378679414e-9,22.059838511191344,408.9729374477161,112.06773779637055,19.432283357175447,15.4246163219811,2.6745923576067523,127.49235411835166,22.106875714782202,0,0,97.32540764239324,2014-05-01,2015-09-05,2015-06-09,2015-09-02
CZ0420144,Novodomské a polské rašeliniště,91D0,1281.4038267784204,1.8005611495134617,1.3264191696128749,1.8603256319782204,1.4513678167740887,1.6626069668134325,94.7470272425295,0.7386671688966655,0,8.963708110295756e-8,49.01528980778723,1214.0920328445654,13.453500521427207,1.049903257683464,5.41609454137241,0.42266882837309944,18.86959506279962,1.4725720860565636,0,0,99.5773311716269,2014-05-01,2015-09-05,2015-07-24,2015-09-03
CZ0612137,Obecník,3130,0,NA,NA,NA,NA,NA,NA,NA,NA,NA,NA,NA,0,NA,NA,NA,0,NA,NA,NA,NA,NA,NA,NA,NA
CZ0424039,Oblík - Srdov - Brník,6110,0.7546779136877286,1,1,2,1,1,99.99999999999999,NA,NA,1.3323417548738576e-8,0.22516548363053848,0.7546779136877286,0,0,NA,NA,0,0,0,0,100,2023-06-03,2023-06-13,2023-06-06,2023-06-03
CZ0424039,Oblík - Srdov - Brník,6210,78.07473227674319,2.2798037652418213,2.060834394807494,1.7641790483271864,2.178744870643901,1.8316942599353143,86.99526607910332,NA,NA,5.734819443875509e-9,23.294354496893167,67.9213210847003,9.205828833550855,11.791047583640676,NA,NA,9.205828833550855,11.791047583640676,0,0,100,2023-05-30,2023-07-19,2023-06-18,2023-06-22
CZ0424039,Oblík - Srdov - Brník,6510,16.750249412460494,3.398661725887203,2.51270313842663,0.9745937231467406,3.0254062768532592,2.51270313842663,48.72968615733703,NA,NA,9.591932988044744e-11,4.9975995606642565,8.162343969263189,8.587905443197306,51.27031384266297,NA,NA,8.587905443197306,51.27031384266297,0,0,100,2023-06-06,2023-07-01,2023-06-21,2023-06-20
CZ0424039,Oblík - Srdov - Brník,8160,0,NA,NA,NA,NA,NA,NA,NA,NA,NA,NA,NA,0,NA,NA,NA,0,NA,NA,NA,NA,NA,NA,NA,NA
CZ0624071,Očov,3150,0,NA,NA,NA,NA,NA,NA,NA,NA,NA,NA,NA,0,NA,NA,NA,0,NA,NA,NA,NA,NA,NA,NA,NA
CZ0624071,Očov,6410,0.6366469177418388,2,2,1,3,2,100,NA,NA,8.181839709369134e-11,0.22119054253974788,0.6366469177418388,0,0,NA,NA,0,0,0,0,100,2025-05-16,2025-05-16,2025-05-16,2025-05-16
CZ0624071,Očov,6440,46.87778674160711,2.951949237513855,2.0081707520999164,0.5440939656493092,3.0025075054601396,2.4759746187569274,52.40253812430724,NA,NA,3.8119540124155904e-8,16.28677182513791,24.565150069102113,21.1063853842589,45.02427877109138,NA,NA,21.1063853842589,45.02427877109138,0,0,100,2025-05-16,2025-05-16,2025-05-16,2025-05-16
CZ0624071,Očov,91E0,6.974753366511055,3.1902328249969054,2.5272205765298326,0.4048835875015472,3.5272205765298326,2.5951164124984527,40.48835875015472,0.3369877515329269,0,7.830723236235406e-11,2.42324189158346,2.8239631649714894,4.150790201539565,59.51164124984528,0,0,4.150790201539565,59.51164124984528,0,0,100,2018-04-20,2025-06-25,2024-06-09,2025-06-25
CZ0624071,Očov,91F0,170.39252651651316,2.7505525874422667,1.88129299446853,1.3175668860499754,2.2268214836505384,2.3357824152371416,56.87784409100137,0.5632998674002687,0,6.9887464343204374e-9,59.19955682592175,96.91559557478053,54.748165844398294,32.13061450737543,2.65786436492181,1.5598479694261884,57.40603020932011,33.69046247680161,0,0,98.44015203057381,2018-04-20,2025-06-25,2025-04-10,2025-06-25
CZ0423510,Ohře,3260,268.59905838890694,1.9845058631101486,2.00145393791812,2,2.00145393791812,1.9845058631101489,99.84180484928012,NA,NA,5.84634942157808e-8,52.987411442578335,268.1741477036564,0,0,NA,NA,0,0,0,0,100,2014-04-11,2022-07-03,2020-11-25,2021-09-25
CZ0423510,Ohře,6430,3.8175842040247256,2.0852606152601627,2.0426303076300814,1.9147393847398375,2.0852606152601627,2.0426303076300814,95.73696923699187,NA,NA,4.110434266020231e-10,0.7531072750167925,3.6548394150034125,0.1627447890213132,4.263030763008133,NA,NA,0.1627447890213132,4.263030763008133,0,0,100,2017-09-30,2021-09-28,2020-12-31,2021-09-25
CZ0620169,Ochůzky - Nedánov,6210,8.088625064505141,2.1155385441931434,1.8070685442304701,1.3239171437476487,2.182293930561463,1.8108748092511275,69.53362650579841,NA,NA,5.94133376336412e-10,1.7125608932795615,5.6243143418074,2.4335232720495017,30.08574699213585,NA,NA,2.4335232720495017,30.08574699213585,0,0,100,2021-05-09,2021-06-12,2021-05-23,2021-05-18
CZ0620169,Ochůzky - Nedánov,91G0,310.72343704109915,2.0927725606066323,1.806072748388526,1.5953518705935175,2.0817747179351622,1.7104456471060832,86.10111032564515,1.4885300672993629,0,2.994600703312584e-8,65.78779491673176,267.5363293343933,20.39151335220663,6.56259262139581,18.3433616198715,5.903436765037212,38.73487497207813,12.466029386433023,0,0,94.0965632349628,2021-05-07,2021-06-12,2021-05-10,2021-05-09
CZ0620169,Ochůzky - Nedánov,91I0,101.70762180586692,1.6416665028971114,1.9654304995761955,1.339148589846888,2.5687164412634242,1.521124569794112,97.12031113963712,1.3860507397088913,0,1.4847110756088849e-8,21.534005379670987,98.77875875058336,0,0,1.82354008663423,1.7929237300572105,1.82354008663423,1.7929237300572105,0,0,98.20707626994279,2021-05-07,2021-06-12,2021-05-13,2021-05-08
CZ0813516,Olše,3220,3.647669328881669,3.358589013375806,2.4357182285050536,0.5642817714949463,2.4357182285050536,1.9228707848707522,28.21408857474732,NA,NA,2.5815345978432574e-7,2.157846621878203,1.029156655364565,0,0,NA,NA,0,0,71.78591142525269,0,28.214088574747315,2003-05-13,2014-10-10,2006-07-06,2003-05-28
CZ0813516,Olše,3240,11.375858671397587,2.679278816923686,2.26288244750927,0.749452461581563,2.265278011360214,1.6804510862372637,36.67609560984023,NA,NA,1.6245014473884166e-7,6.7296007372919036,4.17222080276208,0,0,NA,NA,0,0,62.407598728374644,0,37.592401271625356,2003-05-13,2014-10-10,2007-02-17,2003-05-28
CZ0813516,Olše,91E0,29.904552542825137,2.1746277232642637,2.271218164793471,0.8978715906340808,2.3910328591940555,1.9845734243077358,44.563149243628544,0.3417589016166148,0,3.357455986769367e-10,17.69059414798939,13.326410380298482,0.15753796968199313,0.5268026313264148,0,0,0.15753796968199313,0.5268026313264148,48.85228443260355,0,51.14771556739646,2003-03-20,2014-08-20,2009-10-16,2014-08-09
CZ0420501,Olšový potok,6410,18.258834675626307,2.78681027306267,2,1,3,1.9198976364980591,100,NA,NA,2.3465260638617212e-9,4.984126421863104,18.258834675626307,0,0,NA,NA,0,0,0,100,0,2012-08-16,2012-08-16,2012-08-16,2012-08-16
CZ0420501,Olšový potok,6520,61.61911720076314,2.684647508239811,2.255564331634618,1.2091347066362939,2.790865293363706,2.304447188116219,58.54938465332474,NA,NA,4.053082218610634e-9,16.82021200083341,36.0776139498578,15.747648503328238,25.55643316346182,NA,NA,15.747648503328238,25.55643316346182,0,100,0,2012-08-15,2012-08-17,2012-08-15,2012-08-16
CZ0420501,Olšový potok,7140,0.9869077927374467,3.2003197551643137,2,1.1959545137395888,2.804045486260411,2.600159877582157,39.98401224178432,NA,NA,1.834723601297513e-10,0.26939688611625917,0.3946053326632641,0,0,NA,NA,0,0,0,100,0,2012-08-16,2012-08-17,2012-08-16,2012-08-17
CZ0420501,Olšový potok,91D0,17.494840490928187,3.0325683598627737,2.4371568251240023,1.1256863497519953,2.8743136502480047,2.4371568251240023,56.284317487599765,0.4638743051539458,0,1.2238034592976173e-9,4.7755784137480655,9.846851565863178,5.75792008647623,32.91210393979845,1.89006883858878,10.803578572601793,7.64798892506501,43.71568251240024,0,89.19642142739822,0,2012-08-16,2012-08-17,2012-08-16,2012-08-17
CZ0420501,Olšový potok,91E0,45.52401740414226,1.8749707350523823,2.117400511803187,1.707790374985671,2.292209625014329,1.5722504014363978,88.25994881968131,0.9101527416823891,0,5.111090846667816e-10,12.42672174890911,40.179474461558776,4.711754462867294,10.350040992732263,0.63278847971619,1.3900101875864148,5.344542942583484,11.740051180318677,0,98.60998981241359,0,2012-08-15,2012-08-17,2012-08-15,2012-08-16
CZ0720190,Ondřejovsko,7220,0.38752304524001663,2,2,2,2,2,100,NA,NA,1.2257455243673786e-8,0.1300063893659506,0.38752304524001663,0,0,NA,NA,0,0,0,0,100,2014-08-05,2014-08-05,2014-08-05,2014-08-05
CZ0720190,Ondřejovsko,9130,162.50446732041144,2.4727573873811215,2.399945307479814,1.2393271326158837,2.791029874258893,2.121062807311102,58.21609719851682,0.6304116993949628,0,1.2417946504115854e-9,54.51706501500782,94.60375864718273,59.787555757505785,36.79133056669892,0.272194160171878,0.16749949380480134,60.059749917677664,36.958830060503715,0,0,99.83250050619522,2014-05-02,2014-05-18,2014-05-12,2014-05-17
CZ0610518,Opatovské zákopy,6230,2.186914539400034,1.8090262430883062,1.8359678133755042,1.281394702775379,2.554573110600125,1.8090262430883062,100,NA,NA,2.1066205076338998e-10,14.156028050237385,2.186914539400034,0,0,NA,NA,0,0,0,0,100,2013-07-02,2013-09-17,2013-07-14,2013-07-02
CZ0314044,Opolenec,6110,8.5020472289616e-4,1.331118735704313,3,2,3,2,100,NA,NA,1.5009890073107763e-11,0.004248898832588172,8.5020472289616e-4,0,0,NA,NA,0,0,0,0,100,2017-08-02,2017-08-07,2017-08-04,2017-08-04
CZ0314044,Opolenec,6510,1.7017518900731579,1.8820333348293512,2.0743043902044755,1.529007524090636,2.470992475909364,1.8077289446248757,92.56956097955243,NA,NA,9.744983307363461e-12,8.504506531622342,1.5753042536019581,0.1264476364711998,7.430439020447562,NA,NA,0.1264476364711998,7.430439020447562,0,0,100,2017-05-26,2017-05-26,2017-05-26,2017-05-26
CZ0314044,Opolenec,8210,0.15504985385782202,1,1,2,1,1,100,NA,NA,8.650820141548289e-10,0.7748617777672924,0.15504985385782202,0,0,NA,NA,0,0,0,0,100,2017-08-02,2017-08-02,2017-08-02,2017-08-02
CZ0314044,Opolenec,8310,0.006215544843979296,1,3,2,1,1,100,NA,NA,3.451721616738263e-9,0.031062190693933095,0.006215544843979296,0,0,NA,NA,0,0,0,0,100,2017-08-02,2017-08-02,2017-08-02,2017-08-02
CZ0314044,Opolenec,91U0,3.0834386788179,1.0161829860834586,1.030394255085179,2,1.030394255085179,1.0161829860834588,100,1.9838170139165412,0,9.076560958733752e-9,15.409487444574818,3.0834386788179,0,0,0,0,0,0,0,0,100,2017-07-13,2017-08-08,2017-07-27,2017-07-30
CZ0524049,Orlice a Labe,2330,1.2496436355769944,3.2624950377294133,2.631247518864707,0.6821850979684091,3.2901549698805024,2.5152629362808,36.87524811352933,NA,NA,1.7220037090660153e-9,0.04657327008319114,0.6057485866049784,0.7888344444230495,63.124751886470676,NA,NA,0.7888344444230495,63.124751886470676,0,35.64304320685398,64.35695679314603,2012-07-11,2022-09-16,2015-02-22,2014-01-26
CZ0524049,Orlice a Labe,3150,21.831529581495754,1.867422096510401,1.5906735753380408,1.8711464942552865,1.6551003282103975,1.7924121867887004,93.55732471276433,NA,NA,3.313663453256397e-9,0.8136445419967352,20.662378687191502,1.4065345611725715,6.442675287235668,NA,NA,1.4065345611725715,6.442675287235668,0,41.10727791704386,58.89272208295614,2012-06-06,2024-06-06,2015-06-02,2014-08-18
CZ0524049,Orlice a Labe,3260,67.44313911819033,1.7311257569900862,2.0074159505618785,1.9936422548135542,2.0137736957483243,1.6665019638490528,100,NA,NA,1.4679729695929801e-8,2.5135546198812153,67.44313911819033,0,0,NA,NA,0,0,0,46.41207455042799,53.58792544957201,2012-06-04,2024-06-05,2021-04-15,2022-06-18
CZ0524049,Orlice a Labe,6410,57.14425184075513,2.3212476384762546,2.1276878482348858,0.9742910350296816,2.9636495121959063,2.1145524326837997,79.83574819217895,NA,NA,7.343868254812956e-9,2.129722905724673,46.43685924459618,10.61184617964443,18.57027756565375,NA,NA,10.61184617964443,18.57027756565375,0,31.55673505242929,68.44326494757071,2012-06-06,2024-06-07,2015-04-07,2014-05-18
CZ0524049,Orlice a Labe,6430,3.130084851929316,2.977614181184462,2.3518545242058475,1.252596780670473,2.828148655821195,2.4268132937943543,55.37249890966071,NA,NA,3.370196266360544e-10,0.11665588736015896,1.7564309771393207,0.8485944486745306,27.110908771417986,NA,NA,0.8485944486745306,27.110908771417986,0,50.85722139874488,49.14277860125512,2012-06-06,2022-09-22,2016-10-13,2012-07-23
CZ0524049,Orlice a Labe,6510,143.1798219208027,2.434974716182881,2.062800434193273,1.0328417887476908,2.8876347107506173,2.0115873387549192,96.03615951212711,NA,NA,8.199109298533011e-10,5.3362033198382965,138.47944048274186,5.674812952679483,3.9634166857802087,NA,NA,5.674812952679483,3.9634166857802087,0,17.361811122871686,82.6381888771283,2012-06-04,2024-06-06,2017-12-23,2015-05-27
CZ0524049,Orlice a Labe,91E0,182.98921304847175,2.6497342562486885,2.336200402827686,1.1727702851287725,2.8645369959279865,2.261670529878478,71.42097370865113,0.49665137639317813,0,2.0544638746357423e-9,6.819869120272879,131.43701960707253,47.646326141678436,26.03777859247773,0.366122938304234,0.20007897307435943,48.01244907998267,26.237857565552087,0,5.6709395456261245,94.12898148129952,2012-06-04,2024-06-12,2019-11-04,2022-06-27
CZ0524049,Orlice a Labe,91F0,23.992365632455396,2.737752352264647,2.611327659384163,1.2146595435553416,3.01217101391185,2.3646938827818476,62.87777808456752,0.5977611853988987,0,9.840605289016879e-10,0.8941772619992442,15.242496652833486,6.995147661189288,29.155722984342496,0.0674188545040702,0.2810012798940932,7.062566515693359,29.43672426423659,0,41.2604341550771,58.4585645650288,2012-06-04,2022-07-28,2015-02-15,2012-08-06
CZ0524046,Orlické hory - sever,6430,2.370334741801454,1.709245059982229,2.754507411542851,0,3,2.000415933451224,99.95840665487758,NA,NA,2.552165092879195e-10,0.25172645615312067,2.3693488402917398,0,0,NA,NA,0,0,0,0,100,2022-08-04,2022-08-30,2022-08-17,2022-08-18
CZ0524046,Orlické hory - sever,6520,8.38006324749461,2.1338267037610894,1.8458485812134322,1.1852573508809705,2.522180714201436,1.8458485812134322,93.19817009371138,NA,NA,5.512101906392166e-10,0.8899517804087124,7.81006559936062,0.5699976481339895,6.801829906288617,NA,NA,0.5699976481339895,6.801829906288617,0,0,100,2022-07-06,2024-05-24,2022-08-24,2022-07-06
CZ0524046,Orlické hory - sever,9110,419.7718795562876,3.355342781074212,2.5761789321196606,0.6362085032798985,3.3360555095160653,2.56747831647377,37.76678166114257,0.45033997229886696,0,3.06051674460274e-9,44.57922578189587,158.53432922689754,211.58374295179766,50.40445853005887,41.0162653623267,9.771084572335386,252.60000831412435,60.17554310239426,0,0,90.22891542766462,2022-07-06,2024-06-21,2022-08-26,2022-08-24
CZ0524046,Orlické hory - sever,9130,29.742871184816806,3.087462237988514,2.2619832720431416,0.689507071976208,3.1766156044546845,2.422816319714496,57.71836802855043,0.6237362441148991,0,2.2728321832754457e-10,3.1586541036320184,17.16709985271024,9.090920154202054,30.565038922142808,1.2714790998869,4.274903697044444,10.362399254088954,34.83994261918725,0,0,95.72509630295555,2022-07-06,2022-08-30,2022-08-12,2022-08-09
CZ0524046,Orlické hory - sever,9410,167.84526162266604,2.727247924610463,1.9124380024519116,1.1059606871432832,2.579786336341313,2.3324476022952236,66.12375725577841,0.7771054918957504,0,2.1796240134260264e-9,17.82494773639283,110.98559336069789,31.286393298002658,18.64002176500984,5.70269989536645,3.3975936170225194,36.98909319336911,22.037615382032357,0,0,96.60240638297748,2022-08-04,2022-08-31,2022-08-25,2022-08-31
CZ0310074,Osika,3130,0,NA,NA,NA,NA,NA,NA,NA,NA,NA,NA,NA,0,NA,NA,NA,0,NA,NA,NA,NA,NA,NA,NA,NA
CZ0310074,Osika,3150,58.142086127132174,1.1737248274857324,2.086862413742866,2,2.086862413742866,2.086862413742866,91.31375862571338,NA,NA,8.825002626424475e-9,86.2879384939574,53.09172418608386,0,0,NA,NA,0,0,0,0,100,2015-05-22,2015-05-22,2015-05-22,2015-05-22
CZ0413190,Ostrovské rybníky,3140,0,NA,NA,NA,NA,NA,NA,NA,NA,NA,NA,NA,0,NA,NA,NA,0,NA,NA,NA,NA,NA,NA,NA,NA
CZ0420456,Ostrý,8220,0.757595445248466,2,2,2,2,2,100,NA,NA,1.1105779085049508e-10,0.812536682490275,0.757595445248466,0,0,NA,NA,0,0,0,0,100,2024-06-14,2024-06-14,2024-06-14,2024-06-14
CZ0420456,Ostrý,9170,64.93810053461053,1.7810119927931165,2.0886769546143142,1.8507991885756254,2.163277360326502,1.6923381377378468,92.53995942878127,0,0,3.9236029836028103e-10,69.64744720489624,60.09369188854976,4.844408646060748,7.460040571218723,0,0,4.844408646060748,7.460040571218723,0,0,99.99999999999999,2024-05-11,2024-06-20,2024-06-06,2024-06-14
NA,NA,NA,0.533645339726284,NA,NA,NA,NA,NA,NA,NA,NA,7.790066587644626e-11,0.5723455924756546,0,0,0,0.533645339726284,100,0.533645339726284,100,NA,NA,NA,Inf,-Inf,NaN,NA
CZ0214042,Padrťsko,3150,0.7805478377066588,1.6691221142438883,2,2,2,1.6691221142438881,99.41837747538638,NA,NA,1.184741927344906e-10,0.09405147962466803,0.7760079956671724,0,0,NA,NA,0,0,0,0,100,2014-05-09,2014-05-31,2014-05-20,2014-05-20
CZ0214042,Padrťsko,4030,4.449455345483516,1.5947183863683976,2,2,2,1.5947183863683976,100,NA,NA,3.1850214121443298e-9,0.5361335187298067,4.449455345483516,0,0,NA,NA,0,0,0,10.517142780481786,89.48285721951821,2011-09-30,2014-06-04,2013-07-11,2014-05-31
CZ0214042,Padrťsko,6230,57.95014713906433,2.868176927090281,2.0446894177167145,1.8425551884751774,2.18296999020186,2.4329619216117697,48.371158447924145,NA,NA,5.58224686809419e-9,6.982656052074701,28.031157493441988,0.7954067750718072,1.372570760110498,NA,NA,0.7954067750718072,1.372570760110498,0,0.5965366875031882,99.40346331249681,2012-07-30,2014-06-22,2014-05-15,2014-05-31
CZ0214042,Padrťsko,6410,84.50114450392753,2.618983058784151,2.1361450839222957,1.4490858787512968,2.5053559735510875,2.275185648340077,67.66399961973757,NA,NA,1.0859627217573794e-8,10.18189697882302,57.17685409581142,6.788817686536461,8.033994955205516,NA,NA,6.788817686536461,8.033994955205516,0,28.827167504241796,71.1728324957582,2004-10-10,2014-06-22,2013-11-01,2014-05-31
CZ0214042,Padrťsko,6430,9.320229999845484,1.6557993360844736,1.7544922592866599,1.557787852002311,2.196704407284349,1.6557993360844736,100,NA,NA,1.0035192601165341e-9,1.12303356640278,9.320229999845484,0,0,NA,NA,0,0,0,1.053167277012902,98.9468327229871,2012-07-30,2014-06-22,2014-03-31,2014-06-22
CZ0214042,Padrťsko,6510,42.46190340353993,2.365385267446255,2.1074993021765547,1.8672297682463996,2.2402693895009875,2.182692561508544,81.73073662768724,NA,NA,2.4315562232082354e-10,5.116412665386836,34.70442643785018,0,0,NA,NA,0,0,0,4.219048201917603,95.78095179808238,2004-10-10,2014-06-04,2013-01-26,2014-05-10
CZ0214042,Padrťsko,7140,18.39747465164803,1.8302907836903106,1.546851850035766,1.8872977032882337,1.6449047108262116,1.8101241072116248,95.93368895524618,NA,NA,3.420206142462921e-9,2.216788810060219,17.64937610793228,0,0,NA,NA,0,0,0,0.08147002272260798,99.91852997727737,2012-07-30,2014-06-22,2014-04-26,2014-05-10
CZ0214042,Padrťsko,8220,3.000407478689307,1.3074241330446799,2.1454012288619038,2,2.1454012288619038,1.1648621567352129,100,NA,NA,4.398371562612203e-10,0.3615316694448407,3.000407478689307,0,0,NA,NA,0,0,0,99.68946952843977,0.31053047156022756,2011-09-21,2014-05-10,2012-02-06,2011-09-30
CZ0214042,Padrťsko,9110,47.562108408994376,2.8165014008571427,2.464276478322565,0.7771676084192352,3.2091741512569874,1.9111483841101524,51.67719491972212,0.22044550202017857,0,3.4677079691046617e-10,5.730957737424305,35.094178472928796,18.818527833266774,39.56621870385384,2.25070280866216,4.732134221864172,21.069230641928932,44.29835292571801,0,88.44959333602594,6.818272442109886,2011-09-21,2014-06-04,2012-05-11,2012-02-04
CZ0214042,Padrťsko,9130,22.434159752412402,2.292815815800902,2.032204832722998,1.2909027982760697,2.4682126192818643,1.6688773630340306,83.75065238682663,0.3388638734979655,0,1.7143294597615919e-10,2.7031859124097894,19.79441878234931,1.641681424117717,7.317775402491653,0,0,1.641681424117717,7.317775402491653,0,96.7888433211846,3.2111566788154,2011-09-22,2014-05-09,2011-12-06,2011-09-30
CZ0214042,Padrťsko,9410,113.26564858621529,2.5359507611974625,2.5249930694928646,1.4552875827601932,2.8110656174626865,2.217730197319818,73.34331970603807,0.4306617723752297,0,1.4708578911795146e-9,13.64785260501191,87.90806263558552,13.038289314109578,11.511247652623577,15.9099667207879,14.04659481438239,28.948256034897476,25.557842467005965,0,0,85.95340518561761,2013-10-23,2014-05-10,2013-11-25,2013-11-07
CZ0214042,Padrťsko,91D0,12.820047749397256,1.977849704404432,2.38711578408383,1.3246349054026243,2.7001064038208984,1.8024834171405826,94.97510829821893,0.6587417884354986,0,8.967911877909672e-10,1.544741272017774,12.175854233873421,0,0,0.644193515523835,5.0248917017810815,0.644193515523835,5.0248917017810815,0,0,94.97510829821893,2013-11-07,2014-05-10,2013-11-23,2013-11-07
CZ0210733,Pahorek u Ledčic,2330,0.22340588030958547,4,2,2,2,3,0,NA,NA,3.0785236972189706e-10,17.087152810055585,0,0,0,NA,NA,0,0,0,0,100,2015-06-06,2015-06-06,2015-06-06,2015-06-06
CZ0210733,Pahorek u Ledčic,4030,0.8936235212383419,1,2,1,3,1,100,NA,NA,6.39676056627699e-10,68.34861124022234,0.8936235212383419,0,0,NA,NA,0,0,0,0,100,2015-06-06,2015-06-06,2015-06-06,2015-06-06
CZ0810031,Palkovické hůrky,9130,106.80396990673994,2.239866248760368,2.009457665983385,1.30535102468312,2.464988368790618,2.019230125766258,72.69146282077618,0.7290942328346118,0,8.161535535598826e-10,81.1923648961874,77.63736807587084,20.364976040603164,19.06762085565325,2.66003060873583,2.490572785879158,23.025006649338994,21.55819364153241,0,0,97.50942721412085,2025-08-04,2025-08-20,2025-08-14,2025-08-18
CZ0520603,Panský vrch,6230,24.33703029103126,2.0200912512493705,1.3912492896023558,1.5613422322884216,1.8299070573139344,1.9816265959963921,100.00000000000001,NA,NA,2.344347992677353e-9,35.063153015001596,24.33703029103126,0,0,NA,NA,0,0,0,0,100,2022-06-24,2022-07-01,2022-06-28,2022-07-01
CZ0520603,Panský vrch,6430,1.3163602325170358,2.66111729046335,2.413134422609571,1.3787773874465472,2.7806757289376036,2.330558645231675,66.94413547683249,NA,NA,1.4173393216736333e-10,1.896523105065014,0.8812259774193517,0.333935983248119,25.368130622541983,NA,NA,0.333935983248119,25.368130622541983,0,0,100,2022-07-01,2022-07-01,2022-07-01,2022-07-01
CZ0520603,Panský vrch,6510,28.186332412382576,1.5095994495028902,2.072939362585335,1.7365425888835202,2.26345741111648,1.3786640912710528,92.70606374146651,NA,NA,1.6140739461300532e-10,40.60896808232517,26.130439292605022,2.055893119777553,7.2939362585335,NA,NA,2.055893119777553,7.2939362585335,0,0,100,2022-06-24,2022-07-01,2022-06-26,2022-06-24
CZ0627016,Paseky,6210,0.991846326798303,3,2,2,2,2,100,NA,NA,7.28540391287869e-11,12.294069085997775,0.991846326798303,0,0,NA,NA,0,0,0,0,100,2014-04-24,2014-04-24,2014-04-24,2014-04-24
CZ0627016,Paseky,6210p,4.850502194218259,2.8269825298983395,2,2,2,2,100,NA,NA,5.201272319543303e-9,60.12262934924356,4.850502194218259,0,0,NA,NA,0,0,0,0,100,2014-04-24,2014-04-24,2014-04-24,2014-04-24
CZ0310063,Pastvina u Přešťovic,6110,0.035402149599150286,2,2,1.1761818886037652,2.8238181113962346,2,100,NA,NA,6.250052011294959e-10,2.7757810651375636,0.035402149599150286,0,0,NA,NA,0,0,0,0,100,2025-06-09,2025-06-09,2025-06-09,2025-06-09
CZ0314642,Pastvina u Zahorčic,6410,0.8454278882864863,2,2,2,2,2,100,NA,NA,1.0864979119549248e-10,53.67320145561989,0.8454278882864863,0,0,NA,NA,0,0,0,100,0,2012-06-26,2012-06-26,2012-06-26,2012-06-26
CZ0322058,Pastviště u Fínů,6230,2.1067963567598786,1.7402473765091218,1.157308333325586,1.3384067901536716,1.7402473765091218,1.6615932098463284,92.1345833337207,NA,NA,2.0294439177199596e-10,18.405098847746206,1.9410880449907222,0.1657083117691567,7.865416666279305,NA,NA,0.1657083117691567,7.865416666279305,0,0,100.00000000000001,2022-06-13,2022-06-13,2022-06-13,2022-06-13
CZ0210111,Paterovské stráně,6210,1.01197527141748,2.5414706350908824,2.5251201157748566,0.739550072413591,3.182466422051907,1.9383670137815239,79.00804184699635,NA,NA,7.433256950116878e-11,3.223043579057393,0.7995418459227774,0.19854246623762883,19.61930017909718,NA,NA,0.19854246623762883,19.61930017909718,0,0,100,2025-06-29,2025-07-04,2025-07-02,2025-07-03
CZ0210111,Paterovské stráně,91U0,9.462092106190353,2.629702568639659,1.718421063921453,1.597414197944247,1.9197139649493296,2.094813665386437,79.87070989721235,0.7265524704729717,0,2.785307727667064e-8,30.135850221507386,7.5574401363423265,1.5952847790491185,16.859746884153036,0.309367190798908,3.2695432186346163,1.9046519698480264,20.129290102787653,0,0,96.73045678136539,2012-07-30,2025-07-04,2024-12-17,2025-07-04
CZ0620049,Paví kopec,6240,2.0648755499687046,1,1,1,2,1,100,NA,NA,7.452854192081991e-9,54.73852049545865,2.0648755499687046,0,0,NA,NA,0,0,0,0,100,2022-06-23,2022-06-23,2022-06-23,2022-06-23
CZ0320043,Pavlova Huť,91D0,11.997852103121305,1,1,2,1,1,100,1,0,8.392767522261669e-10,35.72220841912689,11.997852103121305,0,0,0,0,0,0,0,0,100,2007-10-01,2007-10-01,2007-10-01,2007-10-01
CZ0524047,Peklo,3260,8.75571629157773,1,2,2,2,1,100,NA,NA,1.905776482754838e-9,1.8821811854985528,8.75571629157773,0,0,NA,NA,0,0,0,0,100,2015-10-04,2015-10-04,2015-10-04,2015-10-04
CZ0524047,Peklo,8150,0.2495559469300043,2,2.4813975616740183,2,2.4813975616740183,2,100,NA,NA,2.948569841132202e-9,0.053646040186655065,0.2495559469300043,0,0,NA,NA,0,0,0,0,100,2015-10-18,2015-10-18,2015-10-18,2015-10-18
CZ0524047,Peklo,8220,6.455175412488369,1.345750830424672,1.6996661247690925,1.9367772442673656,1.7312775026354097,1.3231073117095022,96.83886221336829,NA,NA,9.462801358689175e-10,1.3876431471592532,6.25111842333084,0.20405698915752973,3.161137786631718,NA,NA,0.20405698915752973,3.161137786631718,0,0,100,2015-10-03,2015-10-19,2015-10-08,2015-10-04
CZ0524047,Peklo,9110,210.54074610506186,2.6155890308175187,2.4714659471802785,1.2246217392402627,2.9087215578605026,2.1538978142230816,62.02031017539561,0.3043142231975628,0,1.5350325027889168e-9,45.25909907347723,130.5780237799515,57.483537941562346,27.302809078522746,11.5031773936206,5.463634762593842,68.98671533518295,32.76644384111659,0,0,94.53636523740616,2015-10-03,2016-05-22,2015-10-28,2015-10-18
CZ0524047,Peklo,9130,32.034141154738236,3.0366296906624917,2.44501040982638,0.8057262051000114,3.143216529105084,2.4225820612788773,42.65724374608411,0.13995802624385395,0,2.4479219416195695e-10,6.886250738052242,13.664881674341334,13.947615287975859,43.539844632022664,0.829012385863832,2.587902643805423,14.776627673839691,46.127747275828085,0,0,97.41209735619458,2015-10-03,2016-05-02,2015-10-11,2015-10-03
CZ0524047,Peklo,9180,21.398665032743654,1.6238188760328796,2.1346528791740647,1.8119268907526243,2.2286894337977525,1.5068202120749092,88.84998637855338,0.7368573535155597,0,1.2127939149889219e-9,4.5999851272200525,19.012710966785,1.3894485206678975,6.493155150294662,0.105126922251104,0.49127794696651234,1.4945754429190015,6.9844330972611735,0,0,99.5087220530335,2015-10-03,2015-10-18,2015-10-07,2015-10-03
CZ0210721,Pěnovce u rybníka Lutovník,7220,0.15037767803184687,2,1,2,1,2,100,NA,NA,4.756485274266241e-9,15.397339406776842,0.15037767803184687,0,0,NA,NA,0,0,0,0,100,2021-06-24,2021-06-24,2021-06-24,2021-06-24
CZ0520009,Perna,6410,1.0586069257796276,2,2,2,2,2,100,NA,NA,1.36046400926253e-10,0.8970136564719573,1.0586069257796276,0,0,NA,NA,0,0,0,0,100,2016-07-18,2016-07-18,2016-07-18,2016-07-18
CZ0520009,Perna,6510,2.2262983448141487,2.5844734813640176,2,1.9969837279391527,2.0030162720608473,2.5844734813640176,41.552651863598236,NA,NA,1.2748768098322553e-11,1.8864603754679479,0.925086000665673,0,0,NA,NA,0,0,0,0,100,2016-06-29,2016-07-18,2016-07-11,2016-07-18
CZ0520009,Perna,9170,94.24072718541817,2.4656822779993144,2.1623733489504886,1.558284564826408,2.4417154351735917,2.201510069051153,71.7679779656265,0.8376266510495112,0,5.694087066259811e-10,79.85515418663152,67.6346643210771,11.529919395404463,12.234539927434348,3.77226308522126,4.002794967614533,15.302182480625723,16.237334895048882,0,0,95.99720503238547,2016-06-29,2016-07-18,2016-07-08,2016-07-08
CZ0410040,Pernink,4030,2.8935464787990135,1.6841996712641554,1.6841996712641554,1.9228537787831605,1.7613458924809948,1.6841996712641554,100,NA,NA,2.071266430702474e-9,2.8978968775164393,2.8935464787990135,0,0,NA,NA,0,0,0,0,100,2014-05-10,2014-05-10,2014-05-10,2014-05-10
CZ0410040,Pernink,6520,8.469537185362144,2.13003545193234,2.0529964586598997,0.9574137777552995,3.044364874934111,2.078817645961851,92.1182354038149,NA,NA,5.570954620139822e-10,8.482270992812053,7.801988202025539,0.4337911122197198,5.121780597048899,NA,NA,0.4337911122197198,5.121780597048899,0,0,100,2014-05-10,2016-07-30,2014-12-13,2014-06-13
CZ0410040,Pernink,7110,3.3258165207282495,2.0166001058175924,1.40177910125976,1.0166001058175924,2.3851789954421676,2.0166001058175924,98.33998941824078,NA,NA,4.406280809067218e-9,3.330816830221179,3.270607614554264,0,0,NA,NA,0,0,0,0,100,2014-05-10,2016-07-30,2014-11-29,2014-05-10
CZ0410040,Pernink,7120,30.000238947441574,3.2285181420076916,3,1.9173837618091103,1.0826162381908895,2.5957554367687257,40.424456323127444,NA,NA,3.112183884676131e-8,30.045343804749276,12.127433490142387,0,0,NA,NA,0,0,0,0,100,2014-05-10,2014-05-10,2014-05-10,2014-05-10
CZ0410040,Pernink,7140,6.751282984707779,1.632002172844599,1.632002172844599,1.945755254305383,1.686246918539216,1.632002172844599,100,NA,NA,1.2551059300812516e-9,6.761433425716019,6.751282984707779,0,0,NA,NA,0,0,0,0,100,2014-05-10,2016-07-30,2014-12-28,2014-05-10
CZ0410040,Pernink,9410,7.778144535186913,3.070568642573168,2.7925518845182946,1.9252209749061429,2.829941397065223,2.9128655072722673,8.713449272773286,0.9626104874530714,0,1.0100631048438485e-10,7.789838845355339,0.6777446784364991,0.21944676614814088,2.821325383649064,0.0713742665420547,0.9176258710438009,0.29082103269019555,3.7389512546928647,0,0,99.0823741289562,2014-05-10,2016-07-30,2014-09-24,2014-05-10
CZ0410040,Pernink,91D0,27.49621122626998,2.1346079772393285,1.6047716919600845,1.5194241347257293,1.8450596245972197,1.8371509439969076,98.34081098786464,0.9271189043771348,0,1.9234218473575746e-9,27.537551319795107,27.039997110850184,0.44481430696412283,1.6177294511730604,0.0113998084556796,0.04145956096230517,0.45621411541980245,1.6591890121353658,0,0,99.95854043903769,2014-05-10,2016-07-30,2014-08-11,2014-05-10
CZ0210730,Písčina u Byšiček,2330,0.30107398173347466,2.453121046444373,1.4482434253296848,0.7831947190071907,2.443365804214996,2.2265605232221866,77.34394767778133,NA,NA,4.148786890023526e-10,57.70481629963932,0.23286250290335156,0.0667429540197365,22.168290210749795,NA,NA,0.0667429540197365,22.168290210749795,0,0,100,2021-07-18,2022-10-24,2021-12-19,2021-07-18
CZ0212023,Písčina u Tišic,2330,0.34123236115114997,2,1,1,2,2,100,NA,NA,4.702167680662991e-10,56.90702576538944,0.34123236115114997,0,0,NA,NA,0,0,0,0,100,2024-05-19,2024-05-19,2024-05-19,2024-05-19
CZ0214049,Písčina u Tuháně,2330,0.22740466356649994,2,2.088923429496967,2,2.088923429496967,2,100,NA,NA,3.133626763438152e-10,53.68071318593643,0.22740466356649994,0,0,NA,NA,0,0,0,0,100,2012-07-28,2012-07-28,2012-07-28,2012-07-28
CZ0422084,Písčiny u Oleška,2330,2.2745384728651494,1.8007864702692422,2.033274271429398,1.5409997902138812,2.3984945765872148,1.7446578948662101,88.33657913980636,NA,NA,3.1343045130451623e-9,7.971122655762705,2.009249478147866,0.07568361052272375,3.3274271429398157,NA,NA,0.07568361052272375,3.3274271429398157,0,0,100,2021-10-16,2021-10-19,2021-10-16,2021-10-16
CZ0210064,Písečný přesyp u Píst,2330,0.6676958377281204,1,3,2,3,1,100,NA,NA,9.200820748907999e-10,17.890090687412926,0.6676958377281204,0,0,NA,NA,0,0,0,0,100,2023-09-20,2023-09-20,2023-09-20,2023-09-20
CZ0310615,Písečný přesyp u Vlkova,2330,1.2710660895259702,2,2.2,2,2.2,2,100.00000000000001,NA,NA,1.751523761109012e-9,92.54892738756229,1.2710660895259702,0,0,NA,NA,0,0,0,0,100,2012-06-07,2012-06-07,2012-06-07,2012-06-07
CZ0413184,Pískovna Erika,3140,0,NA,NA,NA,NA,NA,NA,NA,NA,NA,NA,NA,0,NA,NA,NA,0,NA,NA,NA,NA,NA,NA,NA,NA
CZ0424138,Pístecký les,91F0,128.3914823183529,2.35298663433583,1.4428450985192736,1.7880641985151426,1.5490996419165124,2.0090011232099636,84.23961370131312,0.7486198862557822,0,5.2660497064848966e-9,76.53097192651802,108.15648873037021,10.340542822319142,8.053916533714647,0.656155847766576,0.5110587057010572,10.996698670085717,8.564975239415704,0,0,99.48894129429895,2021-04-02,2022-05-05,2022-02-01,2022-04-12
CZ0310017,Pláničský rybník-Bobovec,3150,9.783089275690262,2,1.04590373321284,2,1.0459037332128398,2,100,NA,NA,1.4849104031756238e-9,2.4023727039922007,9.783089275690262,0,0,NA,NA,0,0,0,0,100,2014-05-20,2014-05-20,2014-05-20,2014-05-20
CZ0310017,Pláničský rybník-Bobovec,6430,14.985615264046693,2.4000352623449785,2.2000176311724893,1.7915407023739471,2.3904918959527204,2.2000176311724893,79.99823688275106,NA,NA,1.6135174284772469e-9,3.6799248221451544,11.988227997269775,0.26951678273873403,1.7985032845822182,NA,NA,0.26951678273873403,1.7985032845822182,0,0,100,2013-10-01,2014-06-19,2014-01-30,2014-01-25
CZ0310017,Pláničský rybník-Bobovec,7120,3.7035940398194116,3.3188095474747707,3,1.1539591540877343,2.1648503933870367,2.715012398995257,28.498760100474296,NA,NA,3.84205796037218e-9,0.909468673667254,1.0554783805035985,1.1807411398650844,31.88095474747707,NA,NA,1.1807411398650844,31.88095474747707,0,0,100,2013-10-01,2014-06-19,2014-01-29,2014-01-25
CZ0310017,Pláničský rybník-Bobovec,7140,10.668893263332711,1.5757921603227532,1.5850470322846217,1.789927592093345,1.783395496031773,1.5640682161632495,85.01362923732601,NA,NA,1.9834142980739525e-9,2.619894108635574,9.070013362615724,0.12508150886301636,1.1723944159503554,NA,NA,0.12508150886301636,1.1723944159503554,0,0,100,2013-10-03,2014-06-19,2014-01-20,2013-10-03
CZ0310017,Pláničský rybník-Bobovec,9410,180.44323462398987,2.184339620130805,1.8109939745003334,1.3707437147204093,2.360210237232738,1.9112944853887484,80.53300405975556,1.0201872634898261,0,2.3432201984402246e-9,44.310328697286465,145.31635746529201,8.950762312702278,4.9604310914476795,5.49191825508906,3.0435711632709292,14.442680567791339,8.004002254718609,0,0,96.95642883672906,2013-10-01,2014-06-19,2014-01-09,2013-10-03
CZ0310017,Pláničský rybník-Bobovec,91D0,89.52440401635914,1.7098437093675236,1.306152373292861,1.5890378287484457,1.7058924434964347,1.4545508911196667,97.17543642914649,1.2557389444727824,0,6.262433509101694e-9,21.98395399339707,86.99573031348935,1.0038292455398803,1.1212911792816254,8.2266259198077e-4,9.189255164775424e-4,1.004651908131861,1.1222101047981028,0,0,99.99908107448351,2013-10-01,2014-06-19,2013-11-24,2013-10-03
CZ0310017,Pláničský rybník-Bobovec,91E0,26.512757719959964,1.9596187857212648,1.4255750574605004,1.879743828470968,1.5062678231793387,1.5468905737857264,91.89624773009727,1.0423570734514496,0,2.976651030145656e-10,6.510573874886398,24.364229514414898,0.6134770772325644,2.3138938759686702,0.435457915589558,1.6424467050507017,1.0489349928221223,3.9563405810193712,0,0,98.3575532949493,2013-10-01,2014-06-19,2014-02-13,2014-05-20
CZ0420462,Plešivec,8220,1.7552420313051669,2.2708792695785576,3,2,3,2.43632576822346,56.36742317765401,NA,NA,2.573052723947618e-10,33.780425664840706,0.9893847035778337,0,0,NA,NA,0,0,0,0,100,2024-04-26,2025-04-03,2024-07-26,2024-06-01
CZ0420462,Plešivec,8230,0,NA,NA,NA,NA,NA,NA,NA,NA,NA,NA,NA,0,NA,NA,NA,0,NA,NA,NA,NA,NA,NA,NA,NA
CZ0323159,Plzeň - Zábělá,3270,0,NA,NA,NA,NA,NA,NA,NA,NA,NA,NA,NA,0,NA,NA,NA,0,NA,NA,NA,NA,NA,NA,NA,NA
CZ0323159,Plzeň - Zábělá,6510,7.4626619625433275,3.0010413305642767,2.1850642048611966,1.6298715902776066,2.370128409722393,2.0010413305642767,81.49357951388032,NA,NA,4.2734500062964294e-11,6.505983777845499,6.081590360297349,1.381071602245979,18.506420486119676,NA,NA,1.381071602245979,18.506420486119676,0,0,100,2024-04-28,2024-10-08,2024-08-13,2024-10-06
CZ0323159,Plzeň - Zábělá,9170,57.407727251553176,1.4662213598897695,2.0334435337731662,1.7045965580187756,2.272076610106627,1.193031110130128,94.32296343522367,0.7068997035792787,0,3.4686128493395006e-10,50.04832646798525,54.148669584475435,3.25905766707774,5.677036564776331,0,0,3.25905766707774,5.677036564776331,0,0,100,2024-04-28,2024-10-08,2024-08-15,2024-10-01
CZ0323159,Plzeň - Zábělá,9180,2.9077441229961813,1,2,1,3,1,100,2,0,1.6479973742840603e-10,2.5349849945355754,2.9077441229961813,0,0,0,0,0,0,0,0,100,2024-10-08,2024-10-08,2024-10-08,2024-10-08
CZ0620013,Pod Šibeničním kopcem,8160,0.3006362038841634,1.0988071978483616,2,1.9999999999999998,2,1.098807197848362,100,NA,NA,1.1818838207551184e-8,8.437345405697146,0.3006362038841634,0,0,NA,NA,0,0,0,100,0,2012-07-24,2012-07-24,2012-07-24,2012-07-24
CZ0710004,Pod Trlinou,6510,12.058940125234928,1.007218005471934,2,2,2,1.007218005471934,100,NA,NA,6.90548198655786e-11,23.281146891238343,12.058940125234928,0,0,NA,NA,0,0,0,0,100,2014-06-01,2014-06-01,2014-06-01,2014-06-01
CZ0720435,Podkrálovec,5130,3.619877456126469,2.4747504551569657,2.237375227578483,0.9059112672810852,3.094088732718915,2.237375227578483,76.26247724215172,NA,NA,8.433455510386132e-9,0.37632150730113195,2.760608221172229,0.8592692349542398,23.737522757848275,NA,NA,0.8592692349542398,23.737522757848275,0,0,100,2014-06-29,2014-07-25,2014-07-06,2014-06-29
CZ0720435,Podkrálovec,6210,2.60341466745787,3.298870561382037,2.6494352806910184,0.7011294386179632,3.298870561382037,2.6494352806910184,35.056471930898155,NA,NA,1.912284886547789e-10,0.27065030340446755,0.9126653321422539,1.6907493353156162,64.94352806910184,NA,NA,1.6907493353156162,64.94352806910184,0,0,100,2014-06-21,2014-07-24,2014-07-06,2014-06-29
CZ0720435,Podkrálovec,6510,26.528412306314014,2.226169790332527,2.039750245662035,1.5643979443728528,2.4490902904684786,2.0117249068814864,97.37379891792962,NA,NA,1.51913411469619e-10,2.757886758990109,26.2173691423088,0.6966894510445092,2.626201082070375,NA,NA,0.6966894510445092,2.626201082070375,0,0,100,2014-06-11,2014-07-25,2014-07-08,2014-07-09
CZ0720435,Podkrálovec,7220,0.3175689222301444,2,2,2,2,2,100,NA,NA,1.0044788042493832e-8,0.033014381545812356,0.3175689222301444,0,0,NA,NA,0,0,0,0,100,2014-07-08,2014-07-24,2014-07-18,2014-07-24
CZ0720435,Podkrálovec,9130,437.0039815626959,2.1225566347381273,1.7248642168308013,1.738591556205999,1.9215686562795748,2.0579800679539035,94.20199320460965,0.6383340330768509,0,3.339411004887228e-9,45.43081886927949,411.66646101556444,17.04687759320973,3.900851779942891,8.29064295392177,1.897155015447458,25.337520547131497,5.798006795390349,0,0,98.10284498455256,2014-06-06,2014-07-27,2014-07-22,2014-07-26
CZ0720435,Podkrálovec,9170,94.17985366327196,2.4439601810166414,2.2036996994763554,1.6059009726903992,2.4335187644116503,2.112837108424741,84.87252482103749,0.4548255071289869,0,5.6904090477907e-10,9.790912791254526,79.93281967677729,14.240898297817438,15.120960315710356,0.00613568867724389,0.0065148632521571555,14.247033986494682,15.127475178962513,0,0,99.99348513674784,2014-06-06,2014-07-30,2014-07-18,2014-07-24
CZ0720435,Podkrálovec,6210p,7.16419693413525,1.6995555977603867,2,1.9999999999999998,2,1.6995555977603867,99.99999999999999,NA,NA,7.6822847847985e-9,0.7447880270899792,7.16419693413525,0,0,NA,NA,0,0,0,0,100,2014-06-29,2014-07-24,2014-07-07,2014-06-29
CZ0214014,Podlesí,3130,0,NA,NA,NA,NA,NA,NA,NA,NA,NA,NA,NA,0,NA,NA,NA,0,NA,NA,NA,NA,NA,NA,NA,NA
CZ0214014,Podlesí,3150,0.5680598533532116,1,2,2,2,1,100,NA,NA,8.622204725930883e-11,6.070325469141574,0.5680598533532116,0,0,NA,NA,0,0,0,0,100,2024-08-01,2024-08-01,2024-08-01,2024-08-01
CZ0214014,Podlesí,7140,0.5656768274342204,2.00553676545341,1.00553676545341,0.99446323454659,2.00553676545341,2.00553676545341,99.44632345465901,NA,NA,1.0516287677918595e-10,6.044860295279548,0.5625448075182882,0,0,NA,NA,0,0,0,0,100,2024-08-01,2024-09-01,2024-08-16,2024-08-16
CZ0420160,Podmilesy,6430,0.5196426197832043,2.164436648439989,2.164436648439989,2,2.164436648439989,2,100,NA,NA,5.595048376901684e-11,0.2187456892815719,0.5196426197832043,0,0,NA,NA,0,0,0,0,100,2025-05-10,2025-05-10,2025-05-10,2025-05-10
CZ0420160,Podmilesy,6210p,1.426013668944873,2,2,2,2,2,100,NA,NA,1.5291376287623235e-9,0.6002862949702413,1.426013668944873,0,0,NA,NA,0,0,0,0,100,2025-05-08,2025-05-08,2025-05-08,2025-05-08
CZ0420160,Podmilesy,91E0,19.56215215317243,2.800335854706329,1.9682579418148112,2,1.9682579418148114,2.026086739640777,97.39132603592232,0,0,2.196289838034046e-10,8.234768076494479,19.051839383139363,0,0,0,0,0,0,0,0,100,2025-04-21,2025-05-10,2025-05-06,2025-05-10
CZ0514113,Podtrosecká údolí,3140,0.0031391730724833907,2,1,2,1,2,100,NA,NA,1.2542781946890394e-10,6.049720852570256e-4,0.0031391730724833907,0,0,NA,NA,0,0,0,0,100,2016-08-16,2016-08-16,2016-08-16,2016-08-16
CZ0514113,Podtrosecká údolí,3150,12.635083079044835,2.069856618522892,1.5573647251298144,2,1.5573647251298146,2.034928309261446,96.50716907385538,NA,NA,1.9177956758181768e-9,2.4349955804375156,12.193760989715893,0,0,NA,NA,0,0,0,0,100,2015-07-10,2018-06-06,2016-06-15,2015-12-09
CZ0514113,Podtrosecká údolí,8310,0.009926449344957655,4,3,0,3,2,0,NA,NA,5.512523944644527e-9,0.0019129957542183401,0,0,0,NA,NA,0,0,0,0,100,2007-05-04,2007-05-04,2007-05-04,2007-05-04
CZ0612140,Podvesník,3130,0,NA,NA,NA,NA,NA,NA,NA,NA,NA,NA,NA,0,NA,NA,NA,0,NA,NA,NA,NA,NA,NA,NA,NA
CZ0624096,Podyjí,3260,67.64618071039843,1.6304942592831138,2,2,2,1.6304942592831138,100,NA,NA,1.4723923897587927e-8,1.0783473217851052,67.64618071039843,0,0,NA,NA,0,0,0,0,100,2016-05-18,2023-10-13,2017-07-28,2016-07-10
CZ0624096,Podyjí,4030,11.259675508210258,1.36816828747574,1.3368917682439414,2,1.3368917682439414,1.3884921254951044,100,NA,NA,8.059932014791274e-9,0.17949041321975856,11.259675508210258,0,0,NA,NA,0,0,0,0,100,2016-06-23,2023-10-01,2017-07-28,2017-06-15
CZ0624096,Podyjí,5130,1.2971298936413178,1,2,2,2,1.0221398010411242,100.00000000000001,NA,NA,3.022004855634472e-9,0.020677539103113023,1.2971298936413178,0,0,NA,NA,0,0,0,0,100,2016-06-23,2023-10-13,2017-05-28,2016-07-01
CZ0624096,Podyjí,6190,2.8783444127998328,1.4959304132376707,1.9216970485365417,1.6215633148942012,2.3001337336423404,1.4772351779790147,100,NA,NA,8.956493940606304e-9,0.04588366935312732,2.8783444127998328,0,0,NA,NA,0,0,0,0,100,2016-05-18,2023-10-01,2017-11-13,2016-07-07
CZ0624096,Podyjí,6210,156.80972841211687,2.8032253270130516,2.3424208880765427,1.226542659528717,2.754948328876236,2.3357166651194134,54.122182739976196,NA,NA,1.1518137216264536e-8,2.4997028492558035,84.86884776526625,56.299009568329936,35.90275306157577,NA,NA,56.299009568329936,35.90275306157577,0,0,100,2016-05-11,2023-10-11,2017-11-10,2017-06-18
CZ0624096,Podyjí,6510,102.83517971844279,2.888381537470127,2.028946666688104,1.8311830133526494,2.153596621273875,2.411405919267502,46.14388792996983,NA,NA,5.888796807640774e-10,1.6392949235288705,47.4521500818613,2.6478496928956594,2.574848121183169,NA,NA,2.6478496928956594,2.574848121183169,0,0,100,2016-05-09,2023-10-12,2017-08-07,2016-06-20
CZ0624096,Podyjí,8150,0.0812241921867244,1,2,2,2,1,100,NA,NA,9.596854188342594e-10,0.0012947943134245432,0.0812241921867244,0,0,NA,NA,0,0,0,0,100,2016-07-06,2016-07-06,2016-07-06,2016-07-06
CZ0624096,Podyjí,8220,29.23352084128291,1.098984775057466,2.040065291273246,1.9853685006891448,2.0546967905841016,1.1575163986408286,99.87411129274464,NA,NA,4.2854141531302455e-9,0.4660113634575188,29.196719139810593,0,0,NA,NA,0,0,0,0,100,2016-05-11,2023-10-15,2019-02-08,2017-06-22
CZ0624096,Podyjí,8230,2.470666151581896,1.1750720558963597,1.9983559553580206,1.9550602519048916,2.0432957034531287,1.138460796874465,100,NA,NA,2.908125517773563e-8,0.03938487287241495,2.470666151581896,0,0,NA,NA,0,0,0,0,100,2016-06-15,2023-06-02,2017-05-04,2016-07-06
CZ0624096,Podyjí,8310,0.056830253125913444,1,3,2,1,1,100,NA,NA,3.1559938528870186e-8,9.059306912988528e-4,0.056830253125913444,0,0,NA,NA,0,0,0,0,100,2016-07-07,2016-07-07,2016-07-07,2016-07-07
CZ0624096,Podyjí,9170,2486.0721132563144,2.329214402739054,2.224634539947012,1.4382619908019851,2.588525931766757,1.9465423237085093,72.96786188472748,0.6987995850937293,0,1.5021012134202117e-8,39.63045920613947,1814.0336659555935,390.0764531140054,15.690472172308562,15.2934186869803,0.6151639208465529,405.3698718009857,16.305636093155115,0,0.17493962281571193,99.20989645633772,2009-04-28,2023-10-14,2017-07-28,2016-06-29
CZ0624096,Podyjí,9180,183.61224424523846,1.3826811590495596,2.117523807426321,1.642490372917389,2.4460555098197556,1.2063544922833247,99.11969657215317,1.3807516150592802,0,1.0406434803168337e-8,2.9269615778673175,181.99589936520115,0.6326264083149518,0.3445447829012947,0.0140682331649692,0.007661925392175487,0.646694641479921,0.35220670829347017,0,0,99.99233807460783,2016-05-09,2023-10-15,2017-11-24,2016-07-13
CZ0624096,Podyjí,40A0,0.32557295061886043,1.5545028124998885,1.6380122878639578,1.45664269347861,2.1813695943853477,1.8351414978593175,100,NA,NA,6.5316824969577835e-9,0.00518995626447178,0.32557295061886043,0,0,NA,NA,0,0,0,0,100,2016-05-17,2023-10-13,2018-06-29,2016-06-23
CZ0624096,Podyjí,91I0,139.45554271350207,1.1201156973307196,1.118638977599641,1.7240426287447874,1.3942511898643337,1.1063094535004772,99.96548410094799,1.3241168348419177,0,2.035748994475465e-8,2.2230598891753393,139.40740837915666,0,0,0.0481343343454264,0.03451589905201096,0.0481343343454264,0.03451589905201096,0,0,99.965484100948,2016-06-10,2023-10-13,2019-04-11,2017-06-22
CZ0310057,Pohoří na Šumavě,6230,10.036723532170338,2,2,2,2,2,100,NA,NA,9.668218506664821e-10,6.397909828247661,10.036723532170338,0,0,NA,NA,0,0,0,0,100,2016-09-06,2016-09-07,2016-09-06,2016-09-07
CZ0310057,Pohoří na Šumavě,7110,5.899385068922564,2.0753091644364914,1.6012066047043185,1.5635520224860726,2.037654582218246,2.037654582218246,96.23454177817544,NA,NA,7.815929427399452e-9,3.7605632547413093,5.677246188807728,0,0,NA,NA,0,0,0,0,100,2016-09-06,2016-10-14,2016-09-10,2016-09-07
CZ0310057,Pohoří na Šumavě,7140,20.37756535861561,1.685318084830063,1.8517593099651872,1.5032195243996016,2.3485397855655856,1.6817364908952424,99.6418406065179,NA,NA,3.788317447239069e-9,12.989679875684876,20.304581194120775,0,0,NA,NA,0,0,0,0,100,2016-09-06,2016-10-14,2016-09-15,2016-09-07
CZ0310057,Pohoří na Šumavě,9410,46.99124533655902,2.1327788925763995,2.0280480211152585,1.7758297376437184,2.2241702623562816,2.041866969612529,86.06432457405532,1.2875376690204279,0,6.102242372895587e-10,29.954571271861706,40.442697907846785,0.005972884956817142,0.012710633468081893,1.31203855647529,2.792091478057784,1.3180114414321074,2.804802111525866,0,0,97.20790852194222,2016-09-06,2016-10-14,2016-09-08,2016-09-07
CZ0310057,Pohoří na Šumavě,91D0,38.45901307213818,1.5563777924717725,1.4676361246383394,1.6814712916528523,1.7642726897419858,1.4929871116327817,93.66093191610092,1.4975072079913678,0,2.690294505014826e-9,24.51569946409899,36.02107004909969,0.6922966109154055,1.8000893824728519,0.149653612263542,0.3891249418773029,0.8419502231789475,2.189214324350155,0,0,99.61087505812269,2016-09-06,2016-10-14,2016-09-17,2016-09-07
CZ0210152,Polabí u Kostelce,2330,0.09133123135818169,2.644329474308511,2.527276125064196,1.527276125064196,3,2.3221647371542558,67.78352628457444,NA,NA,1.2585405524810931e-10,0.023549844915965897,0.06190752921369858,0,0,NA,NA,0,0,0,0,100,2017-05-28,2017-05-28,2017-05-28,2017-05-28
CZ0210152,Polabí u Kostelce,3150,28.070362335712275,2,2.004874948944175,2,2.004874948944175,2.011201310838154,98.87986891618459,NA,NA,4.260614605325414e-9,7.23796963985393,27.75593748185035,0,0,NA,NA,0,0,0,0,100,2017-05-24,2024-05-16,2021-05-26,2024-05-09
CZ0210152,Polabí u Kostelce,6410,0.012206425335562017,2,2,2,2,2,100,NA,NA,1.5687033540378907e-12,0.003147438388336709,0.012206425335562017,0,0,NA,NA,0,0,0,0,100,2017-05-25,2017-05-25,2017-05-25,2017-05-25
CZ0210152,Polabí u Kostelce,6430,0.5847395132519343,2.0000382740757345,2.3907278108215464,2,2.390727810821546,2.3907660848972814,60.923391510271884,NA,NA,6.295953680426466e-11,0.15077563992666826,0.35624314297373405,0,0,NA,NA,0,0,0,0,100,2006-08-27,2017-07-18,2013-11-13,2017-05-28
CZ0210152,Polabí u Kostelce,6440,9.518041564406655,1.911823362351559,2.049112996732818,1.2888339108208107,2.7111660891791893,1.7360931539089521,82.42697915573932,NA,NA,7.739771702910915e-9,2.454236074694227,7.845434136328078,0.46745954425552866,4.911299673281786,NA,NA,0.46745954425552866,4.911299673281786,0,0,100,2017-05-28,2024-05-15,2018-04-11,2017-05-28
CZ0210152,Polabí u Kostelce,6510,20.66557914398126,3.059984297203259,2.387389585143864,0.9170258481779776,3.126396976368486,2.47321039216672,47.468960835238605,NA,NA,1.1834023806281087e-10,5.328639247518266,9.809735670231703,7.108272314024437,34.39667605974005,NA,NA,7.108272314024437,34.39667605974005,0,0,100,2006-08-23,2024-05-16,2019-02-03,2020-11-17
CZ0210152,Polabí u Kostelce,7210,0,NA,NA,NA,NA,NA,NA,NA,NA,NA,NA,NA,0,NA,NA,NA,0,NA,NA,NA,NA,NA,NA,NA,NA
CZ0210152,Polabí u Kostelce,7230,0,NA,NA,NA,NA,NA,NA,NA,NA,NA,NA,NA,0,NA,NA,NA,0,NA,NA,NA,NA,NA,NA,NA,NA
CZ0210152,Polabí u Kostelce,91E0,9.375601943571075,3.01376010485271,2.2460244469070605,0.9108387304914055,3.0891612695085944,2.2460244469070605,75.39755530929396,0.5279968521104572,0,1.0526213635843762e-10,2.4175078829170733,7.068974660983242,2.3066272825878333,24.60244469070603,0,0,2.3066272825878333,24.60244469070603,0,0,100,2017-05-24,2024-05-20,2022-06-18,2024-05-10
CZ0210152,Polabí u Kostelce,91F0,123.29486230390721,2.681049314518982,1.5735477781513096,1.7156015413679737,1.7161664476144036,2.109429270453266,87.65288977195425,1.2968787023809707,0,5.057008936439202e-9,31.791697571723088,108.07150974972656,12.940204064874452,10.495331129839283,0,0,12.940204064874452,10.495331129839283,0,0,100,2006-08-23,2024-05-20,2023-06-24,2024-05-09
CZ0210713,Polabské hůry,6210,11.508040310788237,2.1676556481135894,2.0359239545983385,1.1743111900649303,2.7597093027745756,2.083886499299868,91.61135007001322,NA,NA,8.452995151015141e-10,46.9142236160643,10.542671095314448,0.7396507562582522,6.427252045379654,NA,NA,0.7396507562582522,6.427252045379654,0,0,100,2017-08-15,2025-05-23,2024-11-26,2025-05-23
CZ0210713,Polabské hůry,6510,2.8372365433409295,3.3483744888003604,2,1.0000002215893435,2.9999997784106567,2.67418724440018,32.58127555998198,NA,NA,1.6247270189728042e-11,11.566413225124391,0.9244078564744159,0,0,NA,NA,0,0,0,0,100,2017-09-08,2025-05-23,2022-10-28,2025-05-23
CZ0620139,Polámanky,6210,6.859617100751982,2.0754406577790245,2.0377203288895123,1.9245593422209752,2.0754406577790245,2.0377203288895123,96.22796711104877,NA,NA,5.038591152319785e-10,52.51021687406876,6.600870087655494,0.25874701309648807,3.772032888951237,NA,NA,0.25874701309648807,3.772032888951237,0,0,100,2024-05-20,2024-05-20,2024-05-20,2024-05-20
CZ0814092,Poodří,3130,0,NA,NA,NA,NA,NA,NA,NA,NA,NA,NA,NA,0,NA,NA,NA,0,NA,NA,NA,NA,NA,NA,NA,NA
CZ0814092,Poodří,3140,0.002241121917235432,1,1,2,1,1,100,NA,NA,8.95455678142757e-11,4.2810115650084736e-5,0.002241121917235432,0,0,NA,NA,0,0,0,0,100,2022-06-30,2022-06-30,2022-06-30,2022-06-30
CZ0814092,Poodří,3150,209.68656150706997,1.5144829513307845,1.2730741225372433,2,1.2730741225372433,1.592360171363718,86.78175015630744,NA,NA,3.182693603355721e-8,4.005451858442228,181.96966791841737,0,0,NA,NA,0,0,0,69.4550288505622,30.544971149437803,2006-08-08,2024-06-21,2015-01-10,2011-08-30
CZ0814092,Poodří,6510,160.78347193765376,3.6804048784491856,2.8027364463717035,0.2512212249748246,3.7548111165104916,2.840202439224593,15.979756077540722,NA,NA,9.207172087025094e-10,3.0713005728684006,25.692806628638213,128.09685209061402,79.67041048863874,NA,NA,128.09685209061402,79.67041048863874,0,6.091170422616728,93.9088295773833,2006-08-10,2024-06-19,2018-04-28,2022-06-16
CZ0814092,Poodří,9170,241.8399286206563,2.718311740242833,2.2949060703908746,1.3958329794407192,2.6766962418785005,2.3178927647691587,60.80201470214173,0.4481410040047975,0,1.4612128437365736e-9,4.619648415124987,147.04354895558052,50.13257688912192,20.72965253300192,3.64702441725356,1.5080323741635675,53.77960130637548,22.237684907165487,0,45.41039904388961,53.08156858194682,2006-09-11,2024-06-21,2017-03-07,2022-05-19
CZ0814092,Poodří,91E0,441.8418757291315,2.828771540892185,2.3702018338547495,1.267168764286733,2.787564077953275,2.3357640384946086,56.30897206514384,0.35113196366034044,0,4.960664931360427e-9,8.440103884374004,248.79661837642422,115.85787128308677,26.221568766404737,13.475985682997,3.0499566526506356,129.33385696608377,29.271525419055372,0,71.68435504868518,25.265688298664188,2006-08-10,2024-06-21,2014-06-08,2012-05-16
CZ0814092,Poodří,91F0,505.898161702751,1.951283499755084,1.7695874320773537,1.4889702956428756,2.094240425674032,1.7212758297605864,77.00157114974034,1.0037736153902521,0,2.074970097580378e-8,9.66371291231493,389.5495329287723,64.180693061514,12.686484735484067,13.5257683722154,2.673614849022261,77.7064614337294,15.360099584506326,0,61.879237587005065,35.44714756397267,2006-08-10,2024-06-21,2015-07-24,2012-05-16
CZ0424141,Porta Bohemica,3150,17.098231739289254,2.1780520759941284,2.4092413754768014,1.9970194290476915,2.4092413754768014,2.185637816318433,62.495561375411775,NA,NA,2.5952274859299866e-9,0.279689263677395,10.685635910737652,0,0,NA,NA,0,0,0,68.53930615223669,31.460693847763327,2009-09-03,2021-09-28,2015-03-21,2016-05-15
CZ0424141,Porta Bohemica,3260,63.12051723153532,3,2,2,2,3,0,NA,NA,1.373886422460878e-8,1.032512089940728,0,0,0,NA,NA,0,0,0,0,100,2021-09-14,2021-09-28,2021-09-21,2021-09-21
CZ0424141,Porta Bohemica,3270,11.556324684578547,1.0456978701080626,2.3348275323289016,1.99910810843339,2.3352734781122066,1.0977913405226831,99.56129881987526,NA,NA,2.052450708301144e-7,0.18903591851662635,11.505626951808255,0.005153494263591711,0.04459457833050367,NA,NA,0.005153494263591711,0.04459457833050367,0,99.9554054216695,0.04459457833050366,2009-08-31,2021-09-29,2015-10-19,2016-05-15
CZ0424141,Porta Bohemica,6110,0,NA,NA,NA,NA,NA,NA,NA,NA,NA,NA,NA,0,NA,NA,NA,0,NA,NA,NA,NA,NA,NA,NA,NA
CZ0424141,Porta Bohemica,8150,2.762424560104604,1.823594676357017,3,2,3,1.8235946763570172,100,NA,NA,3.263878038783784e-8,0.04518715753539816,2.762424560104604,0,0,NA,NA,0,0,0,0,100,2018-05-15,2024-06-04,2019-01-22,2018-05-15
CZ0424141,Porta Bohemica,8160,0.17749818633633224,2,2,2,2,2,100,NA,NA,6.97794317297588e-9,0.002903477844811656,0.17749818633633224,0,0,NA,NA,0,0,0,0,100,2012-09-02,2012-09-21,2012-09-11,2012-09-11
CZ0424141,Porta Bohemica,9180,868.1719465038968,2.3255962559261176,2.363165591207705,1.3787311675661915,2.8048596432741633,2.036719252206015,78.45273903924596,0.7339307062773142,0.00534417136450915,4.9204642078039635e-8,14.201373344653195,681.1046716026441,79.78772679760581,9.19031386799685,6.73516964758638,0.7757875239701896,86.52289644519219,9.966101391967037,0,1.9852312000800851,97.23898127594974,2009-05-26,2024-07-04,2017-06-29,2017-09-29
CZ0424141,Porta Bohemica,40A0,1.6686823030976936,1.3381809141154024,1.6413389494498112,1.9194889246378701,1.6871499796040474,1.2824809601279417,91.92470523526399,NA,NA,3.347729893226275e-8,0.027295952691555582,1.591834639790671,0.05790335135510192,3.4700045207893564,NA,NA,0.05790335135510192,3.4700045207893564,0,9.44530840756865,90.55469159243134,2009-05-24,2024-06-04,2015-11-10,2018-05-11
CZ0424141,Porta Bohemica,91E0,78.43249356685071,2.9102783397095573,2.4369325699987954,1.21174125465276,2.8769502650607928,2.4657053885274705,46.006215326339394,0.44023094682857233,0,8.805804557890075e-10,1.2829821649736495,36.08382187618263,26.46704085708916,33.74499477634278,0.846373079121482,1.0791102521815006,27.31341393621064,34.82410502852428,0,55.380893319777144,43.539996428041356,2009-07-08,2024-06-28,2015-03-23,2017-04-09
CZ0210028,Posázavské bučiny,6190,0.5457929390039932,1.8901012217945117,2,0.8901012217945115,3,1.8901012217945115,100,NA,NA,1.6983343373630255e-9,0.35339166468649513,0.5457929390039932,0,0,NA,NA,0,0,0,10.989877820548852,89.01012217945116,2012-06-30,2023-08-17,2018-01-22,2018-01-22
CZ0210028,Posázavské bučiny,9130,84.60294945350165,1.2716290271483053,1.6440357650356148,1.8653064882401993,1.7152082576458594,1.2385282179325314,94.36830630760132,1.0444305835727816,0,6.46502165588183e-10,54.77897387115448,79.83837048554554,2.800426088952111,3.310080921577378,0,0,2.800426088952111,3.310080921577378,0,28.88390769340243,71.11609230659758,2012-05-01,2023-08-17,2016-09-28,2012-06-03
CZ0210028,Posázavské bučiny,9180,30.386634799906215,1.1352974867401602,1.6437972094683608,1.2234384180089424,2.3930815485469576,1.1080202438276996,97.27227570875394,1.5428497515430906,0,1.722197423340467e-9,19.674830304246342,29.55777118117694,0.8280091125752406,2.7249121794092055,8.54506154032424e-4,0.0028121118368627687,0.8288636187292729,2.7277242912460684,0,79.43462723307216,20.56256065509098,2012-05-01,2023-08-17,2015-06-12,2012-05-08
CZ0514669,Poselský a Mariánský rybník,3150,15.39556393112191,2,2,2,2,2,100,NA,NA,2.3367908029711124e-9,19.336857978723028,15.39556393112191,0,0,NA,NA,0,0,0,100,0,2012-09-13,2012-09-13,2012-09-13,2012-09-13
CZ0514669,Poselský a Mariánský rybník,3160,0,NA,NA,NA,NA,NA,NA,NA,NA,NA,NA,NA,0,NA,NA,NA,0,NA,NA,NA,NA,NA,NA,NA,NA
CZ0514669,Poselský a Mariánský rybník,6410,0.999859980394505,2,2,2,2,2,100,NA,NA,1.2849656321933357e-10,1.255826063013751,0.999859980394505,0,0,NA,NA,0,0,0,100,0,2012-06-01,2012-06-01,2012-06-01,2012-06-01
CZ0514669,Poselský a Mariánský rybník,7140,5.722438279267249,2.952300695124487,1.296631950552439,2,1.296631950552439,2.566876622243836,23.02477409547187,NA,NA,1.0638372343598558e-9,7.187393511095333,1.3175784865540918,0,0,NA,NA,0,0,0,100,0,2012-09-13,2012-09-14,2012-09-13,2012-09-13
CZ0514669,Poselský a Mariánský rybník,7150,1.4438601710871792,1,1,2,1,1,100,NA,NA,7.172537317438923e-8,1.8134911585153572,1.4438601710871792,0,0,NA,NA,0,0,0,100,0,2012-09-14,2012-09-14,2012-09-14,2012-09-14
CZ0514669,Poselský a Mariánský rybník,91D0,13.789594922992174,2.3607222973415416,2.412273710562983,1.2751558208022615,2.9790348568900438,1.9941559925304118,84.19169671293223,0.8310491619611129,0,9.646131942627014e-10,17.319757808351266,11.60969393550747,2.179900987484702,15.808303287067767,0,0,2.179900987484702,15.808303287067767,0,100,0,2011-09-22,2012-09-14,2012-05-07,2012-09-13
CZ0624060,Pouzdřanská step - Kolby,6210,18.03708610294839,2.6763130644013753,2.2041446460666276,1.3897921332910985,2.6102078667089015,1.8989151275458787,79.58553539333722,NA,NA,1.3248771923724878e-9,10.166261714747678,14.3549115443887,3.6821745585596886,20.414464606662772,NA,NA,3.6821745585596886,20.414464606662772,0,0,100,2023-05-19,2024-06-25,2023-07-21,2023-06-15
CZ0624060,Pouzdřanská step - Kolby,6250,16.110728114321013,1.680299961949173,1.3830374860660464,1.3710526215188,1.9470479028231455,1.4036672296125474,93.50630382758992,NA,NA,2.3552961878147345e-7,9.080506545819388,15.064546379413956,1.0461817349070566,6.49369617241007,NA,NA,1.0461817349070566,6.49369617241007,0,0,100,2023-05-23,2024-06-25,2023-08-31,2023-06-15
CZ0624060,Pouzdřanská step - Kolby,91G0,72.25944013815884,3.0965464609123594,2.2417094653857235,1.0256400624604156,2.84665911102549,2.3709796185260164,59.04262388971579,0.6525149823075308,0,6.964011865963061e-9,40.72766385949584,42.663869465587446,25.8334164320667,35.7509224852471,0.859964441887953,1.1901067047346554,26.693380873954652,36.94102918998176,0,0,98.80989329526534,2023-05-19,2024-05-30,2023-07-31,2023-06-18
CZ0624060,Pouzdřanská step - Kolby,91I0,30.78042711935403,2.0773229727777123,2.1111512248429762,1.3264296733321441,2.562497863086452,1.5957774738212829,96.04355065451995,1.186444656149542,0,4.493275945760128e-9,17.348804346835102,29.562615112054385,1.1625618044541917,3.77695150215508,0.0552502028454561,0.17949784332497462,1.2178120072996477,3.9564493454800544,0,0,99.82050215667503,2023-05-23,2023-06-20,2023-06-13,2023-06-18
CZ0714077,Praděd,4060,297.58525681164235,1.0686021810070145,1.2504656493813133,1.8575157445273882,1.3904916893705708,1.1577989974064526,99.41087568690328,NA,NA,4.663853059336143e-7,4.901936758630136,295.8321097115737,0,0,NA,NA,0,0,0,75.99404997208254,24.005950027917482,2008-06-13,2022-08-31,2012-07-30,2008-08-01
CZ0714077,Praděd,4080,7.060499228090265,0.9999999999999996,1.111673255496286,1.9172459917079816,1.1944272637883042,1.0827540082920184,99.99999999999999,NA,NA,1.886557776266158e-7,0.11630321028424458,7.060499228090265,0,0,NA,NA,0,0,0,99.5251714023734,0.4748285976265953,2008-07-10,2022-08-29,2010-04-25,2008-07-27
CZ0714077,Praděd,6150,181.68648428281398,1.6002901602449846,1.9963339278383974,1.5958928607585607,2.263264303695383,1.7163785630255908,99.46954744256067,NA,NA,2.1548969626880224e-7,2.992808398488372,180.72272368041416,0,0,NA,NA,0,0,0,92.23816780078681,7.761832199213189,2008-07-01,2022-08-29,2010-04-01,2008-07-31
CZ0714077,Praděd,6430,232.99400598314958,1.1978117578601104,2.1162234144013232,1.6254968595020343,2.2976791357831168,1.40069854787395,99.05527449042503,NA,NA,2.5086717012313415e-8,3.8379652765936614,231.24723093033936,0.5051171816430869,0.2167940670884116,NA,NA,0.5051171816430869,0.2167940670884116,0,76.34053610814225,23.65946389185777,2008-06-13,2022-09-05,2012-06-09,2008-07-31
CZ0714077,Praděd,7110,11.366050776750171,1.4224058592204036,1.8796916703878144,1.90479084468739,1.9272962480441191,1.3673509141536584,95.2395422343695,NA,NA,1.5058561138397208e-8,0.18722588175217866,10.824974729902861,0.5410760468473098,4.7604577656305045,NA,NA,0.5410760468473098,4.7604577656305045,0,67.54637326511282,32.453626734887166,2008-07-11,2023-06-13,2013-07-25,2013-02-04
CZ0714077,Praděd,7140,7.80858036304563,1.6274526480748968,1.61068893794462,1.106324011299435,2.3249367462348864,1.6018663306342855,100,NA,NA,1.4516641564831085e-9,0.12862588531581218,7.80858036304563,0,0,NA,NA,0,0,0,56.91266056108576,43.08733943891424,2008-07-01,2023-06-13,2014-03-08,2008-08-01
CZ0714077,Praděd,8110,11.504775606264067,1,1.1408832473723767,2,1.1408832473723765,1.0484271377535044,100,NA,NA,6.248181693703504e-8,0.18951100954518382,11.504775606264067,0,0,NA,NA,0,0,0,98.8463795415093,1.1536204584907106,2008-07-31,2022-08-29,2009-06-17,2008-08-08
CZ0714077,Praděd,8220,11.643521351902812,1.116299271191644,2.2127028212938407,1.9310605872377287,2.2538728877160636,1.2309973496050268,99.95741508663258,NA,NA,1.7068526047418374e-9,0.19179648187649828,11.638562968422187,0,0,NA,NA,0,0,0,76.804194403014,23.195805596986006,2008-07-09,2022-08-31,2009-12-07,2008-08-12
CZ0714077,Praděd,9110,324.7197203039281,2.070114497906288,2.0600169677343034,1.5578994983551464,2.345168765253156,1.929290447202984,83.74975884802217,0.5902940317922957,0,2.3675005156214362e-9,5.348905890917267,271.9519826865119,32.84636798280847,10.11529818763863,18.1179713230505,5.579572224961456,50.96433930585897,15.694870412600087,0,65.45648144451165,28.96394633052689,2008-07-10,2023-07-14,2014-03-03,2012-05-31
CZ0714077,Praděd,9410,3911.0597800046207,1.9275614120352946,1.7068904801419467,1.5743723197847497,1.968197401682973,1.6457287011708375,83.82026606876168,0.8612132247622504,0,5.078868317180785e-8,64.42445404121408,3278.6959925038877,189.71624945763602,4.850763223501837,180.641482415546,4.618734884572196,370.35773187318205,9.469498108074035,0,58.202610401243284,37.17865471418452,2008-06-13,2023-07-18,2013-06-21,2009-06-18
CZ0714077,Praděd,91D0,44.70236078768689,1.418971558774658,1.8669564273743622,1.1030203772674803,2.6659593491377,1.5184597263863593,98.32862105665598,1.0071573253555886,0,3.1270307265224407e-9,0.7363541725503112,43.95521494230382,0.6281527079119115,1.4051891149447613,0.118993137471165,0.2661898283992671,0.7471458453830765,1.6713789433440283,0,17.472689274452254,82.2611208971485,2008-07-15,2023-06-13,2016-08-19,2013-09-07
CZ0320013,Prameniště Přešínského potoka,6410,2.9435872489029076,3.3019171061508388,2.3019171061508388,0.6962737546722799,3.3019171061508388,2,69.62737546722798,NA,NA,3.78293813570814e-10,6.715886132059171,2.9435872489029076,0.8940447029038332,30.372624532772008,NA,NA,0.8940447029038332,30.372624532772008,0,100,0,2010-06-19,2010-07-26,2010-07-13,2010-07-26
CZ0320013,Prameniště Přešínského potoka,6430,3.8537860634748387,2,1.892375119259376,2,1.892375119259376,1.5484268054471975,100,NA,NA,4.1494132002426933e-10,8.79253312068796,3.8537860634748387,0,0,NA,NA,0,0,0,100,0,2010-07-26,2010-08-11,2010-07-31,2010-07-26
CZ0320013,Prameniště Přešínského potoka,91E0,19.467904079301245,2.695051539405201,1.0128648275523087,1.9871351724476913,1.0192972413284629,1.6950515394052008,99.35675862238456,0.6343960844835199,0,2.1857083802641253e-10,44.41663044816033,19.342678464908698,0.12522561439254787,0.6432413776154302,0,0,0.12522561439254787,0.6432413776154302,0,100,0,2010-07-26,2010-08-11,2010-08-03,2010-08-03
CZ0214045,Prameny Klíčavy,3150,1.0958222441895282,1.8587209534638673,1.1412790465361329,2,1.141279046536133,2.7174419069277347,14.127904653613275,NA,NA,1.66327609262615e-10,1.7489400411593932,0.1548167218321818,0,0,NA,NA,0,0,0,0,100,2014-07-19,2014-07-20,2014-07-19,2014-07-19
CZ0214045,Prameny Klíčavy,7140,0.8154832369683683,1,1.375,2,1.375,1,100,NA,NA,1.516034580270457e-10,1.3015170056920098,0.8154832369683683,0,0,NA,NA,0,0,0,0,100,2014-07-21,2014-07-21,2014-07-21,2014-07-21
CZ0214045,Prameny Klíčavy,91E0,15.808603473068308,1.9602520329562614,2.0466075357911673,1.6322056673305152,2.387457349621192,1.7945612634153905,97.30554811605398,0.7697925925648822,0,1.7748699064166619e-10,25.2306427939956,15.382648258962663,0.42595521410564424,2.6944518839460154,0,0,0.42595521410564424,2.6944518839460154,0,0,100,2013-09-07,2014-07-21,2014-06-18,2014-07-20
CZ0110050,Prokopské údolí,6110,0.373701765040278,1,2,1,3,1,99.99999999999999,NA,NA,6.597496182182469e-9,0.2947803415260773,0.373701765040278,0,0,NA,NA,0,0,0,0,100,2009-05-05,2009-05-05,2009-05-05,2009-05-05
CZ0110050,Prokopské údolí,6190,7.59778590467083,2.3203621356158415,1.7544585135570283,0.8979203919125571,2.5047409352215864,1.9909967069349321,83.94887208229979,NA,NA,2.3641897444446166e-8,5.993222760346042,6.378255570199118,0,0,NA,NA,0,0,0,0,100,2001-07-05,2009-09-29,2008-12-29,2009-06-11
CZ0110050,Prokopské údolí,6210,24.10669276411583,2.2837713490612566,1.7913807190278745,1.1549454418979643,2.531209715727928,1.874046540603133,88.5215623144962,NA,NA,1.7707077099048282e-9,19.015642394154515,21.33962105715094,0.7086531579806882,2.9396531698265895,NA,NA,0.7086531579806882,2.9396531698265895,0,0,100,2001-07-05,2009-09-28,2009-02-09,2009-06-11
CZ0110050,Prokopské údolí,9180,7.818079337423434,1.590638012227283,2.1968793374090945,0.8031206625909058,3.1968793374090945,1.3937586748181885,80.31206625909059,0,1.6062413251818115,4.4309862474220205e-10,6.16699280752729,6.278861057659778,0.49886639775046643,6.380932914846517,1.04035188201319,13.30700082606291,1.5392182797636564,19.68793374090943,0,0,86.6929991739371,2009-06-11,2009-08-02,2009-07-07,2009-07-07
CZ0510191,Průlom Jizery u Rakous,6210,18.377727226314022,2.864665363863995,2.2910248351764917,1.1476061385689478,2.965279647913442,2.147661530032278,82.18609513058979,NA,NA,1.3498982879394427e-9,1.7302358841475973,15.103936381058741,3.2737908452552786,17.813904869410205,NA,NA,3.2737908452552786,17.813904869410205,0,0,100,2018-06-08,2018-07-09,2018-06-17,2018-06-15
CZ0510191,Průlom Jizery u Rakous,8210,3.6010020992179066,1.7515245818608896,2.0272613189476214,2,2.0272613189476214,1.0982391249710468,99.63810099280128,NA,NA,2.0091358175827386e-8,0.3390290308605969,3.5879701083716324,0,0,NA,NA,0,0,0,0,100,2018-06-08,2018-07-09,2018-07-01,2018-07-09
CZ0510191,Průlom Jizery u Rakous,8220,41.494548117441695,1.0708263846632682,2.955181327128438,1.989485187571853,2.9604387333425115,1.0290089074401367,99.47425937859266,NA,NA,6.0827884792143626e-9,3.906650439695669,41.276394422318894,0.2181536951228045,0.5257406214073372,NA,NA,0.2181536951228045,0.5257406214073372,0,0,100,2018-06-08,2018-07-09,2018-06-16,2018-06-14
CZ0510191,Průlom Jizery u Rakous,8310,0.10888215369970358,1.1869662560625174,3,2,1,1,100.00000000000001,NA,NA,6.046628140191673e-8,0.010251094009315455,0.10888215369970358,0,0,NA,NA,0,0,0,0,100,2018-06-14,2018-07-09,2018-06-16,2018-06-14
CZ0510191,Průlom Jizery u Rakous,9110,105.85050274947014,3.009173962951743,2.5839942852959323,1.5744106595633165,2.7936813959235938,2.0202343769383235,73.17431905536507,0.9007567433698049,0,7.717459216939566e-10,9.9656685485004,77.45538460360525,21.335718747652106,20.156464252371165,0.859767332369596,0.8122468103949556,22.195486080021702,20.968711062766122,0,0,99.18775318960503,2018-06-08,2018-08-04,2018-06-19,2018-06-14
CZ0510191,Průlom Jizery u Rakous,9130,101.54135169182517,2.8293654952553773,2.0196137391443703,1.390848421666367,2.4770274552230505,1.6803978479467139,84.82621377450471,0.9471004231096826,0.019937761703831144,7.759387135976408e-10,9.559968338766396,86.13368405562927,14.619393400975811,14.397477635855404,0.788274235220077,0.7763085896398786,15.407667636195889,15.173786225495284,0,0,99.22369141036012,2018-06-08,2018-07-09,2018-06-22,2018-06-23
CZ0510191,Průlom Jizery u Rakous,9150,108.74530426572126,1.879525964812852,1.5764038645807101,1.7641000043459687,1.7327922458325768,1.4408888434560323,86.92366767635275,0.8727627770925239,0.26056798006280113,9.414590894490554e-8,10.238209837160452,94.5254068935742,8.58160608797489,7.891472782130959,0.0649086128472103,0.05968865808550671,8.6465147008221,7.951161440216466,0,0,99.9403113419145,2018-06-08,2018-07-09,2018-06-20,2018-06-15
CZ0510191,Průlom Jizery u Rakous,9180,11.479574602444492,2.601617526324023,2.2185751507926015,1.1422783136763193,2.8577216863236807,1.8337329648031107,78.14248492073986,0.9895515661659162,0,6.506180737537803e-10,1.0807849995433085,8.97042485268027,2.498168807402094,21.761858726630226,0.0109809423621278,0.0956563526299092,2.5091497497642217,21.857515079260136,0,0,99.9043436473701,2018-06-09,2018-07-09,2018-06-27,2018-07-09
CZ0510191,Průlom Jizery u Rakous,6210p,4.4464703537639,1.9499214099429212,2,2,2,1.7985786052044272,95.28696395427767,NA,NA,4.768022411838007e-9,0.41862861871542834,4.23690660322865,0,0,NA,NA,0,0,0,0,100,2018-06-15,2018-06-15,2018-06-15,2018-06-15
CZ0620014,Přední kopaniny,6240,3.2782939130671207,2.0676851324123886,2.0338425662061943,0.9661574337938057,3.0338425662061943,2.0338425662061943,96.61574337938058,NA,NA,1.1832503190446255e-8,36.840130364713495,3.167348034270783,0.11094587879633763,3.384256620619425,NA,NA,0.11094587879633763,3.384256620619425,0,100,0,2010-09-04,2010-09-04,2010-09-04,2010-09-04
CZ0620014,Přední kopaniny,6210p,0.6959910238685668,1,2,1,3,1,100,NA,NA,7.463224841776635e-10,7.821263355853188,0.6959910238685668,0,0,NA,NA,0,0,0,100,0,2010-09-04,2010-09-04,2010-09-04,2010-09-04
CZ0624114,Přední kout,6210,3.9866994641563958,2.9460385688547284,2.0400623715118704,1.9198752569762592,2.080124743023741,2.5778311008136794,42.21688991863208,NA,NA,2.928348383301799e-10,0.5754203109233572,1.6830605241696002,0.1597166350392083,4.006237151187043,NA,NA,0.1597166350392083,4.006237151187043,0,100,0,2010-09-18,2012-05-17,2012-03-14,2012-05-14
CZ0624114,Přední kout,6240,1.7886387858592392,2.175001638812793,2.0875008194063964,1.8249983611872072,2.175001638812793,2.0875008194063964,91.24991805936037,NA,NA,6.4558196127187965e-9,0.2581631987919328,1.632131426474494,0.15650735938474536,8.750081940639637,NA,NA,0.15650735938474536,8.750081940639637,0,100,0,2010-09-09,2012-05-17,2011-05-15,2010-09-18
CZ0624114,Přední kout,6210p,10.466067804672122,1.1831945285063727,1.1271954752517788,2,1.1271954752517788,1.1551950018790758,97.2000473372703,NA,NA,1.1222934571969178e-8,1.51062001147953,10.173022860492107,0,0,NA,NA,0,0,0,100,0,2012-05-07,2012-05-17,2012-05-12,2012-05-13
CZ0624114,Přední kout,91G0,451.6017420080019,2.101900957208711,2.0764810255764874,1.4224869084714564,2.4441099045631676,1.907731904812308,78.44779411213848,0.47215068250614506,0,4.352316990029543e-8,65.18194239022279,354.2716047772682,50.24150194715172,11.125178951648396,24.0126917204588,5.317227434440083,74.25419366761052,16.44240638608848,0,94.68277256555992,0,2010-09-18,2012-05-17,2012-04-27,2012-05-10
CZ0624114,Přední kout,91I0,94.20069492533769,1.7090885821515531,1.7656461889220012,0.9976102177005611,2.651536354624037,1.6057301267112507,89.66415445596974,0.1993542437214565,0,1.375126196074666e-8,13.596458336145027,84.46425659645162,0.49357191842461473,0.523957831538094,9.24286641046145,9.811887712492178,9.736438328886065,10.33584554403027,0,90.18811228750783,0,2012-05-07,2012-05-17,2012-05-11,2012-05-11
CZ0710148,Přestavlcký les,6510,4.118715822044952,1.3187387875696794,2,2,2,1.3132949469174058,99.45561593477262,NA,NA,2.3585586810705033e-11,1.9555281166226153,4.0962941894177405,0,0,NA,NA,0,0,0,100,0,2012-05-26,2012-05-26,2012-05-26,2012-05-26
CZ0710148,Přestavlcký les,9170,160.2670419221426,2.3612685354294554,1.9923635241227495,1.679890439864498,2.205618216728192,2.1227463639765465,76.14778285470913,0.48068820986784605,0,9.683440671686513e-10,76.09330679461107,122.03979907053879,12.975489217279556,8.096168158880115,4.14982431674549,2.589318594125838,17.125313534025047,10.685486753005954,0,97.41068140587417,0,2012-05-03,2012-06-02,2012-05-08,2012-05-05
CZ0214012,Příhrazské skály,8310,0.009926359594135284,1,3,2,1,1,100,NA,NA,5.512474102698009e-9,0.0019114546221634357,0.009926359594135284,0,0,NA,NA,0,0,0,100,0,2011-07-20,2011-07-20,2011-07-20,2011-07-20
CZ0530027,Psí kuchyně,6430,0.460171789604912,2.554461556580186,1.9999999999999998,2.0000000000000004,1.9999999999999996,1.9999999999999998,100,NA,NA,4.9547195062619546e-11,0.16796402025492646,0.460171789604912,0,0,NA,NA,0,0,0,0,100,2013-08-30,2013-08-30,2013-08-30,2013-08-30
CZ0530027,Psí kuchyně,9130,183.31706520452823,2.197984413690354,2.025991122401219,1.580165848473825,2.243676961930368,1.9756842168725677,77.28479034090343,1.218917002214953,0.03299996697057119,1.400836264096611e-9,66.9112534680209,141.67620950241687,32.31511555012655,17.62799088784906,2.84611373454618,1.5525634404907964,35.16122928467273,19.180554328339852,0,0,98.4474365595092,2013-06-27,2018-04-21,2013-12-30,2013-09-06
CZ0530027,Psí kuchyně,91E0,12.802252126107378,2.5320703770265816,1.3950166586272041,1.605071024978762,1.592481146137823,2.181202188311973,67.54167957753421,0.9171310942235648,0.2542374334280779,1.4373396152099522e-10,4.672858667117263,8.646856109723506,2.3283163390909554,18.18677148486137,0.199673815972569,1.559677266200516,2.527990155063524,19.746448751061887,0,0,98.44032273379948,2013-07-07,2014-07-28,2013-09-27,2013-09-05
CZ0810014,Pstruží potok,7140,1.8094187711335719,1,1,1,2,1,100,NA,NA,3.363823194486307e-10,4.562488076669044,1.8094187711335719,0,0,NA,NA,0,0,0,0,100,2016-07-18,2016-07-18,2016-07-18,2016-07-18
CZ0810014,Pstruží potok,91E0,27.769348541720326,1.005892958860363,1,2,1,1.0058929588603631,100,0.9941070411396369,0,3.117731501802839e-10,70.02100544093065,27.769348541720326,0,0,0,0,0,0,0,0,100,2016-07-18,2016-07-18,2016-07-18,2016-07-18
CZ0810032,Ptačí hora,9130,57.56649481551268,1.3625151162946834,2.0156818869563513,1.6831434415091349,2.3186340959114404,1.3468332293383318,98.43181130436486,0.5579522457372005,0,4.39900308487525e-10,75.47437334859292,56.663743551342414,0,0,0.800424665464343,1.3904349535776308,0.800424665464343,1.3904349535776308,0,0,98.60956504642236,2021-06-10,2022-05-19,2022-04-22,2022-05-16
CZ0210023,Pustá seč,6510,4.465635820932006,2,1.22880849832649,1.9482039878390618,1.2806045104874282,2,100,NA,NA,2.5572204024333955e-11,64.83835083017422,4.465635820932006,0,0,NA,NA,0,0,0,0,99.99999999999999,2019-05-08,2019-05-08,2019-05-08,2019-05-08
CZ0510403,Quarré,7110,1.1708345049650408,2.4847887944025757,1.7814677865276716,2,1.7814677865276716,1.742394397201288,100,NA,NA,1.5512057197585607e-9,23.083181545433785,1.1708345049650408,0,0,NA,NA,0,0,0,0,100,2023-10-03,2023-10-03,2023-10-03,2023-10-03
CZ0510403,Quarré,91D0,2.481018524297234,4,3,0,4,3,0,0,0,1.7355282857199319e-10,48.91366010403601,0,2.481018524297234,100,0,0,2.481018524297234,100,0,0,100,2023-10-03,2023-10-03,2023-10-03,2023-10-03
CZ0714078,Rabštejn,9110,65.53339536903859,2.2640862953371643,2.363089007559673,1.2076850738818565,3.0622738886052616,2.0931300450725545,90.68699549274454,0.636056510816562,0,4.777977364029696e-10,9.334218777614375,59.430267304562484,5.0483197176717685,7.703430730611678,1.05480834680434,1.6095737766437888,6.103128064476109,9.313004507255467,0,0,98.39042622335623,2023-07-19,2023-07-19,2023-07-19,2023-07-19
CZ0714078,Rabštejn,9130,322.8256289135569,2.2029942196128536,1.7191940559007362,1.7133742815058213,1.910658661413795,2.09516111298112,90.48388870188799,0.8666372744970549,0,2.466905344886217e-9,45.98151874065334,292.1051827673127,22.594810874890722,6.999075925579917,8.12563527135342,2.5170353725320935,30.720446146244143,9.51611129811201,0,0,97.4829646274679,2023-06-20,2023-07-28,2023-07-21,2023-07-19
CZ0714078,Rabštejn,9180,21.42409918319141,1.416402162088246,2.0784320954561526,1.8301625223532179,2.1706036716464365,1.2876370649753905,87.12349028871446,0.922663425825955,0,1.2142354246741638e-9,3.051531631515277,18.665422971312324,1.6438743246556726,7.673014909982298,0.0200476513003075,0.09357523566748692,1.6639219759559802,7.766590145649786,0,0,99.90642476433251,2023-07-19,2023-07-28,2023-07-21,2023-07-19
CZ0423225,Radobýl,6210,8.147173435988767,2.0004824518872732,2.036365153529556,1.999517548112727,2.0366063794731923,2.0002412259436366,99.97587740563635,NA,NA,5.984339269678429e-10,27.778650944293005,8.1452081263887,0.0019653096000663934,0.024122594363647262,NA,NA,0.0019653096000663934,0.024122594363647262,0,0,100,2024-06-01,2024-06-11,2024-06-01,2024-06-01
CZ0423225,Radobýl,8220,2.28617352039692,2.0147289144785816,3,2,3,2,100,NA,NA,3.3513583307369446e-10,7.794950815783655,2.28617352039692,0,0,NA,NA,0,0,0,0,100,2024-06-01,2024-07-27,2024-06-12,2024-06-01
CZ0114001,Radotínské údolí,6190,2.1050928499252524,1.6256213694941462,1.511949246899752,1.3645944569201507,2.1473547899796013,1.226877554701115,100,NA,NA,6.550380583687415e-9,1.9234359751162098,2.1050928499252524,0,0,NA,NA,0,0,0,0,100,2014-06-28,2016-07-15,2014-10-31,2014-08-19
CZ0114001,Radotínské údolí,6210,5.657511669614102,2.398318393678884,1.9658054313195685,1.4874530934765835,2.3683212785252694,1.861285474789153,72.03575470500755,NA,NA,4.155609245235948e-10,5.169302377974411,4.075431228730391,0.6225020021099772,11.003105931771556,NA,NA,0.6225020021099772,11.003105931771556,0,0,100,2011-08-31,2016-09-01,2015-05-01,2016-03-24
CZ0114001,Radotínské údolí,9170,49.64058857668377,1.6372563557850923,1.5435802459956376,1.3179082886649778,2.09335371968485,1.4596853830785912,84.86317232066227,0.6584497649718563,0,2.9993171935090406e-10,45.35690380484957,42.12657822482214,6.479488501293864,13.052803536534388,0.0888666948736552,0.17902022804660292,6.568355196167519,13.23182376458099,0,0,99.8209797719534,2000-11-28,2017-04-22,2014-08-07,2014-10-21
CZ0114001,Radotínské údolí,9180,5.018370726148796,1.5524515195462465,1.9117886853214605,1.7041242453697365,2.0597265626365924,1.4045136422311146,85.20621226848682,0.7851820989275577,0.47229838398734225,2.8442192400875404e-10,4.585315460782356,4.275963613341947,0.7424071128068492,14.793787731513175,0,0,0.7424071128068492,14.793787731513175,0,0,100,2014-10-15,2016-05-10,2015-06-03,2014-10-21
CZ0114001,Radotínské údolí,91H0,11.033041216259484,1.3625902760934818,1.241726850728988,1.029310670268213,2.0915527550962807,1.241726850728988,87.9136574635506,0.7886990224188055,0,1.1612730165595766e-8,10.080955997283882,9.69955006267472,1.333491153584764,12.086342536449397,0,0,1.333491153584764,12.086342536449397,0,0,100,2014-10-03,2017-04-23,2015-08-13,2014-11-09
CZ0210114,Radouč,2330,5.070352312437841,2.0195649919676675,2,1.7424394294452945,2.2575605705547055,1.7876785834365772,100,NA,NA,6.986924303629965e-9,16.35135975584043,5.070352312437841,0,0,NA,NA,0,0,0,0,100,2022-06-13,2022-08-03,2022-07-09,2022-07-09
CZ0210114,Radouč,4030,1.6396245980950859,1.912064583747116,2.5980196898637296,2,2.5980196898637296,1.9120645837471162,100,NA,NA,1.1736806074730696e-9,5.287619087575327,1.6396245980950859,0,0,NA,NA,0,0,0,0,100,2022-06-13,2022-08-03,2022-07-13,2022-08-03
CZ0210114,Radouč,6210,18.559646889441456,1.9850701565859228,2,2,2,1.963199384967851,100.00000000000001,NA,NA,1.3632608239469759e-9,59.852934180960325,18.559646889441456,0,0,NA,NA,0,0,0,0,100,2022-06-13,2022-08-03,2022-06-23,2022-06-13
CZ0210114,Radouč,8210,0.03594770633215551,1,2,2,2,2,100.00000000000001,NA,NA,2.0056590460629157e-10,0.11592762049147719,0.03594770633215551,0,0,NA,NA,0,0,0,0,100,2022-06-13,2022-06-13,2022-06-13,2022-06-13
CZ0620245,Rakovecké údolí,6510,48.300851113212985,2.0038740473665997,1.964052299650172,1.7292602587943675,2.2327919542529937,1.8891935113986233,99.79999133971891,NA,NA,2.7659201707099236e-10,6.391851333650733,48.20424522799709,0.09660588521589525,0.2000086602810776,NA,NA,0.09660588521589525,0.2000086602810776,0,76.49923437444107,23.50076562555893,2009-04-22,2024-05-11,2014-05-01,2009-04-28
CZ0620245,Rakovecké údolí,8220,5.3187374075859335,1.2327163799367886,2.016959098508704,2,2.0169590985087043,1.2327163799367888,100,NA,NA,7.79686876822045e-10,0.7038505121230924,5.3187374075859335,0,0,NA,NA,0,0,0,81.98758110115372,18.012418898846278,2009-04-22,2024-05-11,2012-10-14,2009-04-24
CZ0620245,Rakovecké údolí,9110,49.31944682548698,2.8018469895921463,2.9331642506213624,0.876013612644457,3.3614147265585066,2.3376711295161305,53.58241399239839,0.405318966208212,0,3.595833837261775e-10,6.526646315765829,26.42655017679322,12.752499593515708,25.85693963405436,7.17572003606266,14.549473884922893,19.92821962957837,40.40641351897725,0,49.63995351266206,35.81057260241506,2009-04-19,2024-07-24,2012-10-26,2009-04-22
CZ0620245,Rakovecké údolí,9130,340.89616019233733,2.39039741272006,2.412093007833695,1.113810880373449,2.9367738574454396,1.9599877819928715,63.98311986888665,0.16167281615080636,0,2.6049931737447297e-9,45.11219835556353,218.11599880429506,74.78799056517936,21.938642700751792,13.6836566143147,4.014024859239902,88.47164717949406,25.952667559991692,0,73.6216201049161,22.364355035843985,2009-04-19,2024-07-24,2013-01-03,2009-04-24
CZ0620245,Rakovecké údolí,9180,7.4490047880659525,1.6424970707266127,1.9816167284956114,1.4754250625876149,2.424255325127191,1.4069948422552832,94.58222090511086,0.6808627028009173,0,4.221809008116153e-10,0.9857576024358142,7.045434163880824,0.2262909685900435,3.0378684808014107,0.177279655595085,2.3799106140877324,0.40357062418512846,5.417779094889143,0,94.84423440272084,2.7758549831914134,2009-04-22,2023-10-25,2010-08-18,2009-04-22
CZ0620245,Rakovecké údolí,91E0,34.48019376528776,2.2973686487690355,1.9770961520428971,1.8738906698758686,2.049619141271845,2.031860179685016,83.82457166687198,0.06121962631724924,0,3.871174223939637e-10,4.562906603583651,28.902874733659964,1.8113208108053147,5.253221090157636,0.0363466064333765,0.10541299936071623,1.847667417238691,5.358634089518351,0,94.87337821307955,5.021208787559759,2009-04-21,2024-07-24,2011-08-29,2009-04-28
CZ0510028,Ralsko,9110,38.00406172773211,2.0718468830106875,2.2670493568226275,1.1219546773767424,2.987022849875341,1.8499804458718239,84.1928170429456,0.7329506431773727,0,2.770839900080631e-10,20.710297621258626,31.996690159317605,5.1786896679783965,13.626674183089838,0.828681900436105,2.1805087739645574,6.007371568414501,15.807182957054394,0,0,97.81949122603544,2021-06-29,2022-05-14,2022-01-18,2022-02-06
CZ0510028,Ralsko,9130,103.27697475923789,2.1420189866557937,1.7385864110551263,1.5971422582895498,1.9744038053416246,1.959127965192567,87.67562207023677,0.3660836427376453,0,7.892016563079754e-10,56.280744411228234,90.54873007548322,3.9050066165758297,3.7811008946372495,0,0,3.9050066165758297,3.7811008946372495,0,0,100,2021-06-28,2022-05-15,2022-02-15,2022-05-03
CZ0510028,Ralsko,9180,27.209452099546127,1.250941053569457,2.064101679380033,1.2838961961043758,2.7161038038956242,1.1868393741894239,93.5898320619967,0.9358983206199671,0,1.542126945116306e-9,14.827779597089094,25.465280524954657,1.7441715745914728,6.410167938003304,0,0,1.7441715745914728,6.410167938003304,0,0,100,2021-06-29,2022-05-10,2022-02-05,2022-05-03
CZ0410020,Ramena Ohře,3150,4.817593082679342,1.719136743370259,1.9518777275856547,1.603054387064638,2.3488233405210166,1.65792334807234,93.87866047020812,NA,NA,7.312305842402463e-10,1.6546491883978733,4.522691852924772,0,0,NA,NA,0,0,0,0,100,2013-08-10,2016-07-03,2014-06-04,2013-08-29
CZ0410020,Ramena Ohře,3260,56.615477410489376,1.7176069602592783,1.2099151412040023,2,1.2099151412040023,1.3653337859208763,99.97559717439978,NA,NA,1.2322971852415525e-8,19.445136220580135,56.601661634274166,0,0,NA,NA,0,0,0,0,100,2013-08-09,2016-06-30,2014-10-12,2013-08-11
CZ0410020,Ramena Ohře,3270,1.0489630614664196,2,1,1,2,2,100,NA,NA,1.863001462187635e-8,0.3602765631150931,1.0489630614664196,0,0,NA,NA,0,0,0,0,100,2013-08-11,2013-08-11,2013-08-11,2013-08-11
CZ0410020,Ramena Ohře,91E0,69.37999015548858,2.6514234449740535,2.136230756507534,1.165226090238503,2.71294642049771,2.123646812961327,74.05364982537992,0.8094888527502369,0,7.789458243053807e-10,23.829232239345746,51.378414958628575,16.711093588608517,24.086330296612932,0,0,16.711093588608517,24.086330296612932,0,0,99.99999999999999,2013-08-09,2016-06-30,2013-12-26,2013-08-10
CZ0424033,Raná - Hrádek,6210,111.62806395026485,1.8877622288406286,1.7095243904519428,1.7481086329184843,1.8354700739927003,1.708391612952809,86.09065742562791,NA,NA,8.199410653821092e-9,66.07475872428151,96.10133412628336,14.04117816729396,12.578537753328693,NA,NA,14.04117816729396,12.578537753328693,0,0,100,2020-05-19,2020-07-15,2020-06-10,2020-06-10
CZ0424033,Raná - Hrádek,8150,0.6759524673489109,1,1,2,1,1,100,NA,NA,7.98655805955577e-9,0.40010902821947664,0.6759524673489109,0,0,NA,NA,0,0,0,0,100,2020-05-28,2020-05-28,2020-05-28,2020-05-28
CZ0424033,Raná - Hrádek,40A0,0.027603877029134895,1,2,2,2,1,100,NA,NA,5.537921995566749e-10,0.016339256007946713,0.027603877029134895,0,0,NA,NA,0,0,0,0,100,2020-05-23,2020-05-23,2020-05-23,2020-05-23
CZ0610519,Ranská jezírka,3140,0.1411566702812328,1.6533901653260745,1.3466098346739255,2,1.3466098346739255,1.6533901653260745,100,NA,NA,5.640011859193132e-9,0.47685778822424757,0.1411566702812328,0,0,NA,NA,0,0,0,0,100,2021-08-25,2021-08-25,2021-08-25,2021-08-25
CZ0610519,Ranská jezírka,3160,1.2414370790351996,1.6369163300705067,1.64492324513877,2,1.64492324513877,1.6453009026555636,100,NA,NA,4.225448997153076e-8,4.193843185368777,1.2414370790351996,0,0,NA,NA,0,0,0,0,100,2021-07-30,2021-08-25,2021-08-16,2021-08-25
CZ0610412,Ransko,9110,61.42503433459189,2,2.1514366929327187,2,2.1514366929327187,2,100.00000000000001,1.8097703686995463,0,4.4784406787212783e-10,23.274114217617424,61.42503433459189,0,0,0,0,0,0,0,0,100,2023-08-04,2023-08-17,2023-08-09,2023-08-08
CZ0610412,Ransko,9130,52.992534748694766,2,2.0035214800273575,1.9964785199726423,2.0035214800273575,2,100,1.4404366849545434,0,4.0494792080348946e-10,20.079016964059083,52.992534748694766,0,0,0,0,0,0,0,0,100,2020-06-23,2023-08-17,2023-02-02,2023-08-14
CZ0610412,Ransko,91E0,101.05294873154064,2,1.8248838660043314,2,1.8248838660043312,2,100,1.0138766427161385,0,1.1345457425371549e-9,38.28923982351634,101.05294873154064,0,0,0,0,0,0,0,0,100,2023-08-05,2023-08-17,2023-08-14,2023-08-16
CZ0510402,Rašeliniště Jizerky,6230,24.763116869452574,1.828645958523849,2.7676584858360425,1.4891920875901126,2.9496181336665095,1.7200118917852831,93.54817787217848,NA,NA,2.3853922451142197e-9,9.395394533629272,23.16544461573093,1.228547838085487,4.961200339045389,NA,NA,1.228547838085487,4.961200339045389,0,0,100,2023-06-11,2023-10-01,2023-07-03,2023-06-11
CZ0510402,Rašeliniště Jizerky,7110,11.789548744840383,1.7275209131311153,1.5635048984874245,1.7028212225324497,1.742877933861724,1.5520855856795575,85.16999355047382,NA,NA,1.5619641690449505e-8,4.473082383577906,10.041157905610522,1.3888765388304718,11.780574209325053,NA,NA,1.3888765388304718,11.780574209325053,0,0,100,2023-06-11,2023-09-28,2023-09-16,2023-09-28
CZ0510402,Rašeliniště Jizerky,7140,11.812595735538792,2.226672088327965,1.9883537296860714,1.7024330303123136,2.217622023612103,1.7874293544143052,89.54636077804145,NA,NA,2.196035774371998e-9,4.481826661269846,10.577749594597105,0.4091141519470373,3.4633721588913495,NA,NA,0.4091141519470373,3.4633721588913495,0,0,100,2023-06-11,2023-10-05,2023-08-23,2023-09-24
CZ0510402,Rašeliniště Jizerky,9410,115.79654626464313,2.6052404265556173,2.4405152437374666,1.2865411973523861,2.9098110626195832,2.1636112178673486,80.86941414147759,0.8616923621220447,0,1.5037239089752805e-9,43.934462835333214,93.64398856028197,21.55875495148825,18.61778753074168,0,0,21.55875495148825,18.61778753074168,0,0,100,2017-08-07,2023-10-01,2023-04-13,2023-09-24
CZ0510402,Rašeliniště Jizerky,91D0,72.25978486600349,2.09646922484679,1.8236687626687265,1.6938601633285557,1.9972841855951673,1.8335735611924826,86.68884545106175,0.9447906950115627,0.04765816127679527,5.05473455062207e-9,27.41614439371196,62.64117322575946,7.984823214443517,11.050161897451465,3.93427359247784e-4,5.444624004587678e-4,7.985216641802764,11.050706359851922,0,0,99.99945553759954,2017-08-14,2023-10-05,2023-07-06,2023-09-24
CZ0510415,Rašeliniště Jizery,3260,2.3945451085222564,1,1.1572117464965965,2,1.1572117464965967,1,100,NA,NA,5.211986778405581e-10,0.6034645668739176,2.3945451085222564,0,0,NA,NA,0,0,0,0,100,2023-07-18,2023-09-21,2023-07-25,2023-07-23
CZ0510415,Rašeliniště Jizery,6230,10.515491304948423,2.5471025520993544,2.7723767475589014,1.0508418237845036,3.075255622529678,2.2036801775776986,79.63198224223014,NA,NA,1.0129408000061861e-9,2.6500759510533003,8.373694168639782,2.141797136308641,20.36801775776987,NA,NA,2.141797136308641,20.36801775776987,0,0,100,2023-07-18,2023-09-21,2023-08-08,2023-07-23
CZ0510415,Rašeliniště Jizery,7110,10.11455197235183,1.9945396260704418,1.7488282198661105,1.4586370372660724,2.1079576487741907,1.7785414608468033,78.69187926771741,NA,NA,1.3400485556048642e-8,2.549032675724302,7.959331026553632,1.843210548986867,18.223353382584722,NA,NA,1.843210548986867,18.223353382584722,0,0,100,2023-07-21,2023-10-05,2023-08-11,2023-07-23
CZ0510415,Rašeliniště Jizery,7140,33.70269377913952,2.0181051444843088,1.8582619905745421,1.6456960431320127,2.0977143930337068,1.7850352083653103,91.6035602718172,NA,NA,6.265542552093369e-9,8.493630557022215,30.872867409200058,1.9921028438034933,5.910811927551372,NA,NA,1.9921028438034933,5.910811927551372,0,0,100,2009-10-08,2023-10-01,2023-05-22,2023-07-23
CZ0510415,Rašeliniště Jizery,9410,147.24872930798549,2.6978765978785857,2.4211037101623223,1.0809022516121949,2.9538233053225107,2.2148988648514027,68.67644409307269,0.767502422451265,0.015625886433062064,1.912159230730484e-9,37.109090297912964,101.12519126095859,46.12353804702691,31.323555906927325,0,0,46.12353804702691,31.323555906927325,0,0,100,2023-07-17,2023-10-01,2023-08-13,2023-07-23
CZ0510415,Rašeliniště Jizery,91D0,154.7943476190857,1.7003697760379959,1.6885822300368385,1.8163360578882766,1.7979703947145875,1.5817612767699267,95.04878419831769,0.905076692844713,0.45572852779992384,1.0828212934789917e-8,39.010709636675,147.13014541965848,7.393918105362998,4.776607298063478,0.0471567584555119,0.030464134628193366,7.44107486381851,4.8070714326916715,0,0,99.9695358653718,2009-10-08,2023-10-01,2023-05-31,2023-07-23
CZ0313513,Rašeliniště Kapličky,7110,0.1034206032173708,2,2,2,2,2,100,NA,NA,1.3701904972168228e-10,0.08136665616718974,0.1034206032173708,0,0,NA,NA,0,0,0,100,0,2011-09-09,2011-09-09,2011-09-09,2011-09-09
CZ0313513,Rašeliniště Kapličky,91D0,14.251707515465736,2.684210625486684,2.1038367342263893,1.5307846433200454,2.4153407138460397,2.3646785502309298,63.53214497690701,0.4209454715779592,0,9.969390099537552e-10,11.21259931900574,9.054415480410444,2.2476564177247833,15.77113770603039,0,0,2.2476564177247833,15.77113770603039,0,100,0,2011-09-09,2013-08-02,2013-05-06,2013-08-02
CZ0420053,Rašeliniště U jezera - Cínovecké rašeliniště,7110,0.4394859290346969,2,1,2,1,2,100,NA,NA,5.822625520353811e-10,0.7308119716296768,0.4394859290346969,0,0,NA,NA,0,0,0,100,0,2012-07-14,2012-07-14,2012-07-14,2012-07-14
CZ0420053,Rašeliniště U jezera - Cínovecké rašeliniště,9410,0,NA,NA,NA,NA,NA,NA,NA,NA,NA,NA,NA,0,NA,0,NA,0,NA,NA,NA,NA,NA,NA,NA,NA
CZ0420053,Rašeliniště U jezera - Cínovecké rašeliniště,91D0,59.560715512881835,2.857360636781574,2.5286710078993044,0.8104120949594248,3.123464960419592,2.227145706674807,40.52060474797124,0.09362686401306133,0,4.166406073876633e-9,99.04226975195603,24.13436211803844,35.426353394843396,59.479395252028766,0,0,35.426353394843396,59.479395252028766,0,100,0,2012-07-11,2012-08-18,2012-08-08,2012-08-17
CZ0314637,Rašeliniště u Suchdola,3140,0,NA,NA,NA,NA,NA,NA,NA,NA,NA,NA,NA,0,NA,NA,NA,0,NA,NA,NA,NA,NA,NA,NA,NA
CZ0314637,Rašeliniště u Suchdola,7140,0.7887974685782921,1.1821396100932486,1.045142657999395,1.8407602014377131,1.204382456561682,1.1821396100932486,99.18596339025804,NA,NA,1.466424059972278e-10,10.049770886603513,0.7823763684073468,0,0,NA,NA,0,0,0,0,100,2016-07-09,2016-07-09,2016-07-09,2016-07-09
CZ0620016,Rašovický zlom - Chobot,6210,6.5068497449528895,1.1885541560958321,2,2,2,1.188554156095832,100,NA,NA,4.779473121145463e-10,50.31905202201964,6.5068497449528895,0,0,NA,NA,0,0,0,100,0,2012-05-10,2012-05-10,2012-05-10,2012-05-10
CZ0620016,Rašovický zlom - Chobot,6210p,0,NA,NA,NA,NA,NA,NA,NA,NA,NA,NA,NA,0,NA,NA,NA,0,NA,NA,NA,NA,NA,NA,NA,NA
CZ0534055,Ratajské rybníky,6410,6.091558053771476,2.481889309187677,2.3388466048965184,1.0704798753347122,3.0274220749679674,2.2409446545938385,75.90553454061615,NA,NA,7.828538894534485e-10,29.84069547386918,4.623829702567193,1.4677283512042836,24.09446545938385,NA,NA,1.4677283512042836,24.09446545938385,0,0,100,2022-05-31,2022-05-31,2022-05-31,2022-05-31
CZ0534055,Ratajské rybníky,7140,0.867501578795677,1.8392710944369117,1.839271094436912,1.5874357750118555,2.2518353194250564,1.839271094436912,100,NA,NA,1.6127399464183916e-10,4.249627140943877,0.867501578795677,0,0,NA,NA,0,0,0,0,100,2022-05-31,2022-05-31,2022-05-31,2022-05-31
CZ0212020,Rečkov,7140,0,NA,NA,NA,NA,NA,NA,NA,NA,NA,NA,NA,0,NA,NA,NA,0,NA,NA,NA,NA,NA,NA,NA,NA
CZ0212020,Rečkov,7230,0.2799257463388611,2,1,1,2,2,100,NA,NA,5.595942572181431e-9,0.9542454803647276,0.2799257463388611,0,0,NA,NA,0,0,0,0,100,2015-06-02,2015-06-02,2015-06-02,2015-06-02
CZ0714081,Rejvíz,6230,0.6767138622433573,1.0402052738882954,1.543425875394785,1.8353047992513263,1.667915802255163,1.0402052738882954,100,NA,NA,6.518678596343764e-11,0.11442623070247208,0.6767138622433573,0,0,NA,NA,0,0,0,0,100,2024-05-30,2024-06-13,2024-06-05,2024-06-05
CZ0714081,Rejvíz,6430,0.47214542782174196,2,2,1.9999999999999998,2,2,99.99999999999999,NA,NA,5.0836409659733075e-11,0.07983554743499471,0.47214542782174196,0,0,NA,NA,0,0,0,0,100,2009-07-11,2024-06-13,2021-12-17,2024-06-13
CZ0714081,Rejvíz,7110,3.6463225111106,1,1.1344103763539817,1.978169874119443,1.1562405022345388,1,100,NA,NA,4.830910185285362e-9,0.6165603575620481,3.6463225111106,0,0,NA,NA,0,0,0,0,100,2024-06-13,2024-08-27,2024-07-17,2024-07-11
CZ0714081,Rejvíz,7140,11.306460655133302,1.0992891651383294,1.194363048968143,1.841332425864698,1.3503560022025076,1.0643202552726967,100,NA,NA,2.1019420825095796e-9,1.911820855957952,11.306460655133302,0,0,NA,NA,0,0,0,0,100,2024-05-21,2024-07-10,2024-06-14,2024-06-12
CZ0714081,Rejvíz,9410,185.05524874511863,1.2148714027819474,1.5425529837845573,1.9577389350863954,1.583778818767486,1.0709810574070675,99.89647700693241,1.039129559903141,0.8204325646781844,2.403111413905521e-9,31.291178985775474,184.86367401278903,0.1915747323296033,0.10352299306758066,0,0,0.1915747323296033,0.10352299306758066,0,0,100,2024-05-30,2024-08-13,2024-07-15,2024-07-13
CZ0714081,Rejvíz,91D0,54.36857344276625,1,1.045155618239781,1.9911715864645099,1.0539840317752711,1.007769861610822,100,1.3647918695334045,0.38712013380123195,3.803204052694042e-9,9.19323701616301,54.36857344276625,0,0,0,0,0,0,0,0,100,2024-06-13,2024-08-22,2024-07-09,2024-07-10
CZ0514670,Ronov - Vlhošť,3150,0.4785586366198724,2,3,2,3,2,100,NA,NA,7.263724964793933e-11,0.06403302980151553,0.4785586366198724,0,0,NA,NA,0,0,0,0,100,2013-06-19,2013-06-19,2013-06-19,2013-06-19
CZ0514670,Ronov - Vlhošť,6410,25.497233118279137,2.6891772319245915,2.4453578991045632,1.2341531400293984,2.8125815303394104,2.31519413681461,62.60169048900182,NA,NA,3.2767656387330758e-9,3.411630181101112,15.961698959964375,7.9992030622174966,31.372827887284814,NA,NA,7.9992030622174966,31.372827887284814,0,0,100,2013-07-09,2014-05-23,2014-01-07,2014-01-21
CZ0514670,Ronov - Vlhošť,6510,204.20329708667205,1.8967368595463285,2.1178946888336068,1.6931101156035195,2.341817923483119,1.73475132731279,84.93357581269574,NA,NA,1.169358314232666e-9,27.32320515679023,173.4371621431329,16.660073453659326,8.158572212763108,NA,NA,16.660073453659326,8.158572212763108,0,0,100,2013-05-29,2014-05-22,2013-10-18,2013-07-24
CZ0514670,Ronov - Vlhošť,7140,0.6380781821598299,1,1,2,1,1,100,NA,NA,1.1862274357307682e-10,0.08537737306868737,0.6380781821598299,0,0,NA,NA,0,0,0,0,100,2013-06-19,2013-06-19,2013-06-19,2013-06-19
CZ0514670,Ronov - Vlhošť,8220,4.255931726008449,1.1568394280521295,2.843160571947871,2,2.8431605719478705,1.1568394280521292,100,NA,NA,6.238875622411089e-10,0.5694604217563878,4.255931726008449,0,0,NA,NA,0,0,0,0,100,2014-08-12,2014-08-28,2014-08-24,2014-08-28
CZ0514670,Ronov - Vlhošť,9130,41.94853517338977,1.4272031355734085,2.0588655087430014,1.8443835761316068,2.2144819326113945,1.3205755888896789,100,1.6864005386967487,0,3.2055405878909453e-10,5.61287916954093,41.94853517338977,0,0,0,0,0,0,0,0,100,2013-07-24,2014-08-28,2014-07-15,2014-08-23
CZ0514670,Ronov - Vlhošť,9170,57.82295876512384,2.118445055005285,2.0591124800884613,1.697911793932305,2.242840344144938,1.619881687026167,94.58019766249654,0.9180264569334033,0,3.493701412018716e-10,7.736939548246003,54.689068694358006,2.4063989197121933,4.16166687264648,0.55480655259788,0.9594918081786468,2.9612054723100734,5.121158680825126,0,0,99.04050819182136,2013-05-30,2014-09-10,2013-12-03,2013-09-25
CZ0514670,Ronov - Vlhošť,9180,13.48143164626658,1,2.3603472496320266,1.0074146787858929,2.992585321214107,1,100,1.4960262943812614,0,7.640756206479498e-10,1.803868634510054,13.48143164626658,0,0,0,0,0,0,0,0,100,2013-07-23,2014-08-28,2014-02-08,2014-02-08
CZ0620412,Rozsypaná,8150,0.320686592385266,1,3,2,3,1,100,NA,NA,3.78899732262387e-9,2.6818094867176265,0.320686592385266,0,0,NA,NA,0,0,0,0,100,2023-10-18,2023-10-18,2023-10-18,2023-10-18
CZ0620412,Rozsypaná,9180,8.520607417854047,1.0049892115102974,2.004937532084439,1.8918682438646366,2.113069288219802,1.0049892115102976,100,1.9999483205741413,0,4.829152104848807e-10,71.25538250861852,8.520607417854047,0,0,0,0,0,0,0,0,100,2023-10-18,2023-10-18,2023-10-18,2023-10-18
CZ0314109,Ruda,3160,0,NA,NA,NA,NA,NA,NA,NA,NA,NA,NA,NA,0,NA,NA,NA,0,NA,NA,NA,NA,NA,NA,NA,NA
CZ0314109,Ruda,7140,11.446324669576331,1.7773874599354604,1.075567805164537,2,1.0755678051645372,1.563142081998464,88.08927437563946,NA,NA,2.127943681661924e-9,14.71962289745637,10.082984344109601,0,0,NA,NA,0,0,0,0,100,2025-06-15,2025-06-20,2025-06-17,2025-06-20
CZ0314109,Ruda,7150,0,NA,NA,NA,NA,NA,NA,NA,NA,NA,NA,NA,0,NA,NA,NA,0,NA,NA,NA,NA,NA,NA,NA,NA
CZ0314109,Ruda,91D0,21.843443569587688,2.0214077754890747,2.0965282488608685,1.3920118640886017,2.4772007796678484,1.5419453933968668,100,0,0,1.5279980298931802e-9,28.089999314871772,21.843443569587688,0,0,0,0,0,0,0,0,100,2025-06-15,2025-06-20,2025-06-17,2025-06-20
CZ0720420,Rudický les,6210,15.391523152657136,1.7448953033783239,2.0338906464165896,1.0544147798043544,2.977031096478056,1.6204397706018951,86.66678315223558,NA,NA,1.1305527879858163e-9,3.093785051334276,13.339337994539493,0,0,NA,NA,0,0,0,100,0,2011-08-15,2012-09-20,2011-12-15,2011-09-15
CZ0720420,Rudický les,6510,31.012218680405844,2.0847501469776315,2.1060179002818717,1.3560078597066794,2.6259320008993177,2.0053901887176506,96.33019175260264,NA,NA,1.775896681107069e-10,6.233635073705202,29.874129721571407,0,0,NA,NA,0,0,0,100,0,2011-08-15,2012-09-20,2011-10-27,2011-09-15
CZ0720420,Rudický les,9170,283.18193397917764,1.8733587090246595,1.9055008263411115,1.6775213919199798,2.151301132504914,1.7422655255884347,89.89583601224649,0.28001464127417286,0,1.7110039744247335e-9,56.92120431898011,254.5687669862297,9.99008121842607,3.527796098447664,8.79355603850926,3.1052673152362362,18.78363725693533,6.6330634136838995,0,96.89473268476377,0,2011-04-25,2012-09-20,2011-12-20,2011-09-15
CZ0720420,Rudický les,91E0,17.566966414617266,1.9353166011814498,2.162001784935428,1.4229262109291898,2.465305389203115,1.713661121109676,88.50840096205688,1.1374563324981435,0,1.9722855399247238e-10,3.5310617118132113,15.548241071119316,0.3005901373327244,1.71111010426141,1.21621492546437,6.923306487637911,1.5168050627970944,8.63441659189932,0,93.07669351236207,0,2011-04-25,2012-09-20,2012-01-30,2011-10-15
CZ0720420,Rudický les,91I0,34.96252964670667,2.061910613547732,2.2900484963107717,1.1311042109007527,2.8383391758383576,1.8511006069650087,88.80914139365441,0.20184079939715505,0,5.103772369867274e-9,7.027670393955719,31.04992238874207,0,0,0,0,0,0,0,100,0,2011-08-15,2012-09-20,2012-02-11,2011-09-15
CZ0410155,Rudné,6430,2.360695301544999,2.0182680164392846,2,1.6822194821422878,2.317780517857712,2,100,NA,NA,2.5417862031369294e-10,0.5321236233968838,2.360695301544999,0,0,NA,NA,0,0,0,53.66245857918612,46.33754142081389,2008-11-20,2022-10-25,2016-11-08,2022-10-25
CZ0410155,Rudné,6520,140.18015657211575,2.050624114201584,2.0642171380650916,1.5248346224982023,2.475713185030829,1.9994328680289617,92.95913544792865,NA,NA,9.22054267920379e-9,31.597967257645614,130.31026161899152,8.925176723386693,6.366933053606008,NA,NA,8.925176723386693,6.366933053606008,0,56.088449503549015,43.911550496450985,2008-11-20,2022-10-27,2015-10-17,2008-12-02
CZ0410155,Rudné,7140,26.229182662697074,1.7186883604647178,1.7725222548032504,1.637933702382122,2.0379113093797336,1.691072904268011,100,NA,NA,4.876169874037707e-9,5.912312236178288,26.229182662697074,0,0,NA,NA,0,0,0,43.44610693929218,56.55389306070782,2008-11-20,2022-10-27,2016-09-12,2022-10-20
CZ0410155,Rudné,9410,43.11836986987046,2.3852525581148614,2.243804876765882,1.5830634217088064,2.452273165911479,2.1019284526604336,77.17172115871833,1.0748260610136262,0,5.599314122994789e-10,9.719298884149167,33.27518816416125,7.436537272679224,17.246795959871395,1.55227552483972,3.6000329546882828,8.988812797518943,20.846828914559676,0,43.5631804012562,52.836786644055536,2008-11-20,2022-10-21,2015-11-07,2015-11-11
CZ0620158,Rumunská bažantnice,1340,0.6354053596760854,2.5894326233929004,3,0,3.0261654504596907,2.0261654504596907,97.38345495403092,NA,NA,4.957906305420044e-9,0.703214941388264,0.6187796922156588,0.01662566746042669,2.6165450459690898,NA,NA,0.01662566746042669,2.6165450459690898,0,0,100,2022-09-25,2022-09-25,2022-09-25,2022-09-25
CZ0620158,Rumunská bažantnice,91F0,44.499907649135466,2.993104238908189,2.880113889176639,1.164860257616161,3.2298315141701948,2.3266776840977714,67.33223159022286,0.3323565398043692,0,1.825189034217088e-9,49.248876284616784,29.96278087575119,9.785193194720314,21.98924382466762,2.10327366137257,4.72646747484527,11.888466856092885,26.71571129951289,0,0,95.27353252515474,2022-08-17,2022-09-25,2022-09-06,2022-09-25
CZ0720185,Rusava - Hořansko,6230,3.9529058949336875,1,1,1,2,1,100,NA,NA,3.807772307965346e-10,5.3833935107932405,3.9529058949336875,0,0,NA,NA,0,0,0,0,100,2023-05-27,2023-05-27,2023-05-27,2023-05-27
CZ0720185,Rusava - Hořansko,6510,18.0864420368961,2.057696052705964,1.4035089897007773,1.4200644681012333,1.9645769756918274,2.0102266905161597,95.25306378101955,NA,NA,1.0357095929628864e-10,24.631609576022534,17.227890169121775,0.34124677543839205,1.8867545907716574,NA,NA,0.34124677543839205,1.8867545907716574,0,0.07292249684446805,99.92707750315554,2010-09-30,2023-05-31,2022-09-26,2023-05-28
CZ0720185,Rusava - Hořansko,7220,0.032811909477980954,1.2726174535305805,2.4701153302079564,1.1974978766773758,3,1.2726174535305805,100,NA,NA,1.0378492758713902e-9,0.04468596654094168,0.032811909477980954,0,0,NA,NA,0,0,0,0,100,2023-05-25,2023-05-31,2023-05-26,2023-05-25
CZ0720185,Rusava - Hořansko,9110,10.93874971370563,2.000043927615989,2.253642560369783,1.099957137886533,2.9186544026956085,2.0000219638079946,99.99780361920055,0.9376003408391693,0,7.975338104877837e-11,14.897292217461752,10.93850945710722,0,0,2.40256598411361e-4,0.002196380799446697,2.40256598411361e-4,0.002196380799446697,0,0,99.99780361920057,2023-05-25,2023-05-31,2023-05-27,2023-05-27
CZ0720185,Rusava - Hořansko,9170,7.165197874796745,2.078817210984447,2.0394086054922234,0.98574870934875,3.01425129065125,2.0394086054922234,96.05913945077764,0.9605913945077764,0,4.329259945734511e-11,9.758157863603127,6.882827418475162,0.2823704563215841,3.940860549222363,0,0,0.2823704563215841,3.940860549222363,0,0,100,2023-05-27,2023-05-28,2023-05-27,2023-05-28
CZ0720185,Rusava - Hořansko,91E0,0.6477113692663086,2.0963222379951594,2.7695765439514504,1.6133813927504663,2.81773766294903,2.0481611189975797,95.18388810024202,0.9023549428938942,0,7.272011214103616e-12,0.8821068031607529,0.6165168649349886,0.03119450433132006,4.816111899757983,0,0,0.03119450433132006,4.816111899757983,0,0,100,2023-05-25,2023-05-28,2023-05-27,2023-05-28
CZ0310618,Rybník Motovidlo,3150,4.906228000372369,1,1,2,1,1,100,NA,NA,7.446838920511069e-10,42.35381509772042,4.906228000372369,0,0,NA,NA,0,0,0,0,100,2017-09-05,2017-09-05,2017-09-05,2017-09-05
CZ0310008,Rybník Růže,3150,1.1583453726212027,2,2,2,2,2,100,NA,NA,1.7581758131857668e-10,56.06613324971947,1.1583453726212027,0,0,NA,NA,0,0,0,0,100,2015-05-23,2015-05-23,2015-05-23,2015-05-23
CZ0612143,Rybník u Zadního Zhořce,3130,0.5686953152034432,1,1,2,1,1,100,NA,NA,5.787276140244162e-10,7.433237876372388,0.5686953152034432,0,0,NA,NA,0,0,0,0,100,2025-06-04,2025-06-04,2025-06-04,2025-06-04
CZ0214046,Rybník Vidlák,3130,0,NA,NA,NA,NA,NA,NA,NA,NA,NA,NA,NA,0,NA,NA,NA,0,NA,NA,NA,NA,NA,NA,NA,NA
CZ0314640,Rybník Walden,3130,0,NA,NA,NA,NA,NA,NA,NA,NA,NA,NA,NA,0,NA,NA,NA,0,NA,NA,NA,NA,NA,NA,NA,NA
CZ0314639,Rybníky u Lovětína,3140,0,NA,NA,NA,NA,NA,NA,NA,NA,NA,NA,NA,0,NA,NA,NA,0,NA,NA,NA,NA,NA,NA,NA,NA
CZ0314639,Rybníky u Lovětína,3160,0.5578202884421556,1.0573612179306684,1,2,1.0000000000000004,1.0573612179306684,100,NA,NA,1.8986392610581226e-8,5.059097268772001,0.5578202884421556,0,0,NA,NA,0,0,0,0,100,2013-08-25,2013-09-03,2013-08-31,2013-09-03
CZ0614058,Rybníky V Pouštích,3130,0.9484645332947467,2.353209200470106,1.994262821437554,2,1.994262821437554,2.2797141410195128,71.45486804180412,NA,NA,9.651963040069843e-10,3.676631927260036,0.6777240806890744,0,0,NA,NA,0,0,0,0,100,2021-09-18,2021-09-18,2021-09-18,2021-09-18
CZ0614058,Rybníky V Pouštích,3150,4.506134181367235,1,1.7182949784905026,1.8760726106791747,1.842222367811328,1,100,NA,NA,6.839562980013153e-10,17.467597593956658,4.506134181367235,0,0,NA,NA,0,0,0,0,100,2021-09-08,2021-09-18,2021-09-15,2021-09-18
CZ0710183,Rychlebské hory - Račí údolí,6510,21.082895870484776,3.999987912909753,2.9999959709699175,8.058060164654938e-6,3.9999919419398355,2.9999959709699175,4.0290300823274687e-4,NA,NA,1.2072997804628492e-10,1.769261047808299,8.494362168476072e-5,21.08281092686309,99.99959709699175,NA,NA,21.08281092686309,99.99959709699175,0,100,0,2008-06-26,2008-06-26,2008-06-26,2008-06-26
CZ0710183,Rychlebské hory - Račí údolí,8220,4.7814686095355,1.102177441132837,2.008045546747886,2,2.008045546747886,1.3052034089274884,99.99999999999999,NA,NA,7.009273143423458e-10,0.40125731370767087,4.7814686095355,0,0,NA,NA,0,0,0,96.02459693411605,3.97540306588396,2008-05-27,2017-06-20,2011-06-11,2008-06-17
CZ0710183,Rychlebské hory - Račí údolí,9110,456.3441023361642,1.8707022690000072,2.3687077143990853,1.6439477983736739,2.6636456209260295,2.142037707618302,75.91716993756594,0.3876185968433525,0,3.327161333381454e-9,38.296059972991486,346.4435276706056,23.841706919633097,5.22450203641948,2.40155315646657,0.526259273248474,26.243260076099666,5.750761309667954,0,93.98162146229049,5.492119264461027,2008-05-27,2017-06-20,2009-07-27,2008-07-02
CZ0710183,Rychlebské hory - Račí údolí,9130,212.53120123158666,1.928998695728346,1.3024230683786644,1.191285626311336,2.0853060529601946,2.0167138486830356,98.32861513169644,0.5326682935439341,0,1.6240790981737072e-9,17.83546141350397,208.9789868937781,3.5509206697508233,1.6707761727095913,0.00129366805773237,6.086955939813808e-4,3.5522143378085556,1.6713848683035726,0,99.47791995227422,0.5214713521317911,2008-05-27,2017-06-20,2009-05-14,2008-06-27
CZ0710183,Rychlebské hory - Račí údolí,9180,33.70904562667016,1.2128022956829692,2.0183285286841444,1.3536828221660873,2.6322995362880692,1.7826889242295065,96.67754166264392,0.5485402036259182,0,1.9104988724087596e-9,2.8288382085856623,32.5890766298037,1.084326593300118,3.2167229096578542,0.00603193483057985,0.01789411334092313,1.090358528130698,3.234617022998778,0,94.30127603243898,5.680829854220102,2008-05-27,2017-06-20,2009-06-01,2008-06-27
CZ0710183,Rychlebské hory - Račí údolí,91E0,13.155303541929383,1.5474241200887198,1.4751440846842476,1.3922193127639024,1.9974559407232113,1.671759676190502,85.6369987529717,0.1680047016917492,0,1.4769775461902433e-10,1.1039833555984366,11.265807130151707,1.1243684177722224,8.546883119713407,0,0,1.1243684177722224,8.546883119713407,0,99.16136333556507,0.8386366644349278,2008-05-26,2017-06-19,2010-01-24,2008-06-27
CZ0714086,Rychlebské hory - Sokolský hřbet,6430,1.2784079599122469,3.964180323905577,2.9820901619527884,0.035819676094423075,3.964180323905577,2.9820901619527884,1.7909838047211537,NA,NA,1.3764756986463796e-10,0.015889177347917578,0.022896079520294443,1.2555118803919525,98.20901619527885,NA,NA,1.2555118803919525,98.20901619527885,0,100,0,2008-09-01,2010-09-30,2009-05-03,2008-10-13
CZ0714086,Rychlebské hory - Sokolský hřbet,6510,63.22106939451525,2.5385423656308,2.2015970626209604,1.5234169275649172,2.4872115364099394,2.230596046926154,68.8168103580379,NA,NA,3.620317800244856e-10,0.7857669971042816,47.864100251327095,12.073239027178671,19.096859864610398,NA,NA,12.073239027178671,19.096859864610398,0,88.8480793008667,11.151920699133298,2008-08-14,2024-08-23,2014-08-13,2009-10-08
CZ0714086,Rychlebské hory - Sokolský hřbet,7110,0.03022488082770724,1,1,2,1,1,100,NA,NA,4.0044094891412715e-11,3.756613748119025e-4,0.03022488082770724,0,0,NA,NA,0,0,0,100,0,2010-09-24,2010-09-24,2010-09-24,2010-09-24
CZ0714086,Rychlebské hory - Sokolský hřbet,8210,4.539513067436191,1.8004702332707514,2.5327120726311034,1.9999999999999998,2.5327120726311034,1.8004702332707512,95.61345078821742,NA,NA,2.5327667262820523e-8,0.056421056864065594,4.340385092757802,0,0,NA,NA,0,0,0,98.39920801924686,1.6007919807531426,2008-08-14,2024-08-26,2011-02-15,2009-10-08
CZ0714086,Rychlebské hory - Sokolský hřbet,8220,12.07856630651815,1.7949936991525877,2.3605191693393897,1.990443571861217,2.3700755974781726,1.9094625801735523,91.01830421638003,NA,NA,1.7706269210781605e-9,0.1501230344075943,10.993706225843868,0,0,NA,NA,0,0,0,76.51587829320088,23.48412170679912,2008-08-30,2024-10-14,2013-07-24,2009-10-22
CZ0714086,Rychlebské hory - Sokolský hřbet,8310,0.012466763510400825,1,3,2,3,1,100,NA,NA,6.923254224655329e-9,1.5494789033142705e-4,0.012466763510400825,0,0,NA,NA,0,0,0,100,0,2008-08-14,2008-08-14,2008-08-14,2008-08-14
CZ0714086,Rychlebské hory - Sokolský hřbet,9110,2474.5142087877966,2.3764778945420377,2.2793145849788257,1.3390190200708958,2.692770817327209,2.0926452651044203,67.79149717164691,0.20477896055597197,0.0013410837970018945,1.8041447127801095e-8,30.755436719957636,1690.4127084169659,433.85446399534635,17.532914640562154,128.692941866135,5.200735619504828,562.5474058614814,22.73365026006698,0,70.80910450766736,23.990159872827824,2008-08-29,2024-10-14,2014-05-14,2009-10-28
CZ0714086,Rychlebské hory - Sokolský hřbet,9130,1362.0199523828019,2.1353341316552186,2.0430849727261866,1.3749658685744242,2.5024920696395965,1.9128192605080985,77.6695006715147,0.5034344693312265,0.0067917940832081325,1.040801596726543e-8,16.928380652681568,1057.8740960621244,143.5459560340752,10.539196271166736,59.6013446971942,4.37595239283565,203.1473007312694,14.915148664002388,0,53.56431977367668,42.05972783348768,2008-08-14,2024-10-14,2016-09-19,2010-10-06
CZ0714086,Rychlebské hory - Sokolský hřbet,9180,40.66490686714021,2.2020483874087384,2.5227917721654176,0.3927138438509816,3.1218476383530946,2.0320799981607407,81.34382456997203,0.6177457105590186,0,2.3047302963336066e-9,0.5054191911421565,33.07839050354904,0.8708568102442027,2.141543845383572,6.71565955334697,16.514631584644405,7.586516363591173,18.65617543002798,0,83.09967535070558,0.38569306465002784,2008-08-14,2024-08-26,2009-10-11,2008-10-20
CZ0714086,Rychlebské hory - Sokolský hřbet,9410,243.51321724141883,2.6695242620901025,2.165472916077494,0.8776475292189801,2.9353871636482705,2.256467426381343,64.75617767897565,0.20133252626269532,0,3.1622415238581257e-9,3.026596217045205,172.4512849828677,65.48255516021996,26.890760141081216,20.3408104525557,8.353062179943127,85.82336561277566,35.24382232102434,0,91.64693782005686,0,2009-10-27,2010-10-01,2010-04-25,2010-09-24
CZ0714086,Rychlebské hory - Sokolský hřbet,91E0,102.70586532383984,2.4076096706914347,1.6309371115420004,1.5327806831820356,1.9155287144394562,2.118049937760519,76.26906731598025,0.7334812738533335,0,1.1531034343818932e-9,1.2765187326538925,78.75329346982967,12.922596945411755,12.582141151009992,4.1728317815247,4.062895306287937,17.095428726936454,16.64503645729793,0,39.04478236892576,56.892322324786306,2008-08-29,2024-10-14,2016-06-24,2011-03-24
CZ0530149,Rychnovský vrch,6510,25.8178876033497,1.886730877651674,2.2232055416401755,1.5392833557721466,2.4607166442278534,1.5604070998221091,77.67944583598245,NA,NA,1.4784463304766058e-10,7.307025064153133,20.05519201683886,5.762695586510841,22.320554164017544,NA,NA,5.762695586510841,22.320554164017544,0,100,0,2012-09-18,2015-10-23,2014-07-27,2015-01-31
CZ0530149,Rychnovský vrch,9130,169.3189907607599,2.902615530787391,2.4496640506553593,1.0525041492914997,2.9725613196393366,2.1925510476086663,59.23917069146076,0.5115575703104405,0,1.2938685342430005e-9,47.92096581772494,100.30316594982521,61.25803894566264,36.17907162712628,6.13031792969347,3.620573157298895,67.38835687535611,39.79964478442517,0,96.37942684270111,0,2012-09-18,2012-10-02,2012-09-23,2012-09-25
CZ0530149,Rychnovský vrch,9180,13.386443471514422,2.2876779955197195,2.1438389977598598,0.8561610022401402,3.1438389977598598,2.0451667875602126,85.61610022401402,0.9548332124397871,0,7.586920567593128e-10,3.7886553489191774,11.46095085900277,1.8219675534534268,13.6105423171619,0.103525059058226,0.7733574588240808,1.9254926125116527,14.383899775985979,0,99.22664254117592,0,2012-09-18,2015-10-13,2013-09-29,2012-09-26
CZ0530149,Rychnovský vrch,91E0,8.473431739063983,2.2554637720739272,1.184928757541565,1.6740032653030656,1.4184611134677167,2.0924643787707824,90.75356212292176,0.9127140467348718,0,9.513325464429202e-11,2.3981659169008878,7.689941137254801,0,0,0.783490601809181,9.246437877078233,0.783490601809181,9.246437877078233,0,90.75356212292176,0,2012-09-25,2015-10-13,2013-03-31,2012-09-26
CZ0612145,Rychtářský rybník,3130,1.7381034574118444,1,2,2,2,1,100,NA,NA,1.7687651716907533e-9,29.067745625676217,1.7381034574118444,0,0,NA,NA,0,0,0,100,0,2012-05-13,2012-05-13,2012-05-13,2012-05-13
CZ0310067,Ryšovy,91U0,16.103538187551795,2.298663908025178,3,0,3,2,0,0,0,4.7403162908576485e-8,45.509999019410834,0,0,0,0,0,0,0,100,0,0,2007-05-09,2007-05-09,2007-05-09,2007-05-09
CZ0813462,Řeka Ostravice,3220,2.50038636987831,1.6173339821258668,1.7782743939721413,2,1.7782743939721413,1.6261166243269778,100,NA,NA,1.7695775959482427e-7,1.2296862081590672,2.50038636987831,0,0,NA,NA,0,0,0,43.11351573780732,56.886484262192674,2009-07-15,2018-06-13,2011-06-01,2009-07-16
CZ0813462,Řeka Ostravice,3240,11.47628639637122,2.1461315150382894,1.6420662650936149,1.852069038476184,1.7160317458555228,2.0605335001835314,77.17824731761958,NA,NA,1.6388427810222273e-7,5.6440201692460965,8.857196697869712,0.848849040668942,7.3965480761908,NA,NA,0.848849040668942,7.3965480761908,0,90.41828891044204,9.581711089557974,2008-07-10,2018-06-13,2009-11-23,2009-07-17
CZ0210731,Řísnice,7140,0.8175508409213648,1.0728415050039959,1.145683010007992,2,1.1456830100079922,1.0728415050039959,100,NA,NA,1.51987838594168e-10,16.588922807169144,0.8175508409213648,0,0,NA,NA,0,0,0,0,100,2018-05-22,2018-05-22,2018-05-22,2018-05-22
CZ0420449,Sedlo,9180,46.91513128937129,2.0005185899959335,2.0002592949979667,1.8218370930233716,2.1781629069766284,1.0902020848275975,99.97407050020331,1.9115205878550354,0,2.6589689432304077e-9,86.28837000847746,46.902966430499,0,0,0.0121648588722898,0.025929499796680248,0.0121648588722898,0.025929499796680248,0,0,99.97407050020333,2017-05-26,2017-09-05,2017-08-02,2017-09-05
CZ0720033,Semetín,6210,13.200210357366915,2.2807050791750556,2.0895116854209452,1.2485378969846432,2.7281645285863485,2.077174349753226,83.33139648258289,NA,NA,9.695943977412054e-10,1.0078074292087136,12.181492706431326,1.181573076998929,8.951168542094514,NA,NA,1.181573076998929,8.951168542094514,0,97.54926414200608,2.4507358579939273,2011-06-08,2020-08-06,2011-12-20,2011-06-26
CZ0720033,Semetín,6430,2.3009956278612624,2.237312066800535,1.8246910692397762,1.9920461002066654,1.8326449690331108,2.034978517916823,79.76664511162879,NA,NA,2.4775069177917236e-10,0.17567602527191234,1.8354270165101876,0,0,NA,NA,0,0,0,45.66831957157582,54.33168042842417,2011-06-08,2021-10-12,2016-04-17,2016-02-03
CZ0720033,Semetín,6510,102.83277698640957,2.926350692645788,2.4522835603925204,0.6425701961160191,3.1970719302295914,2.0947192306047957,48.02641449371816,NA,NA,5.888659216587153e-10,7.851059476126328,79.4786696707532,51.62260843698556,50.2005391178029,NA,NA,51.62260843698556,50.2005391178029,0,81.67970270097906,18.32029729902094,2011-06-08,2021-07-27,2013-06-30,2011-07-14
CZ0720033,Semetín,7140,0.2019194931551069,2,1.479759751558019,1,2.479759751558019,2,100,NA,NA,3.753810258465188e-11,0.015416115334117048,0.2019194931551069,0,0,NA,NA,0,0,0,100,0,2011-06-08,2011-06-08,2011-06-08,2011-06-08
CZ0720033,Semetín,7220,0.15476400253938036,1.320054128824455,1.8763763962988393,1.9661362620188778,1.9039419096031298,1.3137559041476232,99.37017753231682,NA,NA,4.895225865298759e-9,0.011815895907008562,0.15378926407950158,9.747384598787903e-4,0.6298224676831836,NA,NA,9.747384598787903e-4,0.6298224676831836,0,2.1922128488749535,97.80778715112505,2011-06-16,2021-10-12,2018-08-02,2020-10-06
CZ0720033,Semetín,8220,0.19722421962034423,1,2,2,2,1,100,NA,NA,2.8911586349446374e-11,0.015057641383900032,0.19722421962034423,0,0,NA,NA,0,0,0,0,100,2021-09-14,2021-09-14,2021-09-14,2021-09-14
CZ0720033,Semetín,9130,643.8454586783503,1.877583062280881,1.530570705081502,1.62671648357358,1.7429772833896595,1.649320538817441,83.07348126917742,0.8570508953481971,0.011640247274489455,4.920011489297343e-9,49.15620425368477,563.9755841808166,89.04020594014182,13.829437598724162,3.73908971807552,0.5807433550515232,92.77929565821734,14.410180953775686,0,33.76949901371973,65.64975763122875,2010-07-28,2021-10-20,2015-07-23,2011-08-03
CZ0720033,Semetín,9170,75.39261540045484,2.343365339907927,2.192466416435651,1.524434187568227,2.458920042736028,2.1375673460673754,82.83173300460366,0.7577460327040684,0,4.5552716862912147e-10,5.756062657414338,62.96043951546381,11.843084000612869,15.708546437482285,1.10052150614952,1.4597205579140586,12.943605506762388,17.16826699539634,0,91.81816301704451,6.722116425041442,2011-06-08,2020-08-06,2012-11-03,2011-07-14
CZ0720033,Semetín,6210p,6.9637535487168964,2.0840245899286947,2.0626033346959645,1.7617698425516963,2.166641013680199,2.084024589928694,81.19377310870712,NA,NA,7.467346085573758e-9,0.5316674788942801,5.654134256194737,0,0,NA,NA,0,0,0,89.59623210157652,10.403767898423466,2011-06-10,2020-06-02,2015-01-26,2011-08-03
CZ0530502,Semínský přesyp,2330,0.3391316931785723,2.1167643619493397,1.9937351675864843,1.3284665149613593,2.6422900078624325,2.0154779720835863,98.45220279164135,NA,NA,4.673220563762541e-10,59.16777393263221,0.333882622298895,0.005249070879677311,1.5477972083586342,NA,NA,0.005249070879677311,1.5477972083586342,0,0,100,2024-05-02,2024-06-04,2024-05-06,2024-05-02
CZ0620037,Sivický les,9170,42.35860158521315,2.6098515775330866,2.19900422482562,1.2164557229559305,2.7903427318025438,2.291815056159141,67.8693293495267,0.4935413815102821,0,2.559334723263196e-10,17.908278026009565,28.74849881772215,6.154168398645617,14.528733641655345,1.17994524265179,2.785609530281788,7.3341136412974075,17.314343171937132,0,0,97.21439046971823,2022-05-01,2022-07-06,2022-06-16,2022-06-28
CZ0620037,Sivický les,91I0,53.65041437017484,1.7529020878595807,1.8084424622071262,1.235119342522008,2.377436534158056,1.6538251353142135,90.09256754722581,0.12192748335079373,0,7.831798936214022e-9,22.68220622956326,48.33503580581632,1.1013968251816928,2.052913920817688,1.44936692573095,2.70150182947455,2.550763750912643,4.754415750292238,0,0,97.29849817052545,2022-05-01,2022-07-06,2022-06-18,2022-07-02
CZ0624118,Skalky u Havraníků,6210,10.340079413111885,1.7541061493345373,1.2579735892939723,1.0801091206385043,2.1233947862912155,1.6851810454075744,93.10748960730372,NA,NA,7.595093411187356e-10,59.67143572889405,9.6273883649501,0.5632208412533509,5.446968236425251,NA,NA,0.5632208412533509,5.446968236425251,0,0,100,2013-06-22,2014-07-15,2014-04-24,2014-07-15
CZ0620048,Skalky u Sedlece,6210,31.207235076600966,1.273547495319121,2.0308307630342437,1.0681902917012907,2.9318097082987093,1.2365276015994628,96.29801062803415,NA,NA,2.2922634927842814e-9,53.08076297939335,30.051946550780798,0.9621428696006246,3.083076303424377,NA,NA,0.9621428696006246,3.083076303424377,0,0,100,2022-06-23,2022-06-23,2022-06-23,2022-06-23
CZ0620048,Skalky u Sedlece,6240,3.755297949138235,1.4211463999461587,1.855163565783901,0.9999999999999999,2.8551635657839007,1.4211463999461587,100,NA,NA,1.3554176697562223e-8,6.387431628144087,3.755297949138235,0,0,NA,NA,0,0,0,0,100,2022-06-23,2022-06-23,2022-06-23,2022-06-23
CZ0420041,Skalky u Třebutiček,9170,0,NA,NA,NA,NA,NA,NA,NA,NA,NA,NA,NA,0,NA,0,NA,0,NA,NA,NA,NA,NA,NA,NA,NA
CZ0420041,Skalky u Třebutiček,91H0,1.7590918818203742,2,2,2,2,2,100,0,0,1.8515166362258645e-9,2.6942872495012535,1.7590918818203742,0,0,0,0,0,0,0,0,100,2022-09-21,2022-09-21,2022-09-21,2022-09-21
CZ0420041,Skalky u Třebutiček,91I0,62.863489194841044,2,1.0418177383748488,1.9581822616251512,1.0836354767496972,1.0418177383748488,99.99999999999999,0.9581822616251513,0,9.17670839233172e-9,96.28394010979532,62.863489194841044,0,0,0,0,0,0,0,0,100,2022-09-21,2022-09-21,2022-09-21,2022-09-21
CZ0810424,Skučák,3140,0,NA,NA,NA,NA,NA,NA,NA,NA,NA,NA,NA,0,NA,NA,NA,0,NA,NA,NA,NA,NA,NA,NA,NA
CZ0810424,Skučák,3150,10.681593213071435,2.0000737587733948,2.0581222638761942,2,2.0581222638761942,2.0000737587733948,99.99262412266049,NA,NA,1.6212883719657969e-9,35.882811660208404,10.680805351858135,0,0,NA,NA,0,0,0,100,0,2009-08-27,2009-09-25,2009-09-07,2009-09-01
CZ0210173,Slaná louka u Újezdce,1340,1.0056860326118768,2.3631629263728824,2.181581463186441,0.8184185368135588,3.181581463186441,2.181581463186441,81.84185368135589,NA,NA,7.847112156720061e-9,75.51497903338648,0.8230720913040451,0.18261394130783157,18.158146318644114,NA,NA,0.18261394130783157,18.158146318644114,0,0,99.99999999999999,2021-09-03,2021-09-03,2021-09-03,2021-09-03
CZ0620031,Slanisko Dobré Pole,1340,2.541198191668,1.411693885566418,1.4116938855664183,2,1.411693885566418,1.4116938855664183,100,NA,NA,1.9828322732775618e-8,44.04892394094694,2.541198191668,0,0,NA,NA,0,0,0,0,100,2025-07-03,2025-07-03,2025-07-03,2025-07-03
CZ0620187,Slanisko Novosedly,1340,0.8041228152270056,1.5146379961133665,2.1215048217309365,1.7569903565381266,2.2430096434618734,1.3931331743824296,87.84951782690632,NA,NA,6.274365671039424e-9,15.43735681168581,0.7064180159130692,0.09770479931393639,12.150482173093685,NA,NA,0.09770479931393639,12.150482173093685,0,100,0,2012-06-16,2012-06-19,2012-06-18,2012-06-19
CZ0624102,Slanisko u Nesytu,1340,7.543502966126799,1,1.1465884036811482,2,1.146588403681148,1,100,NA,NA,5.886003375826179e-8,77.20853424519399,7.543502966126799,0,0,NA,NA,0,0,0,100,0,2012-08-08,2012-08-21,2012-08-12,2012-08-08
CZ0420525,Slanisko u Škrle,1340,0.8085835440728918,1.819443500720324,2,1.2275091437820571,2.772490856217943,1.8194435007203242,100,NA,NA,6.309171602929993e-9,8.122015625337264,0.8085835440728918,0,0,NA,NA,0,0,0,0,100,2015-05-08,2015-05-08,2015-05-08,2015-05-08
CZ0420525,Slanisko u Škrle,6210,1.939821328949568,3.464595219735465,2.821531739911822,0.4573694971414487,3.5928469913410974,2.643063479823643,17.84682600881783,NA,NA,1.4248560002066345e-10,19.485010868178872,0.3461965374595672,1.4962137760666077,77.13152514292756,NA,NA,1.4962137760666077,77.13152514292756,0,0,100,2015-05-08,2015-05-08,2015-05-08,2015-05-08
CZ0212021,Slatinná louka u Velenky,6410,4.962693237387028,3.138147510967376,1.82096959128744,1.162380631447472,2.658588959839968,2.4795585511274076,34.14110401600321,NA,NA,6.377783267857713e-10,65.36142200363652,1.6943182601714624,0,0,NA,NA,0,0,0,0,100,2014-06-21,2014-07-19,2014-07-09,2014-07-19
CZ0510408,Smědava,7110,0.20134399297139607,1.1,1.0999999999999999,2,1.1,1.0999999999999999,100,NA,NA,2.6675499586987534e-10,0.488170449600026,0.20134399297139607,0,0,NA,NA,0,0,0,100,0,2007-08-14,2007-08-14,2007-08-14,2007-08-14
CZ0510408,Smědava,9110,4.595776603709035,3.5998348185782723,2.8666116061927576,0.26677678761448514,3.7332232123855147,2.7332229036100992,13.338839380724258,0.13338839380724257,0,3.350736896662217e-11,11.142732881097903,0.6130246785284835,3.9157690383520793,85.20364186526923,0.0669843058913026,1.4575187540065093,3.982753344243382,86.66116061927575,0,98.54248124599347,0,2007-07-16,2007-08-14,2007-08-04,2007-08-09
CZ0510408,Smědava,9410,5.887166584426603,1.718936177352664,1.4897829820246011,1.5417084220060797,1.718936177352664,1.34867031654829,77.08616173341427,0.7708616173341427,0,7.64502347841238e-11,14.273784461988248,5.36894452361812,0.8307537688315082,14.11126654763111,0.518222060808483,8.802571718954622,1.3489758296399912,22.913838266585735,0,91.19594701482481,0.0014812662205612806,2007-07-17,2022-09-29,2010-09-01,2007-09-22
CZ0510408,Smědava,91D0,9.98142755046823,1.6940132631406377,2.2626871582647765,1.6194148650474185,2.4313358558780154,1.5253645655273989,77.72265702887496,1.5095625622540123,0,6.982233174018199e-10,24.20056294231928,7.757830701636057,0,0,1.68335475670737,16.864869761323906,1.68335475670737,16.864869761323906,0,83.1351302386761,0,2007-07-15,2007-09-22,2007-08-30,2007-09-21
CZ0212019,Smradovna,7220,2.271786680851143,1.6724184569468084,1.2282338158507646,2,1.2282338158507646,1.6724184569468084,98.94289503219193,NA,NA,7.185720670227544e-8,1.4316162137524704,2.247771510989864,0,0,NA,NA,0,0,0,100.00000000000001,0,2011-09-14,2011-09-14,2011-09-14,2011-09-14
CZ0212019,Smradovna,7230,0.7343421566003748,2.5367433956746606,1.2683716978373305,1.9999999999999998,1.2683716978373307,2.2683716978373303,73.16283021626695,NA,NA,1.4680094955228047e-8,0.46276181944916406,0.5372655052400055,0,0,NA,NA,0,0,0,100,0,2011-09-14,2011-09-14,2011-09-14,2011-09-14
CZ0212019,Smradovna,9150,2.666668509224901,2.090976103610682,1.9065619749232323,0.5467190125383838,2.498769039266957,2.045488051805341,95.45119481946588,0.9545119481946589,0,2.3086599679032992e-9,1.6804596605343183,2.545366953929607,0,0,0.121301555295294,4.548805180534109,0.121301555295294,4.548805180534109,0,95.4511948194659,0,2011-09-14,2011-09-14,2011-09-14,2011-09-14
CZ0212019,Smradovna,9190,9.423562033266425,4,3,0,4,3,0,0,0,1.0065938948932352e-9,5.938464342555229,0,9.027634565997868,95.79853705137315,0.395927467268556,4.201462948626852,9.423562033266425,100,0,95.79853705137315,0,2011-09-14,2011-09-14,2011-09-14,2011-09-14
CZ0212019,Smradovna,91E0,9.814413040590175,2.468909277983519,1.1415653497606757,1.6921879916069624,1.441499872833278,2.2344546389917594,76.55453610082405,1.8133710940454688,0,1.101887740088013e-10,6.184767679027177,7.513378374242589,0,0,0.0773128946559392,0.7877485320435436,0.0773128946559392,0.7877485320435436,0,99.21225146795645,0,2011-09-14,2011-09-14,2011-09-14,2011-09-14
CZ0620191,Sokolí skála,3260,9.229999992626748,1.7728974607663783,2,2,2,1.7728974607663783,100.00000000000001,NA,NA,2.0090094671861175e-9,3.0252604364526663,9.229999992626748,0,0,NA,NA,0,0,0,0,100,2017-06-27,2017-08-02,2017-07-21,2017-08-02
CZ0620191,Sokolí skála,8220,8.533983106036306,1.408726299618877,2.0459748033536567,2.0000000000000004,2.0459748033536567,1.4087262996188772,84.90084416375095,NA,NA,1.2510176992959655e-9,2.797131254243882,7.245423697816717,0,0,NA,NA,0,0,0,0,100,2017-06-27,2017-08-01,2017-07-16,2017-08-01
CZ0620191,Sokolí skála,9130,53.40546197411827,1.4347141496528772,2.051103086070486,1.6645321310723615,2.338756690749623,1.285703480443169,95.21857357514985,1.6817847304775992,0,4.0810334679266647e-10,17.50438042576831,50.85191910297448,2.5535428711437884,4.781426424850148,0,0,2.5535428711437884,4.781426424850148,0,0,100,2013-09-27,2017-08-01,2017-05-02,2017-06-27
CZ0620191,Sokolí skála,9170,104.21052839831317,1.790372802863553,2.14047666658394,1.7508080928415337,2.348782600179109,1.728754427881809,92.36282313468693,1.1966340757729326,0.025054182515019202,6.296469049453068e-10,34.15644516544832,96.2517860322567,3.6380393483058344,3.4910477897209495,0.0991455683086067,0.0951396848595305,3.7371849166144413,3.58618747458048,0,0,99.90486031514047,2013-06-07,2017-08-03,2016-07-25,2017-07-09
CZ0620191,Sokolí skála,9180,56.68238457030079,1.2585453965869875,2,1.224278864315734,2.775721135684266,1.2585453965869875,100,1.5821952986850358,0,3.21253923965502e-9,18.578437228744267,56.68238457030079,0,0,0,0,0,0,0,0,100,2013-06-08,2017-08-01,2016-12-26,2017-06-27
CZ0410150,Soos,1340,7.083849130185344,2.034581572010142,2.5768010427833885,1.8471625322580385,2.5768010427833885,2.111000305881123,88.89996941188771,NA,NA,5.527347186226773e-8,1.5441220974380845,6.297539709919045,0,0,NA,NA,0,0,0,0,100,2014-06-14,2014-09-04,2014-07-20,2014-06-14
CZ0410150,Soos,3140,0,NA,NA,NA,NA,NA,NA,NA,NA,NA,NA,NA,0,NA,NA,NA,0,NA,NA,NA,NA,NA,NA,NA,NA
CZ0410150,Soos,3150,3.745152469700519,2,1.7391134626056302,2,1.7391134626056304,2,100,NA,NA,5.684519181028122e-10,0.8163602273935047,3.745152469700519,0,0,NA,NA,0,0,0,0,100,2014-06-14,2014-09-05,2014-08-01,2014-07-28
CZ0410150,Soos,3160,0.1346242884673475,2,1.3206280492506537,1.9999999999999998,1.320628049250654,2,100,NA,NA,4.582173952294772e-9,0.029345110949429754,0.1346242884673475,0,0,NA,NA,0,0,0,0,100,2014-06-14,2014-09-05,2014-07-11,2014-06-14
CZ0410150,Soos,7140,19.50641912234454,1.9867315145245064,1.025867935762635,1.7868372851423642,1.239030650620271,1.913323322973389,100,NA,NA,3.6263658878705185e-9,4.251967010470892,19.50641912234454,0,0,NA,NA,0,0,0,0,100,2014-06-14,2014-09-05,2014-08-09,2014-07-28
CZ0410150,Soos,7150,0.5124181804938196,1.5657418982113689,1,1.7528077071274843,1.2471922928725157,1.5657418982113689,100,NA,NA,2.5454947752722236e-8,0.11169580564017766,0.5124181804938196,0,0,NA,NA,0,0,0,0,99.99999999999999,2014-06-14,2014-09-05,2014-07-25,2014-07-26
CZ0410150,Soos,9190,33.98390344528061,2.839028748675214,2.26268375231646,1.094317145413189,2.7342041709851737,2.3123304736300696,65.4575331849086,0.626627854816843,0,3.6300487662628956e-9,7.407737700603326,22.245024875221855,11.738878570058755,34.542466815091394,0,0,11.738878570058755,34.542466815091394,0,0,100,2014-06-14,2014-09-05,2014-08-06,2014-07-28
CZ0410150,Soos,91D0,65.65089541202302,1.8510725346161387,1.3934072606079053,1.779548208100197,1.584268527743618,1.8338635393904448,95.28108688448025,1.196740195936465,0,4.592427861967732e-9,14.31044005304062,62.55288669796891,1.1297859457080253,1.720899522569377,0,0,1.1297859457080253,1.720899522569377,0,0,100,2014-06-14,2014-09-05,2014-07-29,2014-07-28
CZ0410150,Soos,91E0,23.19846189465932,2.2289609204093725,2.1662070491744436,1.7872285381042452,2.272592780122321,2.1063857309478773,89.36142690521226,0.9045420647496999,0,2.604547072240084e-10,5.056750501006448,20.730476569129507,2.4475594207313125,10.550524564280627,0.0204259047984984,0.08804853050710569,2.4679853255298108,10.638573094787732,0,0,99.91195146949289,2014-07-20,2014-09-05,2014-08-13,2014-07-28
CZ0624119,Soutok - Podluží,3130,2.9239638872649576,3.5643778007959543,3,0.35781795042447595,3.782188900397977,2.782188900397977,21.781109960202272,NA,NA,2.975545250210215e-9,0.030101497227146543,0.6368717894817852,2.2870920977831726,78.21889003979774,NA,NA,2.2870920977831726,78.21889003979774,0,0,100,2025-05-26,2025-06-13,2025-06-02,2025-06-03
CZ0624119,Soutok - Podluží,3150,109.41323432146399,2.330261506907327,1.5311657563928962,1.9771242720611013,1.5426036203623452,2.63670287026634,33.753834867688504,NA,NA,1.6607111037282324e-8,1.1263826423729832,36.93116243626404,1.2514536906263791,1.1437863969449231,NA,NA,1.2514536906263791,1.1437863969449231,0,54.55336857806374,45.44663142193626,2012-05-09,2025-07-23,2018-09-04,2014-08-25
CZ0624119,Soutok - Podluží,3260,63.902295361332826,2.388084753465512,1.6479322729264834,2,1.6479322729264836,2.7415668533804176,23.719965430912122,NA,NA,1.3909026701884714e-8,0.6578585922368317,15.157602369267508,0,0,NA,NA,0,0,0,1.2120882716310566,98.78791172836894,2012-08-14,2025-07-23,2024-07-23,2025-07-01
CZ0624119,Soutok - Podluží,3270,1.0446432073658332,3.7680932964951923,3,0,3.7680932964951923,3,0,NA,NA,1.8553292239540224e-8,0.01075434780396474,0,0.8023834448069334,76.80932964951921,NA,NA,0.8023834448069334,76.80932964951921,0,0,100,2025-06-30,2025-07-03,2025-07-01,2025-07-01
CZ0624119,Soutok - Podluží,6210,24.355860951948042,1.8833975959375584,2.215176571924906,1.1077950132227787,2.8922049867772213,1.6607567614677468,77.73591655301885,NA,NA,1.7890098484675374e-9,0.2507376661192655,18.933251745375635,5.240810665919865,21.51765719249063,NA,NA,5.240810665919865,21.51765719249063,0,24.72051363317711,75.27948636682288,2012-05-09,2025-06-04,2019-07-30,2025-05-26
CZ0624119,Soutok - Podluží,6410,0.02988143860450946,4,3,0,4,3,0,NA,NA,3.840199867999523e-12,3.0762214445067946e-4,0,0.02988143860450946,100,NA,NA,0.02988143860450946,100,0,0,100,2025-06-10,2025-06-10,2025-06-10,2025-06-10
CZ0624119,Soutok - Podluží,6430,0,NA,NA,NA,NA,NA,NA,NA,NA,NA,NA,NA,0,NA,NA,NA,0,NA,NA,NA,NA,NA,NA,NA,NA
CZ0624119,Soutok - Podluží,6440,484.0937444671026,3.1559294383277448,2.1484321182328987,0.8394466944477517,2.98155406271288,2.5325161479248655,39.32878862722799,NA,NA,3.9364979020410885e-7,4.983627386857335,190.3882055191,143.69035895337313,29.682341611654074,NA,NA,143.69035895337313,29.682341611654074,0,10.933695540520198,89.0663044594798,2012-05-09,2025-07-23,2021-02-09,2025-05-10
CZ0624119,Soutok - Podluží,91E0,134.98542217424418,3.3812423195500245,2.4984670269254816,0.6158741475044919,3.272788595018787,2.67991808690433,29.191598394076294,0.4956968324754815,0,1.5155137772300246e-9,1.3896420981737727,39.40440233165377,81.89235028857047,60.66755133221778,0.422338485123754,0.31287710800250995,82.31468877369423,60.980428440220294,0,18.034747310832184,81.65237558116532,2012-05-09,2025-07-23,2021-03-18,2025-05-26
CZ0624119,Soutok - Podluží,91F0,5675.532256130962,2.8552362474990356,2.200239607509845,1.19052495740649,2.620848430237721,2.354826087327977,49.54969624402932,0.5294941898102284,0,2.327851850595212e-7,58.428224512140126,2812.208993144796,1893.675694169085,33.36560535134749,287.206586126341,5.060434390379646,2180.882280295426,38.42603974172713,0,30.94807258008724,63.99149302953311,2012-05-09,2025-07-23,2021-05-23,2025-05-07
CZ0624119,Soutok - Podluží,91G0,158.6589149515438,3.0912859465848914,2.7203868997486986,0.6541451371586628,3.459317352778881,2.4574935153419233,36.62075687570317,0.7042546198242107,0,1.529077120236221e-8,1.6333549498599553,58.102095506033535,68.330299915118,43.067419146277935,4.54449289519473,2.8643161316101704,72.87479281031274,45.93173527788811,0,14.211018802474982,82.92466506591485,2012-08-13,2025-07-10,2021-10-14,2025-06-03
CZ0424134,Sovice u Brzánek,6210,0.7472720458159945,1.364618882191437,2.1134135848565547,2,2.1134135848565547,1.364618882191437,100,NA,NA,5.4889336578445705e-11,69.97548433040139,0.7472720458159945,0,0,NA,NA,0,0,0,0,100,2016-06-06,2016-06-06,2016-06-06,2016-06-06
CZ0810018,Sovinec,9110,70.53714110581454,1.7983855659551131,2.284178807323122,1.3626971911697818,2.6382377394430954,1.6478022614136363,84.9416695458523,0.8505673604777058,0,5.142795694150448e-10,2.7555891108613606,59.91542530519254,6.046999880061038,8.572788442034787,4.57471592056096,6.485542012112901,10.621715800621999,15.05833045414769,0,0,93.51445798788711,2014-07-06,2022-09-25,2020-01-03,2022-09-16
CZ0810018,Sovinec,9130,1559.6033782063585,2.0154262027260232,2.1804986343526216,1.6000829530229348,2.4026472536642594,1.8116168939087525,77.42410947156972,0.8483155211133785,0,1.1917870097699349e-8,60.927137375769966,1207.5090268647905,209.78841488869418,13.451395259861773,50.2964587047818,3.224951895309811,260.084873593476,16.676347155171587,0,0,96.7750481046902,2014-06-22,2022-09-29,2018-05-07,2014-07-21
CZ0810018,Sovinec,9180,69.91398663157526,1.7729782145976283,2.319688906117118,1.4102530520762087,2.621573864962551,1.7586850568051362,98.57068422075082,1.171227640494936,0,3.962455481668881e-9,2.7312450893050806,68.914694988748,0.0011399560583848507,0.00163051216688881,0.998151686768878,1.4276852670822846,0.9992916428272629,1.4293157792491735,0,0,98.57231473291773,2014-06-23,2022-09-29,2019-05-28,2022-09-22
CZ0420083,Spravedlnost-Chřibská,6510,11.824288539707831,4,2.924220737169161,0.09673106123817418,3.903268938761826,3,0,NA,NA,6.77111011969837e-11,19.355655605823934,0,10.928252670669632,92.42207371691609,NA,NA,10.928252670669632,92.42207371691609,0,0,100,2018-06-01,2018-06-23,2018-06-06,2018-06-01
CZ0420083,Spravedlnost-Chřibská,91E0,14.427934327459743,2.565871113536258,1.0882369984758813,1.9129536609539668,1.1433572008075146,2.0563108617614816,94.36891382385186,0.7830198051845468,0,1.6198588631304316e-10,23.617668581745903,13.615484912042424,0.46062820384486114,3.192613671439976,0,0,0.46062820384486114,3.192613671439976,0,0,100,2018-06-01,2018-06-23,2018-06-14,2018-06-22
CZ0520508,Stárkovské bučiny,6510,9.245518924540617,2.090562841737839,2.0245604072907044,1.2567184274383196,2.7432815725616804,2.0260795582022055,97.39204417977945,NA,NA,5.294392685157413e-11,7.158154874054529,9.004399875638468,0.22707371040063096,2.4560407290704194,NA,NA,0.22707371040063096,2.4560407290704194,0,0,100,2018-08-13,2018-09-23,2018-09-19,2018-09-23
CZ0520508,Stárkovské bučiny,8210,0.4637236606651497,1.100293774510603,2.1206183155507965,1.9999999999999998,2.1206183155507965,1.1002937745106032,99.99999999999999,NA,NA,2.5872903998175572e-9,0.3590286071443612,0.4637236606651497,0,0,NA,NA,0,0,0,0,100,2018-08-13,2018-09-22,2018-09-08,2018-09-19
CZ0520508,Stárkovské bučiny,9130,83.92722118836002,2.301283200720982,2.331779234467796,1.5221212967274533,2.557816271613373,2.0333444785260895,79.33075510686281,0.699416885366018,0,6.413385183443796e-10,64.97894302294796,66.58009830893296,12.50524682021131,14.900108264213182,0.585902304589636,0.6981075940482772,13.091149124800946,15.59821585826146,0,0,99.30189240595173,2018-08-13,2018-09-23,2018-09-05,2018-09-19
CZ0622217,Stepní stráně u Komořan,6210,10.222266661130288,2.5540551534012703,2.277027576700635,1.3912600268361246,2.6087399731638756,2.277027576700635,72.29724232993648,NA,NA,7.508556468811979e-10,81.73413116373823,7.39041689960967,2.8318497615206173,27.702757670063523,NA,NA,2.8318497615206173,27.702757670063523,0,0,100,2013-06-21,2013-06-21,2013-06-21,2013-06-21
CZ0624043,Stolová hora,6190,8.132456048143863,1.2432263601248308,1.4483563230846643,1.0893689893043192,2.3589873337803446,1.2432263601248308,99.99999999999999,NA,NA,2.5305621173595445e-8,10.545432550596184,8.132456048143863,0,0,NA,NA,0,0,0,0,100,2022-06-03,2022-06-08,2022-06-06,2022-06-08
CZ0624043,Stolová hora,6210,17.839563323554422,3.241519395080457,2.026905535068394,1.6483731564817525,2.286409845402245,2.5331451712624284,29.162577618197126,NA,NA,1.3103685614384527e-9,23.132730216669316,5.202476500978985,1.643425764269284,9.212253318439645,NA,NA,1.643425764269284,9.212253318439645,0,0,100,2022-06-03,2022-06-08,2022-06-05,2022-06-03
CZ0624043,Stolová hora,6240,7.476151806790959,1.1500611543779589,1.1500611543779589,1,2.150061154377959,1.1500611543779589,100,NA,NA,2.6984032686487003e-8,9.694396643499351,7.476151806790959,0,0,NA,NA,0,0,0,0,100,2022-06-08,2022-06-08,2022-06-08,2022-06-08
CZ0624043,Stolová hora,8160,0.009990492185139099,2,2,2,2,2,99.99999999999999,NA,NA,3.9275379752818713e-10,0.012954765554458602,0.009990492185139099,0,0,NA,NA,0,0,0,0,100,2022-06-03,2022-06-03,2022-06-03,2022-06-03
CZ0624043,Stolová hora,8210,0.08629845926399343,1,1,2,1,1,100,NA,NA,4.81491875684136e-10,0.11190402702471713,0.08629845926399343,0,0,NA,NA,0,0,0,0,100,2022-06-08,2022-06-08,2022-06-08,2022-06-08
CZ0624043,Stolová hora,8310,0,NA,NA,NA,NA,NA,NA,NA,NA,NA,NA,NA,0,NA,NA,NA,0,NA,NA,NA,NA,NA,NA,NA,NA
CZ0624069,Strabišov - Oulehla,6210,0,NA,NA,NA,NA,NA,NA,NA,NA,NA,NA,NA,0,NA,NA,NA,0,NA,NA,NA,NA,NA,NA,NA,NA
CZ0624069,Strabišov - Oulehla,9170,355.5215954402174,2.209615920995806,1.7594369593051284,1.4456984843620393,2.1265934256256482,1.8276374436504856,61.80215226546796,0.4886594761199246,0,2.1480849934331e-9,59.59258385510984,219.71999775058418,56.91794295772796,16.00970058858182,9.61616355434684,2.7048043431622824,66.5341065120748,18.7145049317441,0,0,97.29519565683772,2014-05-12,2014-05-21,2014-05-14,2014-05-13
CZ0624069,Strabišov - Oulehla,6210p,2.862531626200839,1.2092397374686272,1.1759402351573034,1.8240597648426966,1.3185809680032827,1.1759402351573034,96.6700497688676,NA,NA,3.0695391765667027e-9,0.4798179861930839,2.767210747697926,0.09532087850291282,3.3299502311323974,NA,NA,0.09532087850291282,3.3299502311323974,0,0,100,2014-05-12,2014-05-21,2014-05-13,2014-05-12
CZ0624069,Strabišov - Oulehla,91I0,18.920473191417656,2.845377328313762,2.4922667276350836,0.9766428130923334,3.019094716118671,2.249029921985848,40.365259367208566,0.03029879005950745,0,2.7619794469954214e-9,3.1714525916260743,7.637298077218901,9.394567387538896,49.652919842407954,0,0,9.394567387538896,49.652919842407954,0,0,100,2014-05-12,2014-05-15,2014-05-12,2014-05-12
CZ0620017,Stračí,6210p,1.5058563564383984,2,2,2,2,2,100,NA,NA,1.6147542399398285e-9,46.277171151373004,1.5058563564383984,0,0,NA,NA,0,0,0,100,0,2012-08-27,2012-08-27,2012-08-27,2012-08-27
CZ0420061,Stráně nad Chomutovkou,1340,0.3903664915697154,2.043650688288883,2.0218253441444416,1.0643669808877705,2.9356330191122293,2.0218253441444416,97.81746558555585,NA,NA,3.0459303820868213e-9,4.457223336158027,0.3818466085487482,0.008519883020967246,2.182534414444146,NA,NA,0.008519883020967246,2.182534414444146,0,0,100,2015-05-23,2015-05-23,2015-05-23,2015-05-23
CZ0420061,Stráně nad Chomutovkou,6210,7.401254115735734,2.0130962676833155,2,1.030704177672689,2.969295822327311,1.9929835847154518,97.98873170321362,NA,NA,5.436439520731901e-10,84.50787471240075,7.252395038141343,0,0,NA,NA,0,0,0,0,100,2015-05-23,2015-05-23,2015-05-23,2015-05-23
CZ0424133,Stráně nad Suchým potokem,6210,2.4017617522661263,1.7255712627872213,2,1.9999999999999998,2,1.7255712627872213,99.97190120011692,NA,NA,1.7641648706050293e-10,42.637118789961356,2.4010868860376884,0,0,NA,NA,0,0,0,0,100,2022-09-22,2022-09-22,2022-09-22,2022-09-22
CZ0424136,Stráně u Drahobuzi,6210,3.4489599949625847,1.8743572664543997,2,1.589523050091109,2.410476949908891,1.6213644525288406,100,NA,NA,2.533362877268809e-10,43.93888370232947,3.4489599949625847,0,0,NA,NA,0,0,0,0,100,2017-08-28,2017-08-28,2017-08-28,2017-08-28
CZ0210734,Stráně u Kochánek,5130,1.1119418477690488,1.8739308354234274,2,1,3,1,100,NA,NA,2.59056065210877e-9,28.668610758015312,1.1119418477690488,0,0,NA,NA,0,0,0,0,100,2022-07-26,2022-07-26,2022-07-26,2022-07-26
CZ0420059,Stráně u Velkého Újezdu,6210,1.769961751933212,1.4457626073775542,1.3336667768752564,1.7758083389954047,1.4457626073775542,1.3336667768752564,87.57907043947156,NA,NA,1.300089129210647e-10,20.56983270497116,1.5501160494772928,0.19840533254025505,11.20958305022976,NA,NA,0.19840533254025505,11.20958305022976,0,83.95845507117214,16.041544928827857,2011-09-28,2022-09-23,2014-06-28,2011-09-30
CZ0624020,Stránská skála,6110,0.12939686036667414,2,2,2,2,2,100,NA,NA,2.284429382246879e-9,0.8327042694124466,0.12939686036667414,0,0,NA,NA,0,0,0,0,100,2014-05-14,2014-05-14,2014-05-14,2014-05-14
CZ0624020,Stránská skála,6190,0.07857514672912193,1,2.3564423288028804,1.35644232880288,3,1,100,NA,NA,2.4450090907539106e-10,0.5056526098518892,0.07857514672912193,0,0,NA,NA,0,0,0,0,100,2014-05-14,2014-05-14,2014-05-14,2014-05-14
CZ0624020,Stránská skála,6210,5.832483433403749,1.7108794498548412,2,1.895123158660831,2.104876841339169,1.7108794498548412,100,NA,NA,4.284131168251106e-10,37.53362981536071,5.832483433403749,0,0,NA,NA,0,0,0,0,100,2014-05-14,2014-05-14,2014-05-14,2014-05-14
CZ0624020,Stránská skála,6240,1.7930326582213212,2,2,2,2,2,99.99999999999999,NA,NA,6.471678626620972e-9,11.538656698979521,1.7930326582213212,0,0,NA,NA,0,0,0,0,100,2014-05-14,2014-05-14,2014-05-14,2014-05-14
CZ0624020,Stránská skála,8210,0.9911208704149959,1,2.013767431544057,2,2.013767431544057,1.019674052308317,100,NA,NA,5.52983970972145e-9,6.378134507743466,0.9911208704149959,0,0,NA,NA,0,0,0,0,100,2014-05-14,2014-05-14,2014-05-14,2014-05-14
CZ0624020,Stránská skála,8310,0.014806445768501143,1,3,2,1,1,100,NA,NA,8.22256619638161e-9,0.09528353757051558,0.014806445768501143,0,0,NA,NA,0,0,0,0,100,2014-05-14,2014-05-14,2014-05-14,2014-05-14
CZ0624068,Strážnická Morava,3150,2.589570461412249,2,1.284417705355355,2,1.284417705355355,2,100,NA,NA,3.930537695758724e-10,0.393186524699516,2.589570461412249,0,0,NA,NA,0,0,0,100,0,2009-06-24,2009-06-29,2009-06-26,2009-06-27
CZ0624068,Strážnická Morava,3270,6.914171690086243,1.6983258459757908,2.4616633828958014,1.7313334297467642,2.489103950808831,1.495581677191427,88.49076316513032,NA,NA,1.2279852781888815e-7,1.0498108387126854,6.118403295104706,0.18972879782415694,2.744056791302942,NA,NA,0.18972879782415694,2.744056791302942,0,100,0,2003-06-05,2009-06-29,2008-01-26,2009-06-18
CZ0624068,Strážnická Morava,6430,2.2444453247626372e-5,4,3,0,4,3,0,NA,NA,2.416618593870705e-15,3.4078457036470253e-6,0,2.2444453247626372e-5,100,NA,NA,2.2444453247626372e-5,100,0,100,0,2009-06-29,2009-06-29,2009-06-29,2009-06-29
CZ0624068,Strážnická Morava,91E0,24.343996212928403,2.3006504290089507,2.533350640627816,1.433876789192607,2.694507636277236,2.2145101146042983,63.60733676677765,0.7638986831491704,0,2.733158963336414e-10,3.696262144973439,15.484567653648966,3.843212423381709,15.7871057396102,0.079992868394689,0.32859382533179604,3.923205291776398,16.115699564941995,0,99.67140617466819,0,2009-06-15,2009-06-29,2009-06-22,2009-06-19
CZ0624068,Strážnická Morava,91F0,423.85798392962937,2.1108122218166194,2.4382995046041036,1.4827391474852125,2.7050443863321396,1.8984172898528546,73.49341956756366,0.46891389432868597,0,1.738477640073826e-8,64.35632864631422,311.50772650001903,90.19178691546537,21.278775046134175,15.9914074043811,3.7728220325409887,106.18319431984648,25.051597078675165,0,96.22717796745901,0,2009-06-15,2009-07-19,2009-06-22,2009-06-22
CZ0420063,Stroupeč,6210,14.469097253603797,2.124910387487568,2,1.9999999999999998,2,2,100,NA,NA,1.0627978840986698e-9,59.32821572613669,14.469097253603797,0,0,NA,NA,0,0,0,0,100,2022-07-01,2022-07-10,2022-07-03,2022-07-03
CZ0210053,Střední Povltaví u Drbákova,4030,0.5598672286035917,1,2,2,2,1,100,NA,NA,4.00765705598191e-10,0.20822262256150456,0.5598672286035917,0,0,NA,NA,0,0,0,0,100,2013-08-22,2014-08-03,2013-12-15,2013-08-22
CZ0210053,Střední Povltaví u Drbákova,6190,3.02066834044029,1.4114885303899527,2.0010427989089936,1.9830684097207079,2.016931590279292,1.4030721126558499,99.89572010910064,NA,NA,9.399360815691308e-9,1.123429719763651,3.0175183907904475,0.0031499496498424563,0.10427989089935384,NA,NA,0.0031499496498424563,0.10427989089935384,0,0,100,2013-08-21,2014-09-06,2014-04-22,2014-08-03
CZ0210053,Střední Povltaví u Drbákova,8150,1.1934040405460378,1.20235850502272,2.6995037216984246,2,2.6995037216984246,1.2023585050227197,100,NA,NA,1.4100385927594525e-8,0.44384401587101213,1.1934040405460378,0,0,NA,NA,0,0,0,0,100,2013-08-21,2014-09-03,2014-04-10,2014-08-03
CZ0210053,Střední Povltaví u Drbákova,8220,6.960845291283007,1,1.870275065888541,2,1.8702750658885412,1,100,NA,NA,1.0204075345891568e-9,2.5888378310888505,6.960845291283007,0,0,NA,NA,0,0,0,0,100,2013-08-22,2014-09-06,2014-06-11,2014-09-02
CZ0210053,Střední Povltaví u Drbákova,9170,68.70331433452384,2.35706916220866,2.116843619916706,1.5930334008595828,2.401457603799086,2.0945375725777633,73.67223429699567,0.7101559280354537,0,4.1510996916620266e-10,25.55174433960465,50.615266706331816,4.754480515893486,6.920307356270191,0.552180893800619,0.8037179852954265,5.306661409694105,7.724025341565619,0,0,99.19628201470458,2013-08-19,2014-09-06,2014-03-22,2014-08-01
CZ0210053,Střední Povltaví u Drbákova,9180,78.90170360172488,1.7021977671100528,2.2944374153310516,1.4356755344048688,2.613388454773371,1.7406706112666785,94.97749531611434,1.6096967910438962,0,4.471844662459405e-9,29.344671038343872,74.93886184266266,0,0,0.463634406350376,0.5876101341115282,0.463634406350376,0.5876101341115282,0,0,99.41238986588847,2013-08-19,2014-09-05,2014-05-09,2014-08-03
CZ0532132,Střemošická stráň,6210,7.002987389676188,1.2621082428292536,2.000218974318722,1.0884800967965977,2.911519903203402,1.2596007961015685,99.97810256812782,NA,NA,5.14390085965022e-10,15.086224097212888,7.001453915283517,0.0015334743926709053,0.02189743187216865,NA,NA,0.0015334743926709053,0.02189743187216865,0,0,100,2021-05-14,2021-08-04,2021-05-29,2021-05-26
CZ0532132,Střemošická stráň,6510,2.412204696595634,2,2,1,3,2,100,NA,NA,1.3813350018525697e-11,5.196505233586298,2.412204696595634,0,0,NA,NA,0,0,0,0,100,2021-05-14,2021-05-28,2021-05-18,2021-05-14
CZ0210708,Stříbrný luh,6190,0.5196450096735722,1.8948168454832528,2.0102961772465777,1.490605709536296,2.4990981132171264,1.8948168454832528,98.97038227534225,NA,NA,1.6169702832332032e-9,0.49462849743191695,0.5142946525486736,0,0,NA,NA,0,0,0,0,100,2014-04-13,2014-04-17,2014-04-16,2014-04-17
CZ0210708,Stříbrný luh,8160,0.17664207828124054,2,1,2,1,2,100,NA,NA,6.944287204531014e-9,0.16813825618836611,0.17664207828124054,0,0,NA,NA,0,0,0,0,100,2014-04-17,2014-04-17,2014-04-17,2014-04-17
CZ0210708,Stříbrný luh,9130,32.98248030650026,1.625189387443983,1.8942783961323775,1.8992988475986838,1.9944057154627965,1.624615554373086,97.90859371656634,0.8001008521718569,0,2.520390256174392e-10,31.394652833922336,32.29268264093784,0.008439564982708543,0.025588024018452175,0.0104868729773717,0.031795283071252,0.018926437960080242,0.05738330708970416,0,0,99.96820471692874,2014-04-12,2018-08-22,2014-07-20,2014-04-12
CZ0210708,Stříbrný luh,9170,26.61066660253815,1.8177249053546132,2.015385780123805,1.5624320349428988,2.4375679650571014,1.8023384924680366,98.4614219876195,0.13412390984295144,0,1.6078340761096074e-10,25.32958806925409,26.201240737243616,0,0,0.409425865294529,1.538578012380485,0.409425865294529,1.538578012380485,0,0,98.4614219876195,2014-04-12,2014-05-13,2014-04-15,2014-04-13
CZ0210708,Stříbrný luh,9180,26.106976427827696,1.7125628254160001,2.0001258732545595,1.583504987311659,2.4164950126883413,1.7088956637032517,99.98741267454405,0.9998741267454405,0,1.4796428703369924e-9,24.85014631642218,26.10369025773802,0,0,0.00328617008967809,0.012587325455947198,0.00328617008967809,0.012587325455947198,0,0,99.98741267454405,2014-04-12,2014-04-17,2014-04-14,2014-04-15
CZ0210708,Stříbrný luh,40A0,0.3004662890736791,1.270522718679417,1.8397383803935512,2,1.839738380393551,1.2705227186794168,100,NA,NA,6.027989725614255e-9,0.2860013784926304,0.3004662890736791,0,0,NA,NA,0,0,0,0,100,2014-04-12,2014-04-17,2014-04-15,2014-04-17
CZ0420082,Studenec,8220,15.943217587986586,1.0954346355634494,2.157409886732471,2,2.157409886732471,1.2782412621299462,92.75993630030578,NA,NA,2.3371557148021726e-9,1.8840212255349102,14.788918478835505,0,0,NA,NA,0,0,0,0,100,2014-09-30,2023-07-22,2018-01-04,2015-07-14
CZ0420082,Studenec,9110,251.77665410387368,2.7617432814979157,2.453781260932045,1.1314707880299506,2.932847102739662,2.3677676278916917,53.58429262809217,0.5369692552055276,0,1.835679575772134e-9,29.75262413675454,134.9127391042391,89.18303408155695,35.4214867136821,7.9050004906005,3.139687640514593,97.08803457215745,38.561174354196694,0,0,96.86031235948542,2014-09-10,2023-07-29,2017-07-24,2015-10-06
CZ0420082,Studenec,9130,262.5156457521099,1.7743380491522838,1.7258220804602045,1.4135130441661132,2.1470359069252614,1.65419066021566,85.45941133818522,0.7978286269733867,0,2.0060403871947387e-9,31.021658326024127,224.34432553038872,26.929950105360348,10.258417180509671,1.17176566537347,0.4463603157885504,28.10171577073382,10.704777496298222,0,0,99.55363968421143,2014-09-10,2023-07-29,2017-08-15,2015-10-06
CZ0420082,Studenec,9180,45.808506275159736,1.1420353049993297,1.278689966660495,1.4391629776610284,1.8316332341896975,1.194854933266202,99.2106245190231,1.0072467826871254,0,2.5962496997001854e-9,5.413223375780894,45.44690515842186,0.3616011167378747,0.789375480976898,0,0,0.3616011167378747,0.789375480976898,0,0,100,2015-04-20,2023-07-17,2017-05-13,2015-07-14
CZ0610513,Suché kopce,6230,2.914084507438692,1,1.0656340659263766,1.7691023395094496,1.296531726416927,1,100,NA,NA,2.807091943351723e-10,19.113499601759692,2.914084507438692,0,0,NA,NA,0,0,0,100,0,2010-06-24,2010-06-24,2010-06-24,2010-06-24
CZ0612149,Suché skály,8220,0.2545617638667225,1,2,2,2,1,100,NA,NA,3.731683883180108e-11,4.886695155414221,0.2545617638667225,0,0,NA,NA,0,0,0,0,100,2014-09-15,2014-09-15,2014-09-15,2014-09-15
CZ0514041,Suchý vrch - Naděje,4030,0.10528098468026147,2,2,2,2,2,100,NA,NA,7.536252517707488e-11,0.05607467316016138,0.10528098468026147,0,0,NA,NA,0,0,0,0,100,2024-07-14,2024-07-14,2024-07-14,2024-07-14
CZ0514041,Suchý vrch - Naděje,8220,1.2079953532319376,1.363340799908174,2.894568405666912,2,2.894568405666912,1.3633407999081737,100,NA,NA,1.770830277940799e-10,0.6434015108919703,1.2079953532319376,0,0,NA,NA,0,0,0,0,100,2024-07-14,2024-07-14,2024-07-14,2024-07-14
CZ0514041,Suchý vrch - Naděje,8310,0.01585011161295697,1,3,2,1,1,100,NA,NA,8.802152386552707e-9,0.008442073665514211,0.01585011161295697,0,0,NA,NA,0,0,0,0,100,2024-07-14,2024-07-14,2024-07-14,2024-07-14
CZ0514041,Suchý vrch - Naděje,9110,65.64987752838985,2.6384804657533674,2.289461402335734,1.3166542728230066,2.699286477282553,2.1781603837080126,58.07236690429376,0.9041529742681277,0,4.786469967191176e-10,34.96638482807873,38.124437750506054,9.936505543669055,15.135604082996315,8.02009177672719,12.216461140021098,17.956597320396245,27.352065223017412,0,0,87.7835388599789,2024-07-08,2024-08-23,2024-07-13,2024-07-11
CZ0514041,Suchý vrch - Naděje,9130,19.63323958746005,1.058383023302785,1.0876921365273298,1.0876921365273298,2,1.0583830233027853,100,1,0,1.5002942560271716e-10,10.457040236520228,19.63323958746005,0,0,0,0,0,0,0,0,100,2024-07-14,2024-07-14,2024-07-14,2024-07-14
CZ0320437,Svaté Pole,6510,2.8486148589289164,1.4829997484879471,2.0699945692700092,1.1940037397700995,2.87599082949991,1.4130051792179381,93.00054307299905,NA,NA,1.6312427452733096e-11,80.3580816803316,2.6492272888620385,0,0,NA,NA,0,0,0,0,100,2016-07-01,2016-07-01,2016-07-01,2016-07-01
CZ0624234,Svatý kopeček u Mikulova,6190,2.7086489099609126,1.3207054700927325,1.3916950296040342,1.91615876666781,1.4755362629362243,1.3916950296040342,100,NA,NA,8.428455413956705e-9,5.776318636915986,2.7086489099609126,0,0,NA,NA,0,0,0,0,100,2011-06-01,2011-06-08,2011-06-02,2011-06-01
CZ0624234,Svatý kopeček u Mikulova,6240,6.143548435587718,2.456846784937799,1.9388403447830849,1.751714138704238,2.065492338199933,2.2457118459398018,71.67016746053713,NA,NA,2.2174203531599098e-8,13.101400183235073,4.403091451804927,0.7472635587219832,12.163386787891367,NA,NA,0.7472635587219832,12.163386787891367,0,0,100,2011-06-01,2011-06-08,2011-06-02,2011-06-01
CZ0624097,Šévy,6210,5.6808060552283655,1,1,1,2,1,100,NA,NA,4.172719658766447e-10,70.28907130787707,5.6808060552283655,0,0,NA,NA,0,0,0,0,100,2024-05-27,2024-05-27,2024-05-27,2024-05-27
CZ0410046,Šibeniční vrch,4030,3.072476675399579,2,2,0.9999999999999999,3,2,100,NA,NA,2.199348738131512e-9,54.98583893885325,3.072476675399579,0,0,NA,NA,0,0,0,100,0,2011-06-10,2011-06-10,2011-06-10,2011-06-10
CZ0410046,Šibeniční vrch,8220,0.8224551230434328,2,3,2,3,2,100,NA,NA,1.2056573150188258e-10,14.718870054308736,0.8224551230434328,0,0,NA,NA,0,0,0,100,0,2011-06-10,2011-06-10,2011-06-10,2011-06-10
CZ0310611,Široké blato,7140,0.6570446157422988,2,1.5394352602095496,1.6870186444000623,1.8524166158094872,2,100,NA,NA,1.2214872275596234e-10,0.6875524170880262,0.6570446157422988,0,0,NA,NA,0,0,0,0,100,2017-09-14,2017-09-14,2017-09-14,2017-09-14
CZ0310611,Široké blato,91D0,91.62967899217337,1.4992578928935845,1.4192098282984549,1.8345944140252721,1.519143403962103,1.433785882582505,92.8953615562888,1.5916740026120464,0,6.409702230957728e-9,95.88421510294852,85.11972159264626,5.999179287776479,6.547201031107949,0,0,5.999179287776479,6.547201031107949,0,0,100,2017-09-07,2017-09-14,2017-09-13,2017-09-14
CZ0620051,Šlapanické slepence,6110,0.007784323133165017,4,3,0,4,3,0,NA,NA,1.3742788222152377e-10,0.09388942937428466,0,0.007784323133165017,100,NA,NA,0.007784323133165017,100,0,0,100,2022-08-10,2022-08-10,2022-08-10,2022-08-10
CZ0620051,Šlapanické slepence,6240,1.0432998452437157,1.7134007906598878,2.1169000187447375,1.7661999625105245,2.2338000374894755,1.4547369825266976,88.30999812552622,NA,NA,3.765632086321601e-9,12.583602383985907,0.9213380737783434,0.12196177146537229,11.69000187447377,NA,NA,0.12196177146537229,11.69000187447377,0,0,100,2022-08-10,2022-08-10,2022-08-10,2022-08-10
CZ0624112,Špice,6250,2.274381335281158,1.5574733383157482,2.016546694997232,1.4299416857941203,2.5700583142058795,1.5409266433185163,98.34533050027679,NA,NA,3.325015263501926e-8,53.03398476438584,2.236747841018863,0.03763349426229485,1.654669499723212,NA,NA,0.03763349426229485,1.654669499723212,0,0,100,2022-08-12,2022-08-12,2022-08-12,2022-08-12
CZ0624116,Špidláky,6250,0.5257169004310854,3,2,2,2,2,100,NA,NA,7.68568001811443e-9,3.4211155372278617,0.5257169004310854,0,0,NA,NA,0,0,0,0,99.99999999999999,2019-07-10,2019-07-10,2019-07-10,2019-07-10
CZ0714080,Špraněk,6110,0.09679128858558833,2,2.4844123732427628,2,2.4844123732427628,2,100,NA,NA,1.708796202348987e-9,0.035776289000028945,0.09679128858558833,0,0,NA,NA,0,0,0,0,100,2022-06-08,2022-06-17,2022-06-12,2022-06-12
CZ0714080,Špraněk,8210,2.5416070831790885,1.4957199035159756,1.9931324051948227,1.921460101204633,2.07167230399019,1.4957199035159756,100,NA,NA,1.418059108087205e-8,0.9394365015807272,2.5416070831790885,0,0,NA,NA,0,0,0,0,100,2022-05-22,2022-06-27,2022-06-09,2022-06-12
CZ0714080,Špraněk,8310,0.027371210026524023,1,3,2,1,1,100,NA,NA,1.5200243855750185e-8,0.010117029481671935,0.027371210026524023,0,0,NA,NA,0,0,0,0,100,2022-06-08,2022-06-08,2022-06-08,2022-06-08
CZ0714080,Špraněk,9130,102.95128287705484,2.543725210630302,1.9307522627251767,1.4333746702048689,2.26890741134231,2.2278501416564525,65.99139089066364,0.6151390768845082,0,7.867128481930578e-10,38.053164731620846,67.93898351035013,23.21308000949378,22.547635503692565,0.308218241934283,0.29938261410725636,23.521298251428064,22.847018117799824,0,0,99.70061738589274,2022-05-22,2022-06-27,2022-06-08,2022-06-08
CZ0714080,Špraněk,9150,65.97679870661204,1.9655171586474718,1.4863477554611313,1.3278996011041202,2.074755236144937,1.8646648715661187,86.38873646051654,0.9363403245954455,0,5.711920827708819e-8,24.386543999125344,56.996522759740564,2.7467708809720004,4.163237584755269,7.70897776819766e-5,1.1684376810215079e-4,2.7468479707496822,4.163354428523371,0,0,99.9998831562319,2022-05-22,2022-06-27,2022-06-14,2022-06-17
CZ0714080,Špraněk,9180,6.185993997485645,1.8292066731822043,1.558509465272133,2,1.5585094652721327,1.8292066731822043,100,1.3368875904223576,0,3.5059831381203996e-10,2.286485821611872,6.185993997485645,0,0,0,0,0,0,0,0,100,2022-05-22,2022-06-27,2022-06-12,2022-06-08
CZ0614059,Štíří důl - Řeka,6230,1.018556740360451,2,1.579271090631915,1.3313124782581265,2.2479586123737887,2,100,NA,NA,9.811597475687028e-11,1.099963583250198,1.018556740360451,0,0,NA,NA,0,0,0,0,100,2020-09-24,2021-07-30,2021-02-25,2021-02-25
CZ0614059,Štíří důl - Řeka,6410,3.8625609660780826,1.9801733596326216,2.0519802975214345,1.2671932681380356,2.7847870293833985,1.9801733596326216,94.80197024785656,NA,NA,4.963953144422803e-10,4.171271204062775,3.6617838978666652,0,0,NA,NA,0,0,0,0,100,2020-09-24,2021-07-30,2021-05-26,2021-06-21
CZ0614059,Štíří důl - Řeka,7140,3.0678672076036078,1.6177606208342512,1.7052785596030653,1.8243227804769304,1.8809557791261349,1.617760620834251,100,NA,NA,5.70335791535742e-10,3.313062564798547,3.0678672076036078,0,0,NA,NA,0,0,0,0,100,2020-08-20,2021-07-30,2021-05-06,2021-06-21
CZ0614059,Štíří důl - Řeka,7230,0.17899560961727054,1,2,2,2,1,99.99999999999999,NA,NA,3.5782673269300376e-9,0.1933016044555267,0.17899560961727054,0,0,NA,NA,0,0,0,0,100,2021-06-21,2021-06-21,2021-06-21,2021-06-21
CZ0410047,Štítarský rybník,3140,0,NA,NA,NA,NA,NA,NA,NA,NA,NA,NA,NA,0,NA,NA,NA,0,NA,NA,NA,NA,NA,NA,NA,NA
CZ0410047,Štítarský rybník,3150,0,NA,NA,NA,NA,NA,NA,NA,NA,NA,NA,NA,0,NA,NA,NA,0,NA,NA,NA,NA,NA,NA,NA,NA
CZ0410047,Štítarský rybník,6430,0,NA,NA,NA,NA,NA,NA,NA,NA,NA,NA,NA,0,NA,NA,NA,0,NA,NA,NA,NA,NA,NA,NA,NA
CZ0410047,Štítarský rybník,7140,0.9616001884607249,2.9836427203934983,1.4918213601967492,1.5081786398032508,1.9836427203934979,2.491821360196749,50.8178639803251,NA,NA,1.7876751746861408e-10,22.761315489798715,0.48866467580652095,0,0,NA,NA,0,0,0,100,0,2012-09-09,2012-09-09,2012-09-09,2012-09-09
CZ0810036,Štramberk,6110,1.2054150716934473,1.7867287206986435,2.2471492180014523,2,2.2471492180014523,2,100,NA,NA,2.1280930617455266e-8,0.9318482463346804,1.2054150716934473,0,0,NA,NA,0,0,0,100,0,2008-06-11,2008-06-19,2008-06-13,2008-06-12
CZ0810036,Štramberk,6190,0.2467908252641688,2.4791532178029416,2.4791532178029416,2,2.4791532178029416,2.4791532178029416,52.08467821970583,NA,NA,7.679346923343575e-10,0.19078208256582097,0.12854020721459877,0,0,NA,NA,0,0,0,100,0,2008-06-11,2008-06-14,2008-06-12,2008-06-12
CZ0810036,Štramberk,6210,4.6987246542161225,2.095523349189225,2.9452871931538867,1.7543607872531468,2.993048867748499,2.3916873423720117,60.83126576279884,NA,NA,3.4513518935808886e-10,3.6323573778529386,2.8582936818683606,0.22441895794435404,4.77616745946126,NA,NA,0.22441895794435404,4.77616745946126,0,100,0,2008-06-10,2008-06-19,2008-06-12,2008-06-13
CZ0810036,Štramberk,6510,17.85885141610897,1.6455296997836122,2.201861686205501,1.7136350567491163,2.4803920879340033,2.004645791103527,99.53542088964728,NA,NA,1.0226767483195483e-10,13.80581657260461,17.775882923080797,0.08296849302817136,0.4645791103527097,NA,NA,0.08296849302817136,0.4645791103527097,0,100,0,2008-06-10,2008-06-24,2008-06-13,2008-06-13
CZ0810036,Štramberk,7220,0.01210768051482737,3,3,0,3,3,0,NA,NA,3.8296910038802654e-10,0.009359863767981622,0,0,0,NA,NA,0,0,0,100,0,2008-06-30,2008-06-30,2008-06-30,2008-06-30
CZ0810036,Štramberk,8210,1.5163258445731633,1.4346931613055482,2.1239967896470264,2,2.1239967896470264,2.1239967896470264,87.60032103529734,NA,NA,8.4601577047678e-9,1.1721983674489813,1.328306307787275,0,0,NA,NA,0,0,0,100,0,2008-06-11,2008-06-19,2008-06-13,2008-06-13
CZ0810036,Štramberk,9180,41.22536586639961,1.3541467678254544,2.0263235484701423,1.948844006651229,2.0635294438792404,2.013950097939673,98.60499020603268,1.1438325591742575,0,2.3364949537485666e-9,31.869341763863158,40.650267974964486,0,0,0.575097891435129,1.3950097939673052,0.575097891435129,1.3950097939673052,0,98.6049902060327,0,2008-06-10,2008-06-29,2008-06-13,2008-06-12
CZ0810036,Štramberk,6210p,2.7799817628588896,1.8154306649743113,2,2,2,2.0895349323545718,91.04650676454281,NA,NA,2.9810196167375456e-9,2.1490698029211743,2.5310762837743757,0,0,NA,NA,0,0,0,100,0,2008-06-11,2008-06-13,2008-06-12,2008-06-12
CZ0314024,Šumava,3130,37.67267231943777,1.5583339459314836,1.3862021499709847,1.81454333617513,1.5060553650797996,1.4434108563151493,88.2953519325172,NA,NA,3.8337252272866776e-8,0.0219122432154833,33.26321860683158,0.3000684320069488,0.7965148568771004,NA,NA,0.3000684320069488,0.7965148568771004,0,20.058116060949143,79.94188393905085,2008-07-18,2015-09-01,2012-08-19,2013-07-01
CZ0314024,Šumava,3150,57.222990004076365,2.1953395184844453,1.3621716369744417,1.934107317509133,1.395438896540297,1.7882031823265059,88.6738460557077,NA,NA,8.685499105994047e-9,0.03328365091423394,50.74182606468768,1.8669242499167125,3.262542292501177,NA,NA,1.8669242499167125,3.262542292501177,0,80.52083149476849,19.479168505231534,2008-05-29,2025-05-13,2014-10-05,2015-09-05
CZ0314024,Šumava,3160,8.0608792269695,1.2221400255379504,2.5481580661205703,1.5542280569685454,2.9939300091520247,1.2221400255379506,100,NA,NA,2.743661730503587e-7,0.004688596143493033,8.0608792269695,0,0,NA,NA,0,0,0,50.44506277120019,49.554937228799815,2009-06-30,2022-07-17,2015-01-28,2015-09-06
CZ0314024,Šumava,3260,137.5504734961341,1.0964266977991075,1.411955825311428,1.9832774866780833,1.4203170819723865,1.1271326566807582,98.56252477429597,NA,NA,2.99393503456573e-8,0.08000598959625811,135.57321951678855,1.1500948127375217,0.8361256660958317,NA,NA,1.1500948127375217,0.8361256660958317,0,19.46673495820222,80.53326504179779,2008-07-06,2025-06-28,2014-10-08,2015-07-21
CZ0314024,Šumava,4030,101.6240868588518,2.1958611798463052,2.1588356790717365,1.5285954036279794,2.464865894357728,1.879903095182666,86.21926158044072,NA,NA,7.2744834480384e-8,0.05910947035879916,87.80616276750709,5.526161620167675,5.437846273436234,NA,NA,5.526161620167675,5.437846273436234,0,32.651898979907116,67.34810102009288,2007-08-18,2025-05-21,2015-12-17,2015-06-17
CZ0314024,Šumava,5130,25.64379585130767,2.2832896461345578,1.7973097078179114,1.6332834818113957,2.0737889008881636,1.9826196578012407,83.96095553626895,NA,NA,5.974395930542018e-8,0.014915668495651895,21.530776032528014,0.43099312356938607,1.6806916030233807,NA,NA,0.43099312356938607,1.6806916030233807,0,9.931868096492902,90.0681319035071,2008-05-29,2023-10-13,2018-05-04,2019-03-01
CZ0314024,Šumava,6230,2882.0369842887626,2.8892915019589642,2.0781423384492768,1.0959844622571848,2.648685475421368,2.3197351875115384,61.08811636816365,NA,NA,2.7762210664746435e-7,1.6763317138818747,1791.3391104365726,633.2565278395666,21.972533013688704,NA,NA,633.2565278395666,21.972533013688704,0,27.487356999569247,72.51264300043076,2007-05-08,2025-05-21,2016-10-02,2015-08-23
CZ0314024,Šumava,6410,168.14804800834503,2.860269092483868,2.3416161134728632,1.1947707348945158,2.763394814190695,2.38730814972071,54.988579813118484,NA,NA,2.1609472030860557e-8,0.09780301468729484,92.46222358326959,35.611391041825094,21.17859318834182,NA,NA,35.611391041825094,21.17859318834182,0,34.72554475432923,65.27445524567077,2008-07-19,2018-07-30,2014-03-07,2015-08-25
CZ0314024,Šumava,6430,393.2717902544904,2.614568775111596,2.037441907451449,1.3633223920292028,2.490579082736997,2.2077489253058262,68.06372142134664,NA,NA,4.234399966389604e-8,0.22874584114381014,270.01129280561923,58.077881913005726,14.767873860320089,NA,NA,58.077881913005726,14.767873860320089,0,52.96242120958336,47.03757879041663,2007-05-20,2025-05-15,2014-12-04,2013-08-31
CZ0314024,Šumava,6510,4344.86685720535,3.081245199318904,2.339253559574381,1.0497036801453619,2.9195917036040346,2.3711407025895888,57.89988851818887,NA,NA,2.488062757160368e-8,2.5271841218668563,2637.689025992644,1490.9723582447882,34.315720302734256,NA,NA,1490.9723582447882,34.315720302734256,0,28.456162351594145,71.54383764840586,2003-08-05,2025-05-21,2016-11-15,2016-06-07
CZ0314024,Šumava,6520,246.46854964271077,2.960384456121879,2.0873927075583842,0.6822524232798778,2.8715118415483216,2.2449492788842904,65.93389966675251,NA,NA,1.6211807980774696e-8,0.14335799592193882,175.43672654673344,55.77870226101495,22.631164236521723,NA,NA,55.77870226101495,22.631164236521723,0,67.98945860480062,32.01054139519939,2007-05-08,2024-06-18,2011-06-10,2010-10-12
CZ0314024,Šumava,7110,407.2692619600901,1.1485626407144052,1.8231899005554657,1.4341969403204724,2.38701966762812,1.12469578860312,99.32566829043544,NA,NA,5.395795955408767e-7,0.2368874458012714,404.5229161833837,0,0,NA,NA,0,0,0,18.516805134210745,81.48319486578926,2008-07-24,2023-08-12,2013-06-03,2012-08-11
CZ0314024,Šumava,7120,251.56161031058267,2.3211970589609474,2.989613418035714,1.6251928926069328,1.4859325773401881,2.0375715290863727,78.0745595883199,NA,NA,2.609665846273329e-7,0.14632036565030127,196.40561934327297,23.9135611670156,9.506045512068185,NA,NA,23.9135611670156,9.506045512068185,0,21.200842240061014,78.79915775993898,2008-07-03,2023-07-24,2016-01-10,2015-09-06
CZ0314024,Šumava,7140,1896.3796574335445,2.1005094074547364,1.6654504799993866,1.4014190560552673,2.1907195261379737,1.9059869526405626,84.29110309677318,NA,NA,3.525488946503279e-7,1.1030258732438887,1598.7916149633038,40.87983778239678,2.155677932008683,NA,NA,40.87983778239678,2.155677932008683,0,35.23046497098763,64.76953502901236,2007-05-08,2025-05-19,2015-06-08,2015-06-26
CZ0314024,Šumava,8220,124.6894893698982,1.2780643020973952,2.5984595298645905,1.9685913431969717,2.608480228001188,1.4755805796469827,98.46701561114236,NA,NA,1.827854076809502e-8,0.0725254209290031,122.77801896331135,1.0511912937851138,0.8430472360558774,NA,NA,1.0511912937851138,0.8430472360558774,0,37.328308796167256,62.67169120383274,2007-08-18,2025-05-20,2014-03-19,2013-07-12
CZ0314024,Šumava,9110,22071.985924999324,2.731500091417028,2.2869568751239346,1.3314045404365158,2.6598808981576108,2.199193997581841,64.89265544872532,0.8061706829321433,0.01975076562112037,1.6092474460533357e-7,12.838131570182362,14940.0351677651,5496.719193228115,24.903600482104256,844.295878530573,3.825192175273638,6341.015071758688,28.728792657377895,0,33.057529462261016,63.11727836246535,2007-05-08,2025-05-21,2016-05-31,2015-08-25
CZ0314024,Šumava,9130,2770.003500869204,2.1508005466757876,1.8859069862802555,1.2477156233712494,2.4281230835209113,1.9002094382143278,77.94884085696245,1.0506210732428847,0.04620786223973069,2.116726749559756e-8,1.6111676364267018,2163.0319818073112,463.2928298088266,16.725351778921908,55.4734490670321,2.0026490598161697,518.7662788758587,18.72800083873808,0,53.744790951804006,44.252559988379815,2007-05-08,2025-05-20,2014-02-08,2010-10-07
CZ0314024,Šumava,9180,105.62655829399493,3.0556101550905486,2.6021991089389753,0.5828145746577231,3.3791073418900535,2.4697022394154287,39.63745465878439,0.6187759711590527,0.04864383008847016,5.9865064930059695e-9,0.061437500789086136,41.8676791514167,1.2531886525864073,1.1864332918037088,59.9230622449558,56.731056291893346,61.17625089754221,57.917489583697055,0,19.933556986828425,23.335386721278237,2009-07-03,2023-07-31,2014-11-12,2012-07-09
CZ0314024,Šumava,9410,24814.146228262904,2.510970809371046,2.119973490210373,1.4022628992418398,2.4709295258636885,2.1388527662199044,72.14412857021657,0.6843348721921668,0.3763333762355921,3.2223435126442024e-7,14.43310425997353,18411.118283746295,4805.180563387288,19.36468222273256,706.708287335007,2.8480056530418842,5511.8888507222955,22.212687875774446,0,31.85619249721572,65.29580184974239,2007-05-08,2025-05-19,2014-09-14,2013-06-26
CZ0314024,Šumava,91D0,2830.2397955633605,1.7225727346782884,1.5741488888722532,1.666006051670477,1.8156422159374768,1.5601250555878026,87.79691376634257,0.8121656323498955,0.18077840475890733,1.9798164231610312e-7,1.6462039706836924,2496.1767903752225,131.2318245339233,4.636774054963125,43.5205835513062,1.5376995129362672,174.7524080852295,6.174473567899392,0,32.80562658211822,65.65667390494549,2007-08-18,2025-05-19,2014-07-17,2013-06-20
CZ0314024,Šumava,91E0,2752.9118543850036,2.6660181492467983,1.769254270631497,1.201331255980211,2.2935642262442375,2.15333865147719,74.66975219122266,1.0700841904446978,0.0033195606729983446,3.09076030257168e-8,1.6012263104825473,2091.9558538035926,465.4001822282973,16.905742241146584,50.3623052535724,1.829419462644701,515.7624874818697,18.735161703791285,0,37.61204204846305,60.55853848889225,2006-08-08,2025-06-23,2015-08-03,2015-07-06
CZ0610056,Švařec,6210,1.8840966882591041,2.483203991499068,2.1832020684134803,0.8167979315865197,3,2.2416019957495337,75.8398004250466,NA,NA,1.3839246074735923e-10,13.527931061656325,1.4288951681906172,0,0,NA,NA,0,0,0,0,100,2015-07-11,2015-07-11,2015-07-11,2015-07-11
CZ0610056,Švařec,6510,4.362480538114081,2.932633958496446,2.4217461056138365,1.0227951678691674,2.466316979248223,2,53.368302075177695,NA,NA,2.4981491291772327e-11,31.322880797563823,2.32818179155156,0,0,NA,NA,0,0,0,0,100,2003-05-02,2015-07-11,2012-01-15,2015-07-11
CZ0610056,Švařec,6210p,2.320361407432519,2,2,2,2,2,100,NA,NA,2.488161241159978e-9,16.6603387997454,2.320361407432519,0,0,NA,NA,0,0,0,0,100,2015-07-11,2015-07-11,2015-07-11,2015-07-11
CZ0320022,Švihovské hvozdy,9130,482.2589444389691,1.4586437794549685,2.0601834901925695,1.6254168512635507,2.373256774565907,1.4880119943713774,93.91356180320713,0.005834120795585721,0,3.685231472047224e-9,66.59567280031818,452.9065518371856,10.775462494420674,2.234372761495631,6.40432447081478,1.3279845909888066,17.179786965235454,3.5623573524844376,0,0,98.67201540901118,2014-06-06,2014-06-27,2014-06-20,2014-06-24
CZ0320022,Švihovské hvozdy,9170,42.067503548981684,1.50778012376787,2.3611621835155447,1.869940368752359,2.4872505723348386,1.6167235820233024,99.6028757571653,0,0,2.5417463873852475e-10,5.809148247386723,41.90044329403333,0,0,0.167060254948354,0.3971242428346998,0.167060254948354,0.3971242428346998,0,0,99.60287575716531,2014-06-06,2014-06-25,2014-06-16,2014-06-25
CZ0320022,Švihovské hvozdy,9180,47.9298107273288,1.9441189955784126,2.4319817300649476,1.5655688542909814,2.8340624795698535,1.9588007439274655,95.95285734601647,0.08818413981875899,0,2.7164770656359983e-9,6.618680751046833,45.990022913409504,0,0,1.55054836701721,3.2350396204112535,1.55054836701721,3.2350396204112535,0,0,96.76496037958876,2014-06-06,2014-06-27,2014-06-20,2014-06-24
CZ0324029,Těchonická draha,6210,1.8912616400443447,1.2277536756206753,2,1.2277536756206753,2.7722463243793247,1.2277536756206753,100,NA,NA,1.3891874759605162e-10,20.76698094360421,1.8912616400443447,0,0,NA,NA,0,0,0,100,0,2009-05-11,2009-05-11,2009-05-11,2009-05-11
CZ0324029,Těchonická draha,7140,0.4513230062689666,1,1.0109152001182093,1.0054576000591045,2.0054576000591045,1.0054576000591047,100,NA,NA,8.390378285628863e-11,4.955748095423767,0.4513230062689666,0,0,NA,NA,0,0,0,100,0,2009-05-11,2009-09-15,2009-06-22,2009-05-11
CZ0314636,Tejmlov - Nad Zavírkou,6230,1.9071129242131952,1.971210802785794,1.485605401392897,1.485605401392897,2,1.485605401392897,100,NA,NA,1.837091996115845e-10,8.478665674460384,1.9071129242131952,0,0,NA,NA,0,0,0,0,100,2021-06-02,2021-06-02,2021-06-02,2021-06-02
CZ0314636,Tejmlov - Nad Zavírkou,6510,11.574600183689174,2.528703550992632,2.0955605095602783,1.338758342772804,2.595355824637779,1.9655920905209356,90.44394904397217,NA,NA,6.628127533597631e-11,51.45849730609741,10.468525492179348,1.106074691509828,9.556050956027828,NA,NA,1.106074691509828,9.556050956027828,0,0,100,2021-06-02,2021-06-02,2021-06-02,2021-06-02
CZ0210062,Teslíny,6230,0.3551231956608483,2,2,1.5369542377184318,2.4630457622815682,2,100,NA,NA,3.420846097263902e-11,0.8543003822765391,0.3551231956608483,0,0,NA,NA,0,0,0,0,100,2014-05-09,2014-05-20,2014-05-14,2014-05-14
CZ0210062,Teslíny,6410,4.393800013876164,1.342038342724642,2.3250101222895676,1.0170282204350747,2.9829717795649255,1.342038342724642,100,NA,NA,5.646672657439326e-10,10.569923557136148,4.393800013876164,0,0,NA,NA,0,0,0,0,100,2014-05-09,2014-05-20,2014-05-15,2014-05-20
CZ0210062,Teslíny,6430,0.5371554450550303,2.338672664042651,2.1693363320213255,1.6613273359573488,2.338672664042651,2.1693363320213255,83.06636679786743,NA,NA,5.783610863660319e-11,1.2922053745278035,0.4461955122641288,0.09095993279090152,16.933633202132555,NA,NA,0.09095993279090152,16.933633202132555,0,0,100,2014-05-20,2014-06-04,2014-05-25,2014-05-20
CZ0210062,Teslíny,6510,22.69312967849199,1.5484322166879796,2.0287832258993252,1.1975167815465029,2.827942285216711,1.6063107301756345,98.88872912761863,NA,NA,1.2995088837493923e-10,54.59161664534473,22.440947538343174,0.07543557434772374,0.3324159136111569,NA,NA,0.07543557434772374,0.3324159136111569,0,31.039933821583517,68.96006617841648,2011-05-20,2017-10-13,2014-03-20,2014-05-10
CZ0410001,Tisovec,4030,8.897737932413014,1.5549811522149244,1.210692658288485,1.996183245194168,1.2126010356914012,1.5530727748120081,99.80916225970839,NA,NA,6.369203337022062e-9,34.06047185897314,8.880757690405726,0.01698024200728629,0.19083774029160858,NA,NA,0.01698024200728629,0.19083774029160858,0,0,100,2015-05-05,2015-05-06,2015-05-05,2015-05-06
CZ0210054,Tok,4030,99.45699359856258,1.8635465190825964,2.3292771546139766,1.7529328951565553,2.523790369333046,1.7574084985969913,97.28613615421578,NA,NA,7.119357979858546e-8,63.50990610393913,96.75786620718726,0.7512412551997322,0.7553428150381872,NA,NA,0.7512412551997322,0.7553428150381872,0,0,100,2023-08-14,2023-10-20,2023-08-24,2023-08-22
CZ0210054,Tok,7110,7.0052541715907894,2.0028663679305545,2.1102485078915985,1.3073489159434322,2.637068868048945,1.9334904268709598,85.45342129969629,NA,NA,9.281064312038368e-9,4.473320764829443,5.986229360364026,0,0,NA,NA,0,0,0,0,100,2023-08-14,2023-10-20,2023-08-23,2023-08-15
CZ0210054,Tok,7140,30.070924083664927,1.6255816512419088,1.5166123647543304,0.8922587836940985,2.3102427924780176,1.5247071008380715,90.90078434402926,NA,NA,5.590373744652712e-9,19.202285288461034,27.33470585154901,0.0029001710394455584,0.009644436038535258,NA,NA,0.0029001710394455584,0.009644436038535258,0,0,100,2023-08-14,2023-10-20,2023-08-23,2023-08-19
CZ0210054,Tok,8220,0.38553705098328184,1,2.491307255758765,2,2.491307255758765,1,100,NA,NA,5.6516830244637304e-11,0.24619105224885565,0.38553705098328184,0,0,NA,NA,0,0,0,0,100,2023-08-22,2023-08-22,2023-08-22,2023-08-22
CZ0623046,Trávní dvůr,91E0,26.986674430419782,2.132706343235431,1.8863450722218429,1.5999201093440414,2.233532695082377,2.0509274828449917,85.54855340714673,0.9803425082454936,0,3.0298587982433305e-10,7.948416788420881,23.086709587920478,1.4256543507534871,5.282808574392065,0.00173206012821465,0.006418205150399138,1.4273864108817018,5.289226779542464,0,99.99358179484962,0,2012-04-25,2012-06-16,2012-05-22,2012-06-14
CZ0520600,Trčkov,9110,132.543403481582,3.4543236006670615,2.6429501029684475,0.7133127733648021,3.2862653527317933,2.595273508386854,35.6684750236654,0.3896084015739021,0,9.663613155097605e-10,32.55163460584046,47.27621076634414,80.26771823919587,60.559572284070505,4.99947447604199,3.771952692264092,85.26719271523787,64.33152497633459,0,0,96.22804730773592,2022-08-23,2022-10-05,2022-09-13,2022-08-23
CZ0520600,Trčkov,9130,16.42006411691923,1.9587328004324185,1.134951962304486,1.222196362846269,1.8868298626343027,1.5671649811637394,97.40742631760857,0.9636373041382951,0,1.2547561378483037e-10,4.0326407297417894,15.994361855992185,0.09574645717495586,0.583106475670206,0.329955803752091,2.009467206721225,0.4257022609270469,2.5925736823914307,0,0,97.99053279327877,2022-08-23,2022-10-05,2022-08-28,2022-08-23
CZ0520600,Trčkov,9410,54.74987700720414,2.728415122499858,2.053623093796785,1.388425148297084,2.582274854551855,2.29175356030424,70.82464396957602,0.9697871623557472,0,7.10977155406981e-10,13.44614627540379,38.7764054641331,3.1086672371516206,5.6779437819423295,0.336666569748439,0.6149174905071284,3.4453338069000594,6.292861272449457,0,0,99.38508250949288,2022-07-25,2022-10-05,2022-08-30,2022-08-23
CZ0622037,Trkmanec - Rybníčky,3130,1.982756132158448,1,1.955799816920625,1,2.955799816920625,1,100,NA,NA,2.017733740510671e-9,4.47252799855268,1.982756132158448,0,0,NA,NA,0,0,0,100,0,2011-06-17,2011-08-25,2011-08-02,2011-08-25
CZ0613334,Trnava,3260,14.995425940488605,1,2,2,2,1,100,NA,NA,3.2639168692302894e-9,6.664415327337387,14.995425940488605,0,0,NA,NA,0,0,0,79.19720419290294,20.802795807097056,2012-08-08,2018-09-08,2013-01-28,2012-08-09
CZ0720153,Troják,9130,22.38787992410436,2.7207458871536927,2.6502199955419954,0.8848302114154238,3.290235783556679,2.2455918865838,52.484599943010736,0.6292394911294965,0,1.7107929389408085e-10,3.448074283118205,11.750189213887788,10.163739923533049,45.3984028768622,0.473950786683522,2.116997180127062,10.637690710216571,47.51540005698926,0,0,97.88300281987293,2022-09-20,2023-09-26,2023-08-02,2023-09-06
CZ0720153,Troják,9170,600.0884350925634,1.7143236992884847,1.9318728454147212,1.5024585575878557,2.275684928125878,1.5196019942407237,85.97952094564162,1.0066482697921937,0,3.6257740139778543e-9,92.42275318850199,515.95316174278355,65.99785546994003,10.9980215598989,8.44655934989498,1.4075524299334483,74.44441481983502,12.405573989832348,0,0,98.59244757006654,2022-09-08,2023-10-02,2023-04-07,2023-08-22
CZ0210056,Trokavecké louky,6410,1.1901989094361196,1,2,2,2,1,100,NA,NA,1.529578865128671e-10,10.771080508819281,1.1901989094361196,0,0,NA,NA,0,0,0,100.00000000000001,0,2011-09-26,2011-09-26,2011-09-26,2011-09-26
CZ0210056,Trokavecké louky,6430,1.860486146257515,1.2210900131289613,1.221090013128961,1.867618939328241,1.35347107380072,1.221090013128961,100,NA,NA,2.0032055871800977e-10,16.837056317230793,1.860486146257515,0,0,NA,NA,0,0,0,100,0,2012-06-27,2012-06-27,2012-06-27,2012-06-27
CZ0210056,Trokavecké louky,6510,2.6859905743727928,3.297188739851915,2.297188739851915,0,3.297188739851915,2,70.28112601480846,NA,NA,1.5381168937543068e-11,24.30771906538357,2.6859905743727928,0.7982461540519725,29.71887398519153,NA,NA,0.7982461540519725,29.71887398519153,0,100,0,2011-09-26,2012-06-27,2012-02-10,2012-02-10
CZ0314023,Třeboňsko - střed,2330,0.7585584114732221,1.5,2,2,2,1,100,NA,NA,1.0452903219060419e-9,0.01883367863434375,0.7585584114732221,0,0,NA,NA,0,0,0,0,100,2015-08-31,2015-08-31,2015-08-31,2015-08-31
CZ0314023,Třeboňsko - střed,3150,63.92882783484543,1.7066734802977535,2.024795384975566,1.8170598938566855,2.1920317054495935,1.6158158115536776,94.34282552925747,NA,NA,9.703333869258544e-9,1.5872409832927827,60.312262507127606,1.003924610407159,1.570378566928696,NA,NA,1.003924610407159,1.570378566928696,0,0,100,2013-07-07,2024-05-16,2016-07-22,2013-08-24
CZ0314023,Třeboňsko - střed,3160,0.04393545001174789,1,1,2,1,1,100,NA,NA,1.4954201572252653e-9,0.0010908403804652089,0.04393545001174789,0,0,NA,NA,0,0,0,0,100,2013-07-16,2013-07-16,2013-07-16,2013-07-16
CZ0314023,Třeboňsko - střed,3260,44.72443969222058,1.3914114151156354,1.564535038618172,2,1.564535038618172,1.1531624710063908,98.81332837454968,NA,NA,9.73475870292985e-9,1.1104296142843646,44.19370745675136,0,0,NA,NA,0,0,0,0,100,2013-07-09,2024-06-14,2015-05-03,2014-08-23
CZ0314023,Třeboňsko - střed,7140,7.379623584044174,1.9722943440668779,1.8603507187123962,1.881055503326566,1.9792952153858305,2.050221510769949,92.20728332969288,NA,NA,1.3719183958191325e-9,0.18322314659247355,6.8045504268044485,0,0,NA,NA,0,0,0,17.184497488557753,82.81550251144226,2011-09-09,2013-08-23,2013-04-16,2013-08-17
CZ0314023,Třeboňsko - střed,7150,0.11064907423010098,4,3,0,4,3,0,NA,NA,5.496616846615332e-9,0.0027472229873373877,0,0.11064907423010098,100,NA,NA,0.11064907423010098,100,0,0,100,2013-07-09,2013-07-09,2013-07-09,2013-07-09
CZ0314023,Třeboňsko - střed,9190,134.3270649482099,3.233834906976511,2.5432555026564216,0.6754449970343402,3.2747577201553897,2.574022371838129,40.57884589891549,0.39251156316923563,0,1.4348375170500927e-8,3.3351060839413202,54.508372685870214,73.04911327478692,54.381530113049934,1.27137026215879,0.9464736407729667,74.32048353694572,55.328003753822905,0,12.45976773125154,86.59375862797552,2011-09-07,2024-04-09,2013-10-10,2013-08-17
CZ0314023,Třeboňsko - střed,91E0,105.8874083060316,3.2565272734781177,2.5926147698541966,1.1786399694466074,3.052745088488958,2.5049362344727895,46.66318180290732,0.6232190299212595,0,1.1888233820969668e-9,2.6289991506207686,50.12151395035243,37.110840394954124,35.047453695058664,0,0,37.110840394954124,35.047453695058664,0,11.095669510290206,88.90433048970979,2011-09-08,2024-05-16,2017-07-29,2014-08-23
CZ0314023,Třeboňsko - střed,91F0,178.5673409345512,2.2011676025379394,2.1781633218697403,1.6727978916803299,2.3755584435706147,1.8385383035181435,82.12572701332108,1.5234005052968345,0,7.324041099428637e-9,4.433514760213496,146.64972695085586,18.07534028096907,10.12242226734735,0.128241766745048,0.07181703332416838,18.203582047714118,10.19423930067152,0,1.4897406399365059,98.43844232673933,2011-09-07,2017-08-20,2014-04-06,2013-08-18
CZ0210047,Třemšín a Hřebence,8220,3.6052454997462666,1.2678285594714698,2.9770128642708786,2.0000000000000004,2.9770128642708786,1.2678285594714702,100.00000000000001,NA,NA,5.28501858329144e-10,2.146255919079883,3.6052454997462666,0,0,NA,NA,0,0,0,0,100,2015-07-28,2015-08-14,2015-08-11,2015-08-14
CZ0210047,Třemšín a Hřebence,9110,63.824335109124114,2.6466429374438647,2.1326995037451257,1.7858272444629684,2.303956916316462,2.1377231638148935,77.58699601660061,1.443667807047772,0,4.6533714102308795e-10,37.995569793773086,49.51938433873795,2.7348332548923167,4.284938104277022,0.00420997587321021,0.006596192292504377,2.739043230765527,4.291534296569526,0,0,99.9934038077075,2015-07-23,2015-08-14,2015-07-31,2015-07-28
CZ0210047,Třemšín a Hřebence,9180,5.508774859332375,1.570094435365172,2,1.080170932293531,2.919829067706469,1.570094435365172,100,2,0,3.122161414377561e-10,3.2794550744332573,5.508774859332375,0,0,0,0,0,0,0,0,100,2015-07-28,2015-08-14,2015-08-02,2015-07-28
CZ0420460,Třtěnské stráně,6210,4.531711270427131,1.318084089318177,1.3180840893181769,2,1.318084089318177,1.3180840893181769,100,NA,NA,3.328675635486839e-10,36.07012199755077,4.531711270427131,0,0,NA,NA,0,0,0,0,99.99999999999999,2013-07-16,2013-07-16,2013-07-16,2013-07-16
CZ0624098,Turold,8310,0.005779433287930442,1,3,2,1,1,100,NA,NA,3.2095327623241017e-9,0.03432332284614561,0.005779433287930442,0,0,NA,NA,0,0,0,0,100,2022-06-01,2022-06-01,2022-06-01,2022-06-01
CZ0624106,Tvořihrázský les,9170,363.681415735677,3.163081568196399,2.4658006165171273,0.8015185598804898,3.2037262195399103,2.5081490245210607,45.24875601416355,0.2777139128863884,0,2.1973871673392553e-9,24.770100200850145,164.56131647509227,121.46575376947455,33.39894438206753,31.9422630482858,8.783034179426254,153.40801681776034,42.181978561493786,0,0,91.21696582057375,2015-04-10,2024-05-13,2018-01-22,2015-04-14
CZ0624106,Tvořihrázský les,91G0,190.4755497567974,2.848786942287582,2.0805791979565558,1.1607739015731289,2.6180102414055764,2.240822121559005,66.80488318336221,0.3594972162826111,0,1.8357103046272963e-8,12.973163458858163,127.24696850789546,34.79441532203646,18.267129490615773,17.8376823260025,9.36481472229794,52.63209764803896,27.631944212913712,0,0,90.63518527770206,2015-04-11,2024-05-13,2021-03-01,2024-05-04
CZ0523290,Týnišťské Poorličí,3150,1.1329124034845517,1.548304501552023,1.5472062761729783,1.9978035492419108,1.548304501552023,1.5461080507939335,99.89017746209554,NA,NA,1.7195727917981356e-10,0.17537600595032737,1.1329124034845517,0.0012441931537412166,0.10982253790446583,NA,NA,0.0012441931537412166,0.10982253790446583,0,99.99999999999999,0,2012-05-23,2012-07-09,2012-06-07,2012-05-23
CZ0214011,Týřov - Oupořský potok,6190,1.2075882311739958,1.7745815994680325,2.1102945410424065,1.3357129415743738,2.664287058425626,1.6642870584256262,100.00000000000001,NA,NA,3.757631167125216e-9,0.09003652408992059,1.2075882311739958,0,0,NA,NA,0,0,0,0,100,2007-07-19,2007-08-21,2007-07-30,2007-07-21
CZ0214011,Týřov - Oupořský potok,6510,13.12860471550331,3.3838136115900816,2.38764652808982,1.1837183911557723,2.8162816088442275,2.38764652808982,61.23534719101797,NA,NA,7.518019198207147e-11,0.9788551297699275,8.039346678874809,5.089258036628501,38.76465280898203,NA,NA,5.089258036628501,38.76465280898203,0,0,100,2007-05-29,2025-07-29,2022-01-19,2024-06-28
CZ0214011,Týřov - Oupořský potok,8150,5.706004452788025,1.0391101254061472,1.3074949141779124,2,1.3074949141779122,1.0303515659471227,100,NA,NA,6.741795917841137e-8,0.42543376467919514,5.706004452788025,0,0,NA,NA,0,0,0,0,100,2007-07-19,2024-09-26,2009-01-11,2007-08-21
CZ0214011,Týřov - Oupořský potok,8220,13.346299519599162,1.0667949315509744,1.6761740614926808,1.9999999999999998,1.6761740614926808,1.1258159945827115,99.99999999999999,NA,NA,1.956467069557937e-9,0.9950862282248797,13.346299519599162,0,0,NA,NA,0,0,0,0,100,2007-06-09,2024-10-29,2010-10-29,2007-08-21
CZ0214011,Týřov - Oupořský potok,9110,76.35551287074107,2.5034710910340863,2.6575938136063595,0.950390568694419,3.075750034236803,2.0704282408658274,62.3505733378915,0.7130166479887623,0,5.56700763116024e-10,5.692987722562662,47.60810004999459,27.950787249911322,36.606115523351924,4.77553887685644e-7,6.254347194210773e-7,27.950787727465208,36.60611614878665,0,0,99.99999937456526,2007-06-02,2025-07-29,2021-02-23,2024-09-30
CZ0214011,Týřov - Oupořský potok,9130,365.4237051884655,3.027792601209944,2.5626822725302265,0.8345634788593981,3.1478063744308793,2.390220839792495,49.14558501293226,0.7763771468680892,0,2.7924229390069163e-9,27.24561186162197,179.58961769080426,153.32246462394147,41.957448968688595,2.52724064743115,0.6915918730909201,155.8497052713726,42.64904084177952,0,0,99.30840812690909,2007-06-09,2024-10-30,2022-02-09,2024-10-07
CZ0214011,Týřov - Oupořský potok,9170,255.9953025582085,2.3874905797538926,2.3643150020249464,1.2210881388821626,2.886657344838056,2.0342434717268807,76.53222779950426,0.9913615949840708,0,1.546740549287172e-9,19.086743834262855,195.91890810987826,49.77216104550569,19.442607168226626,0.82018415080234,0.3203903128714034,50.59234519630803,19.762997481098033,0,0,99.67960968712859,2007-05-27,2025-07-29,2021-07-07,2024-09-24
CZ0214011,Týřov - Oupořský potok,9180,222.8385277637627,1.3667006631562195,1.7835030588958725,1.6845043419173809,2.054766859049054,1.3011106985784686,98.53563012458008,1.481221596010598,0.14504721115366476,1.2629629469101979e-8,16.614609148400675,219.57534749236092,1.0986608081478073,0.49303000660304486,0,0,1.0986608081478073,0.49303000660304486,0,0,100,2007-05-28,2024-10-30,2015-04-30,2007-08-28
CZ0214011,Týřov - Oupořský potok,40A0,1.1841144407245658,1,1.734499682400867,2,1.734499682400867,1,100,NA,NA,2.3755841976964152e-8,0.08828634265826889,1.1841144407245658,0,0,NA,NA,0,0,0,0,100,2007-06-09,2007-08-21,2007-07-03,2007-06-09
CZ0214011,Týřov - Oupořský potok,91E0,19.422176687746855,2.0875701403696816,2.048479430488613,1.9111692248871628,2.1171263280515253,2.035215866298426,96.47841337015743,0.9569715255973021,0,2.1805744561128183e-10,1.44809731834249,18.738207910286764,0.39201483601848885,2.018387754992492,0,0,0.39201483601848885,2.018387754992492,0,0,100,2007-07-19,2024-10-31,2020-11-01,2024-09-02
CZ0610005,U Hamrů,5130,1.365181504849163,2.1621345891123442,2,1.9999999999999998,2,2,99.99999999999999,NA,NA,3.1805489617505893e-9,12.869421702652478,1.365181504849163,0,0,NA,NA,0,0,0,0,100,2014-08-09,2014-08-09,2014-08-09,2014-08-09
CZ0610005,U Hamrů,9150,7.278347275282463,2.085481527097592,2.042740763548796,1.9145184729024083,2.085481527097592,2.042740763548796,95.72592364512042,0.9572592364512041,0,6.30120651622602e-9,68.61221020886224,6.9672651553635925,0,0,0.311082119918871,4.274076354879595,0.311082119918871,4.274076354879595,0,0,95.72592364512042,2014-08-09,2014-08-09,2014-08-09,2014-08-09
CZ0622223,U kapličky,6240,3.571638100207034,1.815115872092898,2,1.9999999999999998,2,1.8151158720928977,100,NA,NA,1.2891284410884323e-8,66.18354111583585,3.571638100207034,0,0,NA,NA,0,0,0,0,100,2024-08-02,2024-08-02,2024-08-02,2024-08-02
CZ0614135,U Miličovska,7140,1.3422199728767819,1,1,2,1,1,100,NA,NA,2.495271271026514e-10,22.08648843043222,1.3422199728767819,0,0,NA,NA,0,0,0,0,100,2021-07-06,2021-07-06,2021-07-06,2021-07-06
CZ0714772,Údolí Bystřice,8220,1.248281548571504,1.9724856871212428,2.1840414869191664,2,2.1840414869191664,1.972485687121243,100,NA,NA,1.8298868084973733e-10,0.1661886772841988,1.248281548571504,0,0,NA,NA,0,0,0,0,100,2015-08-01,2023-08-16,2020-09-30,2023-08-13
CZ0714772,Údolí Bystřice,9110,3.700998123385254,3.9937409162535324,3,0,3.9968704581267662,2.9968704581267662,0,0,0,2.6983624392221926e-11,0.492728570297749,0,0,0,3.68941569478536,99.68704581267662,3.68941569478536,99.68704581267662,0.3129541873233849,0,0,2004-08-25,2004-08-25,2004-08-25,2004-08-25
CZ0714772,Údolí Bystřice,9130,444.1474659886826,2.1601800706665104,2.452728094856069,1.346508687838057,2.792147611126449,1.8828026626268748,73.04045205661338,0.2891714604884442,0,3.393998678024843e-9,59.131115072762555,324.91458586050544,72.35289914136727,16.290287501766567,30.5820608320702,6.885564632006584,102.93495997343747,23.17585213377315,2.4435427797969705e-4,0,93.11419101371543,2001-07-15,2023-08-21,2017-12-15,2015-08-03
CZ0714772,Údolí Bystřice,9180,50.76583639357693,1.4206556534298835,2.0657226992648554,1.8007169011786184,2.1966281439312803,1.3553597223355989,93.4683377018939,1.116330725874517,0,2.877212077166628e-9,6.758657300614038,47.44998339753945,2.9298748854792027,5.771351549818847,0.385452890088906,0.7592761539484353,3.3153277755681088,6.5306277037672835,0.0010345943388117866,0,99.23968925171275,2001-07-15,2023-08-16,2017-09-11,2015-08-02
CZ0624095,Údolí Dyje,3150,0,NA,NA,NA,NA,NA,NA,NA,NA,NA,NA,NA,0,NA,NA,NA,0,NA,NA,NA,NA,NA,NA,NA,NA
CZ0624095,Údolí Dyje,3260,5.693134649221075,1.9873251166603514,3,2,3,2,100,NA,NA,1.2391724179184382e-9,0.3126298045947932,5.693134649221075,0,0,NA,NA,0,0,0,0,100,2014-09-08,2014-09-08,2014-09-08,2014-09-08
CZ0624095,Údolí Dyje,3270,1.3481805614645337,2,3,2,3,2,100,NA,NA,2.3944240265144725e-8,0.074033278933043,1.3481805614645337,0,0,NA,NA,0,0,0,0,100,2014-08-30,2014-08-30,2014-08-30,2014-08-30
CZ0624095,Údolí Dyje,6190,8.990093394612865,1.0426448205291736,1.9626583956030736,1.8157186867077437,2.1469397088953297,1.0556061215920296,100,NA,NA,2.7974316296642023e-8,0.4936772647088716,8.990093394612865,0,0,NA,NA,0,0,0,75.49084796132864,24.509152038671356,2009-05-02,2014-09-23,2011-01-07,2009-05-11
CZ0624095,Údolí Dyje,6510,21.33210005406026,2.031687449294414,2.035479384390281,1.2133796115297328,2.786620388470267,1.9962080649041327,96.4520615609719,NA,NA,1.221570313219324e-10,1.1714197331359244,20.57525027639032,0.7568497776699392,3.5479384390281052,NA,NA,0.7568497776699392,3.5479384390281052,0,16.894558579252127,83.10544142074788,2009-05-02,2014-09-23,2011-06-23,2009-05-11
CZ0624095,Údolí Dyje,8150,1.3651946752659332,1.2406977728221635,2.7039099800150677,1.8966474655514571,2.7039099800150677,1.9707091913879986,100,NA,NA,1.6130137936133577e-8,0.07496758303804302,1.3651946752659332,0,0,NA,NA,0,0,0,100,0,2009-05-09,2009-05-13,2009-05-10,2009-05-10
CZ0624095,Údolí Dyje,8210,1.3277277883027867,1,2.0645632464936337,2,2.064563246493634,1,100,NA,NA,7.407897529574913e-9,0.07291014609481768,1.3277277883027867,0,0,NA,NA,0,0,0,0,100,2014-09-09,2014-09-09,2014-09-09,2014-09-09
CZ0624095,Údolí Dyje,8220,25.632525715512557,1.019317820595639,1.7487059442698558,1.9452112093121015,1.8004561862457416,1.1121174302552033,99.93418117265475,NA,NA,3.757535367639005e-9,1.4075710481936512,25.61565468766764,0,0,NA,NA,0,0,0,70.72407473221287,29.275925267787123,2009-04-09,2014-09-29,2010-12-26,2009-05-10
CZ0624095,Údolí Dyje,8230,0,NA,NA,NA,NA,NA,NA,NA,NA,NA,NA,NA,0,NA,NA,NA,0,NA,NA,NA,NA,NA,NA,NA,NA
CZ0624095,Údolí Dyje,9170,857.0852511734091,2.0217947180168734,2.0042154312203215,1.6061667666915285,2.2594709967668685,1.7937998811946765,81.91355411519581,0.318643372346691,0,5.178565774207735e-9,47.06552911621064,702.0689910332924,94.90380395839769,11.072854634759821,20.2912758208833,2.3674746232190014,115.19507977928099,13.440329257978822,0,72.46924568606418,25.163279690716813,2009-04-09,2014-10-03,2011-11-12,2009-05-13
CZ0624095,Údolí Dyje,9180,192.10597378090063,1.3304392569673862,1.8347170262632955,1.6213134788501173,2.201254492976942,1.2866325853525948,92.29411939027585,1.3115012313209253,0,1.0887826678813395e-8,10.549206499592009,177.30251679719643,1.5073262912974712,0.7846327012280193,0.826579641692833,0.4302727423955894,2.3339059329903042,1.2149054436236086,0,66.51937032892376,33.05035692868064,2009-04-09,2014-09-26,2011-06-08,2009-05-13
CZ0624095,Údolí Dyje,40A0,1.200205145915582,1.3092542494389163,1.3879583119309964,1.6552535606675063,1.73270475126349,1.3211581055927804,100.00000000000001,NA,NA,2.4078655580674446e-8,0.06590743471921758,1.200205145915582,0,0,NA,NA,0,0,0,92.12959375079197,7.870406249208022,2009-05-02,2014-09-22,2010-11-19,2009-05-13
NA,NA,NA,0.32206804189028,NA,NA,NA,NA,NA,NA,NA,NA,3.3898987524145334e-10,0.017685875217471253,0,0,0,0.32206804189028,100,0.32206804189028,100,NA,NA,NA,Inf,-Inf,NaN,NA
CZ0624095,Údolí Dyje,91U0,0.4718933283347031,1,1,2,1,1,100,2,0,1.3890882896661775e-9,0.025913302269611582,0.4718933283347031,0,0,0,0,0,0,0,0,100,2014-09-09,2014-09-09,2014-09-09,2014-09-09
CZ0420171,Údolí Hačky,6430,0.623147677617101,2.0142986484981735,2.0071493242490868,1.9857013515018265,2.0142986484981735,2.0071493242490868,99.28506757509133,NA,NA,6.709498546666948e-11,0.5880887642042054,0.618692592814751,0.004455084802350029,0.7149324249086744,NA,NA,0.004455084802350029,0.7149324249086744,0,0,100,2015-04-26,2015-04-26,2015-04-26,2015-04-26
CZ0420171,Údolí Hačky,91E0,23.176114765391823,1.541983057494965,1.5304052933618426,2,1.5304052933618428,1.5419830574949651,100,2.2268656453758348e-7,0,2.602038106327994e-10,21.87220330107522,23.176114765391823,0,0,0,0,0,0,0,0,100,2015-04-22,2015-04-26,2015-04-23,2015-04-22
CZ0620132,Údolí Chlébského potoka,6510,6.711798970327016,2.8168318900156444,2.342139002885953,1.744014929183603,2.5971556043294974,2.342139002885953,65.78609971140472,NA,NA,3.8434726771717724e-11,4.90062806329951,4.415430763048366,0,0,NA,NA,0,0,0,0,100,2013-06-07,2013-09-28,2013-07-19,2013-07-05
CZ0620132,Údolí Chlébského potoka,8220,2.8860309803014212,2,2,2,2,2,100,NA,NA,4.2307042235879054e-10,2.107238979615601,2.8860309803014212,0,0,NA,NA,0,0,0,0,100,2013-09-27,2013-09-28,2013-09-27,2013-09-27
CZ0620132,Údolí Chlébského potoka,9130,23.331108775094727,2.0017514842555006,2.00087574212775,1.9982485157444994,2.0017514842555006,2.00087574212775,99.91242578722496,0.9991242578722497,0,1.7828707445905602e-10,17.035237038029443,23.31067674025325,0,0,0.0204320348414779,0.08757421277504178,0.0204320348414779,0.08757421277504178,0,0,99.91242578722496,2013-07-05,2014-09-28,2013-12-17,2013-08-03
CZ0620132,Údolí Chlébského potoka,9180,29.754309909451084,1.859360229290984,1.8563379455369755,1.4882650104160924,2.3650506513668743,1.8563379455369755,99.69777162459913,1.0422282688928435,0,1.6863596840110947e-9,21.725145045466434,29.664383942000008,0,0,0.0899259674510768,0.3022283754008791,0.0899259674510768,0.3022283754008791,0,0,99.69777162459911,2013-07-05,2014-09-28,2014-01-19,2013-09-27
CZ0420507,Údolí Chřibské Kamenice,3150,1.7899882618225644,1,1.7253016360070201,2,1.7253016360070204,1,100,NA,NA,2.7169047696899815e-10,0.5291887234892151,1.7899882618225644,0,0,NA,NA,0,0,0,0,100,2022-09-25,2022-09-25,2022-09-25,2022-09-25
CZ0420507,Údolí Chřibské Kamenice,7140,0.44191653009306175,1.6361119732002,2.3180559866001,2,2.3180559866001,1.3180559866001,100,NA,NA,8.21550598274528e-11,0.1306473620171215,0.44191653009306175,0,0,NA,NA,0,0,0,0,100,2022-09-25,2022-09-25,2022-09-25,2022-09-25
CZ0420507,Údolí Chřibské Kamenice,8220,7.8114352063698345,1.331835069081038,3,2,3,1.3318350690810383,100.00000000000001,NA,NA,1.1450976148710836e-9,2.309357839737235,7.8114352063698345,0,0,NA,NA,0,0,0,0,100,2022-09-20,2022-09-25,2022-09-23,2022-09-23
CZ0420507,Údolí Chřibské Kamenice,8310,0,NA,NA,NA,NA,NA,NA,NA,NA,NA,NA,NA,0,NA,NA,NA,0,NA,NA,NA,NA,NA,NA,NA,NA
CZ0420507,Údolí Chřibské Kamenice,9110,119.39141835502407,2.349452870527326,2.3420932579844553,1.444452154894148,2.630052310494973,1.9144452637893012,73.24112074046657,0.8235616419283336,0.14677250526732782,8.704714461189278e-10,35.29665172805748,87.44361287115873,29.9644519054316,25.09765971313689,1.98335357843371,1.6612195463965262,31.94780548386531,26.75887925953342,0,0,98.33878045360346,2022-09-20,2022-09-25,2022-09-23,2022-09-23
CZ0420507,Údolí Chřibské Kamenice,9130,18.339115120106406,3.0782727672624866,2.5801588257274934,1.1457562070816403,3.029803422162268,2.300388728409403,56.90037367890645,0.5954008035164148,0,1.4014023998815873e-10,5.421741095916126,10.435025032745378,7.272441400288092,39.65535606630674,0.147549841526929,0.8045635820517869,7.419991241815021,40.45991964835852,0,0,99.19543641794822,2022-09-20,2022-09-20,2022-09-20,2022-09-20
CZ0420507,Údolí Chřibské Kamenice,91E0,10.684542210953976,2.3534256828985565,2.2150436168477423,1.7336271086379291,2.4143026881034206,1.8985384172967468,93.28861798936077,1.0390932700213087,0,1.1995792333185823e-10,3.158757727229077,9.967461767088858,0.5707879716156283,5.342184628466783,0.146292472249491,1.3691973821724381,0.7170804438651193,6.711382010639221,0,0,98.63080261782756,2022-09-20,2022-09-25,2022-09-22,2022-09-23
CZ0614134,Údolí Jihlavy,3260,26.409820361750178,2,2.8060668183575337,2,2.8060668183575337,2,100,NA,NA,5.748383442667939e-9,3.0640396304934723,26.409820361750178,0,0,NA,NA,0,0,0,0,100,2013-07-20,2014-06-01,2013-12-25,2013-12-25
CZ0614134,Údolí Jihlavy,6190,25.015541465730156,1.9215280937915966,2.247011310018197,1.977388183446336,2.2696231265718607,1.9202674881051232,99.87393943135265,NA,NA,7.784042262713713e-8,2.9022768568415382,24.984006731908245,0,0,NA,NA,0,0,0,0,100,2013-07-20,2014-09-06,2014-03-20,2014-05-04
CZ0614134,Údolí Jihlavy,6210,43.472144976440845,2.0248635866792304,2.037051909614822,1.9419708721447864,2.0950810374700355,2.0005151735412667,99.0172867281821,NA,NA,3.193157312332285e-9,5.0435926184219335,43.04493843821345,0,0,NA,NA,0,0,0,0,100,2013-07-04,2014-09-06,2014-05-21,2014-08-22
CZ0614134,Údolí Jihlavy,6240,29.12292998289203,1.8429088816814634,2.0077234222468077,1.871907519429589,2.1358159028172183,1.8403823142781257,99.74734325966624,NA,NA,1.0511478564022746e-7,3.378811760223356,29.049348937307567,0,0,NA,NA,0,0,0,0,100,2013-07-04,2014-09-06,2014-03-29,2014-06-20
CZ0614134,Údolí Jihlavy,8220,16.244453267045497,2,2.2034690401999146,1.928951550367964,2.2745174898319505,2,99.99999999999999,NA,NA,2.3813145983480733e-9,1.8846644128641874,16.244453267045497,0,0,NA,NA,0,0,0,0,100,2013-07-20,2014-08-23,2014-04-06,2014-05-16
CZ0614134,Údolí Jihlavy,9170,192.4143130965924,2.092744096496147,2.080299671428752,1.5207906375355829,2.542638235695943,2.098153464585833,89.68425032096592,1.0169868796425359,0,1.1625800057876654e-9,22.323706588175664,173.52818163025862,1.3926629120989156,0.7237834284187559,1.11252654501717,0.5781932368298814,2.5051894571160855,1.3019766652486373,0,0,99.42180676317011,2013-07-04,2014-09-06,2014-03-13,2014-05-03
CZ0614134,Údolí Jihlavy,9180,51.504223424300555,2.004196990453627,2.3658948142420724,1.697217742801405,2.513510256421636,2.0020984952268135,99.79015047731865,1.2045467583593459,0,2.9190610100976336e-9,5.975465927000686,51.396142057283924,0,0,0.108081367016631,0.20984952268135043,0.108081367016631,0.20984952268135043,0,0,99.79015047731866,2013-07-20,2014-08-23,2014-04-21,2014-05-16
CZ0614134,Údolí Jihlavy,91I0,17.04729590463702,1.984608282520171,1.859649196104352,1.8736220393672631,1.9854015468826613,1.9839826726657432,99.93743901455721,0.9993743901455722,0,2.488536118473725e-9,1.9778093727667971,17.036630948327733,0,0,0.0106649563092878,0.06256098544278119,0.0106649563092878,0.06256098544278119,0,0,99.9374390145572,2013-07-20,2014-07-07,2014-03-06,2014-05-03
CZ0514672,Údolí Jizery a Kamenice,3220,1.7161033671930939,1.499932159755983,1.745908296185733,1.5189496394136988,1.7459082961857328,1.2405251802931505,75.94748197068493,NA,NA,1.2145235262436802e-7,0.3977329225883301,1.3033372953972922,0,0,NA,NA,0,0,24.05251802931507,0,75.94748197068493,2001-09-01,2017-07-27,2007-04-02,2003-02-04
CZ0514672,Údolí Jizery a Kamenice,3260,4.434788855182362,1.4922685020644333,2.4922685020644333,2,2.4922685020644333,1.4922685020644333,100,NA,NA,9.65279826885168e-10,1.0278294222561057,4.434788855182362,0,0,NA,NA,0,0,0,0,99.99999999999999,2020-09-01,2020-09-03,2020-09-02,2020-09-02
CZ0514672,Údolí Jizery a Kamenice,4030,1.126831791744178,1.0168947438474456,3,0,3,2,0,NA,NA,8.066118448032558e-10,0.26116031840722326,0,0,0,NA,NA,0,0,100,0,0,2001-09-01,2001-09-01,2001-09-01,2001-09-01
CZ0514672,Údolí Jizery a Kamenice,6430,1.5794853873805792,1.550992341579844,2.679519431247486,1.814687815647012,2.679519431247486,1.3690887688134248,90.7343907823506,NA,NA,1.7006490261885316e-10,0.36606963852996893,1.433136443736019,0,0,NA,NA,0,0,9.2656092176494,0,90.7343907823506,2001-09-01,2020-09-04,2009-05-14,2007-07-24
CZ0514672,Údolí Jizery a Kamenice,8220,20.155117705205694,1.2039611527802005,1.963728300495558,1.7599414182590614,1.963728300495558,1.2502396629882173,87.99707091295308,NA,NA,2.95458857456268e-9,4.671253505617804,17.735913219639016,0,0,NA,NA,0,0,12.00292908704693,0,87.99707091295308,2001-09-01,2020-09-05,2014-10-01,2016-07-26
CZ0514672,Údolí Jizery a Kamenice,9110,101.37064419940101,2.679219994634735,2.784284023690331,0.2741197976071408,3.102545116399831,2.245450403770656,7.6118972711687,0.21508863240945156,0,7.390837002025339e-10,23.494180684486082,7.716229299580338,16.060019669008803,15.842870286409505,0.169106320552155,0.16681981444205346,16.22912598956096,16.009690100851557,62.376110433742184,0,37.457069751815744,2001-09-01,2020-09-06,2011-05-11,2013-06-14
CZ0514672,Údolí Jizery a Kamenice,9130,64.30795710576409,3.327413187319425,2.8805144690824327,0.18878682655175907,3.422429171628947,2.501922369610348,11.597501140408268,0.11311139574825575,0,4.91415888003745e-10,14.904342135984272,7.458116058714248,32.06332118315073,49.85902620171526,7.77459252800327e-5,1.2089627594944098e-4,32.06339892907601,49.85914709799121,38.21026189855691,0,61.78961720516713,2001-09-01,2020-09-13,2015-04-25,2020-09-03
CZ0514672,Údolí Jizery a Kamenice,9180,62.885737575557656,1.691173547714644,2.3356316777489123,0.9263588428371347,2.7201303943390176,1.7686745161011976,61.433473949007556,0.6762526623707968,0.08089565355109102,3.5641213951676033e-9,14.574721239524857,38.63289321112147,4.127531186633028,6.563541028160433,0.8085282633335,1.2857100743424494,4.936059449966528,7.8492511025028815,30.532496477386573,0,68.18179344827098,2001-09-01,2021-06-10,2015-10-11,2020-09-02
CZ0310033,Údolí Lužnice a Vlásenického potoka,8220,0.8234066335366977,1.7114951933300633,2,2,2,2,100,NA,NA,1.2070521577942918e-10,0.5395176893434106,0.8234066335366977,0,0,NA,NA,0,0,0,0,100,2013-07-25,2024-05-18,2023-07-10,2024-05-05
CZ0310033,Údolí Lužnice a Vlásenického potoka,9170,37.62190339592711,2.058753546303339,2.020759637548408,1.7827705337426225,2.2252385317873644,1.9129686544062425,98.7249427981579,0.04270764094693205,0,2.2731402858696443e-10,24.650860901725995,37.14220260720726,0.2369923145498964,0.6299317502780915,0.242708474169951,0.6451254515640116,0.4797007887198474,1.275057201842103,0,0,99.35487454843599,2013-07-25,2024-07-12,2023-12-08,2024-05-05
CZ0310033,Údolí Lužnice a Vlásenického potoka,9180,38.50468997903971,1.4768261966841556,2.01670033356256,1.931234403250477,2.068765596749523,1.3801108571899767,98.32996664374402,0.11021941351458817,0,2.1822975234042816e-9,25.229285896261878,37.861648812666786,0.3308359532341361,0.859209497373512,0.312205213138787,0.8108238588824843,0.6430411663729232,1.6700333562559966,0,0,99.18917614111751,2013-07-25,2024-07-12,2023-12-19,2024-05-05
CZ0813474,Údolí Moravice,9130,159.125448597705,2.2293420769001377,2.2935397432409355,1.3326739306810271,2.768654069325144,1.869341282069105,80.7276062418861,0.9367695740301633,0,1.2159735302744752e-9,71.27276284864944,128.45816557459017,30.564605446142174,19.207867575861144,0,0,30.564605446142174,19.207867575861144,0,0,100,2020-07-14,2020-09-15,2020-08-09,2020-07-22
CZ0614131,Údolí Oslavy a Chvojnice,3260,28.493496781610226,1,1.7904242381240145,2,1.7904242381240145,1,100.00000000000001,NA,NA,6.201918183447498e-9,1.2181365966251376,28.493496781610226,0,0,NA,NA,0,0,0,100,0,2010-05-09,2014-05-01,2012-05-04,2012-05-04
CZ0614131,Údolí Oslavy a Chvojnice,6190,1.8759690108899143,0.9999999999999996,2,1.4092185765711769,2.5907814234288233,1,100,NA,NA,5.837419943243317e-9,0.08020028302649504,1.8759690108899143,0,0,NA,NA,0,0,0,100,0,2010-05-02,2013-06-06,2010-12-22,2010-05-09
CZ0614131,Údolí Oslavy a Chvojnice,6210,11.173114603637941,2.012293760075384,2.4249536040300956,1.6818750149810162,2.7430785890490794,1.9826483895099634,97.03546294345793,NA,NA,8.206982337188121e-10,0.47766618120954246,10.841883480843183,0,0,NA,NA,0,0,0,100,0,2010-05-01,2013-06-06,2011-01-13,2010-05-28
CZ0614131,Údolí Oslavy a Chvojnice,8150,0.3778942079448141,1,2.763703845467947,2,2.763703845467947,1,100,NA,NA,4.464920505369263e-9,0.016155502705703144,0.3778942079448141,0,0,NA,NA,0,0,0,100,0,2010-05-08,2010-05-29,2010-05-22,2010-05-29
CZ0614131,Údolí Oslavy a Chvojnice,8220,7.981282083510131,1.2301333181063852,1.8843769042942538,1.9395796621484913,1.9447972421457624,1.2301333181063854,100,NA,NA,1.1699958888461473e-9,0.3412109039627249,7.981282083510131,0,0,NA,NA,0,0,0,100,0,2010-04-30,2013-06-06,2010-12-30,2010-05-08
CZ0614131,Údolí Oslavy a Chvojnice,9170,642.7833326329177,2.80367789067469,2.3348572238050878,1.1291349982154273,2.8618646337362055,2.287120837738045,59.87150719133693,0.3071182239817419,0,3.883739408707359e-9,27.479881012223633,385.9028370886697,200.74699306846676,31.230895836421734,13.0834617892009,2.035438867963404,213.83045485766766,33.26633470438514,0,97.95542646060278,0.009134671433808928,2010-04-30,2015-06-26,2011-11-09,2012-04-20
CZ0614131,Údolí Oslavy a Chvojnice,9180,126.28446236656404,1.4771710936227467,2.070559445701968,1.5835012088475588,2.443483352778851,1.4133223293002044,97.83107085783544,1.1853731362069468,0,7.157316929886031e-9,5.398836315980879,123.5454418602698,0.6090829942971002,0.482310319799378,0.24977468309954,0.19778734328734973,0.8588576773966402,0.6800976630867277,0,99.80221265671264,0,2010-04-30,2014-04-12,2011-03-10,2010-05-18
CZ0614131,Údolí Oslavy a Chvojnice,91I0,14.420413849425119,1.170016968165041,1.584231051428425,1.7362861881143812,1.8479448633140438,1.170016968165041,100.00000000000001,0.9174192361295614,0,2.105068211895817e-9,0.6164927380833747,14.420413849425119,0,0,0,0,0,0,0,100,0,2010-05-01,2013-06-06,2010-10-20,2010-05-25
CZ0214025,Údolí Plakánek,8310,0.015477175620943308,1,3,2,1,2,100,NA,NA,8.595047256172995e-9,0.01717269126099519,0.015477175620943308,0,0,NA,NA,0,0,0,0,100,2014-09-04,2014-09-04,2014-09-04,2014-09-04
CZ0420073,Údolí Podbradeckého potoka,6210,11.782981309117728,3.4646096857222775,2.467222329984714,1.0364333175204896,2.9635666824795104,2.5533270961368206,24.456701617550937,NA,NA,8.654947426374806e-10,12.526616980800142,2.8817285804227204,5.505271981412317,46.72223299847137,NA,NA,5.505271981412317,46.72223299847137,0,0,100,2013-09-22,2013-09-28,2013-09-26,2013-09-28
CZ0420073,Údolí Podbradeckého potoka,9170,35.36420805005804,1.469615105966712,2.113386949117749,1.364853473538982,2.714067940754901,1.3222942472086192,95.96633610298939,0.6606025274859171,0,2.1367288398588885e-10,37.596078399073356,33.93773475747912,0.7195460608630441,2.034673192298062,0,0,0.7195460608630441,2.034673192298062,0,0,100,2013-09-22,2013-09-22,2013-09-22,2013-09-22
CZ0420073,Údolí Podbradeckého potoka,9180,4.066327008818463,1,2,1,3,1,100,1,0,2.3046375300066196e-10,4.3229569513732535,4.066327008818463,0,0,0,0,0,0,0,0,100,2013-09-22,2013-09-22,2013-09-22,2013-09-22
CZ0420073,Údolí Podbradeckého potoka,91H0,6.001848389927798,1.509675638781074,1.148980565431193,1.0162907199721343,2.132689845459059,1.254837819390537,100,0.9837092800278656,0,6.317192556512217e-9,6.3806310122278385,6.001848389927798,0,0,0,0,0,0,0,0,100,2013-09-22,2013-09-22,2013-09-22,2013-09-22
CZ0420073,Údolí Podbradeckého potoka,91I0,16.947605248219844,1.2300333912670198,1.1343803569709745,0.9328098215145127,2.1343803569709747,1.1343803569709745,93.28098215145128,0.6839251742041728,0,2.4739834409959434e-9,18.017185474271482,15.808892626690376,1.1387126215294703,6.719017848548717,0,0,1.1387126215294703,6.719017848548717,0,0,100.00000000000001,2013-09-22,2013-09-28,2013-09-23,2013-09-22
CZ0624132,Údolí Svitavy,8220,7.660635616514015,1.4207944742588254,1.8434562945270976,1.9999940731167933,1.8434592579687008,1.5868245703717352,99.99970365583967,NA,NA,1.1229915298680838e-9,0.6359554956171852,7.660612914667722,2.270184629363939e-5,2.9634416032921695e-4,NA,NA,2.270184629363939e-5,2.9634416032921695e-4,0,15.704620043186742,84.29537995681326,2012-07-30,2024-08-23,2016-04-05,2014-10-09
CZ0624132,Údolí Svitavy,9130,556.6802999786262,2.2579739182644674,2.0574651783085582,1.4087312119291524,2.4709313242136908,2.0298471882727416,76.94424954503135,0.9895813809715286,0,4.253929937445761e-9,46.21338408396061,428.3334791835832,65.29625168775748,11.729578303788465,27.6903508405595,4.974192699404429,92.98660252831698,16.703771003192895,0,66.54568206130685,28.48012523928873,2012-07-28,2024-07-25,2013-11-26,2012-08-31
CZ0624132,Údolí Svitavy,9170,362.10288197716574,2.208107232751614,2.17541748689467,1.6188892979746787,2.4473121706463496,1.978977744301114,82.89743951970546,0.9495198419351853,0,2.18784956196795e-9,30.060340851584517,300.1740175861314,22.321369020921985,6.1643720975216025,10.2622229220104,2.8340627575169473,32.58359194293239,8.99843485503855,0,52.78238727534803,44.383549967135025,2012-07-30,2024-09-26,2015-04-27,2013-07-19
CZ0624132,Údolí Svitavy,9180,59.06523646990224,1.56648138712394,2.2192598707550024,1.7125196274506844,2.4020339133633453,1.5048570041141531,94.52090832754152,1.5904670627961606,0,3.347590107535533e-9,4.903360975946793,55.82899801716191,0.8510254813537933,1.4408229480084258,2.38521297138653,4.038268724450055,3.236238452740323,5.479091672458481,0,62.98737340254134,32.974357873008614,2012-07-30,2014-10-12,2013-06-12,2013-07-18
CZ0724087,Újezdecký les,9170,530.3906800844578,1.5897802076602479,2.019729488842406,1.6879112046789653,2.218319820614817,1.4605249012127666,87.03610201244456,0.8221939584330723,0,3.2046555684907257e-9,56.892139396060884,461.63137338280717,56.200342987341855,10.59602762597425,3.99818428275377,0.7538187288881304,60.198527270095624,11.34984635486238,0,0,99.24618127111185,2016-04-25,2022-05-23,2021-09-18,2022-05-09
CZ0724087,Újezdecký les,91I0,89.0411432454356,1.170691704842973,1.3453804727616505,1,2.3453804727616507,1.170691704842973,100,0.7456232605542713,0,1.299807912269458e-8,9.550961816857892,89.0411432454356,0,0,0,0,0,0,0,0,100,2016-04-25,2022-05-20,2021-09-06,2022-05-09
CZ0414026,Úpolínová louka - Křížky,4030,2.739103133798742,1.08198952292779,1.0149386675100385,1.9965481864390724,1.0183904810709663,1.1193572986047609,100,NA,NA,1.96071236900403e-9,0.398598723365705,2.739103133798742,0,0,NA,NA,0,0,0,92.94973310213207,7.05026689786793,2009-03-05,2015-05-13,2010-03-20,2009-03-05
CZ0414026,Úpolínová louka - Křížky,6230,10.674968572081536,2.11465251812767,1.9339408688985176,1.3197492316495572,2.506856175079783,2.0181716569370898,89.94487355266787,NA,NA,1.0283029952539342e-9,1.5534387122180429,9.601586983945772,1.029930161016807,9.648086119058041,NA,NA,1.029930161016807,9.648086119058041,0,98.19096346526273,1.8090365347372641,2009-03-05,2015-05-13,2009-05-31,2009-03-17
CZ0414026,Úpolínová louka - Křížky,6410,33.5887750641646,1.9735980620343803,2.27332213122358,1.3548348848449248,2.670591724944668,1.9182967261788175,91.74333657660961,NA,NA,4.316646573642704e-9,4.887892936483189,30.81546295907685,2.1033828213452592,6.262159954708587,NA,NA,2.1033828213452592,6.262159954708587,0,98.9049740248695,1.0950259751305065,2009-03-05,2015-05-13,2009-08-02,2009-03-17
CZ0414026,Úpolínová louka - Křížky,6430,11.654366827946076,1.7962038455768337,1.8706949671519597,1.9240811444443862,1.9463455813277286,1.875952029401448,97.56559217723496,NA,NA,1.2548383008253034e-9,1.6959623323172954,11.370652010192822,0.0031261834391450977,0.02682413798447466,NA,NA,0.0031261834391450977,0.02682413798447466,0,100,0,2009-03-05,2009-03-26,2009-03-13,2009-03-09
CZ0414026,Úpolínová louka - Křížky,7140,16.632357455216507,1.6159793771095585,1.4899828182866148,1.0199929368229719,2.315925498796604,1.5589221271922804,93.36751474866033,NA,NA,3.0920597641304345e-9,2.4203675890863643,15.529218800049176,1.1031386551673292,6.632485251339672,NA,NA,1.1031386551673292,6.632485251339672,0,99.99999999999999,0,2009-03-05,2009-03-17,2009-03-13,2009-03-17
CZ0414026,Úpolínová louka - Křížky,8220,16.184139607913718,1.6982130981271242,1.4377866710783442,1.993578320023836,1.4409975110664264,1.9618905670987088,99.61729883032642,NA,NA,2.3724730698208145e-9,2.3551422021631483,16.122202716332623,0.05196468262579292,0.3210839988082112,NA,NA,0.05196468262579292,0.3210839988082112,0,100,0,2009-03-05,2009-03-28,2009-03-14,2009-03-17
CZ0414026,Úpolínová louka - Křížky,9410,133.87504135609177,2.2508118036926468,2.1067086171347533,1.3157852524838216,2.5639365306467354,1.9887113169816515,86.05341954152875,1.1948038253742745,0,1.7384896786310906e-9,19.481712797379462,115.20405099955276,18.27353932829289,13.649698362884116,0.397451028246118,0.2968820955871418,18.670990356539008,13.946580458471255,0,99.65914926732142,0.04396863709143213,2009-03-05,2015-05-13,2009-05-01,2009-03-17
CZ0210186,Úpor - Černínovsko,3150,13.623356059506804,2.7941951026234966,2,2,2,2.7941951026234966,20.580489737650332,NA,NA,2.0677990938092512e-9,1.5590245911870904,2.8037533957503618,0,0,NA,NA,0,0,0,22.855423178790062,77.14457682120992,2010-07-27,2023-08-12,2020-05-04,2023-08-04
CZ0210186,Úpor - Černínovsko,6430,1.7007853317389499,3,2,2,2,2,100,NA,NA,1.831253990247044e-10,0.1946338438876058,1.7007853317389499,0,0,NA,NA,0,0,0,100,0,2010-10-11,2010-10-11,2010-10-11,2010-10-11
CZ0210186,Úpor - Černínovsko,6440,47.22793782575856,1.5245274398427928,2.115749674716786,1.9739798085036908,2.1329467260114066,1.399954624924318,86.78521682514985,NA,NA,3.840427196048172e-8,5.404653313016184,40.98686824413153,0,0,NA,NA,0,0,0,100,0,2010-07-27,2010-10-12,2010-10-01,2010-10-12
CZ0210186,Úpor - Černínovsko,6510,32.391247802164685,2.748438047862241,2.2637020894836617,0.29790437656449853,3.157779654666046,2.3646305529474714,61.619250508523045,NA,NA,1.8548659823918192e-10,3.706777657592669,19.959244126052322,8.541639726413896,26.37020894836618,NA,NA,8.541639726413896,26.37020894836618,0,98.91257726232892,1.0874227376710741,2010-09-02,2023-07-28,2012-01-14,2010-10-05
CZ0210186,Úpor - Černínovsko,91E0,15.041541906346259,2.787247176639591,2.6751571365315323,1.5229652209266151,2.9298307981680867,2.3997505549860056,60.024944501399425,1.2654868739734526,0,1.6887500607602678e-10,1.7213184195535085,9.028677181439079,3.041029293818668,20.21753695700313,0.303624772449401,2.0185747866799284,3.344654066268069,22.236111743683058,0,57.31794013739268,40.66348507592739,2010-07-28,2023-09-02,2016-09-06,2010-10-28
CZ0210186,Úpor - Černínovsko,91F0,533.0578936697297,2.4144635656820226,1.630857832923641,1.7127359352711506,1.7944410573593217,2.089690578496209,73.80583328302161,0.8851505019228508,0,2.186367283725702e-8,61.00188243832684,393.42782030386735,56.37192339521629,10.575197190521868,4.32858608750256,0.8120292634076351,60.70050948271885,11.387226453929502,0,60.82037936295053,38.36759137364184,2006-08-02,2024-05-02,2018-11-06,2023-07-28
CZ0213802,V hladomoří,6190,1.4969116155475146,1.6135079452852223,2.6898358690529123,2,2.6898358690529127,1.6135079452852221,100,NA,NA,4.6579136793546986e-9,1.020815364847045,1.4969116155475146,0,0,NA,NA,0,0,0,0,100,2015-05-28,2015-05-28,2015-05-28,2015-05-28
CZ0213802,V hladomoří,8220,0.4571227490315773,1.1874597511071174,2,1.9999999999999998,2,1.1874597511071174,99.99999999999999,NA,NA,6.701075484726861e-11,0.3117337864078735,0.4571227490315773,0,0,NA,NA,0,0,0,0,100,2015-05-28,2015-05-28,2015-05-28,2015-05-28
CZ0213802,V hladomoří,9170,34.07273408498551,1.7230725100429907,2.274237816732965,1.2693807399687556,2.7853413373108173,1.501771906415371,77.86993963723803,0.4179570007647288,0,2.0586971287234017e-10,23.23582108325005,26.532417464734845,5.933906856001243,17.41541151702316,1.54559456186315,4.536162428316052,7.479501417864393,21.951573945339213,0,0,95.46383757168394,2015-05-28,2015-09-01,2015-06-15,2015-05-28
CZ0213802,V hladomoří,9180,13.228863631374068,2.384493185879318,2.962125742976479,1.073996964017328,3.0656244835971425,2.280994445258655,71.9005554741345,0.9982484499702857,0,7.497610383544395e-10,9.021392521851453,9.511626433873717,1.3456784155692905,10.1722903271739,0.0234923101204215,0.17758373489243823,1.3691707256897119,10.34987406206634,0,0,99.82241626510756,2015-05-28,2015-05-28,2015-05-28,2015-05-28
CZ0213802,V hladomoří,40A0,0.841496179589374,2,1,2,1,2,100.00000000000001,NA,NA,1.68821944729531e-8,0.5738563457340309,0.841496179589374,0,0,NA,NA,0,0,0,0,100,2015-05-28,2015-05-28,2015-05-28,2015-05-28
CZ0420013,V hlubokém,6190,0,NA,NA,NA,NA,NA,NA,NA,NA,NA,NA,NA,0,NA,NA,NA,0,NA,NA,NA,NA,NA,NA,NA,NA
CZ0420013,V hlubokém,8160,0,NA,NA,NA,NA,NA,NA,NA,NA,NA,NA,NA,0,NA,NA,NA,0,NA,NA,NA,NA,NA,NA,NA,NA
CZ0420013,V hlubokém,9170,7.287581216916104,2.0558005222330102,2.1404245968776965,1.9999880339307259,2.1404365629469706,2.0558005222330102,94.41994777669899,1,0,4.403204770472166e-11,31.047249850819913,6.880930379196711,0,0,0,0,0,0,0,0,100,2017-04-08,2017-07-23,2017-06-07,2017-06-10
CZ0420013,V hlubokém,9180,7.511561676197138,2,2,1.5644763719840802,2.43552362801592,2,100,1,0,4.25726384286872e-10,32.00147280546197,7.511561676197138,0,0,0,0,0,0,0,0,100,2017-05-06,2017-07-23,2017-06-27,2017-07-23
CZ0420013,V hlubokém,40A0,0.06228957565657329,3,2.0964351871873372,2,2.0964351871873372,3,0,NA,NA,1.2496607297553493e-9,0.265372002170229,0,0,0,NA,NA,0,0,0,0,100,2017-07-07,2017-07-09,2017-07-08,2017-07-09
CZ0210118,V jezírkách,3140,0.15001082855863496,1,1,2,1,1,100,NA,NA,5.993785843718471e-9,5.036194956352802,0.15001082855863496,0,0,NA,NA,0,0,0,0,100,2015-06-20,2015-06-20,2015-06-20,2015-06-20
CZ0210118,V jezírkách,6430,0.5958680947022512,2,1,2,1,2,100,NA,NA,6.41577632239296e-11,20.004608480767523,0.5958680947022512,0,0,NA,NA,0,0,0,0,100,2015-06-20,2015-06-20,2015-06-20,2015-06-20
CZ0210118,V jezírkách,7230,0.7885204688828904,1,1,1,2,1,100,NA,NA,1.5763163333738895e-8,26.47237433807489,0.7885204688828904,0,0,NA,NA,0,0,0,0,100,2015-08-22,2015-08-22,2015-08-22,2015-08-22
CZ0614056,V Lisovech,6230,3.3945910311317538,2.161421491605182,2,0.4092973531543197,2.8760620692254313,2,100,NA,NA,3.269956348259553e-10,11.114715792559451,3.3945910311317538,0,0,NA,NA,0,0,0,0,100,2021-07-28,2021-07-28,2021-07-28,2021-07-28
CZ0614056,V Lisovech,7140,3.963435054935794,1.4017670249097907,1.249609978766355,1.4065739154923942,1.8430360632739609,1.249609978766355,100,NA,NA,7.36827481859308e-10,12.977249333976928,3.963435054935794,0,0,NA,NA,0,0,0,0,100,2021-07-28,2021-07-28,2021-07-28,2021-07-28
CZ0324032,V Morávkách,6230,0.8149261248943582,1,2,1.7780883979359243,2.2219116020640755,1,100,NA,NA,7.850055665092685e-11,33.709912145778155,0.8149261248943582,0,0,NA,NA,0,0,0,100,0,2010-05-13,2010-05-13,2010-05-13,2010-05-13
CZ0324032,V Morávkách,6410,1.124919979202724,1.5908229592371024,3,2,3,2.295411479618551,70.45885203814488,NA,NA,1.4456859366176572e-10,46.53299546001209,0.7926057036939775,0,0,NA,NA,0,0,0,100,0,2010-05-13,2010-05-13,2010-05-13,2010-05-13
CZ0320005,V Úličkách,6410,84.57617187395482,2.1707911268080338,3,0,3,2,0,NA,NA,1.0869269326854023e-8,63.4677634826305,0,0,0,NA,NA,0,0,100,0,0,2003-06-01,2003-06-21,2003-06-07,2003-06-08
CZ0530028,Vadětín - Lanšperk,8210,0.9180995726969085,1.817878527671307,2.031532621301067,1.7935129600167325,2.21365409362976,1.8395830948226994,99.99999999999999,NA,NA,5.1224261602440815e-9,0.5374848196815972,0.9180995726969085,0,0,NA,NA,0,0,0,0,100,2013-09-24,2016-04-29,2015-05-08,2016-04-26
CZ0530028,Vadětín - Lanšperk,9130,68.57999942028039,1.9703888713352602,2.14928921945505,1.4994500626291012,2.52012692222981,1.759648984079111,87.02877654038616,0.5923200058918483,0,5.240611400388066e-10,40.148922533419196,59.68433444687393,4.586506335232309,6.687819151360322,2.91954523658888,4.257138030429198,7.506051571821189,10.944957181789519,0,0,95.74286196957081,2013-09-24,2016-04-30,2014-05-18,2013-09-24
CZ0720437,Valentová,6210,0.4348331964563578,4,3,0,4,3,0,NA,NA,3.1939781247553216e-11,0.0779249795018765,0,0.4348331964563578,100,NA,NA,0.4348331964563578,100,0,0,100,2013-08-23,2013-08-23,2013-08-23,2013-08-23
CZ0720437,Valentová,6430,0.6101138291050331,4,3,0,4,3,0,NA,NA,6.569161687860695e-11,0.10933642604628684,0,0.6101138291050331,100,NA,NA,0.6101138291050331,100,0,0,100,2013-08-16,2013-08-24,2013-08-20,2013-08-20
CZ0720437,Valentová,6510,141.2057375680948,2.475724208200842,2.3241240212840903,1.3191711671789939,2.6807449628604116,2.1515163169561573,59.9843572286133,NA,NA,8.086064505242733e-10,25.305000389144634,84.7013540501442,45.78001440860245,32.42078912446853,NA,NA,45.78001440860245,32.42078912446853,0,0,100,2013-08-11,2024-07-25,2015-09-06,2013-08-23
CZ0720437,Valentová,7220,0.032648681889433644,2.1823261808935026,3,1.8176738191064976,3,2,90.88369095532488,NA,NA,1.0326863445677504e-9,0.005850859335788424,0.02967232714938,0,0,NA,NA,0,0,0,0,100,2002-05-18,2024-04-19,2016-12-27,2024-04-18
CZ0720437,Valentová,9130,133.68109279370742,3.1974581992564826,2.383060886459679,0.7543161573353098,3.0354464084762207,2.5273959448466967,32.993774559021425,0.47074761963444295,0,1.0215378606490135e-9,23.95653436911323,44.106438384392064,76.70605690191596,57.37988469340717,2.60671095499996,1.9499473714076805,79.31276785691591,59.329832064814845,0,0,98.05005262859233,2013-08-11,2024-07-25,2017-07-01,2013-08-16
CZ0720437,Valentová,9170,118.46307303327204,3.160502051195593,2.4731835033681215,0.8130226138571696,3.149021135169005,2.588153010875071,39.37991657892307,0.3897855315568371,0,7.157617222763928e-10,21.229364761191867,46.65065933733124,59.90273003867218,50.56658459454927,0.648456010146612,0.5473908396454344,60.55118604881879,51.11397543419469,0,0,99.45260916035457,2013-08-11,2024-04-18,2014-03-02,2013-08-23
CZ0720437,Valentová,9180,1.2385854642538188,2.66002646211348,2.4275936398300426,0.9627279952631673,3.2324328222834375,2.4275936398300426,57.24063601699574,0.8748984895261886,0,7.019825357994122e-11,0.22196269213081563,0.7089741973529453,0.20541498699004296,16.584643766491677,0.082472928105714,6.658638461852086,0.28788791509575695,23.243282228343766,0,0,93.34136153814792,2013-08-17,2024-04-19,2018-12-18,2018-12-18
CZ0720437,Valentová,91E0,8.55450223152116,2.411530432775697,1.5624281622993375,1.2934805478955156,2.147730724483935,2.2057652163878485,79.42347836121515,0.5904712800527447,0,9.604345254764101e-11,1.5330232752985034,6.794283228761876,1.036950155317728,12.121688991988698,0,0,1.036950155317728,12.121688991988698,0,0,100,2013-08-11,2024-04-19,2017-09-22,2013-08-16
CZ0620181,Valtrovický luh,91E0,0,NA,NA,NA,NA,NA,NA,NA,NA,NA,NA,NA,0,NA,0,NA,0,NA,NA,NA,NA,NA,NA,NA,NA
CZ0620181,Valtrovický luh,91F0,49.89986897015544,1.5660865334952545,2.161008570390632,1.8486466612557184,2.236685239762773,1.4816998007411049,91.56132672458504,0.9015203820078626,0,2.046671520563631e-9,79.73921784119884,45.68898206290385,1.4844407516473905,2.974838977102762,2.29181513412021,4.592827960111317,3.7762558857676005,7.56766693721408,0,95.40717203988868,0,2012-08-22,2012-09-25,2012-08-28,2012-08-25
CZ0720422,Valy-Bučník,6510,148.67318134354875,3.1182364266415212,2.5158434768988185,0.7669698355066742,3.2350148559322194,2.4984092653247143,47.65346574088545,NA,NA,8.513683333609925e-10,13.57889366125197,70.8479235374325,76.39702039565914,51.385878545992504,NA,NA,76.39702039565914,51.385878545992504,0,0,100,2021-07-05,2023-09-15,2021-07-26,2021-07-16
CZ0720422,Valy-Bučník,9170,556.346983469669,2.0673318890618777,1.9364204895834498,1.4955604729235508,2.2591359378704103,1.817822087301195,75.36607414424155,0.7688033370392853,0,3.3614852702637775e-9,50.81331050444191,419.296880061002,79.02425888515714,14.204131815781723,19.7125497925463,3.5432114091117373,98.73680867770344,17.74734322489346,0,0,96.45678859088825,2021-07-04,2023-09-15,2021-07-21,2021-07-16
CZ0720422,Valy-Bučník,9180,5.371816236866349,1.374803764204139,2.123767614001126,1.0450402030156791,2.996286520688332,1.292362873907024,91.7559109702885,0.8943743709833479,0,3.04453854226012e-10,0.49062864458143274,4.928958923786589,0.44285731307975945,8.244089029711493,0,0,0.44285731307975945,8.244089029711493,0,0,100,2021-07-13,2021-07-18,2021-07-14,2021-07-13
CZ0720422,Valy-Bučník,91E0,29.480809317780526,2.6286320619643955,2.035609043966094,0.9625583517070597,2.8579893113394563,2.3215460159389023,67.8453984061098,0.7501778610158203,0,3.3098813164665227e-10,2.6925957402414773,20.001372534993735,5.954226475144137,20.196957318783685,0.385957087364502,1.3091807731741028,6.3401835625086385,21.506138091957787,0,0,98.6908192268259,2021-07-08,2023-09-15,2021-08-08,2021-07-16
CZ0514668,Vápenice - Basa,6230,2.4021494154708436,2.7968401962734175,2,0.9999999999999999,3,1.8349326262830443,58.25498816915338,NA,NA,2.3139528910992363e-10,1.7415695269226705,1.3993718577879273,0,0,NA,NA,0,0,0,0,100,2014-09-13,2014-09-28,2014-09-16,2014-09-15
CZ0514668,Vápenice - Basa,6520,1.0109719401468338,3.731932448158755,2.8659662240793775,0.9999999999999999,3,2.8659662240793775,13.40337759206225,NA,NA,6.649807040845885e-11,0.732959370551272,0.1355043864876777,0,0,NA,NA,0,0,0,0,100,2014-09-13,2014-09-13,2014-09-13,2014-09-13
CZ0514668,Vápenice - Basa,9110,20.638549847744034,2.109253107661267,2.5565015031198035,1.004044420353962,3.0125917687371415,1.5692405327447558,98.72609703750479,1.0038971594661512,0,1.50473698857832e-10,14.963044872735477,20.375634749817568,0.2598758467527572,1.2591768737141376,0,0,0.2598758467527572,1.2591768737141376,0,0,100,2014-09-13,2014-09-28,2014-09-16,2014-09-15
CZ0514668,Vápenice - Basa,9180,26.44681850005767,2.3570896314671836,2.892937145476414,1.561352876191902,3.0086170738465556,2.0101613608825226,67.54885175260763,1.260421041891838,0,1.498903810055758e-9,19.174066728370924,17.864522221885167,3.0593660697048066,11.567992837014158,0,0,3.0593660697048066,11.567992837014158,0,0,100,2014-09-13,2014-09-15,2014-09-13,2014-09-13
CZ0210726,Vápnomilný bor u Líského,91U0,3.133237405980098,2.122444007080812,1.7482960047205411,1.2517039952794589,2.122444007080812,1.7482960047205411,62.58519976397294,0.6258519976397294,0,9.223150928516555e-9,76.8800373069373,1.9609428896121681,0,0,1.17229451636793,37.41480023602706,1.17229451636793,37.41480023602706,0,0,62.585199763972945,2016-09-30,2016-09-30,2016-09-30,2016-09-30
CZ0620024,Váté písky,2330,8.918049446474168,1.4746996797416148,1.196560451112206,1.9332986016023903,1.2632618495098158,1.4746996797416148,100.00000000000001,NA,NA,1.2289034879429394e-8,14.0591955303338,8.918049446474168,0,0,NA,NA,0,0,0,14.9982709626121,85.0017290373879,2009-04-28,2021-10-26,2016-06-26,2021-10-26
CZ0620024,Váté písky,6260,42.018507892772796,1.5282524085367957,1.014601982243537,1.449327464020589,1.5651324474475143,1.528110337761362,92.38649292529006,NA,NA,4.292128125604653e-7,66.2416621373325,38.81942582166897,0,0,NA,NA,0,0,0,55.40389732764635,44.596102672353645,2003-05-06,2021-10-26,2010-05-02,2009-05-26
CZ0720192,Velká Vela,7220,0.16477083153204294,2,2.801758176016746,1.6035163520334919,3,1.8017581760167458,100,NA,NA,5.2117444827468895e-9,0.021379972649201853,0.16477083153204294,0,0,NA,NA,0,0,0,0,100,2014-08-05,2014-08-05,2014-08-05,2014-08-05
CZ0720192,Velká Vela,9130,229.58270224453565,2.529922925372415,2.4213916556538893,1.1998207315700369,2.9382903063874055,2.246642161850222,67.137309885568,0.6890475746801313,0,1.7543799021363326e-9,29.789689407275194,154.13565024957478,47.92356633117541,20.87420605413492,17.1127633730761,7.45385571550977,65.0363297042515,28.328061769644684,0,0,92.54614428449024,2014-05-18,2014-09-10,2014-07-16,2014-08-05
CZ0720192,Velká Vela,9170,312.54201851002165,1.8954182084996871,2.1587787584455578,1.5400163686412824,2.544479188307535,1.8211350070029464,87.17628809690564,0.9257167985032593,0,1.8883995470018103e-9,40.55414265583243,272.4625304801806,21.83754339346037,6.98707440924784,1.37907834371762,0.44124574042622683,23.216621737177988,7.428320149674065,0,0,99.55875425957377,2014-03-01,2014-09-10,2014-07-04,2014-08-04
CZ0720192,Velká Vela,91E0,13.03402913230177,3.088344696805231,2.4888445334013514,1.0223109331972975,2.9776890668027027,2.5995001634038797,40.000828661815596,0.5111554665986487,0,1.4633617767496854e-10,1.6912410028307692,5.213719660943162,6.371613889519678,48.88445334013513,0,0,6.371613889519678,48.88445334013513,0,0,100,2014-05-20,2014-09-10,2014-07-23,2014-08-04
CZ0514243,Velký a Malý Bezděz,8220,1.841769186934717,1,2.965969131479884,2,2.965969131479884,1,100,NA,NA,2.699895022341363e-10,2.618507019157524,1.841769186934717,0,0,NA,NA,0,0,0,100,0,2012-07-08,2012-07-08,2012-07-08,2012-07-08
CZ0514243,Velký a Malý Bezděz,8310,0,NA,NA,NA,NA,NA,NA,NA,NA,NA,NA,NA,0,NA,NA,NA,0,NA,NA,NA,NA,NA,NA,NA,NA
CZ0514243,Velký a Malý Bezděz,9110,35.613046787665056,1.7673171983582474,2.857136206028758,1.848450274661846,2.9117530500666846,1.5434583150522618,90.28315349494129,0.5735845123364433,0,2.596513280860553e-10,50.63230161988355,32.1525816955329,0.9724447650984017,2.730585706121662,0.972627457018881,2.731098697670991,1.9450722221172827,5.461684403792653,0,97.26890130232901,0,2012-07-08,2012-11-27,2012-08-18,2012-07-08
CZ0310020,Velký a Malý Kamýk,9110,239.62954372623022,2.4539958358459875,2.338541280718433,1.2785036524536992,2.843704783810969,2.171452355505321,79.91967658177917,0.558414512529808,0,1.7471161523512703e-9,53.5575472125895,193.09117715598933,34.080169280682775,14.222023190770825,0,0,34.080169280682775,14.222023190770825,0,98.77350498282203,1.2264950171779712,2012-07-10,2017-09-13,2012-11-17,2012-07-13
CZ0314019,Velký a Malý Tisý,3140,0,NA,NA,NA,NA,NA,NA,NA,NA,NA,NA,NA,0,NA,NA,NA,0,NA,NA,NA,NA,NA,NA,NA,NA
CZ0310009,Velký Hodonický rybník,3150,1.0621449421788973,2,2,2,2,3,0,NA,NA,1.6121595437557067e-10,38.250515687268674,0,0,0,NA,NA,0,0,0,100,0,2009-08-27,2009-08-27,2009-08-27,2009-08-27
CZ0420166,Velký rybník,6230,0,NA,NA,NA,NA,NA,NA,NA,NA,NA,NA,NA,0,NA,NA,NA,0,NA,NA,NA,NA,NA,NA,NA,NA
CZ0420166,Velký rybník,6410,0,NA,NA,NA,NA,NA,NA,NA,NA,NA,NA,NA,0,NA,NA,NA,0,NA,NA,NA,NA,NA,NA,NA,NA
CZ0420166,Velký rybník,6430,2.830802512243843,2.2040390156281653,2.190915472485145,1.7959609843718347,2.292934980299228,2.1020195078140826,89.79804921859174,NA,NA,3.047955729279281e-10,2.7293582967802297,2.5420054332258575,0.2887970790179854,10.20195078140826,NA,NA,0.2887970790179854,10.20195078140826,0,0,100,2022-06-02,2022-06-05,2022-06-03,2022-06-04
CZ0420166,Velký rybník,7140,4.312753502308113,1.682259756287054,1.5773525910694262,1.2453991300144152,2.3319534610550106,1.682259756287054,100,NA,NA,8.01767976247835e-10,4.158202312800086,4.312753502308113,0,0,NA,NA,0,0,0,0,100,2022-06-02,2022-06-05,2022-06-03,2022-06-03
CZ0610159,Velký Špičák,9130,130.5776527366063,1.6161460411311248,1.772366970251543,1.7157629771077128,1.9144854816976866,1.544314675376373,95.43906833604404,1.4721757345973496,0,9.97822603312841e-10,77.33594220307968,124.62209522689197,4.2372308127259295,3.2449892641836864,1.71832669698839,1.3159423997722637,5.955557509714319,4.56093166395595,0,0,98.68405760022773,2021-10-15,2021-10-17,2021-10-15,2021-10-16
CZ0610159,Velký Špičák,9180,5.259283730911589,1,2,1,3,1,100,2,0,2.980759452185318e-10,3.11486425218419,5.259283730911589,0,0,0,0,0,0,0,0,100,2021-10-15,2021-10-15,2021-10-15,2021-10-15
CZ0420165,Velký vrch - Černodoly,6210,15.320544682633987,2.7856273576759403,2.259928457741422,1.3888971314567793,2.565479892013032,2.259928457741422,47.430110006548155,NA,NA,1.1253392099418665e-9,17.52784904411553,7.266551196575664,4.6812144016011095,30.555143427161045,NA,NA,4.6812144016011095,30.555143427161045,0,0,100,2021-06-04,2024-05-24,2021-11-07,2021-06-04
CZ0420165,Velký vrch - Černodoly,91I0,4.83553400643086,2,2,2,2,2,100,0,0,7.058832728912718e-10,5.5322125856582485,4.83553400643086,0,0,0,0,0,0,0,0,100,2024-05-24,2024-05-24,2024-05-24,2024-05-24
CZ0520184,Veselský háj,9170,365.0438167673295,1.793524754210491,2.322062594785056,1.7514082076177655,2.5201862992839317,1.7677819674488713,97.7424152463032,0.9696670220998617,0,2.2056188844801137e-9,82.455811883115,356.8026432156774,6.28838582706651,1.7226386363022779,0.944107288012168,0.2586284836633516,7.232493115078678,1.9812671199656295,0,0,99.74137151633664,2024-05-02,2024-09-22,2024-05-31,2024-05-25
CZ0520184,Veselský háj,9190,55.98815412874294,1.52811143085153,1.4180344655062262,0.9440176045576589,2.3503139375616504,1.4044085074646133,87.62970766130833,0.5114974910195463,0,5.980470434999554e-9,12.646560474314125,49.06225578798016,6.925898340762779,12.370292338691682,0,0,6.925898340762779,12.370292338691682,0,0,100,2024-05-02,2024-09-22,2024-06-25,2024-06-09
CZ0620103,Věteřovská vrchovina,9170,207.45655689347205,2.5419969333590773,2.302238145280374,1.7451897100734712,2.4319948792049684,2.1772212719197235,63.522433856064616,0.7125687478918926,0,1.2534662376848576e-9,41.79828505852396,131.78145413272483,19.02916238069786,9.172601081232271,6.91401777474846,3.33275451896118,25.94318015544632,12.505355600193452,0,0,96.66724548103883,2014-04-28,2014-05-28,2014-05-27,2014-05-27
CZ0620103,Věteřovská vrchovina,91G0,253.56050650211517,2.5448350044649235,2.2983704167384036,1.6967149084796476,2.4500129624985796,2.1763730392508367,60.39940411701619,0.5155996893526058,0,2.443692301855864e-8,51.087295041734215,153.14903500336564,19.309593027708768,7.615378788316031,19.1409676825117,7.548875787701595,38.45056071022047,15.164254576017628,0,0,92.4511242122984,2014-04-28,2014-05-28,2014-05-26,2014-05-27
CZ0620103,Věteřovská vrchovina,91I0,19.76518965881439,2.39759063802231,2.224629398905778,0.6859246683949946,3.161231330589621,2.0835153064173046,68.59246683949945,0.19254571546711338,0,2.8852897626458065e-9,3.982284503155706,13.557431162486434,2.4376005794493327,12.33279630262628,3.77015791687862,19.074736857874257,6.207758496327953,31.407533160500538,0,0,80.92526314212574,2014-05-26,2014-05-28,2014-05-27,2014-05-28
CZ0620018,Větrníky,6210,15.661910038148571,1.7251161625842841,1.8721250562539733,1.23535630681974,2.5287622513474846,1.6171096644975356,89.19935019132514,NA,NA,1.1504135024969967e-9,38.378110546478474,13.970321981578449,1.6915880565701227,10.800649808674862,NA,NA,1.6915880565701227,10.800649808674862,0,100,0,2012-05-11,2012-05-11,2012-05-11,2012-05-11
CZ0620018,Větrníky,6240,3.6509552029990124,1.6545223818277153,1.787042131344003,1.2889894988871744,2.4980526324568286,1.6545223818277153,100,NA,NA,1.3177567427822533e-8,8.94633936982442,3.6509552029990124,0,0,NA,NA,0,0,0,100,0,2012-05-11,2012-05-11,2012-05-11,2012-05-11
CZ0210729,Větrušické rokle,4030,1.0296426176146753,2.1727135515901566,2.4174376120834866,1.7276195224260735,2.4174376120834866,2.1651032925368945,82.39142536949028,NA,NA,7.370416217993769e-10,2.074179712116671,0.8483372288644614,0,0,NA,NA,0,0,0,0,100,2013-05-16,2016-08-08,2015-12-14,2016-08-04
CZ0210729,Větrušické rokle,6110,0.8768607802542856,1.0099511851075333,1.9385466807569747,1.7426655555686605,2.195881125188314,1.0335020582130456,100,NA,NA,1.5480487894965298e-8,1.7664059447808071,0.8768607802542856,0,0,NA,NA,0,0,0,0,100,2016-08-31,2016-09-02,2016-08-31,2016-09-01
CZ0210729,Větrušické rokle,6190,4.473632124115558,1.3172094940971153,1.5809741685329877,1.9664902943118843,1.5977290213770456,1.303168779412844,93.96665975846523,NA,NA,1.3920522795660704e-8,9.011978362755025,4.203722676913067,0.0749550479180063,1.675485284405789,NA,NA,0.0749550479180063,1.675485284405789,0,0,100,2016-08-04,2017-05-10,2016-09-12,2016-08-31
CZ0210729,Větrušické rokle,6210,2.371555851765307,1.4222445404786401,1.663605884849624,1.945489955314826,1.7179792576054949,1.3833594311135662,87.08685300263564,NA,NA,1.7419777454673017e-10,4.777417862985183,2.065313358502256,3.2412511371076105e-4,0.013667192930307466,NA,NA,3.2412511371076105e-4,0.013667192930307466,0,0,100,2013-05-16,2017-05-16,2016-07-22,2016-09-01
CZ0210729,Větrušické rokle,8220,1.3790885553012815,1.9595947276610115,2.429750847032189,1.6817027588834308,2.7480480881487583,1.823833827216624,100,NA,NA,2.0216400362429616e-10,2.7781265593346767,1.3790885553012815,0,0,NA,NA,0,0,0,0,100,2013-05-16,2016-09-02,2016-04-14,2016-08-30
CZ0210729,Větrušické rokle,8230,0.35056769618714145,1.779888676684235,2.114524917400539,1.9824760634153866,2.132048853985152,1.8846778884534123,90.14625452721582,NA,NA,4.1263966899621905e-9,0.7062065912145146,0.31602364769505714,0,0,NA,NA,0,0,0,0,100,2013-05-16,2017-05-16,2016-05-30,2016-08-16
CZ0410151,Vladař,6210,10.785000974428076,2.2932567952558927,2,2,2,2,100,NA,NA,7.921901425307898e-10,4.5458120499155745,10.785000974428076,0,0,NA,NA,0,0,0,0,100,2023-05-06,2023-05-06,2023-05-06,2023-05-06
CZ0410151,Vladař,9170,38.58235601300327,1.3099210116920434,2,1.803536240468464,2.196463759531536,1.3099210116920434,100,0.19646375953153597,0,2.3311714682255353e-10,16.262227448462856,38.58235601300327,0,0,0,0,0,0,0,0,100,2023-05-06,2023-05-06,2023-05-06,2023-05-06
CZ0410151,Vladař,9180,41.20684397082152,2.017180095381927,2.0085900476909635,1.982819904618073,2.017180095381927,2.0085900476909635,99.14099523090366,0.11863531654509683,0,2.335445204046106e-9,17.3684330957128,40.85287521591807,0,0,0.353968754903449,0.8590047690963508,0.353968754903449,0.8590047690963508,0,0,99.14099523090367,2023-05-06,2023-05-06,2023-05-06,2023-05-06
CZ0410151,Vladař,6210p,20.331275151935486,2,2,2,2,2,100,NA,NA,2.180155671196924e-8,8.56950831946666,20.331275151935486,0,0,NA,NA,0,0,0,0,100,2023-05-06,2023-05-06,2023-05-06,2023-05-06
CZ0724430,Vlárský průsmyk,6210,16.473986737058567,2.207295779926036,2.1098115208308137,1.1834545417465532,2.8122452590885616,1.9308025622269083,71.92065831359871,NA,NA,1.2100629320502061e-9,0.5192528327486855,11.848199711787462,1.8090335377430544,10.981152083081364,NA,NA,1.8090335377430544,10.981152083081364,0,0,100,2014-07-17,2024-06-21,2019-06-11,2018-07-25
CZ0724430,Vlárský průsmyk,6510,320.1476677430896,2.534524954122289,2.225953664349719,1.2818146903203194,2.711200879502253,2.1030271472288744,71.11280611251446,NA,NA,1.8333070151099588e-9,10.09091399834197,227.6659902358803,73.40480962799512,22.928422420025445,NA,NA,73.40480962799512,22.928422420025445,0,0,100,2004-06-10,2024-09-25,2018-05-03,2018-07-25
CZ0724430,Vlárský průsmyk,7220,1.8460725941934684,1.9996529025370835,2.252888215510569,1.724221194214487,2.4050861129753276,1.707653500603197,81.1841825210417,NA,NA,5.839175883303715e-8,0.0581873980654805,1.498718944340955,0.20856896551596218,11.297982873045358,NA,NA,0.20856896551596218,11.297982873045358,0,0,100,2001-07-03,2025-04-19,2019-05-27,2018-09-29
CZ0724430,Vlárský průsmyk,9130,1775.2138541071195,2.032711582625314,1.750787351788813,1.6673988252625531,1.9363979521073627,1.8757700698341948,83.63440356179991,0.7713331866620294,0,1.356547979090457e-8,55.953961672571936,1484.6895188289304,242.57172234567068,13.664366227452474,13.7196766516541,0.7728464162169743,256.2913989973248,14.43721264366945,0,0,99.22715358378304,2014-06-02,2025-04-19,2021-04-28,2024-05-30
CZ0724430,Vlárský průsmyk,9170,229.92220053852768,2.9129712119491495,2.435612469660768,0.9858257673668049,2.9958431184663716,2.392639979102329,48.654798647576854,0.3379496247387696,0,1.3892051424397294e-9,7.2470468652786195,111.8681837180985,96.92942238903805,42.157487255257784,0.735380781489742,0.319838962817562,97.66480317052779,42.47732621807535,0,0,99.68016103718244,2014-06-02,2024-05-30,2017-08-31,2018-07-25
CZ0724430,Vlárský průsmyk,9180,4.95220017878328,2.3825916895280836,2.191295844764042,1.2178324009867887,2.7821675990132113,2.191295844764042,80.87041552359582,0.8087041552359582,0,2.806716322464601e-10,0.1560911764841506,4.004864862142294,0.5338902866882272,10.780870469969576,0.413445029952759,8.3487140064346,0.9473353166409862,19.129584476404176,0,0,91.6512859935654,2018-09-26,2018-09-27,2018-09-26,2018-09-27
CZ0724430,Vlárský průsmyk,6210p,2.939685537374501,1.8483762981941543,1.5655841987961028,0.7172079006019486,2.5655841987961026,1.5655841987961028,71.72079006019486,NA,NA,3.152272569206008e-9,0.09265759812943722,2.1083656926902767,0.8313198446842236,28.279209939805128,NA,NA,0.8313198446842236,28.279209939805128,0,0,100,2018-05-22,2018-07-24,2018-06-22,2018-06-22
CZ0724430,Vlárský průsmyk,91E0,21.267758308310732,2.648260330868235,2.164280597674834,1.3163748121538632,2.5826040030290462,2.309241382325231,63.4157673474175,0.47144671998379084,0,2.3877823403357974e-10,0.6703504090459484,13.487112128809391,5.499963027593078,25.86056766238441,0,0,5.499963027593078,25.86056766238441,0,0,100,2014-06-04,2024-10-08,2018-05-31,2018-08-14
CZ0213009,Vlašimská Blanice,3260,13.855813308846036,2,2.1822964903058057,2,2.1822964903058057,2.1822964903058057,81.77035096941943,NA,NA,3.0158678369741975e-9,3.441823193887192,11.32994717231093,0,0,NA,NA,0,0,0,0,100,2020-05-29,2023-09-21,2022-08-28,2023-09-13
CZ0310035,Vltava Rožmberk-Větřní,3150,0.433584675348443,1.1043236784054922,1.0695491189369948,1.9304508810630052,1.0695491189369948,1.0347745594684974,96.52254405315026,NA,NA,6.581094958238553e-11,0.3345571480795975,0.4185069592709095,0,0,NA,NA,0,0,0,100,0,2002-05-11,2012-07-17,2009-02-23,2012-07-17
CZ0310035,Vltava Rožmberk-Větřní,3260,26.53845424535328,1.2337893477729795,1.2337893477729795,2,1.2337893477729795,1.2337893477729795,100,NA,NA,5.776382000649086e-9,20.477267928418176,26.53845424535328,0,0,NA,NA,0,0,0,76.62106522270206,23.378934777297953,2011-05-29,2017-08-28,2014-07-13,2014-07-13
CZ0210027,Voděradské bučiny,3130,0,NA,NA,NA,NA,NA,NA,NA,NA,NA,NA,NA,0,NA,NA,NA,0,NA,NA,NA,NA,NA,NA,NA,NA
CZ0210027,Voděradské bučiny,9110,184.69723660327568,2.5036160685547832,2.5099160814070296,1.2642128141478104,2.9097619384720828,2.24260099552697,46.38251983610996,0.5782025175767816,0,1.3466099394358832e-9,58.186609113730526,85.6672324042613,62.04743508781649,33.5941328787136,0,0,62.04743508781649,33.5941328787136,0,0,100,2015-05-15,2015-05-18,2015-05-15,2015-05-15
CZ0210027,Voděradské bučiny,9130,34.88353264932821,2.116568582544555,2.020112857504343,1.5578285527984062,2.400053181112537,1.9986369209377737,88.20683383932189,0.9064284239314014,0,2.665661132009548e-10,10.989631009652683,30.769659681278537,2.170841431674757,6.223112359340026,0,0,2.170841431674757,6.223112359340026,0,0,100,2015-05-15,2015-05-16,2015-05-15,2015-05-15
CZ0314638,Vosecký rybník,3130,0,NA,NA,NA,NA,NA,NA,NA,NA,NA,NA,NA,0,NA,NA,NA,0,NA,NA,NA,NA,NA,NA,NA,NA
CZ0620084,Vranovický a Plačkův les,3150,0.8677400758382049,1,1,2,1,1,100,NA,NA,1.3170852575845904e-10,0.295645498253835,0.8677400758382049,0,0,NA,NA,0,0,0,0,100,2023-05-04,2023-05-04,2023-05-04,2023-05-04
CZ0620084,Vranovický a Plačkův les,91E0,25.28215227718403,1.8647667268602892,1.6522137991599515,1.9174797846586857,1.7050085753649147,1.7274715160701457,89.29109323571163,1.13786724877338,0.13787039379454735,2.838487999440476e-10,8.613817334294785,22.57471016181498,0,0,0.751523078751391,2.9725439136350973,0.751523078751391,2.9725439136350973,0,0,97.0274560863649,2016-08-16,2023-05-10,2017-10-13,2016-09-29
CZ0620084,Vranovický a Plačkův les,91F0,185.43976365844404,2.9972590725478954,2.2853363036353596,1.2871702705146668,2.647673854148776,2.3661836661867177,48.61153441375695,0.6389758704988946,0,7.60591742809552e-9,63.180706814671105,90.14511452761408,51.89295825782543,27.983727564173083,13.1022285748599,7.0654903330186,64.99518683268533,35.04921789719169,0,0,92.9345096669814,2016-08-16,2023-05-12,2018-10-09,2016-10-05
CZ0313138,Vrbenské rybníky,3150,3.2077873228909626,1.9973242441253722,1.0083026024536594,2,1.0083026024536594,2.0083026024536594,99.16973975463407,NA,NA,4.86888817295352e-10,0.8831836990060848,3.181154339993111,0,0,NA,NA,0,0,0,100,0,2011-05-25,2011-07-15,2011-07-04,2011-07-15
CZ0313138,Vrbenské rybníky,6410,15.308246234451554,2.079895239645971,2.080656894330893,1.5041936846155395,2.4728194089713007,1.918831381207232,83.61737512256029,NA,NA,1.9673324951621792e-9,4.2147412448947,12.800353678546566,1.5866048224643992,10.364380074405318,NA,NA,1.5866048224643992,10.364380074405318,0,100,0,2011-05-16,2011-08-02,2011-06-05,2011-05-22
CZ0620055,Vrbický hájek,91G0,101.53768225411989,2.0689629710810435,2.213858288809716,1.2449174557773834,2.7618755160301838,1.746273542561033,74.19790173908663,0,0,9.785705822078001e-9,87.99455289474018,75.33882970705788,6.96322425040767,6.857773484508642,14.0617081132051,13.848758215706217,21.02493236361277,20.70653170021486,0,0,86.15124178429377,2015-07-07,2015-09-16,2015-09-12,2015-09-16
CZ0420004,Vrbka,6210,1.8272966504419303,1.5730094019182848,2.010943033567008,1.9781139328659845,2.0218860671340155,1.5191512939824572,94.61418920641727,NA,NA,1.3422033038215757e-10,11.369119529740564,1.728881910211653,0.019996168582667014,1.0943033567007827,NA,NA,0.019996168582667014,1.0943033567007827,0,0,100,2013-10-09,2014-05-30,2013-11-16,2013-10-09
CZ0420004,Vrbka,9170,5.776608290820177,1.2554361043820492,2.0252948145386034,1.1542568462276352,2.8457431537723648,1.2301412898434458,97.47051854613964,0.3218901575994947,0,3.490264935126456e-11,35.94104444888108,5.630490055441721,0.1461182353784563,2.5294814538603596,0,0,0.1461182353784563,2.5294814538603596,0,0,100,2013-10-09,2013-10-09,2013-10-09,2013-10-09
CZ0623030,Vrbovecký rybník,3130,0.17391477060891586,1.2651332308366867,2.2651332308366867,2,2.2651332308366867,1.2651332308366867,100,NA,NA,1.7698278418575615e-10,0.468606313017921,0.17391477060891586,0,0,NA,NA,0,0,0,0,100,2025-09-02,2025-09-02,2025-09-02,2025-09-02
CZ0210034,Všetatská černava,7210,2.0902503858375967,1.8523358782381973,1,2,0.9999999999999996,1.8523358782381971,100.00000000000001,NA,NA,6.499650984238743e-7,19.07550906509247,2.0902503858375967,0,0,NA,NA,0,0,0,0,100,2017-05-23,2017-07-24,2017-06-12,2017-05-23
CZ0214015,Vůznice,8150,1.8212577157274914,1.0000000000000004,1.5188443470964357,0.9999999999999998,2.5188443470964357,1.0000000000000004,100,NA,NA,2.1518643973768413e-8,0.4584869600906109,1.8212577157274914,0,0,NA,NA,0,0,0,100,0,2008-06-26,2008-06-26,2008-06-26,2008-06-26
CZ0214015,Vůznice,8220,5.884441202481523,1.1074473906962692,1.735433798137447,1.669269424693587,2.0613834535998654,1.1294855727261528,99.52190801560057,NA,NA,8.6261479584648e-10,1.4813606748015973,5.884441202481523,0.028133041715761645,0.4780919843994309,NA,NA,0.028133041715761645,0.4780919843994309,0,100,0,2008-06-18,2010-10-05,2009-11-02,2009-08-11
CZ0214015,Vůznice,9130,13.941500786681036,3.848899361163689,2.9244496805818443,0.151100638836311,3.848899361163689,2.9243869865347754,7.5550319418155505,0.0755503194181555,0,1.0653541641704075e-10,3.5096605272214325,1.0541588867087506,12.84755440557639,92.15330976310855,0.0406615435024258,0.2916582950758907,12.888215949078816,92.44496805818444,0,99.70834170492411,0,2009-06-29,2010-09-20,2010-01-19,2009-08-11
CZ0214015,Vůznice,9170,175.95597303571608,2.239159701744998,2.4076574945749627,1.3254678445365409,2.7836554450859357,1.8250237819361737,76.66333268135352,0.7148611426363798,0.015441598557475943,1.0631376266044518e-9,44.29549892377882,140.21945795855112,39.916941716136336,22.6857554349882,0.619875837877072,0.35229030716180787,40.53681755401341,23.03804574215001,0,99.64770969283819,0,2008-06-19,2010-10-05,2010-01-18,2010-04-27
CZ0214015,Vůznice,9180,49.421688314439244,1.493365812180412,1.6068481459543833,1.4082239851474059,2.1222796262808794,1.3351238392056894,92.36554654739017,1.0683612854441673,0,2.8010309411598824e-9,12.441511951965472,45.64861252457946,3.759322662339439,7.606625331011001,0.0137531275203405,0.027828121598837265,3.7730757898597793,7.634453452609838,0,99.97217187840117,0,2008-06-19,2010-10-05,2009-10-15,2009-08-11
CZ0214015,Vůznice,91E0,28.44807408195155,1.4988520096647875,1.7788762742702404,1.9045397793595333,1.8345528320854636,1.2769418077837393,96.02163371747565,1.1618637659219135,0,3.193933649457756e-10,7.161573506941317,27.31648500686881,1.131768581265016,3.978366261296576,6.03889115154743e-9,2.1227767947140974e-8,1.1317685873039072,3.9783662825243433,0,99.99999997877221,0,2008-06-18,2010-10-05,2009-07-26,2009-07-29
CZ0214015,Vůznice,91I0,27.326893239719606,2.8143392043898894,2.615380133731641,1.2973781742732964,2.9649981131067236,2.074758142679414,65.03820206249176,0.2440417101942932,0,3.9891347702963265e-9,6.879325260782798,17.835389639533286,9.553973197069363,34.96179793750822,0,0,9.553973197069363,34.96179793750822,0,100,0,2008-08-27,2010-06-30,2009-11-24,2009-09-24
CZ0424127,Východní Krušnohoří,4030,5.924918836095835,2.229802752116651,2.560089634970753,1.7767093378496346,2.6717349660459355,2.086541618592463,88.72467825285823,NA,NA,4.241191762344075e-9,0.039506784196234435,5.256865174069022,0.6614895250495058,11.164533107518272,NA,NA,0.6614895250495058,11.164533107518272,0,21.633518189921443,78.36648181007857,2012-07-15,2024-07-22,2018-02-12,2012-09-09
CZ0424127,Východní Krušnohoří,6230,50.61744803312473,1.5478258496279245,2.0161680752380216,1.1513491859630989,2.864705711819992,1.2801540404463374,99.9897461273273,NA,NA,4.875899453296766e-9,0.3375122345686803,50.61225778445324,0.005190248671489826,0.010253872672706174,NA,NA,0.005190248671489826,0.010253872672706174,0,75.16010181477417,24.839898185225838,2012-08-15,2024-06-09,2018-01-29,2013-10-03
CZ0424127,Východní Krušnohoří,6430,4.438985695901852,2.6598367551260003,2.4129677582317086,1.588514461924325,2.6187105272695463,2.261133703156206,73.88662968437939,NA,NA,4.779503983585336e-10,0.029598726124276213,3.279816922873573,0.913289208794199,20.574276903783744,NA,NA,0.913289208794199,20.574276903783744,0,35.777498832111,64.22250116788899,2009-08-15,2023-10-08,2014-10-12,2015-04-25
CZ0424127,Východní Krušnohoří,6520,360.16603235500446,2.240682087230096,2.0649506631839607,1.5892256095866586,2.338801671042212,2.0423813790071446,84.24313091088838,NA,NA,2.369041634805394e-8,2.4015521745845896,303.415142133379,42.99058067737594,11.93632292203543,NA,NA,42.99058067737594,11.93632292203543,0,73.48966946973816,26.510330530261836,2007-08-16,2024-07-22,2017-03-03,2012-09-17
CZ0424127,Východní Krušnohoří,8220,70.17663616325706,2.181429344456146,2.7784107167713676,1.9640449106770983,2.796388261432818,2.0568934773419842,94.23850872392929,NA,NA,1.028736673443731e-8,0.46793100415639405,66.13341539287111,1.261603610815346,1.797754466145093,NA,NA,1.261603610815346,1.797754466145093,0,9.88594251533446,90.11405748466555,2009-08-13,2024-07-22,2018-08-05,2019-06-08
CZ0424127,Východní Krušnohoří,9110,7405.774509919224,2.2760728773357393,2.3359276345920543,1.5692253142115868,2.5905511932771152,1.988978888273525,82.35590674592659,0.5057422046837058,0,5.399479574076781e-8,49.38098621484984,6155.138709173095,919.0104985000659,12.409377267281792,310.711454084104,4.195529497528449,1229.72195258417,16.60490676481024,0,39.7448829365292,56.05958756594236,2009-06-21,2024-07-22,2016-12-01,2013-09-06
CZ0424127,Východní Krušnohoří,9130,684.2927461038602,2.3655827058438117,2.2027197300955876,1.0840990944038047,2.824877698163559,2.0322027688713127,73.99101624035555,0.6683346428227266,0,5.229093608557637e-9,4.56279766782219,506.31515690128214,57.68157431702937,8.429371003192633,118.469706246372,17.312722796040127,176.15128056340137,25.742093799232762,0,48.407117258966785,34.28015994499308,2009-02-24,2024-06-29,2014-07-29,2012-09-07
CZ0424127,Východní Krušnohoří,9180,82.36540779138305,1.8810630101968884,2.199498545716425,1.6210381242404983,2.3660818926740115,1.7229262610316745,84.18632508347861,1.2644537401912102,0,4.668154075131232e-9,0.5492045512969763,69.34040995958655,0,0,6.9019820075259,8.379709628837624,6.9019820075259,8.379709628837624,0,15.152408717358146,76.46788165380424,2009-06-21,2023-10-14,2017-02-28,2013-09-11
CZ0424127,Východní Krušnohoří,9410,76.18574834010202,3.502937673982462,2.630782910134225,0.7944673004006726,3.265736366245503,2.5118344777475596,42.942075651195076,0.43011858967658023,0,9.893415218132911e-10,0.5079991813836134,37.19125562663889,24.773929193586817,32.51779989479544,18.6960774588795,24.540124454009483,43.47000665246632,57.057924348804924,0,73.37205643727772,2.087819108712804,2012-06-03,2024-06-29,2013-06-06,2012-08-19
CZ0424127,Východní Krušnohoří,91D0,32.865851179722455,3.0863487059182604,2.6724092421113834,1.196648801603454,3.0740848413096566,2.4016755991982732,59.8324400801727,0.27073364291311064,0,2.2990402448859985e-9,0.21914630831271187,19.66444071394617,3.1222693572552873,9.500041061409242,10.079141108521,30.667518858418063,13.201410465776288,40.16755991982731,0,36.57340535272031,32.759075788861644,2012-08-15,2024-06-22,2021-10-27,2024-06-09
CZ0424127,Východní Krušnohoří,91E0,352.2932857297979,2.1602779873241227,1.9767885773372749,1.5460210673931922,2.32797540168624,1.916205722068898,88.76455907752975,0.532845349476878,0,3.955281389274448e-9,2.3490574635922927,312.7115817377972,27.88495741675312,7.915267916329334,4.86893114993917,1.3820675406438332,32.75388856669229,9.297335456973167,0,60.575090720830886,38.04284173852529,2009-06-22,2024-07-22,2015-04-05,2012-09-11
CZ0620056,Výrovické kopce,6210,8.334243920998217,3.017014144805345,2,2,2,2.388876242799972,61.11237572000282,NA,NA,6.121748060400211e-10,52.075664022698135,5.093254458421925,0,0,NA,NA,0,0,0,0,100,2015-06-06,2015-06-08,2015-06-07,2015-06-08
CZ0620413,Výrovy skály,8150,0.2337460186225269,1,2,2,2,1,100,NA,NA,2.7617713361421953e-9,1.5125951876148327,0.2337460186225269,0,0,NA,NA,0,0,0,100,0,2009-05-16,2009-05-16,2009-05-16,2009-05-16
CZ0620413,Výrovy skály,8220,0.8976158943765425,1.0000000000000004,2,1.9999999999999998,2,1.0000000000000002,99.99999999999999,NA,NA,1.3158373494320052e-10,5.808567308062347,0.8976158943765425,0,0,NA,NA,0,0,0,100,0,2009-05-16,2009-05-16,2009-05-16,2009-05-16
CZ0310022,Výří skály nad Otavou,8220,0.8467003914916144,1.4710501139389573,2,2,2,2,100,NA,NA,1.2411990539418889e-10,14.09527892562425,0.8467003914916144,0,0,NA,NA,0,0,0,0,100,2016-06-23,2016-06-23,2016-06-23,2016-06-23
CZ0410168,Vysoká Pec,6230,1.5457305845967915,2,2.472159523113657,1.1773847880209853,2.8226152119790147,2,100,NA,NA,1.4889780510956195e-10,0.7349489905354617,1.5457305845967915,0,0,NA,NA,0,0,0,100,0,2008-11-23,2008-12-02,2008-11-26,2008-11-23
CZ0410168,Vysoká Pec,6520,34.73850975737818,2.2404667536400584,2.126358728673872,1.5172801737097754,2.4827198262902246,2.0702157372161643,86.43295319035533,NA,NA,2.2849732776911275e-9,16.51712978529905,30.025519877621708,4.389513928967209,12.635872867387214,NA,NA,4.389513928967209,12.635872867387214,0,100,0,2008-11-23,2008-12-03,2008-11-27,2008-11-29
CZ0410168,Vysoká Pec,7140,5.440275632183118,1.7066002646535452,1.3466944050680405,1.596160328043754,1.6393992304548717,1.4631916914528733,94.70012287463187,NA,NA,1.0113814252336673e-9,2.5866895071825393,5.151947708396069,0,0,NA,NA,0,0,0,100,0,2008-11-21,2008-12-02,2008-11-24,2008-11-23
CZ0410168,Vysoká Pec,9410,47.08749175877526,2.671861668987141,2.1288001364376177,1.6667511775376418,2.298371686136721,2.0820459315566415,65.07070029647694,1.085419113190055,0,6.114740849828493e-10,22.388704008199504,30.640160639480925,4.460523844101548,9.472842314371697,3.24662838823703,6.8948849619537995,7.7071522323385775,16.367727276325496,0,93.10511503804621,0,2008-11-21,2008-12-03,2008-11-24,2008-11-23
CZ0410168,Vysoká Pec,91D0,7.1910305046335985,1.8308856249285292,1.9808758633568615,1.4703812304337527,2.349274753991409,1.58598560006287,94.37489747818074,0.9555577545071169,0,5.030287650835497e-10,3.419121458134823,6.7865276663726615,0,0,0.404502838260937,5.625102521819263,0.404502838260937,5.625102521819263,0,94.37489747818074,0,2008-11-21,2008-12-02,2008-11-23,2008-11-23
CZ0410176,Vysoký kámen,4030,1.977291589754619,1,1,2,1,1,100,NA,NA,1.4153903258775147e-9,79.99999990915327,1.977291589754619,0,0,NA,NA,0,0,0,0,100,2015-04-15,2015-04-15,2015-04-15,2015-04-15
CZ0410176,Vysoký kámen,8220,0.49432289743865476,1,2,2,2,1,100,NA,NA,7.246401664723315e-11,19.99999997728832,0.49432289743865476,0,0,NA,NA,0,0,0,0,100,2015-04-15,2015-04-15,2015-04-15,2015-04-15
CZ0610003,Vysoký kámen u Smrčné,9130,201.62362742211494,2.205706706562257,1.8531006106796517,1.6277970373021189,2.0519106601119246,1.8224943086933336,82.96139958168463,0.9188593456838844,0,1.5407277477221237e-9,83.28126218511684,167.26978319674782,17.35840337153271,8.609310125738153,15.370964779656,7.623593016445278,32.72936815118871,16.23290314218343,0,0,92.37640698355472,2021-08-06,2022-08-18,2022-05-29,2022-05-27
CZ0712225,Za Hrnčířkou,6210,1.8503492474602186,1.5814181173003532,1.2078766260578229,1.8658442298220643,1.3420323962357585,1.5814181173003532,100,NA,NA,1.3591361164944007e-10,43.18904548483288,1.8503492474602186,0,0,NA,NA,0,0,0,0,100,2023-06-13,2023-06-13,2023-06-13,2023-06-13
CZ0210029,Zadní Hrádek,6210,8.340570969628965,2.397219392995148,2.573042121715979,1.8315002140759198,2.6572920146780192,2.099476727514079,84.45901850354875,NA,NA,6.126395464297972e-10,67.31781849982139,7.044364378540543,0.7026922114335397,8.424989296204014,NA,NA,0.7026922114335397,8.424989296204014,0,0,100,2016-10-20,2016-10-20,2016-10-20,2016-10-20
CZ0210008,Zámecký park Liblice,7230,0.22444779397570527,2,1.4543579238093851,1.4543579238093851,2,1.4543579238093851,100,NA,NA,4.4868933349932825e-9,0.6650520462860051,0.22444779397570527,0,0,NA,NA,0,0,0,0,100,2025-07-04,2025-07-04,2025-07-04,2025-07-04
CZ0210008,Zámecký park Liblice,91F0,31.330033341724775,2,2,1,3,2,100,2,0,1.2850191453842883e-9,92.83273591175583,31.330033341724775,0,0,0,0,0,0,0,0,100,2025-07-04,2025-07-04,2025-07-04,2025-07-04
CZ0523267,Zaorlicko,6520,52.140723519952616,2.072639163201335,2.0887823460440327,0.9762605407206599,2.9393749340289657,1.8362357925111048,88.09488921942368,NA,NA,3.429627832473976e-9,28.12785871525224,45.933312623108236,5.455203835265843,10.462462863942248,NA,NA,5.455203835265843,10.462462863942248,0,0,99.91115194368939,2011-08-22,2024-06-17,2023-04-03,2024-06-05
CZ0523267,Zaorlicko,91E0,33.85926660584576,1.7617364286237986,1.5290160812094153,1.1881160558436432,2.2793699912623646,1.6377337536840435,95.72642495953767,0.8441156135425119,0,3.801461239408911e-10,18.265735551729325,32.41226543929474,0.6727575543763549,1.986922995727864,0.774243612174668,2.286652044734471,1.447001166551023,4.273575040462335,0,0,64.64847839471757,2014-06-16,2024-09-11,2022-10-11,2024-06-06
CZ0514667,Západní jeskyně,8310,0.00613688842797128,1,3,2,1,1,100,NA,NA,3.40804080383366e-9,15.384410893752957,0.00613688842797128,0,0,NA,NA,0,0,0,0,100,2017-06-09,2017-06-09,2017-06-09,2017-06-09
CZ0524045,Zbytka,6410,11.411660291649497,1.8275066311574801,1.7985911804204555,1.7776794926521482,1.9347838488174411,1.7767578563478954,94.92512251904155,NA,NA,1.4665644758828442e-9,13.778234543263219,10.8325325133051,0,0,NA,NA,0,0,0,100,0,2011-05-25,2011-05-25,2011-05-25,2011-05-25
CZ0524045,Zbytka,91E0,19.68109354508853,1.473139348177798,1.1947840985205092,1.9090310680190896,1.2545008485534717,1.3212599444305584,93.47577122838435,0.17594787872369108,0,2.2096436739689429e-10,23.762600358035822,18.39705397745127,0.6150771164056845,3.125218194794764,0,0,0.6150771164056845,3.125218194794764,0,100,0,2011-07-20,2011-07-20,2011-07-20,2011-07-20
CZ0524045,Zbytka,91F0,10.88619332079906,1.4100934758129684,1.4758695272399769,2,1.4758695272399769,1.4100934758129684,100,0.5899065241870316,0,4.4650341367339376e-10,13.14379512042014,10.88619332079906,0,0,0,0,0,0,0,100,0,2011-05-25,2011-07-20,2011-07-08,2011-07-20
CZ0520604,Zdobnice - Říčka,8220,6.501386857991481,1.4862142270882144,2.364188512962611,2,2.364188512962611,1.5475299527523325,100,NA,NA,9.530543860069982e-10,1.4948656740781952,6.501386857991481,0,0,NA,NA,0,0,0,0,100,2012-09-14,2017-10-16,2016-05-13,2017-09-06
CZ0520604,Zdobnice - Říčka,9110,153.96667468137156,2.2928726878716708,2.161585707514691,1.4098141939912254,2.5571077264484714,1.972419449653129,78.2262086857594,1.1314665988385437,0,1.12255634291471e-9,35.401599990967384,120.44229224277399,16.058680891083938,10.429971891200998,13.2094061910357,8.579393052666811,29.26808708211964,19.00936494386781,0,0,91.42060694733318,2012-09-11,2017-10-16,2016-06-12,2017-09-04
CZ0520604,Zdobnice - Říčka,9130,52.362537948380485,2.0273900630934625,1.7854207795013814,1.3058811537571737,2.443446170711491,1.9119983495687383,93.68038890872054,1.5932606626139258,0,4.0013373526565943e-10,12.039732798000719,49.053429192519225,0.8329143805532251,1.5906684686947763,1.05703052828556,2.018677034576879,1.8899449088387852,3.6093455032716557,0,0,97.98132296542313,2012-09-14,2017-09-29,2016-01-15,2017-09-01
CZ0520604,Zdobnice - Říčka,9180,30.83472187548353,2.1680578752050224,2.1713953197455425,1.6434890211316242,2.402108803102555,1.904375041797434,93.04039662801212,1.5205199354990604,0,1.7475932729326634e-9,7.089836108545066,28.688747532094293,1.255388153814721,4.071345799336919,0.890586189574515,2.8882575726509594,2.145974343389236,6.959603371987878,0,0,97.11174242734904,2012-09-14,2017-10-12,2017-01-26,2017-09-09
CZ0310019,Zelendárky,3130,0,NA,NA,NA,NA,NA,NA,NA,NA,NA,NA,NA,0,NA,NA,NA,0,NA,NA,NA,NA,NA,NA,NA,NA
CZ0310019,Zelendárky,3150,10.148407830070308,1.701904213875169,1.1835421394374346,1.9999999999999998,1.1835421394374346,1.885573457652967,81.6330756222202,NA,NA,1.540359689856465e-9,26.39195529152939,8.28445743837261,0,0,NA,NA,0,0,0,100,0,2012-07-26,2012-09-22,2012-08-22,2012-08-30
CZ0610170,Zhejral,3130,0.9369400002970361,1,1,2,1,1,100,NA,NA,9.534684678419813e-10,0.6079662168944112,0.9369400002970361,0,0,NA,NA,0,0,0,100,0,2009-06-15,2009-06-15,2009-06-15,2009-06-15
CZ0610170,Zhejral,6230,14.51334034917017,1.8154053585014172,1.7778797261213097,1.6460459731488697,2.058794072252227,1.6633210086147276,83.97059106775764,NA,NA,1.3980473339493288e-9,9.41748737783494,12.186937674873553,1.0600497452871758,7.303968072021314,NA,NA,1.0600497452871758,7.303968072021314,0,100,0,2009-05-23,2009-06-21,2009-06-11,2009-06-15
CZ0610170,Zhejral,7140,31.303495544963692,2.0371072447448784,1.7553692344161933,1.353585087378888,2.1592558563043758,1.7175395927466808,74.69523168807021,NA,NA,5.819516524451619e-9,20.31236552608398,23.382218523775364,7.5919832684859285,24.252829073292983,NA,NA,7.5919832684859285,24.252829073292983,0,100,0,2009-05-28,2009-08-20,2009-06-18,2009-06-18
CZ0624108,Zimarky,6250,2.39378402450548,1.2260707139491513,1.2260707139491511,1,2.2260707139491513,1.2260707139491511,100,NA,NA,3.499575157225715e-8,78.48922546641262,2.39378402450548,0,0,NA,NA,0,0,0,0,100,2023-05-27,2023-05-27,2023-05-27,2023-05-27
CZ0214003,Zlatý kůň,5130,1.8612925580978112,2,2,1.7983789797692413,2.2016210202307587,2,100,NA,NA,4.3363699933996525e-9,1.7605753332814815,1.8612925580978112,0,0,NA,NA,0,0,0,0,100,2022-10-16,2022-10-16,2022-10-16,2022-10-16
CZ0214003,Zlatý kůň,6110,0.7956733380426699,2,2.355564741665343,1.8529638431211082,2.5026008985442347,2,100,NA,NA,1.4047168895322458e-8,0.7526183061405911,0.7956733380426699,0,0,NA,NA,0,0,0,0,100,2022-10-01,2022-10-23,2022-10-05,2022-10-01
CZ0214003,Zlatý kůň,6210,17.50744122879638,2.246698738172295,2.144284451739479,1.2321224356056955,2.7909820935854075,2.0547393943997774,88.80650555436826,NA,NA,1.2859732136579718e-9,16.560088333343227,15.547746767278817,1.3876611127704561,7.926121782365432,NA,NA,1.3876611127704561,7.926121782365432,0,0,100,2022-10-01,2022-10-23,2022-10-13,2022-10-16
CZ0214003,Zlatý kůň,8310,0.03971409953625094,3.250123655905011,3,0.4999175627299927,3.250123655905011,2.750041218635004,24.995878136499634,NA,NA,2.205470627267008e-8,0.037565112331650254,0.009926887923089453,0.02978721161316149,75.00412186350037,NA,NA,0.02978721161316149,75.00412186350037,0,0,100,2022-10-08,2022-10-16,2022-10-12,2022-10-12
CZ0214003,Zlatý kůň,9170,51.581423339311094,2.1840177710830657,2.236478330852225,1.3386914551577187,2.6613085448422815,1.9094054101570608,75.65919158331639,1.2111204391996575,0,3.1165837135124395e-10,48.79027812777006,39.02608790569085,11.18969675933384,21.69326869040851,1.00819213492846,1.954564394814013,12.1978888942623,23.647833085222523,0,0,98.04543560518597,2022-04-28,2022-10-23,2022-10-03,2022-10-07
CZ0314641,Zlatý potok v Pošumaví,6410,4.534197151908119,1.8299407258176879,1.2989370052706701,1.2217897805063351,2.0385736123821676,1.7913671134355202,96.14263876178325,NA,NA,5.827103418512677e-10,4.1268744163246005,4.359296788506088,0,0,NA,NA,0,0,0,0,100,2025-05-23,2025-08-17,2025-06-20,2025-06-11
CZ0314641,Zlatý potok v Pošumaví,6430,6.978920216167545,2.2636344912832675,1.975218224032022,1.1340236861685569,2.5897832704705506,2.1359052263946134,86.40947736053863,NA,NA,7.514278995107293e-10,6.351979485839529,6.030448484199349,0.8914123489276462,12.77292648886539,NA,NA,0.8914123489276462,12.77292648886539,0,0,100,2013-08-31,2025-06-28,2024-07-24,2025-06-23
CZ0314641,Zlatý potok v Pošumaví,6510,5.011279281962905,2.714495369746423,2.221425210037564,1.5977056752720524,2.481743439738506,2.2222529260226067,77.77470739773933,NA,NA,2.869679959583618e-11,4.561098595610715,3.897507798430181,0.7114818635428324,14.197609502700612,NA,NA,0.7114818635428324,14.197609502700612,0,0,100,2013-09-10,2025-07-14,2022-04-22,2025-05-23
CZ0314641,Zlatý potok v Pošumaví,7140,0.3001453736477531,2.893104263278911,1.1068957367210897,1.1068957367210894,2,2,100,NA,NA,5.5798910992923446e-11,0.27318226847807797,0.3001453736477531,0,0,NA,NA,0,0,0,0,100,2025-06-23,2025-06-28,2025-06-26,2025-06-28
CZ0314641,Zlatý potok v Pošumaví,91E0,45.17801508164299,2.3238934295948415,1.5218041563804654,1.8473456353480453,1.5981313387064424,2.120830003158619,84.7043388030472,0.8193482728423882,0,5.072244334336703e-10,41.119516504106684,38.267738959246635,3.4483105942623165,7.632718232597729,0,0,3.4483105942623165,7.632718232597729,0,0,100,2013-08-28,2025-08-17,2023-08-08,2025-05-31
CZ0620120,Zlobice,6210,2.6076169449802626,3.074512604362628,2.6436478047341834,1.5504422001358356,2.8684267046662653,2.2247788999320823,77.52211000679178,NA,NA,1.9153715833754588e-10,4.234933318815397,2.021479676643342,0.5861372683369205,22.477889993208226,NA,NA,0.5861372683369205,22.477889993208226,0,0,100,2022-05-21,2022-05-22,2022-05-21,2022-05-21
CZ0620120,Zlobice,9170,29.844551175355335,1.6664892746245736,1.3893660777614132,1.295728480685887,2.0566102650338616,1.356790393235433,92.166783006528,0.7594546890187218,0,1.8032275208527277e-10,48.46942124720708,27.50676272106195,1.0957425270334098,3.6714994324935217,0.0093215789709182,0.031233771672919845,1.105064106004328,3.702733204166442,0,0,99.96876622832707,2022-05-21,2022-05-21,2022-05-21,2022-05-21
CZ0620120,Zlobice,91I0,17.13798196536213,1,1,2,1,1,100,1,0,2.5017743199350576e-9,27.833156622978926,17.13798196536213,0,0,0,0,0,0,0,0,100,2022-05-21,2022-05-21,2022-05-21,2022-05-21
CZ0614057,Znětínské rybníky,3130,15.511149981069632,1.8914034363326113,1.8914034363326115,2,1.8914034363326113,1.8914034363326115,100,NA,NA,1.5784780671365284e-8,29.498369612948043,15.511149981069632,0,0,NA,NA,0,0,0,100,0,2012-08-09,2012-08-09,2012-08-09,2012-08-09
CZ0620076,Zřídla u Nesvačilky,1340,3.322661657474528,3.3286173909967363,2.385723670789917,1.228552658420166,2.771447341579834,2.385723670789917,61.427632921008296,NA,NA,2.5925883267286493e-8,71.02111329158357,2.041032406160543,1.2816292513139849,38.572367078991704,NA,NA,1.2816292513139849,38.572367078991704,0,0,100,2022-09-23,2022-09-23,2022-09-23,2022-09-23
CZ0530504,Zubří,6230,3.4990477760156615,1.154789577270265,1.912460610679715,1.912460610679715,2,1.154789577270265,100,NA,NA,3.3705778938063177e-10,12.000108911815742,3.4990477760156615,0,0,NA,NA,0,0,0,100,0,2009-06-08,2009-06-08,2009-06-08,2009-06-08
CZ0210153,Zvolská homole,6190,1.0622898711597175,1,1,2,1,1,100,NA,NA,3.305508802872756e-9,2.141160539457244,1.0622898711597175,0,0,NA,NA,0,0,0,99.99999999999999,0,2011-09-23,2011-09-23,2011-09-23,2011-09-23
CZ0210153,Zvolská homole,8220,2.680410114037581,1,1,2,1,1,100,NA,NA,3.9292795080190603e-10,5.4026575246112465,2.680410114037581,0,0,NA,NA,0,0,0,100,0,2011-09-23,2011-09-23,2011-09-23,2011-09-23
CZ0210153,Zvolská homole,9170,13.538974859574516,3.22624411383429,2.6058629601639494,0.568473535205115,3.4170082712884935,2.5380742614832776,37.961884632965926,0.37961884632965925,0,8.180338155354177e-11,27.289273390488777,5.139650016677939,8.062877986251877,59.55309076115136,0.336446856644699,2.485024605882696,8.399324842896576,62.03811536703407,0,97.5149753941173,0,2011-08-15,2011-09-23,2011-09-10,2011-09-06
CZ0210153,Zvolská homole,9180,8.379297320844474,2.010934157704982,2.010479284986366,1.1227306942968769,2.8772693057031233,2.0004548727186164,99.95451272813835,1.2174801951193157,0,4.749062984561413e-10,16.889383264273317,8.375485807092046,0.0038114658884704114,0.045486700644801654,4.78639567726091e-8,5.712168328666648e-7,0.003811513752427184,0.04548727186163452,0,99.99999942878316,0,2011-08-15,2011-09-23,2011-09-06,2011-09-06
CZ0210153,Zvolská homole,40A0,0.4056980288626999,1,1,2,1,1,99.99999999999999,NA,NA,8.139161159229495e-9,0.8177284128559609,0.4056980288626999,0,0,NA,NA,0,0,0,100,0,2011-09-23,2011-09-23,2011-09-23,2011-09-23
CZ0610401,Žákova hora,9110,17.014161332438018,1.2084255914281363,2.039955215140889,1.872132427434576,2.1020983231157198,1.208422905701537,93.66327113202699,1.392218682720926,0,1.2404862781266084e-10,43.59550728747852,15.936020059641915,0,0,4.56953856568816e-5,2.6857265993923517e-4,4.56953856568816e-5,2.6857265993923517e-4,0,99.99973142734007,0,2012-08-14,2012-08-16,2012-08-14,2012-08-15
CZ0610401,Žákova hora,9130,18.162470880858113,1.0264882615838227,1.2948973319310888,1.973586243544102,1.3027694894047763,1.026413756455898,99.99254948720753,0.082056469824345,1.828218135980281,1.3879039481195165e-10,46.53782905746117,18.161117683641702,0,0,0.00135319721640903,0.007450512792481328,0.00135319721640903,0.007450512792481328,0,99.99254948720751,0,2012-08-14,2012-08-16,2012-08-14,2012-08-15
CZ0520511,Žaltman,6510,27.153985314310493,2.362443957566258,2.181221978783129,1.6375560424337416,2.362443957566258,2.181221978783129,81.87780212168708,NA,NA,1.5549571894700383e-10,29.83871179482307,22.233086363803114,4.920898950507375,18.12219787831291,NA,NA,4.920898950507375,18.12219787831291,0,0,100,2013-06-07,2013-09-05,2013-06-17,2013-06-07
CZ0520511,Žaltman,9110,23.290851551141774,2.405847057455555,2.1749016327193758,1.704085060869412,2.340325107179814,2.1822966665090227,81.77033334909774,0.6174067691832952,0,1.6981137765510522e-10,25.59362829603763,19.045006953212127,1.3836530449091038,5.940757648430737,1.65560428741441,7.108388818584214,3.0392573323235137,13.049146467014952,0,0,92.89161118141577,2013-08-06,2013-10-22,2013-08-26,2013-08-21
CZ0520511,Žaltman,9130,19.342424690383712,2.4657585036081358,1.3042207082747637,1.6462475746970078,1.5978458024057454,2.143889263116751,85.6110736883249,0.7151155062294092,0,1.478071335672783e-10,21.254818733560356,16.559257454793148,1.163008375028381,6.012733117201085,0,0,1.163008375028381,6.012733117201085,0,0,100,2013-08-06,2013-08-23,2013-08-13,2013-08-14
CZ0520511,Žaltman,91E0,1.3441963237029106,2.2672591514540104,1.3114483352910438,1.4921347364898798,1.6789938515495555,2.107660927051407,84.61817038364886,0.4598859373416063,0,1.509161519118772e-11,1.4770976059081042,1.1374343354816732,0.03871077406394761,2.879845256332015,0.149906514334586,11.152129468828823,0.1886172883985336,14.03197472516084,0,0,88.84787053117117,2013-08-06,2013-08-21,2013-08-12,2013-08-14
CZ0214050,Žehuňsko,3150,6.366542076823304,1.9245992556026743,2,2,2,1.9245992556026743,100,NA,NA,9.66335305313182e-10,1.777824458919812,6.366542076823304,0,0,NA,NA,0,0,0,0,100,2013-07-05,2013-07-12,2013-07-06,2013-07-05
CZ0214050,Žehuňsko,6210,37.559281965428006,2.014010311591429,2.0794380352629265,1.8339675386251058,2.2131211955817083,1.9345722763285025,92.05619647370737,NA,NA,2.7588400783732318e-9,10.488238251135794,34.57564640020815,1.215016519751054,3.234930105611268,NA,NA,1.215016519751054,3.234930105611268,0,0,100,2013-06-18,2013-07-05,2013-06-25,2013-06-19
CZ0214050,Žehuňsko,6410,9.213772269291633,3.3158208144327546,2.321329361997562,0.8147639649211309,3.0138397916073676,2.607403370637665,28.199643641691804,NA,NA,1.1841038686461278e-9,2.5728989931433994,2.5982509458972607,4.539861520040789,49.27256054690638,NA,NA,4.539861520040789,49.27256054690638,0,0,100,2013-07-04,2013-07-09,2013-07-05,2013-07-06
CZ0214050,Žehuňsko,6440,3.0145954206109513,2.157845258367997,2,1,3,2.0789226291839986,92.10773708160016,NA,NA,2.4513740746228793e-9,0.8418104220217427,2.7766756240902932,0,0,NA,NA,0,0,0,0,100,2013-07-04,2013-07-04,2013-07-04,2013-07-04
CZ0214050,Žehuňsko,6510,26.194347479181232,2.9975010829837885,2.506092977340826,0.9627825466101863,3.0372174533898137,2.4506765315490417,45.31754485652534,NA,NA,1.5000040865000923e-10,7.314638161815039,11.870635168752068,11.393924438003882,43.49764561632832,NA,NA,11.393924438003882,43.49764561632832,0,0,100,2013-06-18,2013-07-05,2013-07-01,2013-07-04
CZ0214050,Žehuňsko,7230,5.262157298434212,2.119783177599239,2,1,3,2.119783177599239,88.02168224007612,NA,NA,1.0519478980749706e-7,1.4694306326657744,4.631839376200736,0,0,NA,NA,0,0,0,0,100,2013-07-06,2013-07-09,2013-07-06,2013-07-06
CZ0214050,Žehuňsko,6210p,2.62423886405129,1,2,2,2,1,100,NA,NA,2.814013975651766e-9,0.7328053411509418,2.62423886405129,0,0,NA,NA,0,0,0,0,100,2013-06-18,2013-06-18,2013-06-18,2013-06-18
CZ0214050,Žehuňsko,91H0,39.5118466177142,1.845970256237182,2.0309823837463066,1.8284855877476651,2.0309823837463066,1.8459702562371818,100,0.8025017056473259,0,4.158784546546657e-8,11.033481988563306,39.5118466177142,0,0,0,0,0,0,0,0,100,2013-06-18,2013-07-05,2013-06-25,2013-06-19
CZ0214050,Žehuňsko,91I0,45.37008989639263,2.293523152117582,2.2595341796557578,1.8850497385907485,2.3170093103603833,2.23596709196393,73.585375517876,0.9029491122152534,0,6.623050836752454e-9,12.669366596167094,33.38575102305843,1.4173103781769751,3.1238870837892376,1.19034146869881,2.623625986673335,2.607651846875785,5.747513070462572,0,0,97.37637401332665,2013-06-18,2013-07-09,2013-07-01,2013-07-06
CZ0420012,Želinský meandr,3260,48.76721385352374,1,2,2,2,1,100.00000000000001,NA,NA,1.0614712285837932e-8,26.247407841087483,48.76721385352374,0,0,NA,NA,0,0,0,100,0,2009-01-27,2009-01-27,2009-01-27,2009-01-27
CZ0420012,Želinský meandr,3270,1.4011921747303195,1.621446147325745,3,2,3,2,100,NA,NA,2.4885748280584466e-8,0.7541472962624374,1.4011921747303195,0,0,NA,NA,0,0,0,100,0,2009-01-23,2009-01-27,2009-01-25,2009-01-25
CZ0420012,Želinský meandr,4030,4.747427131770116,1.9901672459012425,2.01010469828169,0.9898953017183101,3.01010469828169,2.01010469828169,98.98953017183102,NA,NA,3.3983163990242536e-9,2.5551522483462668,4.699455812989271,0.04797131878084503,1.0104698281689801,NA,NA,0.04797131878084503,1.0104698281689801,0,100,0,2009-01-23,2014-09-02,2009-09-07,2009-01-23
CZ0420012,Želinský meandr,5130,0,NA,NA,NA,NA,NA,NA,NA,NA,NA,NA,NA,0,NA,NA,NA,0,NA,NA,NA,NA,NA,NA,NA,NA
CZ0420012,Želinský meandr,6190,3.22651826776328,2,1.1814065254323096,1,2.0999916029927403,2,100,NA,NA,1.0039900432334752e-8,1.7365712368778823,3.22651826776328,0,0,NA,NA,0,0,0,100,0,2009-01-23,2014-09-02,2010-01-30,2009-01-23
CZ0420012,Želinský meandr,6210,1.335671679928449,2.000034938297664,2.1458302206916935,1.042103964215759,2.812083284241379,2.000017469148832,99.99825308511681,NA,NA,9.810902576696043e-11,0.7188829657189715,1.3356483468810818,2.3333047367050313e-5,0.0017469148831769983,NA,NA,2.3333047367050313e-5,0.0017469148831769983,0,100,0,2009-01-23,2009-01-25,2009-01-23,2009-01-23
CZ0420012,Želinský meandr,8220,4.4253913363963635,1.5901754742761711,2.4011518133625604,1.7885272674566486,2.533302045834672,2.183321760786656,80.72920414437182,NA,NA,6.487290658247201e-10,2.3818266840441527,3.572583206146765,0,0,NA,NA,0,0,0,100,0,2009-01-23,2014-09-02,2009-05-11,2009-01-23
CZ0420012,Želinský meandr,8230,0.0875622448399337,4,3,0,4,3,0,NA,NA,1.0306612993807673e-9,0.0471276041870666,0,0.0875622448399337,100,NA,NA,0.0875622448399337,100,0,100,0,2014-09-02,2014-09-02,2014-09-02,2014-09-02
CZ0420012,Želinský meandr,40A0,0.047383226256878117,1,1.5816502100031078,1,2.581650210003108,2,100,NA,NA,9.50607810025826e-10,0.02550252036391332,0.047383226256878117,0,0,NA,NA,0,0,0,100,0,2009-01-25,2009-01-27,2009-01-26,2009-01-26
CZ0420012,Želinský meandr,91E0,9.515399144298085,1.4380691371965577,2.3976627654944025,0.9033567104756266,3.0000002333264026,2.0179258610382793,98.20741389617207,1.8021587713256566,0,1.0683167312994539e-10,5.121362127869036,9.344827421513637,0,0,2.22019385229396e-6,2.333264026684963e-5,2.22019385229396e-6,2.333264026684963e-5,0,99.99997666735973,0,2009-01-23,2009-01-27,2009-01-23,2009-01-23
CZ0210066,Žerka,6210,5.200766926073529,2.433876228818864,2.304731936400933,1.658221985610827,2.5064524067933283,1.91369620190897,73.87761961397729,NA,NA,3.820116754930648e-10,27.367127447899026,3.842202806654141,0.7284066425655293,14.005754399677766,NA,NA,0.7284066425655293,14.005754399677766,0,0,100,2013-09-06,2013-09-07,2013-09-06,2013-09-06
CZ0810425,Žermanický lom,3140,0,NA,NA,NA,NA,NA,NA,NA,NA,NA,NA,NA,0,NA,NA,NA,0,NA,NA,NA,NA,NA,NA,NA,NA
CZ0530021,Žernov,3150,6.64262622103719,3,1,2,1,3,0,NA,NA,1.0082402911864825e-9,2.132174439643336,0,0,0,NA,NA,0,0,0,100,0,2012-08-06,2012-08-06,2012-08-06,2012-08-06
CZ0530021,Žernov,7140,1.4000293427129975,2,2,1.4243052215459002,2.5756947784540998,2,100,NA,NA,2.602742522135439e-10,0.4493865347758817,1.4000293427129975,0,0,NA,NA,0,0,0,100,0,2012-08-08,2012-08-08,2012-08-08,2012-08-08
CZ0530021,Žernov,9170,175.08216865279906,2.1828082840052687,2.3065446683020525,1.8742797911507845,2.3951293988783906,1.8596328717996933,85.22464841546699,0.5042439568628663,0,1.0578580427304652e-9,56.19851432503653,149.21316267252294,5.118156942530023,2.92328852327601,0.955270845767227,0.5456128702984027,6.07342778829725,3.4689013935744124,0,99.45438712970159,0,2012-06-24,2012-08-11,2012-08-07,2012-08-09
CZ0530021,Žernov,9190,33.19545918865219,2.5189757910353325,1.702742164779666,1.6814984359371978,2.0212437288424683,2.0458510259144864,88.90814891806791,0.6303322634947448,0,3.545829744582543e-9,10.65519980186635,29.513468289483345,0,0,0,0,0,0,0,100,0,2012-08-06,2012-08-11,2012-08-07,2012-08-07
CZ0210175,Žlunice - Skochovice,9170,546.1762118273091,2.288527123393386,2.3360293416656077,1.6782763475684364,2.5617165168545792,2.054274670929231,75.33940137396696,0.496680216213304,0,3.3000327953176754e-9,49.936314706557354,411.48588843770443,26.493676702447775,4.850756244730884,10.7835892496567,1.974379150197459,37.27726595210447,6.825135394928342,0,0,98.02562084980252,2014-06-21,2014-06-24,2014-06-22,2014-06-23
CZ0210175,Žlunice - Skochovice,9190,190.6027472121846,2.240892647227139,2.2028788118420293,1.1775536985145318,2.79746014455674,1.8851697331769528,66.53640821620864,0.22661987727063168,0,2.0359558414999967e-8,17.426608048121043,126.82022195640737,32.250657917499815,16.920353137196617,10.4766006316133,5.496563289274335,42.72725854911312,22.416916426470955,0,0,94.50343671072565,2014-06-20,2014-06-24,2014-06-22,2014-06-22
CZ0210175,Žlunice - Skochovice,91I0,42.10643852549128,1.3768985434493528,1.252562686317642,1.1116587948196852,2.13333285651867,1.2646461225946364,97.79056767849461,0.14247951103616976,0,6.146628396499914e-9,3.849747242463316,41.17612526327427,0.2834643541805446,0.6732090485613857,0.0353249647491402,0.08389444936729672,0.3187893189296848,0.7571034979286825,0,0,99.91610555063271,2014-06-21,2014-06-24,2014-06-22,2014-06-23
CZ0310605,Žofinka,91D0,315.2118801259905,1.5712833581970886,1.7119820982700458,1.8394447561765945,1.8082673167977839,1.487142868061582,93.06065149748906,0.9695471359920821,0,2.2049780305794986e-8,93.23626069639222,293.33822924273096,14.717761491293466,4.6691645903101,3.44311183405364,1.0923166451332433,18.160873325347104,5.761481235443342,0,0,98.90768335486675,2014-08-16,2014-08-20,2014-08-19,2014-08-20
CZ0310163,Žofínský prales - Pivonické skály,9110,114.0447709229944,2.1759080416818626,1.7111792561375263,1.7046971343294246,1.9010310706463094,2.028558238399684,78.55877150811604,0.873629285377144,0.18084380280875523,8.314895495456967e-10,25.198771065257752,89.59217100634952,10.675725032835887,9.360994762350284,1.35041594049969,1.1841103538289548,12.026140973335577,10.54510511617924,0,0,98.81588964617103,2016-09-11,2016-09-20,2016-09-15,2016-09-14
CZ0310163,Žofínský prales - Pivonické skály,9130,121.47144392511493,1.5766059497134814,1.3430533702946097,1.3310921292977387,2.0090890136708524,1.5737337223874626,81.72142328668929,1.4014998297538757,0.05062917084908122,9.282365693157282e-10,26.839732165379814,99.26819286249659,0.3363794024832314,0.2769205597741997,0.0125141980894419,0.010302172827678488,0.34889360057267327,0.2872227326018782,0,0,99.98969782717234,2016-09-11,2016-09-20,2016-09-13,2016-09-11
CZ0310163,Žofínský prales - Pivonické skály,9410,53.57513200736237,1.8285006047692134,1.691866070218088,1.7566272348938332,1.8516942153092528,1.713282631580703,91.64553799849978,0.6995961742079385,0.5024557136797998,6.957220187021775e-10,11.837697382513541,49.09921796155369,1.7028211806735927,3.1783798133051517,2.77309286513508,5.176082188195071,4.475914045808673,8.354462001500224,0,0,94.82391781180493,2016-09-13,2016-09-20,2016-09-16,2016-09-14
